QuestId,QuestName,Status,EffectiveObjectiveRows,Drivers,RequiredFollowThrough
1,Kanrethad's Quest,PrimitiveCandidate,1,Primitive,
5,Jitters' Growling Gut,PrimitiveCandidate,1,Primitive,
6,Bounty on Garrick Padfoot,PrimitiveCandidate,1,Primitive,
7,Kobold Camp Cleanup,PrimitiveCandidate,1,Primitive,
8,A Rogue's Deal,PrimitiveCandidate,1,Primitive,
9,The Killing Fields,PrimitiveCandidate,1,Primitive,
10,The Scrimshank Redemption,PrimitiveCandidate,1,Primitive,
11,Riverpaw Gnoll Bounty,PrimitiveCandidate,1,Primitive,
15,Investigate Echo Ridge,PrimitiveCandidate,1,Primitive,
17,Uldaman Reagent Run,PrimitiveCandidate,1,Primitive,
18,Brotherhood of Thieves,PrimitiveCandidate,1,Primitive,
20,Blackrock Menace,PrimitiveCandidate,1,Primitive,
21,Skirmish at Echo Ridge,PrimitiveCandidate,1,Primitive,
22,Goretusk Liver Pie,PrimitiveCandidate,1,Primitive,
32,Rise of the Silithid,PrimitiveCandidate,1,Primitive,
33,Wolves Across the Border,PrimitiveCandidate,1,Primitive,
34,An Unwelcome Guest,PrimitiveCandidate,1,Primitive,
35,Further Concerns,PrimitiveCandidate,1,Primitive,
36,Westfall Stew,PrimitiveCandidate,1,Primitive,
37,Find the Lost Guards,PrimitiveCandidate,1,Primitive,
38,Westfall Stew,PrimitiveCandidate,4,Primitive,
39,Deliver Thomas' Report,PrimitiveCandidate,1,Primitive,
45,Discover Rolf's Fate,PrimitiveCandidate,1,Primitive,
46,Bounty on Murlocs,PrimitiveCandidate,1,Primitive,
47,Gold Dust Exchange,PrimitiveCandidate,1,Primitive,
48,Sweet Amber,PrimitiveCandidate,1,Primitive,
49,Sweet Amber,PrimitiveCandidate,3,Primitive,
50,Sweet Amber,HandlerOrSourceRequired,1,Unsupported,special-gameobject-mechanism
51,Sweet Amber,PrimitiveCandidate,1,Primitive,
52,Protect the Frontier,PrimitiveCandidate,2,Primitive,
53,Sweet Amber,PrimitiveCandidate,1,Primitive,
54,Report to Goldshire,PrimitiveCandidate,1,Primitive,
55,Morbent Fel,HandlerOrSourceRequired,1,Unsupported,provided-use-item-requires-contract
56,The Night Watch,PrimitiveCandidate,2,Primitive,
57,The Night Watch,PrimitiveCandidate,2,Primitive,
58,The Night Watch,PrimitiveCandidate,1,Primitive,
59,Cloth and Leather Armor,PrimitiveCandidate,1,Primitive,
60,Kobold Candles,PrimitiveCandidate,1,Primitive,
61,Shipment to Stormwind,PrimitiveCandidate,1,Primitive,
64,The Forgotten Heirloom,PrimitiveCandidate,1,Primitive,
65,The Defias Brotherhood,PrimitiveCandidate,1,Primitive,
66,The Legend of Stalvan,PrimitiveCandidate,1,Primitive,
67,The Legend of Stalvan,PrimitiveCandidate,1,Primitive,
68,The Legend of Stalvan,PrimitiveCandidate,1,Primitive,
69,The Legend of Stalvan,PrimitiveCandidate,1,Primitive,
70,The Legend of Stalvan,HandlerOrSourceRequired,1,Unsupported,special-gameobject-mechanism
71,Report to Thomas,PrimitiveCandidate,1,Primitive,
72,The Legend of Stalvan,PrimitiveCandidate,1,Primitive,
74,The Legend of Stalvan,PrimitiveCandidate,1,Primitive,
75,The Legend of Stalvan,HandlerOrSourceRequired,1,Unsupported,special-gameobject-mechanism
77,A Sticky Situation,PrimitiveCandidate,1,Primitive,
78,The Legend of Stalvan,HandlerOrSourceRequired,1,Unsupported,special-gameobject-mechanism
79,The Legend of Stalvan,PrimitiveCandidate,1,Primitive,
80,The Legend of Stalvan,PrimitiveCandidate,1,Primitive,
81,Ripple Delivery,PrimitiveCandidate,1,Primitive,
82,Noxious Lair Investigation,PrimitiveCandidate,1,Primitive,
83,Red Linen Goods,PrimitiveCandidate,1,Primitive,
84,Back to Billy,PrimitiveCandidate,1,Primitive,
85,Lost Necklace,PrimitiveCandidate,1,Primitive,
86,Pie for Billy,PrimitiveCandidate,1,Primitive,
87,Goldtooth,PrimitiveCandidate,1,Primitive,
88,Princess Must Die!,PrimitiveCandidate,1,Primitive,
89,The Everstill Bridge,PrimitiveCandidate,2,Primitive,
90,Seasoned Wolf Kabobs,PrimitiveCandidate,1,Primitive,
91,Solomon's Law,PrimitiveCandidate,1,Primitive,
92,Redridge Goulash,PrimitiveCandidate,3,Primitive,
93,Dusky Crab Cakes,PrimitiveCandidate,1,Primitive,
94,A Watchful Eye,PrimitiveCandidate,1,Primitive,
95,Sven's Revenge,PrimitiveCandidate,1,Primitive,
97,The Legend of Stalvan,PrimitiveCandidate,1,Primitive,
98,The Legend of Stalvan,PrimitiveCandidate,1,Primitive,
99,Arugal's Folly,PrimitiveCandidate,1,Primitive,
101,The Totem of Infliction,PrimitiveCandidate,3,Primitive,
102,Patrolling Westfall,PrimitiveCandidate,1,Primitive,
103,Keeper of the Flame,PrimitiveCandidate,1,Primitive,
104,The Coastal Menace,PrimitiveCandidate,1,Primitive,
106,Young Lovers,PrimitiveCandidate,1,Primitive,
107,Note to William,PrimitiveCandidate,1,Primitive,
109,Report to Gryan Stoutmantle,PrimitiveCandidate,1,Primitive,
110,Insect Part Analysis,PrimitiveCandidate,1,Primitive,
111,Speak with Gramma,PrimitiveCandidate,1,Primitive,
112,Collecting Kelp,PrimitiveCandidate,1,Primitive,
113,Insect Part Analysis,PrimitiveCandidate,1,Primitive,
114,The Escape,PrimitiveCandidate,1,Primitive,
115,Shadow Magic,PrimitiveCandidate,1,Primitive,
116,Dry Times,PrimitiveCandidate,1,Primitive,
118,The Price of Shoes,PrimitiveCandidate,1,Primitive,
119,Return to Verner,PrimitiveCandidate,1,Primitive,
120,Messenger to Stormwind,PrimitiveCandidate,1,Primitive,
121,Messenger to Stormwind,PrimitiveCandidate,1,Primitive,
122,Underbelly Scales,PrimitiveCandidate,1,Primitive,
124,A Baying of Gnolls,PrimitiveCandidate,2,Primitive,
125,The Lost Tools,PrimitiveCandidate,1,Primitive,
126,Howling in the Hills,PrimitiveCandidate,1,Primitive,
128,Blackrock Bounty,PrimitiveCandidate,1,Primitive,
129,A Free Lunch,PrimitiveCandidate,1,Primitive,
130,Visit the Herbalist,PrimitiveCandidate,1,Primitive,
131,Delivering Daffodils,PrimitiveCandidate,1,Primitive,
132,The Defias Brotherhood,PrimitiveCandidate,1,Primitive,
133,Ghoulish Effigy,PrimitiveCandidate,1,Primitive,
134,Ogre Thieves,PrimitiveCandidate,1,Primitive,
135,The Defias Brotherhood,PrimitiveCandidate,1,Primitive,
136,Captain Sanders' Hidden Treasure,PrimitiveCandidate,1,Primitive,
138,Captain Sanders' Hidden Treasure,PrimitiveCandidate,1,Primitive,
139,Captain Sanders' Hidden Treasure,PrimitiveCandidate,1,Primitive,
140,Captain Sanders' Hidden Treasure,PrimitiveCandidate,1,Primitive,
141,The Defias Brotherhood,PrimitiveCandidate,1,Primitive,
142,The Defias Brotherhood,PrimitiveCandidate,1,Primitive,
143,Messenger to Westfall,PrimitiveCandidate,1,Primitive,
144,Messenger to Westfall,PrimitiveCandidate,1,Primitive,
145,Messenger to Darkshire,PrimitiveCandidate,1,Primitive,
146,Messenger to Darkshire,PrimitiveCandidate,1,Primitive,
147,Manhunt,PrimitiveCandidate,1,Primitive,
148,Supplies from Darkshire,PrimitiveCandidate,1,Primitive,
149,Ghost Hair Thread,PrimitiveCandidate,1,Primitive,
150,Murloc Poachers,PrimitiveCandidate,1,Primitive,
151,Poor Old Blanchy,PrimitiveCandidate,1,Primitive,
152,The Coast Isn't Clear,PrimitiveCandidate,4,Primitive,
153,Red Leather Bandanas,PrimitiveCandidate,1,Primitive,
154,Return the Comb,PrimitiveCandidate,1,Primitive,
156,Gather Rot Blossoms,PrimitiveCandidate,1,Primitive,
157,Deliver the Thread,PrimitiveCandidate,1,Primitive,
158,Zombie Juice,PrimitiveCandidate,1,Primitive,
159,Juice Delivery,PrimitiveCandidate,1,Primitive,
160,Note to the Mayor,PrimitiveCandidate,1,Primitive,
161,A Dark Threat Looms,PrimitiveCandidate,1,Primitive,
162,Rise of the Silithid,PrimitiveCandidate,1,Primitive,
163,Raven Hill,PrimitiveCandidate,1,Primitive,
164,Deliveries to Sven,PrimitiveCandidate,1,Primitive,
165,The Hermit,PrimitiveCandidate,1,Primitive,
167,Oh Brother. . .,PrimitiveCandidate,1,Primitive,
168,Collecting Memories,PrimitiveCandidate,1,Primitive,
170,A New Threat,PrimitiveCandidate,2,Primitive,
173,Worgen in the Woods,PrimitiveCandidate,1,Primitive,
174,Look To The Stars,PrimitiveCandidate,1,Primitive,
175,Look To The Stars,PrimitiveCandidate,1,Primitive,
177,Look To The Stars,PrimitiveCandidate,1,Primitive,
179,Dwarven Outfitters,PrimitiveCandidate,1,Primitive,
180,Wanted: Lieutenant Fangore,PrimitiveCandidate,1,Primitive,
181,Look To The Stars,PrimitiveCandidate,1,Primitive,
182,The Troll Cave,PrimitiveCandidate,1,Primitive,
183,The Boar Hunter,PrimitiveCandidate,1,Primitive,
185,Tiger Mastery,PrimitiveCandidate,1,Primitive,
186,Tiger Mastery,PrimitiveCandidate,1,Primitive,
187,Tiger Mastery,PrimitiveCandidate,1,Primitive,
188,Tiger Mastery,PrimitiveCandidate,1,Primitive,
189,Bloodscalp Ears,PrimitiveCandidate,1,Primitive,
190,Panther Mastery,PrimitiveCandidate,1,Primitive,
191,Panther Mastery,PrimitiveCandidate,1,Primitive,
192,Panther Mastery,PrimitiveCandidate,1,Primitive,
193,Panther Mastery,PrimitiveCandidate,1,Primitive,
194,Raptor Mastery,PrimitiveCandidate,1,Primitive,
195,Raptor Mastery,PrimitiveCandidate,1,Primitive,
196,Raptor Mastery,PrimitiveCandidate,1,Primitive,
197,Raptor Mastery,PrimitiveCandidate,1,Primitive,
198,Supplies to Private Thorsen,PrimitiveCandidate,1,Primitive,
199,A Dark Threat Looms,PrimitiveCandidate,1,Primitive,
200,Bookie Herod,PrimitiveCandidate,1,Primitive,
203,The Second Rebellion,PrimitiveCandidate,1,Primitive,
204,Bad Medicine,HandlerOrSourceRequired,2,Primitive; Unsupported,special-gameobject-mechanism
205,Troll Witchery,PrimitiveCandidate,1,Primitive,
206,Mai'Zoth,PrimitiveCandidate,1,Primitive,
207,Kurzen's Mystery,HandlerOrSourceRequired,4,Primitive; Unsupported,special-gameobject-mechanism
209,Skullsplitter Tusks,PrimitiveCandidate,1,Primitive,
210,Krazek's Cookery,PrimitiveCandidate,1,Primitive,
212,A Meal Served Cold,PrimitiveCandidate,1,Primitive,
213,Hostile Takeover,PrimitiveCandidate,1,Primitive,
215,Jungle Secrets,PrimitiveCandidate,1,Primitive,
216,Between a Rock and a Thistlefur,PrimitiveCandidate,2,Primitive,
217,In Defense of the King's Lands,PrimitiveCandidate,3,Primitive,
218,The Stolen Journal,PrimitiveCandidate,1,Primitive,
221,Worgen in the Woods,PrimitiveCandidate,1,Primitive,
222,Worgen in the Woods,PrimitiveCandidate,2,Primitive,
223,Worgen in the Woods,PrimitiveCandidate,1,Primitive,
224,In Defense of the King's Lands,PrimitiveCandidate,2,Primitive,
225,The Weathered Grave,PrimitiveCandidate,1,Primitive,
226,Wolves at Our Heels,PrimitiveCandidate,2,Primitive,
227,Morgan Ladimore,PrimitiveCandidate,1,Primitive,
229,The Daughter Who Lived,PrimitiveCandidate,1,Primitive,
230,Sven's Camp,PrimitiveCandidate,1,Primitive,
231,A Daughter's Love,PrimitiveCandidate,1,Primitive,
232,Errand for Apothecary Zinge,PrimitiveCandidate,1,Primitive,
233,Coldridge Valley Mail Delivery,PrimitiveCandidate,1,Primitive,
234,Coldridge Valley Mail Delivery,PrimitiveCandidate,1,Primitive,
235,The Ashenvale Hunt,PrimitiveCandidate,1,Primitive,
237,In Defense of the King's Lands,PrimitiveCandidate,2,Primitive,
238,Errand for Apothecary Zinge,PrimitiveCandidate,1,Primitive,
239,Westbrook Garrison Needs Help!,PrimitiveCandidate,1,Primitive,
240,Return to Jitters,PrimitiveCandidate,1,Primitive,
242,<UNUSED>,PrimitiveCandidate,3,Primitive,
243,Into the Field,PrimitiveCandidate,1,Primitive,
244,Encroaching Gnolls,PrimitiveCandidate,1,Primitive,
245,Eight-Legged Menaces,PrimitiveCandidate,1,Primitive,
246,Assessing the Threat,PrimitiveCandidate,2,Primitive,
247,The Hunt Completed,PrimitiveCandidate,1,Primitive,
248,Looking Further,PrimitiveCandidate,1,Primitive,
249,Morganth,PrimitiveCandidate,1,Primitive,
250,A Dark Threat Looms,PrimitiveCandidate,1,Primitive,
251,Translate Abercrombie's Note,PrimitiveCandidate,1,Primitive,
252,Translation to Ello,PrimitiveCandidate,1,Primitive,
253,Bride of the Embalmer,PrimitiveCandidate,1,Primitive,
255,Mercenaries,PrimitiveCandidate,3,Primitive,
257,A Hunter's Boast,PrimitiveCandidate,1,Primitive,
258,A Hunter's Challenge,PrimitiveCandidate,1,Primitive,
261,Down the Scarlet Path,PrimitiveCandidate,1,Primitive,
262,The Shadowy Figure,PrimitiveCandidate,1,Primitive,
263,In Defense of the King's Lands,PrimitiveCandidate,2,Primitive,
264,Until Death Do Us Part,PrimitiveCandidate,1,Primitive,
265,The Shadowy Search Continues,PrimitiveCandidate,1,Primitive,
266,Inquire at the Inn,PrimitiveCandidate,1,Primitive,
267,The Trogg Threat,PrimitiveCandidate,1,Primitive,
268,Return to Sven,PrimitiveCandidate,1,Primitive,
269,Seeking Wisdom,PrimitiveCandidate,1,Primitive,
270,The Doomed Fleet,PrimitiveCandidate,1,Primitive,
271,Vyrin's Revenge,PrimitiveCandidate,1,Primitive,
274,A Dark Threat Looms,PrimitiveCandidate,1,Primitive,
275,Blisters on The Land,PrimitiveCandidate,1,Primitive,
276,Tramping Paws,PrimitiveCandidate,2,Primitive,
277,Fire Taboo,PrimitiveCandidate,1,Primitive,
278,A Dark Threat Looms,PrimitiveCandidate,3,Primitive,
279,Claws from the Deep,PrimitiveCandidate,2,Primitive,
280,A Dark Threat Looms,PrimitiveCandidate,1,Primitive,
281,Reclaiming Goods,PrimitiveCandidate,1,Primitive,
282,Senir's Observations,PrimitiveCandidate,1,Primitive,
283,A Dark Threat Looms,PrimitiveCandidate,1,Primitive,
284,The Search Continues,PrimitiveCandidate,1,Primitive,
285,Search More Hovels,PrimitiveCandidate,1,Primitive,
286,Return the Statuette,PrimitiveCandidate,1,Primitive,
288,The Third Fleet,PrimitiveCandidate,1,Primitive,
289,The Cursed Crew,PrimitiveCandidate,3,Primitive,
290,Lifting the Curse,PrimitiveCandidate,1,Primitive,
291,The Reports,PrimitiveCandidate,1,Primitive,
292,The Eye of Paleth,PrimitiveCandidate,1,Primitive,
293,Cleansing the Eye,PrimitiveCandidate,1,Primitive,
294,Ormer's Revenge,PrimitiveCandidate,2,Primitive,
295,Ormer's Revenge,PrimitiveCandidate,2,Primitive,
296,Ormer's Revenge,PrimitiveCandidate,1,Primitive,
297,Gathering Idols,PrimitiveCandidate,1,Primitive,
298,Excavation Progress Report,PrimitiveCandidate,1,Primitive,
299,Uncovering the Past,PrimitiveCandidate,4,Primitive,
301,Report to Ironforge,PrimitiveCandidate,1,Primitive,
302,Powder to Ironband,PrimitiveCandidate,1,Primitive,
303,The Dark Iron War,PrimitiveCandidate,4,Primitive,
304,A Grim Task,PrimitiveCandidate,1,Primitive,
305,In Search of The Excavation Team,PrimitiveCandidate,1,Primitive,
306,In Search of The Excavation Team,PrimitiveCandidate,1,Primitive,
310,Bitter Rivals,PrimitiveCandidate,1,Primitive,
311,Return to Marleth,PrimitiveCandidate,1,Primitive,
312,Tundra MacGrann's Stolen Stash,PrimitiveCandidate,1,Primitive,
313,The Grizzled Den,PrimitiveCandidate,1,Primitive,
314,Protecting the Herd,PrimitiveCandidate,1,Primitive,
315,The Perfect Stout,PrimitiveCandidate,2,Primitive,
317,Stocking Jetsteam,PrimitiveCandidate,2,Primitive,
318,Evershine,PrimitiveCandidate,1,Primitive,
319,A Favor for Evershine,PrimitiveCandidate,3,Primitive,
320,Return to Bellowfiz,PrimitiveCandidate,1,Primitive,
321,Lightforge Iron,PrimitiveCandidate,1,Primitive,
322,Blessed Arm,PrimitiveCandidate,1,Primitive,
323,Proving Your Worth,PrimitiveCandidate,3,Primitive,
324,The Lost Ingots,PrimitiveCandidate,1,Primitive,
325,Armed and Ready,PrimitiveCandidate,1,Primitive,
326,<UNUSED>,PrimitiveCandidate,1,Primitive,
328,The Hidden Key,PrimitiveCandidate,1,Primitive,
329,The Spy Revealed!,PrimitiveCandidate,1,Primitive,
330,Patrol Schedules,PrimitiveCandidate,1,Primitive,
331,Report to Doren,PrimitiveCandidate,1,Primitive,
332,Wine Shop Advert,PrimitiveCandidate,1,Primitive,
333,Harlan Needs a Resupply,PrimitiveCandidate,1,Primitive,
334,Package for Thurman,PrimitiveCandidate,1,Primitive,
335,A Noble Brew,PrimitiveCandidate,2,Primitive,
336,A Noble Brew,PrimitiveCandidate,1,Primitive,
342,Chapter IV,PrimitiveCandidate,3,Primitive,
343,Speaking of Fortitude,PrimitiveCandidate,1,Primitive,
344,Brother Paxton,PrimitiveCandidate,1,Primitive,
345,Ink Supplies,PrimitiveCandidate,1,Primitive,
346,Return to Kristoff,PrimitiveCandidate,1,Primitive,
347,Rethban Ore,PrimitiveCandidate,2,Primitive,
348,Stranglethorn Fever,PrimitiveCandidate,1,Primitive,
350,Look to an Old Friend,PrimitiveCandidate,1,Primitive,
353,Stormpike's Delivery,PrimitiveCandidate,1,Primitive,
354,Deaths in the Family,PrimitiveCandidate,3,Primitive,
355,Speak with Sevren,PrimitiveCandidate,1,Primitive,
356,Rear Guard Patrol,PrimitiveCandidate,2,Primitive,
357,The Lich's Identity,PrimitiveCandidate,1,Primitive,
358,Graverobbers,PrimitiveCandidate,3,Primitive,
359,Forsaken Duties,PrimitiveCandidate,1,Primitive,
360,Return to the Magistrate,PrimitiveCandidate,1,Primitive,
362,The Haunted Mills,PrimitiveCandidate,1,Primitive,
363,Rude Awakening,PrimitiveCandidate,1,Primitive,
364,The Mindless Ones,PrimitiveCandidate,2,Primitive,
365,Fields of Grief,PrimitiveCandidate,1,Primitive,
366,Return the Book,PrimitiveCandidate,1,Primitive,
367,A New Plague,PrimitiveCandidate,1,Primitive,
368,A New Plague,PrimitiveCandidate,1,Primitive,
369,A New Plague,PrimitiveCandidate,1,Primitive,
370,At War With The Scarlet Crusade,PrimitiveCandidate,3,Primitive,
371,At War With The Scarlet Crusade,PrimitiveCandidate,2,Primitive,
372,At War With The Scarlet Crusade,PrimitiveCandidate,2,Primitive,
374,Proof of Demise,PrimitiveCandidate,1,Primitive,
375,The Chill of Death,PrimitiveCandidate,1,Primitive,
376,The Damned,PrimitiveCandidate,2,Primitive,
379,Slake That Thirst,PrimitiveCandidate,1,Primitive,
380,Night Web's Hollow,PrimitiveCandidate,2,Primitive,
381,The Scarlet Crusade,PrimitiveCandidate,1,Primitive,
382,The Red Messenger,PrimitiveCandidate,1,Primitive,
383,Vital Intelligence,PrimitiveCandidate,1,Primitive,
385,Crocolisk Hunting,PrimitiveCandidate,2,Primitive,
389,Bazil Thredd,PrimitiveCandidate,1,Primitive,
392,The Curious Visitor,PrimitiveCandidate,1,Primitive,
393,Shadow of the Past,PrimitiveCandidate,1,Primitive,
394,The Head of the Beast,PrimitiveCandidate,1,Primitive,
395,Brotherhood's End,PrimitiveCandidate,1,Primitive,
396,An Audience with the King,PrimitiveCandidate,1,Primitive,
398,Wanted: Maggot Eye,PrimitiveCandidate,1,Primitive,
399,Humble Beginnings,PrimitiveCandidate,1,Primitive,
400,Tools for Steelgrill,PrimitiveCandidate,1,Primitive,
401,Wait for Sirra to Finish,PrimitiveCandidate,1,Primitive,
403,Guarded Thunderbrew Barrel,PrimitiveCandidate,1,Primitive,
404,A Putrid Task,PrimitiveCandidate,1,Primitive,
405,The Prodigal Lich,PrimitiveCandidate,1,Primitive,
407,Fields of Grief,PrimitiveCandidate,1,Primitive,
408,The Family Crypt,PrimitiveCandidate,3,Primitive,
409,Proving Allegiance,PrimitiveCandidate,1,Primitive,
411,The Prodigal Lich Returns,PrimitiveCandidate,1,Primitive,
412,Operation Recombobulation,PrimitiveCandidate,2,Primitive,
413,Shimmer Stout,PrimitiveCandidate,1,Primitive,
414,Stout to Kadrell,PrimitiveCandidate,1,Primitive,
415,Rejold's New Brew,PrimitiveCandidate,1,Primitive,
416,Rat Catching,PrimitiveCandidate,1,Primitive,
417,A Pilot's Revenge,PrimitiveCandidate,1,Primitive,
418,Thelsamar Blood Sausages,PrimitiveCandidate,3,Primitive,
419,The Lost Pilot,PrimitiveCandidate,1,Primitive,
420,Senir's Observations,PrimitiveCandidate,1,Primitive,
421,Prove Your Worth,PrimitiveCandidate,1,Primitive,
422,Arugal's Folly,HandlerOrSourceRequired,1,Unsupported,special-gameobject-mechanism
423,Arugal's Folly,PrimitiveCandidate,2,Primitive,
424,Arugal's Folly,PrimitiveCandidate,1,Primitive,
425,Ivar the Foul,PrimitiveCandidate,1,Primitive,
426,The Mills Overrun,PrimitiveCandidate,2,Primitive,
427,At War With The Scarlet Crusade,PrimitiveCandidate,1,Primitive,
428,Lost Deathstalkers,PrimitiveCandidate,1,Primitive,
429,Wild Hearts,PrimitiveCandidate,2,Primitive,
430,Return to Quinn,PrimitiveCandidate,1,Primitive,
432,Those Blasted Troggs!,PrimitiveCandidate,1,Primitive,
433,The Public Servant,PrimitiveCandidate,1,Primitive,
436,Ironband's Excavation,PrimitiveCandidate,1,Primitive,
438,The Decrepit Ferry,PrimitiveCandidate,1,Primitive,
439,Rot Hide Clues,PrimitiveCandidate,1,Primitive,
440,The Engraved Ring,PrimitiveCandidate,1,Primitive,
441,Raleigh and the Undercity,PrimitiveCandidate,1,Primitive,
442,Assault on Fenris Isle,PrimitiveCandidate,1,Primitive,
443,Rot Hide Ichor,PrimitiveCandidate,1,Primitive,
444,Rot Hide Origins,PrimitiveCandidate,1,Primitive,
445,Delivery to Silverpine Forest,PrimitiveCandidate,1,Primitive,
446,Thule Ravenclaw,PrimitiveCandidate,1,Primitive,
447,A Recipe For Death,PrimitiveCandidate,2,Primitive,
448,Report to Hadrec,PrimitiveCandidate,1,Primitive,
449,The Deathstalkers' Report,PrimitiveCandidate,1,Primitive,
450,A Recipe For Death,PrimitiveCandidate,1,Primitive,
451,A Recipe For Death,PrimitiveCandidate,3,Primitive,
453,Finding the Shadowy Figure,PrimitiveCandidate,1,Primitive,
454,After the Ambush,PrimitiveCandidate,1,Primitive,
456,The Balance of Nature,PrimitiveCandidate,2,Primitive,
457,The Balance of Nature,PrimitiveCandidate,2,Primitive,
458,The Woodland Protector,PrimitiveCandidate,1,Primitive,
459,The Woodland Protector,PrimitiveCandidate,1,Primitive,
461,The Hidden Niche,PrimitiveCandidate,1,Primitive,
462,<UNUSED>,PrimitiveCandidate,1,Primitive,
463,The Greenwarden,PrimitiveCandidate,1,Primitive,
464,War Banners,PrimitiveCandidate,1,Primitive,
465,Nek'rosh's Gambit,PrimitiveCandidate,1,Primitive,
466,Search for Incendicite,PrimitiveCandidate,1,Primitive,
467,Stonegear's Search,PrimitiveCandidate,1,Primitive,
468,Report to Mountaineer Rockgar,PrimitiveCandidate,1,Primitive,
469,Daily Delivery,PrimitiveCandidate,1,Primitive,
470,Digging Through the Ooze,PrimitiveCandidate,1,Primitive,
471,Apprentice's Duties,PrimitiveCandidate,1,Primitive,
472,Fall of Dun Modr,PrimitiveCandidate,1,Primitive,
473,Report to Captain Stoutfist,PrimitiveCandidate,1,Primitive,
474,Defeat Nek'rosh,PrimitiveCandidate,1,Primitive,
475,A Troubling Breeze,PrimitiveCandidate,1,Primitive,
476,Gnarlpine Corruption,PrimitiveCandidate,1,Primitive,
477,Border Crossings,PrimitiveCandidate,1,Primitive,
478,Maps and Runes,PrimitiveCandidate,1,Primitive,
479,Ambermill Investigations,PrimitiveCandidate,1,Primitive,
480,The Weaver,PrimitiveCandidate,1,Primitive,
481,Dalar's Analysis,PrimitiveCandidate,1,Primitive,
482,Dalaran's Intentions,PrimitiveCandidate,1,Primitive,
483,The Relics of Wakening,PrimitiveCandidate,4,Primitive,
484,Young Crocolisk Skins,PrimitiveCandidate,1,Primitive,
486,Ursal the Mauler,PrimitiveCandidate,1,Primitive,
487,The Road to Darnassus,PrimitiveCandidate,1,Primitive,
488,Zenn's Bidding,PrimitiveCandidate,3,Primitive,
489,Seek Redemption!,PrimitiveCandidate,1,Primitive,
491,Wand to Bethor,PrimitiveCandidate,1,Primitive,
492,A New Plague,PrimitiveCandidate,1,Primitive,
493,Journey to Hillsbrad Foothills,PrimitiveCandidate,1,Primitive,
494,Time To Strike,PrimitiveCandidate,1,Primitive,
495,The Crown of Will,PrimitiveCandidate,1,Primitive,
496,Elixir of Suffering,PrimitiveCandidate,2,Primitive,
498,The Rescue,HandlerOrSourceRequired,4,Primitive; Unsupported,item-objective-does-not-match-primary-template
499,Elixir of Suffering,PrimitiveCandidate,1,Primitive,
500,Crushridge Bounty,PrimitiveCandidate,1,Primitive,
501,Elixir of Pain,PrimitiveCandidate,1,Primitive,
502,Elixir of Pain,PrimitiveCandidate,1,Primitive,
504,Crushridge Warmongers,PrimitiveCandidate,1,Primitive,
505,Syndicate Assassins,PrimitiveCandidate,2,Primitive,
506,Blackmoore's Legacy,PrimitiveCandidate,1,Primitive,
507,Lord Aliden Perenolde,PrimitiveCandidate,1,Primitive,
508,Taretha's Gift,PrimitiveCandidate,1,Primitive,
509,Elixir of Agony,HandlerOrSourceRequired,1,Unsupported,special-gameobject-mechanism
510,Foreboding Plans,PrimitiveCandidate,1,Primitive,
511,Encrypted Letter,PrimitiveCandidate,1,Primitive,
512,Noble Deaths,PrimitiveCandidate,1,Primitive,
513,Elixir of Agony,PrimitiveCandidate,1,Primitive,
514,Letter to Stormpike,PrimitiveCandidate,1,Primitive,
515,Elixir of Agony,PrimitiveCandidate,2,Primitive,
516,Beren's Peril,PrimitiveCandidate,2,Primitive,
517,Elixir of Agony,PrimitiveCandidate,1,Primitive,
518,The Crown of Will,PrimitiveCandidate,1,Primitive,
519,The Crown of Will,PrimitiveCandidate,3,Primitive,
520,The Crown of Will,PrimitiveCandidate,2,Primitive,
521,The Crown of Will,PrimitiveCandidate,1,Primitive,
523,Baron's Demise,PrimitiveCandidate,1,Primitive,
524,Elixir of Agony,PrimitiveCandidate,1,Primitive,
525,Further Mysteries,PrimitiveCandidate,1,Primitive,
526,Lightforge Ingots,PrimitiveCandidate,1,Primitive,
527,Battle of Hillsbrad,PrimitiveCandidate,4,Primitive,
528,Battle of Hillsbrad,PrimitiveCandidate,1,Primitive,
529,Battle of Hillsbrad,HandlerOrSourceRequired,3,Primitive; Unsupported,service-or-gossip-credit-target
530,A Husband's Revenge,PrimitiveCandidate,1,Primitive,
531,Vyrin's Revenge,PrimitiveCandidate,1,Primitive,
532,Battle of Hillsbrad,HandlerOrSourceRequired,4,Unsupported,event-or-cast-special-flags; special-gameobject-mechanism
533,Infiltration,PrimitiveCandidate,1,Primitive,
535,Valik,PrimitiveCandidate,1,Primitive,
536,Down the Coast,PrimitiveCandidate,2,Primitive,
537,Dark Council,PrimitiveCandidate,2,Primitive,
538,Southshore,PrimitiveCandidate,1,Primitive,
539,Battle of Hillsbrad,PrimitiveCandidate,2,Primitive,
540,Preserving Knowledge,PrimitiveCandidate,2,Primitive,
541,Battle of Hillsbrad,PrimitiveCandidate,4,Primitive,
542,Return to Milton,PrimitiveCandidate,1,Primitive,
544,Prison Break In,PrimitiveCandidate,4,Primitive,
545,Dalaran Patrols,PrimitiveCandidate,2,Primitive,
546,Souvenirs of Death,PrimitiveCandidate,1,Primitive,
547,Humbert's Sword,PrimitiveCandidate,1,Primitive,
549,WANTED: Syndicate Personnel,PrimitiveCandidate,2,Primitive,
554,Stormpike's Deciphering,HandlerOrSourceRequired,1,Unsupported,special-gameobject-mechanism
555,Soothing Turtle Bisque,PrimitiveCandidate,1,Primitive,
556,Stone Tokens,PrimitiveCandidate,1,Primitive,
557,Bracers of Binding,PrimitiveCandidate,1,Primitive,
559,Farren's Proof,PrimitiveCandidate,1,Primitive,
560,Farren's Proof,PrimitiveCandidate,1,Primitive,
561,Farren's Proof,PrimitiveCandidate,1,Primitive,
562,Stormwind Ho!,PrimitiveCandidate,2,Primitive,
563,Reassignment,PrimitiveCandidate,1,Primitive,
564,Costly Menace,PrimitiveCandidate,2,Primitive,
565,Bartolo's Yeti Fur Cloak,PrimitiveCandidate,2,Primitive,
566,WANTED: Baron Vardus,PrimitiveCandidate,1,Primitive,
567,Dangerous!,PrimitiveCandidate,4,Primitive,
568,The Defense of Grom'gol,PrimitiveCandidate,1,Primitive,
569,The Defense of Grom'gol,PrimitiveCandidate,2,Primitive,
570,Mok'thardin's Enchantment,PrimitiveCandidate,2,Primitive,
571,Mok'thardin's Enchantment,PrimitiveCandidate,1,Primitive,
572,Mok'thardin's Enchantment,PrimitiveCandidate,1,Primitive,
573,Mok'thardin's Enchantment,PrimitiveCandidate,1,Primitive,
574,Special Forces,PrimitiveCandidate,2,Primitive,
575,Supply and Demand,PrimitiveCandidate,1,Primitive,
576,Keep An Eye Out,PrimitiveCandidate,1,Primitive,
577,Some Assembly Required,PrimitiveCandidate,1,Primitive,
580,Whiskey Slim's Lost Grog,PrimitiveCandidate,1,Primitive,
581,Hunt for Yenniku,PrimitiveCandidate,1,Primitive,
582,Headhunting,PrimitiveCandidate,1,Primitive,
583,Welcome to the Jungle,PrimitiveCandidate,1,Primitive,
584,Bloodscalp Clan Heads,PrimitiveCandidate,2,Primitive,
585,Speaking with Nezzliok,HandlerOrSourceRequired,3,Primitive; Unsupported,special-gameobject-mechanism
586,Speaking with Gan'zulah,PrimitiveCandidate,4,Primitive,
587,Up to Snuff,PrimitiveCandidate,1,Primitive,
588,The Fate of Yenniku,PrimitiveCandidate,1,Primitive,
589,The Singing Crystals,PrimitiveCandidate,1,Primitive,
591,The Mind's Eye,PrimitiveCandidate,1,Primitive,
592,Saving Yenniku,PrimitiveCandidate,1,Primitive,
594,Message in a Bottle,PrimitiveCandidate,1,Primitive,
596,Bloody Bone Necklaces,PrimitiveCandidate,1,Primitive,
598,Split Bone Necklace,PrimitiveCandidate,1,Primitive,
600,Venture Company Mining,PrimitiveCandidate,1,Primitive,
601,Water Elementals,PrimitiveCandidate,1,Primitive,
602,Magical Analysis,PrimitiveCandidate,1,Primitive,
603,Ansirem's Key,PrimitiveCandidate,1,Primitive,
605,Singing Blue Shards,PrimitiveCandidate,1,Primitive,
606,Scaring Shaky,PrimitiveCandidate,1,Primitive,
607,Return to MacKinley,PrimitiveCandidate,1,Primitive,
609,Voodoo Dues,PrimitiveCandidate,3,Primitive,
610,"""Pretty Boy"" Duncan",PrimitiveCandidate,1,Primitive,
611,The Curse of the Tides,PrimitiveCandidate,2,Primitive,
612,<UNUSED>,PrimitiveCandidate,1,Primitive,
613,Cracking Maury's Foot,PrimitiveCandidate,1,Primitive,
615,The Captain's Cutlass,PrimitiveCandidate,1,Primitive,
616,The Haunted Isle,PrimitiveCandidate,1,Primitive,
617,Akiris by the Bundle,PrimitiveCandidate,1,Primitive,
621,Zanzil's Secret,PrimitiveCandidate,1,Primitive,
622,Return to Corporal Kaleb,PrimitiveCandidate,1,Primitive,
623,Akiris by the Bundle,PrimitiveCandidate,1,Primitive,
624,Cortello's Riddle,PrimitiveCandidate,1,Primitive,
625,Cortello's Riddle,PrimitiveCandidate,1,Primitive,
626,Cortello's Riddle,PrimitiveCandidate,1,Primitive,
627,Favor for Krazek,PrimitiveCandidate,1,Primitive,
628,Excelsior,PrimitiveCandidate,1,Primitive,
629,The Vile Reef,HandlerOrSourceRequired,1,Unsupported,special-gameobject-mechanism
630,Message in a Bottle,PrimitiveCandidate,1,Primitive,
631,The Thandol Span,PrimitiveCandidate,1,Primitive,
632,The Thandol Span,PrimitiveCandidate,1,Primitive,
633,The Thandol Span,PrimitiveCandidate,1,Primitive,
634,Plea To The Alliance,PrimitiveCandidate,1,Primitive,
638,Trollbane,PrimitiveCandidate,1,Primitive,
639,Sigil of Strom,PrimitiveCandidate,1,Primitive,
640,The Broken Sigil,PrimitiveCandidate,1,Primitive,
641,Sigil of Thoradin,PrimitiveCandidate,1,Primitive,
642,The Princess Trapped,PrimitiveCandidate,1,Primitive,
643,Sigil of Arathor,PrimitiveCandidate,1,Primitive,
644,Sigil of Trollbane,PrimitiveCandidate,1,Primitive,
645,Trol'kalar,PrimitiveCandidate,1,Primitive,
646,Trol'kalar,PrimitiveCandidate,1,Primitive,
647,MacKreel's Moonshine,PrimitiveCandidate,1,Primitive,
649,Ripple Recovery,PrimitiveCandidate,1,Primitive,
650,Ripple Recovery,PrimitiveCandidate,1,Primitive,
651,Stones of Binding,HandlerOrSourceRequired,3,Primitive; Unsupported,special-gameobject-mechanism
652,Breaking the Keystone,PrimitiveCandidate,1,Primitive,
653,Myzrael's Allies,PrimitiveCandidate,1,Primitive,
654,Tanaris Field Sampling,PrimitiveCandidate,3,Primitive,
655,Hammerfall,PrimitiveCandidate,1,Primitive,
657,Hints of a New Plague?,PrimitiveCandidate,1,Primitive,
658,Hints of a New Plague?,PrimitiveCandidate,1,Primitive,
659,Hints of a New Plague?,PrimitiveCandidate,1,Primitive,
661,Hints of a New Plague?,PrimitiveCandidate,1,Primitive,
662,Deep Sea Salvage,PrimitiveCandidate,4,Primitive,
663,Land Ho!,PrimitiveCandidate,1,Primitive,
664,Drowned Sorrows,PrimitiveCandidate,2,Primitive,
666,Sunken Treasure,PrimitiveCandidate,1,Primitive,
668,Sunken Treasure,PrimitiveCandidate,1,Primitive,
669,Sunken Treasure,PrimitiveCandidate,1,Primitive,
670,Sunken Treasure,PrimitiveCandidate,1,Primitive,
671,Foul Magics,PrimitiveCandidate,1,Primitive,
672,Raising Spirits,PrimitiveCandidate,1,Primitive,
673,Foul Magics,PrimitiveCandidate,1,Primitive,
674,Raising Spirits,PrimitiveCandidate,1,Primitive,
675,Raising Spirits,PrimitiveCandidate,1,Primitive,
676,The Hammer May Fall,PrimitiveCandidate,2,Primitive,
677,Call to Arms,PrimitiveCandidate,3,Primitive,
678,Call to Arms,PrimitiveCandidate,2,Primitive,
679,Call to Arms,PrimitiveCandidate,2,Primitive,
680,The Real Threat,PrimitiveCandidate,1,Primitive,
681,Northfold Manor,PrimitiveCandidate,2,Primitive,
682,Stromgarde Badges,PrimitiveCandidate,1,Primitive,
683,Sara Balloo's Plea,PrimitiveCandidate,1,Primitive,
684,Wanted!  Marez Cowl,PrimitiveCandidate,1,Primitive,
686,A King's Tribute,PrimitiveCandidate,1,Primitive,
687,Theldurin the Lost,PrimitiveCandidate,1,Primitive,
688,Myzrael's Allies,PrimitiveCandidate,1,Primitive,
689,A King's Tribute,PrimitiveCandidate,1,Primitive,
690,Malin's Request,PrimitiveCandidate,1,Primitive,
691,Worth Its Weight in Gold,PrimitiveCandidate,3,Primitive,
692,The Lost Fragments,PrimitiveCandidate,3,Primitive,
693,Wand over Fist,PrimitiveCandidate,1,Primitive,
694,Trelane's Defenses,PrimitiveCandidate,1,Primitive,
695,An Apprentice's Enchantment,PrimitiveCandidate,1,Primitive,
696,Attack on the Tower,HandlerOrSourceRequired,3,Unsupported,special-gameobject-mechanism
697,Malin's Request,PrimitiveCandidate,1,Primitive,
698,Lack of Surplus,PrimitiveCandidate,1,Primitive,
699,Lack of Surplus,PrimitiveCandidate,1,Primitive,
700,A King's Tribute,PrimitiveCandidate,1,Primitive,
701,Guile of the Raptor,PrimitiveCandidate,1,Primitive,
702,Guile of the Raptor,PrimitiveCandidate,1,Primitive,
703,Barbecued Buzzard Wings,PrimitiveCandidate,1,Primitive,
704,Agmond's Fate,PrimitiveCandidate,1,Primitive,
705,Pearl Diving,PrimitiveCandidate,1,Primitive,
706,Fiery Blaze Enchantments,PrimitiveCandidate,1,Primitive,
707,Ironband Wants You!,PrimitiveCandidate,1,Primitive,
709,Solution to Doom,PrimitiveCandidate,1,Primitive,
710,Study of the Elements: Rock,PrimitiveCandidate,1,Primitive,
711,Study of the Elements: Rock,PrimitiveCandidate,1,Primitive,
712,Study of the Elements: Rock,PrimitiveCandidate,1,Primitive,
713,Coolant Heads Prevail,PrimitiveCandidate,1,Primitive,
714,Gyro... What?,PrimitiveCandidate,1,Primitive,
716,Stone Is Better than Cloth,PrimitiveCandidate,1,Primitive,
717,Tremors of the Earth,PrimitiveCandidate,3,Primitive,
718,Mirages,PrimitiveCandidate,1,Primitive,
719,A Dwarf and His Tools,PrimitiveCandidate,1,Primitive,
720,A Sign of Hope,PrimitiveCandidate,1,Primitive,
723,Prospect of Faith,PrimitiveCandidate,1,Primitive,
724,Prospect of Faith,PrimitiveCandidate,1,Primitive,
725,Passing Word of a Threat,PrimitiveCandidate,1,Primitive,
726,Passing Word of a Threat,PrimitiveCandidate,1,Primitive,
727,To Ironforge for Yagyin's Digest,PrimitiveCandidate,1,Primitive,
728,To the Undercity for Yagyin's Digest,PrimitiveCandidate,1,Primitive,
730,Trouble In Darkshore?,PrimitiveCandidate,1,Primitive,
732,Tremors of the Earth,PrimitiveCandidate,1,Primitive,
733,Scrounging,PrimitiveCandidate,1,Primitive,
734,This Is Going to Be Hard,PrimitiveCandidate,1,Primitive,
737,Forbidden Knowledge,PrimitiveCandidate,1,Primitive,
738,Find Agmond,PrimitiveCandidate,1,Primitive,
739,Murdaloc,PrimitiveCandidate,2,Primitive,
742,The Ashenvale Hunt,PrimitiveCandidate,1,Primitive,
743,Dangers of the Windfury,PrimitiveCandidate,1,Primitive,
744,Preparation for Ceremony,PrimitiveCandidate,2,Primitive,
745,Sharing the Land,PrimitiveCandidate,3,Primitive,
746,Dwarven Digging,HandlerOrSourceRequired,1,Unsupported,item-objective-does-not-match-primary-template
747,The Hunt Begins,PrimitiveCandidate,2,Primitive,
748,Poison Water,PrimitiveCandidate,2,Primitive,
749,The Ravaged Caravan,PrimitiveCandidate,1,Primitive,
750,The Hunt Continues,PrimitiveCandidate,1,Primitive,
751,The Ravaged Caravan,PrimitiveCandidate,1,Primitive,
752,A Humble Task,PrimitiveCandidate,1,Primitive,
753,A Humble Task,PrimitiveCandidate,1,Primitive,
755,Rites of the Earthmother,PrimitiveCandidate,1,Primitive,
756,Thunderhorn Totem,PrimitiveCandidate,2,Primitive,
757,Rite of Strength,PrimitiveCandidate,1,Primitive,
759,Wildmane Totem,PrimitiveCandidate,1,Primitive,
761,Swoop Hunting,PrimitiveCandidate,1,Primitive,
762,An Ambassador of Evil,PrimitiveCandidate,1,Primitive,
763,Rites of the Earthmother,PrimitiveCandidate,1,Primitive,
764,The Venture Co.,PrimitiveCandidate,2,Primitive,
765,Supervisor Fizsprocket,PrimitiveCandidate,1,Primitive,
766,Mazzranache,PrimitiveCandidate,4,Primitive,
767,Rite of Vision,PrimitiveCandidate,1,Primitive,
769,Kodo Hide Bag,HandlerOrSourceRequired,2,Primitive; Unsupported,special-gameobject-mechanism
771,Rite of Vision,PrimitiveCandidate,2,Primitive,
772,Rite of Vision,PrimitiveCandidate,1,Primitive,
773,Rite of Wisdom,PrimitiveCandidate,1,Primitive,
775,Journey into Thunder Bluff,PrimitiveCandidate,1,Primitive,
776,Rites of the Earthmother,PrimitiveCandidate,1,Primitive,
777,This Is Going to Be Hard,PrimitiveCandidate,1,Primitive,
778,This Is Going to Be Hard,PrimitiveCandidate,1,Primitive,
780,The Battleboars,PrimitiveCandidate,2,Primitive,
782,Broken Alliances,PrimitiveCandidate,1,Primitive,
783,A Threat Within,PrimitiveCandidate,1,Primitive,
784,Vanquish the Betrayers,PrimitiveCandidate,3,Primitive,
786,Thwarting Kolkar Aggression,PrimitiveCandidate,3,Primitive,
787,The New Horde,PrimitiveCandidate,1,Primitive,
788,Cutting Teeth,PrimitiveCandidate,1,Primitive,
789,Sting of the Scorpid,PrimitiveCandidate,1,Primitive,
790,Sarkoth,PrimitiveCandidate,1,Primitive,
791,Carry Your Weight,PrimitiveCandidate,1,Primitive,
792,Vile Familiars,PrimitiveCandidate,1,Primitive,
793,Broken Alliances,PrimitiveCandidate,3,Primitive,
794,Burning Blade Medallion,PrimitiveCandidate,1,Primitive,
804,Sarkoth,PrimitiveCandidate,1,Primitive,
805,Report to Sen'jin Village,PrimitiveCandidate,1,Primitive,
808,Minshina's Skull,PrimitiveCandidate,1,Primitive,
809,Ak'Zeloth,PrimitiveCandidate,1,Primitive,
812,Need for a Cure,PrimitiveCandidate,1,Primitive,
815,Break a Few Eggs,PrimitiveCandidate,1,Primitive,
816,Lost But Not Forgotten,PrimitiveCandidate,1,Primitive,
817,Practical Prey,PrimitiveCandidate,1,Primitive,
818,A Solvent Spirit,PrimitiveCandidate,2,Primitive,
821,Chen's Empty Keg,PrimitiveCandidate,3,Primitive,
823,Report to Orgnil,PrimitiveCandidate,1,Primitive,
824,Je'neu of the Earthen Ring,PrimitiveCandidate,1,Primitive,
825,From The Wreckage....,PrimitiveCandidate,1,Primitive,
826,Zalazane,PrimitiveCandidate,3,Primitive,
827,Skull Rock,PrimitiveCandidate,1,Primitive,
828,Margoz,PrimitiveCandidate,1,Primitive,
829,Neeru Fireblade,PrimitiveCandidate,1,Primitive,
831,The Admiral's Orders,PrimitiveCandidate,1,Primitive,
833,A Sacred Burial,PrimitiveCandidate,1,Primitive,
834,Winds in the Desert,PrimitiveCandidate,1,Primitive,
835,Securing the Lines,PrimitiveCandidate,2,Primitive,
837,Encroachment,PrimitiveCandidate,4,Primitive,
838,Scholomance,PrimitiveCandidate,1,Primitive,
840,Conscript of the Horde,PrimitiveCandidate,1,Primitive,
841,Another Power Source?,PrimitiveCandidate,1,Primitive,
842,Crossroads Conscription,PrimitiveCandidate,1,Primitive,
843,Gann's Reclamation,PrimitiveCandidate,3,Primitive,
844,Plainstrider Menace,PrimitiveCandidate,1,Primitive,
845,The Zhevra,PrimitiveCandidate,1,Primitive,
846,Revenge of Gann,PrimitiveCandidate,3,Primitive,
847,Guile of the Raptor,PrimitiveCandidate,1,Primitive,
848,Fungal Spores,PrimitiveCandidate,1,Primitive,
849,Revenge of Gann,HandlerOrSourceRequired,1,Unsupported,event-or-cast-special-flags
850,Kolkar Leaders,PrimitiveCandidate,1,Primitive,
851,Verog the Dervish,PrimitiveCandidate,1,Primitive,
852,Hezrul Bloodmark,PrimitiveCandidate,1,Primitive,
854,Journey to the Crossroads,PrimitiveCandidate,1,Primitive,
855,Centaur Bracers,PrimitiveCandidate,1,Primitive,
857,The Tear of the Moons,PrimitiveCandidate,1,Primitive,
858,Ignition,PrimitiveCandidate,1,Primitive,
860,Sergra Darkthorn,PrimitiveCandidate,1,Primitive,
861,The Hunter's Way,PrimitiveCandidate,1,Primitive,
864,Return to Apothecary Zinge,PrimitiveCandidate,1,Primitive,
865,Raptor Horns,PrimitiveCandidate,1,Primitive,
867,Harpy Raiders,PrimitiveCandidate,1,Primitive,
868,Egg Hunt,PrimitiveCandidate,2,Primitive,
869,Raptor Thieves,PrimitiveCandidate,1,Primitive,
871,Disrupt the Attacks,PrimitiveCandidate,3,Primitive,
872,The Disruption Ends,PrimitiveCandidate,3,Primitive,
873,Isha Awak,PrimitiveCandidate,1,Primitive,
874,Mahren Skyseer,PrimitiveCandidate,1,Primitive,
875,Harpy Lieutenants,PrimitiveCandidate,1,Primitive,
876,Serena Bloodfeather,PrimitiveCandidate,1,Primitive,
877,The Stagnant Oasis,HandlerOrSourceRequired,1,Unsupported,event-or-cast-special-flags
878,Tribes at War,PrimitiveCandidate,3,Primitive,
879,Betrayal from Within,PrimitiveCandidate,3,Primitive,
880,Altered Beings,PrimitiveCandidate,1,Primitive,
882,Ishamuhale,HandlerOrSourceRequired,2,Primitive; Unsupported,item-objective-does-not-match-primary-template
886,The Barrens Oases,PrimitiveCandidate,1,Primitive,
887,Southsea Freebooters,PrimitiveCandidate,2,Primitive,
888,Stolen Booty,PrimitiveCandidate,2,Primitive,
890,The Missing Shipment,PrimitiveCandidate,1,Primitive,
891,The Guns of Northwatch,PrimitiveCandidate,4,Primitive,
892,The Missing Shipment,PrimitiveCandidate,1,Primitive,
893,Weapons of Choice,PrimitiveCandidate,3,Primitive,
894,Samophlange,PrimitiveCandidate,1,Primitive,
895,WANTED: Baron Longshore,PrimitiveCandidate,1,Primitive,
896,Miner's Fortune,PrimitiveCandidate,1,Primitive,
900,Samophlange,PrimitiveCandidate,3,Primitive,
901,Samophlange,PrimitiveCandidate,1,Primitive,
902,Samophlange,PrimitiveCandidate,1,Primitive,
903,Prowlers of the Barrens,PrimitiveCandidate,1,Primitive,
905,The Angry Scytheclaws,HandlerOrSourceRequired,4,Unsupported,event-or-cast-special-flags; item-objective-does-not-match-primary-template
906,Betrayal from Within,PrimitiveCandidate,1,Primitive,
907,Enraged Thunder Lizards,PrimitiveCandidate,1,Primitive,
913,Cry of the Thunderhawk,PrimitiveCandidate,1,Primitive,
916,Webwood Venom,PrimitiveCandidate,1,Primitive,
917,Webwood Egg,PrimitiveCandidate,1,Primitive,
918,Timberling Seeds,PrimitiveCandidate,1,Primitive,
919,Timberling Sprouts,PrimitiveCandidate,1,Primitive,
920,Tenaron's Summons,PrimitiveCandidate,1,Primitive,
921,Crown of the Earth,PrimitiveCandidate,1,Primitive,
922,Rellian Greenspyre,PrimitiveCandidate,1,Primitive,
923,Tumors,PrimitiveCandidate,1,Primitive,
928,Crown of the Earth,PrimitiveCandidate,1,Primitive,
929,Crown of the Earth,PrimitiveCandidate,1,Primitive,
930,The Glowing Fruit,PrimitiveCandidate,1,Primitive,
931,The Shimmering Frond,PrimitiveCandidate,1,Primitive,
932,Twisted Hatred,PrimitiveCandidate,1,Primitive,
933,Crown of the Earth,PrimitiveCandidate,1,Primitive,
935,Crown of the Earth,PrimitiveCandidate,1,Primitive,
936,Assisting Arch Druid Runetotem,PrimitiveCandidate,1,Primitive,
937,The Enchanted Glade,PrimitiveCandidate,1,Primitive,
940,Teldrassil,PrimitiveCandidate,1,Primitive,
941,Planting the Heart,PrimitiveCandidate,1,Primitive,
948,Onu,PrimitiveCandidate,1,Primitive,
949,The Twilight Camp,PrimitiveCandidate,1,Primitive,
950,Return to Onu,PrimitiveCandidate,1,Primitive,
951,Mathystra Relics,PrimitiveCandidate,1,Primitive,
952,Grove of the Ancients,PrimitiveCandidate,1,Primitive,
953,The Fall of Ameth'Aran,PrimitiveCandidate,2,Primitive,
955,Bashal'Aran,PrimitiveCandidate,1,Primitive,
956,Bashal'Aran,PrimitiveCandidate,1,Primitive,
957,Bashal'Aran,PrimitiveCandidate,1,Primitive,
958,Tools of the Highborne,PrimitiveCandidate,1,Primitive,
959,Trouble at the Docks,PrimitiveCandidate,1,Primitive,
961,Onu is meditating,PrimitiveCandidate,1,Primitive,
962,Serpentbloom,PrimitiveCandidate,1,Primitive,
963,For Love Eternal,PrimitiveCandidate,1,Primitive,
964,Skeletal Fragments,PrimitiveCandidate,1,Primitive,
965,The Tower of Althalaxx,PrimitiveCandidate,1,Primitive,
966,The Tower of Althalaxx,PrimitiveCandidate,1,Primitive,
967,The Tower of Althalaxx,PrimitiveCandidate,1,Primitive,
970,The Tower of Althalaxx,PrimitiveCandidate,1,Primitive,
973,The Tower of Althalaxx,PrimitiveCandidate,1,Primitive,
974,Finding the Source,HandlerOrSourceRequired,1,Unsupported,event-or-cast-special-flags; non-death-credit-trigger; provided-use-item-requires-contract
977,"Are We There, Yeti?",PrimitiveCandidate,1,Primitive,
978,Moontouched Wildkin,PrimitiveCandidate,1,Primitive,
979,Find Ranshalla,PrimitiveCandidate,1,Primitive,
980,The New Springs,PrimitiveCandidate,1,Primitive,
981,The Tower of Althalaxx,PrimitiveCandidate,1,Primitive,
982,"Deep Ocean, Vast Sea",PrimitiveCandidate,2,Primitive,
983,Buzzbox 827,PrimitiveCandidate,1,Primitive,
985,How Big a Threat?,PrimitiveCandidate,2,Primitive,
986,A Lost Master,PrimitiveCandidate,1,Primitive,
990,Trek to Ashenvale,PrimitiveCandidate,1,Primitive,
991,Raene's Cleansing,PrimitiveCandidate,1,Primitive,
992,Gadgetzan Water Survey,PrimitiveCandidate,1,Primitive,
993,A Lost Master,PrimitiveCandidate,1,Primitive,
997,Denalan's Earth,PrimitiveCandidate,1,Primitive,
1000,The New Frontier,PrimitiveCandidate,1,Primitive,
1001,Buzzbox 411,PrimitiveCandidate,1,Primitive,
1002,Buzzbox 323,PrimitiveCandidate,1,Primitive,
1003,Buzzbox 525,PrimitiveCandidate,1,Primitive,
1004,The New Frontier,PrimitiveCandidate,1,Primitive,
1007,The Ancient Statuette,PrimitiveCandidate,1,Primitive,
1008,The Zoram Strand,PrimitiveCandidate,1,Primitive,
1009,Ruuzel,PrimitiveCandidate,1,Primitive,
1010,Bathran's Hair,PrimitiveCandidate,1,Primitive,
1011,Forsaken Diseases,PrimitiveCandidate,1,Primitive,
1012,Insane Druids,PrimitiveCandidate,3,Primitive,
1015,The New Frontier,PrimitiveCandidate,1,Primitive,
1016,Elemental Bracers,HandlerOrSourceRequired,1,Unsupported,item-objective-does-not-match-primary-template
1017,Mage Summoner,PrimitiveCandidate,1,Primitive,
1018,The New Frontier,PrimitiveCandidate,1,Primitive,
1019,The New Frontier,PrimitiveCandidate,1,Primitive,
1020,Orendil's Cure,PrimitiveCandidate,1,Primitive,
1021,Vile Satyr! Dryads in Danger!,PrimitiveCandidate,1,Primitive,
1022,The Howling Vale,PrimitiveCandidate,1,Primitive,
1023,Raene's Cleansing,PrimitiveCandidate,1,Primitive,
1024,Raene's Cleansing,PrimitiveCandidate,1,Primitive,
1025,An Aggressive Defense,PrimitiveCandidate,4,Primitive,
1026,Raene's Cleansing,HandlerOrSourceRequired,2,Primitive; Unsupported,item-objective-does-not-match-primary-template
1027,Raene's Cleansing,HandlerOrSourceRequired,1,Unsupported,special-gameobject-mechanism
1028,Raene's Cleansing,PrimitiveCandidate,1,Primitive,
1029,Raene's Cleansing,PrimitiveCandidate,1,Primitive,
1030,Raene's Cleansing,PrimitiveCandidate,1,Primitive,
1031,The Branch of Cenarius,PrimitiveCandidate,1,Primitive,
1032,Satyr Slaying!,PrimitiveCandidate,1,Primitive,
1033,Elune's Tear,PrimitiveCandidate,1,Primitive,
1034,The Ruins of Stardust,PrimitiveCandidate,1,Primitive,
1035,Fallen Sky Lake,PrimitiveCandidate,1,Primitive,
1037,Velinde Starsong,PrimitiveCandidate,1,Primitive,
1038,Velinde's Effects,PrimitiveCandidate,1,Primitive,
1039,The Barrens Port,PrimitiveCandidate,1,Primitive,
1040,Passage to Booty Bay,PrimitiveCandidate,1,Primitive,
1041,The Caravan Road,PrimitiveCandidate,1,Primitive,
1042,The Carevin Family,PrimitiveCandidate,1,Primitive,
1043,The Scythe of Elune,PrimitiveCandidate,1,Primitive,
1044,Answered Questions,PrimitiveCandidate,1,Primitive,
1045,Raene's Cleansing,HandlerOrSourceRequired,3,Primitive; Unsupported,provided-use-item-requires-contract
1046,Raene's Cleansing,PrimitiveCandidate,1,Primitive,
1047,The New Frontier,PrimitiveCandidate,1,Primitive,
1052,Down the Scarlet Path,PrimitiveCandidate,1,Primitive,
1054,Culling the Threat,PrimitiveCandidate,1,Primitive,
1055,Raene's Cleansing,PrimitiveCandidate,1,Primitive,
1056,Journey to Stonetalon Peak,PrimitiveCandidate,1,Primitive,
1057,Reclaiming the Charred Vale,PrimitiveCandidate,4,Primitive,
1058,Jin'Zil's Forest Magic,PrimitiveCandidate,4,Primitive,
1059,Reclaiming the Charred Vale,PrimitiveCandidate,1,Primitive,
1060,Letter to Jin'Zil,PrimitiveCandidate,1,Primitive,
1061,The Spirits of Stonetalon,PrimitiveCandidate,1,Primitive,
1062,Goblin Invaders,PrimitiveCandidate,1,Primitive,
1063,The Elder Crone,PrimitiveCandidate,1,Primitive,
1064,Forsaken Aid,PrimitiveCandidate,1,Primitive,
1065,Journey to Tarren Mill,PrimitiveCandidate,1,Primitive,
1066,Blood of Innocents,PrimitiveCandidate,1,Primitive,
1067,Return to Thunder Bluff,PrimitiveCandidate,1,Primitive,
1068,Shredding Machines,PrimitiveCandidate,2,Primitive,
1069,Deepmoss Spider Eggs,PrimitiveCandidate,1,Primitive,
1070,On Guard in Stonetalon,PrimitiveCandidate,1,Primitive,
1071,A Gnome's Respite,PrimitiveCandidate,2,Primitive,
1072,An Old Colleague,PrimitiveCandidate,1,Primitive,
1073,Ineptitude + Chemicals = Fun,PrimitiveCandidate,1,Primitive,
1074,Ineptitude + Chemicals = Fun,PrimitiveCandidate,1,Primitive,
1075,A Scroll from Mauren,PrimitiveCandidate,1,Primitive,
1076,Devils in Westfall,PrimitiveCandidate,1,Primitive,
1077,Special Delivery for Gaxim,PrimitiveCandidate,1,Primitive,
1078,Retrieval for Mauren,PrimitiveCandidate,1,Primitive,
1079,Covert Ops - Alpha,PrimitiveCandidate,1,Primitive,
1080,Covert Ops - Beta,PrimitiveCandidate,1,Primitive,
1081,Reception from Tyrande,PrimitiveCandidate,1,Primitive,
1082,Update for Sentinel Thenysil,PrimitiveCandidate,1,Primitive,
1083,Enraged Spirits,PrimitiveCandidate,1,Primitive,
1084,Wounded Ancients,PrimitiveCandidate,1,Primitive,
1085,On Guard in Stonetalon,PrimitiveCandidate,1,Primitive,
1087,Cenarius' Legacy,PrimitiveCandidate,3,Primitive,
1088,Ordanus,PrimitiveCandidate,1,Primitive,
1089,The Den,HandlerOrSourceRequired,4,Primitive; Unsupported,gameobject-item-does-not-match-primary-template
1091,Kaela's Update,PrimitiveCandidate,1,Primitive,
1092,Gerenzo's Orders,PrimitiveCandidate,1,Primitive,
1093,Super Reaper 6000,PrimitiveCandidate,1,Primitive,
1094,Further Instructions,PrimitiveCandidate,1,Primitive,
1095,Further Instructions,PrimitiveCandidate,1,Primitive,
1096,Gerenzo Wrenchwhistle,PrimitiveCandidate,1,Primitive,
1097,Elmore's Task,PrimitiveCandidate,1,Primitive,
1104,Salt Flat Venom,PrimitiveCandidate,1,Primitive,
1105,Hardened Shells,PrimitiveCandidate,1,Primitive,
1106,Martek the Exiled,PrimitiveCandidate,1,Primitive,
1107,Encrusted Tail Fins,PrimitiveCandidate,1,Primitive,
1108,Indurium,PrimitiveCandidate,1,Primitive,
1110,Rocket Car Parts,PrimitiveCandidate,1,Primitive,
1111,Wharfmaster Dizzywig,PrimitiveCandidate,1,Primitive,
1112,Parts for Kravel,PrimitiveCandidate,1,Primitive,
1113,Hearts of Zeal,HandlerOrSourceRequired,1,Unsupported,cpp-item-producer-owner
1114,Delivery to the Gnomes,PrimitiveCandidate,1,Primitive,
1115,The Rumormonger,PrimitiveCandidate,1,Primitive,
1116,Dream Dust in the Swamp,PrimitiveCandidate,1,Primitive,
1117,Rumors for Kravel,PrimitiveCandidate,1,Primitive,
1118,Back to Booty Bay,PrimitiveCandidate,1,Primitive,
1119,Zanzil's Mixture and a Fool's Stout,PrimitiveCandidate,1,Primitive,
1120,Get the Gnomes Drunk,PrimitiveCandidate,1,Primitive,
1121,Get the Goblins Drunk,PrimitiveCandidate,1,Primitive,
1122,Report Back to Fizzlebub,PrimitiveCandidate,1,Primitive,
1123,Rabine Saturna,PrimitiveCandidate,1,Primitive,
1124,Wasteland,PrimitiveCandidate,1,Primitive,
1125,The Spirits of Southwind,PrimitiveCandidate,2,Primitive,
1127,Fool's Stout,PrimitiveCandidate,1,Primitive,
1130,Melor Sends Word,PrimitiveCandidate,1,Primitive,
1131,Steelsnap,PrimitiveCandidate,1,Primitive,
1134,Pridewings of Stonetalon,PrimitiveCandidate,1,Primitive,
1135,Highperch Venom,PrimitiveCandidate,1,Primitive,
1136,Frostmaw,HandlerOrSourceRequired,2,Primitive; Unsupported,item-objective-does-not-match-primary-template
1137,News for Fizzle,PrimitiveCandidate,1,Primitive,
1138,Fruit of the Sea,PrimitiveCandidate,1,Primitive,
1140,The Tower of Althalaxx,PrimitiveCandidate,2,Primitive,
1143,The Tower of Althalaxx,PrimitiveCandidate,1,Primitive,
1145,The Swarm Grows,PrimitiveCandidate,1,Primitive,
1146,The Swarm Grows,PrimitiveCandidate,1,Primitive,
1147,The Swarm Grows,PrimitiveCandidate,3,Primitive,
1150,Test of Endurance,PrimitiveCandidate,1,Primitive,
1151,Test of Strength,PrimitiveCandidate,1,Primitive,
1152,Test of Lore,PrimitiveCandidate,1,Primitive,
1153,A New Ore Sample,PrimitiveCandidate,1,Primitive,
1154,Test of Lore,PrimitiveCandidate,1,Primitive,
1159,Test of Lore,PrimitiveCandidate,1,Primitive,
1164,To Steal From Thieves,PrimitiveCandidate,3,Primitive,
1167,The Tower of Althalaxx,PrimitiveCandidate,1,Primitive,
1168,Army of the Black Dragon,PrimitiveCandidate,3,Primitive,
1169,Identifying the Brood,PrimitiveCandidate,2,Primitive,
1170,The Brood of Onyxia,PrimitiveCandidate,1,Primitive,
1171,The Brood of Onyxia,PrimitiveCandidate,1,Primitive,
1172,The Brood of Onyxia,PrimitiveCandidate,1,Primitive,
1175,A Bump in the Road,PrimitiveCandidate,3,Primitive,
1176,Load Lightening,PrimitiveCandidate,1,Primitive,
1177,Hungry!,PrimitiveCandidate,1,Primitive,
1178,Goblin Sponsorship,PrimitiveCandidate,1,Primitive,
1179,The Brassbolts Brothers,PrimitiveCandidate,1,Primitive,
1180,Goblin Sponsorship,PrimitiveCandidate,1,Primitive,
1181,Goblin Sponsorship,PrimitiveCandidate,1,Primitive,
1182,Goblin Sponsorship,HandlerOrSourceRequired,2,Primitive; Unsupported,item-objective-does-not-match-primary-template
1183,Goblin Sponsorship,PrimitiveCandidate,1,Primitive,
1184,Parts of the Swarm,PrimitiveCandidate,1,Primitive,
1185,Under the Chitin Was...,PrimitiveCandidate,1,Primitive,
1186,The Eighteenth Pilot,PrimitiveCandidate,1,Primitive,
1187,Razzeric's Tweaking,PrimitiveCandidate,1,Primitive,
1188,Safety First,PrimitiveCandidate,1,Primitive,
1189,Safety First,PrimitiveCandidate,1,Primitive,
1190,Keeping Pace,PrimitiveCandidate,1,Primitive,
1194,Rizzle's Schematics,PrimitiveCandidate,1,Primitive,
1195,The Sacred Flame,HandlerOrSourceRequired,1,Unsupported,item-objective-does-not-match-primary-template
1196,The Sacred Flame,PrimitiveCandidate,1,Primitive,
1197,The Sacred Flame,PrimitiveCandidate,1,Primitive,
1201,Theramore Spies,PrimitiveCandidate,1,Primitive,
1202,The Theramore Docks,PrimitiveCandidate,1,Primitive,
1203,Jarl Needs a Blade,PrimitiveCandidate,1,Primitive,
1204,Mudrock Soup and Bugs,PrimitiveCandidate,1,Primitive,
1205,Deadmire,PrimitiveCandidate,1,Primitive,
1206,Jarl Needs Eyes,PrimitiveCandidate,1,Primitive,
1218,Marsh Frog Legs,PrimitiveCandidate,1,Primitive,
1219,The Orc Report,PrimitiveCandidate,1,Primitive,
1220,Captain Vimes,PrimitiveCandidate,1,Primitive,
1238,The Lost Report,PrimitiveCandidate,1,Primitive,
1239,The Severed Head,PrimitiveCandidate,1,Primitive,
1240,The Troll Witchdoctor,PrimitiveCandidate,1,Primitive,
1241,The Missing Diplomat,PrimitiveCandidate,1,Primitive,
1242,The Missing Diplomat,PrimitiveCandidate,1,Primitive,
1243,The Missing Diplomat,PrimitiveCandidate,1,Primitive,
1244,The Missing Diplomat,PrimitiveCandidate,1,Primitive,
1245,The Missing Diplomat,PrimitiveCandidate,1,Primitive,
1246,The Missing Diplomat,PrimitiveCandidate,1,Primitive,
1247,The Missing Diplomat,PrimitiveCandidate,1,Primitive,
1248,The Missing Diplomat,PrimitiveCandidate,1,Primitive,
1250,The Missing Diplomat,PrimitiveCandidate,1,Primitive,
1251,The Black Shield,PrimitiveCandidate,1,Primitive,
1252,Lieutenant Paval Reethe,PrimitiveCandidate,1,Primitive,
1253,The Black Shield,PrimitiveCandidate,1,Primitive,
1258,... and Bugs,PrimitiveCandidate,1,Primitive,
1259,Lieutenant Paval Reethe,PrimitiveCandidate,1,Primitive,
1260,Morgan Stern,PrimitiveCandidate,1,Primitive,
1261,Marg Speaks,PrimitiveCandidate,1,Primitive,
1262,Report to Zor,PrimitiveCandidate,1,Primitive,
1264,The Missing Diplomat,PrimitiveCandidate,1,Primitive,
1266,The Missing Diplomat,PrimitiveCandidate,1,Primitive,
1267,The Missing Diplomat,PrimitiveCandidate,1,Primitive,
1268,Suspicious Hoofprints,PrimitiveCandidate,1,Primitive,
1269,Lieutenant Paval Reethe,PrimitiveCandidate,1,Primitive,
1271,Feast at the Blue Recluse,PrimitiveCandidate,1,Primitive,
1274,The Missing Diplomat,PrimitiveCandidate,1,Primitive,
1276,The Black Shield,PrimitiveCandidate,1,Primitive,
1282,They Call Him Smiling Jim,PrimitiveCandidate,1,Primitive,
1284,Suspicious Hoofprints,PrimitiveCandidate,1,Primitive,
1285,Daelin's Men,PrimitiveCandidate,1,Primitive,
1286,The Deserters,PrimitiveCandidate,1,Primitive,
1287,The Deserters,PrimitiveCandidate,1,Primitive,
1301,James Hyal,PrimitiveCandidate,1,Primitive,
1302,James Hyal,PrimitiveCandidate,1,Primitive,
1319,The Black Shield,PrimitiveCandidate,1,Primitive,
1320,The Black Shield,PrimitiveCandidate,1,Primitive,
1321,The Black Shield,PrimitiveCandidate,1,Primitive,
1322,The Black Shield,PrimitiveCandidate,1,Primitive,
1323,The Black Shield,PrimitiveCandidate,1,Primitive,
1338,Stormpike's Order,PrimitiveCandidate,1,Primitive,
1339,Mountaineer Stormpike's Task,PrimitiveCandidate,1,Primitive,
1358,Sample for Helbrim,PrimitiveCandidate,1,Primitive,
1359,Zinge's Delivery,PrimitiveCandidate,1,Primitive,
1360,Reclaimed Treasures,PrimitiveCandidate,1,Primitive,
1361,Regthar Deathgate,PrimitiveCandidate,1,Primitive,
1362,The Kolkar of Desolace,PrimitiveCandidate,1,Primitive,
1363,Mazen's Behest,PrimitiveCandidate,1,Primitive,
1364,Mazen's Behest,PrimitiveCandidate,1,Primitive,
1365,Khan Dez'hepah,PrimitiveCandidate,1,Primitive,
1366,Centaur Bounty,PrimitiveCandidate,1,Primitive,
1372,Nothing But The Truth,PrimitiveCandidate,1,Primitive,
1383,Nothing But The Truth,PrimitiveCandidate,3,Primitive,
1387,Centaur Bounty,PrimitiveCandidate,1,Primitive,
1388,Nothing But The Truth,PrimitiveCandidate,1,Primitive,
1389,Draenethyst Crystals,PrimitiveCandidate,1,Primitive,
1391,Nothing But The Truth,PrimitiveCandidate,1,Primitive,
1394,Final Passage,PrimitiveCandidate,1,Primitive,
1395,Supplies for Nethergarde,PrimitiveCandidate,1,Primitive,
1396,Encroaching Wildlife,PrimitiveCandidate,3,Primitive,
1398,Driftwood,PrimitiveCandidate,1,Primitive,
1418,Neeka Bloodscar,PrimitiveCandidate,1,Primitive,
1419,Coyote Thieves,PrimitiveCandidate,1,Primitive,
1420,Report to Helgrum,PrimitiveCandidate,1,Primitive,
1421,The Lost Caravan,PrimitiveCandidate,1,Primitive,
1422,Threat From the Sea,PrimitiveCandidate,1,Primitive,
1424,Pool of Tears,PrimitiveCandidate,1,Primitive,
1425,Deliver the Shipment,PrimitiveCandidate,1,Primitive,
1426,Threat From the Sea,PrimitiveCandidate,3,Primitive,
1427,Threat From the Sea,PrimitiveCandidate,1,Primitive,
1428,Continued Threat,PrimitiveCandidate,3,Primitive,
1429,The Atal'ai Exile,PrimitiveCandidate,1,Primitive,
1430,Fresh Meat,PrimitiveCandidate,1,Primitive,
1431,Alliance Relations,PrimitiveCandidate,1,Primitive,
1432,Alliance Relations,PrimitiveCandidate,1,Primitive,
1433,Alliance Relations,PrimitiveCandidate,1,Primitive,
1434,Befouled by Satyr,PrimitiveCandidate,4,Primitive,
1435,The Burning of Spirits,PrimitiveCandidate,1,Primitive,
1436,Alliance Relations,PrimitiveCandidate,1,Primitive,
1437,Vahlarriel's Search,PrimitiveCandidate,1,Primitive,
1438,Vahlarriel's Search,PrimitiveCandidate,1,Primitive,
1439,Search for Tyranis,PrimitiveCandidate,1,Primitive,
1444,Return to Fel'Zerul,PrimitiveCandidate,1,Primitive,
1449,To The Hinterlands,PrimitiveCandidate,1,Primitive,
1450,Gryphon Master Talonaxe,PrimitiveCandidate,1,Primitive,
1451,Rhapsody Shindigger,PrimitiveCandidate,1,Primitive,
1452,Rhapsody's Kalimdor Kocktail,PrimitiveCandidate,3,Primitive,
1453,Reclaimers' Business in Desolace,PrimitiveCandidate,1,Primitive,
1454,The Karnitol Shipwreck,PrimitiveCandidate,1,Primitive,
1455,The Karnitol Shipwreck,PrimitiveCandidate,1,Primitive,
1456,The Karnitol Shipwreck,PrimitiveCandidate,1,Primitive,
1457,The Karnitol Shipwreck,PrimitiveCandidate,1,Primitive,
1458,Reagents for Reclaimers Inc.,PrimitiveCandidate,2,Primitive,
1459,Reagents for Reclaimers Inc.,HandlerOrSourceRequired,2,Primitive; Unsupported,cpp-item-producer-owner
1465,Vahlarriel's Search,PrimitiveCandidate,1,Primitive,
1466,Reagents for Reclaimers Inc.,PrimitiveCandidate,3,Primitive,
1467,Reagents for Reclaimers Inc.,PrimitiveCandidate,1,Primitive,
1469,Rhapsody's Tale,PrimitiveCandidate,1,Primitive,
1477,Vital Supplies,PrimitiveCandidate,1,Primitive,
1481,The Corrupter,PrimitiveCandidate,1,Primitive,
1482,The Corrupter,PrimitiveCandidate,1,Primitive,
1483,Ziz Fizziks,PrimitiveCandidate,1,Primitive,
1484,The Corrupter,PrimitiveCandidate,1,Primitive,
1489,Hamuul Runetotem,PrimitiveCandidate,1,Primitive,
1490,Nara Wildmane,PrimitiveCandidate,1,Primitive,
1492,Wharfmaster Dizzywig,PrimitiveCandidate,1,Primitive,
1656,A Task Unfinished,PrimitiveCandidate,1,Primitive,
1690,Wastewander Justice,PrimitiveCandidate,2,Primitive,
1691,More Wastewander Justice,PrimitiveCandidate,3,Primitive,
1707,Water Pouch Bounty,PrimitiveCandidate,1,Primitive,
1782,Furen's Armor,PrimitiveCandidate,1,Primitive,
2038,Bingles' Missing Supplies,PrimitiveCandidate,4,Primitive,
2039,Find Bingles,PrimitiveCandidate,1,Primitive,
2041,Speak with Shoni,PrimitiveCandidate,1,Primitive,
2078,Gyromast's Revenge,HandlerOrSourceRequired,1,Unsupported,service-or-gossip-credit-target
2098,Gyromast's Retrieval,PrimitiveCandidate,3,Primitive,
2138,Cleansing of the Infected,PrimitiveCandidate,1,Primitive,
2139,Tharnariun's Hope,PrimitiveCandidate,1,Primitive,
2158,Rest and Relaxation,PrimitiveCandidate,1,Primitive,
2159,Dolanaar Delivery,PrimitiveCandidate,1,Primitive,
2160,Supplies to Tannok,PrimitiveCandidate,1,Primitive,
2161,A Peon's Burden,PrimitiveCandidate,1,Primitive,
2202,Uldaman Reagent Run,PrimitiveCandidate,1,Primitive,
2258,Badlands Reagent Run,PrimitiveCandidate,3,Primitive,
2279,The Platinum Discs,PrimitiveCandidate,1,Primitive,
2342,Reclaimed Treasures,PrimitiveCandidate,1,Primitive,
2399,The Sprouted Fronds,PrimitiveCandidate,1,Primitive,
2418,Power Stones,PrimitiveCandidate,2,Primitive,
2438,The Emerald Dreamcatcher,PrimitiveCandidate,1,Primitive,
2439,The Platinum Discs,PrimitiveCandidate,1,Primitive,
2440,The Platinum Discs,PrimitiveCandidate,1,Primitive,
2459,Ferocitas the Dream Eater,HandlerOrSourceRequired,2,Primitive; Unsupported,item-objective-does-not-match-primary-template
2498,Return to Denalan,PrimitiveCandidate,1,Primitive,
2499,Oakenscowl,PrimitiveCandidate,1,Primitive,
2500,Badlands Reagent Run,PrimitiveCandidate,3,Primitive,
2518,Tears of the Moon,PrimitiveCandidate,1,Primitive,
2519,The Temple of the Moon,PrimitiveCandidate,1,Primitive,
2521,To Serve Kum'isha,PrimitiveCandidate,1,Primitive,
2541,The Sleeping Druid,PrimitiveCandidate,1,Primitive,
2581,Snickerfang Jowls,PrimitiveCandidate,3,Primitive,
2583,A Boar's Vitality,PrimitiveCandidate,3,Primitive,
2585,The Decisive Striker,PrimitiveCandidate,3,Primitive,
2601,The Basilisk's Bite,PrimitiveCandidate,2,Primitive,
2603,Vulture's Vigor,PrimitiveCandidate,2,Primitive,
2605,The Thirsty Goblin,PrimitiveCandidate,1,Primitive,
2606,In Good Taste,PrimitiveCandidate,1,Primitive,
2621,The Disgraced One,PrimitiveCandidate,1,Primitive,
2622,The Missing Orders,PrimitiveCandidate,1,Primitive,
2623,The Swamp Talker,PrimitiveCandidate,1,Primitive,
2641,Sprinkle's Secret Ingredient,PrimitiveCandidate,1,Primitive,
2661,Delivery for Marin,PrimitiveCandidate,1,Primitive,
2662,Noggenfogger Elixir,PrimitiveCandidate,1,Primitive,
2681,The Stones That Bind Us,PrimitiveCandidate,4,Primitive,
2701,Heroes of Old,PrimitiveCandidate,1,Primitive,
2702,Heroes of Old,PrimitiveCandidate,1,Primitive,
2721,Kirith,PrimitiveCandidate,1,Primitive,
2741,The Super Egg-O-Matic,PrimitiveCandidate,1,Primitive,
2743,The Cover of Darkness,PrimitiveCandidate,1,Primitive,
2745,Infiltrating the Castle,PrimitiveCandidate,1,Primitive,
2746,Items of Some Consequence,PrimitiveCandidate,2,Primitive,
2781,WANTED: Caliph Scorpidsting,PrimitiveCandidate,1,Primitive,
2782,Rin'ji's Secret,PrimitiveCandidate,1,Primitive,
2783,Petty Squabbles,PrimitiveCandidate,1,Primitive,
2821,The Mark of Quality,PrimitiveCandidate,2,Primitive,
2822,The Mark of Quality,PrimitiveCandidate,2,Primitive,
2844,The Giant Guardian,PrimitiveCandidate,1,Primitive,
2862,War on the Woodpaw,PrimitiveCandidate,1,Primitive,
2863,Alpha Strike,PrimitiveCandidate,1,Primitive,
2866,The Ruins of Solarsal,PrimitiveCandidate,1,Primitive,
2867,Return to Feathermoon Stronghold,PrimitiveCandidate,1,Primitive,
2869,Against the Hatecrest,PrimitiveCandidate,1,Primitive,
2870,Against Lord Shalzaru,PrimitiveCandidate,1,Primitive,
2871,Delivering the Relic,PrimitiveCandidate,1,Primitive,
2872,Stoley's Debt,PrimitiveCandidate,1,Primitive,
2873,Stoley's Shipment,PrimitiveCandidate,1,Primitive,
2874,Deliver to MacKinley,PrimitiveCandidate,1,Primitive,
2875,WANTED: Andre Firebeard,PrimitiveCandidate,1,Primitive,
2877,Skulk Rock Clean-up,PrimitiveCandidate,2,Primitive,
2879,The Stave of Equinex,PrimitiveCandidate,1,Primitive,
2880,Troll Necklace Bounty,PrimitiveCandidate,1,Primitive,
2881,Troll Necklace Bounty,PrimitiveCandidate,1,Primitive,
2882,Cuergo's Gold,PrimitiveCandidate,1,Primitive,
2902,Woodpaw Investigation,PrimitiveCandidate,1,Primitive,
2903,The Battle Plans,PrimitiveCandidate,1,Primitive,
2933,Venom Bottles,PrimitiveCandidate,1,Primitive,
2934,Undamaged Venom Sac,PrimitiveCandidate,1,Primitive,
2935,Consult Master Gadrin,PrimitiveCandidate,1,Primitive,
2938,Venom to the Undercity,PrimitiveCandidate,1,Primitive,
2939,In Search of Knowledge,PrimitiveCandidate,1,Primitive,
2940,Feralas: A History,PrimitiveCandidate,1,Primitive,
2941,The Borrower,PrimitiveCandidate,1,Primitive,
2942,The Morrow Stone,PrimitiveCandidate,1,Primitive,
2943,Return to Troyas,PrimitiveCandidate,1,Primitive,
2944,The Super Snapper FX,PrimitiveCandidate,1,Primitive,
2948,Gnome Improvement,PrimitiveCandidate,2,Primitive,
2950,Nogg's Ring Redo,PrimitiveCandidate,2,Primitive,
2963,Portents of Uldum,PrimitiveCandidate,1,Primitive,
2964,A Future Task,PrimitiveCandidate,1,Primitive,
2965,Portents of Uldum,PrimitiveCandidate,1,Primitive,
2967,Return to Thunder Bluff,PrimitiveCandidate,1,Primitive,
2968,A Future Task,PrimitiveCandidate,1,Primitive,
2970,Doling Justice,PrimitiveCandidate,3,Primitive,
2972,Doling Justice,PrimitiveCandidate,1,Primitive,
2973,A New Cloak's Sheen,PrimitiveCandidate,1,Primitive,
2974,A Grim Discovery,PrimitiveCandidate,1,Primitive,
2975,The Ogres of Feralas,PrimitiveCandidate,3,Primitive,
2976,A Grim Discovery,PrimitiveCandidate,1,Primitive,
2977,Return to Ironforge,PrimitiveCandidate,1,Primitive,
2979,Dark Ceremony,PrimitiveCandidate,1,Primitive,
2980,The Ogres of Feralas,PrimitiveCandidate,3,Primitive,
2981,A Threat in Feralas,PrimitiveCandidate,1,Primitive,
2982,The High Wilderness,PrimitiveCandidate,3,Primitive,
2987,Gordunni Cobalt,PrimitiveCandidate,1,Primitive,
2988,Witherbark Cages,PrimitiveCandidate,3,Primitive,
2990,Thadius Grimshade,PrimitiveCandidate,1,Primitive,
2992,The Divination,PrimitiveCandidate,1,Primitive,
2993,Return to the Hinterlands,PrimitiveCandidate,1,Primitive,
2994,Saving Sharpbeak,HandlerOrSourceRequired,2,Unsupported,event-or-cast-special-flags; item-objective-does-not-match-primary-template
2995,Lines of Communication,PrimitiveCandidate,3,Primitive,
3002,The Gordunni Orb,PrimitiveCandidate,1,Primitive,
3022,Handle With Care,PrimitiveCandidate,1,Primitive,
3062,Dark Heart,HandlerOrSourceRequired,2,Primitive; Unsupported,item-objective-does-not-match-primary-template
3063,Vengeance on the Northspring,PrimitiveCandidate,4,Primitive,
3121,A Strange Request,PrimitiveCandidate,1,Primitive,
3122,Return to Witch Doctor Uzer'i,PrimitiveCandidate,1,Primitive,
3123,Testing the Vessel,PrimitiveCandidate,1,Primitive,
3124,Hippogryph Muisek,PrimitiveCandidate,1,Primitive,
3125,Faerie Dragon Muisek,PrimitiveCandidate,1,Primitive,
3126,Treant Muisek,PrimitiveCandidate,1,Primitive,
3128,Natural Materials,PrimitiveCandidate,5,Primitive,
3129,Weapons of Spirit,PrimitiveCandidate,1,Primitive,
3130,Against the Hatecrest,PrimitiveCandidate,1,Primitive,
3161,Gahz'ridian,PrimitiveCandidate,1,Primitive,
3182,Proof of Deed,PrimitiveCandidate,1,Primitive,
3201,At Last!,PrimitiveCandidate,1,Primitive,
3221,Speak with Renferrel,PrimitiveCandidate,1,Primitive,
3261,Jorn Skyseer,PrimitiveCandidate,1,Primitive,
3281,Stolen Silver,PrimitiveCandidate,1,Primitive,
3301,Mura Runetotem,PrimitiveCandidate,1,Primitive,
3361,A Refugee's Quandary,PrimitiveCandidate,3,Primitive,
3362,Thistleshrub Valley,PrimitiveCandidate,2,Primitive,
3364,Scalding Mornbrew Delivery,PrimitiveCandidate,1,Primitive,
3365,Bring Back the Mug,PrimitiveCandidate,1,Primitive,
3368,Suntara Stones,PrimitiveCandidate,1,Primitive,
3369,In Nightmares,PrimitiveCandidate,1,Primitive,
3370,In Nightmares,PrimitiveCandidate,1,Primitive,
3371,Dwarven Justice,PrimitiveCandidate,1,Primitive,
3372,Release Them,PrimitiveCandidate,1,Primitive,
3375,Replacement Phial,HandlerOrSourceRequired,5,Primitive; Unsupported,special-gameobject-mechanism
3376,Break Sharptusk!,PrimitiveCandidate,1,Primitive,
3378,Prayer to Elune,PrimitiveCandidate,1,Primitive,
3383,<UNUSED>,PrimitiveCandidate,4,Primitive,
3442,The Flawless Flame,PrimitiveCandidate,2,Primitive,
3443,Forging the Shaft,PrimitiveCandidate,1,Primitive,
3444,The Stone Circle,PrimitiveCandidate,1,Primitive,
3445,The Sunken Temple,PrimitiveCandidate,1,Primitive,
3448,Passing the Burden,PrimitiveCandidate,1,Primitive,
3449,Arcane Runes,PrimitiveCandidate,4,Primitive,
3450,An Easy Pickup,PrimitiveCandidate,1,Primitive,
3451,Signal for Pickup,PrimitiveCandidate,1,Primitive,
3452,The Flame's Casing,PrimitiveCandidate,1,Primitive,
3454,The Torch of Retribution,PrimitiveCandidate,1,Primitive,
3461,Return to Tymor,PrimitiveCandidate,1,Primitive,
3462,Squire Maltrake,PrimitiveCandidate,1,Primitive,
3463,Set Them Ablaze!,PrimitiveCandidate,4,Primitive,
3481,Trinkets...,PrimitiveCandidate,1,Primitive,
3483,Signal for Pickup,PrimitiveCandidate,1,Primitive,
3501,Everything Counts In Large Amounts,PrimitiveCandidate,2,Primitive,
3504,Betrayed,PrimitiveCandidate,1,Primitive,
3506,Betrayed,PrimitiveCandidate,1,Primitive,
3507,Betrayed,PrimitiveCandidate,1,Primitive,
3508,Breaking the Ward,PrimitiveCandidate,1,Primitive,
3509,The Name of the Beast,PrimitiveCandidate,1,Primitive,
3510,The Name of the Beast,PrimitiveCandidate,3,Primitive,
3511,The Name of the Beast,PrimitiveCandidate,1,Primitive,
3512,In Eranikus' Own Words,PrimitiveCandidate,1,Primitive,
3514,Horde Presence,HandlerOrSourceRequired,1,Unsupported,provided-use-item-requires-contract; service-or-gossip-credit-target
3517,Stealing Knowledge,PrimitiveCandidate,4,Primitive,
3518,Delivery to Magatha,PrimitiveCandidate,1,Primitive,
3519,A Friend in Need,PrimitiveCandidate,1,Primitive,
3520,Screecher Spirits,HandlerOrSourceRequired,1,Unsupported,non-death-credit-trigger; provided-use-item-requires-contract; service-or-gossip-credit-target
3521,Iverron's Antidote,PrimitiveCandidate,4,Primitive,
3522,Iverron's Antidote,PrimitiveCandidate,1,Primitive,
3524,Washed Ashore,PrimitiveCandidate,1,Primitive,
3541,Delivery to Jes'rimon,PrimitiveCandidate,1,Primitive,
3542,Delivery to Andron Gant,PrimitiveCandidate,1,Primitive,
3561,Delivery to Archmage Xylem,PrimitiveCandidate,1,Primitive,
3562,Magatha's Payment to Jediga,PrimitiveCandidate,1,Primitive,
3563,Jes'rimon's Payment to Jediga,PrimitiveCandidate,1,Primitive,
3564,Andron's Payment to Jediga,PrimitiveCandidate,1,Primitive,
3565,Xylem's Payment to Jediga,PrimitiveCandidate,1,Primitive,
3566,"Rise, Obsidion!",PrimitiveCandidate,2,Primitive,
3568,Seeping Corruption,PrimitiveCandidate,1,Primitive,
3569,Seeping Corruption,PrimitiveCandidate,1,Primitive,
3570,Seeping Corruption,PrimitiveCandidate,1,Primitive,
3601,Kim'jael Indeed!,PrimitiveCandidate,4,Primitive,
3621,The Formation of Felbane,PrimitiveCandidate,1,Primitive,
3626,Return to the Blasted Lands,PrimitiveCandidate,1,Primitive,
3661,Favored of Elune?,PrimitiveCandidate,1,Primitive,
3701,The Smoldering Ruins of Thaurissan,PrimitiveCandidate,1,Primitive,
3721,An OOX of Your Own,PrimitiveCandidate,1,Primitive,
3741,Hilary's Necklace,PrimitiveCandidate,1,Primitive,
3761,Un'Goro Soil,PrimitiveCandidate,1,Primitive,
3762,Assisting Arch Druid Runetotem,PrimitiveCandidate,1,Primitive,
3763,Assisting Arch Druid Staghelm,PrimitiveCandidate,1,Primitive,
3764,Un'Goro Soil,PrimitiveCandidate,1,Primitive,
3765,The Corruption Abroad,PrimitiveCandidate,1,Primitive,
3781,Morrowgrain Research,PrimitiveCandidate,1,Primitive,
3782,Morrowgrain Research,PrimitiveCandidate,1,Primitive,
3783,"Are We There, Yeti?",PrimitiveCandidate,1,Primitive,
3784,Assisting Arch Druid Runetotem,PrimitiveCandidate,1,Primitive,
3786,Morrowgrain Research,PrimitiveCandidate,1,Primitive,
3787,Jonespyre's Request,PrimitiveCandidate,1,Primitive,
3788,Jonespyre's Request,PrimitiveCandidate,1,Primitive,
3789,Assisting Arch Druid Staghelm,PrimitiveCandidate,1,Primitive,
3790,Assisting Arch Druid Staghelm,PrimitiveCandidate,1,Primitive,
3791,The Mystery of Morrowgrain,PrimitiveCandidate,1,Primitive,
3821,Dreadmaul Rock,PrimitiveCandidate,1,Primitive,
3822,Krom'Grul,PrimitiveCandidate,1,Primitive,
3823,Extinguish the Firegut,PrimitiveCandidate,3,Primitive,
3824,Gor'tesh the Brute Lord,PrimitiveCandidate,1,Primitive,
3825,Ogre Head On A Stick = Party,HandlerOrSourceRequired,1,Unsupported,event-or-cast-special-flags
3841,An Orphan Looking For a Home,PrimitiveCandidate,1,Primitive,
3842,A Short Incubation,PrimitiveCandidate,1,Primitive,
3843,The Newest Member of the Family,PrimitiveCandidate,1,Primitive,
3844,It's a Secret to Everybody,PrimitiveCandidate,1,Primitive,
3845,It's a Secret to Everybody,PrimitiveCandidate,1,Primitive,
3881,Expedition Salvation,PrimitiveCandidate,2,Primitive,
3882,Roll the Bones,PrimitiveCandidate,2,Primitive,
3883,Alien Ecology,PrimitiveCandidate,1,Primitive,
3901,Rattling the Rattlecages,PrimitiveCandidate,1,Primitive,
3902,Scavenging Deathknell,PrimitiveCandidate,1,Primitive,
3903,Milly Osworth,PrimitiveCandidate,1,Primitive,
3904,Milly's Harvest,PrimitiveCandidate,1,Primitive,
3905,Grape Manifest,PrimitiveCandidate,1,Primitive,
3908,It's a Secret to Everybody,PrimitiveCandidate,1,Primitive,
3909,The Videre Elixir,PrimitiveCandidate,1,Primitive,
3912,Meet at the Grave,PrimitiveCandidate,1,Primitive,
3913,A Grave Situation,PrimitiveCandidate,1,Primitive,
3914,Linken's Sword,PrimitiveCandidate,1,Primitive,
3921,Wenikee Boltbucket,PrimitiveCandidate,1,Primitive,
3922,Nugget Slugs,PrimitiveCandidate,1,Primitive,
3923,Rilli Greasygob,PrimitiveCandidate,1,Primitive,
3924,Samophlange Manual,HandlerOrSourceRequired,2,Unsupported,item-objective-does-not-match-primary-template
3941,A Gnome's Assistance,PrimitiveCandidate,1,Primitive,
3942,Linken's Memory,PrimitiveCandidate,1,Primitive,
3961,Linken's Adventure,PrimitiveCandidate,1,Primitive,
4005,Aquementas,HandlerOrSourceRequired,2,Unsupported,item-objective-does-not-match-primary-template
4023,A Taste of Flame,PrimitiveCandidate,1,Primitive,
4061,The Rise of the Machines,PrimitiveCandidate,2,Primitive,
4062,The Rise of the Machines,PrimitiveCandidate,1,Primitive,
4084,Silver Heart,PrimitiveCandidate,2,Primitive,
4101,Cleansing Felwood,PrimitiveCandidate,1,Primitive,
4102,Cleansing Felwood,PrimitiveCandidate,1,Primitive,
4103,Salve via Hunting,PrimitiveCandidate,1,Primitive,
4120,The Strength of Corruption,PrimitiveCandidate,2,Primitive,
4124,The Missing Courier,PrimitiveCandidate,1,Primitive,
4125,The Missing Courier,PrimitiveCandidate,1,Primitive,
4127,Boat Wreckage,PrimitiveCandidate,1,Primitive,
4129,The Knife Revealed,PrimitiveCandidate,1,Primitive,
4130,Psychometric Reading,PrimitiveCandidate,1,Primitive,
4131,The Woodpaw Gnolls,PrimitiveCandidate,1,Primitive,
4135,The Writhing Deep,PrimitiveCandidate,1,Primitive,
4141,Muigin and Larion,PrimitiveCandidate,1,Primitive,
4142,A Visit to Gregan,PrimitiveCandidate,1,Primitive,
4144,Bloodpetal Sprouts,PrimitiveCandidate,1,Primitive,
4145,Larion and Muigin,PrimitiveCandidate,4,Primitive,
4147,Marvon's Workshop,PrimitiveCandidate,1,Primitive,
4182,Dragonkin Menace,PrimitiveCandidate,4,Primitive,
4243,Chasing A-Me 01,PrimitiveCandidate,1,Primitive,
4244,Chasing A-Me 01,PrimitiveCandidate,1,Primitive,
4266,A Hero's Welcome,PrimitiveCandidate,1,Primitive,
4267,Rise of the Silithid,PrimitiveCandidate,1,Primitive,
4283,FIFTY! YEP!,PrimitiveCandidate,1,Primitive,
4284,Crystals of Power,PrimitiveCandidate,4,Primitive,
4289,The Apes of Un'Goro,PrimitiveCandidate,3,Primitive,
4290,The Fare of Lar'korwi,PrimitiveCandidate,1,Primitive,
4291,The Scent of Lar'korwi,PrimitiveCandidate,1,Primitive,
4292,The Bait for Lar'korwi,PrimitiveCandidate,1,Primitive,
4293,A Sample of Slime...,HandlerOrSourceRequired,1,Unsupported,item-objective-does-not-match-primary-template
4294,... and a Batch of Ooze,HandlerOrSourceRequired,1,Unsupported,item-objective-does-not-match-primary-template
4296,Tablet of the Seven,PrimitiveCandidate,1,Primitive,
4297,Food for Baby,PrimitiveCandidate,1,Primitive,
4298,Becoming a Parent,PrimitiveCandidate,1,Primitive,
4300,Bone-Bladed Weapons,PrimitiveCandidate,1,Primitive,
4301,The Mighty U'cha,PrimitiveCandidate,1,Primitive,
4402,Galgar's Cactus Apple Surprise,PrimitiveCandidate,1,Primitive,
4421,The Corruption of the Jadefire,PrimitiveCandidate,4,Primitive,
4441,Felbound Ancients,PrimitiveCandidate,1,Primitive,
4442,Purified!,PrimitiveCandidate,1,Primitive,
4449,Caught!,PrimitiveCandidate,3,Primitive,
4450,Ledger from Tanaris,PrimitiveCandidate,4,Primitive,
4492,Lost!,PrimitiveCandidate,1,Primitive,
4493,March of the Silithid,PrimitiveCandidate,1,Primitive,
4494,March of the Silithid,PrimitiveCandidate,1,Primitive,
4495,A Good Friend,PrimitiveCandidate,1,Primitive,
4496,Bungle in the Jungle,PrimitiveCandidate,2,Primitive,
4501,Beware of Pterrordax,PrimitiveCandidate,1,Primitive,
4502,Volcanic Activity,PrimitiveCandidate,1,Primitive,
4503,Shizzle's Flyer,PrimitiveCandidate,2,Primitive,
4504,Super Sticky,PrimitiveCandidate,1,Primitive,
4505,Well of Corruption,PrimitiveCandidate,1,Primitive,
4508,Calm Before the Storm,PrimitiveCandidate,1,Primitive,
4509,Calm Before the Storm,PrimitiveCandidate,1,Primitive,
4510,Calm Before the Storm,PrimitiveCandidate,1,Primitive,
4511,Calm Before the Storm,PrimitiveCandidate,1,Primitive,
4512,A Little Slime Goes a Long Way,PrimitiveCandidate,1,Primitive,
4513,A Little Slime Goes a Long Way,PrimitiveCandidate,1,Primitive,
4521,Wild Guardians,PrimitiveCandidate,2,Primitive,
4542,Message to Freewind Post,PrimitiveCandidate,1,Primitive,
4581,Kayneth Stillwind,PrimitiveCandidate,1,Primitive,
4641,Your Place In The World,PrimitiveCandidate,1,Primitive,
4642,Melding of Influences,PrimitiveCandidate,1,Primitive,
4681,Washed Ashore,PrimitiveCandidate,1,Primitive,
4721,Wild Guardians,PrimitiveCandidate,1,Primitive,
4722,Beached Sea Turtle,PrimitiveCandidate,1,Primitive,
4723,Beached Sea Creature,PrimitiveCandidate,1,Primitive,
4725,Beached Sea Turtle,PrimitiveCandidate,1,Primitive,
4726,Broodling Essence,PrimitiveCandidate,1,Primitive,
4727,Beached Sea Turtle,PrimitiveCandidate,1,Primitive,
4728,Beached Sea Creature,PrimitiveCandidate,1,Primitive,
4730,Beached Sea Creature,PrimitiveCandidate,1,Primitive,
4731,Beached Sea Turtle,PrimitiveCandidate,1,Primitive,
4732,Beached Sea Turtle,PrimitiveCandidate,1,Primitive,
4733,Beached Sea Creature,PrimitiveCandidate,1,Primitive,
4740,WANTED: Murkdeep!,PrimitiveCandidate,1,Primitive,
4741,Wild Guardians,PrimitiveCandidate,1,Primitive,
4761,Thundris Windweaver,PrimitiveCandidate,1,Primitive,
4762,The Cliffspring River,PrimitiveCandidate,1,Primitive,
4763,The Blackwood Corrupted,HandlerOrSourceRequired,4,Primitive; Unsupported,gameobject-item-does-not-match-primary-template
4765,Delivery to Ridgewell,PrimitiveCandidate,1,Primitive,
4767,Wind Rider,PrimitiveCandidate,1,Primitive,
4787,The Ancient Egg,PrimitiveCandidate,1,Primitive,
4808,Felnok Steelspring,PrimitiveCandidate,1,Primitive,
4809,Chillwind Horns,PrimitiveCandidate,1,Primitive,
4810,Return to Tinkee,PrimitiveCandidate,1,Primitive,
4812,As Water Cascades,PrimitiveCandidate,1,Primitive,
4813,The Fragments Within,PrimitiveCandidate,1,Primitive,
4821,Alien Egg,PrimitiveCandidate,1,Primitive,
4841,Pacify the Centaur,PrimitiveCandidate,3,Primitive,
4861,Enraged Wildkin,PrimitiveCandidate,1,Primitive,
4863,Enraged Wildkin,PrimitiveCandidate,1,Primitive,
4864,Enraged Wildkin,PrimitiveCandidate,2,Primitive,
4865,Serpent Wild,PrimitiveCandidate,1,Primitive,
4881,Assassination Plot,PrimitiveCandidate,1,Primitive,
4883,Guarding Secrets,PrimitiveCandidate,1,Primitive,
4902,Wildkin of Elune,PrimitiveCandidate,1,Primitive,
4906,Further Corruption,PrimitiveCandidate,4,Primitive,
4921,Lost in Battle,HandlerOrSourceRequired,1,Unsupported,non-death-credit-trigger; service-or-gossip-credit-target
4971,A Matter of Time,HandlerOrSourceRequired,1,Unsupported,provided-use-item-requires-contract
4972,Counting Out Time,PrimitiveCandidate,1,Primitive,
4984,The Wildlife Suffers Too,PrimitiveCandidate,1,Primitive,
4985,The Wildlife Suffers Too,PrimitiveCandidate,1,Primitive,
4986,Glyphed Oaken Branch,PrimitiveCandidate,1,Primitive,
4987,Glyphed Oaken Branch,PrimitiveCandidate,1,Primitive,
5021,Better Late Than Never,PrimitiveCandidate,1,Primitive,
5022,Better Late Than Never,PrimitiveCandidate,1,Primitive,
5023,Better Late Than Never,PrimitiveCandidate,1,Primitive,
5041,Supplies for the Crossroads,PrimitiveCandidate,1,Primitive,
5048,Good Natured Emma,PrimitiveCandidate,1,Primitive,
5049,The Jeremiah Blues,PrimitiveCandidate,1,Primitive,
5050,Good Luck Charm,PrimitiveCandidate,1,Primitive,
5051,Two Halves Become One,HandlerOrSourceRequired,1,Unsupported,item-objective-does-not-match-primary-template
5052,Blood Shards of Agamaggan,PrimitiveCandidate,1,Primitive,
5054,Ursius of the Shardtooth,PrimitiveCandidate,1,Primitive,
5055,Brumeran of the Chillwind,PrimitiveCandidate,1,Primitive,
5057,Past Endeavors,PrimitiveCandidate,1,Primitive,
5058,Mrs. Dalson's Diary,PrimitiveCandidate,1,Primitive,
5060,Locked Away,PrimitiveCandidate,1,Primitive,
5062,Sacred Fire,PrimitiveCandidate,1,Primitive,
5064,Grimtotem Spying,PrimitiveCandidate,3,Primitive,
5065,The Lost Tablets of Mosh'aru,PrimitiveCandidate,2,Primitive,
5066,A Call to Arms: The Plaguelands!,PrimitiveCandidate,1,Primitive,
5082,Threat of the Winterfall,PrimitiveCandidate,3,Primitive,
5084,Falling to Corruption,PrimitiveCandidate,1,Primitive,
5085,Mystery Goo,PrimitiveCandidate,1,Primitive,
5086,Toxic Horrors,PrimitiveCandidate,1,Primitive,
5087,Winterfall Runners,PrimitiveCandidate,1,Primitive,
5090,A Call to Arms: The Plaguelands!,PrimitiveCandidate,1,Primitive,
5091,A Call to Arms: The Plaguelands!,PrimitiveCandidate,1,Primitive,
5092,Clear the Way,PrimitiveCandidate,2,Primitive,
5093,A Call to Arms: The Plaguelands!,PrimitiveCandidate,1,Primitive,
5094,A Call to Arms: The Plaguelands!,PrimitiveCandidate,1,Primitive,
5095,A Call to Arms: The Plaguelands!,PrimitiveCandidate,1,Primitive,
5097,All Along the Watchtowers,HandlerOrSourceRequired,4,Unsupported,non-death-credit-trigger; provided-use-item-requires-contract
5098,All Along the Watchtowers,HandlerOrSourceRequired,4,Unsupported,non-death-credit-trigger; provided-use-item-requires-contract
5101,Lee's Ultimate Test Quest... of Doom!,PrimitiveCandidate,1,Primitive,
5121,High Chief Winterfall,PrimitiveCandidate,1,Primitive,
5128,Words of the High Chief,PrimitiveCandidate,1,Primitive,
5142,Little Pamela,PrimitiveCandidate,1,Primitive,
5147,Wanted - Arnak Grimtotem,PrimitiveCandidate,1,Primitive,
5149,Pamela's Doll,HandlerOrSourceRequired,3,Unsupported,gameobject-item-does-not-match-primary-template
5152,Auntie Marlene,PrimitiveCandidate,1,Primitive,
5153,A Strange Historian,PrimitiveCandidate,1,Primitive,
5154,The Annals of Darrowshire,PrimitiveCandidate,1,Primitive,
5155,Forces of Jaedenar,PrimitiveCandidate,4,Primitive,
5157,Collection of the Corrupt Water,PrimitiveCandidate,1,Primitive,
5158,Seeking Spiritual Aid,PrimitiveCandidate,1,Primitive,
5159,Cleansed Water Returns to Felwood,PrimitiveCandidate,1,Primitive,
5161,Wrath of the Blue Flight,PrimitiveCandidate,1,Primitive,
5163,"Are We There, Yeti?",HandlerOrSourceRequired,3,Unsupported,event-or-cast-special-flags; non-death-credit-trigger; provided-use-item-requires-contract; service-or-gossip-credit-target
5165,Dousing the Flames of Protection,HandlerOrSourceRequired,4,Unsupported,event-or-cast-special-flags
5168,Heroes of Darrowshire,PrimitiveCandidate,2,Primitive,
5181,Villains of Darrowshire,PrimitiveCandidate,2,Primitive,
5204,Retribution of the Light,PrimitiveCandidate,1,Primitive,
5206,Marauders of Darrowshire,HandlerOrSourceRequired,1,Unsupported,item-objective-does-not-match-primary-template
5210,Brother Carlin,PrimitiveCandidate,1,Primitive,
5211,Defenders of Darrowshire,HandlerOrSourceRequired,1,Unsupported,non-death-credit-trigger; service-or-gossip-credit-target
5215,The Scourge Cauldrons,PrimitiveCandidate,1,Primitive,
5216,Target: Felstone Field,PrimitiveCandidate,1,Primitive,
5217,Return to Chillwind Camp,PrimitiveCandidate,1,Primitive,
5219,Target: Dalson's Tears,PrimitiveCandidate,1,Primitive,
5220,Return to Chillwind Camp,PrimitiveCandidate,1,Primitive,
5222,Target: Writhing Haunt,PrimitiveCandidate,1,Primitive,
5223,Return to Chillwind Camp,PrimitiveCandidate,1,Primitive,
5225,Target: Gahrron's Withering,PrimitiveCandidate,1,Primitive,
5226,Return to Chillwind Camp,PrimitiveCandidate,1,Primitive,
5228,The Scourge Cauldrons,PrimitiveCandidate,1,Primitive,
5229,Target: Felstone Field,PrimitiveCandidate,1,Primitive,
5230,Return to the Bulwark,PrimitiveCandidate,1,Primitive,
5231,Target: Dalson's Tears,PrimitiveCandidate,1,Primitive,
5232,Return to the Bulwark,PrimitiveCandidate,1,Primitive,
5233,Target: Writhing Haunt,PrimitiveCandidate,1,Primitive,
5234,Return to the Bulwark,PrimitiveCandidate,1,Primitive,
5235,Target: Gahrron's Withering,PrimitiveCandidate,1,Primitive,
5236,Return to the Bulwark,PrimitiveCandidate,1,Primitive,
5237,Mission Accomplished!,PrimitiveCandidate,1,Primitive,
5238,Mission Accomplished!,PrimitiveCandidate,1,Primitive,
5241,Uncle Carlin,PrimitiveCandidate,1,Primitive,
5242,A Final Blow,PrimitiveCandidate,3,Primitive,
5244,The Ruins of Kel'Theril,PrimitiveCandidate,1,Primitive,
5245,Troubled Spirits of Kel'Theril,PrimitiveCandidate,4,Primitive,
5246,Fragments of the Past,PrimitiveCandidate,1,Primitive,
5247,Fragments of the Past,PrimitiveCandidate,1,Primitive,
5248,Tormented By the Past,PrimitiveCandidate,1,Primitive,
5249,To Winterspring!,PrimitiveCandidate,1,Primitive,
5250,Starfall,PrimitiveCandidate,1,Primitive,
5252,Remorseful Highborne,PrimitiveCandidate,1,Primitive,
5253,The Crystal of Zin-Malor,PrimitiveCandidate,1,Primitive,
5261,Eagan Peltskinner,PrimitiveCandidate,1,Primitive,
5264,Lord Maxwell Tyrosus,PrimitiveCandidate,1,Primitive,
5265,The Argent Hold,PrimitiveCandidate,1,Primitive,
5361,Family Tree,PrimitiveCandidate,1,Primitive,
5381,Hand of Iruxos,PrimitiveCandidate,1,Primitive,
5385,The Remains of Trey Lightforge,PrimitiveCandidate,1,Primitive,
5386,Catch of the Day,PrimitiveCandidate,1,Primitive,
5401,Argent Dawn Commission,PrimitiveCandidate,1,Primitive,
5405,Argent Dawn Commission,PrimitiveCandidate,1,Primitive,
5481,Gordo's Task,PrimitiveCandidate,1,Primitive,
5482,Doom Weed,PrimitiveCandidate,1,Primitive,
5501,Bone Collector,PrimitiveCandidate,1,Primitive,
5503,Argent Dawn Commission,PrimitiveCandidate,1,Primitive,
5505,The Key to Scholomance,PrimitiveCandidate,1,Primitive,
5511,The Key to Scholomance,PrimitiveCandidate,1,Primitive,
5514,Mold Rhymes With...,PrimitiveCandidate,1,Primitive,
5527,A Reliquary of Purity,PrimitiveCandidate,1,Primitive,
5533,Scholomance,PrimitiveCandidate,1,Primitive,
5534,"Kim'jael's ""Missing"" Equipment",PrimitiveCandidate,1,Primitive,
5535,Spiritual Unrest,PrimitiveCandidate,2,Primitive,
5536,A Land Filled with Hatred,PrimitiveCandidate,3,Primitive,
5537,Skeletal Fragments,PrimitiveCandidate,1,Primitive,
5538,Mold Rhymes With...,PrimitiveCandidate,1,Primitive,
5541,Ammo for Rumbleshot,PrimitiveCandidate,1,Primitive,
5542,Demon Dogs,PrimitiveCandidate,3,Primitive,
5543,Blood Tinged Skies,PrimitiveCandidate,1,Primitive,
5544,Carrion Grubbage,PrimitiveCandidate,1,Primitive,
5545,A Bundle of Trouble,PrimitiveCandidate,1,Primitive,
5561,Kodo Roundup,HandlerOrSourceRequired,1,Unsupported,cpp-objective-owner; provided-use-item-requires-contract; service-or-gossip-credit-target
5581,Portals of the Legion,HandlerOrSourceRequired,1,Unsupported,provided-use-item-requires-contract
5601,Sister Pamela,PrimitiveCandidate,1,Primitive,
5741,Sceptre of Light,PrimitiveCandidate,1,Primitive,
5762,Hemet Nesingwary Jr.,PrimitiveCandidate,1,Primitive,
5763,Hunting in Stranglethorn,PrimitiveCandidate,1,Primitive,
5781,Of Forgotten Memories,PrimitiveCandidate,1,Primitive,
5801,Fire Plume Forged,PrimitiveCandidate,1,Primitive,
5802,Fire Plume Forged,PrimitiveCandidate,1,Primitive,
5845,Of Lost Honor,PrimitiveCandidate,1,Primitive,
5846,Of Love and Family,PrimitiveCandidate,1,Primitive,
5861,Find Myranda,PrimitiveCandidate,1,Primitive,
5863,The Dunemaul Compound,PrimitiveCandidate,3,Primitive,
5881,Calling in the Reserves,PrimitiveCandidate,1,Primitive,
5882,Salve via Hunting,PrimitiveCandidate,1,Primitive,
5901,A Plague Upon Thee,PrimitiveCandidate,1,Primitive,
5902,A Plague Upon Thee,PrimitiveCandidate,1,Primitive,
5903,A Plague Upon Thee,PrimitiveCandidate,1,Primitive,
5904,A Plague Upon Thee,PrimitiveCandidate,1,Primitive,
5941,Return to Chromie,PrimitiveCandidate,1,Primitive,
5942,Hidden Treasures,PrimitiveCandidate,1,Primitive,
5961,The Champion of the Banshee Queen,PrimitiveCandidate,1,Primitive,
6004,Unfinished Business,PrimitiveCandidate,4,Primitive,
6021,Zaeldarr the Outcast,PrimitiveCandidate,1,Primitive,
6022,To Kill With Purpose,HandlerOrSourceRequired,1,Unsupported,item-objective-does-not-match-primary-template
6023,Unfinished Business,PrimitiveCandidate,2,Primitive,
6024,Hameya's Plea,PrimitiveCandidate,1,Primitive,
6026,That's Asking A Lot,PrimitiveCandidate,1,Primitive,
6027,Book of the Ancients,PrimitiveCandidate,1,Primitive,
6028,The Everlook Report,PrimitiveCandidate,1,Primitive,
6029,The Everlook Report,PrimitiveCandidate,1,Primitive,
6030,Duke Nicholas Zverenhoff,PrimitiveCandidate,1,Primitive,
6031,Runecloth,PrimitiveCandidate,2,Primitive,
6041,"When Smokey Sings, I Get Violent",HandlerOrSourceRequired,1,Unsupported,non-death-credit-trigger; provided-use-item-requires-contract
6042,Un-Life's Little Annoyances,PrimitiveCandidate,2,Primitive,
6133,The Ranger Lord's Behest,PrimitiveCandidate,3,Primitive,
6134,Ghost-o-plasm Round Up,PrimitiveCandidate,1,Primitive,
6135,"Duskwing, Oh How I Hate Thee...",PrimitiveCandidate,1,Primitive,
6136,The Corpulent One,PrimitiveCandidate,1,Primitive,
6141,Brother Anton,PrimitiveCandidate,1,Primitive,
6142,Clam Bait,HandlerOrSourceRequired,3,Primitive; Unsupported,gameobject-item-does-not-match-primary-template; item-objective-does-not-match-primary-template
6144,The Call to Command,PrimitiveCandidate,1,Primitive,
6161,Claim Rackmore's Treasure!,PrimitiveCandidate,2,Primitive,
6162,A Husband's Last Battle,PrimitiveCandidate,1,Primitive,
6164,Augustus' Receipt Book,PrimitiveCandidate,1,Primitive,
6181,A Swift Message,PrimitiveCandidate,1,Primitive,
6221,Deadwood of the North,PrimitiveCandidate,3,Primitive,
6241,Winterfall Activity,PrimitiveCandidate,3,Primitive,
6261,Dungar Longdrink,PrimitiveCandidate,1,Primitive,
6281,Continue to Stormwind,PrimitiveCandidate,1,Primitive,
6282,Harpies Threaten,PrimitiveCandidate,4,Primitive,
6283,Bloodfury Bloodline,PrimitiveCandidate,1,Primitive,
6285,Return to Lewis,PrimitiveCandidate,1,Primitive,
6301,Cycle of Rebirth,PrimitiveCandidate,1,Primitive,
6321,Supplying the Sepulcher,PrimitiveCandidate,1,Primitive,
6322,Michael Garrett,PrimitiveCandidate,1,Primitive,
6323,Ride to the Undercity,PrimitiveCandidate,1,Primitive,
6324,Return to Podrig,PrimitiveCandidate,1,Primitive,
6341,The Bounty of Teldrassil,PrimitiveCandidate,1,Primitive,
6342,Flight to Auberdine,PrimitiveCandidate,1,Primitive,
6343,Return to Nessa,PrimitiveCandidate,1,Primitive,
6344,Nessa Shadowsong,PrimitiveCandidate,1,Primitive,
6361,A Bundle of Hides,PrimitiveCandidate,1,Primitive,
6362,Ride to Thunder Bluff,PrimitiveCandidate,1,Primitive,
6363,Tal the Wind Rider Master,PrimitiveCandidate,1,Primitive,
6364,Return to Jahan,PrimitiveCandidate,1,Primitive,
6365,Meats to Orgrimmar,PrimitiveCandidate,1,Primitive,
6381,New Life,HandlerOrSourceRequired,1,Unsupported,event-or-cast-special-flags
6382,The Ashenvale Hunt,PrimitiveCandidate,1,Primitive,
6383,The Ashenvale Hunt,PrimitiveCandidate,1,Primitive,
6384,Ride to Orgrimmar,PrimitiveCandidate,1,Primitive,
6385,Doras the Wind Rider Master,PrimitiveCandidate,1,Primitive,
6386,Return to the Crossroads.,PrimitiveCandidate,1,Primitive,
6387,Honor Students,PrimitiveCandidate,1,Primitive,
6388,Gryth Thurden,PrimitiveCandidate,1,Primitive,
6389,A Plague Upon Thee,PrimitiveCandidate,1,Primitive,
6390,A Plague Upon Thee,PrimitiveCandidate,1,Primitive,
6391,Ride to Ironforge,PrimitiveCandidate,1,Primitive,
6392,Return to Brock,PrimitiveCandidate,1,Primitive,
6393,Elemental War,PrimitiveCandidate,1,Primitive,
6394,Thazz'ril's Pick,PrimitiveCandidate,1,Primitive,
6395,Marla's Last Wish,HandlerOrSourceRequired,2,Unsupported,event-or-cast-special-flags; item-objective-does-not-match-primary-template
6401,Kaya's Alive,PrimitiveCandidate,1,Primitive,
6441,Satyr Horns,PrimitiveCandidate,1,Primitive,
6442,Naga at the Zoram Strand,PrimitiveCandidate,1,Primitive,
6461,Blood Feeders,PrimitiveCandidate,2,Primitive,
6462,Troll Charm,PrimitiveCandidate,1,Primitive,
6481,Earthen Arise,HandlerOrSourceRequired,1,Unsupported,provided-use-item-requires-contract
6503,Ashenvale Outrunners,PrimitiveCandidate,1,Primitive,
6504,The Lost Pages,PrimitiveCandidate,1,Primitive,
6541,Report to Kadrak,PrimitiveCandidate,1,Primitive,
6542,Report to Kadrak,PrimitiveCandidate,1,Primitive,
6543,The Warsong Reports,PrimitiveCandidate,1,Primitive,
6548,Avenge My Village,PrimitiveCandidate,2,Primitive,
6567,The Champion of the Horde,PrimitiveCandidate,1,Primitive,
6568,Mistress of Deception,PrimitiveCandidate,1,Primitive,
6571,Warsong Supplies,PrimitiveCandidate,3,Primitive,
6601,Ascension...,PrimitiveCandidate,1,Primitive,
6603,Trouble in Winterspring!,PrimitiveCandidate,1,Primitive,
6604,Enraged Wildkin,PrimitiveCandidate,1,Primitive,
6605,A Strange One,PrimitiveCandidate,1,Primitive,
6606,A Little Luck,PrimitiveCandidate,1,Primitive,
6621,King of the Foulweald,PrimitiveCandidate,2,Primitive,
6629,Kill Grundig Darkcloud,PrimitiveCandidate,2,Primitive,
6661,Deeprun Rat Roundup,HandlerOrSourceRequired,1,Unsupported,event-or-cast-special-flags; non-death-credit-trigger; provided-use-item-requires-contract
6662,"Me Brother, Nipsy",PrimitiveCandidate,1,Primitive,
6761,The New Frontier,PrimitiveCandidate,1,Primitive,
6762,Rabine Saturna,PrimitiveCandidate,1,Primitive,
6805,Stormers and Rumblers,PrimitiveCandidate,2,Primitive,
6844,"Umber, Archivist",PrimitiveCandidate,1,Primitive,
6845,Uncovering Past Secrets,PrimitiveCandidate,1,Primitive,
7003,Zapped Giants,PrimitiveCandidate,1,Primitive,
7383,Crown of the Earth,PrimitiveCandidate,1,Primitive,
7384,<nyi> <txt> The Scale Crafters,PrimitiveCandidate,1,Primitive,
7486,A Hero's Reward,PrimitiveCandidate,1,Primitive,
7541,Service to the Horde,PrimitiveCandidate,1,Primitive,
7701,WANTED: Overseer Maltorius,PrimitiveCandidate,1,Primitive,
7702,Kill 'Em With Sleep Deprivation,PrimitiveCandidate,1,Primitive,
7721,Fuel for the Zapping,PrimitiveCandidate,1,Primitive,
7722,What the Flux?,PrimitiveCandidate,1,Primitive,
7723,Curse These Fat Fingers,PrimitiveCandidate,1,Primitive,
7724,Fiery Menace!,PrimitiveCandidate,1,Primitive,
7727,Incendosaurs? Whateverosaur is More Like It,PrimitiveCandidate,1,Primitive,
7728,STOLEN: Smithing Tuyere and Lookout's Spyglass,PrimitiveCandidate,2,Primitive,
7729,JOB OPPORTUNITY: Culling the Competition,PrimitiveCandidate,2,Primitive,
7730,Zukk'ash Infestation,PrimitiveCandidate,1,Primitive,
7731,Stinglasher,PrimitiveCandidate,1,Primitive,
7732,Zukk'ash Report,PrimitiveCandidate,1,Primitive,
7733,Improved Quality,PrimitiveCandidate,1,Primitive,
7734,Improved Quality,PrimitiveCandidate,1,Primitive,
7782,The Lord of Blackrock,PrimitiveCandidate,1,Primitive,
7784,The Lord of Blackrock,PrimitiveCandidate,1,Primitive,
7790,REUSE,PrimitiveCandidate,1,Primitive,
7791,A Donation of Wool,HandlerOrSourceRequired,2,Primitive; Unsupported,special-gameobject-mechanism
7792,A Donation of Wool,HandlerOrSourceRequired,2,Primitive; Unsupported,special-gameobject-mechanism
7793,A Donation of Silk,HandlerOrSourceRequired,2,Primitive; Unsupported,special-gameobject-mechanism
7794,A Donation of Mageweave,HandlerOrSourceRequired,2,Primitive; Unsupported,special-gameobject-mechanism
7795,A Donation of Runecloth,HandlerOrSourceRequired,2,Primitive; Unsupported,special-gameobject-mechanism
7798,A Donation of Silk,HandlerOrSourceRequired,2,Primitive; Unsupported,special-gameobject-mechanism
7799,A Donation of Mageweave,HandlerOrSourceRequired,2,Primitive; Unsupported,special-gameobject-mechanism
7800,A Donation of Runecloth,HandlerOrSourceRequired,2,Primitive; Unsupported,special-gameobject-mechanism
7802,A Donation of Wool,HandlerOrSourceRequired,2,Primitive; Unsupported,special-gameobject-mechanism
7803,A Donation of Silk,HandlerOrSourceRequired,2,Primitive; Unsupported,special-gameobject-mechanism
7804,A Donation of Mageweave,HandlerOrSourceRequired,2,Primitive; Unsupported,special-gameobject-mechanism
7805,A Donation of Runecloth,HandlerOrSourceRequired,2,Primitive; Unsupported,special-gameobject-mechanism
7807,A Donation of Wool,HandlerOrSourceRequired,2,Primitive; Unsupported,special-gameobject-mechanism
7808,A Donation of Silk,HandlerOrSourceRequired,2,Primitive; Unsupported,special-gameobject-mechanism
7809,A Donation of Mageweave,HandlerOrSourceRequired,2,Primitive; Unsupported,special-gameobject-mechanism
7811,A Donation of Runecloth,HandlerOrSourceRequired,2,Primitive; Unsupported,special-gameobject-mechanism
7813,A Donation of Wool,HandlerOrSourceRequired,2,Primitive; Unsupported,special-gameobject-mechanism
7814,A Donation of Silk,HandlerOrSourceRequired,2,Primitive; Unsupported,special-gameobject-mechanism
7815,"Snapjaws, Mon!",PrimitiveCandidate,1,Primitive,
7816,"Gammerita, Mon!",PrimitiveCandidate,1,Primitive,
7817,A Donation of Mageweave,HandlerOrSourceRequired,2,Primitive; Unsupported,special-gameobject-mechanism
7818,A Donation of Runecloth,HandlerOrSourceRequired,2,Primitive; Unsupported,special-gameobject-mechanism
7820,A Donation of Wool,HandlerOrSourceRequired,2,Primitive; Unsupported,special-gameobject-mechanism
7821,A Donation of Silk,HandlerOrSourceRequired,2,Primitive; Unsupported,special-gameobject-mechanism
7822,A Donation of Mageweave,HandlerOrSourceRequired,2,Primitive; Unsupported,special-gameobject-mechanism
7823,A Donation of Runecloth,HandlerOrSourceRequired,2,Primitive; Unsupported,special-gameobject-mechanism
7824,A Donation of Runecloth,HandlerOrSourceRequired,2,Primitive; Unsupported,special-gameobject-mechanism
7826,A Donation of Wool,HandlerOrSourceRequired,2,Primitive; Unsupported,special-gameobject-mechanism
7827,A Donation of Silk,HandlerOrSourceRequired,2,Primitive; Unsupported,special-gameobject-mechanism
7828,Stalking the Stalkers,PrimitiveCandidate,2,Primitive,
7829,Hunt the Savages,PrimitiveCandidate,1,Primitive,
7830,Avenging the Fallen,PrimitiveCandidate,1,Primitive,
7831,A Donation of Mageweave,HandlerOrSourceRequired,2,Primitive; Unsupported,special-gameobject-mechanism
7833,A Donation of Wool,HandlerOrSourceRequired,2,Primitive; Unsupported,special-gameobject-mechanism
7834,A Donation of Silk,HandlerOrSourceRequired,2,Primitive; Unsupported,special-gameobject-mechanism
7835,A Donation of Mageweave,HandlerOrSourceRequired,2,Primitive; Unsupported,special-gameobject-mechanism
7836,A Donation of Runecloth,HandlerOrSourceRequired,2,Primitive; Unsupported,special-gameobject-mechanism
7839,Vilebranch Hooligans,PrimitiveCandidate,1,Primitive,
7840,Lard Lost His Lunch,PrimitiveCandidate,1,Primitive,
7844,Cannibalistic Cousins,PrimitiveCandidate,2,Primitive,
7845,Kidnapped Elder Torntusk!,PrimitiveCandidate,1,Primitive,
7847,Return to Primal Torntusk,PrimitiveCandidate,1,Primitive,
7849,Separation Anxiety,PrimitiveCandidate,2,Primitive,
7850,Dark Vessels,PrimitiveCandidate,1,Primitive,
7861,Wanted: Vile Priestess Hexx and Her Minions,PrimitiveCandidate,2,Primitive,
7862,Job Opening: Guard Captain of Revantusk Village,PrimitiveCandidate,4,Primitive,
7863,Sentinel Basic Care Package,PrimitiveCandidate,1,Primitive,
7864,Sentinel Standard Care Package,PrimitiveCandidate,1,Primitive,
7865,Sentinel Advanced Care Package,PrimitiveCandidate,1,Primitive,
7866,Outrider Basic Care Package,PrimitiveCandidate,1,Primitive,
7867,Outrider Standard Care Package,PrimitiveCandidate,1,Primitive,
7868,Outrider Advanced Care Package,PrimitiveCandidate,1,Primitive,
8183,The Heart of Hakkar,HandlerOrSourceRequired,1,Unsupported,cpp-item-producer-owner
8262,Arathor Advanced Care Package,PrimitiveCandidate,1,Primitive,
8265,Defiler's Advanced Care Package,PrimitiveCandidate,1,Primitive,
8273,Oran's Gratitude,PrimitiveCandidate,1,Primitive,
8274,Test Kill Quest,PrimitiveCandidate,1,Primitive,
8275,Taking Back Silithus,PrimitiveCandidate,1,Primitive,
8276,Taking Back Silithus,PrimitiveCandidate,1,Primitive,
8277,Deadly Desert Venom,PrimitiveCandidate,2,Primitive,
8278,Noggle's Last Hope,PrimitiveCandidate,3,Primitive,
8279,The Twilight Lexicon,PrimitiveCandidate,3,Primitive,
8280,Securing the Supply Lines,PrimitiveCandidate,1,Primitive,
8281,Stepping Up Security,HandlerOrSourceRequired,1,Unsupported,service-or-gossip-credit-target
8282,Noggle's Lost Satchel,PrimitiveCandidate,1,Primitive,
8284,The Twilight Mystery,PrimitiveCandidate,2,Primitive,
8285,The Deserter,PrimitiveCandidate,1,Primitive,
8287,A Terrible Purpose,PrimitiveCandidate,1,Primitive,
8301,The Path of the Righteous,PrimitiveCandidate,1,Primitive,
8303,Anachronos,PrimitiveCandidate,1,Primitive,
8304,Dearest Natalia,HandlerOrSourceRequired,2,Unsupported,non-death-credit-trigger
8306,Into The Maw of Madness,PrimitiveCandidate,1,Primitive,
8309,Glyph Chasing,PrimitiveCandidate,1,Primitive,
8310,Breaking the Code,PrimitiveCandidate,4,Primitive,
8314,Unraveling the Mystery,PrimitiveCandidate,1,Primitive,
8318,Secret Communication,PrimitiveCandidate,1,Primitive,
8320,Twilight Geolords,PrimitiveCandidate,1,Primitive,
8321,Vyral the Vile,PrimitiveCandidate,1,Primitive,
8323,True Believers,PrimitiveCandidate,1,Primitive,
8325,Reclaiming Sunstrider Isle,PrimitiveCandidate,1,Primitive,
8326,Unfortunate Measures,PrimitiveCandidate,1,Primitive,
8327,Report to Lanthan Perilon,PrimitiveCandidate,1,Primitive,
8330,Solanian's Belongings,PrimitiveCandidate,3,Primitive,
8331,Aurel Goldleaf,PrimitiveCandidate,1,Primitive,
8332,Dukes of the Council,PrimitiveCandidate,1,Primitive,
8334,Aggression,PrimitiveCandidate,2,Primitive,
8335,Felendren the Banished,PrimitiveCandidate,3,Primitive,
8336,A Fistful of Slivers,PrimitiveCandidate,1,Primitive,
8337,<UNUSED>,PrimitiveCandidate,1,Primitive,
8343,Goldleaf's Discovery,PrimitiveCandidate,1,Primitive,
8345,The Shrine of Dath'Remar,PrimitiveCandidate,1,Primitive,
8346,Thirst Unending,HandlerOrSourceRequired,1,Unsupported,event-or-cast-special-flags
8347,Aiding the Outrunners,PrimitiveCandidate,1,Primitive,
8349,Bor Wildmane,PrimitiveCandidate,1,Primitive,
8350,Completing the Delivery,PrimitiveCandidate,1,Primitive,
8361,Abyssal Contacts,PrimitiveCandidate,1,Primitive,
8365,Pirate Hats Ahoy!,PrimitiveCandidate,1,Primitive,
8366,Southsea Shakedown,PrimitiveCandidate,4,Primitive,
8458,<UNUSED>,PrimitiveCandidate,1,Primitive,
8460,Timbermaw Ally,PrimitiveCandidate,3,Primitive,
8461,Deadwood of the North,PrimitiveCandidate,3,Primitive,
8462,Speak to Nafien,PrimitiveCandidate,1,Primitive,
8463,Unstable Mana Crystals,PrimitiveCandidate,1,Primitive,
8464,Winterfall Activity,PrimitiveCandidate,3,Primitive,
8465,Speak to Salfa,PrimitiveCandidate,1,Primitive,
8468,Wanted: Thaelis the Hungerer,PrimitiveCandidate,1,Primitive,
8472,Major Malfunction,PrimitiveCandidate,1,Primitive,
8473,A Somber Task,PrimitiveCandidate,1,Primitive,
8475,The Dead Scar,PrimitiveCandidate,1,Primitive,
8476,Amani Encroachment,PrimitiveCandidate,2,Primitive,
8477,The Spearcrafter's Hammer,PrimitiveCandidate,1,Primitive,
8479,Zul'Marosh,PrimitiveCandidate,1,Primitive,
8480,Lost Armaments,PrimitiveCandidate,1,Primitive,
8483,The Dwarven Spy,PrimitiveCandidate,1,Primitive,
8486,Arcane Instability,PrimitiveCandidate,2,Primitive,
8487,Corrupted Soil,PrimitiveCandidate,1,Primitive,
8490,Powering our Defenses,HandlerOrSourceRequired,1,Unsupported,non-death-credit-trigger; provided-use-item-requires-contract
8491,Pelt Collection,PrimitiveCandidate,1,Primitive,
8492,The Alliance Needs Copper Bars!,PrimitiveCandidate,1,Primitive,
8494,The Alliance Needs Iron Bars!,PrimitiveCandidate,1,Primitive,
8499,The Alliance Needs Thorium Bars!,PrimitiveCandidate,1,Primitive,
8503,The Alliance Needs Stranglekelp!,PrimitiveCandidate,2,Primitive,
8505,The Alliance Needs Purple Lotus!,PrimitiveCandidate,1,Primitive,
8509,The Alliance Needs Arthas' Tears!,PrimitiveCandidate,1,Primitive,
8511,The Alliance Needs Light Leather!,HandlerOrSourceRequired,2,Primitive; Unsupported,special-gameobject-mechanism
8513,The Alliance Needs Medium Leather!,HandlerOrSourceRequired,2,Primitive; Unsupported,special-gameobject-mechanism
8515,The Alliance Needs Thick Leather!,PrimitiveCandidate,1,Primitive,
8517,The Alliance Needs Linen Bandages!,PrimitiveCandidate,1,Primitive,
8520,The Alliance Needs Silk Bandages!,PrimitiveCandidate,1,Primitive,
8522,The Alliance Needs Runecloth Bandages!,PrimitiveCandidate,1,Primitive,
8524,The Alliance Needs Rainbow Fin Albacore!,PrimitiveCandidate,1,Primitive,
8526,The Alliance Needs Roast Raptor!,PrimitiveCandidate,1,Primitive,
8528,The Alliance Needs Spotted Yellowtail!,PrimitiveCandidate,1,Primitive,
8532,The Horde Needs Copper Bars!,PrimitiveCandidate,1,Primitive,
8542,The Horde Needs Tin Bars!,PrimitiveCandidate,1,Primitive,
8545,The Horde Needs Mithril Bars!,PrimitiveCandidate,1,Primitive,
8549,The Horde Needs Peacebloom!,PrimitiveCandidate,2,Primitive,
8553,The Captain's Cutlass,PrimitiveCandidate,1,Primitive,
8555,The Charge of the Dragonflights,PrimitiveCandidate,1,Primitive,
8571,<UNUSED> Armor Kits,PrimitiveCandidate,1,Primitive,
8576,Translating the Ledger,PrimitiveCandidate,1,Primitive,
8577,"Stewvul, Ex-B.F.F.",PrimitiveCandidate,1,Primitive,
8580,The Horde Needs Firebloom!,PrimitiveCandidate,2,Primitive,
8582,The Horde Needs Purple Lotus!,PrimitiveCandidate,1,Primitive,
8584,Never Ask Me About My Business,PrimitiveCandidate,1,Primitive,
8586,Dirge's Kickin' Chimaerok Chops,PrimitiveCandidate,3,Primitive,
8587,Return to Narain,PrimitiveCandidate,1,Primitive,
8588,The Horde Needs Heavy Leather!,HandlerOrSourceRequired,2,Primitive; Unsupported,special-gameobject-mechanism
8590,The Horde Needs Thick Leather!,PrimitiveCandidate,1,Primitive,
8597,Draconic for Dummies,PrimitiveCandidate,1,Primitive,
8598,rAnS0m,PrimitiveCandidate,1,Primitive,
8599,Love Song for Narain,PrimitiveCandidate,1,Primitive,
8600,The Horde Needs Rugged Leather!,PrimitiveCandidate,1,Primitive,
8604,The Horde Needs Wool Bandages!,PrimitiveCandidate,1,Primitive,
8607,The Horde Needs Mageweave Bandages!,PrimitiveCandidate,1,Primitive,
8610,The Horde Needs More Runecloth Bandages!,PrimitiveCandidate,1,Primitive,
8611,The Horde Needs Lean Wolf Steaks!,PrimitiveCandidate,1,Primitive,
8613,The Horde Needs Spotted Yellowtail!,PrimitiveCandidate,1,Primitive,
8615,The Horde Needs Baked Salmon!,PrimitiveCandidate,1,Primitive,
8728,The Good News and The Bad News,PrimitiveCandidate,3,Primitive,
8733,"Eranikus, Tyrant of the Dream",PrimitiveCandidate,1,Primitive,
8734,Tyrande and Remulos,PrimitiveCandidate,1,Primitive,
8741,The Champion Returns,PrimitiveCandidate,1,Primitive,
8742,The Might of Kalimdor,PrimitiveCandidate,1,Primitive,
8745,Treasure of the Timeless One,PrimitiveCandidate,1,Primitive,
8747,The Path of the Protector,PrimitiveCandidate,1,Primitive,
8748,The Path of the Protector,PrimitiveCandidate,1,Primitive,
8749,The Path of the Protector,PrimitiveCandidate,1,Primitive,
8750,The Path of the Protector,PrimitiveCandidate,1,Primitive,
8751,The Protector of Kalimdor,PrimitiveCandidate,1,Primitive,
8752,The Path of the Conqueror,PrimitiveCandidate,1,Primitive,
8753,The Path of the Conqueror,PrimitiveCandidate,1,Primitive,
8754,The Path of the Conqueror,PrimitiveCandidate,1,Primitive,
8755,The Path of the Conqueror,PrimitiveCandidate,1,Primitive,
8756,The Qiraji Conqueror,PrimitiveCandidate,1,Primitive,
8757,The Path of the Invoker,PrimitiveCandidate,1,Primitive,
8758,The Path of the Invoker,PrimitiveCandidate,1,Primitive,
8759,The Path of the Invoker,PrimitiveCandidate,1,Primitive,
8760,The Path of the Invoker,PrimitiveCandidate,1,Primitive,
8761,The Grand Invoker,PrimitiveCandidate,1,Primitive,
8792,The Horde Needs Your Help!,PrimitiveCandidate,1,Primitive,
8793,The Horde Needs Your Help!,PrimitiveCandidate,1,Primitive,
8794,The Horde Needs Your Help!,PrimitiveCandidate,1,Primitive,
8795,The Alliance Needs Your Help!,PrimitiveCandidate,1,Primitive,
8797,The Alliance Needs Your Help!,PrimitiveCandidate,1,Primitive,
8800,Cenarion Battlegear,PrimitiveCandidate,1,Primitive,
8802,The Savior of Kalimdor,HandlerOrSourceRequired,1,Unsupported,cpp-item-producer-owner
8857,Secrets of the Colossus - Ashi,PrimitiveCandidate,1,Primitive,
8858,Secrets of the Colossus - Regal,PrimitiveCandidate,1,Primitive,
8859,Secrets of the Colossus - Zora,PrimitiveCandidate,1,Primitive,
8885,The Ring of Mmmrrrggglll,PrimitiveCandidate,1,Primitive,
8886,Grimscale Pirates!,PrimitiveCandidate,2,Primitive,
8888,The Magister's Apprentice,PrimitiveCandidate,1,Primitive,
8889,Deactivating the Spire,HandlerOrSourceRequired,3,Unsupported,event-or-cast-special-flags
8890,Word from the Spire,PrimitiveCandidate,1,Primitive,
8891,Abandoned Investigations,PrimitiveCandidate,1,Primitive,
8892,Situation at Sunsail Anchorage,PrimitiveCandidate,2,Primitive,
8894,Cleaning up the Grounds,PrimitiveCandidate,2,Primitive,
8895,Delivery to the North Sanctum,PrimitiveCandidate,1,Primitive,
8921,The Ectoplasmic Distiller,PrimitiveCandidate,1,Primitive,
8922,A Supernatural Device,PrimitiveCandidate,1,Primitive,
8923,A Supernatural Device,PrimitiveCandidate,1,Primitive,
8924,Hunting for Ectoplasm,PrimitiveCandidate,3,Primitive,
8925,A Portable Power Source,PrimitiveCandidate,1,Primitive,
8929,In Search of Anthion,PrimitiveCandidate,1,Primitive,
8930,In Search of Anthion,PrimitiveCandidate,1,Primitive,
8946,Proof of Life,PrimitiveCandidate,1,Primitive,
8947,Anthion's Strange Request,PrimitiveCandidate,1,Primitive,
8960,Bodley's Unfortunate Fate,PrimitiveCandidate,1,Primitive,
8972,REUSE,PrimitiveCandidate,1,Primitive,
8977,Return to Deliana,PrimitiveCandidate,1,Primitive,
8978,Return to Mokvar,PrimitiveCandidate,1,Primitive,
8996,Return to Bodley,PrimitiveCandidate,1,Primitive,
8997,Back to the Beginning,PrimitiveCandidate,1,Primitive,
8998,Back to the Beginning,PrimitiveCandidate,1,Primitive,
9032,Bodley's Unfortunate Fate,PrimitiveCandidate,1,Primitive,
9035,Roadside Ambush,PrimitiveCandidate,1,Primitive,
9062,Soaked Pages,PrimitiveCandidate,1,Primitive,
9064,Taking the Fall,PrimitiveCandidate,1,Primitive,
9065,The Pattymac Special,PrimitiveCandidate,1,Primitive,
9066,Swift Discipline,ImplementedStrategy,2,DeclaredStrategy,event-or-cast-special-flags; non-death-credit-trigger; provided-use-item-requires-contract; service-or-gossip-credit-target
9067,The Party Never Ends,PrimitiveCandidate,1,Primitive,
9076,Wretched Ringleader,PrimitiveCandidate,1,Primitive,
9119,Malfunction at the West Sanctum,PrimitiveCandidate,1,Primitive,
9124,Cryptstalker Armor Doesn't Make Itself...,PrimitiveCandidate,1,Primitive,
9126,Bonescythe Digs,PrimitiveCandidate,1,Primitive,
9128,The Elemental Equation,PrimitiveCandidate,1,Primitive,
9130,Goods from Silvermoon City,PrimitiveCandidate,1,Primitive,
9131,Binding the Dreadnaught,PrimitiveCandidate,1,Primitive,
9133,Fly to Silvermoon City,PrimitiveCandidate,1,Primitive,
9134,Skymistress Gloaming,PrimitiveCandidate,1,Primitive,
9135,Return to Quartermaster Lymel,PrimitiveCandidate,1,Primitive,
9136,Savage Flora,PrimitiveCandidate,1,Primitive,
9138,Suncrown Village,PrimitiveCandidate,1,Primitive,
9139,Goldenmist Village,PrimitiveCandidate,2,Primitive,
9140,Windrunner Village,PrimitiveCandidate,2,Primitive,
9141,"They Call Me ""The Rooster""",PrimitiveCandidate,1,Primitive,
9143,Dealing with Zeb'Sora,PrimitiveCandidate,1,Primitive,
9144,Missing in the Ghostlands,PrimitiveCandidate,1,Primitive,
9145,Help Ranger Valanna!,PrimitiveCandidate,1,Primitive,
9146,Report to Captain Helios,PrimitiveCandidate,1,Primitive,
9147,The Fallen Courier,PrimitiveCandidate,1,Primitive,
9148,Delivery to Tranquillien,PrimitiveCandidate,1,Primitive,
9149,The Plagued Coast,PrimitiveCandidate,1,Primitive,
9150,Salvaging the Past,PrimitiveCandidate,1,Primitive,
9151,The Sanctum of the Sun,PrimitiveCandidate,1,Primitive,
9152,Tomber's Supplies,PrimitiveCandidate,1,Primitive,
9155,Down the Dead Scar,PrimitiveCandidate,2,Primitive,
9157,Forgotten Rituals,PrimitiveCandidate,1,Primitive,
9158,Bearers of the Plague,PrimitiveCandidate,1,Primitive,
9159,Curbing the Plague,PrimitiveCandidate,2,Primitive,
9161,The Traitor's Shadow,PrimitiveCandidate,1,Primitive,
9162,Hints of the Past,PrimitiveCandidate,1,Primitive,
9163,Into Occupied Territory,PrimitiveCandidate,3,Primitive,
9164,Captives at Deatholme,HandlerOrSourceRequired,3,Unsupported,non-death-credit-trigger; service-or-gossip-credit-target
9165,Writ of Safe Passage,PrimitiveCandidate,1,Primitive,
9166,Deliver the Plans to An'telas,PrimitiveCandidate,1,Primitive,
9169,Deactivate An'owyn,HandlerOrSourceRequired,2,Unsupported,event-or-cast-special-flags; item-objective-does-not-match-primary-template
9170,Dar'Khan's Lieutenants,PrimitiveCandidate,4,Primitive,
9171,Culinary Crunch,PrimitiveCandidate,1,Primitive,
9172,Report to Magister Kaendris,PrimitiveCandidate,1,Primitive,
9173,Retaking Windrunner Spire,PrimitiveCandidate,2,Primitive,
9174,Vanquishing Aquantion,HandlerOrSourceRequired,1,Unsupported,provided-use-item-requires-contract
9176,The Twin Ziggurats,PrimitiveCandidate,2,Primitive,
9180,Journey to Undercity,PrimitiveCandidate,1,Primitive,
9189,Delivery to the Sepulcher,PrimitiveCandidate,1,Primitive,
9192,Trouble at the Underlight Mines,PrimitiveCandidate,3,Primitive,
9199,Troll Juju,PrimitiveCandidate,1,Primitive,
9207,Underlight Ore Samples,PrimitiveCandidate,2,Primitive,
9214,Shadowpine Weaponry,PrimitiveCandidate,4,Primitive,
9216,Rotting Hearts,PrimitiveCandidate,1,Primitive,
9218,Spinal Dust,PrimitiveCandidate,1,Primitive,
9220,War on Deatholme,PrimitiveCandidate,3,Primitive,
9252,Defending Fairbreeze Village,PrimitiveCandidate,2,Primitive,
9253,Runewarden Deryan,PrimitiveCandidate,1,Primitive,
9254,The Wayward Apprentice,PrimitiveCandidate,1,Primitive,
9255,Research Notes,PrimitiveCandidate,1,Primitive,
9256,Fairbreeze Village,PrimitiveCandidate,1,Primitive,
9258,The Scorched Grove,PrimitiveCandidate,1,Primitive,
9272,Dressing the Part,PrimitiveCandidate,1,Primitive,
9274,Spirits of the Drowned,PrimitiveCandidate,2,Primitive,
9275,A Little Dash of Seasoning,HandlerOrSourceRequired,3,Unsupported,event-or-cast-special-flags
9276,Attack on Zeb'Tela,PrimitiveCandidate,2,Primitive,
9277,Assault on Zeb'Nowa,PrimitiveCandidate,2,Primitive,
9279,You Survived!,PrimitiveCandidate,1,Primitive,
9280,Replenishing the Healing Crystals,PrimitiveCandidate,1,Primitive,
9281,Clearing the Way,PrimitiveCandidate,2,Primitive,
9282,The Farstrider Enclave,PrimitiveCandidate,1,Primitive,
9283,Rescue the Survivors!,HandlerOrSourceRequired,1,Unsupported,cpp-objective-owner
9293,What Must Be Done...,PrimitiveCandidate,1,Primitive,
9294,Healing the Lake,HandlerOrSourceRequired,1,Unsupported,event-or-cast-special-flags
9303,Inoculation,HandlerOrSourceRequired,1,Unsupported,non-death-credit-trigger; provided-use-item-requires-contract
9305,Spare Parts,PrimitiveCandidate,1,Primitive,
9307,<DEPRECATED>Compassion,PrimitiveCandidate,1,Primitive,
9309,The Missing Scout,PrimitiveCandidate,1,Primitive,
9311,Blood Elf Spy,PrimitiveCandidate,1,Primitive,
9312,The Emitter,PrimitiveCandidate,1,Primitive,
9313,Travel to Azure Watch,PrimitiveCandidate,1,Primitive,
9314,Word from Azure Watch,PrimitiveCandidate,1,Primitive,
9327,The Forsaken,PrimitiveCandidate,1,Primitive,
9328,Hero of the Sin'dorei,PrimitiveCandidate,1,Primitive,
9329,The Forsaken,PrimitiveCandidate,1,Primitive,
9340,The Great Fissure,PrimitiveCandidate,2,Primitive,
9342,Marauding Crust Bursters,PrimitiveCandidate,1,Primitive,
9344,A Hasty Departure,PrimitiveCandidate,1,Primitive,
9345,Preparing the Salve,PrimitiveCandidate,1,Primitive,
9348,Ravager Roundup,PrimitiveCandidate,3,Primitive,
9349,Ravager Egg Roundup,PrimitiveCandidate,2,Primitive,
9351,Voidwalkers Gone Wild,PrimitiveCandidate,1,Primitive,
9352,Darnassian Intrusions,PrimitiveCandidate,1,Primitive,
9355,A Job for an Intelligent Man,PrimitiveCandidate,1,Primitive,
9356,Smooth as Butter,PrimitiveCandidate,1,Primitive,
9358,Ranger Sareyn,PrimitiveCandidate,1,Primitive,
9359,Farstrider Retreat,PrimitiveCandidate,1,Primitive,
9361,"Helboar, the Other White Meat",HandlerOrSourceRequired,1,Unsupported,item-objective-does-not-match-primary-template
9363,Warning Fairbreeze Village,PrimitiveCandidate,1,Primitive,
9366,In Need of Felblood,PrimitiveCandidate,1,Primitive,
9369,Replenishing the Healing Crystals,PrimitiveCandidate,1,Primitive,
9370,The Cleansing Must Be Stopped,HandlerOrSourceRequired,1,Unsupported,provided-use-item-requires-contract
9371,Botanist Taerix,PrimitiveCandidate,1,Primitive,
9372,Demonic Contamination,PrimitiveCandidate,1,Primitive,
9374,Arelion's Journal,HandlerOrSourceRequired,2,Primitive; Unsupported,gameobject-item-does-not-match-primary-template
9376,A Pilgrim's Plight,PrimitiveCandidate,1,Primitive,
9381,Trueflight Arrows,PrimitiveCandidate,1,Primitive,
9382,The Fate of the Clefthoof,PrimitiveCandidate,1,Primitive,
9383,An Ambitious Plan,PrimitiveCandidate,1,Primitive,
9385,Rampaging Ravagers,PrimitiveCandidate,1,Primitive,
9387,Source of the Corruption,PrimitiveCandidate,1,Primitive,
9388,Flickering Flames in Kalimdor,PrimitiveCandidate,4,Primitive,
9389,Flickering Flames in the Eastern Kingdoms,PrimitiveCandidate,4,Primitive,
9390,In Search of Sedai,PrimitiveCandidate,1,Primitive,
9391,Marking the Path,HandlerOrSourceRequired,3,Unsupported,event-or-cast-special-flags
9394,Where's Wyllithen?,PrimitiveCandidate,1,Primitive,
9395,Saltheril's Haven,PrimitiveCandidate,1,Primitive,
9396,Magic of the Arakkoa,PrimitiveCandidate,1,Primitive,
9397,Birds of a Feather,PrimitiveCandidate,1,Primitive,
9398,Deadly Predators,PrimitiveCandidate,2,Primitive,
9399,Cruel Taskmasters,PrimitiveCandidate,1,Primitive,
9401,A Strange Weapon,PrimitiveCandidate,1,Primitive,
9405,The Warchief's Mandate,PrimitiveCandidate,1,Primitive,
9406,The Mag'har,PrimitiveCandidate,1,Primitive,
9407,Through the Dark Portal,PrimitiveCandidate,1,Primitive,
9409,Urgent Delivery!,PrimitiveCandidate,1,Primitive,
9410,A Spirit Guide,PrimitiveCandidate,1,Primitive,
9415,Report to Marshal Bluewall,PrimitiveCandidate,1,Primitive,
9416,Report to General Kirika,PrimitiveCandidate,1,Primitive,
9417,The Arakkoa Threat,PrimitiveCandidate,2,Primitive,
9420,The Finest Down,PrimitiveCandidate,1,Primitive,
9423,Return to Obadei,PrimitiveCandidate,1,Primitive,
9424,Makuru's Vengeance,PrimitiveCandidate,1,Primitive,
9425,Report to Tarren Mill,PrimitiveCandidate,1,Primitive,
9426,The Pools of Aggonar,PrimitiveCandidate,2,Primitive,
9427,Cleansing the Waters,HandlerOrSourceRequired,1,Unsupported,provided-use-item-requires-contract
9428,Report to Splintertree Post,PrimitiveCandidate,1,Primitive,
9429,Travel to Darkshire,PrimitiveCandidate,1,Primitive,
9430,Sha'naar Relics,PrimitiveCandidate,1,Primitive,
9431,A Different Approach,PrimitiveCandidate,1,Primitive,
9432,Travel to Astranaar,PrimitiveCandidate,1,Primitive,
9433,A Dip in the Moonwell,PrimitiveCandidate,1,Primitive,
9434,Testing the Tonic,PrimitiveCandidate,1,Primitive,
9435,Missing Crystals,PrimitiveCandidate,1,Primitive,
9436,Bloodscalp Insight,PrimitiveCandidate,1,Primitive,
9437,Twilight of the Dawn Runner,HandlerOrSourceRequired,2,Primitive; Unsupported,non-death-credit-trigger; service-or-gossip-credit-target
9438,Messenger to Thrall,PrimitiveCandidate,1,Primitive,
9439,Unclaimed Baggage,PrimitiveCandidate,2,Primitive,
9440,Little Morsels,HandlerOrSourceRequired,3,Unsupported,event-or-cast-special-flags; non-death-credit-trigger; provided-use-item-requires-contract
9441,Envoy to the Mag'har,PrimitiveCandidate,1,Primitive,
9442,A Debilitating Sickness,PrimitiveCandidate,1,Primitive,
9443,The So-Called Mark of the Lightbringer,PrimitiveCandidate,1,Primitive,
9445,<NYI><TXT>Placeholder: A Worthy Offering,PrimitiveCandidate,1,Primitive,
9447,Administering the Salve,ImplementedStrategy,1,DeclaredStrategy,event-or-cast-special-flags; non-death-credit-trigger; provided-use-item-requires-contract
9448,Mercy for the Cursed,PrimitiveCandidate,1,Primitive,
9452,Red Snapper - Very Tasty!,PrimitiveCandidate,1,Primitive,
9453,Find Acteon!,PrimitiveCandidate,1,Primitive,
9454,The Great Moongraze Hunt,PrimitiveCandidate,1,Primitive,
9456,"Nightstalker Clean Up, Isle 2...",PrimitiveCandidate,1,Primitive,
9457,An Unusual Patron,PrimitiveCandidate,1,Primitive,
9463,Medicinal Purpose,PrimitiveCandidate,1,Primitive,
9469,Featherbeard's Endorsement,PrimitiveCandidate,1,Primitive,
9470,A Gesture of Goodwill,PrimitiveCandidate,2,Primitive,
9471,Preying on the Predators,PrimitiveCandidate,2,Primitive,
9472,Arelion's Mistress,ImplementedStrategy,1,ArelionsMistress,non-death-credit-trigger; provided-use-item-requires-contract; service-or-gossip-credit-target
9473,An Alternative Alternative,PrimitiveCandidate,1,Primitive,
9474,The Mark of the Lightbringer,PrimitiveCandidate,1,Primitive,
9475,Reclaiming the Eggs,PrimitiveCandidate,1,Primitive,
9476,In Pursuit of Featherbeard,PrimitiveCandidate,1,Primitive,
9498,Falcon Watch,PrimitiveCandidate,1,Primitive,
9499,Falcon Watch,PrimitiveCandidate,1,Primitive,
9505,The Prophecy of Velen,PrimitiveCandidate,1,Primitive,
9506,A Small Start,PrimitiveCandidate,2,Primitive,
9512,Cookie's Jumbo Gumbo,PrimitiveCandidate,1,Primitive,
9513,Reclaiming the Ruins,PrimitiveCandidate,3,Primitive,
9515,Warlord Sriss'tiz,PrimitiveCandidate,1,Primitive,
9516,Destroy the Legion,PrimitiveCandidate,3,Primitive,
9517,A Shameful Waste,PrimitiveCandidate,3,Primitive,
9518,Agents of Destruction,PrimitiveCandidate,4,Primitive,
9519,The Lost Chalice,PrimitiveCandidate,1,Primitive,
9522,Never Again!,PrimitiveCandidate,2,Primitive,
9523,Precious and Fragile Things Need Special Handling,PrimitiveCandidate,1,Primitive,
9526,Reclaiming Felfire Hill,HandlerOrSourceRequired,1,Unsupported,event-or-cast-special-flags
9527,All That Remains,PrimitiveCandidate,1,Primitive,
9530,I've Got a Plant,PrimitiveCandidate,2,Primitive,
9531,Tree's Company,HandlerOrSourceRequired,1,Unsupported,cpp-objective-owner; provided-use-item-requires-contract; service-or-gossip-credit-target
9533,A Helping Hand,PrimitiveCandidate,1,Primitive,
9534,Destroy the Legion,PrimitiveCandidate,3,Primitive,
9536,Never Again!,PrimitiveCandidate,2,Primitive,
9537,Show Gnomercy,HandlerOrSourceRequired,1,Unsupported,cpp-item-producer-owner
9539,Totem of Coo,PrimitiveCandidate,1,Primitive,
9540,Totem of Tikti,PrimitiveCandidate,1,Primitive,
9541,Totem of Yor,PrimitiveCandidate,1,Primitive,
9542,Totem of Vark,PrimitiveCandidate,1,Primitive,
9543,Atonement,PrimitiveCandidate,1,Primitive,
9544,The Prophecy of Akida,HandlerOrSourceRequired,2,Unsupported,item-objective-does-not-match-primary-template; non-death-credit-trigger
9545,The Seer's Relic,HandlerOrSourceRequired,1,Unsupported,provided-use-item-requires-contract
9546,Fulfilling a Promise,HandlerOrSourceRequired,1,Unsupported,non-death-credit-trigger
9548,Pilfered Equipment,PrimitiveCandidate,1,Primitive,
9549,Artifacts of the Blacksilt,PrimitiveCandidate,2,Primitive,
9557,Deciphering the Book,PrimitiveCandidate,1,Primitive,
9558,The Longbeards,PrimitiveCandidate,1,Primitive,
9559,Stillpine Hold,PrimitiveCandidate,1,Primitive,
9560,Beasts of the Apocalypse!,PrimitiveCandidate,1,Primitive,
9561,Nolkai's Words,PrimitiveCandidate,1,Primitive,
9562,Murlocs... Why Here? Why Now?,PrimitiveCandidate,2,Primitive,
9565,Search Stillpine Hold,PrimitiveCandidate,1,Primitive,
9566,Blood Crystals,PrimitiveCandidate,1,Primitive,
9567,Know Thine Enemy,PrimitiveCandidate,1,Primitive,
9568,On the Offensive,PrimitiveCandidate,3,Primitive,
9569,Containing the Threat,PrimitiveCandidate,4,Primitive,
9570,The Kurken is Lurkin',PrimitiveCandidate,1,Primitive,
9571,The Kurken's Hide,PrimitiveCandidate,1,Primitive,
9573,Chieftain Oomooroo,PrimitiveCandidate,2,Primitive,
9574,Victims of Corruption,PrimitiveCandidate,1,Primitive,
9578,Searching for Galaen,PrimitiveCandidate,1,Primitive,
9579,Galaen's Fate,PrimitiveCandidate,1,Primitive,
9580,The Bear Necessities,PrimitiveCandidate,1,Primitive,
9581,Learning from the Crystals,PrimitiveCandidate,1,Primitive,
9583,Omar's Test Quest,PrimitiveCandidate,1,Primitive,
9584,The Second Sample,PrimitiveCandidate,1,Primitive,
9585,The Final Sample,PrimitiveCandidate,1,Primitive,
9602,Deliver Them From Evil...,HandlerOrSourceRequired,1,Unsupported,cpp-item-producer-owner
9603,"Beds, Bandages, and Beyond",PrimitiveCandidate,1,Primitive,
9604,On the Wings of a Hippogryph,PrimitiveCandidate,1,Primitive,
9605,Hippogryph Master Stephanos,PrimitiveCandidate,1,Primitive,
9606,Return to Topher Loaal,PrimitiveCandidate,1,Primitive,
9609,Help Watcher Biggs,PrimitiveCandidate,1,Primitive,
9610,Pool of Tears,PrimitiveCandidate,1,Primitive,
9612,A Hearty Thanks!,PrimitiveCandidate,1,Primitive,
9614,Deprecated: Reforge a Short Blade,PrimitiveCandidate,1,Primitive,
9615,Deprecated: Reforge a Long Blade,PrimitiveCandidate,1,Primitive,
9620,The Missing Survey Team,PrimitiveCandidate,1,Primitive,
9621,Envoy to the Horde,PrimitiveCandidate,1,Primitive,
9622,Warn Your People,PrimitiveCandidate,1,Primitive,
9623,Coming of Age,PrimitiveCandidate,1,Primitive,
9624,A Favorite Treat,PrimitiveCandidate,1,Primitive,
9626,Meeting the Warchief,PrimitiveCandidate,1,Primitive,
9627,Allegiance to the Horde,PrimitiveCandidate,1,Primitive,
9628,Salvaging the Data,PrimitiveCandidate,1,Primitive,
9629,Catch and Release,HandlerOrSourceRequired,1,Unsupported,event-or-cast-special-flags; non-death-credit-trigger; provided-use-item-requires-contract
9631,A Colleague's Aid,PrimitiveCandidate,1,Primitive,
9632,Newfound Allies,PrimitiveCandidate,1,Primitive,
9633,The Way to Auberdine,PrimitiveCandidate,1,Primitive,
9634,Alien Predators,PrimitiveCandidate,1,Primitive,
9638,In Good Hands,PrimitiveCandidate,1,Primitive,
9639,Kamsis,PrimitiveCandidate,1,Primitive,
9641,Irradiated Crystal Shards,PrimitiveCandidate,1,Primitive,
9643,Constrictor Vines,PrimitiveCandidate,1,Primitive,
9646,WANTED: Deathclaw,PrimitiveCandidate,1,Primitive,
9647,Culling the Flutterers,PrimitiveCandidate,1,Primitive,
9648,Mac'Aree Mushroom Menagerie,PrimitiveCandidate,8,Primitive,
9649,Ysera's Tears,PrimitiveCandidate,2,Primitive,
9654,Deprecated: A Well Rounded Defense,PrimitiveCandidate,1,Primitive,
9655,Deprecated: Healing Amplification,PrimitiveCandidate,1,Primitive,
9656,Deprecated: Lethality First,PrimitiveCandidate,1,Primitive,
9657,Deprecated: Offensive Channeling,PrimitiveCandidate,1,Primitive,
9658,Deprecated: Offensive Channeling,PrimitiveCandidate,1,Primitive,
9659,Deprecated: Healing Amplification,PrimitiveCandidate,1,Primitive,
9660,Deprecated: Lethality First,PrimitiveCandidate,1,Primitive,
9661,Deprecated: A Well Rounded Defense,PrimitiveCandidate,1,Primitive,
9662,Deprecated: Keanna's Freedom,HandlerOrSourceRequired,1,Unsupported,cpp-objective-owner
9663,The Kessel Run,HandlerOrSourceRequired,3,Unsupported,non-death-credit-trigger; service-or-gossip-credit-target
9667,Saving Princess Stillpine,HandlerOrSourceRequired,2,Unsupported,event-or-cast-special-flags; item-objective-does-not-match-primary-template; non-death-credit-trigger; service-or-gossip-credit-target
9668,Report to Exarch Admetius,PrimitiveCandidate,1,Primitive,
9669,The Missing Expedition,PrimitiveCandidate,3,Primitive,
9670,They're Alive! Maybe...,HandlerOrSourceRequired,1,Unsupported,non-death-credit-trigger
9671,Urgent Delivery,PrimitiveCandidate,1,Primitive,
9672,The Bloodcurse Legacy,PrimitiveCandidate,1,Primitive,
9674,The Bloodcursed Naga,PrimitiveCandidate,1,Primitive,
9680,Digging Up the Past,PrimitiveCandidate,1,Primitive,
9682,The Hopeless Ones...,PrimitiveCandidate,1,Primitive,
9683,Ending the Bloodcurse,PrimitiveCandidate,1,Primitive,
9687,Restoring Sanctity,PrimitiveCandidate,1,Primitive,
9688,Into the Dream,PrimitiveCandidate,2,Primitive,
9693,What Argus Means to Me,PrimitiveCandidate,1,Primitive,
9694,Blood Watch,PrimitiveCandidate,1,Primitive,
9696,Translations...,PrimitiveCandidate,1,Primitive,
9697,Watcher Leesa'oh,PrimitiveCandidate,1,Primitive,
9698,Audience with the Prophet,PrimitiveCandidate,1,Primitive,
9699,Truth or Fiction,PrimitiveCandidate,1,Primitive,
9702,A Question of Gluttony,PrimitiveCandidate,1,Primitive,
9703,The Cryo-Core,PrimitiveCandidate,2,Primitive,
9704,Slain by the Wretched,PrimitiveCandidate,1,Primitive,
9705,Package Recovery,PrimitiveCandidate,1,Primitive,
9708,Familiar Fungi,PrimitiveCandidate,1,Primitive,
9709,Stealing Back the Mushrooms,PrimitiveCandidate,2,Primitive,
9720,Balance Must Be Preserved,HandlerOrSourceRequired,4,Unsupported,event-or-cast-special-flags; non-death-credit-trigger; provided-use-item-requires-contract
9724,Warning the Cenarion Circle,PrimitiveCandidate,1,Primitive,
9726,Now That We're Friends...,PrimitiveCandidate,2,Primitive,
9728,A Warm Welcome,PrimitiveCandidate,1,Primitive,
9732,Return to the Marsh,PrimitiveCandidate,1,Primitive,
9739,The Sporelings' Plight,PrimitiveCandidate,1,Primitive,
9740,The Sun Gate,PrimitiveCandidate,1,Primitive,
9741,Critters of the Void,PrimitiveCandidate,1,Primitive,
9743,Natural Enemies,PrimitiveCandidate,1,Primitive,
9746,Limits of Physical Exhaustion,PrimitiveCandidate,2,Primitive,
9747,The Umbrafen Tribe,PrimitiveCandidate,4,Primitive,
9748,Don't Drink the Water,PrimitiveCandidate,1,Primitive,
9749,They're Alive! Maybe...,HandlerOrSourceRequired,1,Unsupported,non-death-credit-trigger
9751,The Bloodcurse Legacy,PrimitiveCandidate,1,Primitive,
9758,Return to Arcanist Vandril,PrimitiveCandidate,1,Primitive,
9762,The Unwritten Prophecy,PrimitiveCandidate,1,Primitive,
9769,There's No Explanation for Fashion,PrimitiveCandidate,1,Primitive,
9770,Menacing Marshfangs,PrimitiveCandidate,1,Primitive,
9771,Searching for Scout Jyoba,PrimitiveCandidate,1,Primitive,
9772,Jyoba's Report,PrimitiveCandidate,1,Primitive,
9773,No More Mushrooms!,PrimitiveCandidate,1,Primitive,
9774,Thick Hydra Scales,PrimitiveCandidate,1,Primitive,
9775,Report to Shadow Hunter Denjai,PrimitiveCandidate,1,Primitive,
9776,The Orebor Harborage,PrimitiveCandidate,1,Primitive,
9777,Fulgor Spores,PrimitiveCandidate,1,Primitive,
9778,Warden Hamoot,PrimitiveCandidate,1,Primitive,
9779,Intercepting the Message,PrimitiveCandidate,1,Primitive,
9780,Umbrafen Eel Filets,PrimitiveCandidate,1,Primitive,
9781,Too Many Mouths to Feed,HandlerOrSourceRequired,1,Unsupported,provided-use-item-requires-contract
9782,The Dead Mire,PrimitiveCandidate,1,Primitive,
9783,An Unnatural Drought,PrimitiveCandidate,1,Primitive,
9785,Blessings of the Ancients,HandlerOrSourceRequired,2,Unsupported,non-death-credit-trigger; service-or-gossip-credit-target
9787,Idols of the Feralfen,PrimitiveCandidate,1,Primitive,
9788,"A Damp, Dark Place",PrimitiveCandidate,1,Primitive,
9789,Clefthoof Mastery,PrimitiveCandidate,1,Primitive,
9790,Diaphanous Wings,PrimitiveCandidate,1,Primitive,
9791,Menacing Marshfangs,PrimitiveCandidate,1,Primitive,
9792,A Message to Telaar,PrimitiveCandidate,1,Primitive,
9793,The Fate of Tuurem,PrimitiveCandidate,1,Primitive,
9794,No Time for Curiosity,PrimitiveCandidate,1,Primitive,
9795,The Ogre Threat,PrimitiveCandidate,1,Primitive,
9796,News from Zangarmarsh,PrimitiveCandidate,1,Primitive,
9797,Reinforcements for Garadar,PrimitiveCandidate,1,Primitive,
9799,Botanical Legwork,PrimitiveCandidate,1,Primitive,
9800,A Rare Bean,PrimitiveCandidate,1,Primitive,
9801,Gathering the Reagents,PrimitiveCandidate,2,Primitive,
9802,Plants of Zangarmarsh,PrimitiveCandidate,2,Primitive,
9803,Messenger to the Feralfen,PrimitiveCandidate,1,Primitive,
9804,Agitated Spirits of Skysong,PrimitiveCandidate,1,Primitive,
9805,Blessing of Incineratus,HandlerOrSourceRequired,4,Unsupported,event-or-cast-special-flags; non-death-credit-trigger; provided-use-item-requires-contract
9806,Fertile Spores,PrimitiveCandidate,1,Primitive,
9808,Glowcap Mushrooms,PrimitiveCandidate,1,Primitive,
9810,The Spirit Polluted,PrimitiveCandidate,2,Primitive,
9811,Friend of the Sin'dorei,PrimitiveCandidate,1,Primitive,
9812,Envoy to the Horde,PrimitiveCandidate,1,Primitive,
9813,Meeting the Warchief,PrimitiveCandidate,1,Primitive,
9814,"Burstcap Mushrooms, Mon!",PrimitiveCandidate,1,Primitive,
9815,Muck Diving,PrimitiveCandidate,1,Primitive,
9816,Have You Ever Seen One of These?,HandlerOrSourceRequired,1,Unsupported,provided-use-item-requires-contract
9818,The Underneath,PrimitiveCandidate,1,Primitive,
9819,The Tortured Earth,PrimitiveCandidate,1,Primitive,
9820,WANTED: Boss Grog'ak,PrimitiveCandidate,1,Primitive,
9821,Eating Damnation,PrimitiveCandidate,1,Primitive,
9822,Impending Attack,PrimitiveCandidate,1,Primitive,
9823,Us or Them,PrimitiveCandidate,3,Primitive,
9824,Arcane Disturbances,HandlerOrSourceRequired,2,Unsupported,event-or-cast-special-flags; non-death-credit-trigger; provided-use-item-requires-contract
9825,Restless Activity,PrimitiveCandidate,1,Primitive,
9826,Contact from Dalaran,PrimitiveCandidate,1,Primitive,
9829,Khadgar,PrimitiveCandidate,1,Primitive,
9830,Stinger Venom,PrimitiveCandidate,1,Primitive,
9833,Lines of Communication,PrimitiveCandidate,1,Primitive,
9834,Natural Armor,PrimitiveCandidate,1,Primitive,
9835,Ango'rosh Encroachment,PrimitiveCandidate,2,Primitive,
9837,Return to Khadgar,PrimitiveCandidate,1,Primitive,
9838,The Violet Eye,PrimitiveCandidate,1,Primitive,
9839,Overlord Gorefist,PrimitiveCandidate,2,Primitive,
9841,Stinging the Stingers,PrimitiveCandidate,1,Primitive,
9842,The Sharpest Blades,PrimitiveCandidate,1,Primitive,
9845,Angling to Beat the Competition,HandlerOrSourceRequired,1,Unsupported,provided-use-item-requires-contract
9846,Spirits of the Feralfen,PrimitiveCandidate,1,Primitive,
9847,A Spirit Ally?,HandlerOrSourceRequired,1,Unsupported,provided-use-item-requires-contract
9848,Secrets of the Daggerfen,PrimitiveCandidate,2,Primitive,
9849,Shattering the Veil,HandlerOrSourceRequired,1,Unsupported,provided-use-item-requires-contract
9850,Clefthoof Mastery,PrimitiveCandidate,1,Primitive,
9854,Windroc Mastery,PrimitiveCandidate,1,Primitive,
9855,Windroc Mastery,PrimitiveCandidate,1,Primitive,
9857,Talbuk Mastery,PrimitiveCandidate,1,Primitive,
9858,Talbuk Mastery,PrimitiveCandidate,1,Primitive,
9860,The New Directive,PrimitiveCandidate,1,Primitive,
9862,Murkblood Corrupters,PrimitiveCandidate,1,Primitive,
9863,Vile Idolatry,PrimitiveCandidate,1,Primitive,
9864,The Missing War Party,PrimitiveCandidate,1,Primitive,
9865,Once Were Warriors,PrimitiveCandidate,2,Primitive,
9866,He Will Walk The Earth...,PrimitiveCandidate,1,Primitive,
9867,Murkblood Leaders...,PrimitiveCandidate,1,Primitive,
9869,The Throne of the Elements,PrimitiveCandidate,1,Primitive,
9870,The Throne of the Elements,PrimitiveCandidate,1,Primitive,
9873,Ortor My Old Friend...,PrimitiveCandidate,1,Primitive,
9874,Stopping the Spread,HandlerOrSourceRequired,1,Unsupported,event-or-cast-special-flags; non-death-credit-trigger; provided-use-item-requires-contract
9876,Failed Incursion,PrimitiveCandidate,1,Primitive,
9877,A Restorative Draught,PrimitiveCandidate,1,Primitive,
9878,Solving the Problem,PrimitiveCandidate,2,Primitive,
9882,Stealing from Thieves,PrimitiveCandidate,2,Primitive,
9888,The Impotent Leader,PrimitiveCandidate,1,Primitive,
9890,Success!,PrimitiveCandidate,1,Primitive,
9891,Because Kilrath is a Coward,PrimitiveCandidate,1,Primitive,
9893,Obsidian Warbeads,PrimitiveCandidate,1,Primitive,
9896,Blacksting's Bane,PrimitiveCandidate,1,Primitive,
9897,I'm Saved!,PrimitiveCandidate,1,Primitive,
9898,Nothin' Says Lovin' Like a Big Stinger,PrimitiveCandidate,1,Primitive,
9899,A Job Undone,PrimitiveCandidate,1,Primitive,
9900,Gava'xi,PrimitiveCandidate,1,Primitive,
9901,Unfinished Business,PrimitiveCandidate,1,Primitive,
9902,The Terror of Marshlight Lake,HandlerOrSourceRequired,1,Unsupported,provided-use-item-requires-contract
9903,The Biggest of Them All,HandlerOrSourceRequired,1,Unsupported,provided-use-item-requires-contract
9904,Pursuing Terrorclaw,HandlerOrSourceRequired,1,Unsupported,provided-use-item-requires-contract
9905,Maktu's Revenge,HandlerOrSourceRequired,1,Unsupported,provided-use-item-requires-contract
9906,Message in a Battle,PrimitiveCandidate,2,Primitive,
9907,An Audacious Advance,PrimitiveCandidate,2,Primitive,
9910,Standards and Practices,HandlerOrSourceRequired,3,Unsupported,event-or-cast-special-flags; non-death-credit-trigger; provided-use-item-requires-contract
9912,The Cenarion Expedition,PrimitiveCandidate,1,Primitive,
9913,The Consortium Needs You!,PrimitiveCandidate,1,Primitive,
9914,A Head Full of Ivory,PrimitiveCandidate,1,Primitive,
9916,Bleeding Hollow Supply Crates,PrimitiveCandidate,2,Primitive,
9917,Do My Eyes Deceive Me,PrimitiveCandidate,1,Primitive,
9918,Not On My Watch!,HandlerOrSourceRequired,1,Unsupported,non-death-credit-trigger
9919,Sporeggar,PrimitiveCandidate,1,Primitive,
9920,Mo'mor the Breaker,PrimitiveCandidate,1,Primitive,
9921,The Ruins of Burning Blade,PrimitiveCandidate,2,Primitive,
9922,The Twin Clefts of Nagrand,PrimitiveCandidate,2,Primitive,
9923,HELP!,HandlerOrSourceRequired,2,Unsupported,item-objective-does-not-match-primary-template; non-death-credit-trigger; service-or-gossip-credit-target
9924,Corki's Gone Missing Again!,HandlerOrSourceRequired,2,Unsupported,item-objective-does-not-match-primary-template; non-death-credit-trigger; service-or-gossip-credit-target
9925,Matters of Security,PrimitiveCandidate,1,Primitive,
9927,Ruthless Cunning,HandlerOrSourceRequired,1,Unsupported,provided-use-item-requires-contract
9928,Armaments for Deception,HandlerOrSourceRequired,2,Primitive; Unsupported,cpp-item-producer-owner
9931,Returning the Favor,HandlerOrSourceRequired,1,Unsupported,provided-use-item-requires-contract
9932,Body of Evidence,HandlerOrSourceRequired,1,Unsupported,provided-use-item-requires-contract
9933,Message to Telaar,PrimitiveCandidate,1,Primitive,
9934,Message to Garadar,PrimitiveCandidate,1,Primitive,
9935,Wanted: Giselda the Crone,HandlerOrSourceRequired,2,Primitive; Unsupported,cpp-objective-owner
9936,Wanted: Giselda the Crone,HandlerOrSourceRequired,2,Primitive; Unsupported,cpp-objective-owner
9939,Wanted: Zorbo the Advisor,HandlerOrSourceRequired,3,Unsupported,cpp-objective-owner
9940,Wanted: Zorbo the Advisor,HandlerOrSourceRequired,3,Unsupported,cpp-objective-owner
9944,Missing Mag'hari Procession,PrimitiveCandidate,1,Primitive,
9945,War on the Warmaul,PrimitiveCandidate,2,Primitive,
9948,Finding the Survivors,HandlerOrSourceRequired,2,Unsupported,item-objective-does-not-match-primary-template; non-death-credit-trigger
9949,A Bird's-Eye View,HandlerOrSourceRequired,2,Primitive; Unsupported,special-gameobject-mechanism
9950,A Bird's-Eye View,HandlerOrSourceRequired,2,Primitive; Unsupported,special-gameobject-mechanism
9951,It's Watching You!,PrimitiveCandidate,1,Primitive,
9956,The Ravaged Caravan,PrimitiveCandidate,1,Primitive,
9957,What's Wrong at Cenarion Thicket?,PrimitiveCandidate,1,Primitive,
9958,Scouting the Defenses,PrimitiveCandidate,1,Primitive,
9959,Scouting the Defenses,PrimitiveCandidate,1,Primitive,
9960,What's Wrong at Cenarion Thicket?,PrimitiveCandidate,1,Primitive,
9961,What's Wrong at Cenarion Thicket?,PrimitiveCandidate,1,Primitive,
9965,A Show of Good Faith,PrimitiveCandidate,1,Primitive,
9966,A Show of Good Faith,PrimitiveCandidate,1,Primitive,
9968,Strange Energy,PrimitiveCandidate,2,Primitive,
9969,The Final Reagents,PrimitiveCandidate,1,Primitive,
9971,Clues in the Thicket,PrimitiveCandidate,1,Primitive,
9974,The Final Reagents,PrimitiveCandidate,1,Primitive,
9979,Wind Trader Lathrai,PrimitiveCandidate,1,Primitive,
9986,Stymying the Arakkoa,PrimitiveCandidate,3,Primitive,
9987,Stymying the Arakkoa,PrimitiveCandidate,3,Primitive,
9988,A Dandy's Best Friend,PrimitiveCandidate,1,Primitive,
9989,Alien Spirits,PrimitiveCandidate,1,Primitive,
9990,Investigate Tuurem,PrimitiveCandidate,1,Primitive,
9992,Olemba Seeds,PrimitiveCandidate,1,Primitive,
9993,Olemba Seed Oil,PrimitiveCandidate,1,Primitive,
9994,What Are These Things?,PrimitiveCandidate,1,Primitive,
9995,What Are These Things?,PrimitiveCandidate,1,Primitive,
9996,Attack on Firewing Point,PrimitiveCandidate,3,Primitive,
9997,Attack on Firewing Point,PrimitiveCandidate,3,Primitive,
9998,Unruly Neighbors,PrimitiveCandidate,1,Primitive,
10000,An Unwelcome Presence,PrimitiveCandidate,1,Primitive,
10002,The Firewing Liaison,PrimitiveCandidate,1,Primitive,
10003,The Firewing Liaison,PrimitiveCandidate,1,Primitive,
10005,Letting Earthbinder Tavgren Know,PrimitiveCandidate,1,Primitive,
10006,Letting Earthbinder Tavgren Know,PrimitiveCandidate,1,Primitive,
10007,Thinning the Ranks,PrimitiveCandidate,2,Primitive,
10008,What Happens in Terokkar Stays in Terokkar,PrimitiveCandidate,2,Primitive,
10012,Fel Orc Plans,PrimitiveCandidate,1,Primitive,
10013,An Unseen Hand,PrimitiveCandidate,1,Primitive,
10016,Timber Worg Tails,PrimitiveCandidate,1,Primitive,
10017,Strained Supplies,PrimitiveCandidate,1,Primitive,
10018,Vestments of the Wolf Spirit,PrimitiveCandidate,1,Primitive,
10021,Restoring the Light,PrimitiveCandidate,3,Primitive,
10022,The Elusive Ironjaw,PrimitiveCandidate,1,Primitive,
10023,Patriarch Ironjaw,PrimitiveCandidate,1,Primitive,
10024,Voren'thal's Visions,PrimitiveCandidate,1,Primitive,
10026,Magical Disturbances,PrimitiveCandidate,1,Primitive,
10027,Magical Disturbances,PrimitiveCandidate,1,Primitive,
10028,Vessels of Power,PrimitiveCandidate,1,Primitive,
10030,Recover the Bones,PrimitiveCandidate,1,Primitive,
10031,Helping the Lost Find Their Way,PrimitiveCandidate,2,Primitive,
10033,Wanted: Bonelashers Dead!,PrimitiveCandidate,1,Primitive,
10034,Wanted: Bonelashers Dead!,PrimitiveCandidate,1,Primitive,
10038,Speak with Private Weeks,PrimitiveCandidate,1,Primitive,
10039,Speak with Scout Neftis,PrimitiveCandidate,1,Primitive,
10040,Who Are They?,PrimitiveCandidate,3,Primitive,
10041,Who Are They?,PrimitiveCandidate,3,Primitive,
10042,Kill the Shadow Council!,HandlerOrSourceRequired,3,Unsupported,service-or-gossip-credit-target
10043,Kill the Shadow Council!,HandlerOrSourceRequired,3,Unsupported,service-or-gossip-credit-target
10045,Material Components,PrimitiveCandidate,4,Primitive,
10047,The Path of Glory,PrimitiveCandidate,1,Primitive,
10048,A Handful of Magic Dust,PrimitiveCandidate,1,Primitive,
10049,A Handful of Magic Dust,PrimitiveCandidate,1,Primitive,
10050,Unyielding Souls,PrimitiveCandidate,3,Primitive,
10053,Dealing with Zeth'Gor,PrimitiveCandidate,1,Primitive,
10054,Impending Doom,PrimitiveCandidate,4,Primitive,
10055,"Waste Not, Want Not",PrimitiveCandidate,2,Primitive,
10056,Bleeding Hollow Supplies,PrimitiveCandidate,1,Primitive,
10057,Looking to the Leadership,PrimitiveCandidate,2,Primitive,
10058,An Old Gift,PrimitiveCandidate,1,Primitive,
10059,Dealing With Zeth'Gor,PrimitiveCandidate,1,Primitive,
10060,Impending Doom,PrimitiveCandidate,4,Primitive,
10061,The Unyielding,PrimitiveCandidate,3,Primitive,
10062,Looking to the Leadership,PrimitiveCandidate,2,Primitive,
10063,"Explorers' League, Is That Something for Gnomes?",PrimitiveCandidate,1,Primitive,
10064,Talk to the Hand,PrimitiveCandidate,1,Primitive,
10065,Cutting a Path,PrimitiveCandidate,1,Primitive,
10066,"Oh, the Tangled Webs They Weave",PrimitiveCandidate,1,Primitive,
10067,Fouled Water Spirits,PrimitiveCandidate,1,Primitive,
10078,Laying Waste to the Unwanted,HandlerOrSourceRequired,5,Unsupported,event-or-cast-special-flags; non-death-credit-trigger; provided-use-item-requires-contract
10079,When This Mine's a-Rockin',PrimitiveCandidate,1,Primitive,
10080,Forge Camps of the Legion,PrimitiveCandidate,3,Primitive,
10081,To Meet Mother Kashur,PrimitiveCandidate,1,Primitive,
10082,The Agitated Ancestors,PrimitiveCandidate,1,Primitive,
10084,Assault on Mageddon,PrimitiveCandidate,1,Primitive,
10085,A Visit With The Ancestors,HandlerOrSourceRequired,4,Unsupported,non-death-credit-trigger
10086,I Work... For the Horde!,PrimitiveCandidate,2,Primitive,
10087,Burn It Up... For the Horde!,HandlerOrSourceRequired,2,Unsupported,event-or-cast-special-flags; non-death-credit-trigger; provided-use-item-requires-contract
10088,When This Mine's a-Rockin',PrimitiveCandidate,1,Primitive,
10089,Forge Camps of the Legion,PrimitiveCandidate,3,Primitive,
10092,Assault on Mageddon,PrimitiveCandidate,1,Primitive,
10093,The Temple of Telhamat,PrimitiveCandidate,1,Primitive,
10096,Saving the Sporeloks,PrimitiveCandidate,2,Primitive,
10099,The Mastermind,PrimitiveCandidate,1,Primitive,
10100,The Mastermind,PrimitiveCandidate,1,Primitive,
10101,When Spirits Speak,PrimitiveCandidate,1,Primitive,
10102,A Secret Revealed,PrimitiveCandidate,1,Primitive,
10103,Report to Zurai,PrimitiveCandidate,1,Primitive,
10104,Concerns About Tuurem,PrimitiveCandidate,1,Primitive,
10105,News for Rakoria,PrimitiveCandidate,1,Primitive,
10109,I Must Have Them!,PrimitiveCandidate,1,Primitive,
10112,A Personal Favor,PrimitiveCandidate,1,Primitive,
10113,The Nesingwary Safari,PrimitiveCandidate,1,Primitive,
10114,The Nesingwary Safari,PrimitiveCandidate,1,Primitive,
10115,Daggerfen Deviance,PrimitiveCandidate,2,Primitive,
10118,Message to the Daggerfen,PrimitiveCandidate,2,Primitive,
10119,Through the Dark Portal,PrimitiveCandidate,1,Primitive,
10120,Arrival in Outland,PrimitiveCandidate,1,Primitive,
10121,Eradicate the Burning Legion,PrimitiveCandidate,1,Primitive,
10123,Felspark Ravine,PrimitiveCandidate,3,Primitive,
10124,Forward Base: Reaver's Fall,PrimitiveCandidate,1,Primitive,
10127,Mission: Sever the Tie,PrimitiveCandidate,3,Primitive,
10129,Mission: Gateways Murketh and Shaadraz,HandlerOrSourceRequired,2,Unsupported,event-or-cast-special-flags; non-death-credit-trigger; provided-use-item-requires-contract
10130,The Western Flank,PrimitiveCandidate,3,Primitive,
10140,Journey to Honor Hold,PrimitiveCandidate,1,Primitive,
10141,The Legion Reborn,PrimitiveCandidate,1,Primitive,
10142,The Path of Anguish,PrimitiveCandidate,3,Primitive,
10143,Expedition Point,PrimitiveCandidate,1,Primitive,
10144,Disrupt Their Reinforcements,HandlerOrSourceRequired,3,Unsupported,event-or-cast-special-flags; item-objective-does-not-match-primary-template
10145,Mission: Sever the Tie UNUSED,PrimitiveCandidate,3,Primitive,
10146,Mission: The Murketh and Shaadraz Gateways,HandlerOrSourceRequired,2,Unsupported,event-or-cast-special-flags; non-death-credit-trigger; provided-use-item-requires-contract
10152,The Western Flank,PrimitiveCandidate,3,Primitive,
10156,Under Whose Orders?,PrimitiveCandidate,2,Primitive,
10158,Bleeding Hollow Supplies,PrimitiveCandidate,1,Primitive,
10159,Keep Thornfang Hill Clear!,PrimitiveCandidate,2,Primitive,
10160,Know your Enemy,PrimitiveCandidate,1,Primitive,
10161,In Case of Emergency...,PrimitiveCandidate,1,Primitive,
10163,Mission: The Abyssal Shelf,HandlerOrSourceRequired,3,Unsupported,provided-use-item-requires-contract
10166,Whitebark's Memory,PrimitiveCandidate,1,Primitive,
10170,Return to the Greatmother,PrimitiveCandidate,1,Primitive,
10171,The Inconsolable Chieftain,PrimitiveCandidate,1,Primitive,
10173,The Archmage's Staff,HandlerOrSourceRequired,3,Primitive; Unsupported,item-objective-does-not-match-primary-template
10174,Curse of the Violet Tower,PrimitiveCandidate,1,Primitive,
10175,"Thrall, Son of Durotan",PrimitiveCandidate,1,Primitive,
10176,Ar'kelos the Guardian,PrimitiveCandidate,1,Primitive,
10180,Can't Stay Away,PrimitiveCandidate,1,Primitive,
10183,Off To Area 52,PrimitiveCandidate,1,Primitive,
10184,Malevolent Remnants,PrimitiveCandidate,1,Primitive,
10185,A Fate Worse Than Death,PrimitiveCandidate,2,Primitive,
10186,You're Hired!,PrimitiveCandidate,1,Primitive,
10188,The Sigil of Krasus,PrimitiveCandidate,1,Primitive,
10189,Manaforge B'naar,PrimitiveCandidate,1,Primitive,
10190,Recharging the Batteries,HandlerOrSourceRequired,1,Unsupported,provided-use-item-requires-contract
10192,Krasus's Compendium,PrimitiveCandidate,3,Primitive,
10193,High Value Targets,PrimitiveCandidate,3,Primitive,
10194,Stealth Flight,PrimitiveCandidate,1,Primitive,
10195,"Mercenary See, Mercenary Do",PrimitiveCandidate,1,Primitive,
10196,More Arakkoa Feathers,PrimitiveCandidate,1,Primitive,
10197,A Convincing Disguise,PrimitiveCandidate,3,Primitive,
10199,That Little Extra Kick,PrimitiveCandidate,1,Primitive,
10200,Return to Thalodien,PrimitiveCandidate,1,Primitive,
10201,"And Now, the Moment of Truth",HandlerOrSourceRequired,1,Unsupported,non-death-credit-trigger; service-or-gossip-credit-target
10202,A Defector,PrimitiveCandidate,1,Primitive,
10203,Invaluable Asset Zapping,HandlerOrSourceRequired,5,Primitive; Unsupported,cpp-item-producer-owner
10205,Warp-Raider Nesaad,PrimitiveCandidate,1,Primitive,
10206,Pick Your Part,PrimitiveCandidate,1,Primitive,
10208,Disrupt Their Reinforcements,HandlerOrSourceRequired,3,Unsupported,event-or-cast-special-flags; item-objective-does-not-match-primary-template
10209,Summoner Kanthin's Prize,PrimitiveCandidate,1,Primitive,
10210,A'dal,PrimitiveCandidate,1,Primitive,
10212,Hero of the Mag'har,PrimitiveCandidate,1,Primitive,
10213,Investigate the Crash,PrimitiveCandidate,1,Primitive,
10214,When This Mine's a-Rockin',PrimitiveCandidate,1,Primitive,
10220,Make Them Listen,PrimitiveCandidate,3,Primitive,
10221,Dr. Boom!,HandlerOrSourceRequired,1,Unsupported,provided-use-item-requires-contract
10222,The Sunfury Garrison,PrimitiveCandidate,1,Primitive,
10223,Down With Daellis,HandlerOrSourceRequired,1,Unsupported,service-or-gossip-credit-target
10224,Essence for the Engines,PrimitiveCandidate,1,Primitive,
10225,Report to Engineering,PrimitiveCandidate,1,Primitive,
10226,Elemental Power Extraction,PrimitiveCandidate,1,Primitive,
10227,I See Dead Draenei,PrimitiveCandidate,1,Primitive,
10228,Ezekiel,PrimitiveCandidate,1,Primitive,
10230,The Battle Horn,PrimitiveCandidate,1,Primitive,
10232,In A Scrap With The Legion,PrimitiveCandidate,2,Primitive,
10233,Torching Sunfury Hold,HandlerOrSourceRequired,3,Unsupported,event-or-cast-special-flags; item-objective-does-not-match-primary-template; non-death-credit-trigger
10234,One Demon's Trash...,PrimitiveCandidate,1,Primitive,
10235,Declawing Doomclaw,PrimitiveCandidate,1,Primitive,
10236,Outland Sucks!,PrimitiveCandidate,1,Primitive,
10237,Warn Area 52!,PrimitiveCandidate,1,Primitive,
10238,How to Serve Goblins,PrimitiveCandidate,3,Primitive,
10239,Potential Energy Source,PrimitiveCandidate,1,Primitive,
10240,Building a Perimeter,HandlerOrSourceRequired,3,Unsupported,event-or-cast-special-flags; non-death-credit-trigger; provided-use-item-requires-contract
10241,Distraction at Manaforge B'naar,PrimitiveCandidate,2,Primitive,
10242,Spinebreaker Post,PrimitiveCandidate,1,Primitive,
10243,Naaru Technology,PrimitiveCandidate,1,Primitive,
10245,B'naar Console Transcription,PrimitiveCandidate,1,Primitive,
10246,Attack on Manaforge Coruu,PrimitiveCandidate,2,Primitive,
10249,Back to the Chief!,PrimitiveCandidate,1,Primitive,
10250,Bloody Vengeance,HandlerOrSourceRequired,1,Unsupported,provided-use-item-requires-contract
10251,The Master's Grand Design?,PrimitiveCandidate,1,Primitive,
10254,Force Commander Danath,PrimitiveCandidate,1,Primitive,
10255,Testing the Antidote,HandlerOrSourceRequired,1,Unsupported,provided-use-item-requires-contract
10258,Honor the Fallen,PrimitiveCandidate,1,Primitive,
10259,Into the Breach,PrimitiveCandidate,1,Primitive,
10262,A Heap of Ethereals,PrimitiveCandidate,1,Primitive,
10263,Assisting the Consortium,PrimitiveCandidate,1,Primitive,
10264,Assisting the Consortium,PrimitiveCandidate,1,Primitive,
10265,Consortium Crystal Collection,PrimitiveCandidate,1,Primitive,
10266,Request for Assistance,PrimitiveCandidate,1,Primitive,
10267,Rightful Repossession,PrimitiveCandidate,1,Primitive,
10268,An Audience with the Prince,PrimitiveCandidate,1,Primitive,
10270,A Not-So-Modest Proposal,PrimitiveCandidate,1,Primitive,
10271,Getting Down to Business,PrimitiveCandidate,1,Primitive,
10272,A Promising Start,PrimitiveCandidate,1,Primitive,
10273,Troublesome Distractions,HandlerOrSourceRequired,1,Unsupported,service-or-gossip-credit-target
10278,The Warp Rifts,PrimitiveCandidate,1,Primitive,
10279,To The Master's Lair,PrimitiveCandidate,1,Primitive,
10280,Special Delivery to Shattrath City,PrimitiveCandidate,1,Primitive,
10281,Formal Introductions,PrimitiveCandidate,1,Primitive,
10285,Return to Andormu,PrimitiveCandidate,1,Primitive,
10286,Arelion's Secret,PrimitiveCandidate,1,Primitive,
10287,The Mistress Revealed,PrimitiveCandidate,1,Primitive,
10288,Arrival in Outland,PrimitiveCandidate,1,Primitive,
10289,Journey to Thrallmar,PrimitiveCandidate,1,Primitive,
10291,Report to Nazgrel,PrimitiveCandidate,1,Primitive,
10292,More Power!,PrimitiveCandidate,1,Primitive,
10294,Void Ridge,PrimitiveCandidate,1,Primitive,
10295,From the Abyss,PrimitiveCandidate,1,Primitive,
10298,Hero of the Brood,PrimitiveCandidate,1,Primitive,
10300,Rebuilding the Staff,PrimitiveCandidate,1,Primitive,
10301,Unlocking the Compendium,PrimitiveCandidate,1,Primitive,
10302,Volatile Mutations,PrimitiveCandidate,1,Primitive,
10303,The Blood Elves,PrimitiveCandidate,1,Primitive,
10304,Vindicator Aldar,PrimitiveCandidate,1,Primitive,
10311,Drijya Needs Your Help,PrimitiveCandidate,1,Primitive,
10312,The Annals of Kirin'Var,PrimitiveCandidate,1,Primitive,
10313,Measuring Warp Energies,HandlerOrSourceRequired,4,Unsupported,event-or-cast-special-flags; non-death-credit-trigger; provided-use-item-requires-contract
10314,A Lingering Suspicion,PrimitiveCandidate,1,Primitive,
10315,Neutralizing the Nethermancers,PrimitiveCandidate,1,Primitive,
10316,Searching for Evidence,PrimitiveCandidate,1,Primitive,
10317,Dealing with the Foreman,PrimitiveCandidate,1,Primitive,
10318,Dealing with the Overmaster,PrimitiveCandidate,1,Primitive,
10319,Capturing the Phylactery,PrimitiveCandidate,1,Primitive,
10324,The Great Moongraze Hunt,PrimitiveCandidate,1,Primitive,
10325,Marks of Kil'jaeden,PrimitiveCandidate,1,Primitive,
10328,Sunfury Briefings,PrimitiveCandidate,2,Primitive,
10331,Indispensable Tools,PrimitiveCandidate,1,Primitive,
10332,Master Smith Rhonsus,PrimitiveCandidate,1,Primitive,
10333,Help Mama Wheeler,PrimitiveCandidate,1,Primitive,
10334,Needs More Cowbell,PrimitiveCandidate,1,Primitive,
10335,Surveying the Ruins,HandlerOrSourceRequired,3,Unsupported,event-or-cast-special-flags; non-death-credit-trigger; provided-use-item-requires-contract
10336,The Minions of Culuthas,PrimitiveCandidate,2,Primitive,
10339,The Ethereum,PrimitiveCandidate,4,Primitive,
10340,Shatter Point,PrimitiveCandidate,1,Primitive,
10341,Kick Them While They're Down,PrimitiveCandidate,3,Primitive,
10342,Securing the Shaleskin Shale,PrimitiveCandidate,1,Primitive,
10343,The Unending Invasion,PrimitiveCandidate,1,Primitive,
10345,The Flesh Lies...,HandlerOrSourceRequired,1,Unsupported,event-or-cast-special-flags; non-death-credit-trigger; provided-use-item-requires-contract
10348,New Opportunities,PrimitiveCandidate,1,Primitive,
10352,A Donation of Wool,HandlerOrSourceRequired,2,Primitive; Unsupported,special-gameobject-mechanism
10353,Arconus the Insatiable,PrimitiveCandidate,1,Primitive,
10354,A Donation of Silk,HandlerOrSourceRequired,2,Primitive; Unsupported,special-gameobject-mechanism
10355,Withered Flesh,PrimitiveCandidate,2,Primitive,
10356,A Donation of Mageweave,HandlerOrSourceRequired,2,Primitive; Unsupported,special-gameobject-mechanism
10357,A Donation of Runecloth,HandlerOrSourceRequired,2,Primitive; Unsupported,special-gameobject-mechanism
10359,A Donation of Wool,HandlerOrSourceRequired,2,Primitive; Unsupported,special-gameobject-mechanism
10360,A Donation of Silk,HandlerOrSourceRequired,2,Primitive; Unsupported,special-gameobject-mechanism
10361,A Donation of Mageweave,HandlerOrSourceRequired,2,Primitive; Unsupported,special-gameobject-mechanism
10362,A Donation of Runecloth,HandlerOrSourceRequired,2,Primitive; Unsupported,special-gameobject-mechanism
10367,A Traitor Among Us,PrimitiveCandidate,1,Primitive,
10368,The Dreghood Elders,HandlerOrSourceRequired,4,Primitive; Unsupported,non-death-credit-trigger; service-or-gossip-credit-target
10369,Arzeth's Demise,HandlerOrSourceRequired,1,Unsupported,provided-use-item-requires-contract
10373,A Call to Arms: The Plaguelands!,PrimitiveCandidate,1,Primitive,
10374,A Call to Arms: The Plaguelands!,PrimitiveCandidate,1,Primitive,
10375,Obsidian Warbeads,PrimitiveCandidate,1,Primitive,
10380,A Dark Pact,PrimitiveCandidate,3,Primitive,
10381,Aldor No More,PrimitiveCandidate,1,Primitive,
10382,Go to the Front,PrimitiveCandidate,1,Primitive,
10384,Ethereum Data,PrimitiveCandidate,1,Primitive,
10385,Potential for Brain Damage = High,HandlerOrSourceRequired,2,Primitive; Unsupported,item-objective-does-not-match-primary-template
10388,Return to Thrallmar,PrimitiveCandidate,1,Primitive,
10389,The Agony and the Darkness,PrimitiveCandidate,1,Primitive,
10390,Forge Camp: Mageddon,PrimitiveCandidate,2,Primitive,
10391,Cannons of Rage,PrimitiveCandidate,1,Primitive,
10392,Doorway to the Abyss,HandlerOrSourceRequired,3,Unsupported,event-or-cast-special-flags
10394,Disruption - Forge Camp: Mageddon,PrimitiveCandidate,2,Primitive,
10396,Enemy of my Enemy...,PrimitiveCandidate,1,Primitive,
10397,Invasion Point: Annihilator,PrimitiveCandidate,3,Primitive,
10399,The Heart of Darkness,PrimitiveCandidate,1,Primitive,
10403,Naladu,PrimitiveCandidate,1,Primitive,
10404,Against the Legion,PrimitiveCandidate,3,Primitive,
10405,S-A-B-O-T-A-G-E,PrimitiveCandidate,1,Primitive,
10410,Ishanah's Help,PrimitiveCandidate,1,Primitive,
10411,Electro-Shock Goodness!,HandlerOrSourceRequired,2,Unsupported,provided-use-item-requires-contract
10412,Firewing Signets,PrimitiveCandidate,1,Primitive,
10416,Synthesis of Power,PrimitiveCandidate,1,Primitive,
10417,Run a Diagnostic!,PrimitiveCandidate,1,Primitive,
10418,Deal With the Saboteurs,PrimitiveCandidate,1,Primitive,
10420,A Cleansing Light,PrimitiveCandidate,2,Primitive,
10422,Captain Tyralius,HandlerOrSourceRequired,2,Unsupported,item-objective-does-not-match-primary-template; non-death-credit-trigger
10423,To the Stormspire,PrimitiveCandidate,1,Primitive,
10424,Diagnosis: Critical,PrimitiveCandidate,1,Primitive,
10426,Flora of the Eco-Domes,HandlerOrSourceRequired,1,Unsupported,event-or-cast-special-flags; provided-use-item-requires-contract
10427,Creatures of the Eco-Domes,HandlerOrSourceRequired,1,Unsupported,provided-use-item-requires-contract
10429,When Nature Goes Too Far,PrimitiveCandidate,1,Primitive,
10430,Testing the Prototype,PrimitiveCandidate,1,Primitive,
10431,Outside Assistance,PrimitiveCandidate,1,Primitive,
10432,Damning Evidence,PrimitiveCandidate,1,Primitive,
10433,Keeping Up Appearances,PrimitiveCandidate,1,Primitive,
10434,The Dynamic Duo,PrimitiveCandidate,1,Primitive,
10435,Retrieving the Goods,PrimitiveCandidate,1,Primitive,
10436,All Clear!,PrimitiveCandidate,1,Primitive,
10437,Recipe for Destruction,PrimitiveCandidate,1,Primitive,
10438,On Nethery Wings,HandlerOrSourceRequired,1,Unsupported,provided-use-item-requires-contract
10440,Success!,PrimitiveCandidate,1,Primitive,
10442,Helping the Cenarion Post,PrimitiveCandidate,1,Primitive,
10443,Helping the Cenarion Post,PrimitiveCandidate,1,Primitive,
10444,Report to the Allerian Post,PrimitiveCandidate,1,Primitive,
10446,The Final Code,HandlerOrSourceRequired,2,Unsupported,event-or-cast-special-flags; item-objective-does-not-match-primary-template; non-death-credit-trigger
10447,The Final Code,HandlerOrSourceRequired,2,Unsupported,event-or-cast-special-flags; item-objective-does-not-match-primary-template; non-death-credit-trigger
10448,Report to Stonebreaker Camp,PrimitiveCandidate,1,Primitive,
10449,Apothecary Zelana,PrimitiveCandidate,1,Primitive,
10450,Bonechewer Blood,PrimitiveCandidate,1,Primitive,
10455,The Encroaching Wilderness,PrimitiveCandidate,1,Primitive,
10456,Marauding Wolves,PrimitiveCandidate,1,Primitive,
10457,Protecting Our Own,PrimitiveCandidate,1,Primitive,
10458,Enraged Spirits of Fire and Earth,HandlerOrSourceRequired,2,Unsupported,provided-use-item-requires-contract; service-or-gossip-credit-target
10460,Defender's Pledge,PrimitiveCandidate,1,Primitive,
10461,Restorer's Pledge,PrimitiveCandidate,1,Primitive,
10462,Champion's Pledge,PrimitiveCandidate,1,Primitive,
10463,Sage's Pledge,PrimitiveCandidate,1,Primitive,
10476,Fierce Enemies,PrimitiveCandidate,1,Primitive,
10479,Proving Your Strength,PrimitiveCandidate,1,Primitive,
10480,Enraged Spirits of Water,HandlerOrSourceRequired,1,Unsupported,provided-use-item-requires-contract; service-or-gossip-credit-target
10481,Enraged Spirits of Air,HandlerOrSourceRequired,1,Unsupported,provided-use-item-requires-contract; service-or-gossip-credit-target
10482,Fel Orc Scavengers,PrimitiveCandidate,1,Primitive,
10483,Ill Omens,PrimitiveCandidate,1,Primitive,
10484,Cursed Talismans,PrimitiveCandidate,1,Primitive,
10485,Warlord of the Bleeding Hollow,PrimitiveCandidate,1,Primitive,
10486,The Encroaching Wilderness,PrimitiveCandidate,1,Primitive,
10487,Dust from the Drakes,PrimitiveCandidate,1,Primitive,
10488,Protecting Our Own,HandlerOrSourceRequired,1,Unsupported,event-or-cast-special-flags; non-death-credit-trigger; provided-use-item-requires-contract
10489,Felling an Ancient Tree,PrimitiveCandidate,1,Primitive,
10500,The Horde Needs Your Help!,PrimitiveCandidate,1,Primitive,
10501,The Alliance Needs Your Help!,PrimitiveCandidate,1,Primitive,
10502,The Bloodmaul Ogres,PrimitiveCandidate,1,Primitive,
10503,The Bladespire Threat,PrimitiveCandidate,2,Primitive,
10504,The Bladespire Ogres,PrimitiveCandidate,1,Primitive,
10505,The Bloodmaul Ogres,PrimitiveCandidate,1,Primitive,
10506,A Dire Situation,HandlerOrSourceRequired,1,Unsupported,normal-credit-does-not-match-primary-template; provided-use-item-requires-contract
10509,Bound for Glory,PrimitiveCandidate,1,Primitive,
10510,Into the Draenethyst Mine,PrimitiveCandidate,2,Primitive,
10511,Strange Brew,PrimitiveCandidate,1,Primitive,
10512,Getting the Bladespire Tanked,HandlerOrSourceRequired,2,Unsupported,cpp-item-producer-owner; provided-use-item-requires-contract
10513,Oronok Torn-heart,PrimitiveCandidate,1,Primitive,
10514,I Was A Lot Of Things...,HandlerOrSourceRequired,2,Unsupported,cpp-item-producer-owner; special-gameobject-mechanism
10515,A Lesson Learned,PrimitiveCandidate,1,Primitive,
10516,The Trappings of a Vindicator,PrimitiveCandidate,2,Primitive,
10517,"Gorr'Dim, Your Time Has Come...",PrimitiveCandidate,1,Primitive,
10520,Assisting Arch Druid Staghelm,PrimitiveCandidate,1,Primitive,
10521,"Grom'tor, Son of Oronok",PrimitiveCandidate,1,Primitive,
10522,The Cipher of Damnation - Grom'tor's Charge,HandlerOrSourceRequired,2,Primitive; Unsupported,item-objective-does-not-match-primary-template
10523,The Cipher of Damnation - The First Fragment Recovered,PrimitiveCandidate,1,Primitive,
10526,The Thunderspike,PrimitiveCandidate,1,Primitive,
10527,"Ar'tor, Son of Oronok",PrimitiveCandidate,1,Primitive,
10528,Demonic Crystal Prisons,PrimitiveCandidate,1,Primitive,
10537,"Lohn'goron, Bow of the Torn-heart",PrimitiveCandidate,1,Primitive,
10538,Boiling Blood,HandlerOrSourceRequired,1,Unsupported,item-objective-does-not-match-primary-template
10540,The Cipher of Damnation - Ar'tor's Charge,PrimitiveCandidate,1,Primitive,
10541,The Cipher of Damnation - The Second Fragment Recovered,PrimitiveCandidate,1,Primitive,
10542,They Stole Me Hookah and Me Brews!,PrimitiveCandidate,2,Primitive,
10543,"Grimnok and Korgaah, I Am For You!",PrimitiveCandidate,2,Primitive,
10544,A Curse Upon Both of Your Clans!,HandlerOrSourceRequired,2,Unsupported,provided-use-item-requires-contract
10545,Bladespire Kegger,HandlerOrSourceRequired,2,Unsupported,cpp-item-producer-owner; event-or-cast-special-flags; provided-use-item-requires-contract
10546,"Borak, Son of Oronok",PrimitiveCandidate,1,Primitive,
10547,Of Thistleheads and Eggs...,PrimitiveCandidate,1,Primitive,
10550,The Bundle of Bloodthistle,PrimitiveCandidate,1,Primitive,
10551,Allegiance to the Aldor,PrimitiveCandidate,1,Primitive,
10552,Allegiance to the Scryers,PrimitiveCandidate,1,Primitive,
10553,Voren'thal the Seer,PrimitiveCandidate,1,Primitive,
10554,Ishanah,PrimitiveCandidate,1,Primitive,
10555,Malaise,PrimitiveCandidate,1,Primitive,
10556,Scratches,HandlerOrSourceRequired,1,Unsupported,provided-use-item-requires-contract
10562,Besieged!,HandlerOrSourceRequired,1,Unsupported,cpp-objective-owner
10563,To Legion Hold,HandlerOrSourceRequired,1,Unsupported,non-death-credit-trigger; provided-use-item-requires-contract
10564,Blast the Infernals!,HandlerOrSourceRequired,1,Unsupported,event-or-cast-special-flags; non-death-credit-trigger; provided-use-item-requires-contract
10565,The Stones of Vekh'nir,HandlerOrSourceRequired,1,Unsupported,item-objective-does-not-match-primary-template
10566,Trial and Error,HandlerOrSourceRequired,5,Primitive; Unsupported,item-objective-does-not-match-primary-template
10567,Creating the Pendant,HandlerOrSourceRequired,2,Primitive; Unsupported,item-objective-does-not-match-primary-template
10568,Tablets of Baa'ri,PrimitiveCandidate,2,Primitive,
10569,The Sketh'lon Wreckage,PrimitiveCandidate,3,Primitive,
10570,To Catch A Thistlehead,PrimitiveCandidate,1,Primitive,
10571,Oronu the Elder,PrimitiveCandidate,1,Primitive,
10572,Setting Up the Bomb,PrimitiveCandidate,2,Primitive,
10573,The Deathforge,PrimitiveCandidate,1,Primitive,
10574,The Ashtongue Corruptors,PrimitiveCandidate,4,Primitive,
10575,The Warden's Cage,PrimitiveCandidate,1,Primitive,
10576,The Shadowmoon Shuffle,PrimitiveCandidate,1,Primitive,
10579,The Cipher of Damnation - The Third Fragment Recovered,PrimitiveCandidate,1,Primitive,
10580,Where Did Those Darn Gnomes Go?,PrimitiveCandidate,1,Primitive,
10581,Follow the Breadcrumbs,PrimitiveCandidate,1,Primitive,
10582,Minions of the Shadow Council,PrimitiveCandidate,2,Primitive,
10583,The Fate of Flanis,PrimitiveCandidate,1,Primitive,
10584,Picking Up Some Power Converters,HandlerOrSourceRequired,1,Unsupported,provided-use-item-requires-contract
10585,The Summoning Chamber,PrimitiveCandidate,2,Primitive,
10586,Bring Down the Warbringer!,HandlerOrSourceRequired,2,Primitive; Unsupported,provided-use-item-requires-contract
10587,Karabor Training Grounds,PrimitiveCandidate,1,Primitive,
10589,Gaining Access,PrimitiveCandidate,1,Primitive,
10595,Besieged!,HandlerOrSourceRequired,1,Unsupported,cpp-objective-owner
10596,To Legion Hold,HandlerOrSourceRequired,1,Unsupported,non-death-credit-trigger; provided-use-item-requires-contract
10597,Setting Up the Bomb,PrimitiveCandidate,2,Primitive,
10598,Blast the Infernals!,HandlerOrSourceRequired,1,Unsupported,event-or-cast-special-flags; non-death-credit-trigger; provided-use-item-requires-contract
10599,The Deathforge,PrimitiveCandidate,1,Primitive,
10600,Minions of the Shadow Council,PrimitiveCandidate,2,Primitive,
10601,The Fate of Kagrosh,PrimitiveCandidate,1,Primitive,
10602,The Summoning Chamber,PrimitiveCandidate,2,Primitive,
10603,Bring Down the Warbringer!,HandlerOrSourceRequired,2,Primitive; Unsupported,provided-use-item-requires-contract
10604,Gaining Access,PrimitiveCandidate,1,Primitive,
10606,The Art of Fel Reaver Maintenance,HandlerOrSourceRequired,2,Primitive; Unsupported,item-objective-does-not-match-primary-template
10607,Whispers of the Raven God,PrimitiveCandidate,4,Primitive,
10608,Crystal Clear,PrimitiveCandidate,1,Primitive,
10609,"What Came First, the Drake or the Egg?",HandlerOrSourceRequired,3,Unsupported,cpp-item-producer-owner
10611,The Art of Fel Reaver Maintenance,HandlerOrSourceRequired,2,Primitive; Unsupported,item-objective-does-not-match-primary-template
10612,The Fel and the Furious,PrimitiveCandidate,1,Primitive,
10613,The Fel and the Furious,PrimitiveCandidate,1,Primitive,
10614,Whispers on the Wind,PrimitiveCandidate,1,Primitive,
10615,Ruuan Weald,PrimitiveCandidate,1,Primitive,
10617,Silkwing Cocoons,PrimitiveCandidate,1,Primitive,
10618,The Softest Wings,PrimitiveCandidate,2,Primitive,
10619,The Ashtongue Tribe,PrimitiveCandidate,3,Primitive,
10620,Ridgespine Menace,PrimitiveCandidate,1,Primitive,
10622,Proof of Allegiance,PrimitiveCandidate,1,Primitive,
10624,A Haunted History,PrimitiveCandidate,1,Primitive,
10625,Spectrecles,PrimitiveCandidate,1,Primitive,
10628,Akama,PrimitiveCandidate,1,Primitive,
10629,Shizz Work,PrimitiveCandidate,1,Primitive,
10630,Beneath Thrallmar,PrimitiveCandidate,1,Primitive,
10632,Cutting Your Teeth,PrimitiveCandidate,1,Primitive,
10633,Teron Gorefiend - Lore and Legend,PrimitiveCandidate,1,Primitive,
10635,Divination: Gorefiend's Cloak,PrimitiveCandidate,1,Primitive,
10637,A Necessary Distraction,HandlerOrSourceRequired,2,Unsupported,event-or-cast-special-flags; item-objective-does-not-match-primary-template; non-death-credit-trigger
10639,"Teron Gorefiend, I am...",PrimitiveCandidate,1,Primitive,
10640,Altruis,PrimitiveCandidate,1,Primitive,
10641,Against the Legion,HandlerOrSourceRequired,2,Primitive; Unsupported,item-objective-does-not-match-primary-template
10642,A Ghost in the Machine,PrimitiveCandidate,1,Primitive,
10643,Harbingers of Shadowmoon,PrimitiveCandidate,1,Primitive,
10644,Teron Gorefiend - Lore and Legend,PrimitiveCandidate,1,Primitive,
10645,"Teron Gorefiend, I am...",PrimitiveCandidate,1,Primitive,
10650,Return to the Aldor,PrimitiveCandidate,1,Primitive,
10652,Behind Enemy Lines,PrimitiveCandidate,1,Primitive,
10653,Marks of Sargeras,PrimitiveCandidate,1,Primitive,
10656,Sunfury Signets,PrimitiveCandidate,1,Primitive,
10657,Ride the Lightning,HandlerOrSourceRequired,2,Primitive; Unsupported,provided-use-item-requires-contract
10660,What Strange Creatures...,PrimitiveCandidate,1,Primitive,
10661,Spleendid!,PrimitiveCandidate,1,Primitive,
10662,The Hermit Smith,PrimitiveCandidate,1,Primitive,
10663,The Hermit Smith,PrimitiveCandidate,1,Primitive,
10664,Additional Materials,PrimitiveCandidate,1,Primitive,
10668,Against the Illidari,PrimitiveCandidate,1,Primitive,
10669,Against All Odds,HandlerOrSourceRequired,1,Unsupported,provided-use-item-requires-contract
10671,More than a Pound of Flesh,PrimitiveCandidate,1,Primitive,
10672,"Frankly, It Makes No Sense...",PrimitiveCandidate,1,Primitive,
10673,Felspine the Greater,PrimitiveCandidate,1,Primitive,
10674,Trapping the Light Fantastic,HandlerOrSourceRequired,1,Unsupported,provided-use-item-requires-contract
10675,Show Them Gnome Mercy!,PrimitiveCandidate,1,Primitive,
10676,Bane of the Illidari,PrimitiveCandidate,1,Primitive,
10677,The Second Course...,PrimitiveCandidate,1,Primitive,
10678,The Main Course!,PrimitiveCandidate,1,Primitive,
10679,Quenching the Blade,PrimitiveCandidate,1,Primitive,
10680,The Hand of Gul'dan,PrimitiveCandidate,1,Primitive,
10681,The Hand of Gul'dan,PrimitiveCandidate,1,Primitive,
10683,Tablets of Baa'ri,PrimitiveCandidate,2,Primitive,
10684,Oronu the Elder,PrimitiveCandidate,1,Primitive,
10685,The Ashtongue Corruptors,PrimitiveCandidate,4,Primitive,
10686,The Warden's Cage,PrimitiveCandidate,1,Primitive,
10687,Karabor Training Grounds,PrimitiveCandidate,1,Primitive,
10688,A Necessary Distraction,HandlerOrSourceRequired,2,Unsupported,event-or-cast-special-flags; item-objective-does-not-match-primary-template; non-death-credit-trigger
10689,Altruis,PrimitiveCandidate,1,Primitive,
10690,The Den Mother,PrimitiveCandidate,1,Primitive,
10691,Return to the Scryers,PrimitiveCandidate,1,Primitive,
10702,A Grunt's Work...,PrimitiveCandidate,1,Primitive,
10703,Put On Yer Kneepads...,PrimitiveCandidate,1,Primitive,
10706,A Mysterious Portent,PrimitiveCandidate,1,Primitive,
10708,Akama's Promise,PrimitiveCandidate,1,Primitive,
10709,Reunion,PrimitiveCandidate,1,Primitive,
10713,...and a Time for Action,HandlerOrSourceRequired,1,Unsupported,service-or-gossip-credit-target
10714,On Spirit's Wings,HandlerOrSourceRequired,1,Unsupported,event-or-cast-special-flags; provided-use-item-requires-contract
10715,Into the Churning Gulch,PrimitiveCandidate,1,Primitive,
10717,Poaching from Poachers,PrimitiveCandidate,1,Primitive,
10718,The Spirits Have Voices,PrimitiveCandidate,1,Primitive,
10720,The Smallest Creatures,HandlerOrSourceRequired,3,Unsupported,cpp-objective-owner; provided-use-item-requires-contract
10721,A Boaring Time for Grulloc,PrimitiveCandidate,1,Primitive,
10723,Gorgrom the Dragon-Eater,HandlerOrSourceRequired,2,Unsupported,item-objective-does-not-match-primary-template; provided-use-item-requires-contract
10729,Path of the Violet Mage,PrimitiveCandidate,1,Primitive,
10730,Path of the Violet Restorer,PrimitiveCandidate,1,Primitive,
10731,Path of the Violet Assassin,PrimitiveCandidate,1,Primitive,
10732,Path of the Violet Protector,PrimitiveCandidate,1,Primitive,
10744,News of Victory,PrimitiveCandidate,1,Primitive,
10745,News of Victory,PrimitiveCandidate,1,Primitive,
10747,Whelps of the Wyrmcult,PrimitiveCandidate,1,Primitive,
10748,Maxnar Must Die!,PrimitiveCandidate,1,Primitive,
10749,Baron Sablemane's Poison,PrimitiveCandidate,1,Primitive,
10752,Onward to Ashenvale,PrimitiveCandidate,1,Primitive,
10753,Culling the Wild,PrimitiveCandidate,3,Primitive,
10756,Grand Master Rohok,PrimitiveCandidate,1,Primitive,
10757,Rohok's Request,PrimitiveCandidate,2,Primitive,
10759,Find the Deserter,PrimitiveCandidate,1,Primitive,
10760,The Sketh'lon Wreckage,PrimitiveCandidate,3,Primitive,
10761,Find the Deserter,PrimitiveCandidate,1,Primitive,
10762,Grand Master Dumphry,PrimitiveCandidate,1,Primitive,
10763,Dumphry's Request,PrimitiveCandidate,2,Primitive,
10766,Invasion Point: Cataclysm,PrimitiveCandidate,1,Primitive,
10767,Invasion Point: Cataclysm,PrimitiveCandidate,1,Primitive,
10770,Little Embers,PrimitiveCandidate,1,Primitive,
10771,From the Ashes,HandlerOrSourceRequired,3,Unsupported,event-or-cast-special-flags
10777,Asghar's Totem,PrimitiveCandidate,1,Primitive,
10778,The Rod of Lianthe,PrimitiveCandidate,2,Primitive,
10780,Sketh'lon Feathers,PrimitiveCandidate,1,Primitive,
10782,Imbuing the Headpiece,PrimitiveCandidate,1,Primitive,
10783,Baron Sablemane,PrimitiveCandidate,1,Primitive,
10784,Crush the Bloodmaul Camp,PrimitiveCandidate,2,Primitive,
10785,It's a Trap!,PrimitiveCandidate,1,Primitive,
10786,Slaughter at Boulder'mok,PrimitiveCandidate,2,Primitive,
10791,Welcoming the Wolf Spirit,HandlerOrSourceRequired,1,Unsupported,provided-use-item-requires-contract; service-or-gossip-credit-target
10792,Zeth'Gor Must Burn!,HandlerOrSourceRequired,5,Unsupported,event-or-cast-special-flags; item-objective-does-not-match-primary-template; non-death-credit-trigger
10795,A Date with Dorgok,PrimitiveCandidate,1,Primitive,
10796,Crush the Bloodmaul Camp!,PrimitiveCandidate,2,Primitive,
10798,Pay the Baron a Visit,PrimitiveCandidate,1,Primitive,
10799,Into the Churning Gulch,PrimitiveCandidate,1,Primitive,
10800,"Goodnight, Gronn",PrimitiveCandidate,1,Primitive,
10801,It's a Trap!,PrimitiveCandidate,1,Primitive,
10802,Gorgrom the Dragon-Eater,HandlerOrSourceRequired,2,Unsupported,event-or-cast-special-flags; item-objective-does-not-match-primary-template; provided-use-item-requires-contract
10803,Slaughter at Boulder'mok,PrimitiveCandidate,2,Primitive,
10804,Kindness,HandlerOrSourceRequired,3,Primitive; Unsupported,item-objective-does-not-match-primary-template
10807,The Ashtongue Broken,PrimitiveCandidate,3,Primitive,
10808,Thwart the Dark Conclave,HandlerOrSourceRequired,1,Unsupported,event-or-cast-special-flags; non-death-credit-trigger; provided-use-item-requires-contract
10809,Wanted: Worg Master Kruush,PrimitiveCandidate,1,Primitive,
10811,Seek Out Neltharaku,PrimitiveCandidate,1,Primitive,
10812,Mystery Mask,PrimitiveCandidate,1,Primitive,
10813,The Eyes of Grillok,HandlerOrSourceRequired,1,Unsupported,event-or-cast-special-flags; non-death-credit-trigger; provided-use-item-requires-contract
10816,Reclaiming Holy Grounds,PrimitiveCandidate,3,Primitive,
10817,The Great Retribution,PrimitiveCandidate,3,Primitive,
10818,Baron Sablemane Has Requested Your Presence,PrimitiveCandidate,1,Primitive,
10819,Felsworn Gas Mask,PrimitiveCandidate,1,Primitive,
10820,Deceive thy Enemy,PrimitiveCandidate,2,Primitive,
10824,Sunfury Signets,PrimitiveCandidate,1,Primitive,
10826,Marks of Sargeras,PrimitiveCandidate,1,Primitive,
10829,Treebole Must Know,PrimitiveCandidate,1,Primitive,
10830,Exorcising the Trees,PrimitiveCandidate,1,Primitive,
10835,Apothecary Antonivich,PrimitiveCandidate,1,Primitive,
10836,Infiltrating Dragonmaw Fortress,PrimitiveCandidate,1,Primitive,
10837,To Netherwing Ledge!,PrimitiveCandidate,1,Primitive,
10840,The Tomb of Lights,PrimitiveCandidate,2,Primitive,
10842,Vengeful Souls,PrimitiveCandidate,1,Primitive,
10843,Since Time Forgotten...,PrimitiveCandidate,1,Primitive,
10845,Slay the Brood Mother,PrimitiveCandidate,1,Primitive,
10846,Understanding the Mok'Nathal,PrimitiveCandidate,1,Primitive,
10847,The Eyes of Skettis,PrimitiveCandidate,2,Primitive,
10848,Veil Rhaze: Unliving Evil,PrimitiveCandidate,3,Primitive,
10849,Seek Out Kirrik,PrimitiveCandidate,1,Primitive,
10851,The Totems of My Enemy,PrimitiveCandidate,1,Primitive,
10852,Missing Friends,HandlerOrSourceRequired,2,Primitive; Unsupported,item-objective-does-not-match-primary-template
10853,Spirit Calling,PrimitiveCandidate,1,Primitive,
10854,The Force of Neltharaku,HandlerOrSourceRequired,1,Unsupported,provided-use-item-requires-contract
10856,The Best Defense,PrimitiveCandidate,1,Primitive,
10857,Teleport This!,HandlerOrSourceRequired,3,Unsupported,provided-use-item-requires-contract
10859,Gather the Orbs,HandlerOrSourceRequired,1,Unsupported,event-or-cast-special-flags; provided-use-item-requires-contract
10860,Mok'Nathal Treats,PrimitiveCandidate,2,Primitive,
10861,Veil Lithic: Preemptive Strike,PrimitiveCandidate,2,Primitive,
10862,Surrender to the Horde,PrimitiveCandidate,1,Primitive,
10863,Secrets of the Arakkoa,PrimitiveCandidate,1,Primitive,
10864,A Burden of Souls,PrimitiveCandidate,1,Primitive,
10865,Inform Leoroxx!,PrimitiveCandidate,1,Primitive,
10867,There Can Be Only One Response,PrimitiveCandidate,1,Primitive,
10868,Arakkoa War Path,PrimitiveCandidate,2,Primitive,
10869,Thin the Flock,PrimitiveCandidate,2,Primitive,
10870,Ally of the Netherwing,PrimitiveCandidate,1,Primitive,
10871,Ally of the Netherwing,PrimitiveCandidate,1,Primitive,
10873,Taken in the Night,HandlerOrSourceRequired,1,Unsupported,non-death-credit-trigger
10874,Veil Shalas: Signal Fires,PrimitiveCandidate,4,Primitive,
10875,Report to Nazgrel,PrimitiveCandidate,1,Primitive,
10877,The Dread Relic,PrimitiveCandidate,1,Primitive,
10878,Before Darkness Falls,PrimitiveCandidate,3,Primitive,
10881,The Shadow Tomb,PrimitiveCandidate,2,Primitive,
10883,The Tempest Key,PrimitiveCandidate,1,Primitive,
10889,Return to Shattrath,PrimitiveCandidate,1,Primitive,
10893,Longtail is the Lynchpin,HandlerOrSourceRequired,1,Unsupported,service-or-gossip-credit-target
10894,Wyrmskull Watcher,PrimitiveCandidate,1,Primitive,
10895,Zeth'Gor Must Burn!,HandlerOrSourceRequired,4,Unsupported,event-or-cast-special-flags; non-death-credit-trigger; provided-use-item-requires-contract
10896,The Infested Protectors,PrimitiveCandidate,1,Primitive,
10903,Return to Honor Hold,PrimitiveCandidate,1,Primitive,
10904,Harvesting the Fel Ammunition,PrimitiveCandidate,1,Primitive,
10908,Speak with Rilak the Redeemed,PrimitiveCandidate,1,Primitive,
10909,Fel Spirits,HandlerOrSourceRequired,1,Unsupported,provided-use-item-requires-contract
10910,Death's Door,PrimitiveCandidate,1,Primitive,
10911,Fire At Will!,HandlerOrSourceRequired,2,Unsupported,provided-use-item-requires-contract
10912,The Hound-Master,HandlerOrSourceRequired,1,Unsupported,provided-use-item-requires-contract
10913,An Improper Burial,HandlerOrSourceRequired,2,Unsupported,event-or-cast-special-flags; non-death-credit-trigger; provided-use-item-requires-contract
10914,A Hero Is Needed,PrimitiveCandidate,2,Primitive,
10915,The Fallen Exarch,PrimitiveCandidate,1,Primitive,
10916,Digging for Prayer Beads,PrimitiveCandidate,1,Primitive,
10917,The Outcast's Plight,PrimitiveCandidate,1,Primitive,
10920,For the Fallen,PrimitiveCandidate,1,Primitive,
10924,Bloody Imp-ossible!,PrimitiveCandidate,1,Primitive,
10926,Return to Sha'tari Base Camp,PrimitiveCandidate,1,Primitive,
10927,Killing the Crawlers,PrimitiveCandidate,1,Primitive,
10928,Killing the Crawlers,PrimitiveCandidate,1,Primitive,
10935,The Exorcism of Colonel Jules,HandlerOrSourceRequired,1,Unsupported,cpp-objective-owner; event-or-cast-special-flags; provided-use-item-requires-contract; service-or-gossip-credit-target
10936,Trollbane is Looking for You,PrimitiveCandidate,1,Primitive,
10944,The Secret Compromised,PrimitiveCandidate,1,Primitive,
10948,The Hostage Soul,PrimitiveCandidate,1,Primitive,
10949,Entry Into the Black Temple,PrimitiveCandidate,1,Primitive,
10969,Seek Out Ameer,PrimitiveCandidate,1,Primitive,
10970,A Mission of Mercy,PrimitiveCandidate,1,Primitive,
10971,Ethereum Secrets,PrimitiveCandidate,1,Primitive,
10973,A Thousand Worlds,PrimitiveCandidate,1,Primitive,
10982,The Eye of Haramad,PrimitiveCandidate,1,Primitive,
10983,Mog'dorg the Wizened,PrimitiveCandidate,1,Primitive,
10984,Speak with the Ogre,PrimitiveCandidate,1,Primitive,
10989,Mog'dorg the Wizened,PrimitiveCandidate,1,Primitive,
11005,Secrets of the Talonpriests,PrimitiveCandidate,3,Primitive,
11009,Ogre Heaven,PrimitiveCandidate,1,Primitive,
11019,Your Friend On The Inside,PrimitiveCandidate,1,Primitive,
11022,Speak with Mog'dorg,PrimitiveCandidate,1,Primitive,
11025,The Crystals,PrimitiveCandidate,1,Primitive,
11026,Banish the Demons,HandlerOrSourceRequired,1,Unsupported,provided-use-item-requires-contract
11030,Our Boy Wants To Be A Skyguard Ranger,PrimitiveCandidate,1,Primitive,
11036,Out of This World Produce!,PrimitiveCandidate,1,Primitive,
11037,A Strange Vision,PrimitiveCandidate,1,Primitive,
11038,Assist Exarch Orelis,PrimitiveCandidate,1,Primitive,
11039,Report to Spymaster Thalodien,PrimitiveCandidate,1,Primitive,
11040,Parts for the Rocket-Chief,PrimitiveCandidate,1,Primitive,
11042,A Mystifying Vision,PrimitiveCandidate,1,Primitive,
11043,Building a Better Gryphon,PrimitiveCandidate,1,Primitive,
11044,Visions of Destruction,PrimitiveCandidate,1,Primitive,
11045,Zorus the Judicator,PrimitiveCandidate,1,Primitive,
11046,Chief Apothecary Hildagard,PrimitiveCandidate,1,Primitive,
11047,The Apprentice's Request,PrimitiveCandidate,1,Primitive,
11048,Kroghan's Report,PrimitiveCandidate,1,Primitive,
11049,The Great Netherwing Egg Hunt,PrimitiveCandidate,1,Primitive,
11053,"Rise, Overseer!",PrimitiveCandidate,1,Primitive,
11054,Overseeing and You: Making the Right Choices,PrimitiveCandidate,1,Primitive,
11057,The Trouble Below,PrimitiveCandidate,1,Primitive,
11060,A Crystalforged Darkrune,PrimitiveCandidate,1,Primitive,
11061,A Father's Duty,PrimitiveCandidate,1,Primitive,
11062,The Skyguard Outpost,PrimitiveCandidate,1,Primitive,
11063,Earning Your Wings...,PrimitiveCandidate,1,Primitive,
11065,Wrangle Some Aether Rays!,HandlerOrSourceRequired,1,Unsupported,non-death-credit-trigger; provided-use-item-requires-contract
11075,The Netherwing Mines,PrimitiveCandidate,1,Primitive,
11083,Crazed and Confused,PrimitiveCandidate,2,Primitive,
11084,"Stand Tall, Captain!",PrimitiveCandidate,1,Primitive,
11089,The Soul Cannon of Reth'hedron,PrimitiveCandidate,1,Primitive,
11091,A Special Thank You,PrimitiveCandidate,1,Primitive,
11092,"Hail, Commander!",PrimitiveCandidate,1,Primitive,
11094,Kill Them All!,PrimitiveCandidate,1,Primitive,
11095,Commander Hobb,PrimitiveCandidate,1,Primitive,
11099,Kill Them All!,PrimitiveCandidate,1,Primitive,
11100,Commander Arcus,PrimitiveCandidate,1,Primitive,
11107,Bow to the Highlord,PrimitiveCandidate,1,Primitive,
11109,Jorus the Cobalt Netherwing Drake,PrimitiveCandidate,1,Primitive,
11110,Malfas the Purple Netherwing Drake,PrimitiveCandidate,1,Primitive,
11111,Onyxien the Onyx Netherwing Drake,PrimitiveCandidate,1,Primitive,
11112,Suraku the Azure Netherwing Drake,PrimitiveCandidate,1,Primitive,
11113,Voranaku the Violet Netherwing Drake,PrimitiveCandidate,1,Primitive,
11114,Zoya the Veridian Netherwing Drake,PrimitiveCandidate,1,Primitive,
11119,Assault on Bash'ir Landing!,PrimitiveCandidate,1,Primitive,
11123,Inspecting the Ruins,PrimitiveCandidate,1,Primitive,
11124,Inspecting the Ruins,PrimitiveCandidate,1,Primitive,
11126,Traitors Among Us,HandlerOrSourceRequired,1,Unsupported,non-death-credit-trigger; service-or-gossip-credit-target
11127,<NYI>Thunderbrew Secrets,PrimitiveCandidate,1,Primitive,
11128,Propaganda War,PrimitiveCandidate,1,Primitive,
11129,Kyle's Gone Missing!,HandlerOrSourceRequired,2,Unsupported,item-objective-does-not-match-primary-template; non-death-credit-trigger
11133,Discrediting the Deserters,HandlerOrSourceRequired,1,Unsupported,non-death-credit-trigger; service-or-gossip-credit-target
11134,The End of the Deserters,PrimitiveCandidate,1,Primitive,
11135,The Headless Horseman,PrimitiveCandidate,1,Primitive,
11136,A Disturbing Development,PrimitiveCandidate,1,Primitive,
11137,Defias in Dustwallow?,PrimitiveCandidate,1,Primitive,
11138,Renn McGill,PrimitiveCandidate,1,Primitive,
11139,Secondhand Diving Gear,PrimitiveCandidate,3,Primitive,
11140,Recover the Cargo!,PrimitiveCandidate,1,Primitive,
11141,Jaina Must Know,PrimitiveCandidate,1,Primitive,
11143,A Grim Connection,PrimitiveCandidate,1,Primitive,
11144,Confirming the Suspicion,HandlerOrSourceRequired,1,Unsupported,item-objective-does-not-match-primary-template
11145,Prisoners of the Grimtotems,HandlerOrSourceRequired,2,Unsupported,item-objective-does-not-match-primary-template; non-death-credit-trigger
11146,Raptor Captor,HandlerOrSourceRequired,1,Unsupported,provided-use-item-requires-contract
11147,Unleash the Raptors,HandlerOrSourceRequired,1,Unsupported,provided-use-item-requires-contract
11148,Arms of the Grimtotems,PrimitiveCandidate,2,Primitive,
11149,Tabetha's Assistance,PrimitiveCandidate,1,Primitive,
11150,Raze Direhorn Post!,HandlerOrSourceRequired,3,Unsupported,event-or-cast-special-flags; non-death-credit-trigger; provided-use-item-requires-contract
11151,Justice for the Hyals,PrimitiveCandidate,1,Primitive,
11152,Peace at Last,HandlerOrSourceRequired,1,Unsupported,non-death-credit-trigger; provided-use-item-requires-contract; service-or-gossip-credit-target
11154,Scare the Guano Out of Them!,PrimitiveCandidate,2,Primitive,
11155,Shoveltusk Soup Again?,PrimitiveCandidate,1,Primitive,
11156,Direhorn Raiders,PrimitiveCandidate,1,Primitive,
11157,The Clutches of Evil,PrimitiveCandidate,2,Primitive,
11158,Bloodfen Feathers,PrimitiveCandidate,1,Primitive,
11159,Spirits of Stonemaul Hold,HandlerOrSourceRequired,1,Unsupported,provided-use-item-requires-contract
11160,Banner of the Stonemaul,PrimitiveCandidate,1,Primitive,
11161,The Essence of Enmity,PrimitiveCandidate,1,Primitive,
11162,Challenge to the Black Flight,HandlerOrSourceRequired,1,Unsupported,provided-use-item-requires-contract
11163,Undercover Sister,PrimitiveCandidate,1,Primitive,
11167,The New Plague,PrimitiveCandidate,1,Primitive,
11168,Spiking the Mix,PrimitiveCandidate,1,Primitive,
11169,The Grimtotem Weapon,HandlerOrSourceRequired,1,Unsupported,provided-use-item-requires-contract
11170,Test at Sea,HandlerOrSourceRequired,1,Unsupported,provided-use-item-requires-contract
11172,The Zeppelin Crash,PrimitiveCandidate,1,Primitive,
11173,The Reagent Thief,PrimitiveCandidate,1,Primitive,
11174,Corrosion Prevention,HandlerOrSourceRequired,1,Unsupported,provided-use-item-requires-contract; service-or-gossip-credit-target
11175,My Daughter,PrimitiveCandidate,1,Primitive,
11176,See to the Operations,PrimitiveCandidate,1,Primitive,
11177,The Hermit of Swamplight Manor,PrimitiveCandidate,1,Primitive,
11180,What's Haunting Witch Hill?,PrimitiveCandidate,1,Primitive,
11181,The Witch's Bane,PrimitiveCandidate,2,Primitive,
11182,Root Causes,PrimitiveCandidate,2,Primitive,
11183,Cleansing Witch Hill,HandlerOrSourceRequired,1,Unsupported,provided-use-item-requires-contract
11184,WANTED: Goreclaw the Ravenous,PrimitiveCandidate,1,Primitive,
11187,Mage-Lieutenant Malister,PrimitiveCandidate,1,Primitive,
11188,Two Wrongs...,HandlerOrSourceRequired,1,Unsupported,provided-use-item-requires-contract
11190,One Size Does Not Fit All,PrimitiveCandidate,2,Primitive,
11191,This Old Lighthouse,PrimitiveCandidate,1,Primitive,
11192,Thresher Oil,PrimitiveCandidate,1,Primitive,
11193,Dastardly Denizens of the Deep,PrimitiveCandidate,1,Primitive,
11194,Is it Real?,PrimitiveCandidate,1,Primitive,
11199,Report to Scout Knowles,PrimitiveCandidate,1,Primitive,
11200,More than Coincidence,PrimitiveCandidate,2,Primitive,
11201,The Grimtotem Plot,HandlerOrSourceRequired,1,Unsupported,item-objective-does-not-match-primary-template
11202,Mission: Eternal Flame,HandlerOrSourceRequired,4,Unsupported,provided-use-item-requires-contract
11203,Seek Out Tabetha,PrimitiveCandidate,1,Primitive,
11204,Return to Krog,PrimitiveCandidate,1,Primitive,
11205,Raze Direhorn Post!,HandlerOrSourceRequired,3,Unsupported,event-or-cast-special-flags; non-death-credit-trigger; provided-use-item-requires-contract
11206,Justice Dispensed,PrimitiveCandidate,1,Primitive,
11207,Secure the Cargo!,PrimitiveCandidate,1,Primitive,
11208,Delivery for Drazzit,PrimitiveCandidate,1,Primitive,
11209,Nat's Bargain,HandlerOrSourceRequired,1,Unsupported,provided-use-item-requires-contract
11210,"Oh, It's Real",PrimitiveCandidate,1,Primitive,
11211,Help for Mudsprocket,PrimitiveCandidate,1,Primitive,
11212,Tabetha's Farm,PrimitiveCandidate,1,Primitive,
11213,Check Up on Tabetha,PrimitiveCandidate,1,Primitive,
11214,Mission to Mudsprocket,PrimitiveCandidate,1,Primitive,
11215,Help Mudsprocket,PrimitiveCandidate,1,Primitive,
11216,Archmage Alturus,PrimitiveCandidate,1,Primitive,
11217,Catch a Dragon by the Tail,PrimitiveCandidate,2,Primitive,
11218,Danger! Explosives!,PrimitiveCandidate,4,Primitive,
11220,The Headless Horseman,PrimitiveCandidate,1,Primitive,
11221,Reports from the Field,HandlerOrSourceRequired,2,Unsupported,service-or-gossip-credit-target
11224,Send Them Packing,PrimitiveCandidate,1,Primitive,
11225,The Hermit of Witch Hill,PrimitiveCandidate,1,Primitive,
11227,Let Them Eat Crow,HandlerOrSourceRequired,2,Unsupported,item-objective-does-not-match-primary-template; provided-use-item-requires-contract
11228,Hell Has Frozen Over...,PrimitiveCandidate,1,Primitive,
11229,The Windrunner Fleet,PrimitiveCandidate,1,Primitive,
11230,Ambushed!,PrimitiveCandidate,1,Primitive,
11231,Of Keys and Cages,HandlerOrSourceRequired,3,Unsupported,item-objective-does-not-match-primary-template; non-death-credit-trigger
11232,Guide Our Sights,HandlerOrSourceRequired,2,Unsupported,event-or-cast-special-flags; non-death-credit-trigger; provided-use-item-requires-contract
11233,Landing the Killing Blow,PrimitiveCandidate,3,Primitive,
11234,Report to Anselm,PrimitiveCandidate,1,Primitive,
11235,Dealing With Gjalerbron,PrimitiveCandidate,3,Primitive,
11236,Necro Overlord Mezhen,PrimitiveCandidate,1,Primitive,
11239,In Service to the Light,PrimitiveCandidate,3,Primitive,
11240,Leader of the Deranged,PrimitiveCandidate,1,Primitive,
11243,If Valgarde Falls...,PrimitiveCandidate,1,Primitive,
11244,Rescuing the Rescuers,PrimitiveCandidate,1,Primitive,
11245,Towers of Certain Doom,HandlerOrSourceRequired,4,Unsupported,event-or-cast-special-flags; provided-use-item-requires-contract
11246,"Gruesome, But Necessary",HandlerOrSourceRequired,1,Unsupported,provided-use-item-requires-contract
11247,"Burn Skorn, Burn!",HandlerOrSourceRequired,3,Unsupported,event-or-cast-special-flags; provided-use-item-requires-contract
11248,Operation: Skornful Wrath,PrimitiveCandidate,1,Primitive,
11250,All Hail the Conqueror of Skorn!,PrimitiveCandidate,1,Primitive,
11251,Fresh Legs,PrimitiveCandidate,1,Primitive,
11253,Sniff Out the Enemy,PrimitiveCandidate,1,Primitive,
11254,The Dragonskin Map,PrimitiveCandidate,1,Primitive,
11255,Prisoners of Wyrmskull,HandlerOrSourceRequired,2,Primitive; Unsupported,item-objective-does-not-match-primary-template
11256,Skorn Must Fall!,PrimitiveCandidate,1,Primitive,
11257,"Gruesome, But Necessary",HandlerOrSourceRequired,1,Unsupported,provided-use-item-requires-contract
11258,"Burn Skorn, Burn!",HandlerOrSourceRequired,3,Unsupported,event-or-cast-special-flags; provided-use-item-requires-contract
11259,Towers of Certain Doom,HandlerOrSourceRequired,4,Unsupported,event-or-cast-special-flags; provided-use-item-requires-contract
11261,The Conqueror of Skorn!,PrimitiveCandidate,1,Primitive,
11263,Dealing With Gjalerbron,PrimitiveCandidate,3,Primitive,
11264,Necro Overlord Mezhen,PrimitiveCandidate,1,Primitive,
11265,Of Keys and Cages,HandlerOrSourceRequired,3,Unsupported,item-objective-does-not-match-primary-template; non-death-credit-trigger
11268,The Walking Dead,PrimitiveCandidate,3,Primitive,
11269,Down to the Wire,PrimitiveCandidate,2,Primitive,
11270,War is Hell,HandlerOrSourceRequired,1,Unsupported,provided-use-item-requires-contract
11271,Hasty Preparations,PrimitiveCandidate,2,Primitive,
11273,The Human League,PrimitiveCandidate,1,Primitive,
11274,Zedd's Probably Dead,PrimitiveCandidate,1,Primitive,
11275,Making the Horn,PrimitiveCandidate,1,Primitive,
11276,And Then There Were Two...,PrimitiveCandidate,1,Primitive,
11277,The Depths of Depravity,PrimitiveCandidate,2,Primitive,
11278,Return to Valgarde,PrimitiveCandidate,1,Primitive,
11279,Green Eggs and Whelps,PrimitiveCandidate,1,Primitive,
11280,Draconis Gastritis,HandlerOrSourceRequired,1,Unsupported,provided-use-item-requires-contract
11281,Mimicking Nature's Call,HandlerOrSourceRequired,1,Unsupported,provided-use-item-requires-contract
11282,A Lesson in Fear,HandlerOrSourceRequired,3,Unsupported,provided-use-item-requires-contract
11283,Baleheim Bodycount,PrimitiveCandidate,1,Primitive,
11284,The Yeti Next Door,HandlerOrSourceRequired,2,Primitive; Unsupported,item-objective-does-not-match-primary-template
11285,Baleheim Must Burn!,HandlerOrSourceRequired,4,Unsupported,event-or-cast-special-flags; non-death-credit-trigger; provided-use-item-requires-contract
11286,The Artifacts of Steel Gate,PrimitiveCandidate,2,Primitive,
11287,Find Sage Mistwalker,PrimitiveCandidate,1,Primitive,
11288,The Shining Light,PrimitiveCandidate,1,Primitive,
11290,Dragonflayer Battle Plans,PrimitiveCandidate,1,Primitive,
11291,To Westguard Keep!,PrimitiveCandidate,1,Primitive,
11292,Preying Upon the Weak,PrimitiveCandidate,2,Primitive,
11295,The Offensive Begins,PrimitiveCandidate,1,Primitive,
11296,Rivenwood Captives,HandlerOrSourceRequired,1,Unsupported,non-death-credit-trigger
11297,Keeping Watch on the Interlopers,PrimitiveCandidate,1,Primitive,
11298,What's in That Brew?,PrimitiveCandidate,1,Primitive,
11299,The Ring of Judgement,PrimitiveCandidate,1,Primitive,
11300,Stunning Defeat at the Ring,HandlerOrSourceRequired,1,Unsupported,special-gameobject-mechanism
11301,Brains! Brains! Brains!,PrimitiveCandidate,1,Primitive,
11302,The Enigmatic Frost Nymphs,PrimitiveCandidate,1,Primitive,
11303,The Ambush,PrimitiveCandidate,1,Primitive,
11304,New Agamand,PrimitiveCandidate,1,Primitive,
11305,A Tailor-Made Formula,PrimitiveCandidate,1,Primitive,
11306,Apply Heat and Stir,PrimitiveCandidate,1,Primitive,
11307,Field Test,HandlerOrSourceRequired,1,Unsupported,provided-use-item-requires-contract
11308,Time for Cleanup,PrimitiveCandidate,1,Primitive,
11309,Parts for the Job,PrimitiveCandidate,1,Primitive,
11310,Warning: Some Assembly Required,HandlerOrSourceRequired,1,Unsupported,provided-use-item-requires-contract
11311,Suppressing the Elements,PrimitiveCandidate,1,Primitive,
11312,The Frozen Glade,PrimitiveCandidate,1,Primitive,
11313,Spirits of the Ice,PrimitiveCandidate,1,Primitive,
11314,The Fallen Sisters,HandlerOrSourceRequired,1,Unsupported,provided-use-item-requires-contract; service-or-gossip-credit-target
11315,Wild Vines,PrimitiveCandidate,1,Primitive,
11316,Spawn of the Twisted Glade,PrimitiveCandidate,1,Primitive,
11317,The Cleansing,PrimitiveCandidate,1,Primitive,
11319,Seeds of the Blacksouled Keepers,HandlerOrSourceRequired,1,Unsupported,non-death-credit-trigger; provided-use-item-requires-contract
11322,The Cleansing,PrimitiveCandidate,1,Primitive,
11323,In Worg's Clothing,PrimitiveCandidate,1,Primitive,
11324,Alpha Worg,PrimitiveCandidate,1,Primitive,
11325,In Worg's Clothing,PrimitiveCandidate,1,Primitive,
11326,Alpha Worg,PrimitiveCandidate,1,Primitive,
11327,Mission: Package Retrieval,PrimitiveCandidate,1,Primitive,
11328,Mission: Forsaken Intel,PrimitiveCandidate,1,Primitive,
11329,I'll Try Anything!,PrimitiveCandidate,1,Primitive,
11330,Absholutely... Thish Will Work!,HandlerOrSourceRequired,1,Unsupported,event-or-cast-special-flags; non-death-credit-trigger; provided-use-item-requires-contract
11331,You Tell Him ...Hic!,PrimitiveCandidate,1,Primitive,
11332,Mission: Plague This!,HandlerOrSourceRequired,1,Unsupported,event-or-cast-special-flags
11333,Into the World of Spirits,PrimitiveCandidate,1,Primitive,
11346,The Book of Runes,HandlerOrSourceRequired,3,Unsupported,item-objective-does-not-match-primary-template
11348,The Rune of Command,HandlerOrSourceRequired,2,Unsupported,provided-use-item-requires-contract
11349,Mastering the Runes,PrimitiveCandidate,1,Primitive,
11351,Mastering the Runes,PrimitiveCandidate,1,Primitive,
11352,The Rune of Command,HandlerOrSourceRequired,2,Unsupported,provided-use-item-requires-contract
11390,I've Got a Flying Machine!,PrimitiveCandidate,1,Primitive,
11393,Where is Explorer Jaren?,PrimitiveCandidate,1,Primitive,
11394,And You Thought Murlocs Smelled Bad!,PrimitiveCandidate,1,Primitive,
11396,Bring Down Those Shields,HandlerOrSourceRequired,1,Unsupported,provided-use-item-requires-contract
11397,And You Thought Murlocs Smelled Bad!,PrimitiveCandidate,1,Primitive,
11399,Bring Down Those Shields,HandlerOrSourceRequired,1,Unsupported,provided-use-item-requires-contract
11406,Everything Must Be Ready,PrimitiveCandidate,1,Primitive,
11410,The One That Got Away,HandlerOrSourceRequired,1,Unsupported,provided-use-item-requires-contract
11411,Camp Winterhoof,PrimitiveCandidate,1,Primitive,
11414,Brother Betrayers,PrimitiveCandidate,2,Primitive,
11415,Brother Betrayers,PrimitiveCandidate,2,Primitive,
11416,Eyes of the Eagle,PrimitiveCandidate,1,Primitive,
11417,Eyes of the Eagle,PrimitiveCandidate,1,Primitive,
11418,We Call Him Steelfeather,HandlerOrSourceRequired,2,Unsupported,cpp-item-producer-owner; item-objective-does-not-match-primary-template; provided-use-item-requires-contract
11420,The Path to Payback,HandlerOrSourceRequired,2,Primitive; Unsupported,cpp-item-producer-owner
11421,It Goes to 11...,HandlerOrSourceRequired,5,Unsupported,event-or-cast-special-flags; provided-use-item-requires-contract
11422,Trident of the Son,PrimitiveCandidate,1,Primitive,
11423,The Enemy's Legacy,PrimitiveCandidate,5,Primitive,
11424,Shield Hill,PrimitiveCandidate,1,Primitive,
11425,Test Quest - Craig,PrimitiveCandidate,1,Primitive,
11426,Locating the Mechanism,PrimitiveCandidate,1,Primitive,
11427,Meet Lieutenant Icehammer...,PrimitiveCandidate,1,Primitive,
11428,Keeper Witherleaf,PrimitiveCandidate,1,Primitive,
11430,Harpoon Master Yavus,PrimitiveCandidate,1,Primitive,
11432,Sleeping Giants,HandlerOrSourceRequired,2,Unsupported,item-objective-does-not-match-primary-template; non-death-credit-trigger
11433,Sleeping Giants,HandlerOrSourceRequired,2,Unsupported,item-objective-does-not-match-primary-template; non-death-credit-trigger
11434,Forgotten Treasure,HandlerOrSourceRequired,4,Primitive; Unsupported,cpp-item-producer-owner
11443,Daggercap Divin',HandlerOrSourceRequired,3,Primitive; Unsupported,cpp-item-producer-owner; item-objective-does-not-match-primary-template
11448,The Explorers' League Outpost,HandlerOrSourceRequired,1,Unsupported,cpp-item-producer-owner
11451,Alicia's Poem,HandlerOrSourceRequired,1,Unsupported,cpp-item-producer-owner
11455,The Fragrance of Money,PrimitiveCandidate,1,Primitive,
11456,Feeding the Survivors,PrimitiveCandidate,1,Primitive,
11457,Arming Kamagua,PrimitiveCandidate,1,Primitive,
11458,Avenge Iskaal,HandlerOrSourceRequired,1,Unsupported,provided-use-item-requires-contract
11459,Zeh'gehn Sez,PrimitiveCandidate,1,Primitive,
11464,Gambling Debt,PrimitiveCandidate,1,Primitive,
11465,The Ransacked Caravan,HandlerOrSourceRequired,1,Unsupported,gameobject-item-does-not-match-primary-template
11466,Jack Likes His Drink,HandlerOrSourceRequired,2,Unsupported,cpp-item-producer-owner; item-objective-does-not-match-primary-template
11467,Dead Man's Debt,PrimitiveCandidate,1,Primitive,
11468,Falcon Versus Hawk,HandlerOrSourceRequired,1,Unsupported,gameobject-item-does-not-match-primary-template
11469,Swabbin' Soap,PrimitiveCandidate,1,Primitive,
11470,There Exists No Honor Among Birds,PrimitiveCandidate,1,Primitive,
11473,A Traitor Among Us,PrimitiveCandidate,1,Primitive,
11474,Problems on the High Bluff,PrimitiveCandidate,1,Primitive,
11475,Tools to Get the Job Done,PrimitiveCandidate,1,Primitive,
11476,A Carver and a Croaker,PrimitiveCandidate,1,Primitive,
11477,Out of My Element?,PrimitiveCandidate,3,Primitive,
11478,Outpost Over Yonder...,PrimitiveCandidate,1,Primitive,
11479,"""Crowleg"" Dan",HandlerOrSourceRequired,1,Unsupported,service-or-gossip-credit-target
11480,Meet Number Two,PrimitiveCandidate,1,Primitive,
11481,Crisis at the Sunwell,PrimitiveCandidate,1,Primitive,
11482,Duty Calls,PrimitiveCandidate,1,Primitive,
11483,We Can Rebuild It,PrimitiveCandidate,3,Primitive,
11484,We Have the Technology,PrimitiveCandidate,2,Primitive,
11489,Iron Rune Constructs and You: Collecting Data,PrimitiveCandidate,1,Primitive,
11494,Lightning Infused Relics,PrimitiveCandidate,1,Primitive,
11497,Learning to Fly,PrimitiveCandidate,1,Primitive,
11498,Learning to Fly,PrimitiveCandidate,1,Primitive,
11501,News From the East,PrimitiveCandidate,1,Primitive,
11504,The Dead Rise!,PrimitiveCandidate,4,Primitive,
11507,Elder Atuik and Kamagua,PrimitiveCandidate,1,Primitive,
11508,Grezzix Spindlesnap,PrimitiveCandidate,1,Primitive,
11509,"Street ""Cred""",PrimitiveCandidate,1,Primitive,
11510,"""Scoodles""",PrimitiveCandidate,1,Primitive,
11511,The Staff of Storm's Fury,PrimitiveCandidate,1,Primitive,
11512,The Frozen Heart of Isuldof,PrimitiveCandidate,1,Primitive,
11517,Report to Nasuun,PrimitiveCandidate,1,Primitive,
11519,The Lost Shield of the Aesirites,PrimitiveCandidate,1,Primitive,
11526,The Missing Magistrix,PrimitiveCandidate,1,Primitive,
11527,Mutiny on the Mercy,PrimitiveCandidate,1,Primitive,
11529,Sorlof's Booty,PrimitiveCandidate,1,Primitive,
11530,The Shield of the Aesirites,PrimitiveCandidate,1,Primitive,
11534,Report to Nasuun,PrimitiveCandidate,1,Primitive,
11549,A Magnanimous Benefactor,PrimitiveCandidate,1,Primitive,
11550,"Enter, the Deceiver...",PrimitiveCandidate,1,Primitive,
11554,A Friend in the Frontlines,PrimitiveCandidate,1,Primitive,
11555,Honored by Your Allies,PrimitiveCandidate,1,Primitive,
11556,Revered in the Field of Battle,PrimitiveCandidate,1,Primitive,
11557,Exalted Among All Combatants,PrimitiveCandidate,1,Primitive,
11559,Winterfin Commerce,PrimitiveCandidate,1,Primitive,
11560,"Oh Noes, the Tadpoles!",HandlerOrSourceRequired,1,Unsupported,non-death-credit-trigger
11561,Them!,PrimitiveCandidate,1,Primitive,
11562,I'm Being Blackmailed By My Cleaner,PrimitiveCandidate,1,Primitive,
11563,Grmmurggll Mrllggrl Glrggl!!!,PrimitiveCandidate,1,Primitive,
11564,Succulent Orca Stew,PrimitiveCandidate,1,Primitive,
11565,The Spare Suit,PrimitiveCandidate,1,Primitive,
11566,Surrender... Not!,PrimitiveCandidate,1,Primitive,
11567,The Ancient Armor of the Kvaldir,PrimitiveCandidate,1,Primitive,
11568,A Return to Resting,HandlerOrSourceRequired,4,Unsupported,event-or-cast-special-flags; non-death-credit-trigger; provided-use-item-requires-contract
11569,Keymaster Urmgrgl,PrimitiveCandidate,1,Primitive,
11571,Learning to Communicate,PrimitiveCandidate,1,Primitive,
11572,Return to Atuik,PrimitiveCandidate,1,Primitive,
11573,Orfus of Kamagua,PrimitiveCandidate,1,Primitive,
11574,Too Close For Comfort,PrimitiveCandidate,1,Primitive,
11575,Nick of Time,PrimitiveCandidate,1,Primitive,
11576,Monitoring the Rift: Cleftcliff Anomaly,HandlerOrSourceRequired,1,Unsupported,event-or-cast-special-flags; non-death-credit-trigger; provided-use-item-requires-contract
11578,"The ""Chow"" Quest (123)aa COPY",PrimitiveCandidate,1,Primitive,
11579,"The ""Chow"" Quest (123)aa COPY",PrimitiveCandidate,1,Primitive,
11582,Monitoring the Rift: Sundered Chasm,HandlerOrSourceRequired,1,Unsupported,event-or-cast-special-flags; non-death-credit-trigger; provided-use-item-requires-contract
11585,Hellscream's Vigil,PrimitiveCandidate,1,Primitive,
11586,Hellscream's Vigil,PrimitiveCandidate,1,Primitive,
11587,Prison Break,HandlerOrSourceRequired,2,Primitive; Unsupported,item-objective-does-not-match-primary-template
11590,Abduction,HandlerOrSourceRequired,1,Unsupported,cpp-objective-owner; provided-use-item-requires-contract
11591,Report to Steeljaw's Caravan,PrimitiveCandidate,1,Primitive,
11593,The Honored Dead,HandlerOrSourceRequired,1,Unsupported,non-death-credit-trigger; provided-use-item-requires-contract; service-or-gossip-credit-target
11594,Put Them to Rest,PrimitiveCandidate,1,Primitive,
11595,The Defense of Warsong Hold,PrimitiveCandidate,1,Primitive,
11596,The Defense of Warsong Hold,PrimitiveCandidate,1,Primitive,
11597,The Defense of Warsong Hold,PrimitiveCandidate,1,Primitive,
11598,Taking Back Mightstone Quarry,PrimitiveCandidate,1,Primitive,
11599,"Thassarian, My Brother",PrimitiveCandidate,1,Primitive,
11600,The Late William Allerton,PrimitiveCandidate,1,Primitive,
11601,Lost and Found,PrimitiveCandidate,1,Primitive,
11602,Cutting Off the Source,PrimitiveCandidate,1,Primitive,
11603,"In Wine, Truth",PrimitiveCandidate,1,Primitive,
11604,A Deserter,PrimitiveCandidate,1,Primitive,
11605,The Honored Ancestors,PrimitiveCandidate,3,Primitive,
11606,Patience is a Virtue that We Don't Need,PrimitiveCandidate,2,Primitive,
11607,The Lost Spirits,HandlerOrSourceRequired,3,Unsupported,item-objective-does-not-match-primary-template; non-death-credit-trigger
11608,Bury Those Cockroaches!,HandlerOrSourceRequired,4,Unsupported,provided-use-item-requires-contract
11609,Picking Up the Pieces,PrimitiveCandidate,1,Primitive,
11610,Leading the Ancestors Home,HandlerOrSourceRequired,3,Unsupported,event-or-cast-special-flags; provided-use-item-requires-contract
11611,Taken by the Scourge,HandlerOrSourceRequired,1,Unsupported,non-death-credit-trigger
11612,Reclaiming the Quarry,PrimitiveCandidate,1,Primitive,
11613,Karuk's Oath,PrimitiveCandidate,2,Primitive,
11614,Untold Truths,PrimitiveCandidate,1,Primitive,
11615,Nerub'ar Secrets,PrimitiveCandidate,1,Primitive,
11616,Message to Hellscream,PrimitiveCandidate,1,Primitive,
11617,Hampering Their Escape,HandlerOrSourceRequired,4,Unsupported,event-or-cast-special-flags; item-objective-does-not-match-primary-template; non-death-credit-trigger
11618,Reinforcements Incoming...,PrimitiveCandidate,1,Primitive,
11619,Gamel the Cruel,PrimitiveCandidate,1,Primitive,
11620,A Father's Words,PrimitiveCandidate,1,Primitive,
11623,A Visit to the Curator,PrimitiveCandidate,1,Primitive,
11624,The Sky Will Know,PrimitiveCandidate,1,Primitive,
11625,The Trident of Naz'jan,PrimitiveCandidate,1,Primitive,
11626,The Emissary,HandlerOrSourceRequired,1,Unsupported,provided-use-item-requires-contract
11627,Boiling Point,PrimitiveCandidate,2,Primitive,
11628,Shrouds of the Scourge,PrimitiveCandidate,1,Primitive,
11629,Return to the Spirit Talker,PrimitiveCandidate,1,Primitive,
11630,The Bad Earth,PrimitiveCandidate,2,Primitive,
11631,Vision of Air,HandlerOrSourceRequired,1,Unsupported,provided-use-item-requires-contract
11633,Blending In,PrimitiveCandidate,3,Primitive,
11634,Wind Master To'bor,PrimitiveCandidate,1,Primitive,
11635,Farseer Grimwalker's Spirit,PrimitiveCandidate,1,Primitive,
11637,Kaganishu,HandlerOrSourceRequired,2,Unsupported,event-or-cast-special-flags; non-death-credit-trigger; service-or-gossip-credit-target
11638,Return My Remains,PrimitiveCandidate,1,Primitive,
11639,Revenge Upon Magmoth,PrimitiveCandidate,4,Primitive,
11640,Words of Power,PrimitiveCandidate,3,Primitive,
11641,A Courageous Strike,PrimitiveCandidate,2,Primitive,
11642,Tank Ain't Gonna Fix Itself,PrimitiveCandidate,1,Primitive,
11643,Mobu's Pneumatic Tank Transjigamarig,PrimitiveCandidate,1,Primitive,
11644,Super Strong Metal Plates!,PrimitiveCandidate,2,Primitive,
11645,"Dirty, Stinkin' Snobolds!",PrimitiveCandidate,2,Primitive,
11646,The Borean Inquisition,PrimitiveCandidate,1,Primitive,
11647,Neutralizing the Cauldrons,HandlerOrSourceRequired,3,Unsupported,non-death-credit-trigger; provided-use-item-requires-contract
11648,The Art of Persuasion,HandlerOrSourceRequired,1,Unsupported,provided-use-item-requires-contract
11649,Motes of the Enraged,PrimitiveCandidate,1,Primitive,
11650,Just a Few More Things...,PrimitiveCandidate,2,Primitive,
11651,Tanks a lot...,PrimitiveCandidate,1,Primitive,
11653,Hah... You're Not So Big Now!,HandlerOrSourceRequired,1,Unsupported,provided-use-item-requires-contract
11655,Into the Mist,PrimitiveCandidate,1,Primitive,
11656,Burn in Effigy,HandlerOrSourceRequired,4,Unsupported,event-or-cast-special-flags; non-death-credit-trigger; provided-use-item-requires-contract
11658,Plan B,PrimitiveCandidate,1,Primitive,
11659,Shatter the Orbs!,PrimitiveCandidate,1,Primitive,
11660,Horn of the Ancient Mariner,PrimitiveCandidate,1,Primitive,
11661,Orabus the Helmsman,HandlerOrSourceRequired,1,Unsupported,provided-use-item-requires-contract
11662,Seek Out Karuk!,PrimitiveCandidate,1,Primitive,
11663,Sharing Intelligence,PrimitiveCandidate,1,Primitive,
11670,"It Was The Orcs, Honest!",PrimitiveCandidate,1,Primitive,
11671,A Race Against Time,PrimitiveCandidate,2,Primitive,
11672,Enlistment Day,PrimitiveCandidate,1,Primitive,
11674,Sage Highmesa is Missing,PrimitiveCandidate,1,Primitive,
11675,A Proper Death,PrimitiveCandidate,1,Primitive,
11676,Merciful Freedom,HandlerOrSourceRequired,2,Unsupported,item-objective-does-not-match-primary-template; non-death-credit-trigger
11677,Stop the Plague,HandlerOrSourceRequired,1,Unsupported,event-or-cast-special-flags; provided-use-item-requires-contract
11678,Find Bristlehorn,PrimitiveCandidate,1,Primitive,
11679,Reforging the Key,PrimitiveCandidate,2,Primitive,
11680,Taking Wing,PrimitiveCandidate,1,Primitive,
11681,Rescuing Evanor,PrimitiveCandidate,1,Primitive,
11682,Dragonspeak,PrimitiveCandidate,1,Primitive,
11683,Fallen Necropolis,PrimitiveCandidate,1,Primitive,
11684,Scouting the Sinkholes,HandlerOrSourceRequired,3,Unsupported,event-or-cast-special-flags; non-death-credit-trigger; provided-use-item-requires-contract
11685,The Heart of the Elements,PrimitiveCandidate,1,Primitive,
11686,The Warsong Farms,HandlerOrSourceRequired,3,Unsupported,non-death-credit-trigger
11687,The Doctor and the Lich-Lord,PrimitiveCandidate,2,Primitive,
11688,Damned Filthy Swine,PrimitiveCandidate,1,Primitive,
11689,Return with the Bad News,PrimitiveCandidate,1,Primitive,
11690,Bring 'Em Back Alive,HandlerOrSourceRequired,1,Unsupported,provided-use-item-requires-contract
11692,Check in With Bixie,PrimitiveCandidate,1,Primitive,
11693,Oh Great... Plagued Magnataur!,PrimitiveCandidate,1,Primitive,
11694,There's Something Going On In Those Caves,HandlerOrSourceRequired,1,Unsupported,event-or-cast-special-flags; provided-use-item-requires-contract
11695,The Horn of Elemental Fury,HandlerOrSourceRequired,4,Primitive; Unsupported,item-objective-does-not-match-primary-template
11696,Ahune is Here!,PrimitiveCandidate,1,Primitive,
11697,"Rats, Tinky Went into the Necropolis!",PrimitiveCandidate,1,Primitive,
11698,Might As Well Wipe Out the Scourge,PrimitiveCandidate,1,Primitive,
11699,I'm Stuck in this Damned Cage... But Not For Long!,PrimitiveCandidate,3,Primitive,
11700,Let Bixie Know,PrimitiveCandidate,1,Primitive,
11701,Back to the Airstrip,PrimitiveCandidate,1,Primitive,
11702,King Mrgl-Mrgl,PrimitiveCandidate,1,Primitive,
11703,Get to Getry,PrimitiveCandidate,1,Primitive,
11704,King Mrgl-Mrgl,PrimitiveCandidate,1,Primitive,
11706,The Collapse,HandlerOrSourceRequired,2,Unsupported,provided-use-item-requires-contract
11707,Distress Call,PrimitiveCandidate,1,Primitive,
11709,Nork Bloodfrenzy's Charge,PrimitiveCandidate,1,Primitive,
11710,What's the Matter with the Transmatter?,PrimitiveCandidate,2,Primitive,
11712,Re-Cursive,HandlerOrSourceRequired,1,Unsupported,non-death-credit-trigger; provided-use-item-requires-contract
11713,Scouting the Sinkholes,HandlerOrSourceRequired,3,Unsupported,event-or-cast-special-flags; non-death-credit-trigger; provided-use-item-requires-contract
11714,Vermin Extermination,PrimitiveCandidate,3,Primitive,
11715,Fueling the Project,HandlerOrSourceRequired,1,Unsupported,non-death-credit-trigger; provided-use-item-requires-contract
11716,The Wondrous Bloodspore,PrimitiveCandidate,2,Primitive,
11717,Pollen from the Source,PrimitiveCandidate,1,Primitive,
11718,A Bot in Mammoth's Clothing,PrimitiveCandidate,1,Primitive,
11720,The Invasion of Gammoth,PrimitiveCandidate,1,Primitive,
11721,Gammothra the Tormentor,PrimitiveCandidate,1,Primitive,
11722,Trophies of Gammoth,PrimitiveCandidate,1,Primitive,
11723,Deploy the Shake-n-Quake!,HandlerOrSourceRequired,2,Unsupported,provided-use-item-requires-contract
11724,Massive Moth Omelet?,PrimitiveCandidate,1,Primitive,
11725,Finding Pilot Tailspin,PrimitiveCandidate,1,Primitive,
11726,A Little Bit of Spice,PrimitiveCandidate,1,Primitive,
11727,A Time for Heroes,PrimitiveCandidate,1,Primitive,
11728,Lupus Pupus,PrimitiveCandidate,2,Primitive,
11730,Master and Servant,HandlerOrSourceRequired,1,Unsupported,provided-use-item-requires-contract
11733,Traversing the Rift,PrimitiveCandidate,1,Primitive,
11788,"Lefty Loosey, Righty Tighty",PrimitiveCandidate,4,Primitive,
11789,A Soldier in Need,PrimitiveCandidate,1,Primitive,
11791,Notify Arlos,PrimitiveCandidate,1,Primitive,
11792,Enemies of the Light,PrimitiveCandidate,1,Primitive,
11793,Further Investigation,PrimitiveCandidate,1,Primitive,
11794,The Hunt is On,HandlerOrSourceRequired,3,Unsupported,cpp-objective-owner; provided-use-item-requires-contract; service-or-gossip-credit-target
11795,"Emergency Protocol: Section 8.2, Paragraph C",PrimitiveCandidate,1,Primitive,
11796,"Emergency Protocol: Section 8.2, Paragraph D",HandlerOrSourceRequired,3,Unsupported,non-death-credit-trigger; provided-use-item-requires-contract
11797,The Siege,PrimitiveCandidate,1,Primitive,
11798,The Gearmaster,PrimitiveCandidate,2,Primitive,
11864,A Mission Statement,PrimitiveCandidate,1,Primitive,
11865,Unfit for Death,HandlerOrSourceRequired,1,Unsupported,provided-use-item-requires-contract
11866,Ears of Our Enemies,PrimitiveCandidate,1,Primitive,
11869,Happy as a Clam,PrimitiveCandidate,1,Primitive,
11870,The Abandoned Reach,PrimitiveCandidate,1,Primitive,
11871,Not On Our Watch,PrimitiveCandidate,2,Primitive,
11872,The Nefarious Clam Master...,PrimitiveCandidate,1,Primitive,
11873,Give Fizzcrank the News,PrimitiveCandidate,1,Primitive,
11876,Help Those That Cannot Help Themselves,HandlerOrSourceRequired,1,Unsupported,provided-use-item-requires-contract
11879,Kaw the Mammoth Destroyer,PrimitiveCandidate,1,Primitive,
11881,Load'er Up!,HandlerOrSourceRequired,1,Unsupported,provided-use-item-requires-contract
11887,Emergency Supplies,PrimitiveCandidate,1,Primitive,
11888,Ride to Taunka'le Village,PrimitiveCandidate,1,Primitive,
11889,Death From Above,HandlerOrSourceRequired,1,Unsupported,provided-use-item-requires-contract
11893,The Power of the Elements,HandlerOrSourceRequired,1,Unsupported,provided-use-item-requires-contract
11894,Patching Up,HandlerOrSourceRequired,1,Unsupported,item-objective-does-not-match-primary-template
11895,Master the Storm,PrimitiveCandidate,1,Primitive,
11896,Weakness to Lightning,HandlerOrSourceRequired,1,Unsupported,provided-use-item-requires-contract
11897,Plug the Sinkholes,HandlerOrSourceRequired,2,Unsupported,non-death-credit-trigger; provided-use-item-requires-contract
11899,Souls of the Decursed,HandlerOrSourceRequired,1,Unsupported,non-death-credit-trigger; provided-use-item-requires-contract
11900,Reading the Meters,PrimitiveCandidate,4,Primitive,
11901,Military?  What Military?,PrimitiveCandidate,1,Primitive,
11902,Pernicious Evidence,PrimitiveCandidate,1,Primitive,
11903,It's Time for Action,PrimitiveCandidate,1,Primitive,
11904,Fruits of Our Labor,HandlerOrSourceRequired,2,Primitive; Unsupported,item-objective-does-not-match-primary-template
11906,Cleaning Up the Pools,PrimitiveCandidate,2,Primitive,
11907,The Sub-Chieftains,PrimitiveCandidate,4,Primitive,
11908,Reference Material,PrimitiveCandidate,1,Primitive,
11909,Defeat the Gearmaster,PrimitiveCandidate,2,Primitive,
11910,Secrets of the Ancients,PrimitiveCandidate,2,Primitive,
11912,Nuts for Berries,PrimitiveCandidate,2,Primitive,
11913,Take No Chances,HandlerOrSourceRequired,1,Unsupported,non-death-credit-trigger; provided-use-item-requires-contract
11914,Keep the Secret Safe,PrimitiveCandidate,1,Primitive,
11916,Hellscream's Champion,PrimitiveCandidate,1,Primitive,
11918,Basic Training,PrimitiveCandidate,1,Primitive,
11919,Drake Hunt,HandlerOrSourceRequired,1,Unsupported,non-death-credit-trigger; provided-use-item-requires-contract
11920,Cultists Among Us,PrimitiveCandidate,1,Primitive,
11927,Word on the Street,PrimitiveCandidate,1,Primitive,
11928,Farshire,PrimitiveCandidate,1,Primitive,
11929,The Fall of Taunka'le Village,PrimitiveCandidate,1,Primitive,
11931,Cracking the Code,PrimitiveCandidate,2,Primitive,
11932,Cowards and Fools,PrimitiveCandidate,1,Primitive,
11936,Hatching a Plan,HandlerOrSourceRequired,2,Primitive; Unsupported,item-objective-does-not-match-primary-template
11938,Buying Some Time,HandlerOrSourceRequired,1,Unsupported,provided-use-item-requires-contract
11942,Words of Power,PrimitiveCandidate,3,Primitive,
11943,The Cell,PrimitiveCandidate,2,Primitive,
11944,Surrounded!,PrimitiveCandidate,1,Primitive,
11946,Keristrasza,PrimitiveCandidate,1,Primitive,
11949,Not Without a Fight!,PrimitiveCandidate,1,Primitive,
11950,Muahit's Wisdom,PrimitiveCandidate,1,Primitive,
11951,Bait and Switch,PrimitiveCandidate,2,Primitive,
11956,Finding the Phylactery,PrimitiveCandidate,1,Primitive,
11957,Saragosa's End,PrimitiveCandidate,1,Primitive,
11958,Let Nothing Go To Waste,PrimitiveCandidate,1,Primitive,
11959,Slay Loguhn,HandlerOrSourceRequired,2,Primitive; Unsupported,item-objective-does-not-match-primary-template
11961,Spirits Watch Over Us,PrimitiveCandidate,1,Primitive,
11962,One Last Delivery,PrimitiveCandidate,1,Primitive,
11963,Weapons for Farshire,PrimitiveCandidate,1,Primitive,
11965,Call to Arms!,PrimitiveCandidate,1,Primitive,
11967,Mustering the Reds,PrimitiveCandidate,1,Primitive,
11968,The Tides Turn,PrimitiveCandidate,1,Primitive,
11969,Springing the Trap,HandlerOrSourceRequired,1,Unsupported,provided-use-item-requires-contract
11977,A Tauren Among Taunka,PrimitiveCandidate,1,Primitive,
11978,Into the Fold,PrimitiveCandidate,2,Primitive,
11979,The Taunka and the Tauren,PrimitiveCandidate,1,Primitive,
11980,Pride of the Horde,PrimitiveCandidate,1,Primitive,
11981,Find Kurun!,PrimitiveCandidate,1,Primitive,
11982,Raining Down Destruction,HandlerOrSourceRequired,2,Primitive; Unsupported,gameobject-item-does-not-match-primary-template
11983,Blood Oath of the Horde,HandlerOrSourceRequired,1,Unsupported,non-death-credit-trigger; service-or-gossip-credit-target
11984,Filling the Cages,HandlerOrSourceRequired,1,Unsupported,provided-use-item-requires-contract
11985,Into the Breach,PrimitiveCandidate,1,Primitive,
11986,The Damaged Journal,HandlerOrSourceRequired,1,Unsupported,gameobject-item-does-not-match-primary-template
11988,The Runic Keystone,PrimitiveCandidate,1,Primitive,
11989,Truce?,HandlerOrSourceRequired,2,Primitive; Unsupported,gameobject-item-does-not-match-primary-template
11990,Vial of Visions,PrimitiveCandidate,3,Primitive,
11993,The Runic Prophecies,PrimitiveCandidate,3,Primitive,
11995,Your Presence is Required at Stars' Rest,PrimitiveCandidate,1,Primitive,
11996,Your Presence is Required at Agmar's Hammer,PrimitiveCandidate,1,Primitive,
11998,Softening the Blow,PrimitiveCandidate,1,Primitive,
11999,Rifle the Bodies,PrimitiveCandidate,1,Primitive,
12000,Rifle the Bodies,PrimitiveCandidate,1,Primitive,
12002,Brothers in Battle,PrimitiveCandidate,1,Primitive,
12003,Uncovering the Tunnels,HandlerOrSourceRequired,3,Unsupported,non-death-credit-trigger
12004,Prevent the Accord,PrimitiveCandidate,2,Primitive,
12005,Prevent the Accord,PrimitiveCandidate,2,Primitive,
12006,Avenge this Atrocity!,PrimitiveCandidate,1,Primitive,
12007,Sacrifices Must be Made,HandlerOrSourceRequired,1,Unsupported,item-objective-does-not-match-primary-template
12008,Agmar's Hammer,PrimitiveCandidate,1,Primitive,
12009,Tua'kea's Crab Traps,PrimitiveCandidate,2,Primitive,
12010,The Fate of Orlond,PrimitiveCandidate,1,Primitive,
12011,Signs of Big Watery Trouble,PrimitiveCandidate,1,Primitive,
12013,End Arcanimus,PrimitiveCandidate,1,Primitive,
12014,Steady as a Rock?,PrimitiveCandidate,2,Primitive,
12016,The Bait,PrimitiveCandidate,1,Primitive,
12017,Meat on the Hook,HandlerOrSourceRequired,1,Unsupported,provided-use-item-requires-contract
12023,Sweeter Revenge,PrimitiveCandidate,1,Primitive,
12026,The Damaged Journal,HandlerOrSourceRequired,1,Unsupported,gameobject-item-does-not-match-primary-template
12029,Seared Scourge,HandlerOrSourceRequired,1,Unsupported,provided-use-item-requires-contract
12030,Elder Mana'loa,PrimitiveCandidate,1,Primitive,
12031,Freedom for the Lingering,PrimitiveCandidate,1,Primitive,
12034,Victory Nears...,PrimitiveCandidate,1,Primitive,
12035,Repurposed Technology,HandlerOrSourceRequired,1,Unsupported,provided-use-item-requires-contract
12039,Black Blood of Yogg-Saron,PrimitiveCandidate,1,Primitive,
12040,An Enemy in Arthas,PrimitiveCandidate,1,Primitive,
12041,The Lost Empire,PrimitiveCandidate,1,Primitive,
12042,Heart of the Ancients,PrimitiveCandidate,1,Primitive,
12043,Nozzlerust Defense,PrimitiveCandidate,2,Primitive,
12044,Stocking Up,PrimitiveCandidate,2,Primitive,
12045,Shaved Ice,PrimitiveCandidate,1,Primitive,
12046,Soft Packaging,PrimitiveCandidate,1,Primitive,
12047,Something That Doesn't Melt,PrimitiveCandidate,1,Primitive,
12048,Scourge Armaments,PrimitiveCandidate,1,Primitive,
12049,Hard to Swallow,PrimitiveCandidate,2,Primitive,
12050,Lumber Hack,PrimitiveCandidate,1,Primitive,
12051,Rustling Some Feathers,PrimitiveCandidate,1,Primitive,
12052,Harp on This!,HandlerOrSourceRequired,2,Unsupported,provided-use-item-requires-contract
12054,Deciphering the Journal,PrimitiveCandidate,1,Primitive,
12056,Marked for Death: High Cultist Zangus,PrimitiveCandidate,1,Primitive,
12058,The Runic Prophecies,PrimitiveCandidate,3,Primitive,
12060,Projections and Plans,HandlerOrSourceRequired,1,Unsupported,provided-use-item-requires-contract
12061,Projections and Plans,HandlerOrSourceRequired,1,Unsupported,provided-use-item-requires-contract
12063,Strength of Icemist,PrimitiveCandidate,1,Primitive,
12064,Chains of the Anub'ar,PrimitiveCandidate,3,Primitive,
12065,The Focus on the Beach,HandlerOrSourceRequired,2,Primitive; Unsupported,item-objective-does-not-match-primary-template
12066,The Focus on the Beach,HandlerOrSourceRequired,2,Primitive; Unsupported,item-objective-does-not-match-primary-template
12068,Voices From the Dust,HandlerOrSourceRequired,2,Primitive; Unsupported,item-objective-does-not-match-primary-template
12069,Return of the High Chief,PrimitiveCandidate,1,Primitive,
12070,Rallying the Troops,HandlerOrSourceRequired,2,Unsupported,non-death-credit-trigger; provided-use-item-requires-contract
12071,Attack by Air! ,PrimitiveCandidate,1,Primitive,
12072,Blightbeasts be Damned!,HandlerOrSourceRequired,1,Unsupported,provided-use-item-requires-contract
12073,Pounding the Iron,PrimitiveCandidate,1,Primitive,
12074,An Expedient Ally,PrimitiveCandidate,1,Primitive,
12075,Slim Pickings,PrimitiveCandidate,1,Primitive,
12076,Messy Business,PrimitiveCandidate,1,Primitive,
12077,Apply This Twice A Day,PrimitiveCandidate,1,Primitive,
12078,Worm Wrangler,PrimitiveCandidate,1,Primitive,
12079,Stomping Grounds,PrimitiveCandidate,1,Primitive,
12081,Gavrock,PrimitiveCandidate,1,Primitive,
12083,Atop the Woodlands,HandlerOrSourceRequired,2,Primitive; Unsupported,item-objective-does-not-match-primary-template
12084,Atop the Woodlands,HandlerOrSourceRequired,2,Primitive; Unsupported,item-objective-does-not-match-primary-template
12086,The Son of Karkut,PrimitiveCandidate,1,Primitive,
12087,A Little Help Here? DEPRECATED,PrimitiveCandidate,1,Primitive,
12088,"Thassarian, the Death Knight",PrimitiveCandidate,1,Primitive,
12092,Strengthen the Ancients,HandlerOrSourceRequired,2,Unsupported,event-or-cast-special-flags; item-objective-does-not-match-primary-template; non-death-credit-trigger
12093,Runes of Compulsion,PrimitiveCandidate,4,Primitive,
12094,Latent Power,HandlerOrSourceRequired,3,Unsupported,event-or-cast-special-flags; non-death-credit-trigger; provided-use-item-requires-contract
12096,Strengthen the Ancients,HandlerOrSourceRequired,2,Unsupported,event-or-cast-special-flags; item-objective-does-not-match-primary-template; non-death-credit-trigger
12098,Search Indu'le Village,PrimitiveCandidate,1,Primitive,
12099,Free at Last,HandlerOrSourceRequired,1,Unsupported,non-death-credit-trigger; provided-use-item-requires-contract
12100,Containing the Rot,PrimitiveCandidate,2,Primitive,
12101,The Good Doctor...,PrimitiveCandidate,1,Primitive,
12102,In Search of the Ruby Lilac,PrimitiveCandidate,2,Primitive,
12103,DEPRECATED,PrimitiveCandidate,2,Primitive,
12104,Return to Soar,PrimitiveCandidate,1,Primitive,
12106,Search Indu'le Village,PrimitiveCandidate,1,Primitive,
12107,The End of the Line,HandlerOrSourceRequired,2,Unsupported,non-death-credit-trigger; provided-use-item-requires-contract
12109,Report to Gryan Stoutmantle... Again,PrimitiveCandidate,1,Primitive,
12110,The End of the Line,HandlerOrSourceRequired,2,Unsupported,non-death-credit-trigger; provided-use-item-requires-contract
12111,Where the Wild Things Roam,HandlerOrSourceRequired,2,Unsupported,provided-use-item-requires-contract
12112,Stiff Negotiations,PrimitiveCandidate,1,Primitive,
12113,Nice to Meat You,PrimitiveCandidate,2,Primitive,
12114,Therapy,PrimitiveCandidate,2,Primitive,
12115,Koltira and the Language of Death,PrimitiveCandidate,1,Primitive,
12116,It Takes Guts....,PrimitiveCandidate,2,Primitive,
12117,Travel to Moa'ki Harbor,PrimitiveCandidate,1,Primitive,
12118,Travel to Moa'ki Harbor,PrimitiveCandidate,1,Primitive,
12119,Gaining an Audience,PrimitiveCandidate,1,Primitive,
12120,Drak'aguul's Mallet,PrimitiveCandidate,1,Primitive,
12121,See You on the Other Side,HandlerOrSourceRequired,1,Unsupported,non-death-credit-trigger; provided-use-item-requires-contract
12122,Gaining an Audience,PrimitiveCandidate,1,Primitive,
12123,Informing the Queen,PrimitiveCandidate,1,Primitive,
12124,Informing the Queen,PrimitiveCandidate,1,Primitive,
12125,In Service of Blood,PrimitiveCandidate,1,Primitive,
12126,In Service of the Unholy,PrimitiveCandidate,1,Primitive,
12127,In Service of Frost,PrimitiveCandidate,1,Primitive,
12128,Check Up on Raegar,PrimitiveCandidate,1,Primitive,
12129,The Perfect Plan,HandlerOrSourceRequired,3,Unsupported,item-objective-does-not-match-primary-template
12130,Why Fabricate When You Can Appropriate?,PrimitiveCandidate,2,Primitive,
12131,We Have the Power,PrimitiveCandidate,2,Primitive,
12132,The Power to Destroy,PrimitiveCandidate,1,Primitive,
12134,Sasha's Hunt,PrimitiveCandidate,1,Primitive,
12136,The Translated Tome,PrimitiveCandidate,1,Primitive,
12137,"Chill Out, Mon",PrimitiveCandidate,2,Primitive,
12138,... Or Maybe We Don't,HandlerOrSourceRequired,1,Unsupported,provided-use-item-requires-contract
12140,All Hail Roanauk!,HandlerOrSourceRequired,1,Unsupported,non-death-credit-trigger; service-or-gossip-credit-target
12141,A Diplomatic Mission,PrimitiveCandidate,1,Primitive,
12142,Pest Control,PrimitiveCandidate,2,Primitive,
12143,Canyon Chase,PrimitiveCandidate,1,Primitive,
12144,Pest Control,PrimitiveCandidate,2,Primitive,
12145,Canyon Chase,PrimitiveCandidate,1,Primitive,
12152,Jin'arrak's End,HandlerOrSourceRequired,2,Unsupported,gameobject-item-does-not-match-primary-template; provided-use-item-requires-contract
12153,The Iron Thane and His Anvil,HandlerOrSourceRequired,1,Unsupported,provided-use-item-requires-contract
12154,Blackout,HandlerOrSourceRequired,1,Unsupported,event-or-cast-special-flags; non-death-credit-trigger; provided-use-item-requires-contract
12157,The Lost Courier,PrimitiveCandidate,1,Primitive,
12158,Hollowstone Mine,PrimitiveCandidate,1,Primitive,
12159,Souls at Unrest,HandlerOrSourceRequired,1,Unsupported,provided-use-item-requires-contract
12160,A Name from the Past,PrimitiveCandidate,1,Primitive,
12161,Ruuna the Blind,PrimitiveCandidate,1,Primitive,
12165,An Intriguing Plan,HandlerOrSourceRequired,3,Unsupported,item-objective-does-not-match-primary-template
12166,The Liquid Fire of Elune,HandlerOrSourceRequired,2,Unsupported,non-death-credit-trigger; provided-use-item-requires-contract
12167,Kill the Cultists,PrimitiveCandidate,1,Primitive,
12169,The High Cultist,PrimitiveCandidate,1,Primitive,
12171,Of Traitors and Treason,PrimitiveCandidate,1,Primitive,
12174,High Commander Halford Wyrmbane,PrimitiveCandidate,1,Primitive,
12175,Gray Worg Hides,PrimitiveCandidate,1,Primitive,
12176,A Minor Substitution,PrimitiveCandidate,1,Primitive,
12177,Jun'ik's Coverup,PrimitiveCandidate,1,Primitive,
12178,Delivery to Krenna,PrimitiveCandidate,1,Primitive,
12180,The Captive Prospectors,HandlerOrSourceRequired,4,Unsupported,event-or-cast-special-flags; item-objective-does-not-match-primary-template; non-death-credit-trigger
12181,Give it a Name,PrimitiveCandidate,1,Primitive,
12182,To Venomspite!,PrimitiveCandidate,1,Primitive,
12183,Looking the Part,PrimitiveCandidate,1,Primitive,
12184,Cultivating an Image,HandlerOrSourceRequired,1,Unsupported,provided-use-item-requires-contract; service-or-gossip-credit-target
12185,Put on Your Best Face for Loken,HandlerOrSourceRequired,1,Unsupported,non-death-credit-trigger; provided-use-item-requires-contract
12188,The Forsaken Blight and You: How Not to Die,PrimitiveCandidate,1,Primitive,
12189,Imbeciles Abound!,PrimitiveCandidate,1,Primitive,
12190,Say Hello to My Little Friend,PrimitiveCandidate,1,Primitive,
12195,The Unexpected 'Guest',PrimitiveCandidate,1,Primitive,
12196,From the Ground Up,PrimitiveCandidate,2,Primitive,
12197,We Have the Power,PrimitiveCandidate,2,Primitive,
12198,... Or Maybe We Don't,HandlerOrSourceRequired,1,Unsupported,provided-use-item-requires-contract
12199,Bringing Down the Iron Thane,HandlerOrSourceRequired,1,Unsupported,provided-use-item-requires-contract
12200,Emerald Dragon Tears,PrimitiveCandidate,2,Primitive,
12201,The Overseer's Shadow,PrimitiveCandidate,1,Primitive,
12202,Cultivating an Image,HandlerOrSourceRequired,1,Unsupported,provided-use-item-requires-contract; service-or-gossip-credit-target
12203,Loken's Orders,HandlerOrSourceRequired,1,Unsupported,non-death-credit-trigger; provided-use-item-requires-contract
12204,In the Name of Loken,HandlerOrSourceRequired,2,Unsupported,service-or-gossip-credit-target
12205,Wanted: The Scarlet Onslaught,PrimitiveCandidate,1,Primitive,
12206,Blighted Last Rites,HandlerOrSourceRequired,1,Unsupported,non-death-credit-trigger; provided-use-item-requires-contract
12207,Vordrassil's Fall,PrimitiveCandidate,1,Primitive,
12208,Good Troll Hunting,PrimitiveCandidate,1,Primitive,
12209,Materiel Plunder,PrimitiveCandidate,4,Primitive,
12210,Troll Season!,PrimitiveCandidate,1,Primitive,
12211,Let Them Not Rise!,HandlerOrSourceRequired,1,Unsupported,provided-use-item-requires-contract
12212,Replenishing the Storehouse,HandlerOrSourceRequired,1,Unsupported,cpp-item-producer-owner
12213,The Darkness Beneath,HandlerOrSourceRequired,3,Unsupported,event-or-cast-special-flags; non-death-credit-trigger; provided-use-item-requires-contract
12214,Fresh Remounts,HandlerOrSourceRequired,2,Primitive; Unsupported,item-objective-does-not-match-primary-template
12215,Them or Us!,PrimitiveCandidate,1,Primitive,
12216,Take Their Rear!,PrimitiveCandidate,1,Primitive,
12217,Eagle Eyes,PrimitiveCandidate,1,Primitive,
12218,Spread the Good Word,PrimitiveCandidate,1,Primitive,
12219,The Failed World Tree,PrimitiveCandidate,1,Primitive,
12220,A Dark Influence,HandlerOrSourceRequired,3,Unsupported,non-death-credit-trigger; provided-use-item-requires-contract
12221,The Forsaken Blight,PrimitiveCandidate,1,Primitive,
12222,Secrets of the Flamebinders,PrimitiveCandidate,1,Primitive,
12223,Thinning the Ranks,PrimitiveCandidate,1,Primitive,
12224,The Kor'kron Vanguard!,PrimitiveCandidate,1,Primitive,
12225,Mmm... Amberseeds!,PrimitiveCandidate,1,Primitive,
12226,Just Passing Through,PrimitiveCandidate,1,Primitive,
12227,Doing Your Duty,PrimitiveCandidate,1,Primitive,
12229,A Possible Link,PrimitiveCandidate,1,Primitive,
12230,Stealing from the Siegesmiths,PrimitiveCandidate,2,Primitive,
12231,The Bear God's Offspring,HandlerOrSourceRequired,2,Unsupported,non-death-credit-trigger
12232,Bombard the Ballistae,HandlerOrSourceRequired,1,Unsupported,event-or-cast-special-flags; non-death-credit-trigger; provided-use-item-requires-contract
12234,Need to Know,PrimitiveCandidate,3,Primitive,
12235,Naxxramas and the Fall of Wintergarde,PrimitiveCandidate,1,Primitive,
12237,Flight of the Wintergarde Defender,HandlerOrSourceRequired,1,Unsupported,provided-use-item-requires-contract
12239,The Spy in New Hearthglen,PrimitiveCandidate,1,Primitive,
12240,A Means to an End,HandlerOrSourceRequired,1,Unsupported,provided-use-item-requires-contract
12241,Destroy the Sapling,PrimitiveCandidate,1,Primitive,
12242,Vordrassil's Seeds,PrimitiveCandidate,1,Primitive,
12243,Fire Upon the Waters,HandlerOrSourceRequired,2,Primitive; Unsupported,provided-use-item-requires-contract
12245,No Mercy for the Captured,HandlerOrSourceRequired,4,Unsupported,service-or-gossip-credit-target
12246,A Possible Link,PrimitiveCandidate,1,Primitive,
12247,Children of Ursoc,HandlerOrSourceRequired,2,Unsupported,non-death-credit-trigger
12248,Vordrassil's Sapling,PrimitiveCandidate,1,Primitive,
12250,Vordrassil's Seeds,PrimitiveCandidate,1,Primitive,
12251,Return to the High Commander,PrimitiveCandidate,1,Primitive,
12252,Torture the Torturer,HandlerOrSourceRequired,2,Unsupported,provided-use-item-requires-contract
12253,Rescue from Town Square,HandlerOrSourceRequired,1,Unsupported,non-death-credit-trigger
12254,Without a Prayer,PrimitiveCandidate,1,Primitive,
12255,The Thane of Voldrune,PrimitiveCandidate,1,Primitive,
12256,The Flamebinders' Secrets,PrimitiveCandidate,1,Primitive,
12257,A Show of Strength,PrimitiveCandidate,1,Primitive,
12258,The Fate of the Dead,PrimitiveCandidate,1,Primitive,
12259,The Thane of Voldrune,PrimitiveCandidate,1,Primitive,
12260,The Perfect Dissemblance,HandlerOrSourceRequired,1,Unsupported,provided-use-item-requires-contract
12261,No Place to Run,HandlerOrSourceRequired,1,Unsupported,provided-use-item-requires-contract
12262,No One to Save You,PrimitiveCandidate,2,Primitive,
12264,Culling the Damned,PrimitiveCandidate,3,Primitive,
12265,Defiling the Defilers,PrimitiveCandidate,1,Primitive,
12266,Tales of Destruction,PrimitiveCandidate,1,Primitive,
12267,Neltharion's Flame,HandlerOrSourceRequired,2,Unsupported,event-or-cast-special-flags; non-death-credit-trigger; provided-use-item-requires-contract
12269,Not In Our Mine,PrimitiveCandidate,1,Primitive,
12272,The Bleeding Ore,PrimitiveCandidate,2,Primitive,
12273,The Denouncement,HandlerOrSourceRequired,4,Unsupported,provided-use-item-requires-contract
12274,A Fall From Grace,HandlerOrSourceRequired,2,Unsupported,event-or-cast-special-flags; server-script-completion-event
12275,The Demo-gnome,PrimitiveCandidate,1,Primitive,
12276,The Search for Slinkin,PrimitiveCandidate,1,Primitive,
12277,Leave Nothing to Chance,HandlerOrSourceRequired,3,Primitive; Unsupported,gameobject-item-does-not-match-primary-template
12279,A Bear of an Appetite,PrimitiveCandidate,1,Primitive,
12281,Understanding the Scourge War Machine,PrimitiveCandidate,1,Primitive,
12282,Imprints on the Past,PrimitiveCandidate,1,Primitive,
12283,The Truth Will Out,PrimitiveCandidate,1,Primitive,
12287,Orik Trueheart and the Forgotten Shore,PrimitiveCandidate,1,Primitive,
12290,The Murkweed Elixir,PrimitiveCandidate,2,Primitive,
12291,The Forgotten Tale,HandlerOrSourceRequired,4,Unsupported,provided-use-item-requires-contract
12292,Local Support,PrimitiveCandidate,1,Primitive,
12293,Close the Deal,PrimitiveCandidate,1,Primitive,
12294,A Tentative Pact,PrimitiveCandidate,1,Primitive,
12295,An Exercise in Diplomacy,PrimitiveCandidate,1,Primitive,
12297,Of Traitors and Treason,PrimitiveCandidate,1,Primitive,
12298,High Commander Halford Wyrmbane,PrimitiveCandidate,1,Primitive,
12299,Northern Hospitality,PrimitiveCandidate,1,Primitive,
12300,Test of Mettle,PrimitiveCandidate,1,Primitive,
12302,Words of Warning,PrimitiveCandidate,1,Primitive,
12303,Funding the War Effort,PrimitiveCandidate,2,Primitive,
12304,Beachfront Property,PrimitiveCandidate,1,Primitive,
12305,Parting Thoughts,PrimitiveCandidate,1,Primitive,
12307,Wolfsbane Root,PrimitiveCandidate,1,Primitive,
12308,Escape from Silverbrook,PrimitiveCandidate,1,Primitive,
12309,Find Durkon!,PrimitiveCandidate,1,Primitive,
12310,A Swift Response,PrimitiveCandidate,2,Primitive,
12311,The Noble's Crypt,PrimitiveCandidate,1,Primitive,
12312,Secrets of the Scourge,PrimitiveCandidate,1,Primitive,
12319,Mystery of the Tome,PrimitiveCandidate,1,Primitive,
12320,Understanding the Language of Death,PrimitiveCandidate,1,Primitive,
12325,Into Hostile Territory,PrimitiveCandidate,1,Primitive,
12326,Steamtank Surprise,PrimitiveCandidate,2,Primitive,
12328,Ruuna's Request,PrimitiveCandidate,1,Primitive,
12329,Fate and Coincidence,PrimitiveCandidate,1,Primitive,
12411,A Sister's Pledge,PrimitiveCandidate,1,Primitive,
12412,My Enemy's Friend,PrimitiveCandidate,2,Primitive,
12413,Attack on Silverbrook,PrimitiveCandidate,1,Primitive,
12414,Mounting Up,HandlerOrSourceRequired,2,Unsupported,gameobject-item-does-not-match-primary-template; provided-use-item-requires-contract; service-or-gossip-credit-target
12415,The Horse Hollerer,HandlerOrSourceRequired,1,Unsupported,provided-use-item-requires-contract; service-or-gossip-credit-target
12416,Heated Battle,PrimitiveCandidate,3,Primitive,
12417,Return to the Earth,HandlerOrSourceRequired,3,Unsupported,event-or-cast-special-flags; gameobject-item-does-not-match-primary-template; item-objective-does-not-match-primary-template
12418,Through Fields of Flame,PrimitiveCandidate,2,Primitive,
12422,Tactical Clemency,PrimitiveCandidate,1,Primitive,
12424,Gorgonna,PrimitiveCandidate,1,Primitive,
12425,Ruuna the Blind,PrimitiveCandidate,1,Primitive,
12433,Seeking Solvent,PrimitiveCandidate,1,Primitive,
12434,Always Seeking Solvent,PrimitiveCandidate,1,Primitive,
12435,Report to Lord Afrasastrasz,PrimitiveCandidate,1,Primitive,
12436,Supplemental Income,HandlerOrSourceRequired,1,Unsupported,cpp-item-producer-owner
12439,A Disturbance In The West,PrimitiveCandidate,1,Primitive,
12440,To Stars' Rest!,PrimitiveCandidate,1,Primitive,
12443,Seeking Solvent,PrimitiveCandidate,1,Primitive,
12446,Always Seeking Solvent,PrimitiveCandidate,1,Primitive,
12447,The Obsidian Dragonshrine,PrimitiveCandidate,1,Primitive,
12448,Heated Battle,PrimitiveCandidate,3,Primitive,
12449,Return to the Earth,HandlerOrSourceRequired,3,Unsupported,event-or-cast-special-flags; gameobject-item-does-not-match-primary-template; item-objective-does-not-match-primary-template
12450,Through Fields of Flame,PrimitiveCandidate,2,Primitive,
12451,Onward to Camp Oneqwah,PrimitiveCandidate,1,Primitive,
12453,Eyes Above,HandlerOrSourceRequired,1,Unsupported,provided-use-item-requires-contract
12454,Cycle of Life,PrimitiveCandidate,1,Primitive,
12455,Scattered To The Wind,PrimitiveCandidate,2,Primitive,
12457,The Chain Gun And You,HandlerOrSourceRequired,1,Unsupported,non-death-credit-trigger
12458,Seeds of the Lashers,PrimitiveCandidate,1,Primitive,
12459,That Which Creates Can Also Destroy,HandlerOrSourceRequired,3,Unsupported,provided-use-item-requires-contract
12460,Report to the Ruby Dragonshrine,PrimitiveCandidate,1,Primitive,
12461,Report to the Ruby Dragonshrine,PrimitiveCandidate,1,Primitive,
12462,Breaking Off A Piece,PrimitiveCandidate,3,Primitive,
12463,Plunderbeard Must Be Found!,PrimitiveCandidate,1,Primitive,
12465,Plunderbeard's Journal,PrimitiveCandidate,4,Primitive,
12466,Chasing Icestorm: The 7th Legion Front,PrimitiveCandidate,1,Primitive,
12467,Chasing Icestorm: Thel'zan's Phylactery,PrimitiveCandidate,1,Primitive,
12468,The Conqueror's Task,PrimitiveCandidate,1,Primitive,
12469,Return to Sender,PrimitiveCandidate,1,Primitive,
12471,Cruelty of the Kvaldir,PrimitiveCandidate,1,Primitive,
12472,Finality,PrimitiveCandidate,1,Primitive,
12474,To Fordragon Hold!,PrimitiveCandidate,1,Primitive,
12475,What Secrets Men Hide,PrimitiveCandidate,1,Primitive,
12476,The Return of the Crusade?,PrimitiveCandidate,1,Primitive,
12477,The Path of Redemption,PrimitiveCandidate,1,Primitive,
12478,Frostmourne Cavern,HandlerOrSourceRequired,1,Unsupported,provided-use-item-requires-contract
12481,Adding Injury to Insult,HandlerOrSourceRequired,2,Unsupported,provided-use-item-requires-contract
12482,Against Nifflevar,PrimitiveCandidate,3,Primitive,
12483,Shimmercap Stew,PrimitiveCandidate,4,Primitive,
12484,Scourgekabob,HandlerOrSourceRequired,2,Primitive; Unsupported,gameobject-item-does-not-match-primary-template
12486,"To Bor'gorok Outpost, Quickly!",PrimitiveCandidate,1,Primitive,
12487,"To Conquest Hold, But Be Careful!",PrimitiveCandidate,1,Primitive,
12488,The High Executor Needs You,PrimitiveCandidate,1,Primitive,
12489,Welcome to Sholazar Basin,PrimitiveCandidate,1,Primitive,
12490,Veehja's Revenge,PrimitiveCandidate,3,Primitive,
12495,Audience With The Dragon Queen,PrimitiveCandidate,1,Primitive,
12496,Audience With The Dragon Queen,PrimitiveCandidate,1,Primitive,
12497,Galakrond and the Scourge,PrimitiveCandidate,1,Primitive,
12498,On Ruby Wings,HandlerOrSourceRequired,2,Primitive; Unsupported,provided-use-item-requires-contract
12499,Return To Angrathar,PrimitiveCandidate,1,Primitive,
12500,Return To Angrathar,PrimitiveCandidate,1,Primitive,
12503,Defend the Stand,PrimitiveCandidate,1,Primitive,
12504,"Argent Crusade, We Are Leaving!",HandlerOrSourceRequired,1,Unsupported,service-or-gossip-credit-target
12505,New Orders for Sergeant Stackhammer,PrimitiveCandidate,1,Primitive,
12508,Mopping Up,PrimitiveCandidate,1,Primitive,
12510,Precious Elemental Fluids,HandlerOrSourceRequired,2,Primitive; Unsupported,item-objective-does-not-match-primary-template
12511,The Hills Have Us,PrimitiveCandidate,1,Primitive,
12512,Leave No One Behind,HandlerOrSourceRequired,3,Unsupported,provided-use-item-requires-contract; service-or-gossip-credit-target
12514,Mushroom Mixer,PrimitiveCandidate,2,Primitive,
12516,Too Much of a Good Thing,HandlerOrSourceRequired,1,Unsupported,provided-use-item-requires-contract
12520,Rhino Mastery: The Test,PrimitiveCandidate,1,Primitive,
12521,Where in the World is Hemet Nesingwary?,PrimitiveCandidate,1,Primitive,
12522,"Need an Engine, Take an Engine",PrimitiveCandidate,1,Primitive,
12523,"Have a Part, Give a Part",PrimitiveCandidate,1,Primitive,
12524,Venture Co. Misadventure,PrimitiveCandidate,1,Primitive,
12525,Wipe That Grin Off His Face,PrimitiveCandidate,2,Primitive,
12526,Rhino Mastery: The Chase,PrimitiveCandidate,1,Primitive,
12527,Gluttonous Lurkers,PrimitiveCandidate,1,Primitive,
12528,Playing Along,PrimitiveCandidate,1,Primitive,
12529,The Ape Hunter's Slave,PrimitiveCandidate,2,Primitive,
12530,Tormenting the Softknuckles,HandlerOrSourceRequired,1,Unsupported,provided-use-item-requires-contract
12531,The Underground Menace,PrimitiveCandidate,1,Primitive,
12532,Flown the Coop!,PrimitiveCandidate,1,Primitive,
12533,The Wasp Hunter's Apprentice,PrimitiveCandidate,2,Primitive,
12534,The Sapphire Queen,PrimitiveCandidate,1,Primitive,
12535,Mischief in the Making,PrimitiveCandidate,1,Primitive,
12538,The Mist Isn't Listening,PrimitiveCandidate,1,Primitive,
12539,Hoofing It,PrimitiveCandidate,1,Primitive,
12540,Just Following Orders,PrimitiveCandidate,1,Primitive,
12542,The Call Of The Crusade,PrimitiveCandidate,1,Primitive,
12543,An Offering for Soo-rahm,PrimitiveCandidate,1,Primitive,
12544,The Bones of Nozronn,HandlerOrSourceRequired,1,Unsupported,non-death-credit-trigger; provided-use-item-requires-contract
12545,The Cleansing Of Jintha'kalar,PrimitiveCandidate,1,Primitive,
12546,Reclamation,HandlerOrSourceRequired,4,Unsupported,provided-use-item-requires-contract
12547,The Activation Rune,PrimitiveCandidate,1,Primitive,
12548,The Etymidian,PrimitiveCandidate,1,Primitive,
12549,Dreadsaber Mastery: Becoming a Predator,PrimitiveCandidate,1,Primitive,
12550,Dreadsaber Mastery: Stalking the Prey,PrimitiveCandidate,1,Primitive,
12551,Crocolisk Mastery: The Trial,PrimitiveCandidate,1,Primitive,
12552,Death to the Necromagi,PrimitiveCandidate,1,Primitive,
12553,Skimmer Spinnerets,PrimitiveCandidate,1,Primitive,
12555,A Tangled Skein,HandlerOrSourceRequired,1,Unsupported,non-death-credit-trigger; provided-use-item-requires-contract
12556,Rhino Mastery: The Kill,PrimitiveCandidate,1,Primitive,
12557,Lab Work,PrimitiveCandidate,4,Primitive,
12558,Dreadsaber Mastery: Ready to Pounce,PrimitiveCandidate,1,Primitive,
12559,Powering the Waygate - The Maker's Perch,PrimitiveCandidate,1,Primitive,
12560,Crocolisk Mastery: The Plan,PrimitiveCandidate,1,Primitive,
12561,An Issue of Trust,PrimitiveCandidate,2,Primitive,
12562,The Drakkari Do Not Need Water Elementals!,PrimitiveCandidate,1,Primitive,
12565,The Blessing of Zim'Abwa,PrimitiveCandidate,1,Primitive,
12566,Help for Camp Winterhoof,PrimitiveCandidate,1,Primitive,
12569,Crocolisk Mastery: The Ambush,PrimitiveCandidate,1,Primitive,
12571,Make the Bad Snake Go Away,PrimitiveCandidate,2,Primitive,
12572,Gods like Shiny Things,PrimitiveCandidate,1,Primitive,
12574,Back So Soon?,PrimitiveCandidate,1,Primitive,
12576,Forced Hand,PrimitiveCandidate,2,Primitive,
12577,Home Time!,PrimitiveCandidate,1,Primitive,
12579,Lifeblood of the Mosswalker Shrine,PrimitiveCandidate,1,Primitive,
12580,The Mosswalker Savior,PrimitiveCandidate,1,Primitive,
12583,Crashed Sprayer,PrimitiveCandidate,1,Primitive,
12584,Pure Evil,PrimitiveCandidate,1,Primitive,
12589,"Kick, What Kick?",HandlerOrSourceRequired,1,Unsupported,provided-use-item-requires-contract
12592,The Great Hunter's Challenge,HandlerOrSourceRequired,1,Unsupported,service-or-gossip-credit-target
12595,In Search of Bigger Game,PrimitiveCandidate,1,Primitive,
12596,Pa'Troll,HandlerOrSourceRequired,4,Unsupported,cpp-objective-owner; service-or-gossip-credit-target
12597,Something for the Pain,PrimitiveCandidate,1,Primitive,
12598,Throwing Down,HandlerOrSourceRequired,1,Unsupported,event-or-cast-special-flags; non-death-credit-trigger; provided-use-item-requires-contract
12599,Creature Comforts,PrimitiveCandidate,1,Primitive,
12603,Sharpening Your Talons,PrimitiveCandidate,1,Primitive,
12605,Securing the Bait,PrimitiveCandidate,1,Primitive,
12606,Cocooned!,HandlerOrSourceRequired,1,Unsupported,non-death-credit-trigger
12607,A Mammoth Undertaking,HandlerOrSourceRequired,1,Unsupported,provided-use-item-requires-contract; service-or-gossip-credit-target
12608,Cultist Incursion,PrimitiveCandidate,1,Primitive,
12609,Stocking the Shelves,PrimitiveCandidate,1,Primitive,
12610,Clipping Their Wings,PrimitiveCandidate,1,Primitive,
12611,Returned Sevenfold,HandlerOrSourceRequired,1,Unsupported,provided-use-item-requires-contract
12612,The Fallen Pillar,PrimitiveCandidate,1,Primitive,
12613,Powering the Waygate - The Maker's Overlook,PrimitiveCandidate,1,Primitive,
12614,Post-partum Aggression,PrimitiveCandidate,1,Primitive,
12615,The Blessing of Zim'Torga,PrimitiveCandidate,1,Primitive,
12617,Exterminate the Intruders,PrimitiveCandidate,1,Primitive,
12620,The Lifewarden's Wrath,HandlerOrSourceRequired,1,Unsupported,provided-use-item-requires-contract
12621,Freya's Pact,PrimitiveCandidate,1,Primitive,
12622,The Leaders at Jin'Alai,HandlerOrSourceRequired,4,Primitive; Unsupported,special-gameobject-mechanism
12623,To the Witch Doctor,PrimitiveCandidate,1,Primitive,
12624,It Could Be Anywhere!,PrimitiveCandidate,1,Primitive,
12627,Breaking Through Jin'Alai,PrimitiveCandidate,4,Primitive,
12628,To Speak With Har'koa,PrimitiveCandidate,1,Primitive,
12629,"You Can Run, But You Can't Hide",PrimitiveCandidate,1,Primitive,
12630,Kickin' Nass and Takin' Manes,HandlerOrSourceRequired,1,Unsupported,provided-use-item-requires-contract
12632,But First My Offspring,HandlerOrSourceRequired,1,Unsupported,cpp-objective-owner; non-death-credit-trigger; provided-use-item-requires-contract
12634,"Some Make Lemonade, Some Make Liquor",PrimitiveCandidate,3,Primitive,
12635,Relics of the Snow Leopard Goddess,PrimitiveCandidate,2,Primitive,
12637,Near Miss,HandlerOrSourceRequired,1,Unsupported,service-or-gossip-credit-target
12638,Close Call,HandlerOrSourceRequired,1,Unsupported,service-or-gossip-credit-target
12639,The Frozen Earth,PrimitiveCandidate,1,Primitive,
12640,Sealing the Rifts,PrimitiveCandidate,1,Primitive,
12642,Spirit of Rhunok,PrimitiveCandidate,1,Primitive,
12643,Silver Lining,PrimitiveCandidate,1,Primitive,
12644,Still At It,PrimitiveCandidate,1,Primitive,
12645,The Taste Test,HandlerOrSourceRequired,3,Unsupported,cpp-objective-owner; provided-use-item-requires-contract; service-or-gossip-credit-target
12646,"My Prophet, My Enemy",PrimitiveCandidate,1,Primitive,
12647,An End to the Suffering,HandlerOrSourceRequired,2,Primitive; Unsupported,item-objective-does-not-match-primary-template
12648,Dressing Down,PrimitiveCandidate,1,Primitive,
12649,Suit Up!,PrimitiveCandidate,1,Primitive,
12650,Plundering Their Own,PrimitiveCandidate,1,Primitive,
12651,Lakeside Landing,PrimitiveCandidate,1,Primitive,
12652,Feedin' Da Goolz,HandlerOrSourceRequired,1,Unsupported,provided-use-item-requires-contract
12653,Back to Har'koa,PrimitiveCandidate,1,Primitive,
12654,The Part-time Hunter,PrimitiveCandidate,1,Primitive,
12655,The Blessing of Zim'Rhuk,PrimitiveCandidate,1,Primitive,
12658,My Pet Roc,PrimitiveCandidate,1,Primitive,
12659,Scalps!,HandlerOrSourceRequired,1,Unsupported,non-death-credit-trigger; provided-use-item-requires-contract
12660,Weapons of Destruction,PrimitiveCandidate,1,Primitive,
12661,Infiltrating Voltarus,HandlerOrSourceRequired,1,Unsupported,provided-use-item-requires-contract
12662,Bringing Down Heb'Jin,HandlerOrSourceRequired,1,Unsupported,provided-use-item-requires-contract
12663,Reunited,PrimitiveCandidate,1,Primitive,
12664,Dark Horizon,PrimitiveCandidate,1,Primitive,
12666,Preparations for the Underworld,PrimitiveCandidate,1,Primitive,
12667,Seek the Wind Serpent Goddess,PrimitiveCandidate,1,Primitive,
12668,Foundation for Revenge,PrimitiveCandidate,1,Primitive,
12669,"So Far, So Bad",HandlerOrSourceRequired,2,Unsupported,event-or-cast-special-flags; provided-use-item-requires-contract
12672,Setting the Stage,PrimitiveCandidate,1,Primitive,
12673,It Rolls Downhill,HandlerOrSourceRequired,1,Unsupported,provided-use-item-requires-contract
12674,Hell Hath a Fury,HandlerOrSourceRequired,3,Unsupported,non-death-credit-trigger; provided-use-item-requires-contract
12675,One Last Thing,PrimitiveCandidate,1,Primitive,
12676,Sabotage,HandlerOrSourceRequired,3,Unsupported,provided-use-item-requires-contract
12677,Hazardous Materials,PrimitiveCandidate,2,Primitive,
12681,Reagent Agent,PrimitiveCandidate,1,Primitive,
12683,Burning to Help,HandlerOrSourceRequired,2,Unsupported,provided-use-item-requires-contract; service-or-gossip-credit-target
12684,Blood of a Dead God,PrimitiveCandidate,1,Primitive,
12685,You Reap What You Sow,HandlerOrSourceRequired,1,Unsupported,provided-use-item-requires-contract
12686,Zero Tolerance,HandlerOrSourceRequired,1,Unsupported,provided-use-item-requires-contract
12690,Fuel for the Fire,HandlerOrSourceRequired,2,Unsupported,provided-use-item-requires-contract
12691,A Timeworn Coffer,PrimitiveCandidate,1,Primitive,
12692,Return of the Lich Hunter,PrimitiveCandidate,1,Primitive,
12695,Return of the Friendly Dryskin,PrimitiveCandidate,1,Primitive,
12696,Aerial Surveillance,PrimitiveCandidate,1,Primitive,
12699,An Embarassing Incident,PrimitiveCandidate,1,Primitive,
12707,Wooly Justice,HandlerOrSourceRequired,1,Unsupported,provided-use-item-requires-contract
12708,Enchanted Tiki Warriors,PrimitiveCandidate,1,Primitive,
12709,Hexed Caches,HandlerOrSourceRequired,3,Primitive; Unsupported,item-objective-does-not-match-primary-template
12710,Disclosure,PrimitiveCandidate,1,Primitive,
12712,The Key of Warlord Zol'Maz,HandlerOrSourceRequired,4,Primitive; Unsupported,item-objective-does-not-match-primary-template
12713,Betrayal,PrimitiveCandidate,1,Primitive,
12728,Monitoring the Rift: Winterfin Cavern,HandlerOrSourceRequired,1,Unsupported,event-or-cast-special-flags; non-death-credit-trigger; provided-use-item-requires-contract
12740,Parachutes for the Argent Crusade,HandlerOrSourceRequired,1,Unsupported,non-death-credit-trigger; provided-use-item-requires-contract
12763,Shifting Priorities,PrimitiveCandidate,1,Primitive,
12766,Speak with your Ambassador,PrimitiveCandidate,1,Primitive,
12767,Speak with your Ambassador,PrimitiveCandidate,1,Primitive,
12768,The Steward of Wyrmrest Temple,PrimitiveCandidate,1,Primitive,
12769,The Steward of Wyrmrest Temple,PrimitiveCandidate,1,Primitive,
12770,Reallocating Resources,PrimitiveCandidate,1,Primitive,
12789,Into the Breach!,PrimitiveCandidate,1,Primitive,
12790,Learning to Leave and Return: the Magical Way,HandlerOrSourceRequired,2,Unsupported,cpp-gameobject-owner
12791,The Magical Kingdom of Dalaran,PrimitiveCandidate,1,Primitive,
12792,First Things First,PrimitiveCandidate,1,Primitive,
12793,Smoke on the Horizon,PrimitiveCandidate,1,Primitive,
12794,The Magical Kingdom of Dalaran,PrimitiveCandidate,1,Primitive,
12795,Taking a Stand,PrimitiveCandidate,1,Primitive,
12796,The Magical Kingdom of Dalaran,PrimitiveCandidate,1,Primitive,
12797,Back Through the Waygate,PrimitiveCandidate,1,Primitive,
12799,Siphoning the Spirits,PrimitiveCandidate,1,Primitive,
12803,Force of Nature,PrimitiveCandidate,1,Primitive,
12804,A Steak Fit for a Hunter,PrimitiveCandidate,1,Primitive,
12805,Salvaging Life's Strength,HandlerOrSourceRequired,1,Unsupported,provided-use-item-requires-contract
12806,To the Rise with all Due Haste!,PrimitiveCandidate,1,Primitive,
12810,Blood in the Water,HandlerOrSourceRequired,1,Unsupported,non-death-credit-trigger; provided-use-item-requires-contract
12814,You'll Need a Gryphon,HandlerOrSourceRequired,2,Primitive; Unsupported,item-objective-does-not-match-primary-template
12818,Clean Up,PrimitiveCandidate,1,Primitive,
12819,Just Around the Corner,PrimitiveCandidate,1,Primitive,
12820,A Delicate Touch,HandlerOrSourceRequired,1,Unsupported,provided-use-item-requires-contract
12822,Know No Fear,PrimitiveCandidate,2,Primitive,
12823,A Flawless Plan,HandlerOrSourceRequired,2,Unsupported,provided-use-item-requires-contract
12824,Demolitionist Extraordinaire,PrimitiveCandidate,1,Primitive,
12826,Slightly Unstable,PrimitiveCandidate,1,Primitive,
12827,Reclaimed Rations,PrimitiveCandidate,2,Primitive,
12828,Ample Inspiration,PrimitiveCandidate,1,Primitive,
12829,Moving In,PrimitiveCandidate,1,Primitive,
12830,Ore Repossession,PrimitiveCandidate,1,Primitive,
12831,Only Partly Forgotten,PrimitiveCandidate,1,Primitive,
12835,All Grown Up,PrimitiveCandidate,2,Primitive,
12836,Expression of Gratitude,PrimitiveCandidate,1,Primitive,
12840,In Strict Confidence,PrimitiveCandidate,2,Primitive,
12841,The Crone's Bargain,PrimitiveCandidate,1,Primitive,
12843,They Took Our Men!,HandlerOrSourceRequired,2,Unsupported,item-objective-does-not-match-primary-template; non-death-credit-trigger
12844,Equipment Recovery,PrimitiveCandidate,1,Primitive,
12846,Leave No Goblin Behind,PrimitiveCandidate,1,Primitive,
12851,Going Bearback,PrimitiveCandidate,2,Primitive,
12853,Luxurious Getaway!,PrimitiveCandidate,1,Primitive,
12854,On Brann's Trail,PrimitiveCandidate,1,Primitive,
12855,Sniffing Out the Perpetrator,HandlerOrSourceRequired,2,Unsupported,provided-use-item-requires-contract
12856,Cold Hearted,HandlerOrSourceRequired,2,Primitive; Unsupported,cpp-objective-owner
12858,Pieces to the Puzzle,HandlerOrSourceRequired,1,Unsupported,item-objective-does-not-match-primary-template
12859,This Just In: Fire Still Hot!,HandlerOrSourceRequired,1,Unsupported,event-or-cast-special-flags; non-death-credit-trigger; provided-use-item-requires-contract
12860,Data Mining,HandlerOrSourceRequired,1,Unsupported,non-death-credit-trigger; provided-use-item-requires-contract
12861,Trolls Is Gone Crazy!,HandlerOrSourceRequired,2,Unsupported,item-objective-does-not-match-primary-template; non-death-credit-trigger
12862,When All Else Fails,PrimitiveCandidate,1,Primitive,
12863,Offering Thanks,PrimitiveCandidate,1,Primitive,
12865,Loyal Companions,HandlerOrSourceRequired,2,Primitive; Unsupported,item-objective-does-not-match-primary-template
12866,Stemming the Aggressors,PrimitiveCandidate,2,Primitive,
12867,Baby Stealers,PrimitiveCandidate,1,Primitive,
12870,Ancient Relics,PrimitiveCandidate,2,Primitive,
12871,Aid from the Explorers' League,HandlerOrSourceRequired,2,Primitive; Unsupported,item-objective-does-not-match-primary-template
12872,Norgannon's Shell,PrimitiveCandidate,1,Primitive,
12873,The Frostborn King,PrimitiveCandidate,1,Primitive,
12874,Fervor of the Frostborn,HandlerOrSourceRequired,2,Primitive; Unsupported,gameobject-item-does-not-match-primary-template
12875,An Experienced Guide,PrimitiveCandidate,1,Primitive,
12876,Unwelcome Guests,PrimitiveCandidate,1,Primitive,
12877,The Lonesome Watcher,PrimitiveCandidate,1,Primitive,
12878,The Hidden Relic,PrimitiveCandidate,1,Primitive,
12879,Fury of the Frostborn King,PrimitiveCandidate,1,Primitive,
12880,The Master Explorer,PrimitiveCandidate,1,Primitive,
12882,Ancient Relics,PrimitiveCandidate,2,Primitive,
12883,Orders From Drakuru,PrimitiveCandidate,1,Primitive,
12884,The Ebon Watch,PrimitiveCandidate,1,Primitive,
12885,The Exiles of Ulduar,PrimitiveCandidate,1,Primitive,
12886,The Drakkensryd,HandlerOrSourceRequired,1,Unsupported,provided-use-item-requires-contract
12887,It's All Fun and Games,HandlerOrSourceRequired,1,Unsupported,provided-use-item-requires-contract
12889,The Prototype Console,PrimitiveCandidate,1,Primitive,
12891,"I Have an Idea, But First...",PrimitiveCandidate,4,Primitive,
12892,It's All Fun and Games,HandlerOrSourceRequired,1,Unsupported,provided-use-item-requires-contract
12893,Free Your Mind,HandlerOrSourceRequired,3,Unsupported,non-death-credit-trigger; provided-use-item-requires-contract
12894,Crusader Forward Camp,PrimitiveCandidate,1,Primitive,
12895,The Missing Bronzebeard,PrimitiveCandidate,1,Primitive,
12896,If He Cannot Be Turned,PrimitiveCandidate,1,Primitive,
12897,If He Cannot Be Turned,PrimitiveCandidate,1,Primitive,
12898,The Shadow Vault,PrimitiveCandidate,1,Primitive,
12899,The Shadow Vault,PrimitiveCandidate,1,Primitive,
12900,Making a Harness,PrimitiveCandidate,1,Primitive,
12901,Making Something Out Of Nothing,PrimitiveCandidate,2,Primitive,
12902,In Search Of Answers,PrimitiveCandidate,1,Primitive,
12903,That's What Friends Are For...,HandlerOrSourceRequired,3,Unsupported,non-death-credit-trigger; service-or-gossip-credit-target
12904,Light Won't Grant Me Vengeance,PrimitiveCandidate,1,Primitive,
12905,Mildred the Cruel,PrimitiveCandidate,1,Primitive,
12906,Discipline,HandlerOrSourceRequired,1,Unsupported,non-death-credit-trigger; provided-use-item-requires-contract
12907,Examples to be Made,PrimitiveCandidate,1,Primitive,
12908,A Certain Prisoner,PrimitiveCandidate,1,Primitive,
12909,The Nose Knows,PrimitiveCandidate,1,Primitive,
12910,Sniffing Out the Perpetrator,PrimitiveCandidate,2,Primitive,
12911,Kill Credit Test,PrimitiveCandidate,1,Primitive,
12912,A Great Storm Approaches,PrimitiveCandidate,1,Primitive,
12913,"Speak Orcish, Man!",PrimitiveCandidate,1,Primitive,
12914,Gymer's Salvation,PrimitiveCandidate,2,Primitive,
12915,Mending Fences,HandlerOrSourceRequired,3,Unsupported,gameobject-item-does-not-match-primary-template; provided-use-item-requires-contract
12916,Our Only Hope,HandlerOrSourceRequired,1,Unsupported,non-death-credit-trigger; provided-use-item-requires-contract
12917,Speaking with the Wind's Voice,PrimitiveCandidate,1,Primitive,
12919,The Storm King's Vengeance,PrimitiveCandidate,4,Primitive,
12920,Catching up with Brann,HandlerOrSourceRequired,1,Unsupported,non-death-credit-trigger; provided-use-item-requires-contract; service-or-gossip-credit-target
12921,A Change of Scenery,PrimitiveCandidate,1,Primitive,
12924,Forging an Alliance,PrimitiveCandidate,1,Primitive,
12925,Aberrations,HandlerOrSourceRequired,2,Primitive; Unsupported,item-objective-does-not-match-primary-template
12926,Pieces of the Puzzle,HandlerOrSourceRequired,1,Unsupported,item-objective-does-not-match-primary-template
12927,Data Mining,HandlerOrSourceRequired,1,Unsupported,non-death-credit-trigger; provided-use-item-requires-contract
12928,Norgannon's Shell,PrimitiveCandidate,1,Primitive,
12929,The Earthen of Ulduar,PrimitiveCandidate,1,Primitive,
12930,Rare Earth,PrimitiveCandidate,3,Primitive,
12931,Fighting Back,PrimitiveCandidate,1,Primitive,
12937,Relief for the Fallen,HandlerOrSourceRequired,1,Unsupported,non-death-credit-trigger; provided-use-item-requires-contract
12938,The Duke,PrimitiveCandidate,1,Primitive,
12939,Honor Challenge,HandlerOrSourceRequired,1,Unsupported,provided-use-item-requires-contract
12942,Off With Their Black Wings,HandlerOrSourceRequired,1,Unsupported,service-or-gossip-credit-target
12943,Shadow Vault Decree,HandlerOrSourceRequired,1,Unsupported,provided-use-item-requires-contract
12949,Get the Key,PrimitiveCandidate,1,Primitive,
12951,Let the Baron Know,PrimitiveCandidate,1,Primitive,
12953,Valkyrion Must Burn,HandlerOrSourceRequired,1,Unsupported,non-death-credit-trigger
12955,Eliminate the Competition,HandlerOrSourceRequired,4,Unsupported,non-death-credit-trigger; service-or-gossip-credit-target
12956,A Spark of Hope,PrimitiveCandidate,1,Primitive,
12957,Slaves of the Stormforged,HandlerOrSourceRequired,2,Primitive; Unsupported,non-death-credit-trigger; service-or-gossip-credit-target
12964,The Dark Ore,PrimitiveCandidate,1,Primitive,
12965,The Gifts of Loken,PrimitiveCandidate,3,Primitive,
12966,You Can't Miss Him,PrimitiveCandidate,1,Primitive,
12967,Battling the Elements,PrimitiveCandidate,1,Primitive,
12968,Yulda's Folly,HandlerOrSourceRequired,1,Unsupported,service-or-gossip-credit-target
12969,Is That Your Goblin?,HandlerOrSourceRequired,1,Unsupported,service-or-gossip-credit-target
12970,The Hyldsmeet,HandlerOrSourceRequired,1,Unsupported,non-death-credit-trigger
12971,Taking on All Challengers,HandlerOrSourceRequired,1,Unsupported,service-or-gossip-credit-target
12972,You'll Need a Bear,PrimitiveCandidate,1,Primitive,
12975,In Memoriam,PrimitiveCandidate,1,Primitive,
12976,A Monument to the Fallen,PrimitiveCandidate,1,Primitive,
12978,Facing the Storm,HandlerOrSourceRequired,1,Unsupported,service-or-gossip-credit-target
12980,The Armor's Secrets,HandlerOrSourceRequired,1,Unsupported,non-death-credit-trigger; service-or-gossip-credit-target
12982,Ebon Blade Prisoners,HandlerOrSourceRequired,2,Unsupported,item-objective-does-not-match-primary-template; non-death-credit-trigger
12983,The Last of Her Kind,HandlerOrSourceRequired,1,Unsupported,non-death-credit-trigger; service-or-gossip-credit-target
12984,Valduran the Stormborn,HandlerOrSourceRequired,1,Unsupported,provided-use-item-requires-contract
12985,Forging a Head,PrimitiveCandidate,1,Primitive,
12986,Fate of the Titans,HandlerOrSourceRequired,4,Unsupported,provided-use-item-requires-contract
12987,Mounting Hodir's Helm,HandlerOrSourceRequired,1,Unsupported,provided-use-item-requires-contract
12988,Destroy the Forges!,HandlerOrSourceRequired,3,Unsupported,non-death-credit-trigger; provided-use-item-requires-contract
12989,The Slithering Darkness,PrimitiveCandidate,1,Primitive,
12991,Hit Them Where it Hurts,PrimitiveCandidate,1,Primitive,
12992,Crush Dem Vrykuls!,PrimitiveCandidate,1,Primitive,
12993,A Colossal Threat,PrimitiveCandidate,2,Primitive,
12996,The Warm-Up ,HandlerOrSourceRequired,1,Unsupported,non-death-credit-trigger; provided-use-item-requires-contract
12997,Into the Pit,HandlerOrSourceRequired,1,Unsupported,provided-use-item-requires-contract
12998,The Heart of the Storm,HandlerOrSourceRequired,1,Unsupported,non-death-credit-trigger
12999,The Bone Witch,PrimitiveCandidate,1,Primitive,
13000,Emergency Measures,PrimitiveCandidate,1,Primitive,
13001,Raising Hodir's Spear,PrimitiveCandidate,2,Primitive,
13005,The Earthen Oath,HandlerOrSourceRequired,2,Unsupported,provided-use-item-requires-contract
13007,The Iron Colossus,PrimitiveCandidate,1,Primitive,
13008,Scourge Tactics,HandlerOrSourceRequired,1,Unsupported,non-death-credit-trigger
13009,A New Beginning,PrimitiveCandidate,1,Primitive,
13011,Jormuttar is Soo Fat...,HandlerOrSourceRequired,1,Unsupported,provided-use-item-requires-contract
13034,The Witness and the Hero,PrimitiveCandidate,3,Primitive,
13035,Loken's Lackeys,PrimitiveCandidate,3,Primitive,
13036,Honor Above All Else,PrimitiveCandidate,1,Primitive,
13037,Memories of Stormhoof,HandlerOrSourceRequired,1,Unsupported,non-death-credit-trigger; service-or-gossip-credit-target
13038,Distortions in Time,HandlerOrSourceRequired,1,Unsupported,non-death-credit-trigger; provided-use-item-requires-contract
13039,Defending The Vanguard,PrimitiveCandidate,1,Primitive,
13040,Curing The Incurable,PrimitiveCandidate,1,Primitive,
13042,Deep in the Bowels of The Underhalls,HandlerOrSourceRequired,2,Primitive; Unsupported,non-death-credit-trigger
13044,If There Are Survivors...,PrimitiveCandidate,1,Primitive,
13045,Into The Wild Green Yonder,PrimitiveCandidate,1,Primitive,
13048,Where Time Went Wrong,HandlerOrSourceRequired,1,Unsupported,provided-use-item-requires-contract; service-or-gossip-credit-target
13049,The Hero's Arms,PrimitiveCandidate,2,Primitive,
13050,Veranus,PrimitiveCandidate,1,Primitive,
13051,Territorial Trespass,HandlerOrSourceRequired,1,Unsupported,non-death-credit-trigger; provided-use-item-requires-contract
13054,The Missing Tracker,PrimitiveCandidate,1,Primitive,
13055,Cave Medicine,PrimitiveCandidate,2,Primitive,
13056,There's Always Time for Revenge,PrimitiveCandidate,1,Primitive,
13057,The Terrace of the Makers,PrimitiveCandidate,1,Primitive,
13058,Changing the Wind's Course,PrimitiveCandidate,1,Primitive,
13059,Revenge for the Vargul,HandlerOrSourceRequired,2,Unsupported,provided-use-item-requires-contract
13060,When All Else Fails,PrimitiveCandidate,1,Primitive,
13061,Prepare for Glory,PrimitiveCandidate,1,Primitive,
13062,Lok'lira's Parting Gift,PrimitiveCandidate,1,Primitive,
13063,Deemed Worthy,PrimitiveCandidate,1,Primitive,
13064,Sibling Rivalry,PrimitiveCandidate,1,Primitive,
13068,A Tale of Valor,PrimitiveCandidate,1,Primitive,
13072,A Hero Remains,PrimitiveCandidate,1,Primitive,
13073,The Keeper's Favor,PrimitiveCandidate,1,Primitive,
13074,Hope Within the Emerald Nightmare,PrimitiveCandidate,1,Primitive,
13075,The Boon of Remulos,PrimitiveCandidate,1,Primitive,
13076,Time Yet Remains,PrimitiveCandidate,1,Primitive,
13077,The Touch of an Aspect,PrimitiveCandidate,1,Primitive,
13078,Dahlia's Tears,PrimitiveCandidate,1,Primitive,
13079,The Boon of Alexstrasza,PrimitiveCandidate,1,Primitive,
13080,Hope Yet Remains,PrimitiveCandidate,1,Primitive,
13081,The Will of the Naaru,PrimitiveCandidate,1,Primitive,
13082,The Boon of A'dal,PrimitiveCandidate,1,Primitive,
13083,Light Within the Darkness,PrimitiveCandidate,1,Primitive,
13084,Vandalizing Jotunheim,PrimitiveCandidate,1,Primitive,
13085,Vaelen Has Returned,PrimitiveCandidate,1,Primitive,
13086,The Last Line Of Defense,PrimitiveCandidate,2,Primitive,
13091,The Art of Being a Water Terror,PrimitiveCandidate,1,Primitive,
13092,Reading the Bones,PrimitiveCandidate,2,Primitive,
13097,Unfinished Business,PrimitiveCandidate,1,Primitive,
13099,Just Checkin',PrimitiveCandidate,1,Primitive,
13106,Blackwatch,PrimitiveCandidate,1,Primitive,
13110,The Restless Dead,HandlerOrSourceRequired,1,Unsupported,event-or-cast-special-flags; provided-use-item-requires-contract
13117,Where Are They Coming From?,PrimitiveCandidate,1,Primitive,
13118,The Purging Of Scourgeholme,PrimitiveCandidate,3,Primitive,
13119,Destroying the Altars,HandlerOrSourceRequired,5,Unsupported,event-or-cast-special-flags; item-objective-does-not-match-primary-template; non-death-credit-trigger
13120,Death's Gaze,PrimitiveCandidate,3,Primitive,
13121,Through the Eye,PrimitiveCandidate,1,Primitive,
13122,The Scourgestone,PrimitiveCandidate,1,Primitive,
13125,The Air Stands Still,HandlerOrSourceRequired,3,Unsupported,provided-use-item-requires-contract
13130,The Stone That Started A Revolution,PrimitiveCandidate,2,Primitive,
13133,Find the Ancient Hero,HandlerOrSourceRequired,1,Unsupported,provided-use-item-requires-contract
13134,Spill Their Blood,PrimitiveCandidate,2,Primitive,
13135,It Could Kill Us All,PrimitiveCandidate,1,Primitive,
13138,I'm Smelting... Smelting!,PrimitiveCandidate,1,Primitive,
13139,Into The Frozen Heart Of Northrend,PrimitiveCandidate,1,Primitive,
13140,The Runesmiths of Malykriss,PrimitiveCandidate,1,Primitive,
13143,New Recruit,HandlerOrSourceRequired,1,Unsupported,provided-use-item-requires-contract
13144,Killing Two Scourge With One Skeleton,PrimitiveCandidate,1,Primitive,
13145,The Vile Hold,PrimitiveCandidate,4,Primitive,
13146,Generosity Abounds,PrimitiveCandidate,1,Primitive,
13147,Matchmaker,PrimitiveCandidate,1,Primitive,
13152,A Visit to the Doctor,PrimitiveCandidate,2,Primitive,
13155,Vereth the Cunning,PrimitiveCandidate,1,Primitive,
13157,The Crusaders' Pinnacle,PrimitiveCandidate,1,Primitive,
13160,Stunning View,PrimitiveCandidate,1,Primitive,
13169,An Undead's Best Friend,PrimitiveCandidate,1,Primitive,
13170,Honor is for the Weak,HandlerOrSourceRequired,1,Unsupported,non-death-credit-trigger
13171,From Whence They Came,HandlerOrSourceRequired,1,Unsupported,non-death-credit-trigger
13172,Seeds of Chaos,HandlerOrSourceRequired,1,Unsupported,non-death-credit-trigger
13174,Amidst the Confusion,PrimitiveCandidate,4,Primitive,
13211,By Fire Be Purged,HandlerOrSourceRequired,1,Unsupported,event-or-cast-special-flags; non-death-credit-trigger; provided-use-item-requires-contract
13212,He's Gone to Pieces,PrimitiveCandidate,4,Primitive,
13213,Battle at Valhalas,PrimitiveCandidate,1,Primitive,
13220,Putting Olakin Back Together Again,HandlerOrSourceRequired,3,Unsupported,gameobject-item-does-not-match-primary-template; non-death-credit-trigger; provided-use-item-requires-contract
13224,Orgrim's Hammer,PrimitiveCandidate,1,Primitive,
13225,The Skybreaker,PrimitiveCandidate,1,Primitive,
13226,Judgment Day Comes!,PrimitiveCandidate,1,Primitive,
13227,Judgment Day Comes!,PrimitiveCandidate,1,Primitive,
13228,The Broken Front,PrimitiveCandidate,1,Primitive,
13230,Avenge Me!,HandlerOrSourceRequired,1,Unsupported,service-or-gossip-credit-target
13231,The Broken Front,PrimitiveCandidate,1,Primitive,
13232,Finish Me!,PrimitiveCandidate,1,Primitive,
13235,The Flesh Giant Champion,PrimitiveCandidate,1,Primitive,
13236,Army of the Damned,PrimitiveCandidate,1,Primitive,
13237,Poke and Prod,PrimitiveCandidate,3,Primitive,
13238,Good For Something?,PrimitiveCandidate,1,Primitive,
13239,Volatility,HandlerOrSourceRequired,4,Unsupported,gameobject-item-does-not-match-primary-template; provided-use-item-requires-contract
13242,Darkness Stirs,PrimitiveCandidate,1,Primitive,
13257,Herald of War,PrimitiveCandidate,1,Primitive,
13258,Opportunity,PrimitiveCandidate,1,Primitive,
13259,Establishing Superiority,PrimitiveCandidate,1,Primitive,
13260,Takes One to Know One,PrimitiveCandidate,1,Primitive,
13262,Blow it Up!,PrimitiveCandidate,1,Primitive,
13263,A Short Fuse,PrimitiveCandidate,1,Primitive,
13264,That's Abominable!,HandlerOrSourceRequired,4,Unsupported,item-objective-does-not-match-primary-template; provided-use-item-requires-contract
13266,A Life Without Regret,PrimitiveCandidate,1,Primitive,
13271,A Voice in the Dark,PrimitiveCandidate,1,Primitive,
13273,Going After the Core,PrimitiveCandidate,2,Primitive,
13274,The Core's Keeper,PrimitiveCandidate,1,Primitive,
13275,Time to Hide,PrimitiveCandidate,1,Primitive,
13282,Return to the Surface,PrimitiveCandidate,1,Primitive,
13285,Forging the Keystone,HandlerOrSourceRequired,2,Unsupported,cpp-objective-owner; item-objective-does-not-match-primary-template; service-or-gossip-credit-target
13286,...All the Help We Can Get.,PrimitiveCandidate,1,Primitive,
13287,Poke and Prod,PrimitiveCandidate,3,Primitive,
13288,That's Abominable!,HandlerOrSourceRequired,4,Unsupported,item-objective-does-not-match-primary-template; provided-use-item-requires-contract
13290,"Your Attention, Please",PrimitiveCandidate,1,Primitive,
13291,Borrowed Technology,HandlerOrSourceRequired,4,Unsupported,gameobject-item-does-not-match-primary-template; provided-use-item-requires-contract
13293,Get to Ymirheim!,PrimitiveCandidate,1,Primitive,
13296,Get to Ymirheim!,PrimitiveCandidate,1,Primitive,
13304,Field Repairs,PrimitiveCandidate,1,Primitive,
13305,Do Your Worst,PrimitiveCandidate,3,Primitive,
13306,Raise the Barricades,HandlerOrSourceRequired,1,Unsupported,non-death-credit-trigger; provided-use-item-requires-contract
13307,Bloodspattered Banners,PrimitiveCandidate,3,Primitive,
13313,Blinding the Eyes in the Sky,HandlerOrSourceRequired,1,Unsupported,non-death-credit-trigger; provided-use-item-requires-contract
13314,Get the Message,PrimitiveCandidate,1,Primitive,
13315,Sneak Preview,PrimitiveCandidate,4,Primitive,
13318,Drag and Drop,HandlerOrSourceRequired,2,Unsupported,item-objective-does-not-match-primary-template; non-death-credit-trigger
13319,Chain of Command,PrimitiveCandidate,4,Primitive,
13320,Cannot Reproduce,HandlerOrSourceRequired,3,Unsupported,non-death-credit-trigger; provided-use-item-requires-contract
13321,Retest Now,HandlerOrSourceRequired,2,Unsupported,item-objective-does-not-match-primary-template; non-death-credit-trigger; provided-use-item-requires-contract
13332,Raise the Barricades,HandlerOrSourceRequired,1,Unsupported,non-death-credit-trigger; provided-use-item-requires-contract
13334,Bloodspattered Banners,PrimitiveCandidate,3,Primitive,
13340,Joining the Assault,PrimitiveCandidate,1,Primitive,
13341,Joining the Assault,PrimitiveCandidate,1,Primitive,
13342,Not a Bug,HandlerOrSourceRequired,1,Unsupported,provided-use-item-requires-contract
13347,Reborn From The Ashes,PrimitiveCandidate,1,Primitive,
13348,Futility,PrimitiveCandidate,1,Primitive,
13349,Cradle of the Frostbrood,PrimitiveCandidate,3,Primitive,
13351,Sneak Preview,PrimitiveCandidate,4,Primitive,
13352,Drag and Drop,HandlerOrSourceRequired,2,Unsupported,item-objective-does-not-match-primary-template; non-death-credit-trigger
13354,Chain of Command,PrimitiveCandidate,4,Primitive,
13355,Cannot Reproduce,HandlerOrSourceRequired,3,Unsupported,non-death-credit-trigger; provided-use-item-requires-contract
13356,Retest Now,HandlerOrSourceRequired,2,Unsupported,item-objective-does-not-match-primary-template; non-death-credit-trigger; provided-use-item-requires-contract
13358,Not a Bug,HandlerOrSourceRequired,1,Unsupported,provided-use-item-requires-contract
13359,Where Dragons Fell,PrimitiveCandidate,1,Primitive,
13360,Time for Answers,PrimitiveCandidate,1,Primitive,
13361,The Hunter and the Prince,PrimitiveCandidate,1,Primitive,
13362,Knowledge is a Terrible Burden,PrimitiveCandidate,1,Primitive,
13363,Argent Aid,PrimitiveCandidate,1,Primitive,
13364,Tirion's Gambit,HandlerOrSourceRequired,2,Primitive; Unsupported,item-objective-does-not-match-primary-template
13369,"Fate, Up Against Your Will",PrimitiveCandidate,1,Primitive,
13370,A Royal Coup,PrimitiveCandidate,1,Primitive,
13371,The Killing Time,PrimitiveCandidate,1,Primitive,
13373,Fringe Science Benefits,PrimitiveCandidate,3,Primitive,
13374,Amped for Revolt!,PrimitiveCandidate,4,Primitive,
13379,Green Technology,PrimitiveCandidate,1,Primitive,
13380,Leading the Charge,PrimitiveCandidate,3,Primitive,
13381,Watts My Target,PrimitiveCandidate,4,Primitive,
13383,Killohertz,PrimitiveCandidate,1,Primitive,
13386,Exploiting an Opening,PrimitiveCandidate,1,Primitive,
13387,Securing the Perimeter,PrimitiveCandidate,1,Primitive,
13388,Set it Off!,PrimitiveCandidate,1,Primitive,
13389,A Short Fuse,PrimitiveCandidate,1,Primitive,
13390,A Voice in the Dark,PrimitiveCandidate,1,Primitive,
13391,Time to Hide,PrimitiveCandidate,1,Primitive,
13392,Return to the Surface,PrimitiveCandidate,1,Primitive,
13393,Field Repairs,PrimitiveCandidate,1,Primitive,
13394,Do Your Worst,PrimitiveCandidate,3,Primitive,
13395,Army of the Damned,PrimitiveCandidate,1,Primitive,
13396,Futility,PrimitiveCandidate,1,Primitive,
13397,Sindragosa's Fall,PrimitiveCandidate,3,Primitive,
13398,Where Dragons Fell,PrimitiveCandidate,1,Primitive,
13399,Time for Answers,PrimitiveCandidate,1,Primitive,
13400,The Hunter and the Prince,PrimitiveCandidate,1,Primitive,
13401,Knowledge is a Terrible Burden,PrimitiveCandidate,1,Primitive,
13402,Tirion's Help,PrimitiveCandidate,1,Primitive,
13403,Tirion's Gambit,HandlerOrSourceRequired,2,Primitive; Unsupported,item-objective-does-not-match-primary-template
13412,Corastrasza,PrimitiveCandidate,1,Primitive,
13413,Aces High!,PrimitiveCandidate,1,Primitive,
13415,The Library Console,PrimitiveCandidate,1,Primitive,
13416,The Library Console,PrimitiveCandidate,1,Primitive,
13418,Preparations for War,PrimitiveCandidate,1,Primitive,
13419,Preparations for War,PrimitiveCandidate,1,Primitive,
13426,"Xarantaur, the Witness",PrimitiveCandidate,1,Primitive,
13524,Escape from Silverbrook,PrimitiveCandidate,1,Primitive,
13549,Tails Up,HandlerOrSourceRequired,2,Unsupported,non-death-credit-trigger; provided-use-item-requires-contract
13556,Eggs for Dubra'Jin,PrimitiveCandidate,2,Primitive,
13593,Valiant Of Stormwind,PrimitiveCandidate,1,Primitive,
13633,The Black Knight of Westfall?,PrimitiveCandidate,1,Primitive,
13634,The Black Knight of Silverpine?,PrimitiveCandidate,1,Primitive,
13641,The Seer's Crystal,PrimitiveCandidate,1,Primitive,
13643,The Stories Dead Men Tell,PrimitiveCandidate,3,Primitive,
13654,There's Something About the Squire,HandlerOrSourceRequired,1,Unsupported,item-objective-does-not-match-primary-template
13663,The Black Knight's Orders,HandlerOrSourceRequired,3,Primitive; Unsupported,non-death-credit-trigger; provided-use-item-requires-contract
13664,The Black Knight's Fall,PrimitiveCandidate,1,Primitive,
13667,The Argent Tournament,PrimitiveCandidate,1,Primitive,
13668,The Argent Tournament,PrimitiveCandidate,1,Primitive,
13672,Up To The Challenge,PrimitiveCandidate,1,Primitive,
13678,Up To The Challenge,PrimitiveCandidate,1,Primitive,
13679,The Aspirant's Challenge,PrimitiveCandidate,1,Primitive,
13680,The Aspirant's Challenge,PrimitiveCandidate,1,Primitive,
13684,A Valiant Of Stormwind,PrimitiveCandidate,1,Primitive,
13685,A Valiant Of Ironforge,PrimitiveCandidate,1,Primitive,
13688,A Valiant Of Gnomeregan,PrimitiveCandidate,1,Primitive,
13689,A Valiant Of Darnassus,PrimitiveCandidate,1,Primitive,
13690,A Valiant Of The Exodar,PrimitiveCandidate,1,Primitive,
13691,A Valiant Of Orgrimmar,PrimitiveCandidate,1,Primitive,
13693,A Valiant Of Sen'jin,PrimitiveCandidate,1,Primitive,
13694,A Valiant Of Thunder Bluff,PrimitiveCandidate,1,Primitive,
13695,A Valiant Of Undercity,PrimitiveCandidate,1,Primitive,
13696,A Valiant Of Silvermoon,PrimitiveCandidate,1,Primitive,
13697,The Valiant's Charge,PrimitiveCandidate,1,Primitive,
13699,The Valiant's Challenge,PrimitiveCandidate,1,Primitive,
13702,A Champion Rises,PrimitiveCandidate,1,Primitive,
13703,Valiant Of Ironforge,PrimitiveCandidate,1,Primitive,
13704,Valiant Of Gnomeregan,PrimitiveCandidate,1,Primitive,
13705,Valiant Of The Exodar,PrimitiveCandidate,1,Primitive,
13706,Valiant Of Darnassus,PrimitiveCandidate,1,Primitive,
13707,Valiant Of Orgrimmar,PrimitiveCandidate,1,Primitive,
13708,Valiant Of Sen'jin,PrimitiveCandidate,1,Primitive,
13709,Valiant Of Thunder Bluff,PrimitiveCandidate,1,Primitive,
13710,Valiant Of Undercity,PrimitiveCandidate,1,Primitive,
13711,Valiant Of Silvermoon,PrimitiveCandidate,1,Primitive,
13713,The Valiant's Challenge,PrimitiveCandidate,1,Primitive,
13714,The Valiant's Charge,PrimitiveCandidate,1,Primitive,
13715,The Valiant's Charge,PrimitiveCandidate,1,Primitive,
13716,The Valiant's Charge,PrimitiveCandidate,1,Primitive,
13717,The Valiant's Charge,PrimitiveCandidate,1,Primitive,
13718,The Valiant's Charge,PrimitiveCandidate,1,Primitive,
13719,The Valiant's Charge,PrimitiveCandidate,1,Primitive,
13720,The Valiant's Charge,PrimitiveCandidate,1,Primitive,
13721,The Valiant's Charge,PrimitiveCandidate,1,Primitive,
13722,The Valiant's Charge,PrimitiveCandidate,1,Primitive,
13723,The Valiant's Challenge,PrimitiveCandidate,1,Primitive,
13724,The Valiant's Challenge,PrimitiveCandidate,1,Primitive,
13725,The Valiant's Challenge,PrimitiveCandidate,1,Primitive,
13726,The Valiant's Challenge,PrimitiveCandidate,1,Primitive,
13727,The Valiant's Challenge,PrimitiveCandidate,1,Primitive,
13728,The Valiant's Challenge,PrimitiveCandidate,1,Primitive,
13729,The Valiant's Challenge,PrimitiveCandidate,1,Primitive,
13731,The Valiant's Challenge,PrimitiveCandidate,1,Primitive,
13732,A Champion Rises,PrimitiveCandidate,1,Primitive,
13733,A Champion Rises,PrimitiveCandidate,1,Primitive,
13734,A Champion Rises,PrimitiveCandidate,1,Primitive,
13735,A Champion Rises,PrimitiveCandidate,1,Primitive,
13736,A Champion Rises,PrimitiveCandidate,1,Primitive,
13737,A Champion Rises,PrimitiveCandidate,1,Primitive,
13738,A Champion Rises,PrimitiveCandidate,1,Primitive,
13739,A Champion Rises,PrimitiveCandidate,1,Primitive,
13740,A Champion Rises,PrimitiveCandidate,1,Primitive,
13828,Mastery Of Melee,HandlerOrSourceRequired,2,Primitive; Unsupported,service-or-gossip-credit-target
13829,Mastery Of Melee,HandlerOrSourceRequired,2,Primitive; Unsupported,service-or-gossip-credit-target
13835,Mastery Of The Shield-Breaker,HandlerOrSourceRequired,2,Primitive; Unsupported,service-or-gossip-credit-target
13837,Mastery Of The Charge,HandlerOrSourceRequired,2,Primitive; Unsupported,service-or-gossip-credit-target
13838,Mastery Of The Shield-Breaker,HandlerOrSourceRequired,2,Primitive; Unsupported,service-or-gossip-credit-target
13839,Mastery Of The Charge,HandlerOrSourceRequired,2,Primitive; Unsupported,service-or-gossip-credit-target
13850,Toxic Tolerance,PrimitiveCandidate,1,Primitive,
13887,Venomhide Eggs,PrimitiveCandidate,1,Primitive,
13906,They Grow Up So Fast,PrimitiveCandidate,2,Primitive,
13908,Gearing Up To Ride,HandlerOrSourceRequired,2,Primitive; Unsupported,special-gameobject-mechanism
13986,An Injured Colleague,PrimitiveCandidate,1,Primitive,
13997,If You're Reading This While I'm In Combat...,PrimitiveCandidate,1,Primitive,
14017,The Black Knight's Fate,PrimitiveCandidate,1,Primitive,
14032,Kobold Camp Cleanup,PrimitiveCandidate,2,Primitive,
14106,Na Kada's Quest Test,PrimitiveCandidate,5,Primitive,
14349,The Call to Command,PrimitiveCandidate,1,Primitive,
14351,Battle of Hillsbrad,PrimitiveCandidate,1,Primitive,
14409,A Cautious Return,PrimitiveCandidate,1,Primitive,
14436,Dwarven Digging,HandlerOrSourceRequired,1,Unsupported,item-objective-does-not-match-primary-template
14438,Sharing the Land,PrimitiveCandidate,3,Primitive,
14440,Rites of the Earthmother,PrimitiveCandidate,1,Primitive,
14444,What The Dragons Know,HandlerOrSourceRequired,1,Unsupported,non-death-credit-trigger
14457,The Sunreaver Plan,PrimitiveCandidate,1,Primitive,
20438,A Suitable Disguise,PrimitiveCandidate,1,Primitive,
20439,A Meeting With The Magister,PrimitiveCandidate,1,Primitive,
24451,An Audience With The Arcanist,PrimitiveCandidate,1,Primitive,
24454,Return To Caladis Brightspear,PrimitiveCandidate,1,Primitive,
24522,Journey To The Sunwell,PrimitiveCandidate,1,Primitive,
24535,Thalorien Dawnseeker,PrimitiveCandidate,1,Primitive,
24555,What The Dragons Know,HandlerOrSourceRequired,1,Unsupported,non-death-credit-trigger
24556,A Suitable Disguise,PrimitiveCandidate,1,Primitive,
24557,The Silver Covenant's Scheme,PrimitiveCandidate,1,Primitive,
24558,Return To Myralion Sunblaze,PrimitiveCandidate,1,Primitive,
24562,Journey To The Sunwell,PrimitiveCandidate,1,Primitive,
24563,Thalorien Dawnseeker,PrimitiveCandidate,1,Primitive,
24815,Choose Your Path,PrimitiveCandidate,1,Primitive,
24823,Path of Destruction,PrimitiveCandidate,1,Primitive,
24825,Path of Wisdom,PrimitiveCandidate,1,Primitive,
24826,Path of Vengeance,PrimitiveCandidate,1,Primitive,
24827,Path of Courage,PrimitiveCandidate,1,Primitive,
24828,Path of Destruction,PrimitiveCandidate,1,Primitive,
24829,Path of Destruction,PrimitiveCandidate,1,Primitive,
24830,Path of Wisdom,PrimitiveCandidate,1,Primitive,
24831,Path of Wisdom,PrimitiveCandidate,1,Primitive,
24832,Path of Vengeance,PrimitiveCandidate,1,Primitive,
24833,Path of Vengeance,PrimitiveCandidate,1,Primitive,
24834,Path of Courage,PrimitiveCandidate,1,Primitive,
24835,Path of Courage,PrimitiveCandidate,1,Primitive,
24857,Attack on Camp Narache,PrimitiveCandidate,1,Primitive,
25239,Path of Might,PrimitiveCandidate,1,Primitive,
25240,Path of Might,PrimitiveCandidate,1,Primitive,
25242,Path of Might,PrimitiveCandidate,1,Primitive,
25286,Words for Delivery,PrimitiveCandidate,1,Primitive,
25393,Operation: Gnomeregan,PrimitiveCandidate,1,Primitive,
25445,Zalazane's Fall,PrimitiveCandidate,1,Primitive,
