[08:16:29.415] [N] CopilotBuddy v1.6.6 started. Original HonorBuddy by Apoc, raphus, highvoltz, bobby53, xanathos, chinajade. Ported to WotLK 3.3.5a by Likon69.
[08:16:29.835] [N] Searching for WoW process...
[08:16:30.019] [N] Please wait a few seconds while CopilotBuddy initializes.
[08:16:30.020] [D] Using WoW with process ID 42120
[08:16:30.020] [D] Platform: x86
[08:16:30.020] [D] Executable Path: D:\World of Warcraft 3.3.5a\CB\
[08:16:30.049] [D] [ObjectManager] WoW build 12340 detected - OK
[08:16:30.052] [D] [ObjectManager] D3DDevicePtr = 0x00C5DF88
[08:16:30.052] [D] [ObjectManager] devicePtrAddr = 0x0530CBD0
[08:16:30.052] [D] [ObjectManager] device = 0x0A4F4D40 (at 0x0531054C)
[08:16:30.052] [D] [ObjectManager] vtablePtr = 0x0A4F7C9C
[08:16:30.052] [D] [ObjectManager] endSceneAddr = 0x643348F0 (at 0x0A4F7D44)
[08:16:30.052] [D] [ObjectManager] D3D: Device=0x0A4F4D40, VTable=0x0A4F7C9C, EndScene=0x643348F0
[08:16:30.052] [D] [ObjectManager] Creating ExecutorRand...
[08:16:30.110] [D] [ObjectManager] ExecutorRand created, IsInitialized = True
[08:16:30.110] [D] [ObjectManager] EndScene hook succeeded
[08:16:30.116] [D] [ObjectManager] Initialized successfully
[08:16:30.118] [N] Attached to WoW with ID 42120
[08:16:30.122] [N] Character is a level 28 BloodElf Paladin
[08:16:30.123] [N] Current zone is Thousand Needles
[08:16:30.177] [D] [Settings] Loaded settings for character: Jeof
[08:16:30.177] [N] Initializing Combat Routines...
[08:16:30.184] [D] Looking for routines in: D:\World of Warcraft 3.3.5a\CB\Routines
[08:16:30.185] [D] Compiling Singular wotlk
[08:16:33.760] [N] Loaded routine: Singular Wotlk for class Paladin
[08:16:33.760] [N] Loaded 1 combat routine(s)
[08:16:33.778] [N] Chose Singular Wotlk as your combat class.
[08:16:33.778] [N] Confirmed Paladin as your class.
[08:16:33.778] [N] [Singular] Starting Singular v2.0.0.0
[08:16:33.778] [N] [Singular] Determining talent spec.
[08:16:36.199] [D] [Singular-DEBUG] [Talents] Best Tree: 18
[08:16:36.199] [N] [Singular] Current spec is  Retribution Paladin
[08:16:36.209] [D] [WoWDb] Loaded 237 DBC tables
[08:16:36.210] [D] [WoWDb]   Key=235 (0x000000EB) Rows=1893
[08:16:36.210] [D] [WoWDb]   Key=236 (0x000000EC) Rows=7655
[08:16:36.210] [D] [WoWDb]   Key=237 (0x000000ED) Rows=86
[08:16:36.210] [D] [WoWDb]   Key=238 (0x000000EE) Rows=506
[08:16:36.210] [D] [WoWDb]   Key=239 (0x000000EF) Rows=291
[08:16:36.210] [D] [WoWDb] Lock DBC lookup: FOUND (rows=388)
[08:16:36.210] [D] [WoWDb] ClientDb.Lock enum value = 356 (0x00000164)
[08:16:36.211] [D] [Singular-DEBUG] Creating Combat behavior.
[08:16:36.212] [N] [Singular] Building method list
[08:16:36.213] [N] [Singular] Added 459 methods
[08:16:36.215] [D] [Singular-DEBUG] CreateRetributionPaladinNormalPullAndCombat is a match!
[08:16:36.215] [N] [Singular]  Using CreateRetributionPaladinNormalPullAndCombat for Retribution Paladin - Combat (Priority: 0)
[08:16:36.227] [D] [Singular-DEBUG] Creating Pull behavior.
[08:16:36.228] [D] [Singular-DEBUG] CreateRetributionPaladinNormalPullAndCombat is a match!
[08:16:36.228] [N] [Singular]  Using CreateRetributionPaladinNormalPullAndCombat for Retribution Paladin - Pull (Priority: 0)
[08:16:36.229] [D] [Singular-DEBUG] Creating Rest behavior.
[08:16:36.230] [D] [Singular-DEBUG] CreateRetributionPaladinRest is a match!
[08:16:36.230] [N] [Singular]  Using CreateRetributionPaladinRest for Retribution Paladin - Rest (Priority: 0)
[08:16:36.232] [D] [Singular-DEBUG] Creating CombatBuffs behavior.
[08:16:36.233] [D] [Singular-DEBUG] Creating Heal behavior.
[08:16:36.234] [D] [Singular-DEBUG] CreateRetributionPaladinHeal is a match!
[08:16:36.234] [N] [Singular]  Using CreateRetributionPaladinHeal for Retribution Paladin - Heal (Priority: 0)
[08:16:36.234] [D] [Singular-DEBUG] CreateRetributionPaladinNormalPullAndCombat is a match!
[08:16:36.234] [N] [Singular]  Using CreateRetributionPaladinNormalPullAndCombat for Retribution Paladin - Heal (Priority: 0)
[08:16:36.235] [D] [Singular-DEBUG] Creating PullBuffs behavior.
[08:16:36.236] [D] [Singular-DEBUG] Creating PreCombatBuffs behavior.
[08:16:36.237] [D] [Singular-DEBUG] CreatePaladinPreCombatBuffs is a match!
[08:16:36.237] [N] [Singular]  Using CreatePaladinPreCombatBuffs for Retribution Paladin - PreCombatBuffs (Priority: 0)
[08:16:36.240] [N] [Singular] Behaviors created!
[08:16:36.266] [D] [Singular-DEBUG] Attached combat log
[08:16:36.267] [D] Routine initialized successfully
[08:16:36.268] [D] Loading built-in bots from assembly: CopilotBuddy
[08:16:36.291] [D] Found bot type: PartyBot.DiscoBot
[08:16:36.291] [N] New bot added: Party Bot
[08:16:36.291] [D] Loaded built-in bot: Party Bot
[08:16:36.291] [D] Found bot type: Bots.Quest.QuestBot
[08:16:36.291] [N] New bot added: Questing
[08:16:36.291] [D] Loaded built-in bot: Questing
[08:16:36.291] [D] Found bot type: Bots.Grind.LevelBot
[08:16:36.291] [N] New bot added: Grind
[08:16:36.291] [D] Loaded built-in bot: Grind
[08:16:36.291] [D] Found bot type: Bots.Gatherbuddy.GatherbuddyBot
[08:16:36.291] [N] New bot added: GatherBuddy
[08:16:36.291] [D] Loaded built-in bot: GatherBuddy
[08:16:36.291] [D] Found bot type: Bots.DungeonBuddy.DungeonBuddy
[08:16:36.292] [N] New bot added: DungeonBuddy
[08:16:36.292] [D] Loaded built-in bot: DungeonBuddy
[08:16:36.292] [D] Found bot type: Bots.BGBuddy.BGBuddy
[08:16:36.293] [N] New bot added: BGBuddy
[08:16:36.293] [D] Loaded built-in bot: BGBuddy
[08:16:36.293] [D] Built-in bot loading complete. 6 bots loaded.
[08:16:36.296] [N] Loading bots from: D:\World of Warcraft 3.3.5a\CB\Bots
[08:16:36.304] [N] Found 123 source files
[08:16:36.311] [N] Found 0 dll files
[08:16:36.311] [N] Compiling: CombatBot.cs
[08:16:36.505] [N] Compiled successfully: CombatBot.cs
[08:16:36.505] [N] Compiling directory: Auto Angler 2/ (23 files)
[08:16:36.972] [N] Compiled successfully: Auto Angler 2/
[08:16:36.972] [N] Compiling directory: LazyRaider/ (4 files)
[08:16:37.228] [N] Compiled successfully: LazyRaider/
[08:16:37.228] [N] Compiling directory: ProfessionBuddy/ (52 files)
[08:16:38.429] [N] Compiled successfully: ProfessionBuddy/
[08:16:38.429] [N] Compiling directory: Templar/ (27 files)
[08:16:38.999] [N] Compiled successfully: Templar/
[08:16:38.999] [N] Compiling directory: Tyrael/ (5 files)
[08:16:39.206] [N] Compiled successfully: Tyrael/
[08:16:39.206] [N] Compiling directory: WholesomeAutoQuest-master/ (11 files)
[08:16:39.746] [N] Compiled successfully: WholesomeAutoQuest-master/
[08:16:39.746] [N] ClassCollection contains 7 compiled bots
[08:16:39.747] [N] Adding bot: Combat Bot
[08:16:39.747] [N] New bot added: Combat Bot
[08:16:39.747] [N] Adding bot: AutoAngler
[08:16:39.747] [N] New bot added: AutoAngler
[08:16:39.747] [N] Adding bot: LazyRaider
[08:16:39.747] [N] New bot added: LazyRaider
[08:16:39.747] [N] Adding bot: ProfessionBuddy
[08:16:39.747] [N] New bot added: ProfessionBuddy
[08:16:39.747] [N] Adding bot: Templar
[08:16:39.747] [N] New bot added: Templar
[08:16:39.747] [N] Adding bot: Tyrael
[08:16:39.747] [N] New bot added: Tyrael
[08:16:39.747] [N] Adding bot: Wholesome Auto Quest
[08:16:39.747] [N] New bot added: Wholesome Auto Quest
[08:16:39.747] [N] Bot loading complete. 13 bots loaded.
[08:16:39.747] [N] Initializing Plugins...
[08:16:40.531] [D] [WeightSet] Selected weight set: Paladin-Holy
[08:16:41.968] [N] [DeathStallRecovery] Enabled. The bot will stop if corpse recovery makes no movement progress for 60 seconds.
[08:16:43.303] [D] Rarekiller: Loading config file: D:\World of Warcraft 3.3.5a\CB\Plugins\RareKiller\config\Rarekiller.config
[08:16:43.303] [D] Root element is missing.
[08:16:43.303] [N] Rarekiller: Continuing with Default Config Values
[08:16:43.304] [D] Rarekiller: Loading config file: D:\World of Warcraft 3.3.5a\CB\Plugins\RareKiller\config\Rarekiller.config
[08:16:43.304] [D] Root element is missing.
[08:16:43.304] [N] Rarekiller: Continuing with Default Config Values
[08:16:43.304] [N] Rare Mob Killer - Version 3.3 Loaded.
[08:16:43.304] [N] Rarekiller Part Tamer: I'm no Hunter. Deactivate the Tamer Part
[08:16:44.170] [N] [VendorRecovery] Enabled. Failed Sell/Repair vendors will be skipped after 35 seconds at the NPC.
[08:16:44.390] [N] Plugin loading complete. 16 plugins loaded.
[08:16:44.390] [N] Plugins refreshed successfully.
[08:16:44.393] [N] Changing current bot to: Combat Bot
[08:17:01.271] [N] Plugin settings saved.
[08:17:33.298] [N] [Combat Bot] has no configuration window.
[09:10:15.296] [D] [Settings] Saved all settings
[09:10:15.296] [N] Starting the bot.
[09:10:15.297] [N] Currently Using BotBase : Combat Bot
[09:10:15.298] [N] Character is a level 299394147 99 100
[09:10:15.299] [N] Current zone is Gnomeregan
[09:10:15.300] [D] Loading profile from D:\World of Warcraft 3.3.5a\CB\Bots\WholesomeAutoQuest\WHOLESOME_AUTOQUESTER.xml
[09:10:15.372] [D] [CompileBatch] Compiling 1 entries...
[09:10:15.515] [D] [CompileBatch] Compiled successfully.
[09:10:15.518] [N] Profile loaded: WholesomeAQ - Thousand Needles
[09:10:15.519] [D] Selected sub-profile: WholesomeAQ - Thousand Needles (L1-80)
[09:10:15.548] [N] [SpellDb] Loaded 49816 spells from Spells.bin
[09:10:15.588] [D] Setting CVars: autoSelfCast=1, autoLootDefault=1
[09:10:15.658] [D] Cleared POI
[09:10:15.666] [D] Refresh() called. LastCount=0, CurrentCount=34
[09:10:15.666] [N] Building spell book
[09:10:15.667] [D] Found 34 spells from LocalPlayer.KnownSpells
[09:10:15.667] [N] Adding Arcane Affinity
[09:10:15.668] [N] Adding Arcane Torrent
[09:10:15.669] [N] Adding Auto Attack
[09:10:15.669] [N] Adding Block
[09:10:15.670] [N] Adding Dodge
[09:10:15.670] [N] Adding Magic Resistance
[09:10:15.671] [N] Adding Parry
[09:10:15.671] [N] Adding Blessing of Wisdom
[09:10:15.672] [N] Adding Concentration Aura
[09:10:15.672] [N] Adding Consecration
[09:10:15.673] [N] Adding Exorcism
[09:10:15.673] [N] Adding Flash of Light
[09:10:15.674] [N] Adding Holy Light
[09:10:15.675] [N] Adding Lay on Hands
[09:10:15.675] [N] Adding Purify
[09:10:15.676] [N] Adding Seal of Righteousness
[09:10:15.676] [N] Adding Sense Undead
[09:10:15.677] [N] Adding Turn Evil
[09:10:15.677] [N] Adding Blessing of Kings
[09:10:15.678] [N] Adding Devotion Aura
[09:10:15.678] [N] Adding Divine Protection
[09:10:15.679] [N] Adding Hammer of Justice
[09:10:15.679] [N] Adding Hand of Freedom
[09:10:15.680] [N] Adding Hand of Protection
[09:10:15.681] [N] Adding Hand of Reckoning
[09:10:15.681] [N] Adding Hand of Salvation
[09:10:15.682] [N] Adding Righteous Defense
[09:10:15.682] [N] Adding Righteous Fury
[09:10:15.683] [N] Adding Seal of Justice
[09:10:15.683] [N] Adding Blessing of Might
[09:10:15.684] [N] Adding Judgement of Light
[09:10:15.684] [N] Adding Judgement of Wisdom
[09:10:15.685] [N] Adding Retribution Aura
[09:10:15.686] [N] Adding Seal of Command
[09:10:15.686] [N] Spell book built
[09:10:15.687] [D] [SpellManager] Initialize — subscribed to BotEvents.OnBotStart
[09:10:16.583] [D] [Pulse] Slow plugin: name=AutoEquip2 elapsed=626ms
[09:10:16.719] [D] [Talented] SelectMajorTalentTree called but not needed in WotLK 3.3.5a
[09:10:16.742] [D] [Pulse] Slow plugin: name=Talented elapsed=157ms
[09:10:16.762] [D] [Pulse] Slow shared pulse: total=991ms movement=0 objects=1 lua=16 info=0 loot=14 targeting=145 events=4 plugins=800 routine=6
[09:10:16.854] [N] [Singular] Casting Blessing of Kings on Paladin
[09:10:16.855] [D] Spell_C::CastSpell(20217, 0, 0x6000000007ECC60, 0)
[09:10:18.705] [N] [Singular] Currect target is invalid. Switching to Irradiated Horror!
[09:10:18.721] [D] [Pulse] Slow bot root: 1326ms bot=Combat Bot poi=None combat=True
[09:10:19.045] [D] [Singular-DEBUG] Switched targets!
[09:10:19.045] [D] [Singular-DEBUG] Melee Distance: 5
[09:10:19.045] [D] [Singular-DEBUG] Health: 49.150326797385624
[09:10:19.045] [D] [Singular-DEBUG] Level: 28
[09:10:20.626] [N] Loaded 0 global blackspots
[09:10:20.628] [D] [Blackspot] Area cost initialized: area 17 = 60x
[09:10:20.633] [D] [Nav] Loaded 6 mesh tiles for one path query
[09:10:20.654] [D] [Pulse] Slow bot root: 1535ms bot=Combat Bot poi=None combat=True
[09:10:21.819] [N] [Singular] Casting Exorcism on Irradiated Horror
[09:10:21.819] [D] Spell_C::CastSpell(879, 0, 0xF13000184C0000D8, 0)
[09:10:21.827] [D] [Pulse] Slow bot root: 1101ms bot=Combat Bot poi=None combat=True
[09:10:23.402] [D] [Pulse] Slow bot root: 1491ms bot=Combat Bot poi=None combat=True
[09:10:24.915] [D] [Pulse] Slow bot root: 1451ms bot=Combat Bot poi=None combat=True
[09:10:27.716] [D] [Pulse] Slow bot root: 2736ms bot=Combat Bot poi=None combat=False
[09:10:28.070] [D] [Pulse] Slow plugin: name=AutoEquip2 elapsed=273ms
[09:10:28.152] [D] [Pulse] Slow plugin: name=Tidy Bags 3 Reloaded elapsed=80ms
[09:10:28.152] [D] [Pulse] Slow shared pulse: total=435ms movement=0 objects=0 lua=2 info=0 loot=3 targeting=73 events=0 plugins=355 routine=0
[09:10:28.315] [N] [Singular] Casting Blessing of Kings on Paladin
[09:10:28.315] [D] Spell_C::CastSpell(20217, 0, 0x6000000007F2754, 0)
[09:10:28.351] [D] [Pulse] Slow bot root: 198ms bot=Combat Bot poi=None combat=False
[09:10:29.930] [N] [Singular] Casting Blessing of Might on Myself
[09:10:29.930] [D] Spell_C::CastSpell(19835, 0, 0x6000000007EAB80, 0)
[09:10:31.487] [N] [Singular] Casting Blessing of Kings on Druid
[09:10:31.487] [D] Spell_C::CastSpell(20217, 0, 0x6000000007EC9C8, 0)
[09:10:33.072] [N] [Singular] Casting Seal of Righteousness on Myself
[09:10:33.073] [D] Spell_C::CastSpell(21084, 0, 0x6000000007EAB80, 0)
[09:10:34.718] [N] [Singular] Casting Blessing of Kings on Druid
[09:10:34.718] [D] Spell_C::CastSpell(20217, 0, 0x6000000007EC9CB, 0)
[09:10:37.621] [D] [Singular-DEBUG] Switched targets!
[09:10:37.622] [D] [Singular-DEBUG] Melee Distance: 5
[09:10:37.622] [D] [Singular-DEBUG] Health: 59.67808501857202
[09:10:37.622] [D] [Singular-DEBUG] Level: 29
[09:10:48.045] [D] [Pulse] Slow plugin: name=AutoEquip2 elapsed=53ms
[09:10:52.606] [N] [Singular] Currect target is invalid. Switching to Mechanized Sentry!
[09:10:52.621] [D] [Pulse] Slow bot root: 1629ms bot=Combat Bot poi=None combat=False
[09:10:52.932] [D] [Singular-DEBUG] Switched targets!
[09:10:52.932] [D] [Singular-DEBUG] Melee Distance: 5.3333335
[09:10:52.932] [D] [Singular-DEBUG] Health: 94.19087136929461
[09:10:52.932] [D] [Singular-DEBUG] Level: 28
[09:10:54.211] [D] [Pulse] Slow bot root: 108ms bot=Combat Bot poi=None combat=False
[09:10:56.229] [N] [Singular] Casting Judgement of Light on Mechanized Sentry
[09:10:56.229] [D] Spell_C::CastSpell(20271, 0, 0xF1300018590000EE, 0)
[09:10:56.236] [D] [Pulse] Slow bot root: 1189ms bot=Combat Bot poi=None combat=True
[09:10:57.927] [N] [Singular] Casting Consecration on Mechanized Sentry
[09:10:57.927] [D] Spell_C::CastSpell(26573, 0, 0xF1300018590000EE, 0)
[09:10:57.933] [D] [Pulse] Slow bot root: 1628ms bot=Combat Bot poi=None combat=True
[09:10:57.936] [D] [Singular-DEBUG] Mechanized Sentry is immune to Physical spell school
[09:10:59.664] [D] [Pulse] Slow bot root: 1662ms bot=Combat Bot poi=None combat=True
[09:11:00.969] [N] [Singular] Casting Exorcism on Mechanized Sentry
[09:11:00.970] [D] Spell_C::CastSpell(879, 0, 0xF1300018590000EE, 0)
[09:11:01.003] [D] [Pulse] Slow bot root: 1247ms bot=Combat Bot poi=None combat=True
[09:11:01.125] [D] [Pulse] Slow plugin: name=Tidy Bags 3 Reloaded elapsed=37ms
[09:11:02.796] [D] [Pulse] Slow bot root: 1670ms bot=Combat Bot poi=None combat=True
[09:11:02.798] [D] [Singular-DEBUG] Mechanized Sentry is immune to Physical spell school
[09:11:04.606] [D] [Pulse] Slow bot root: 1689ms bot=Combat Bot poi=None combat=True
[09:11:05.986] [N] [Singular] Casting Judgement of Light on Mechanized Sentry
[09:11:05.986] [D] Spell_C::CastSpell(20271, 0, 0xF1300018590000EE, 0)
[09:11:06.019] [D] [Pulse] Slow bot root: 1306ms bot=Combat Bot poi=None combat=True
[09:11:08.032] [N] [Singular] Casting Consecration on Mechanized Sentry
[09:11:08.032] [D] Spell_C::CastSpell(26573, 0, 0xF1300018590000EE, 0)
[09:11:08.038] [D] [Pulse] Slow bot root: 1858ms bot=Combat Bot poi=None combat=True
[09:11:08.041] [D] [Singular-DEBUG] Mechanized Sentry is immune to Physical spell school
[09:11:10.410] [D] [Pulse] Slow bot root: 2297ms bot=Combat Bot poi=None combat=True
[09:11:12.750] [D] [Pulse] Slow bot root: 2218ms bot=Combat Bot poi=None combat=True
[09:11:12.892] [D] [Pulse] Slow plugin: name=Tidy Bags 3 Reloaded elapsed=42ms
[09:11:14.441] [N] [Singular] Casting Judgement of Light on Mechanized Sentry
[09:11:14.441] [D] Spell_C::CastSpell(20271, 0, 0xF1300018590000EE, 0)
[09:11:14.449] [D] [Pulse] Slow bot root: 1556ms bot=Combat Bot poi=None combat=True
[09:11:14.453] [D] [Singular-DEBUG] Mechanized Sentry is immune to Physical spell school
[09:11:16.618] [N] [Singular] Casting Consecration on Mechanized Sentry
[09:11:16.619] [D] Spell_C::CastSpell(26573, 0, 0xF1300018590000ED, 0)
[09:11:16.652] [D] [Pulse] Slow bot root: 2127ms bot=Combat Bot poi=None combat=True
[09:11:16.655] [D] [Singular-DEBUG] Mechanized Sentry is immune to Physical spell school
[09:11:16.772] [D] [Singular-DEBUG] Switched targets!
[09:11:16.772] [D] [Singular-DEBUG] Melee Distance: 5.3333335
[09:11:16.773] [D] [Singular-DEBUG] Health: 22.436434758312377
[09:11:16.773] [D] [Singular-DEBUG] Level: 29
[09:11:18.272] [N] [Singular] Casting Exorcism on Mechanized Sentry
[09:11:18.272] [D] Spell_C::CastSpell(879, 0, 0xF1300018590000ED, 0)
[09:11:18.305] [D] [Pulse] Slow bot root: 1531ms bot=Combat Bot poi=None combat=True
[09:11:20.625] [D] [Pulse] Slow bot root: 2131ms bot=Combat Bot poi=None combat=True
[09:11:20.629] [D] [Singular-DEBUG] Mechanized Sentry is immune to Physical spell school
[09:11:22.796] [D] [Pulse] Slow bot root: 2046ms bot=Combat Bot poi=None combat=True
[09:11:22.909] [D] [Pulse] Slow plugin: name=Tidy Bags 3 Reloaded elapsed=37ms
[09:11:24.577] [N] [Singular] Currect target is invalid. Switching to Mechanized Sentry!
[09:11:24.589] [D] [Pulse] Slow bot root: 1679ms bot=Combat Bot poi=None combat=True
[09:11:24.961] [D] [Singular-DEBUG] Switched targets!
[09:11:24.961] [D] [Singular-DEBUG] Melee Distance: 5.3333335
[09:11:24.961] [D] [Singular-DEBUG] Health: 67.56077116512992
[09:11:24.961] [D] [Singular-DEBUG] Level: 29
[09:11:26.460] [N] [Singular] Casting Judgement of Light on Mechanized Sentry
[09:11:26.460] [D] Spell_C::CastSpell(20271, 0, 0xF1300018590000F2, 0)
[09:11:26.467] [D] [Pulse] Slow bot root: 1393ms bot=Combat Bot poi=None combat=True
[09:11:26.469] [D] [Singular-DEBUG] Mechanized Sentry is immune to Physical spell school
[09:11:28.342] [D] [Pulse] Slow bot root: 1813ms bot=Combat Bot poi=None combat=True
[09:11:30.133] [D] [Pulse] Slow bot root: 1722ms bot=Combat Bot poi=None combat=True
[09:11:31.916] [D] [Pulse] Slow bot root: 1723ms bot=Combat Bot poi=None combat=True
[09:11:31.918] [D] [Singular-DEBUG] Mechanized Sentry is immune to Physical spell school
[09:11:31.920] [D] [Singular-DEBUG] Mechanized Sentry is immune to Physical spell school
[09:11:33.663] [D] [Pulse] Slow bot root: 1681ms bot=Combat Bot poi=None combat=True
[09:11:33.751] [D] [Pulse] Slow plugin: name=Tidy Bags 3 Reloaded elapsed=36ms
[09:11:35.015] [N] [Singular] Casting Judgement of Light on Mechanized Sentry
[09:11:35.015] [D] Spell_C::CastSpell(20271, 0, 0xF1300018590000F2, 0)
[09:11:35.049] [D] [Pulse] Slow bot root: 1297ms bot=Combat Bot poi=None combat=True
[09:11:36.904] [D] [Pulse] Slow bot root: 1742ms bot=Combat Bot poi=None combat=True
[09:11:38.281] [N] [Singular] Casting Exorcism on Mechanized Sentry
[09:11:38.282] [D] Spell_C::CastSpell(879, 0, 0xF1300018590000F2, 0)
[09:11:38.315] [D] [Pulse] Slow bot root: 1265ms bot=Combat Bot poi=None combat=True
[09:11:40.098] [D] [Pulse] Slow bot root: 1669ms bot=Combat Bot poi=None combat=True
[09:11:40.256] [N] [Singular] Currect target is invalid. Switching to Mechanized Sentry!
[09:11:40.610] [D] [Singular-DEBUG] Switched targets!
[09:11:40.610] [D] [Singular-DEBUG] Melee Distance: 5.3333335
[09:11:40.610] [D] [Singular-DEBUG] Health: 49.371332774518024
[09:11:40.610] [D] [Singular-DEBUG] Level: 29
[09:11:42.380] [D] [Pulse] Slow bot root: 1660ms bot=Combat Bot poi=None combat=True
[09:11:43.600] [N] [Singular] Casting Judgement of Light on Mechanized Sentry
[09:11:43.600] [D] Spell_C::CastSpell(20271, 0, 0xF1300018590000F0, 0)
[09:11:43.605] [D] [Pulse] Slow bot root: 1160ms bot=Combat Bot poi=None combat=True
[09:11:45.214] [D] [Pulse] Slow bot root: 1554ms bot=Combat Bot poi=None combat=True
[09:11:46.848] [D] [Pulse] Slow bot root: 1572ms bot=Combat Bot poi=None combat=True
[09:11:48.454] [D] [Pulse] Slow bot root: 1546ms bot=Combat Bot poi=None combat=True
[09:11:50.095] [D] [Pulse] Slow bot root: 1570ms bot=Combat Bot poi=None combat=True
[09:11:51.740] [D] [Pulse] Slow bot root: 1582ms bot=Combat Bot poi=None combat=True
[09:11:51.804] [N] [Singular] Currect target is invalid. Switching to Leprous Defender!
[09:11:52.154] [D] [Singular-DEBUG] Switched targets!
[09:11:52.154] [D] [Singular-DEBUG] Melee Distance: 5
[09:11:52.154] [D] [Singular-DEBUG] Health: 87.91111111111111
[09:11:52.154] [D] [Singular-DEBUG] Level: 26
[09:11:53.841] [D] [Pulse] Slow bot root: 1595ms bot=Combat Bot poi=None combat=True
[09:11:55.486] [D] [Pulse] Slow bot root: 1582ms bot=Combat Bot poi=None combat=True
[09:11:56.651] [N] [Singular] Casting Judgement of Light on Leprous Defender
[09:11:56.651] [D] Spell_C::CastSpell(20271, 0, 0xF13000184F0000E4, 0)
[09:11:56.658] [D] [Pulse] Slow bot root: 1116ms bot=Combat Bot poi=None combat=True
[09:11:58.275] [D] [Pulse] Slow bot root: 1561ms bot=Combat Bot poi=None combat=True
[09:11:59.452] [N] [Singular] Casting Exorcism on Leprous Defender
[09:11:59.452] [D] Spell_C::CastSpell(879, 0, 0xF13000184F0000E4, 0)
[09:11:59.459] [D] [Pulse] Slow bot root: 1106ms bot=Combat Bot poi=None combat=True
[09:12:01.204] [D] [Pulse] Slow bot root: 1525ms bot=Combat Bot poi=None combat=True
[09:12:02.788] [D] [Pulse] Slow bot root: 1526ms bot=Combat Bot poi=None combat=True
[09:12:03.950] [N] [Singular] Casting Exorcism on Leprous Defender
[09:12:03.950] [D] Spell_C::CastSpell(879, 0, 0xF13000184F0000E4, 0)
[09:12:03.960] [D] [Pulse] Slow bot root: 1110ms bot=Combat Bot poi=None combat=True
[09:12:05.542] [D] [Pulse] Slow bot root: 1527ms bot=Combat Bot poi=None combat=True
[09:12:06.918] [N] [Singular] Casting Judgement of Light on Leprous Defender
[09:12:06.918] [D] Spell_C::CastSpell(20271, 0, 0xF13000184F0000E4, 0)
[09:12:06.927] [D] [Pulse] Slow bot root: 1083ms bot=Combat Bot poi=None combat=True
[09:12:08.066] [N] [Singular] Casting Judgement of Light on Leprous Defender
[09:12:08.066] [D] Spell_C::CastSpell(20271, 0, 0xF13000184F0000E4, 0)
[09:12:08.073] [D] [Pulse] Slow bot root: 1099ms bot=Combat Bot poi=None combat=True
[09:12:09.226] [N] [Singular] Casting Judgement of Light on Leprous Defender
[09:12:09.226] [D] Spell_C::CastSpell(20271, 0, 0xF13000184F0000E4, 0)
[09:12:09.234] [D] [Pulse] Slow bot root: 1104ms bot=Combat Bot poi=None combat=False
[09:12:09.301] [N] [Singular] We have no food/drink. Waiting to recover our health/mana back
[09:12:12.452] [N] [Singular] We have no food/drink. Waiting to recover our health/mana back
[09:12:12.920] [D] [Pulse] Slow plugin: name=AutoEquip2 elapsed=75ms
[09:12:14.791] [D] [Singular-DEBUG] Switched targets!
[09:12:14.791] [D] [Singular-DEBUG] Melee Distance: 5
[09:12:14.791] [D] [Singular-DEBUG] Health: 0
[09:12:14.791] [D] [Singular-DEBUG] Level: 26
[09:12:15.556] [N] [Singular] We have no food/drink. Waiting to recover our health/mana back
[09:12:17.382] [D] [Singular-DEBUG] Switched targets!
[09:12:17.382] [D] [Singular-DEBUG] Melee Distance: 5.3333335
[09:12:17.382] [D] [Singular-DEBUG] Health: 0
[09:12:17.382] [D] [Singular-DEBUG] Level: 28
[09:12:18.691] [N] [Singular] We have no food/drink. Waiting to recover our health/mana back
[09:12:21.882] [N] [Singular] We have no food/drink. Waiting to recover our health/mana back
[09:12:22.947] [D] [Pulse] Slow plugin: name=AutoEquip2 elapsed=70ms
[09:12:25.058] [N] [Singular] We have no food/drink. Waiting to recover our health/mana back
[09:12:28.204] [N] [Singular] We have no food/drink. Waiting to recover our health/mana back
[09:12:31.292] [N] [Singular] We have no food/drink. Waiting to recover our health/mana back
[09:12:32.951] [D] [Pulse] Slow plugin: name=AutoEquip2 elapsed=72ms
[09:12:34.459] [N] [Singular] We have no food/drink. Waiting to recover our health/mana back
[09:12:35.172] [D] [Pulse] Slow plugin: name=Tidy Bags 3 Reloaded elapsed=36ms
[09:12:37.627] [N] [Singular] We have no food/drink. Waiting to recover our health/mana back
[09:12:40.893] [N] [Singular] We have no food/drink. Waiting to recover our health/mana back
[09:12:43.012] [D] [Pulse] Slow plugin: name=AutoEquip2 elapsed=74ms
[09:12:44.024] [N] [Singular] We have no food/drink. Waiting to recover our health/mana back
[09:12:47.150] [N] [Singular] We have no food/drink. Waiting to recover our health/mana back
[09:12:47.415] [D] [Singular-DEBUG] Switched targets!
[09:12:47.415] [D] [Singular-DEBUG] Melee Distance: 5.3333335
[09:12:47.415] [D] [Singular-DEBUG] Health: 82.9002514668902
[09:12:47.415] [D] [Singular-DEBUG] Level: 29
[09:12:48.967] [N] [Singular] Casting Judgement of Light on Mechanized Sentry
[09:12:48.967] [D] Spell_C::CastSpell(20271, 0, 0xF1300018590000F5, 0)
[09:12:48.973] [D] [Pulse] Slow bot root: 1104ms bot=Combat Bot poi=None combat=True
[09:12:50.575] [D] [Pulse] Slow bot root: 1534ms bot=Combat Bot poi=None combat=True
[09:12:51.717] [N] [Singular] Casting Exorcism on Mechanized Sentry
[09:12:51.717] [D] Spell_C::CastSpell(879, 0, 0xF1300018590000F5, 0)
[09:12:51.725] [D] [Pulse] Slow bot root: 1092ms bot=Combat Bot poi=None combat=True
[09:12:53.309] [D] [Pulse] Slow bot root: 1518ms bot=Combat Bot poi=None combat=True
[09:12:55.045] [D] [Pulse] Slow bot root: 1511ms bot=Combat Bot poi=None combat=True
[09:12:56.620] [D] [Pulse] Slow bot root: 1508ms bot=Combat Bot poi=None combat=True
[09:12:57.750] [N] [Singular] Casting Judgement of Light on Mechanized Sentry
[09:12:57.750] [D] Spell_C::CastSpell(20271, 0, 0xF1300018590000F5, 0)
[09:12:57.756] [D] [Pulse] Slow bot root: 1085ms bot=Combat Bot poi=None combat=True
[09:12:59.322] [D] [Pulse] Slow bot root: 1509ms bot=Combat Bot poi=None combat=True
[09:12:59.324] [D] [Singular-DEBUG] Mechanized Sentry is immune to Physical spell school
[09:13:00.892] [D] [Pulse] Slow bot root: 1514ms bot=Combat Bot poi=None combat=True
[09:13:00.894] [D] [Singular-DEBUG] Mechanized Sentry is immune to Physical spell school
[09:13:02.472] [D] [Pulse] Slow bot root: 1521ms bot=Combat Bot poi=None combat=True
[09:13:04.074] [N] [Singular] Currect target is invalid. Switching to Mechanized Sentry!
[09:13:04.088] [D] [Pulse] Slow bot root: 1551ms bot=Combat Bot poi=None combat=False
[09:13:04.214] [D] [Pulse] Slow plugin: name=AutoEquip2 elapsed=78ms
[09:13:04.465] [D] [Singular-DEBUG] Switched targets!
[09:13:04.465] [D] [Singular-DEBUG] Melee Distance: 5.3333335
[09:13:04.465] [D] [Singular-DEBUG] Health: 74.39241256668643
[09:13:04.465] [D] [Singular-DEBUG] Level: 28
[09:13:04.569] [N] [Singular] We have no food/drink. Waiting to recover our health/mana back
[09:13:06.829] [D] [Pulse] Slow plugin: name=Tidy Bags 3 Reloaded elapsed=56ms
[09:13:07.707] [N] [Singular] We have no food/drink. Waiting to recover our health/mana back
[09:13:07.932] [D] [Singular-DEBUG] Switched targets!
[09:13:07.932] [D] [Singular-DEBUG] Melee Distance: 3.5
[09:13:07.932] [D] [Singular-DEBUG] Health: 100
[09:13:07.932] [D] [Singular-DEBUG] Level: 28
[09:13:10.809] [N] [Singular] We have no food/drink. Waiting to recover our health/mana back
[09:13:10.893] [D] [Singular-DEBUG] Switched targets!
[09:13:10.893] [D] [Singular-DEBUG] Melee Distance: 5.3333335
[09:13:10.893] [D] [Singular-DEBUG] Health: 53.52697095435685
[09:13:10.893] [D] [Singular-DEBUG] Level: 28
[09:13:11.177] [D] [Singular-DEBUG] Mechanized Sentry is immune to Physical spell school
[09:13:13.363] [D] [Singular-DEBUG] Mechanized Sentry is immune to Physical spell school
[09:13:13.941] [N] [Singular] We have no food/drink. Waiting to recover our health/mana back
[09:13:15.304] [N] [Singular] Casting Judgement of Light on Mechanized Sentry
[09:13:15.304] [D] Spell_C::CastSpell(20271, 0, 0xF1300018590000EF, 0)
[09:13:15.311] [D] [Pulse] Slow bot root: 1106ms bot=Combat Bot poi=None combat=True
[09:13:16.939] [D] [Pulse] Slow bot root: 1571ms bot=Combat Bot poi=None combat=True
[09:13:16.941] [D] [Singular-DEBUG] Mechanized Sentry is immune to Physical spell school
[09:13:18.220] [N] [Singular] Casting Exorcism on Mechanized Sentry
[09:13:18.220] [D] Spell_C::CastSpell(879, 0, 0xF1300018590000EF, 0)
[09:13:18.231] [D] [Pulse] Slow bot root: 1131ms bot=Combat Bot poi=None combat=True
[09:13:19.839] [D] [Pulse] Slow bot root: 1545ms bot=Combat Bot poi=None combat=True
[09:13:19.941] [D] [Singular-DEBUG] Mechanized Sentry is immune to Physical spell school
[09:13:21.702] [D] [Pulse] Slow bot root: 1608ms bot=Combat Bot poi=None combat=True
[09:13:23.364] [N] [Singular] Casting Consecration on Mechanized Sentry
[09:13:23.365] [D] Spell_C::CastSpell(26573, 0, 0xF1300018590000F6, 0)
[09:13:23.375] [D] [Pulse] Slow bot root: 1606ms bot=Combat Bot poi=None combat=True
[09:13:23.448] [D] [Singular-DEBUG] Switched targets!
[09:13:23.448] [D] [Singular-DEBUG] Melee Distance: 5.3333335
[09:13:23.448] [D] [Singular-DEBUG] Health: 87.43331357439241
[09:13:23.448] [D] [Singular-DEBUG] Level: 28
[09:13:25.046] [D] [Pulse] Slow bot root: 1597ms bot=Combat Bot poi=None combat=True
[09:13:25.168] [D] [Pulse] Slow plugin: name=Tidy Bags 3 Reloaded elapsed=40ms
[09:13:26.332] [N] [Singular] Casting Judgement of Light on Mechanized Sentry
[09:13:26.332] [D] Spell_C::CastSpell(20271, 0, 0xF1300018590000F6, 0)
[09:13:26.367] [D] [Pulse] Slow bot root: 1198ms bot=Combat Bot poi=None combat=True
[09:13:26.370] [D] [Singular-DEBUG] Mechanized Sentry is immune to Physical spell school
[09:13:28.041] [D] [Pulse] Slow bot root: 1558ms bot=Combat Bot poi=None combat=True
[09:13:29.659] [D] [Pulse] Slow bot root: 1553ms bot=Combat Bot poi=None combat=True
[09:13:31.383] [D] [Pulse] Slow bot root: 1607ms bot=Combat Bot poi=None combat=True
[09:13:33.072] [D] [Pulse] Slow bot root: 1543ms bot=Combat Bot poi=None combat=True
[09:13:34.781] [N] [Singular] Casting Consecration on Mechanized Sentry
[09:13:34.781] [D] Spell_C::CastSpell(26573, 0, 0xF1300018590000F6, 0)
[09:13:34.815] [D] [Pulse] Slow bot root: 1638ms bot=Combat Bot poi=None combat=True
[09:13:36.530] [D] [Pulse] Slow bot root: 1600ms bot=Combat Bot poi=None combat=True
[09:13:36.676] [D] [Pulse] Slow plugin: name=Tidy Bags 3 Reloaded elapsed=37ms
[09:13:37.876] [N] [Singular] Casting Judgement of Light on Mechanized Sentry
[09:13:37.876] [D] Spell_C::CastSpell(20271, 0, 0xF1300018590000F6, 0)
[09:13:37.910] [D] [Pulse] Slow bot root: 1233ms bot=Combat Bot poi=None combat=True
[09:13:39.619] [D] [Pulse] Slow bot root: 1596ms bot=Combat Bot poi=None combat=True
[09:13:39.803] [N] [Singular] Casting Hand of Freedom on Myself
[09:13:39.803] [D] Spell_C::CastSpell(1044, 0, 0x6000000007EAB80, 0)
[09:13:39.837] [D] [Pulse] Slow bot root: 133ms bot=Combat Bot poi=None combat=True
[09:13:41.565] [D] [Pulse] Slow bot root: 1614ms bot=Combat Bot poi=None combat=True
[09:13:43.444] [N] [Singular] Currect target is invalid. Switching to Mechanized Sentry!
[09:13:43.467] [D] [Pulse] Slow bot root: 1765ms bot=Combat Bot poi=None combat=True
[09:13:43.573] [D] [Singular-DEBUG] Switched targets!
[09:13:43.573] [D] [Singular-DEBUG] Melee Distance: 5
[09:13:43.573] [D] [Singular-DEBUG] Health: 91.66666666666667
[09:13:43.573] [D] [Singular-DEBUG] Level: 27
[09:13:43.784] [D] [Singular-DEBUG] Switched targets!
[09:13:43.784] [D] [Singular-DEBUG] Melee Distance: 5.3333335
[09:13:43.784] [D] [Singular-DEBUG] Health: 65.71668063704945
[09:13:43.784] [D] [Singular-DEBUG] Level: 29
[09:13:45.234] [N] [Singular] Casting Exorcism on Mechanized Sentry
[09:13:45.234] [D] Spell_C::CastSpell(879, 0, 0xF1300018590000F9, 0)
[09:13:45.268] [D] [Pulse] Slow bot root: 1198ms bot=Combat Bot poi=None combat=True
[09:13:46.949] [D] [Pulse] Slow bot root: 1567ms bot=Combat Bot poi=None combat=True
[09:13:47.094] [D] [Pulse] Slow plugin: name=Tidy Bags 3 Reloaded elapsed=37ms
[09:13:49.215] [D] [Pulse] Slow bot root: 1553ms bot=Combat Bot poi=None combat=True
[09:13:49.217] [D] [Singular-DEBUG] Mechanized Sentry is immune to Physical spell school
[09:13:50.904] [D] [Pulse] Slow bot root: 1598ms bot=Combat Bot poi=None combat=True
[09:13:52.618] [D] [Pulse] Slow bot root: 1570ms bot=Combat Bot poi=None combat=True
[09:13:54.220] [D] [Pulse] Slow bot root: 1490ms bot=Combat Bot poi=None combat=True
[09:13:54.222] [D] [Singular-DEBUG] Mechanized Sentry is immune to Physical spell school
[09:13:54.224] [D] [Singular-DEBUG] Mechanized Sentry is immune to Physical spell school
[09:13:54.406] [N] [Singular] Casting Divine Protection on Myself
[09:13:54.406] [D] Spell_C::CastSpell(498, 0, 0x6000000007EAB80, 0)
[09:13:54.440] [D] [Pulse] Slow bot root: 136ms bot=Combat Bot poi=None combat=True
[09:13:56.122] [D] [Pulse] Slow bot root: 1571ms bot=Combat Bot poi=None combat=True
[09:13:57.585] [N] [Singular] Currect target is invalid. Switching to Leprous Defender!
[09:13:57.598] [D] [Pulse] Slow bot root: 1370ms bot=Combat Bot poi=None combat=True
[09:13:57.600] [D] [Singular-DEBUG] Mechanized Sentry is immune to Physical spell school
[09:13:57.699] [D] [Pulse] Slow plugin: name=Tidy Bags 3 Reloaded elapsed=37ms
[09:13:57.937] [D] [Singular-DEBUG] Switched targets!
[09:13:57.937] [D] [Singular-DEBUG] Melee Distance: 5
[09:13:57.937] [D] [Singular-DEBUG] Health: 88.95833333333333
[09:13:57.937] [D] [Singular-DEBUG] Level: 27
[09:13:59.848] [D] [Pulse] Slow bot root: 1639ms bot=Combat Bot poi=None combat=True
[09:14:01.095] [N] [Singular] Casting Judgement of Light on Leprous Defender
[09:14:01.095] [D] Spell_C::CastSpell(20271, 0, 0xF13000184F0000E5, 0)
[09:14:01.102] [D] [Pulse] Slow bot root: 1148ms bot=Combat Bot poi=None combat=True
[09:14:02.706] [D] [Pulse] Slow bot root: 1554ms bot=Combat Bot poi=None combat=True
[09:14:04.310] [D] [Pulse] Slow bot root: 1547ms bot=Combat Bot poi=None combat=True
[09:14:05.963] [D] [Pulse] Slow bot root: 1595ms bot=Combat Bot poi=None combat=True
[09:14:07.593] [D] [Pulse] Slow bot root: 1575ms bot=Combat Bot poi=None combat=True
[09:14:09.180] [D] [Pulse] Slow bot root: 1532ms bot=Combat Bot poi=None combat=True
[09:14:10.733] [D] [Pulse] Slow bot root: 1495ms bot=Combat Bot poi=None combat=True
[09:14:12.308] [D] [Pulse] Slow bot root: 1524ms bot=Combat Bot poi=None combat=True
[09:14:12.359] [D] [Singular-DEBUG] Switched targets!
[09:14:12.359] [D] [Singular-DEBUG] Melee Distance: 3.5
[09:14:12.359] [D] [Singular-DEBUG] Health: 100
[09:14:12.359] [D] [Singular-DEBUG] Level: 28
[09:14:12.364] [N] [Singular] Current target is not the best target. Switching to Leprous Defender!
[09:14:12.701] [D] [Singular-DEBUG] Switched targets!
[09:14:12.701] [D] [Singular-DEBUG] Melee Distance: 5
[09:14:12.701] [D] [Singular-DEBUG] Health: 2.0416666666666665
[09:14:12.701] [D] [Singular-DEBUG] Level: 27
[09:14:14.824] [N] [Singular] Currect target is invalid. Switching to Leprous Defender!
[09:14:14.829] [D] [Pulse] Slow bot root: 1335ms bot=Combat Bot poi=None combat=False
[09:14:15.154] [D] [Singular-DEBUG] Switched targets!
[09:14:15.154] [D] [Singular-DEBUG] Melee Distance: 5
[09:14:15.154] [D] [Singular-DEBUG] Health: 100
[09:14:15.154] [D] [Singular-DEBUG] Level: 27
[09:14:15.318] [N] [Singular] We have no food/drink. Waiting to recover our health/mana back
[09:14:16.983] [D] [Singular-DEBUG] Mechanized Sentry is immune to Physical spell school
[09:14:18.452] [N] [Singular] We have no food/drink. Waiting to recover our health/mana back
[09:14:19.011] [D] [Singular-DEBUG] Mechanized Sentry is immune to Physical spell school
[09:14:19.327] [D] [Pulse] Slow plugin: name=AutoEquip2 elapsed=88ms
[09:14:19.412] [D] [Pulse] Slow plugin: name=Tidy Bags 3 Reloaded elapsed=20ms
[09:14:21.590] [N] [Singular] We have no food/drink. Waiting to recover our health/mana back
[09:14:21.948] [D] [Singular-DEBUG] Switched targets!
[09:14:21.948] [D] [Singular-DEBUG] Melee Distance: 5.3333335
[09:14:21.948] [D] [Singular-DEBUG] Health: 78.03855825649623
[09:14:21.948] [D] [Singular-DEBUG] Level: 29
[09:14:23.232] [N] [Singular] Casting Judgement of Light on Mechanized Sentry
[09:14:23.232] [D] Spell_C::CastSpell(20271, 0, 0xF1300018590000F7, 0)
[09:14:23.239] [D] [Pulse] Slow bot root: 1196ms bot=Combat Bot poi=None combat=True
[09:14:24.999] [D] [Pulse] Slow bot root: 1700ms bot=Combat Bot poi=None combat=True
[09:14:26.320] [N] [Singular] Casting Exorcism on Mechanized Sentry
[09:14:26.320] [D] Spell_C::CastSpell(879, 0, 0xF1300018590000F7, 0)
[09:14:26.326] [D] [Pulse] Slow bot root: 1258ms bot=Combat Bot poi=None combat=True
[09:14:26.329] [D] [Singular-DEBUG] Mechanized Sentry is immune to Physical spell school
[09:14:28.119] [D] [Pulse] Slow bot root: 1725ms bot=Combat Bot poi=None combat=True
[09:14:29.948] [D] [Pulse] Slow bot root: 1765ms bot=Combat Bot poi=None combat=True
[09:14:29.950] [D] [Singular-DEBUG] Mechanized Sentry is immune to Physical spell school
[09:14:31.858] [D] [Pulse] Slow bot root: 1845ms bot=Combat Bot poi=None combat=True
[09:14:33.745] [D] [Pulse] Slow bot root: 1816ms bot=Combat Bot poi=None combat=True
[09:14:33.747] [D] [Singular-DEBUG] Mechanized Sentry is immune to Physical spell school
[09:14:35.651] [D] [Pulse] Slow bot root: 1835ms bot=Combat Bot poi=None combat=True
[09:14:35.653] [D] [Singular-DEBUG] Mechanized Sentry is immune to Physical spell school
[09:14:37.610] [D] [Pulse] Slow bot root: 1886ms bot=Combat Bot poi=None combat=True
[09:14:38.994] [N] [Singular] Casting Judgement of Light on Mechanized Sentry
[09:14:38.994] [D] Spell_C::CastSpell(20271, 0, 0xF1300018590000F7, 0)
[09:14:39.000] [D] [Pulse] Slow bot root: 1324ms bot=Combat Bot poi=None combat=True
[09:14:39.003] [D] [Singular-DEBUG] Mechanized Sentry is immune to Physical spell school
[09:14:40.833] [N] [Singular] Currect target is invalid. Switching to Mechanized Sentry!
[09:14:40.842] [D] [Pulse] Slow bot root: 1768ms bot=Combat Bot poi=None combat=True
[09:14:41.155] [D] [Singular-DEBUG] Switched targets!
[09:14:41.155] [D] [Singular-DEBUG] Melee Distance: 5.3333335
[09:14:41.155] [D] [Singular-DEBUG] Health: 92.09276334171557
[09:14:41.155] [D] [Singular-DEBUG] Level: 29
[09:14:43.125] [D] [Pulse] Slow bot root: 1781ms bot=Combat Bot poi=None combat=True
[09:14:45.021] [D] [Pulse] Slow bot root: 1834ms bot=Combat Bot poi=None combat=True
[09:14:45.024] [D] [Singular-DEBUG] Mechanized Sentry is immune to Physical spell school
[09:14:46.932] [D] [Pulse] Slow bot root: 1840ms bot=Combat Bot poi=None combat=True
[09:14:48.799] [D] [Pulse] Slow bot root: 1802ms bot=Combat Bot poi=None combat=True
[09:14:51.005] [D] [Pulse] Slow bot root: 2132ms bot=Combat Bot poi=None combat=True
[09:14:51.007] [D] [Singular-DEBUG] Mechanized Sentry is immune to Physical spell school
[09:14:51.009] [D] [Singular-DEBUG] Mechanized Sentry is immune to Physical spell school
[09:14:52.622] [N] [Singular] Casting Judgement of Light on Mechanized Sentry
[09:14:52.622] [D] Spell_C::CastSpell(20271, 0, 0xF1300018590000F1, 0)
[09:14:52.629] [D] [Pulse] Slow bot root: 1545ms bot=Combat Bot poi=None combat=True
[09:14:54.871] [D] [Pulse] Slow bot root: 2176ms bot=Combat Bot poi=None combat=True
[09:14:57.085] [D] [Pulse] Slow bot root: 2144ms bot=Combat Bot poi=None combat=True
[09:14:57.088] [D] [Singular-DEBUG] Mechanized Sentry is immune to Physical spell school
[09:14:57.089] [D] [Singular-DEBUG] Mechanized Sentry is immune to Physical spell school
[09:14:59.268] [D] [Pulse] Slow bot root: 2114ms bot=Combat Bot poi=None combat=True
[09:14:59.271] [D] [Singular-DEBUG] Mechanized Sentry is immune to Physical spell school
[09:15:01.285] [D] [Pulse] Slow bot root: 1946ms bot=Combat Bot poi=None combat=True
[09:15:02.735] [N] [Singular] Casting Judgement of Light on Mechanized Sentry
[09:15:02.735] [D] Spell_C::CastSpell(20271, 0, 0xF1300018590000F1, 0)
[09:15:02.742] [D] [Pulse] Slow bot root: 1390ms bot=Combat Bot poi=None combat=True
[09:15:02.745] [D] [Singular-DEBUG] Mechanized Sentry is immune to Physical spell school
[09:15:04.726] [D] [Pulse] Slow bot root: 1916ms bot=Combat Bot poi=None combat=True
[09:15:06.776] [D] [Pulse] Slow bot root: 1888ms bot=Combat Bot poi=None combat=True
[09:15:08.735] [D] [Pulse] Slow bot root: 1893ms bot=Combat Bot poi=None combat=True
[09:15:08.738] [D] [Singular-DEBUG] Mechanized Sentry is immune to Physical spell school
[09:15:10.736] [D] [Pulse] Slow bot root: 1931ms bot=Combat Bot poi=None combat=True
[09:15:12.423] [N] [Singular] Currect target is invalid. Switching to Mechanized Sentry!
[09:15:12.431] [D] [Pulse] Slow bot root: 1617ms bot=Combat Bot poi=None combat=False
[09:15:12.558] [D] [Pulse] Slow plugin: name=AutoEquip2 elapsed=80ms
[09:15:12.723] [D] [Singular-DEBUG] Switched targets!
[09:15:12.723] [D] [Singular-DEBUG] Melee Distance: 5.3333335
[09:15:12.723] [D] [Singular-DEBUG] Health: 66.0240290583962
[09:15:12.723] [D] [Singular-DEBUG] Level: 29
[09:15:12.848] [N] Eating Bristle Whisker Catfish
[09:15:13.999] [D] [Pulse] Slow plugin: name=Tidy Bags 3 Reloaded elapsed=42ms
[09:15:15.696] [D] [Singular-DEBUG] Mechanized Sentry is immune to Physical spell school
[09:15:22.606] [D] [Pulse] Slow plugin: name=AutoEquip2 elapsed=77ms
[09:15:23.675] [D] [Singular-DEBUG] Mechanized Sentry is immune to Physical spell school
[09:15:25.797] [D] [Singular-DEBUG] Mechanized Sentry is immune to Physical spell school
[09:15:29.064] [D] [Singular-DEBUG] Mechanized Sentry is immune to Physical spell school
[09:15:29.383] [N] [Singular] We have no food/drink. Waiting to recover our health/mana back
[09:15:31.802] [D] [Singular-DEBUG] Mechanized Sentry is immune to Physical spell school
[09:15:32.475] [N] [Singular] We have no food/drink. Waiting to recover our health/mana back
[09:15:32.613] [D] [Pulse] Slow plugin: name=AutoEquip2 elapsed=73ms
[09:15:34.936] [D] [Singular-DEBUG] Mechanized Sentry is immune to Physical spell school
[09:15:35.616] [N] [Singular] We have no food/drink. Waiting to recover our health/mana back
[09:15:38.398] [N] [Singular] Casting Judgement of Light on Mechanized Sentry
[09:15:38.398] [D] Spell_C::CastSpell(20271, 0, 0xF13000185900005B, 0)
[09:15:38.404] [D] [Pulse] Slow bot root: 1159ms bot=Combat Bot poi=None combat=True
[09:15:39.893] [D] [Pulse] Slow bot root: 1417ms bot=Combat Bot poi=None combat=True
[09:15:39.895] [D] [Singular-DEBUG] Mechanized Sentry is immune to Physical spell school
[09:15:41.155] [N] [Singular] Currect target is invalid. Switching to Leprous Defender!
[09:15:41.163] [D] [Pulse] Slow bot root: 1199ms bot=Combat Bot poi=None combat=False
[09:15:41.475] [D] [Singular-DEBUG] Switched targets!
[09:15:41.475] [D] [Singular-DEBUG] Melee Distance: 5
[09:15:41.476] [D] [Singular-DEBUG] Health: 3.1666666666666665
[09:15:41.476] [D] [Singular-DEBUG] Level: 27
[09:15:41.582] [N] [Singular] We have no food/drink. Waiting to recover our health/mana back
[09:15:42.662] [D] [Pulse] Slow plugin: name=AutoEquip2 elapsed=72ms
[09:15:43.691] [D] [Pulse] Slow plugin: name=Tidy Bags 3 Reloaded elapsed=44ms
[09:15:44.700] [N] [Singular] We have no food/drink. Waiting to recover our health/mana back
[09:15:45.930] [D] [Singular-DEBUG] Switched targets!
[09:15:45.930] [D] [Singular-DEBUG] Melee Distance: 5
[09:15:45.930] [D] [Singular-DEBUG] Health: 88.45833333333333
[09:15:45.930] [D] [Singular-DEBUG] Level: 27
[09:15:46.987] [N] [Singular] Casting Judgement of Light on Leprous Defender
[09:15:46.987] [D] Spell_C::CastSpell(20271, 0, 0xF13000184F00002C, 0)
[09:15:46.995] [D] [Pulse] Slow bot root: 971ms bot=Combat Bot poi=None combat=True
[09:15:48.381] [D] [Pulse] Slow bot root: 1331ms bot=Combat Bot poi=None combat=True
[09:15:49.399] [N] [Singular] Casting Exorcism on Leprous Defender
[09:15:49.399] [D] Spell_C::CastSpell(879, 0, 0xF13000184F00002C, 0)
[09:15:49.406] [D] [Pulse] Slow bot root: 966ms bot=Combat Bot poi=None combat=True
[09:15:50.802] [D] [Pulse] Slow bot root: 1337ms bot=Combat Bot poi=None combat=True
[09:15:52.550] [D] [Pulse] Slow bot root: 1329ms bot=Combat Bot poi=None combat=True
[09:15:53.934] [D] [Pulse] Slow bot root: 1324ms bot=Combat Bot poi=None combat=True
[09:15:55.290] [D] [Pulse] Slow bot root: 1301ms bot=Combat Bot poi=None combat=True
[09:15:56.295] [N] [Singular] Casting Judgement of Light on Leprous Defender
[09:15:56.295] [D] Spell_C::CastSpell(20271, 0, 0xF13000184F00002C, 0)
[09:15:56.302] [D] [Pulse] Slow bot root: 949ms bot=Combat Bot poi=None combat=True
[09:15:57.685] [D] [Pulse] Slow bot root: 1326ms bot=Combat Bot poi=None combat=True
[09:15:59.036] [D] [Pulse] Slow bot root: 1299ms bot=Combat Bot poi=None combat=True
[09:16:00.392] [D] [Pulse] Slow bot root: 1298ms bot=Combat Bot poi=None combat=True
[09:16:01.745] [D] [Pulse] Slow bot root: 1296ms bot=Combat Bot poi=None combat=True
[09:16:03.107] [D] [Pulse] Slow bot root: 1312ms bot=Combat Bot poi=None combat=True
[09:16:04.504] [D] [Pulse] Slow bot root: 1342ms bot=Combat Bot poi=None combat=True
[09:16:05.917] [D] [Pulse] Slow bot root: 1361ms bot=Combat Bot poi=None combat=True
[09:16:06.925] [N] [Singular] Casting Judgement of Light on Leprous Defender
[09:16:06.925] [D] Spell_C::CastSpell(20271, 0, 0xF13000184F00002C, 0)
[09:16:06.931] [D] [Pulse] Slow bot root: 953ms bot=Combat Bot poi=None combat=True
[09:16:09.201] [D] [Pulse] Slow bot root: 2220ms bot=Combat Bot poi=None combat=True
[09:16:11.536] [D] [Pulse] Slow bot root: 2284ms bot=Combat Bot poi=None combat=False
[09:16:11.606] [N] [Singular] We have no food/drink. Waiting to recover our health/mana back
[09:16:13.225] [D] [Pulse] Slow plugin: name=AutoEquip2 elapsed=73ms
[09:16:13.333] [D] [Pulse] Slow plugin: name=Tidy Bags 3 Reloaded elapsed=45ms
[09:16:14.782] [N] [Singular] We have no food/drink. Waiting to recover our health/mana back
[09:16:17.926] [N] [Singular] We have no food/drink. Waiting to recover our health/mana back
[09:16:21.040] [N] [Singular] We have no food/drink. Waiting to recover our health/mana back
[09:16:23.285] [D] [Pulse] Slow plugin: name=AutoEquip2 elapsed=66ms
[09:16:24.132] [N] [Singular] We have no food/drink. Waiting to recover our health/mana back
[09:16:27.277] [N] [Singular] We have no food/drink. Waiting to recover our health/mana back
[09:16:30.454] [N] [Singular] We have no food/drink. Waiting to recover our health/mana back
[09:16:33.350] [D] [Pulse] Slow plugin: name=AutoEquip2 elapsed=72ms
[09:16:33.609] [N] [Singular] We have no food/drink. Waiting to recover our health/mana back
[09:16:36.770] [N] [Singular] We have no food/drink. Waiting to recover our health/mana back
[09:16:39.959] [N] [Singular] We have no food/drink. Waiting to recover our health/mana back
[09:16:43.083] [N] [Singular] We have no food/drink. Waiting to recover our health/mana back
[09:16:43.387] [D] [Pulse] Slow plugin: name=AutoEquip2 elapsed=53ms
[09:16:46.248] [N] [Singular] We have no food/drink. Waiting to recover our health/mana back
[09:16:49.421] [N] [Singular] We have no food/drink. Waiting to recover our health/mana back
[09:16:52.552] [N] [Singular] We have no food/drink. Waiting to recover our health/mana back
[09:16:53.442] [D] [Pulse] Slow plugin: name=AutoEquip2 elapsed=71ms
[09:16:55.715] [N] [Singular] We have no food/drink. Waiting to recover our health/mana back
[09:16:58.876] [N] [Singular] We have no food/drink. Waiting to recover our health/mana back
[09:17:02.017] [N] [Singular] We have no food/drink. Waiting to recover our health/mana back
[09:17:05.119] [N] [Singular] We have no food/drink. Waiting to recover our health/mana back
[09:17:08.234] [N] [Singular] We have no food/drink. Waiting to recover our health/mana back
[09:17:11.377] [N] [Singular] We have no food/drink. Waiting to recover our health/mana back
[09:17:13.476] [D] [Pulse] Slow plugin: name=AutoEquip2 elapsed=52ms
[09:17:14.466] [N] [Singular] We have no food/drink. Waiting to recover our health/mana back
[09:17:17.594] [N] [Singular] We have no food/drink. Waiting to recover our health/mana back
[09:17:20.768] [D] [Pulse] Slow plugin: name=Tidy Bags 3 Reloaded elapsed=25ms
[09:17:20.774] [N] [Singular] We have no food/drink. Waiting to recover our health/mana back
[09:17:23.483] [D] [Pulse] Slow plugin: name=AutoEquip2 elapsed=52ms
[09:17:23.881] [N] [Singular] We have no food/drink. Waiting to recover our health/mana back
[09:17:27.052] [N] [Singular] We have no food/drink. Waiting to recover our health/mana back
[09:17:30.184] [N] [Singular] We have no food/drink. Waiting to recover our health/mana back
[09:17:32.424] [D] [Pulse] Slow plugin: name=Tidy Bags 3 Reloaded elapsed=25ms
[09:17:33.283] [N] [Singular] We have no food/drink. Waiting to recover our health/mana back
[09:17:33.585] [D] [Pulse] Slow plugin: name=AutoEquip2 elapsed=73ms
[09:17:36.387] [N] [Singular] We have no food/drink. Waiting to recover our health/mana back
[09:17:39.522] [N] [Singular] We have no food/drink. Waiting to recover our health/mana back
[09:17:42.706] [N] [Singular] We have no food/drink. Waiting to recover our health/mana back
[09:17:43.620] [D] [Pulse] Slow plugin: name=AutoEquip2 elapsed=72ms
[09:17:45.751] [D] [Pulse] Slow plugin: name=Tidy Bags 3 Reloaded elapsed=34ms
[09:17:45.810] [N] [Singular] We have no food/drink. Waiting to recover our health/mana back
[09:17:48.971] [N] Drinking Sweet Nectar
[09:17:53.643] [D] [Pulse] Slow plugin: name=AutoEquip2 elapsed=71ms
[09:18:03.730] [D] [Pulse] Slow plugin: name=AutoEquip2 elapsed=79ms
[09:18:06.333] [N] [Singular] Casting Blessing of Kings on Paladin
[09:18:06.333] [D] Spell_C::CastSpell(20217, 0, 0x6000000007ECC60, 0)
[09:18:13.795] [D] [Pulse] Slow plugin: name=AutoEquip2 elapsed=52ms
[09:18:23.849] [D] [Pulse] Slow plugin: name=AutoEquip2 elapsed=66ms
[09:18:25.953] [D] [Singular-DEBUG] Switched targets!
[09:18:25.953] [D] [Singular-DEBUG] Melee Distance: 5
[09:18:25.953] [D] [Singular-DEBUG] Health: 73.15555555555555
[09:18:25.953] [D] [Singular-DEBUG] Level: 26
[09:18:27.469] [N] [Singular] Casting Judgement of Light on Leprous Defender
[09:18:27.469] [D] Spell_C::CastSpell(20271, 0, 0xF13000184F00002A, 0)
[09:18:27.479] [D] [Pulse] Slow bot root: 1525ms bot=Combat Bot poi=None combat=True
[09:18:28.987] [N] [Singular] Casting Exorcism on Leprous Defender
[09:18:28.988] [D] Spell_C::CastSpell(879, 0, 0xF13000184F00002A, 0)
[09:18:28.996] [D] [Pulse] Slow bot root: 1457ms bot=Combat Bot poi=None combat=True
[09:18:31.016] [D] [Pulse] Slow bot root: 1951ms bot=Combat Bot poi=None combat=True
[09:18:33.051] [D] [Pulse] Slow bot root: 1969ms bot=Combat Bot poi=None combat=True
[09:18:35.067] [D] [Pulse] Slow bot root: 1947ms bot=Combat Bot poi=None combat=True
[09:18:36.547] [N] [Singular] Casting Judgement of Light on Leprous Defender
[09:18:36.547] [D] Spell_C::CastSpell(20271, 0, 0xF13000184F00002A, 0)
[09:18:36.555] [D] [Pulse] Slow bot root: 1425ms bot=Combat Bot poi=None combat=True
[09:18:38.624] [D] [Pulse] Slow bot root: 2005ms bot=Combat Bot poi=None combat=True
[09:18:40.644] [N] [Singular] Currect target is invalid. Switching to Mechanized Sentry!
[09:18:40.654] [D] [Pulse] Slow bot root: 1960ms bot=Combat Bot poi=None combat=False
[09:18:40.970] [D] [Singular-DEBUG] Switched targets!
[09:18:40.970] [D] [Singular-DEBUG] Melee Distance: 5.3333335
[09:18:40.970] [D] [Singular-DEBUG] Health: 24.364347583123777
[09:18:40.970] [D] [Singular-DEBUG] Level: 29
[09:18:42.042] [D] [Pulse] Slow plugin: name=Tidy Bags 3 Reloaded elapsed=20ms
[09:18:44.277] [N] [Singular] Casting Consecration on Mechanized Sentry
[09:18:44.277] [D] Spell_C::CastSpell(26573, 0, 0xF130001859000062, 0)
[09:18:44.284] [D] [Pulse] Slow bot root: 2087ms bot=Combat Bot poi=None combat=True
[09:18:44.287] [D] [Singular-DEBUG] Mechanized Sentry is immune to Physical spell school
[09:18:46.368] [D] [Pulse] Slow bot root: 2008ms bot=Combat Bot poi=None combat=True
[09:18:47.855] [N] [Singular] Casting Judgement of Light on Mechanized Sentry
[09:18:47.855] [D] Spell_C::CastSpell(20271, 0, 0xF130001859000062, 0)
[09:18:47.862] [D] [Pulse] Slow bot root: 1419ms bot=Combat Bot poi=None combat=True
[09:18:47.865] [D] [Singular-DEBUG] Mechanized Sentry is immune to Physical spell school
[09:18:49.632] [N] [Singular] Currect target is invalid. Switching to Mechanized Sentry!
[09:18:49.637] [D] [Pulse] Slow bot root: 1701ms bot=Combat Bot poi=None combat=True
[09:18:49.947] [D] [Singular-DEBUG] Switched targets!
[09:18:49.947] [D] [Singular-DEBUG] Melee Distance: 5.3333335
[09:18:49.947] [D] [Singular-DEBUG] Health: 65.88618850029638
[09:18:49.947] [D] [Singular-DEBUG] Level: 28
[09:18:52.097] [D] [Pulse] Slow bot root: 2062ms bot=Combat Bot poi=None combat=True
[09:18:53.598] [N] [Singular] Casting Exorcism on Mechanized Sentry
[09:18:53.598] [D] Spell_C::CastSpell(879, 0, 0xF130001859000060, 0)
[09:18:53.607] [D] [Pulse] Slow bot root: 1426ms bot=Combat Bot poi=None combat=True
[09:18:55.712] [N] [Singular] Casting Consecration on Mechanized Sentry
[09:18:55.712] [D] Spell_C::CastSpell(26573, 0, 0xF130001859000060, 0)
[09:18:55.720] [D] [Pulse] Slow bot root: 2039ms bot=Combat Bot poi=None combat=True
[09:18:57.822] [D] [Pulse] Slow bot root: 2032ms bot=Combat Bot poi=None combat=True
[09:18:59.304] [N] [Singular] Casting Judgement of Light on Mechanized Sentry
[09:18:59.304] [D] Spell_C::CastSpell(20271, 0, 0xF130001859000060, 0)
[09:18:59.312] [D] [Pulse] Slow bot root: 1416ms bot=Combat Bot poi=None combat=True
[09:19:01.339] [D] [Pulse] Slow bot root: 1959ms bot=Combat Bot poi=None combat=True
[09:19:03.358] [D] [Pulse] Slow bot root: 1955ms bot=Combat Bot poi=None combat=True
[09:19:05.360] [D] [Pulse] Slow bot root: 1931ms bot=Combat Bot poi=None combat=True
[09:19:07.355] [D] [Pulse] Slow bot root: 1929ms bot=Combat Bot poi=None combat=True
[09:19:09.264] [N] [Singular] Currect target is invalid. Switching to Mechanized Sentry!
[09:19:09.275] [D] [Pulse] Slow bot root: 1854ms bot=Combat Bot poi=None combat=True
[09:19:09.575] [D] [Singular-DEBUG] Switched targets!
[09:19:09.576] [D] [Singular-DEBUG] Melee Distance: 5.3333335
[09:19:09.576] [D] [Singular-DEBUG] Health: 61.38114997036159
[09:19:09.576] [D] [Singular-DEBUG] Level: 28
[09:19:11.130] [N] [Singular] Casting Judgement of Light on Mechanized Sentry
[09:19:11.130] [D] Spell_C::CastSpell(20271, 0, 0xF13000185900005A, 0)
[09:19:11.141] [D] [Pulse] Slow bot root: 1387ms bot=Combat Bot poi=None combat=True
[09:19:13.071] [D] [Pulse] Slow bot root: 1875ms bot=Combat Bot poi=None combat=True
[09:19:14.503] [N] [Singular] Casting Exorcism on Mechanized Sentry
[09:19:14.503] [D] Spell_C::CastSpell(879, 0, 0xF13000185900005A, 0)
[09:19:14.509] [D] [Pulse] Slow bot root: 1377ms bot=Combat Bot poi=None combat=True
[09:19:16.470] [D] [Pulse] Slow bot root: 1894ms bot=Combat Bot poi=None combat=True
[09:19:16.472] [D] [Singular-DEBUG] Mechanized Sentry is immune to Physical spell school
[09:19:16.557] [D] [Pulse] Slow plugin: name=Tidy Bags 3 Reloaded elapsed=33ms
[09:19:18.483] [D] [Pulse] Slow bot root: 1926ms bot=Combat Bot poi=None combat=True
[09:19:19.905] [N] [Singular] Casting Judgement of Light on Mechanized Sentry
[09:19:19.906] [D] Spell_C::CastSpell(20271, 0, 0xF13000185900005A, 0)
[09:19:19.915] [D] [Pulse] Slow bot root: 1367ms bot=Combat Bot poi=None combat=False
[09:19:20.016] [D] [Pulse] Slow plugin: name=AutoEquip2 elapsed=50ms
[09:19:20.241] [D] [Singular-DEBUG] Switched targets!
[09:19:20.241] [D] [Singular-DEBUG] Melee Distance: 5.3333335
[09:19:20.241] [D] [Singular-DEBUG] Health: 0
[09:19:20.241] [D] [Singular-DEBUG] Level: 28
[09:19:30.131] [D] [Pulse] Slow plugin: name=AutoEquip2 elapsed=76ms
[09:19:32.657] [D] [Singular-DEBUG] Switched targets!
[09:19:32.657] [D] [Singular-DEBUG] Melee Distance: 3.5
[09:19:32.657] [D] [Singular-DEBUG] Health: 85.6110776640578
[09:19:32.657] [D] [Singular-DEBUG] Level: 34
[09:19:33.060] [D] [Singular-DEBUG] Switched targets!
[09:19:33.060] [D] [Singular-DEBUG] Melee Distance: 5
[09:19:33.060] [D] [Singular-DEBUG] Health: 82.74111675126903
[09:19:33.060] [D] [Singular-DEBUG] Level: 26
[09:19:34.357] [N] [Singular] Casting Judgement of Light on Leprous Assistant
[09:19:34.357] [D] Spell_C::CastSpell(20271, 0, 0xF130001DB3000120, 0)
[09:19:34.364] [D] [Pulse] Slow bot root: 1303ms bot=Combat Bot poi=None combat=True
[09:19:36.234] [D] [Pulse] Slow bot root: 1800ms bot=Combat Bot poi=None combat=True
[09:19:38.103] [N] [Singular] Currect target is invalid. Switching to Leprous Assistant!
[09:19:38.113] [D] [Pulse] Slow bot root: 1815ms bot=Combat Bot poi=None combat=True
[09:19:38.445] [D] [Singular-DEBUG] Switched targets!
[09:19:38.445] [D] [Singular-DEBUG] Melee Distance: 5
[09:19:38.445] [D] [Singular-DEBUG] Health: 0.8883248730964467
[09:19:38.445] [D] [Singular-DEBUG] Level: 26
[09:19:40.272] [N] [Singular] Currect target is invalid. Switching to Leprous Technician!
[09:19:40.283] [D] [Pulse] Slow bot root: 1742ms bot=Combat Bot poi=None combat=True
[09:19:40.605] [D] [Singular-DEBUG] Switched targets!
[09:19:40.606] [D] [Singular-DEBUG] Melee Distance: 5
[09:19:40.606] [D] [Singular-DEBUG] Health: 64.08629441624366
[09:19:40.606] [D] [Singular-DEBUG] Level: 26
[09:19:42.146] [N] [Singular] Casting Exorcism on Leprous Technician
[09:19:42.146] [D] Spell_C::CastSpell(879, 0, 0xF13000184E0000DF, 0)
[09:19:42.153] [D] [Pulse] Slow bot root: 1465ms bot=Combat Bot poi=None combat=True
[09:19:44.164] [D] [Pulse] Slow bot root: 1943ms bot=Combat Bot poi=None combat=True
[09:19:47.720] [D] [Pulse] Slow bot root: 3504ms bot=Combat Bot poi=None combat=False
[09:19:47.792] [D] [Singular-DEBUG] Switched targets!
[09:19:47.792] [D] [Singular-DEBUG] Melee Distance: 5
[09:19:47.792] [D] [Singular-DEBUG] Health: 100
[09:19:47.792] [D] [Singular-DEBUG] Level: 26
[09:19:49.397] [D] [Pulse] Slow bot root: 115ms bot=Combat Bot poi=None combat=False
[09:19:50.492] [D] [Pulse] Slow plugin: name=AutoEquip2 elapsed=76ms
[09:20:00.603] [D] [Pulse] Slow plugin: name=AutoEquip2 elapsed=76ms
[09:20:10.637] [D] [Pulse] Slow plugin: name=AutoEquip2 elapsed=79ms
[09:20:13.151] [D] [Pulse] Slow bot root: 104ms bot=Combat Bot poi=None combat=False
[09:20:20.667] [D] [Pulse] Slow plugin: name=AutoEquip2 elapsed=73ms
[09:20:23.535] [D] [Pulse] Slow plugin: name=Tidy Bags 3 Reloaded elapsed=47ms
[09:20:30.286] [N] [Singular] Casting Blessing of Might on Myself
[09:20:30.286] [D] Spell_C::CastSpell(19835, 0, 0x6000000007EAB80, 0)
[09:20:30.691] [N] [AutoEquip]: Equipping Hand "Earthbound Handgrips" instead of "Earthbound Handgrips" - it scored 36.1275 while the old scored 34.6125
[09:20:30.703] [D] [Pulse] Slow plugin: name=AutoEquip2 elapsed=104ms
[09:20:36.343] [N] [Singular] Casting Blessing of Kings on Paladin
[09:20:36.343] [D] Spell_C::CastSpell(20217, 0, 0x6000000007F2754, 0)
[09:20:36.962] [N] [Singular] Currect target is invalid. Switching to Mechanized Sentry!
[09:20:36.983] [D] [Pulse] Slow bot root: 201ms bot=Combat Bot poi=None combat=True
[09:20:37.293] [D] [Singular-DEBUG] Switched targets!
[09:20:37.293] [D] [Singular-DEBUG] Melee Distance: 5.3333335
[09:20:37.293] [D] [Singular-DEBUG] Health: 90.22073204805811
[09:20:37.293] [D] [Singular-DEBUG] Level: 29
[09:20:39.295] [D] [Pulse] Slow bot root: 1901ms bot=Combat Bot poi=None combat=True
[09:20:40.940] [D] [Pulse] Slow bot root: 1547ms bot=Combat Bot poi=None combat=True
[09:20:42.215] [N] [Singular] Casting Judgement of Light on Mechanized Sentry
[09:20:42.215] [D] Spell_C::CastSpell(20271, 0, 0xF1300018590000F4, 0)
[09:20:42.223] [D] [Pulse] Slow bot root: 1178ms bot=Combat Bot poi=None combat=True
[09:20:42.225] [D] [Singular-DEBUG] Mechanized Sentry is immune to Physical spell school
[09:20:43.513] [N] [Singular] Casting Exorcism on Mechanized Sentry
[09:20:43.514] [D] Spell_C::CastSpell(879, 0, 0xF1300018590000F4, 0)
[09:20:43.521] [D] [Pulse] Slow bot root: 1203ms bot=Combat Bot poi=None combat=True
[09:20:45.232] [N] [Singular] Casting Consecration on Mechanized Sentry
[09:20:45.232] [D] Spell_C::CastSpell(26573, 0, 0xF1300018590000F4, 0)
[09:20:45.239] [D] [Pulse] Slow bot root: 1628ms bot=Combat Bot poi=None combat=True
[09:20:45.452] [D] [Pulse] Slow plugin: name=Tidy Bags 3 Reloaded elapsed=21ms
[09:20:47.071] [D] [Pulse] Slow bot root: 1618ms bot=Combat Bot poi=None combat=True
[09:20:48.170] [N] [Singular] Casting Exorcism on Mechanized Sentry
[09:20:48.170] [D] Spell_C::CastSpell(879, 0, 0xF1300018590000F4, 0)
[09:20:48.176] [D] [Pulse] Slow bot root: 1006ms bot=Combat Bot poi=None combat=True
[09:20:49.466] [D] [Pulse] Slow bot root: 1217ms bot=Combat Bot poi=None combat=True
[09:20:49.467] [D] [Singular-DEBUG] Mechanized Sentry is immune to Physical spell school
[09:20:50.798] [N] [Singular] Casting Judgement of Light on Mechanized Sentry
[09:20:50.798] [D] Spell_C::CastSpell(20271, 0, 0xF1300018590000F4, 0)
[09:20:50.808] [D] [Pulse] Slow bot root: 866ms bot=Combat Bot poi=None combat=True
[09:20:52.077] [D] [Pulse] Slow bot root: 1205ms bot=Combat Bot poi=None combat=True
[09:20:53.329] [D] [Pulse] Slow bot root: 1187ms bot=Combat Bot poi=None combat=True
[09:20:54.535] [D] [Pulse] Slow bot root: 1141ms bot=Combat Bot poi=None combat=True
[09:20:54.604] [N] [Singular] Currect target is invalid. Switching to Peacekeeper Security Suit!
[09:20:54.916] [D] [Singular-DEBUG] Switched targets!
[09:20:54.916] [D] [Singular-DEBUG] Melee Distance: 5
[09:20:54.916] [D] [Singular-DEBUG] Health: 33.416666666666664
[09:20:54.916] [D] [Singular-DEBUG] Level: 27
[09:20:56.377] [D] [Pulse] Slow bot root: 1191ms bot=Combat Bot poi=None combat=True
[09:20:57.597] [D] [Pulse] Slow bot root: 1160ms bot=Combat Bot poi=None combat=True
[09:20:58.770] [D] [Pulse] Slow bot root: 1116ms bot=Combat Bot poi=None combat=True
[09:20:59.748] [N] [Singular] Currect target is invalid. Switching to Mechanized Sentry!
[09:20:59.760] [D] [Pulse] Slow bot root: 933ms bot=Combat Bot poi=None combat=True
[09:21:00.071] [D] [Singular-DEBUG] Switched targets!
[09:21:00.071] [D] [Singular-DEBUG] Melee Distance: 5.3333335
[09:21:00.071] [D] [Singular-DEBUG] Health: 49.021932424422054
[09:21:00.071] [D] [Singular-DEBUG] Level: 28
[09:21:00.956] [N] [Singular] Casting Judgement of Light on Mechanized Sentry
[09:21:00.956] [D] Spell_C::CastSpell(20271, 0, 0xF1300018590000F3, 0)
[09:21:00.963] [D] [Pulse] Slow bot root: 799ms bot=Combat Bot poi=None combat=True
[09:21:02.073] [D] [Pulse] Slow bot root: 1061ms bot=Combat Bot poi=None combat=True
[09:21:03.187] [D] [Pulse] Slow bot root: 1058ms bot=Combat Bot poi=None combat=True
[09:21:03.189] [D] [Singular-DEBUG] Mechanized Sentry is immune to Physical spell school
[09:21:04.309] [D] [Pulse] Slow bot root: 1065ms bot=Combat Bot poi=None combat=True
[09:21:05.137] [N] [Singular] Casting Exorcism on Mechanized Sentry
[09:21:05.137] [D] Spell_C::CastSpell(879, 0, 0xF1300018590000F3, 0)
[09:21:05.144] [D] [Pulse] Slow bot root: 777ms bot=Combat Bot poi=None combat=True
[09:21:06.236] [D] [Pulse] Slow bot root: 1042ms bot=Combat Bot poi=None combat=True
[09:21:06.485] [D] [Singular-DEBUG] Mechanized Sentry is immune to Physical spell school
[09:21:06.809] [N] [Singular] Currect target is invalid. Switching to Leprous Technician!
[09:21:07.162] [D] [Singular-DEBUG] Switched targets!
[09:21:07.162] [D] [Singular-DEBUG] Melee Distance: 5
[09:21:07.162] [D] [Singular-DEBUG] Health: 80.0761421319797
[09:21:07.162] [D] [Singular-DEBUG] Level: 26
[09:21:08.331] [D] [Pulse] Slow bot root: 1088ms bot=Combat Bot poi=None combat=True
[09:21:09.452] [D] [Pulse] Slow bot root: 1068ms bot=Combat Bot poi=None combat=True
[09:21:10.266] [N] [Singular] Casting Judgement of Light on Leprous Technician
[09:21:10.266] [D] Spell_C::CastSpell(20271, 0, 0xF13000184E0000E1, 0)
[09:21:10.274] [D] [Pulse] Slow bot root: 769ms bot=Combat Bot poi=None combat=True
[09:21:12.079] [D] [Pulse] Slow bot root: 1752ms bot=Combat Bot poi=None combat=False
[09:21:12.138] [N] Drinking Sweet Nectar
[09:21:13.394] [D] [Pulse] Slow plugin: name=AutoEquip2 elapsed=71ms
[09:21:13.595] [D] [Pulse] Slow plugin: name=Tidy Bags 3 Reloaded elapsed=51ms
[09:21:17.223] [N] Drinking Sweet Nectar
[09:21:23.464] [D] [Pulse] Slow plugin: name=AutoEquip2 elapsed=79ms
[09:21:27.511] [N] [Singular] Casting Blessing of Kings on Druid
[09:21:27.511] [D] Spell_C::CastSpell(20217, 0, 0x6000000007EC9C8, 0)
[09:21:30.036] [D] [Pulse] Slow bot root: 115ms bot=Combat Bot poi=None combat=False
[09:21:30.160] [N] [Singular] Casting Blessing of Kings on Druid
[09:21:30.160] [D] Spell_C::CastSpell(20217, 0, 0x6000000007EC9CB, 0)
[09:21:30.569] [N] [Singular] Currect target is invalid. Switching to Leprous Assistant!
[09:21:30.889] [D] [Singular-DEBUG] Switched targets!
[09:21:30.889] [D] [Singular-DEBUG] Melee Distance: 5
[09:21:30.889] [D] [Singular-DEBUG] Health: 96.42857142857143
[09:21:30.889] [D] [Singular-DEBUG] Level: 27
[09:21:32.059] [D] [Pulse] Slow bot root: 1087ms bot=Combat Bot poi=None combat=True
[09:21:33.253] [D] [Pulse] Slow bot root: 1131ms bot=Combat Bot poi=None combat=True
[09:21:34.346] [D] [Pulse] Slow bot root: 1016ms bot=Combat Bot poi=None combat=True
[09:21:35.149] [N] [Singular] Casting Judgement of Light on Leprous Assistant
[09:21:35.149] [D] Spell_C::CastSpell(20271, 0, 0xF130001DB300012F, 0)
[09:21:35.157] [D] [Pulse] Slow bot root: 740ms bot=Combat Bot poi=None combat=True
[09:21:36.302] [D] [Pulse] Slow bot root: 1065ms bot=Combat Bot poi=None combat=True
[09:21:37.073] [N] [Singular] Casting Exorcism on Leprous Assistant
[09:21:37.073] [D] Spell_C::CastSpell(879, 0, 0xF130001DB300012F, 0)
[09:21:37.081] [D] [Pulse] Slow bot root: 710ms bot=Combat Bot poi=None combat=True
[09:21:37.156] [D] [Singular-DEBUG] Switched targets!
[09:21:37.156] [D] [Singular-DEBUG] Melee Distance: 5.3333335
[09:21:37.156] [D] [Singular-DEBUG] Health: 98.9103101424979
[09:21:37.156] [D] [Singular-DEBUG] Level: 29
[09:21:38.313] [D] [Pulse] Slow bot root: 1156ms bot=Combat Bot poi=None combat=True
[09:21:40.134] [N] [Singular] Casting Consecration on Mechanized Sentry
[09:21:40.134] [D] Spell_C::CastSpell(26573, 0, 0xF130001859000186, 0)
[09:21:40.140] [D] [Pulse] Slow bot root: 1110ms bot=Combat Bot poi=None combat=True
[09:21:41.317] [D] [Pulse] Slow bot root: 1109ms bot=Combat Bot poi=None combat=True
[09:21:42.130] [N] [Singular] Casting Exorcism on Mechanized Sentry
[09:21:42.131] [D] Spell_C::CastSpell(879, 0, 0xF130001859000186, 0)
[09:21:42.137] [D] [Pulse] Slow bot root: 750ms bot=Combat Bot poi=None combat=True
[09:21:43.285] [D] [Pulse] Slow bot root: 1080ms bot=Combat Bot poi=None combat=True
[09:21:44.142] [D] [Pulse] Slow plugin: name=Tidy Bags 3 Reloaded elapsed=34ms
[09:21:45.190] [N] [Singular] Casting Judgement of Light on Mechanized Sentry
[09:21:45.191] [D] Spell_C::CastSpell(20271, 0, 0xF130001859000186, 0)
[09:21:45.224] [D] [Pulse] Slow bot root: 757ms bot=Combat Bot poi=None combat=True
[09:21:46.426] [D] [Pulse] Slow bot root: 1079ms bot=Combat Bot poi=None combat=True
[09:21:47.665] [D] [Pulse] Slow bot root: 1133ms bot=Combat Bot poi=None combat=True
[09:21:48.781] [N] [Singular] Casting Consecration on Mechanized Sentry
[09:21:48.782] [D] Spell_C::CastSpell(26573, 0, 0xF130001859000186, 0)
[09:21:48.815] [D] [Pulse] Slow bot root: 1037ms bot=Combat Bot poi=None combat=True
[09:21:49.924] [D] [Pulse] Slow bot root: 963ms bot=Combat Bot poi=None combat=True
[09:21:50.966] [D] [Pulse] Slow bot root: 936ms bot=Combat Bot poi=None combat=True
[09:21:51.958] [D] [Pulse] Slow bot root: 881ms bot=Combat Bot poi=None combat=True
[09:21:52.913] [D] [Pulse] Slow bot root: 866ms bot=Combat Bot poi=None combat=True
[09:21:53.656] [N] [Singular] Casting Judgement of Light on Mechanized Sentry
[09:21:53.656] [D] Spell_C::CastSpell(20271, 0, 0xF130001859000186, 0)
[09:21:53.689] [D] [Pulse] Slow bot root: 700ms bot=Combat Bot poi=None combat=True
[09:21:53.690] [D] [Singular-DEBUG] Mechanized Sentry is immune to Physical spell school
[09:21:54.724] [D] [Pulse] Slow bot root: 897ms bot=Combat Bot poi=None combat=True
[09:21:54.850] [D] [Pulse] Slow plugin: name=Tidy Bags 3 Reloaded elapsed=38ms
[09:21:55.681] [D] [Pulse] Slow bot root: 829ms bot=Combat Bot poi=None combat=True
[09:21:56.566] [D] [Pulse] Slow bot root: 813ms bot=Combat Bot poi=None combat=True
[09:21:56.567] [D] [Singular-DEBUG] Mechanized Sentry is immune to Physical spell school
[09:21:57.496] [D] [Pulse] Slow bot root: 842ms bot=Combat Bot poi=None combat=True
[09:21:58.428] [D] [Pulse] Slow bot root: 841ms bot=Combat Bot poi=None combat=True
[09:21:59.769] [D] [Pulse] Slow bot root: 1077ms bot=Combat Bot poi=None combat=True
[09:22:00.803] [D] [Pulse] Slow bot root: 898ms bot=Combat Bot poi=None combat=True
[09:22:00.805] [D] [Singular-DEBUG] Mechanized Sentry is immune to Physical spell school
[09:22:01.536] [N] [Singular] Casting Exorcism on Mechanized Sentry
[09:22:01.536] [D] Spell_C::CastSpell(879, 0, 0xF130001859000186, 0)
[09:22:01.568] [D] [Pulse] Slow bot root: 664ms bot=Combat Bot poi=None combat=True
[09:22:02.501] [D] [Pulse] Slow bot root: 831ms bot=Combat Bot poi=None combat=True
[09:22:02.634] [D] [Singular-DEBUG] Mechanized Sentry is immune to Physical spell school
[09:22:04.443] [D] [Pulse] Slow bot root: 1037ms bot=Combat Bot poi=None combat=True
[09:22:05.609] [D] [Pulse] Slow bot root: 1063ms bot=Combat Bot poi=None combat=True
[09:22:05.743] [D] [Pulse] Slow plugin: name=Tidy Bags 3 Reloaded elapsed=36ms
[09:22:06.412] [N] [Singular] Casting Judgement of Light on Mechanized Sentry
[09:22:06.412] [D] Spell_C::CastSpell(20271, 0, 0xF130001859000186, 0)
[09:22:06.447] [D] [Pulse] Slow bot root: 704ms bot=Combat Bot poi=None combat=True
[09:22:06.448] [D] [Singular-DEBUG] Mechanized Sentry is immune to Physical spell school
[09:22:07.442] [D] [Pulse] Slow bot root: 894ms bot=Combat Bot poi=None combat=True
[09:22:08.331] [D] [Pulse] Slow bot root: 814ms bot=Combat Bot poi=None combat=True
[09:22:09.387] [D] [Pulse] Slow bot root: 976ms bot=Combat Bot poi=None combat=True
[09:22:09.388] [D] [Singular-DEBUG] Mechanized Sentry is immune to Physical spell school
[09:22:12.488] [D] [Pulse] Slow bot root: 2997ms bot=Combat Bot poi=None combat=False
[09:22:12.661] [D] [Singular-DEBUG] Switched targets!
[09:22:12.661] [D] [Singular-DEBUG] Melee Distance: 5
[09:22:12.661] [D] [Singular-DEBUG] Health: 100
[09:22:12.661] [D] [Singular-DEBUG] Level: 27
[09:22:12.770] [D] [Pulse] Slow bot root: 108ms bot=Combat Bot poi=None combat=False
[09:22:12.907] [N] Drinking Sweet Nectar
[09:22:16.051] [D] [Pulse] Slow plugin: name=AutoEquip2 elapsed=275ms
[09:22:16.116] [D] [Pulse] Slow plugin: name=Tidy Bags 3 Reloaded elapsed=63ms
[09:22:16.116] [D] [Pulse] Slow shared pulse: total=401ms movement=0 objects=0 lua=0 info=0 loot=3 targeting=57 events=0 plugins=340 routine=0
[09:22:27.559] [N] [Singular] Casting Judgement of Light on Leprous Assistant
[09:22:27.560] [D] Spell_C::CastSpell(20271, 0, 0xF130001DB300018B, 0)
[09:22:27.566] [D] [Pulse] Slow bot root: 843ms bot=Combat Bot poi=None combat=True
[09:22:27.627] [D] [Singular-DEBUG] Switched targets!
[09:22:27.627] [D] [Singular-DEBUG] Melee Distance: 5
[09:22:27.627] [D] [Singular-DEBUG] Health: 70
[09:22:27.627] [D] [Singular-DEBUG] Level: 27
[09:22:28.743] [D] [Pulse] Slow bot root: 1114ms bot=Combat Bot poi=None combat=True
[09:22:29.551] [N] [Singular] Casting Exorcism on Leprous Assistant
[09:22:29.551] [D] Spell_C::CastSpell(879, 0, 0xF130001DB300018B, 0)
[09:22:29.558] [D] [Pulse] Slow bot root: 747ms bot=Combat Bot poi=None combat=True
[09:22:30.715] [D] [Pulse] Slow bot root: 1098ms bot=Combat Bot poi=None combat=True
[09:22:32.711] [N] [Singular] Currect target is invalid. Switching to Leprous Assistant!
[09:22:32.720] [D] [Pulse] Slow bot root: 851ms bot=Combat Bot poi=None combat=True
[09:22:33.018] [D] [Singular-DEBUG] Switched targets!
[09:22:33.019] [D] [Singular-DEBUG] Melee Distance: 5
[09:22:33.019] [D] [Singular-DEBUG] Health: 89.16666666666667
[09:22:33.019] [D] [Singular-DEBUG] Level: 27
[09:22:34.297] [N] [Singular] Casting Consecration on Leprous Assistant
[09:22:34.297] [D] Spell_C::CastSpell(26573, 0, 0xF130001DB300018C, 0)
[09:22:34.331] [D] [Pulse] Slow bot root: 1226ms bot=Combat Bot poi=None combat=True
[09:22:34.480] [D] [Pulse] Slow plugin: name=Tidy Bags 3 Reloaded elapsed=37ms
[09:22:35.682] [D] [Pulse] Slow bot root: 1202ms bot=Combat Bot poi=None combat=True
[09:22:36.612] [N] [Singular] Casting Judgement of Light on Leprous Assistant
[09:22:36.612] [D] Spell_C::CastSpell(20271, 0, 0xF130001DB300018C, 0)
[09:22:36.655] [D] [Pulse] Slow bot root: 851ms bot=Combat Bot poi=None combat=True
[09:22:37.850] [D] [Pulse] Slow bot root: 1089ms bot=Combat Bot poi=None combat=True
[09:22:38.981] [D] [Pulse] Slow bot root: 1033ms bot=Combat Bot poi=None combat=True
[09:22:40.027] [N] [Singular] Currect target is invalid. Switching to Leprous Assistant!
[09:22:40.044] [D] [Pulse] Slow bot root: 972ms bot=Combat Bot poi=None combat=True
[09:22:40.403] [D] [Singular-DEBUG] Switched targets!
[09:22:40.403] [D] [Singular-DEBUG] Melee Distance: 5
[09:22:40.403] [D] [Singular-DEBUG] Health: 26.903553299492387
[09:22:40.403] [D] [Singular-DEBUG] Level: 26
[09:22:41.476] [D] [Pulse] Slow bot root: 965ms bot=Combat Bot poi=None combat=True
[09:22:41.539] [N] [Singular] Currect target is invalid. Switching to Leprous Technician!
[09:22:41.894] [D] [Singular-DEBUG] Switched targets!
[09:22:41.894] [D] [Singular-DEBUG] Melee Distance: 5
[09:22:41.894] [D] [Singular-DEBUG] Health: 70.83333333333333
[09:22:41.894] [D] [Singular-DEBUG] Level: 27
[09:22:42.854] [D] [Pulse] Slow bot root: 873ms bot=Combat Bot poi=None combat=True
[09:22:43.893] [D] [Pulse] Slow bot root: 893ms bot=Combat Bot poi=None combat=True
[09:22:44.847] [D] [Pulse] Slow bot root: 905ms bot=Combat Bot poi=None combat=True
[09:22:45.557] [N] [Singular] Casting Judgement of Light on Leprous Technician
[09:22:45.557] [D] Spell_C::CastSpell(20271, 0, 0xF13000184E000182, 0)
[09:22:45.563] [D] [Pulse] Slow bot root: 668ms bot=Combat Bot poi=None combat=True
[09:22:46.548] [D] [Pulse] Slow bot root: 930ms bot=Combat Bot poi=None combat=True
[09:22:47.287] [N] [Singular] Casting Exorcism on Leprous Technician
[09:22:47.287] [D] Spell_C::CastSpell(879, 0, 0xF13000184E000182, 0)
[09:22:47.321] [D] [Pulse] Slow bot root: 719ms bot=Combat Bot poi=None combat=True
[09:22:47.425] [D] [Pulse] Slow plugin: name=Tidy Bags 3 Reloaded elapsed=37ms
[09:22:48.394] [D] [Pulse] Slow bot root: 968ms bot=Combat Bot poi=None combat=True
[09:22:50.078] [D] [Pulse] Slow bot root: 884ms bot=Combat Bot poi=None combat=True
[09:22:50.866] [N] [Singular] Currect target is invalid. Switching to Leprous Technician!
[09:22:50.873] [D] [Pulse] Slow bot root: 748ms bot=Combat Bot poi=None combat=True
[09:22:51.184] [D] [Singular-DEBUG] Switched targets!
[09:22:51.184] [D] [Singular-DEBUG] Melee Distance: 5
[09:22:51.184] [D] [Singular-DEBUG] Health: 92.76649746192894
[09:22:51.184] [D] [Singular-DEBUG] Level: 26
[09:22:52.316] [D] [Pulse] Slow bot root: 942ms bot=Combat Bot poi=None combat=True
[09:22:53.255] [D] [Pulse] Slow bot root: 890ms bot=Combat Bot poi=None combat=True
[09:22:53.978] [N] [Singular] Casting Judgement of Light on Leprous Technician
[09:22:53.978] [D] Spell_C::CastSpell(20271, 0, 0xF13000184E000183, 0)
[09:22:54.012] [D] [Pulse] Slow bot root: 708ms bot=Combat Bot poi=None combat=True
[09:22:55.212] [D] [Pulse] Slow bot root: 1066ms bot=Combat Bot poi=None combat=True
[09:22:56.316] [D] [Pulse] Slow bot root: 1003ms bot=Combat Bot poi=None combat=True
[09:22:56.388] [N] [Singular] Casting Hand of Freedom on Myself
[09:22:56.388] [D] Spell_C::CastSpell(1044, 0, 0x6000000007EAB80, 0)
[09:22:57.240] [N] [Singular] Currect target is invalid. Switching to Leprous Technician!
[09:22:57.250] [D] [Pulse] Slow bot root: 805ms bot=Combat Bot poi=None combat=True
[09:22:57.574] [D] [Singular-DEBUG] Switched targets!
[09:22:57.575] [D] [Singular-DEBUG] Melee Distance: 5
[09:22:57.575] [D] [Singular-DEBUG] Health: 31.97969543147208
[09:22:57.575] [D] [Singular-DEBUG] Level: 26
[09:22:58.648] [D] [Pulse] Slow bot root: 992ms bot=Combat Bot poi=None combat=True
[09:22:59.693] [D] [Pulse] Slow bot root: 989ms bot=Combat Bot poi=None combat=True
[09:23:00.729] [D] [Pulse] Slow bot root: 981ms bot=Combat Bot poi=None combat=True
[09:23:02.691] [D] [Pulse] Slow bot root: 1913ms bot=Combat Bot poi=None combat=False
[09:23:02.743] [D] [Singular-DEBUG] Switched targets!
[09:23:02.743] [D] [Singular-DEBUG] Melee Distance: 5
[09:23:02.744] [D] [Singular-DEBUG] Health: 100
[09:23:02.744] [D] [Singular-DEBUG] Level: 27
[09:23:02.756] [N] [Singular] Casting Blessing of Kings on Myself
[09:23:02.757] [D] Spell_C::CastSpell(20217, 0, 0x6000000007EAB80, 0)
[09:23:03.146] [N] Drinking Sweet Nectar
[09:23:04.191] [D] [Pulse] Slow plugin: name=Tidy Bags 3 Reloaded elapsed=48ms
[09:23:07.587] [D] [Pulse] Slow plugin: name=AutoEquip2 elapsed=82ms
[09:23:08.187] [N] Drinking Sweet Nectar
[09:23:14.813] [D] [Pulse] Slow plugin: name=Tidy Bags 3 Reloaded elapsed=20ms
[09:23:17.656] [D] [Pulse] Slow plugin: name=AutoEquip2 elapsed=68ms
[09:23:21.683] [D] [Singular-DEBUG] Mechanized Sentry is immune to Physical spell school
[09:23:23.541] [N] [Singular] Casting Judgement of Light on Leprous Assistant
[09:23:23.541] [D] Spell_C::CastSpell(20271, 0, 0xF130001DB300017D, 0)
[09:23:23.550] [D] [Pulse] Slow bot root: 804ms bot=Combat Bot poi=None combat=True
[09:23:23.621] [D] [Singular-DEBUG] Switched targets!
[09:23:23.621] [D] [Singular-DEBUG] Melee Distance: 5
[09:23:23.621] [D] [Singular-DEBUG] Health: 80.23809523809524
[09:23:23.621] [D] [Singular-DEBUG] Level: 27
[09:23:24.684] [D] [Pulse] Slow bot root: 1062ms bot=Combat Bot poi=None combat=True
[09:23:25.599] [N] [Singular] Casting Exorcism on Leprous Assistant
[09:23:25.599] [D] Spell_C::CastSpell(879, 0, 0xF130001DB300017D, 0)
[09:23:25.634] [D] [Pulse] Slow bot root: 801ms bot=Combat Bot poi=None combat=True
[09:23:25.636] [D] [Singular-DEBUG] Mechanized Sentry is immune to Physical spell school
[09:23:25.741] [D] [Pulse] Slow plugin: name=Tidy Bags 3 Reloaded elapsed=37ms
[09:23:26.787] [D] [Pulse] Slow bot root: 1044ms bot=Combat Bot poi=None combat=True
[09:23:28.454] [N] [Singular] Casting Consecration on Leprous Assistant
[09:23:28.454] [D] Spell_C::CastSpell(26573, 0, 0xF130001DB300017D, 0)
[09:23:28.487] [D] [Pulse] Slow bot root: 1034ms bot=Combat Bot poi=None combat=True
[09:23:28.489] [D] [Singular-DEBUG] Mechanized Sentry is immune to Physical spell school
[09:23:29.597] [D] [Pulse] Slow bot root: 1002ms bot=Combat Bot poi=None combat=True
[09:23:30.700] [D] [Pulse] Slow bot root: 963ms bot=Combat Bot poi=None combat=True
[09:23:31.798] [D] [Pulse] Slow bot root: 946ms bot=Combat Bot poi=None combat=True
[09:23:31.801] [D] [Singular-DEBUG] Mechanized Sentry is immune to Physical spell school
[09:23:32.604] [N] [Singular] Casting Judgement of Light on Leprous Assistant
[09:23:32.604] [D] Spell_C::CastSpell(20271, 0, 0xF130001DB300017D, 0)
[09:23:32.638] [D] [Pulse] Slow bot root: 737ms bot=Combat Bot poi=None combat=True
[09:23:33.730] [D] [Pulse] Slow bot root: 986ms bot=Combat Bot poi=None combat=True
[09:23:33.732] [D] [Singular-DEBUG] Mechanized Sentry is immune to Physical spell school
[09:23:34.776] [D] [Pulse] Slow bot root: 958ms bot=Combat Bot poi=None combat=True
[09:23:35.817] [D] [Pulse] Slow bot root: 917ms bot=Combat Bot poi=None combat=True
[09:23:35.902] [D] [Pulse] Slow plugin: name=Tidy Bags 3 Reloaded elapsed=38ms
[09:23:35.977] [N] [Singular] Currect target is invalid. Switching to Leprous Assistant!
[09:23:36.005] [D] [Pulse] Slow bot root: 102ms bot=Combat Bot poi=None combat=True
[09:23:36.314] [D] [Singular-DEBUG] Switched targets!
[09:23:36.314] [D] [Singular-DEBUG] Melee Distance: 5
[09:23:36.314] [D] [Singular-DEBUG] Health: 49.746192893401016
[09:23:36.314] [D] [Singular-DEBUG] Level: 26
[09:23:37.426] [D] [Pulse] Slow bot root: 1004ms bot=Combat Bot poi=None combat=True
[09:23:37.428] [D] [Singular-DEBUG] Mechanized Sentry is immune to Physical spell school
[09:23:38.457] [D] [Pulse] Slow bot root: 920ms bot=Combat Bot poi=None combat=True
[09:23:39.460] [D] [Pulse] Slow bot root: 906ms bot=Combat Bot poi=None combat=True
[09:23:40.473] [D] [Pulse] Slow bot root: 907ms bot=Combat Bot poi=None combat=True
[09:23:41.288] [N] [Singular] Casting Judgement of Light on Leprous Assistant
[09:23:41.289] [D] Spell_C::CastSpell(20271, 0, 0xF130001DB300017B, 0)
[09:23:41.326] [D] [Pulse] Slow bot root: 746ms bot=Combat Bot poi=None combat=True
[09:23:41.328] [D] [Singular-DEBUG] Mechanized Sentry is immune to Physical spell school
[09:23:41.432] [N] [Singular] Currect target is invalid. Switching to Mechanized Sentry!
[09:23:41.659] [D] [Singular-DEBUG] Switched targets!
[09:23:41.659] [D] [Singular-DEBUG] Melee Distance: 5
[09:23:41.659] [D] [Singular-DEBUG] Health: 0
[09:23:41.659] [D] [Singular-DEBUG] Level: 26
[09:23:41.760] [D] [Singular-DEBUG] Switched targets!
[09:23:41.760] [D] [Singular-DEBUG] Melee Distance: 5.3333335
[09:23:41.760] [D] [Singular-DEBUG] Health: 37.13327745180218
[09:23:41.760] [D] [Singular-DEBUG] Level: 29
[09:23:42.601] [N] [Singular] Casting Judgement of Light on Mechanized Sentry
[09:23:42.601] [D] Spell_C::CastSpell(20271, 0, 0xF130001859000166, 0)
[09:23:42.635] [D] [Pulse] Slow bot root: 773ms bot=Combat Bot poi=None combat=True
[09:23:43.684] [D] [Pulse] Slow bot root: 945ms bot=Combat Bot poi=None combat=True
[09:23:43.685] [D] [Singular-DEBUG] Mechanized Sentry is immune to Physical spell school
[09:23:44.479] [N] [Singular] Casting Exorcism on Mechanized Sentry
[09:23:44.479] [D] Spell_C::CastSpell(879, 0, 0xF130001859000166, 0)
[09:23:44.513] [D] [Pulse] Slow bot root: 738ms bot=Combat Bot poi=None combat=True
[09:23:45.517] [D] [Pulse] Slow bot root: 900ms bot=Combat Bot poi=None combat=True
[09:23:45.927] [D] [Pulse] Slow plugin: name=Tidy Bags 3 Reloaded elapsed=37ms
[09:23:45.964] [D] [Singular-DEBUG] Mechanized Sentry is immune to Physical spell school
[09:23:47.236] [D] [Pulse] Slow bot root: 897ms bot=Combat Bot poi=None combat=True
[09:23:48.229] [D] [Pulse] Slow bot root: 910ms bot=Combat Bot poi=None combat=True
[09:23:49.267] [D] [Pulse] Slow bot root: 937ms bot=Combat Bot poi=None combat=True
[09:23:49.269] [D] [Singular-DEBUG] Mechanized Sentry is immune to Physical spell school
[09:23:50.928] [D] [Pulse] Slow bot root: 1558ms bot=Combat Bot poi=None combat=False
[09:23:51.278] [D] [Pulse] Slow plugin: name=AutoEquip2 elapsed=272ms
[09:23:51.342] [D] [Pulse] Slow shared pulse: total=414ms movement=0 objects=0 lua=15 info=0 loot=3 targeting=57 events=0 plugins=336 routine=0
[09:23:51.641] [D] [Pulse] Slow bot root: 298ms bot=Combat Bot poi=None combat=False
[09:23:52.044] [D] [Pulse] Slow bot root: 303ms bot=Combat Bot poi=None combat=False
[09:23:52.441] [D] [Pulse] Slow bot root: 300ms bot=Combat Bot poi=None combat=False
[09:23:52.851] [D] [Pulse] Slow bot root: 307ms bot=Combat Bot poi=None combat=False
[09:23:53.249] [D] [Pulse] Slow bot root: 298ms bot=Combat Bot poi=None combat=False
[09:23:53.650] [D] [Pulse] Slow bot root: 300ms bot=Combat Bot poi=None combat=False
[09:23:54.055] [D] [Pulse] Slow bot root: 302ms bot=Combat Bot poi=None combat=False
[09:23:54.455] [D] [Pulse] Slow bot root: 299ms bot=Combat Bot poi=None combat=False
[09:23:54.857] [D] [Pulse] Slow bot root: 302ms bot=Combat Bot poi=None combat=False
[09:23:55.293] [D] [Pulse] Slow bot root: 302ms bot=Combat Bot poi=None combat=False
[09:23:55.694] [D] [Pulse] Slow bot root: 299ms bot=Combat Bot poi=None combat=False
[09:23:56.099] [D] [Pulse] Slow bot root: 303ms bot=Combat Bot poi=None combat=False
[09:23:56.238] [D] [Pulse] Slow plugin: name=Tidy Bags 3 Reloaded elapsed=41ms
[09:23:56.343] [D] [Pulse] Slow bot root: 104ms bot=Combat Bot poi=None combat=False
[09:23:57.237] [D] [Pulse] Slow bot root: 124ms bot=Combat Bot poi=None combat=False
[09:23:58.113] [D] [Pulse] Slow bot root: 300ms bot=Combat Bot poi=None combat=False
[09:23:58.515] [D] [Pulse] Slow bot root: 301ms bot=Combat Bot poi=None combat=False
[09:23:58.915] [D] [Pulse] Slow bot root: 300ms bot=Combat Bot poi=None combat=False
[09:23:59.312] [D] [Pulse] Slow bot root: 298ms bot=Combat Bot poi=None combat=False
[09:23:59.710] [D] [Pulse] Slow bot root: 298ms bot=Combat Bot poi=None combat=False
[09:24:00.111] [D] [Pulse] Slow bot root: 300ms bot=Combat Bot poi=None combat=False
[09:24:00.509] [D] [Pulse] Slow bot root: 296ms bot=Combat Bot poi=None combat=False
[09:24:00.910] [D] [Pulse] Slow bot root: 301ms bot=Combat Bot poi=None combat=False
[09:24:01.310] [D] [Pulse] Slow bot root: 299ms bot=Combat Bot poi=None combat=False
[09:24:01.678] [D] [Pulse] Slow plugin: name=AutoEquip2 elapsed=276ms
[09:24:01.743] [D] [Pulse] Slow shared pulse: total=433ms movement=0 objects=0 lua=32 info=0 loot=3 targeting=55 events=0 plugins=341 routine=0
[09:24:02.043] [D] [Pulse] Slow bot root: 299ms bot=Combat Bot poi=None combat=False
[09:24:02.445] [D] [Pulse] Slow bot root: 302ms bot=Combat Bot poi=None combat=False
[09:24:02.847] [D] [Pulse] Slow bot root: 303ms bot=Combat Bot poi=None combat=False
[09:24:03.251] [D] [Pulse] Slow bot root: 303ms bot=Combat Bot poi=None combat=False
[09:24:03.651] [D] [Pulse] Slow bot root: 300ms bot=Combat Bot poi=None combat=False
[09:24:04.053] [D] [Pulse] Slow bot root: 301ms bot=Combat Bot poi=None combat=False
[09:24:04.457] [D] [Pulse] Slow bot root: 302ms bot=Combat Bot poi=None combat=False
[09:24:04.854] [D] [Pulse] Slow bot root: 296ms bot=Combat Bot poi=None combat=False
[09:24:05.254] [D] [Pulse] Slow bot root: 301ms bot=Combat Bot poi=None combat=False
[09:24:05.654] [D] [Pulse] Slow bot root: 300ms bot=Combat Bot poi=None combat=False
[09:24:06.054] [D] [Pulse] Slow bot root: 299ms bot=Combat Bot poi=None combat=False
[09:24:06.452] [D] [Pulse] Slow bot root: 294ms bot=Combat Bot poi=None combat=False
[09:24:06.586] [D] [Pulse] Slow plugin: name=Tidy Bags 3 Reloaded elapsed=39ms
[09:24:06.887] [D] [Pulse] Slow bot root: 301ms bot=Combat Bot poi=None combat=False
[09:24:07.287] [D] [Pulse] Slow bot root: 300ms bot=Combat Bot poi=None combat=False
[09:24:07.687] [D] [Pulse] Slow bot root: 299ms bot=Combat Bot poi=None combat=False
[09:24:08.085] [D] [Pulse] Slow bot root: 300ms bot=Combat Bot poi=None combat=False
[09:24:08.483] [D] [Pulse] Slow bot root: 298ms bot=Combat Bot poi=None combat=False
[09:24:08.883] [D] [Pulse] Slow bot root: 297ms bot=Combat Bot poi=None combat=False
[09:24:09.281] [D] [Pulse] Slow bot root: 299ms bot=Combat Bot poi=None combat=False
[09:24:09.680] [D] [Pulse] Slow bot root: 299ms bot=Combat Bot poi=None combat=False
[09:24:10.083] [D] [Pulse] Slow bot root: 302ms bot=Combat Bot poi=None combat=False
[09:24:10.486] [D] [Pulse] Slow bot root: 301ms bot=Combat Bot poi=None combat=False
[09:24:10.887] [D] [Pulse] Slow bot root: 299ms bot=Combat Bot poi=None combat=False
[09:24:11.290] [D] [Pulse] Slow bot root: 303ms bot=Combat Bot poi=None combat=False
[09:24:11.691] [D] [Pulse] Slow bot root: 300ms bot=Combat Bot poi=None combat=False
[09:24:12.060] [D] [Pulse] Slow plugin: name=AutoEquip2 elapsed=276ms
[09:24:12.125] [D] [Pulse] Slow shared pulse: total=433ms movement=0 objects=0 lua=32 info=0 loot=3 targeting=55 events=0 plugins=341 routine=0
[09:24:12.426] [D] [Pulse] Slow bot root: 300ms bot=Combat Bot poi=None combat=False
[09:24:12.829] [D] [Pulse] Slow bot root: 301ms bot=Combat Bot poi=None combat=False
[09:24:13.231] [D] [Pulse] Slow bot root: 302ms bot=Combat Bot poi=None combat=False
[09:24:13.631] [D] [Pulse] Slow bot root: 301ms bot=Combat Bot poi=None combat=False
[09:24:14.029] [D] [Pulse] Slow bot root: 298ms bot=Combat Bot poi=None combat=False
[09:24:14.428] [D] [Pulse] Slow bot root: 297ms bot=Combat Bot poi=None combat=False
[09:24:14.832] [D] [Pulse] Slow bot root: 302ms bot=Combat Bot poi=None combat=False
[09:24:15.233] [D] [Pulse] Slow bot root: 301ms bot=Combat Bot poi=None combat=False
[09:24:15.633] [D] [Pulse] Slow bot root: 298ms bot=Combat Bot poi=None combat=False
[09:24:16.032] [D] [Pulse] Slow bot root: 299ms bot=Combat Bot poi=None combat=False
[09:24:16.432] [D] [Pulse] Slow bot root: 300ms bot=Combat Bot poi=None combat=False
[09:24:16.832] [D] [Pulse] Slow bot root: 298ms bot=Combat Bot poi=None combat=False
[09:24:16.968] [D] [Pulse] Slow plugin: name=Tidy Bags 3 Reloaded elapsed=40ms
[09:24:17.271] [D] [Pulse] Slow bot root: 302ms bot=Combat Bot poi=None combat=False
[09:24:17.672] [D] [Pulse] Slow bot root: 302ms bot=Combat Bot poi=None combat=False
[09:24:18.073] [D] [Pulse] Slow bot root: 301ms bot=Combat Bot poi=None combat=False
[09:24:18.480] [D] [Pulse] Slow bot root: 300ms bot=Combat Bot poi=None combat=False
[09:24:18.881] [D] [Pulse] Slow bot root: 301ms bot=Combat Bot poi=None combat=False
[09:24:19.285] [D] [Pulse] Slow bot root: 304ms bot=Combat Bot poi=None combat=False
[09:24:19.686] [D] [Pulse] Slow bot root: 299ms bot=Combat Bot poi=None combat=False
[09:24:20.090] [D] [Pulse] Slow bot root: 304ms bot=Combat Bot poi=None combat=False
[09:24:20.496] [D] [Pulse] Slow bot root: 306ms bot=Combat Bot poi=None combat=False
[09:24:20.798] [D] [Pulse] Slow bot root: 200ms bot=Combat Bot poi=None combat=False
[09:24:29.030] [D] [Pulse] Slow plugin: name=Tidy Bags 3 Reloaded elapsed=36ms
[09:24:29.330] [D] [Pulse] Slow bot root: 299ms bot=Combat Bot poi=None combat=False
[09:24:29.730] [D] [Pulse] Slow bot root: 300ms bot=Combat Bot poi=None combat=False
[09:24:30.132] [D] [Pulse] Slow bot root: 299ms bot=Combat Bot poi=None combat=False
[09:24:30.534] [D] [Pulse] Slow bot root: 302ms bot=Combat Bot poi=None combat=False
[09:24:30.936] [D] [Pulse] Slow bot root: 302ms bot=Combat Bot poi=None combat=False
[09:24:31.343] [D] [Pulse] Slow bot root: 303ms bot=Combat Bot poi=None combat=False
[09:24:31.745] [D] [Pulse] Slow bot root: 302ms bot=Combat Bot poi=None combat=False
[09:24:32.082] [D] [Pulse] Slow plugin: name=AutoEquip2 elapsed=277ms
[09:24:32.150] [D] [Pulse] Slow shared pulse: total=404ms movement=0 objects=0 lua=0 info=0 loot=3 targeting=55 events=0 plugins=344 routine=0
[09:24:32.457] [D] [Pulse] Slow bot root: 307ms bot=Combat Bot poi=None combat=False
[09:24:41.150] [D] [Singular-DEBUG] Switched targets!
[09:24:41.150] [D] [Singular-DEBUG] Melee Distance: 5.2333336
[09:24:41.150] [D] [Singular-DEBUG] Health: 81.47713950762017
[09:24:41.150] [D] [Singular-DEBUG] Level: 28
[09:24:41.847] [D] [Singular-DEBUG] Electrocutioner 6000 is immune to Physical spell school
[09:24:42.548] [D] [Pulse] Slow plugin: name=Tidy Bags 3 Reloaded elapsed=36ms
[09:24:42.817] [D] [Pulse] Slow bot root: 268ms bot=Combat Bot poi=None combat=False
[09:24:43.951] [N] [Singular] Casting Judgement of Light on Electrocutioner 6000
[09:24:43.951] [D] Spell_C::CastSpell(20271, 0, 0xF13000185B000066, 0)
[09:24:43.984] [D] [Pulse] Slow bot root: 1032ms bot=Combat Bot poi=None combat=True
[09:24:43.985] [D] [Singular-DEBUG] Electrocutioner 6000 is immune to Holy spell school
[09:24:45.044] [D] [Pulse] Slow bot root: 953ms bot=Combat Bot poi=None combat=True
[09:24:45.866] [N] [Singular] Casting Exorcism on Electrocutioner 6000
[09:24:45.867] [D] Spell_C::CastSpell(879, 0, 0xF13000185B000066, 0)
[09:24:45.900] [D] [Pulse] Slow bot root: 764ms bot=Combat Bot poi=None combat=True
[09:24:45.901] [D] [Singular-DEBUG] Electrocutioner 6000 is immune to Physical spell school
[09:24:46.983] [D] [Pulse] Slow bot root: 977ms bot=Combat Bot poi=None combat=True
[09:24:48.723] [D] [Pulse] Slow bot root: 937ms bot=Combat Bot poi=None combat=True
[09:24:49.821] [D] [Pulse] Slow bot root: 955ms bot=Combat Bot poi=None combat=True
[09:24:49.822] [D] [Singular-DEBUG] Electrocutioner 6000 is immune to Physical spell school
[09:24:49.823] [D] [Singular-DEBUG] Electrocutioner 6000 is immune to Holy spell school
[09:24:50.846] [D] [Pulse] Slow bot root: 943ms bot=Combat Bot poi=None combat=True
[09:24:51.887] [D] [Pulse] Slow bot root: 937ms bot=Combat Bot poi=None combat=True
[09:24:51.888] [D] [Singular-DEBUG] Electrocutioner 6000 is immune to Physical spell school
[09:24:52.730] [N] [Singular] Casting Judgement of Light on Electrocutioner 6000
[09:24:52.730] [D] Spell_C::CastSpell(20271, 0, 0xF13000185B000066, 0)
[09:24:52.764] [D] [Pulse] Slow bot root: 767ms bot=Combat Bot poi=None combat=True
[09:24:52.870] [D] [Pulse] Slow plugin: name=Tidy Bags 3 Reloaded elapsed=36ms
[09:24:53.831] [D] [Pulse] Slow bot root: 961ms bot=Combat Bot poi=None combat=True
[09:24:54.886] [D] [Pulse] Slow bot root: 937ms bot=Combat Bot poi=None combat=True
[09:24:54.887] [D] [Singular-DEBUG] Electrocutioner 6000 is immune to Physical spell school
[09:24:54.888] [D] [Singular-DEBUG] Electrocutioner 6000 is immune to Holy spell school
[09:24:55.977] [D] [Pulse] Slow bot root: 944ms bot=Combat Bot poi=None combat=True
[09:24:57.012] [D] [Pulse] Slow bot root: 943ms bot=Combat Bot poi=None combat=True
[09:24:57.013] [D] [Singular-DEBUG] Electrocutioner 6000 is immune to Holy spell school
[09:24:57.014] [D] [Singular-DEBUG] Electrocutioner 6000 is immune to Physical spell school
[09:24:58.057] [D] [Pulse] Slow bot root: 945ms bot=Combat Bot poi=None combat=False
[09:24:58.452] [D] [Pulse] Slow bot root: 300ms bot=Combat Bot poi=None combat=False
[09:24:58.857] [D] [Pulse] Slow bot root: 305ms bot=Combat Bot poi=None combat=False
[09:24:59.287] [D] [Pulse] Slow bot root: 296ms bot=Combat Bot poi=None combat=False
[09:24:59.289] [N] [AutoEquip]: Loot roll in progress
[09:24:59.390] [N] Stat name 'ManaPer5Sec' is unknown. Please report this to the HB team.
[09:24:59.426] [N] [AutoEquip]: Equipped item in slot:WristSlot scored 15.790001 while loot-roll item scored:2.2666667
[09:24:59.426] [N] [AutoEquip]: Rolling Greed
[09:24:59.556] [D] [Pulse] Slow shared pulse: total=268ms movement=0 objects=0 lua=167 info=0 loot=3 targeting=60 events=0 plugins=37 routine=0
[09:24:59.856] [D] [Pulse] Slow bot root: 300ms bot=Combat Bot poi=None combat=False
[09:25:00.291] [D] [Pulse] Slow bot root: 299ms bot=Combat Bot poi=None combat=False
[09:25:00.692] [D] [Pulse] Slow bot root: 301ms bot=Combat Bot poi=None combat=False
[09:25:01.103] [D] [Pulse] Slow bot root: 311ms bot=Combat Bot poi=None combat=False
[09:25:01.512] [D] [Pulse] Slow bot root: 305ms bot=Combat Bot poi=None combat=False
[09:25:01.920] [D] [Pulse] Slow bot root: 303ms bot=Combat Bot poi=None combat=False
[09:25:02.257] [D] [Pulse] Slow plugin: name=AutoEquip2 elapsed=272ms
[09:25:02.623] [D] [Pulse] Slow bot root: 299ms bot=Combat Bot poi=None combat=False
[09:25:03.025] [D] [Pulse] Slow bot root: 300ms bot=Combat Bot poi=None combat=False
[09:25:03.128] [D] [Pulse] Slow plugin: name=Tidy Bags 3 Reloaded elapsed=37ms
[09:25:03.430] [D] [Pulse] Slow bot root: 301ms bot=Combat Bot poi=None combat=False
[09:25:03.833] [D] [Pulse] Slow bot root: 300ms bot=Combat Bot poi=None combat=False
[09:25:04.233] [D] [Pulse] Slow bot root: 298ms bot=Combat Bot poi=None combat=False
[09:25:04.669] [D] [Pulse] Slow bot root: 299ms bot=Combat Bot poi=None combat=False
[09:25:05.074] [D] [Pulse] Slow bot root: 302ms bot=Combat Bot poi=None combat=False
[09:25:05.480] [D] [Pulse] Slow bot root: 303ms bot=Combat Bot poi=None combat=False
[09:25:05.884] [D] [Pulse] Slow bot root: 302ms bot=Combat Bot poi=None combat=False
[09:25:06.287] [D] [Pulse] Slow bot root: 303ms bot=Combat Bot poi=None combat=False
[09:25:06.691] [D] [Pulse] Slow bot root: 299ms bot=Combat Bot poi=None combat=False
[09:25:07.093] [D] [Pulse] Slow bot root: 301ms bot=Combat Bot poi=None combat=False
[09:25:07.496] [D] [Pulse] Slow bot root: 302ms bot=Combat Bot poi=None combat=False
[09:25:07.897] [D] [Pulse] Slow bot root: 301ms bot=Combat Bot poi=None combat=False
[09:25:08.299] [D] [Pulse] Slow bot root: 301ms bot=Combat Bot poi=None combat=False
[09:25:08.700] [D] [Pulse] Slow bot root: 300ms bot=Combat Bot poi=None combat=False
[09:25:09.102] [D] [Pulse] Slow bot root: 301ms bot=Combat Bot poi=None combat=False
[09:25:09.502] [D] [Pulse] Slow bot root: 297ms bot=Combat Bot poi=None combat=False
[09:25:09.941] [D] [Pulse] Slow bot root: 303ms bot=Combat Bot poi=None combat=False
[09:25:10.345] [D] [Pulse] Slow bot root: 302ms bot=Combat Bot poi=None combat=False
[09:25:10.747] [D] [Pulse] Slow bot root: 297ms bot=Combat Bot poi=None combat=False
[09:25:11.148] [D] [Pulse] Slow bot root: 301ms bot=Combat Bot poi=None combat=False
[09:25:11.548] [D] [Pulse] Slow bot root: 298ms bot=Combat Bot poi=None combat=False
[09:25:11.952] [D] [Pulse] Slow bot root: 302ms bot=Combat Bot poi=None combat=False
[09:25:12.286] [D] [Pulse] Slow plugin: name=AutoEquip2 elapsed=273ms
[09:25:12.351] [D] [Pulse] Slow shared pulse: total=399ms movement=0 objects=0 lua=0 info=0 loot=3 targeting=56 events=0 plugins=338 routine=0
[09:25:12.654] [D] [Pulse] Slow bot root: 302ms bot=Combat Bot poi=None combat=False
[09:25:13.059] [D] [Pulse] Slow bot root: 304ms bot=Combat Bot poi=None combat=False
[09:25:13.159] [D] [Pulse] Slow plugin: name=Tidy Bags 3 Reloaded elapsed=36ms
[09:25:13.461] [D] [Pulse] Slow bot root: 301ms bot=Combat Bot poi=None combat=False
[09:25:13.865] [D] [Pulse] Slow bot root: 301ms bot=Combat Bot poi=None combat=False
[09:25:14.268] [D] [Pulse] Slow bot root: 302ms bot=Combat Bot poi=None combat=False
[09:25:14.669] [D] [Pulse] Slow bot root: 301ms bot=Combat Bot poi=None combat=False
[09:25:15.105] [D] [Pulse] Slow bot root: 301ms bot=Combat Bot poi=None combat=False
[09:25:15.505] [D] [Pulse] Slow bot root: 300ms bot=Combat Bot poi=None combat=False
[09:25:15.907] [D] [Pulse] Slow bot root: 302ms bot=Combat Bot poi=None combat=False
[09:25:16.309] [D] [Pulse] Slow bot root: 300ms bot=Combat Bot poi=None combat=False
[09:25:16.711] [D] [Pulse] Slow bot root: 300ms bot=Combat Bot poi=None combat=False
[09:25:17.379] [D] [Pulse] Slow bot root: 301ms bot=Combat Bot poi=None combat=False
[09:25:17.780] [D] [Pulse] Slow bot root: 299ms bot=Combat Bot poi=None combat=False
[09:25:18.180] [D] [Pulse] Slow bot root: 299ms bot=Combat Bot poi=None combat=False
[09:25:18.583] [D] [Pulse] Slow bot root: 302ms bot=Combat Bot poi=None combat=False
[09:25:18.984] [D] [Pulse] Slow bot root: 301ms bot=Combat Bot poi=None combat=False
[09:25:19.382] [D] [Pulse] Slow bot root: 298ms bot=Combat Bot poi=None combat=False
[09:25:19.782] [D] [Pulse] Slow bot root: 299ms bot=Combat Bot poi=None combat=False
[09:25:20.230] [D] [Pulse] Slow bot root: 305ms bot=Combat Bot poi=None combat=False
[09:25:22.403] [D] [Pulse] Slow bot root: 136ms bot=Combat Bot poi=None combat=False
[09:25:22.807] [D] [Pulse] Slow bot root: 300ms bot=Combat Bot poi=None combat=False
[09:25:23.208] [D] [Pulse] Slow bot root: 300ms bot=Combat Bot poi=None combat=False
[09:25:23.308] [D] [Pulse] Slow plugin: name=Tidy Bags 3 Reloaded elapsed=37ms
[09:25:23.606] [D] [Pulse] Slow bot root: 297ms bot=Combat Bot poi=None combat=False
[09:25:24.007] [D] [Pulse] Slow bot root: 301ms bot=Combat Bot poi=None combat=False
[09:25:24.342] [D] [Pulse] Slow bot root: 234ms bot=Combat Bot poi=None combat=False
[09:25:24.609] [D] [Pulse] Slow bot root: 165ms bot=Combat Bot poi=None combat=False
[09:25:24.877] [D] [Pulse] Slow bot root: 165ms bot=Combat Bot poi=None combat=False
[09:25:25.212] [D] [Pulse] Slow bot root: 168ms bot=Combat Bot poi=None combat=False
[09:25:25.481] [D] [Pulse] Slow bot root: 168ms bot=Combat Bot poi=None combat=False
[09:25:25.752] [D] [Pulse] Slow bot root: 166ms bot=Combat Bot poi=None combat=False
[09:25:26.019] [D] [Pulse] Slow bot root: 166ms bot=Combat Bot poi=None combat=False
[09:25:26.287] [D] [Pulse] Slow bot root: 167ms bot=Combat Bot poi=None combat=False
[09:25:26.555] [D] [Pulse] Slow bot root: 166ms bot=Combat Bot poi=None combat=False
[09:25:26.822] [D] [Pulse] Slow bot root: 166ms bot=Combat Bot poi=None combat=False
[09:25:27.087] [D] [Pulse] Slow bot root: 165ms bot=Combat Bot poi=None combat=False
[09:25:27.358] [D] [Pulse] Slow bot root: 166ms bot=Combat Bot poi=None combat=False
[09:25:27.626] [D] [Pulse] Slow bot root: 167ms bot=Combat Bot poi=None combat=False
[09:25:27.893] [D] [Pulse] Slow bot root: 167ms bot=Combat Bot poi=None combat=False
[09:25:28.166] [D] [Pulse] Slow bot root: 170ms bot=Combat Bot poi=None combat=False
[09:25:28.437] [D] [Pulse] Slow bot root: 168ms bot=Combat Bot poi=None combat=False
[09:25:28.711] [D] [Pulse] Slow bot root: 168ms bot=Combat Bot poi=None combat=False
[09:25:28.984] [D] [Pulse] Slow bot root: 170ms bot=Combat Bot poi=None combat=False
[09:25:32.226] [D] [Pulse] Slow plugin: name=AutoEquip2 elapsed=75ms
[09:25:42.234] [D] [Pulse] Slow plugin: name=AutoEquip2 elapsed=70ms
[09:25:45.754] [D] [Pulse] Slow plugin: name=Tidy Bags 3 Reloaded elapsed=31ms
[09:25:52.268] [D] [Pulse] Slow plugin: name=AutoEquip2 elapsed=53ms
[09:26:02.336] [D] [Pulse] Slow plugin: name=AutoEquip2 elapsed=56ms
[09:26:10.083] [D] [Pulse] Slow plugin: name=Tidy Bags 3 Reloaded elapsed=27ms
[09:26:12.424] [D] [Pulse] Slow plugin: name=AutoEquip2 elapsed=52ms
[09:26:22.503] [D] [Pulse] Slow plugin: name=AutoEquip2 elapsed=54ms
[09:26:32.588] [D] [Pulse] Slow plugin: name=AutoEquip2 elapsed=57ms
[09:26:42.631] [D] [Pulse] Slow plugin: name=AutoEquip2 elapsed=56ms
[09:26:49.089] [D] [Pulse] Slow bot root: 102ms bot=Combat Bot poi=None combat=False
[09:26:49.146] [D] [Singular-DEBUG] Switched targets!
[09:26:49.146] [D] [Singular-DEBUG] Melee Distance: 5
[09:26:49.146] [D] [Singular-DEBUG] Health: 98.64253393665159
[09:26:49.146] [D] [Singular-DEBUG] Level: 29
[09:26:50.275] [N] [Singular] Casting Judgement of Light on Mechano-Tank
[09:26:50.275] [D] Spell_C::CastSpell(20271, 0, 0xF130001851000043, 0)
[09:26:50.282] [D] [Pulse] Slow bot root: 1020ms bot=Combat Bot poi=None combat=True
[09:26:51.762] [D] [Pulse] Slow bot root: 1419ms bot=Combat Bot poi=None combat=True
[09:26:51.912] [D] [Pulse] Slow plugin: name=Tidy Bags 3 Reloaded elapsed=36ms
[09:26:52.959] [N] [Singular] Casting Exorcism on Mechano-Tank
[09:26:52.959] [D] Spell_C::CastSpell(879, 0, 0xF130001851000043, 0)
[09:26:52.993] [D] [Pulse] Slow bot root: 1080ms bot=Combat Bot poi=None combat=True
[09:26:54.539] [D] [Pulse] Slow bot root: 1429ms bot=Combat Bot poi=None combat=True
[09:26:56.168] [D] [Pulse] Slow bot root: 1358ms bot=Combat Bot poi=None combat=True
[09:26:57.667] [D] [Pulse] Slow bot root: 1362ms bot=Combat Bot poi=None combat=True
[09:26:58.861] [N] [Singular] Casting Judgement of Light on Mechano-Tank
[09:26:58.861] [D] Spell_C::CastSpell(20271, 0, 0xF130001851000043, 0)
[09:26:58.894] [D] [Pulse] Slow bot root: 1104ms bot=Combat Bot poi=None combat=True
[09:27:00.357] [D] [Pulse] Slow bot root: 1348ms bot=Combat Bot poi=None combat=True
[09:27:01.769] [D] [Pulse] Slow bot root: 1314ms bot=Combat Bot poi=None combat=True
[09:27:03.188] [D] [Pulse] Slow bot root: 1323ms bot=Combat Bot poi=None combat=True
[09:27:03.322] [D] [Pulse] Slow plugin: name=Tidy Bags 3 Reloaded elapsed=36ms
[09:27:04.969] [D] [Nav] Loaded 2 mesh tiles for one path query
[09:27:05.034] [D] [Pulse] Slow bot root: 1533ms bot=Combat Bot poi=None combat=True
[09:27:06.554] [D] [Pulse] Slow bot root: 1407ms bot=Combat Bot poi=None combat=True
[09:27:07.646] [N] [Singular] Casting Judgement of Light on Mechano-Tank
[09:27:07.646] [D] Spell_C::CastSpell(20271, 0, 0xF130001851000043, 0)
[09:27:07.681] [D] [Pulse] Slow bot root: 1014ms bot=Combat Bot poi=None combat=True
[09:27:09.330] [D] [Pulse] Slow bot root: 1535ms bot=Combat Bot poi=None combat=True
[09:27:11.050] [D] [Pulse] Slow bot root: 1569ms bot=Combat Bot poi=None combat=True
[09:27:12.608] [D] [Pulse] Slow bot root: 1441ms bot=Combat Bot poi=None combat=True
[09:27:12.609] [D] [Singular-DEBUG] Mechano-Tank is immune to Physical spell school
[09:27:16.681] [N] [Singular] Currect target is invalid. Switching to Mechano-Tank!
[09:27:16.718] [D] [Pulse] Slow bot root: 3990ms bot=Combat Bot poi=None combat=False
[09:27:17.091] [D] [Pulse] Slow plugin: name=AutoEquip2 elapsed=272ms
[09:27:17.161] [D] [Pulse] Slow plugin: name=Tidy Bags 3 Reloaded elapsed=69ms
[09:27:17.161] [D] [Singular-DEBUG] Switched targets!
[09:27:17.162] [D] [Singular-DEBUG] Melee Distance: 5
[09:27:17.162] [D] [Singular-DEBUG] Health: 95.26627218934911
[09:27:17.162] [D] [Singular-DEBUG] Level: 29
[09:27:17.162] [D] [Pulse] Slow shared pulse: total=443ms movement=0 objects=0 lua=30 info=0 loot=3 targeting=65 events=0 plugins=342 routine=0
[09:27:17.165] [D] [Singular-DEBUG] Mechano-Tank is immune to Physical spell school
[09:27:20.158] [N] [Singular] Casting Judgement of Light on Peacekeeper Security Suit
[09:27:20.158] [D] Spell_C::CastSpell(20271, 0, 0xF130001856000056, 0)
[09:27:20.192] [D] [Pulse] Slow bot root: 1296ms bot=Combat Bot poi=None combat=True
[09:27:20.309] [D] [Singular-DEBUG] Switched targets!
[09:27:20.309] [D] [Singular-DEBUG] Melee Distance: 5
[09:27:20.309] [D] [Singular-DEBUG] Health: 90.375
[09:27:20.309] [D] [Singular-DEBUG] Level: 27
[09:27:21.990] [N] [Singular] Casting Consecration on Peacekeeper Security Suit
[09:27:21.990] [D] Spell_C::CastSpell(26573, 0, 0xF130001856000056, 0)
[09:27:22.024] [D] [Pulse] Slow bot root: 1714ms bot=Combat Bot poi=None combat=True
[09:27:23.649] [D] [Pulse] Slow bot root: 1474ms bot=Combat Bot poi=None combat=True
[09:27:24.827] [N] [Singular] Casting Exorcism on Peacekeeper Security Suit
[09:27:24.827] [D] Spell_C::CastSpell(879, 0, 0xF130001856000056, 0)
[09:27:24.860] [D] [Pulse] Slow bot root: 1092ms bot=Combat Bot poi=None combat=True
[09:27:26.373] [D] [Pulse] Slow bot root: 1399ms bot=Combat Bot poi=None combat=True
[09:27:27.892] [D] [Pulse] Slow bot root: 1226ms bot=Combat Bot poi=None combat=True
[09:27:28.020] [D] [Pulse] Slow plugin: name=Tidy Bags 3 Reloaded elapsed=36ms
[09:27:28.990] [N] [Singular] Casting Judgement of Light on Peacekeeper Security Suit
[09:27:28.990] [D] Spell_C::CastSpell(20271, 0, 0xF130001856000056, 0)
[09:27:29.026] [D] [Pulse] Slow bot root: 1005ms bot=Combat Bot poi=None combat=True
[09:27:30.442] [D] [Pulse] Slow bot root: 1302ms bot=Combat Bot poi=None combat=True
[09:27:30.444] [D] [Singular-DEBUG] Mechano-Tank is immune to Physical spell school
[09:27:31.704] [D] [Pulse] Slow bot root: 1191ms bot=Combat Bot poi=None combat=True
[09:27:32.948] [D] [Pulse] Slow bot root: 1181ms bot=Combat Bot poi=None combat=True
[09:27:34.174] [D] [Pulse] Slow bot root: 1154ms bot=Combat Bot poi=None combat=True
[09:27:34.176] [D] [Singular-DEBUG] Mechano-Tank is immune to Physical spell school
[09:27:35.421] [D] [Pulse] Slow bot root: 1178ms bot=Combat Bot poi=None combat=True
[09:27:36.531] [N] [Singular] Currect target is invalid. Switching to Mechano-Tank!
[09:27:36.543] [D] [Pulse] Slow bot root: 1046ms bot=Combat Bot poi=None combat=True
[09:27:36.849] [D] [Singular-DEBUG] Switched targets!
[09:27:36.849] [D] [Singular-DEBUG] Melee Distance: 5
[09:27:36.849] [D] [Singular-DEBUG] Health: 31.221719457013574
[09:27:36.849] [D] [Singular-DEBUG] Level: 29
[09:27:37.785] [N] [Singular] Casting Judgement of Light on Mechano-Tank
[09:27:37.785] [D] Spell_C::CastSpell(20271, 0, 0xF130001851000045, 0)
[09:27:37.793] [D] [Pulse] Slow bot root: 857ms bot=Combat Bot poi=None combat=True
[09:27:37.795] [D] [Singular-DEBUG] Mechano-Tank is immune to Physical spell school
[09:27:39.000] [D] [Pulse] Slow bot root: 1146ms bot=Combat Bot poi=None combat=True
[09:27:40.220] [D] [Pulse] Slow bot root: 1158ms bot=Combat Bot poi=None combat=True
[09:27:40.222] [D] [Singular-DEBUG] Mechano-Tank is immune to Physical spell school
[09:27:42.230] [D] [Pulse] Slow bot root: 1950ms bot=Combat Bot poi=None combat=False
[09:27:43.808] [D] [Pulse] Slow bot root: 107ms bot=Combat Bot poi=None combat=False
[09:27:49.152] [D] [Pulse] Slow plugin: name=AutoEquip2 elapsed=89ms
[09:27:54.546] [N] [Singular] Casting Judgement of Light on Mechanized Guardian
[09:27:54.547] [D] Spell_C::CastSpell(20271, 0, 0xF13000185A000065, 0)
[09:27:54.553] [D] [Pulse] Slow bot root: 930ms bot=Combat Bot poi=None combat=True
[09:27:54.612] [D] [Singular-DEBUG] Switched targets!
[09:27:54.612] [D] [Singular-DEBUG] Melee Distance: 5.8333335
[09:27:54.612] [D] [Singular-DEBUG] Health: 81.23204596233641
[09:27:54.612] [D] [Singular-DEBUG] Level: 32
[09:27:55.705] [D] [Pulse] Slow bot root: 1093ms bot=Combat Bot poi=None combat=True
[09:27:55.707] [D] [Singular-DEBUG] Mechanized Guardian is immune to Physical spell school
[09:27:56.556] [N] [Singular] Casting Exorcism on Mechanized Guardian
[09:27:56.556] [D] Spell_C::CastSpell(879, 0, 0xF13000185A000065, 0)
[09:27:56.564] [D] [Pulse] Slow bot root: 792ms bot=Combat Bot poi=None combat=True
[09:27:57.752] [D] [Pulse] Slow bot root: 1121ms bot=Combat Bot poi=None combat=True
[09:27:59.546] [N] [Singular] Casting Consecration on Mechanized Guardian
[09:27:59.546] [D] Spell_C::CastSpell(26573, 0, 0xF13000185A000065, 0)
[09:27:59.579] [D] [Pulse] Slow bot root: 1160ms bot=Combat Bot poi=None combat=True
[09:27:59.721] [D] [Pulse] Slow plugin: name=Tidy Bags 3 Reloaded elapsed=37ms
[09:28:00.896] [D] [Pulse] Slow bot root: 1174ms bot=Combat Bot poi=None combat=True
[09:28:00.897] [D] [Singular-DEBUG] Mechanized Guardian is immune to Physical spell school
[09:28:02.107] [D] [Pulse] Slow bot root: 1103ms bot=Combat Bot poi=None combat=True
[09:28:02.108] [D] [Singular-DEBUG] Mechanized Guardian is immune to Physical spell school
[09:28:03.047] [N] [Singular] Casting Judgement of Light on Mechanized Guardian
[09:28:03.047] [D] Spell_C::CastSpell(20271, 0, 0xF13000185A000065, 0)
[09:28:03.081] [D] [Pulse] Slow bot root: 874ms bot=Combat Bot poi=None combat=True
[09:28:04.293] [D] [Pulse] Slow bot root: 1107ms bot=Combat Bot poi=None combat=True
[09:28:05.491] [D] [Pulse] Slow bot root: 1091ms bot=Combat Bot poi=None combat=True
[09:28:06.725] [D] [Pulse] Slow bot root: 1109ms bot=Combat Bot poi=None combat=True
[09:28:06.726] [D] [Singular-DEBUG] Mechanized Guardian is immune to Physical spell school
[09:28:07.873] [D] [Pulse] Slow bot root: 1050ms bot=Combat Bot poi=None combat=True
[09:28:07.874] [D] [Singular-DEBUG] Mechanized Guardian is immune to Physical spell school
[09:28:09.193] [D] [Pulse] Slow bot root: 1213ms bot=Combat Bot poi=None combat=True
[09:28:10.409] [D] [Pulse] Slow bot root: 1106ms bot=Combat Bot poi=None combat=True
[09:28:10.517] [D] [Pulse] Slow plugin: name=Tidy Bags 3 Reloaded elapsed=38ms
[09:28:11.585] [D] [Pulse] Slow bot root: 1067ms bot=Combat Bot poi=None combat=True
[09:28:12.543] [N] [Singular] Casting Judgement of Light on Mechanized Guardian
[09:28:12.543] [D] Spell_C::CastSpell(20271, 0, 0xF13000185A000065, 0)
[09:28:12.577] [D] [Pulse] Slow bot root: 866ms bot=Combat Bot poi=None combat=True
[09:28:13.816] [D] [Pulse] Slow bot root: 1134ms bot=Combat Bot poi=None combat=True
[09:28:13.817] [D] [Singular-DEBUG] Mechanized Guardian is immune to Physical spell school
[09:28:14.729] [N] [Singular] Casting Exorcism on Mechanized Guardian
[09:28:14.729] [D] Spell_C::CastSpell(879, 0, 0xF13000185A000065, 0)
[09:28:14.764] [D] [Pulse] Slow bot root: 836ms bot=Combat Bot poi=None combat=True
[09:28:15.910] [D] [Pulse] Slow bot root: 1039ms bot=Combat Bot poi=None combat=True
[09:28:17.480] [N] [Singular] Currect target is invalid. Switching to Dark Iron Agent!
[09:28:17.513] [D] [Pulse] Slow bot root: 940ms bot=Combat Bot poi=None combat=True
[09:28:17.852] [D] [Singular-DEBUG] Switched targets!
[09:28:17.852] [D] [Singular-DEBUG] Melee Distance: 5
[09:28:17.852] [D] [Singular-DEBUG] Health: 47.5
[09:28:17.852] [D] [Singular-DEBUG] Level: 27
[09:28:19.367] [D] [Pulse] Slow bot root: 1409ms bot=Combat Bot poi=None combat=True
[09:28:20.677] [D] [Pulse] Slow bot root: 1202ms bot=Combat Bot poi=None combat=True
[09:28:20.781] [D] [Pulse] Slow plugin: name=Tidy Bags 3 Reloaded elapsed=37ms
[09:28:21.981] [D] [Pulse] Slow bot root: 1199ms bot=Combat Bot poi=None combat=True
[09:28:23.262] [D] [Pulse] Slow bot root: 1176ms bot=Combat Bot poi=None combat=True
[09:28:24.167] [N] [Singular] Casting Judgement of Light on Dark Iron Agent
[09:28:24.167] [D] Spell_C::CastSpell(20271, 0, 0xF13000184400001F, 0)
[09:28:24.203] [D] [Pulse] Slow bot root: 802ms bot=Combat Bot poi=None combat=True
[09:28:25.477] [D] [Pulse] Slow bot root: 1172ms bot=Combat Bot poi=None combat=True
[09:28:26.689] [D] [Pulse] Slow bot root: 1107ms bot=Combat Bot poi=None combat=True
[09:28:27.755] [N] Stopping the bot!
[09:28:27.756] [N] Bot stopping! Reason: User request
[09:28:27.808] [D] Exception in GetReturnValues: Thread was interrupted from a waiting state.
[09:28:27.968] [D] [Pulse] Slow bot root: 1140ms bot=Combat Bot poi=None combat=True
[09:28:27.969] [D] Cleared POI
[09:28:27.971] [D] Worker thread exited cleanly
[09:28:37.739] [D] [Settings] Saved all settings
[09:28:37.739] [N] Starting the bot.
[09:28:37.741] [N] Currently Using BotBase : Combat Bot
[09:28:37.742] [N] Character is a level 28 BloodElf Paladin
[09:28:37.743] [N] Current zone is Gnomeregan
[09:28:37.743] [D] Loading profile from D:\World of Warcraft 3.3.5a\CB\Bots\WholesomeAutoQuest\WHOLESOME_AUTOQUESTER.xml
[09:28:37.745] [D] [CompileBatch] Compiling 1 entries...
[09:28:37.846] [D] [CompileBatch] Compiled successfully.
[09:28:37.846] [N] Profile loaded: WholesomeAQ - Thousand Needles
[09:28:37.847] [D] Selected sub-profile: WholesomeAQ - Thousand Needles (L1-80)
[09:28:37.908] [D] Setting CVars: autoSelfCast=1, autoLootDefault=1
[09:28:37.976] [D] Cleared POI
[09:28:37.976] [D] Refresh() called. LastCount=0, CurrentCount=34
[09:28:37.976] [N] Building spell book
[09:28:37.978] [D] Found 34 spells from LocalPlayer.KnownSpells
[09:28:37.978] [N] Adding Arcane Affinity
[09:28:37.979] [N] Adding Arcane Torrent
[09:28:37.980] [N] Adding Auto Attack
[09:28:37.981] [N] Adding Block
[09:28:37.982] [N] Adding Dodge
[09:28:37.983] [N] Adding Magic Resistance
[09:28:37.984] [N] Adding Parry
[09:28:37.985] [N] Adding Blessing of Wisdom
[09:28:37.987] [N] Adding Concentration Aura
[09:28:37.988] [N] Adding Consecration
[09:28:37.989] [N] Adding Exorcism
[09:28:37.990] [N] Adding Flash of Light
[09:28:37.991] [N] Adding Holy Light
[09:28:37.992] [N] Adding Lay on Hands
[09:28:37.998] [N] Adding Purify
[09:28:38.000] [N] Adding Seal of Righteousness
[09:28:38.001] [N] Adding Sense Undead
[09:28:38.002] [N] Adding Turn Evil
[09:28:38.003] [N] Adding Blessing of Kings
[09:28:38.004] [N] Adding Devotion Aura
[09:28:38.005] [N] Adding Divine Protection
[09:28:38.007] [N] Adding Hammer of Justice
[09:28:38.008] [N] Adding Hand of Freedom
[09:28:38.009] [N] Adding Hand of Protection
[09:28:38.010] [N] Adding Hand of Reckoning
[09:28:38.011] [N] Adding Hand of Salvation
[09:28:38.012] [N] Adding Righteous Defense
[09:28:38.013] [N] Adding Righteous Fury
[09:28:38.014] [N] Adding Seal of Justice
[09:28:38.015] [N] Adding Blessing of Might
[09:28:38.016] [N] Adding Judgement of Light
[09:28:38.017] [N] Adding Judgement of Wisdom
[09:28:38.018] [N] Adding Retribution Aura
[09:28:38.019] [N] Adding Seal of Command
[09:28:38.021] [N] Spell book built
[09:28:38.022] [D] [SpellManager] Initialize — subscribed to BotEvents.OnBotStart
[09:28:38.022] [D] Default area costs set (Road=1.0, Ground=1.66)
[09:28:38.022] [D] Faction filter set: Horde (excluding Alliance paths)
[09:28:38.024] [D] Refresh() called. LastCount=0, CurrentCount=34
[09:28:38.024] [N] Building spell book
[09:28:38.026] [D] Found 34 spells from LocalPlayer.KnownSpells
[09:28:38.026] [N] Adding Arcane Affinity
[09:28:38.027] [N] Adding Arcane Torrent
[09:28:38.028] [N] Adding Auto Attack
[09:28:38.029] [N] Adding Block
[09:28:38.030] [N] Adding Dodge
[09:28:38.031] [N] Adding Magic Resistance
[09:28:38.032] [N] Adding Parry
[09:28:38.033] [N] Adding Blessing of Wisdom
[09:28:38.035] [N] Adding Concentration Aura
[09:28:38.036] [N] Adding Consecration
[09:28:38.037] [N] Adding Exorcism
[09:28:38.038] [N] Adding Flash of Light
[09:28:38.039] [N] Adding Holy Light
[09:28:38.040] [N] Adding Lay on Hands
[09:28:38.045] [N] Adding Purify
[09:28:38.046] [N] Adding Seal of Righteousness
[09:28:38.047] [N] Adding Sense Undead
[09:28:38.048] [N] Adding Turn Evil
[09:28:38.049] [N] Adding Blessing of Kings
[09:28:38.050] [N] Adding Devotion Aura
[09:28:38.051] [N] Adding Divine Protection
[09:28:38.053] [N] Adding Hammer of Justice
[09:28:38.054] [N] Adding Hand of Freedom
[09:28:38.055] [N] Adding Hand of Protection
[09:28:38.056] [N] Adding Hand of Reckoning
[09:28:38.057] [N] Adding Hand of Salvation
[09:28:38.058] [N] Adding Righteous Defense
[09:28:38.059] [N] Adding Righteous Fury
[09:28:38.060] [N] Adding Seal of Justice
[09:28:38.062] [N] Adding Blessing of Might
[09:28:38.063] [N] Adding Judgement of Light
[09:28:38.064] [N] Adding Judgement of Wisdom
[09:28:38.065] [N] Adding Retribution Aura
[09:28:38.066] [N] Adding Seal of Command
[09:28:38.067] [N] Spell book built
[09:28:38.069] [D] [SpellManager] Subscribed to LEARNED_SPELL_IN_TAB, ACTIVE_TALENT_GROUP_CHANGED
[09:28:38.187] [D] [Pulse] Slow plugin: name=Tidy Bags 3 Reloaded elapsed=36ms
[09:28:38.190] [N] [Singular] Currect target is invalid. Switching to Mechanized Guardian!
[09:28:38.540] [D] [Singular-DEBUG] Switched targets!
[09:28:38.540] [D] [Singular-DEBUG] Melee Distance: 5.8333335
[09:28:38.540] [D] [Singular-DEBUG] Health: 96.8400893712097
[09:28:38.540] [D] [Singular-DEBUG] Level: 32
[09:28:39.520] [N] [Singular] Casting Judgement of Light on Mechanized Guardian
[09:28:39.520] [D] Spell_C::CastSpell(20271, 0, 0xF13000185A000175, 0)
[09:28:39.554] [D] [Pulse] Slow bot root: 904ms bot=Combat Bot poi=None combat=True
[09:28:40.736] [D] [Pulse] Slow bot root: 1072ms bot=Combat Bot poi=None combat=True
[09:28:41.583] [N] [Singular] Casting Exorcism on Mechanized Guardian
[09:28:41.583] [D] Spell_C::CastSpell(879, 0, 0xF13000185A000175, 0)
[09:28:41.616] [D] [Pulse] Slow bot root: 768ms bot=Combat Bot poi=None combat=True
[09:28:42.733] [D] [Pulse] Slow bot root: 1007ms bot=Combat Bot poi=None combat=True
[09:28:44.410] [N] [Singular] Casting Consecration on Mechanized Guardian
[09:28:44.410] [D] Spell_C::CastSpell(26573, 0, 0xF13000185A000175, 0)
[09:28:44.444] [D] [Pulse] Slow bot root: 1006ms bot=Combat Bot poi=None combat=True
[09:28:45.550] [D] [Pulse] Slow bot root: 1002ms bot=Combat Bot poi=None combat=True
[09:28:46.584] [D] [Pulse] Slow bot root: 930ms bot=Combat Bot poi=None combat=True
[09:28:47.640] [D] [Pulse] Slow bot root: 946ms bot=Combat Bot poi=None combat=True
[09:28:48.428] [N] [Singular] Casting Judgement of Light on Mechanized Guardian
[09:28:48.428] [D] Spell_C::CastSpell(20271, 0, 0xF13000185A000175, 0)
[09:28:48.463] [D] [Pulse] Slow bot root: 731ms bot=Combat Bot poi=None combat=True
[09:28:48.600] [D] [Pulse] Slow plugin: name=Tidy Bags 3 Reloaded elapsed=37ms
[09:28:49.561] [D] [Pulse] Slow bot root: 959ms bot=Combat Bot poi=None combat=True
[09:28:50.617] [D] [Pulse] Slow bot root: 962ms bot=Combat Bot poi=None combat=True
[09:28:51.829] [D] [Pulse] Slow bot root: 1100ms bot=Combat Bot poi=None combat=True
[09:28:53.110] [D] [MeshNavigator] Skipped 2 path nodes
[09:28:53.143] [D] [Pulse] Slow bot root: 1204ms bot=Combat Bot poi=None combat=True
[09:28:54.533] [D] [MeshNavigator] Skipped 2 path nodes
[09:28:54.567] [D] [Pulse] Slow bot root: 1311ms bot=Combat Bot poi=None combat=True
[09:28:56.178] [D] [Pulse] Slow bot root: 1469ms bot=Combat Bot poi=None combat=True
[09:28:57.286] [N] [Singular] Casting Judgement of Light on Mechanized Guardian
[09:28:57.286] [D] Spell_C::CastSpell(20271, 0, 0xF13000185A000175, 0)
[09:28:57.320] [D] [Pulse] Slow bot root: 1034ms bot=Combat Bot poi=None combat=True
[09:28:58.845] [D] [Pulse] Slow bot root: 1389ms bot=Combat Bot poi=None combat=True
[09:28:58.947] [D] [Pulse] Slow plugin: name=Tidy Bags 3 Reloaded elapsed=36ms
[09:28:59.958] [N] [Singular] Casting Exorcism on Mechanized Guardian
[09:28:59.958] [D] Spell_C::CastSpell(879, 0, 0xF13000185A000175, 0)
[09:28:59.991] [D] [Pulse] Slow bot root: 1043ms bot=Combat Bot poi=None combat=True
[09:29:01.524] [D] [Pulse] Slow bot root: 1390ms bot=Combat Bot poi=None combat=True
[09:29:03.324] [D] [Pulse] Slow bot root: 1400ms bot=Combat Bot poi=None combat=True
[09:29:04.811] [D] [Pulse] Slow bot root: 1371ms bot=Combat Bot poi=None combat=True
[09:29:05.793] [N] [Singular] Casting Judgement of Light on Mechanized Guardian
[09:29:05.794] [D] Spell_C::CastSpell(20271, 0, 0xF13000185A000175, 0)
[09:29:05.827] [D] [Pulse] Slow bot root: 902ms bot=Combat Bot poi=None combat=True
[09:29:07.385] [D] [Pulse] Slow bot root: 1406ms bot=Combat Bot poi=None combat=True
[09:29:07.388] [D] [Singular-DEBUG] Mechanized Guardian is immune to Physical spell school
[09:29:08.835] [D] [Pulse] Slow bot root: 1335ms bot=Combat Bot poi=None combat=True
[09:29:08.838] [D] [Singular-DEBUG] Mechanized Guardian is immune to Physical spell school
[09:29:08.954] [D] [Pulse] Slow plugin: name=Tidy Bags 3 Reloaded elapsed=37ms
[09:29:10.222] [N] [Singular] Casting Consecration on Mechanized Guardian
[09:29:10.222] [D] Spell_C::CastSpell(26573, 0, 0xF13000185A000175, 0)
[09:29:10.256] [D] [Pulse] Slow bot root: 1302ms bot=Combat Bot poi=None combat=True
[09:29:11.681] [D] [Pulse] Slow bot root: 1305ms bot=Combat Bot poi=None combat=True
[09:29:13.109] [D] [Pulse] Slow bot root: 1283ms bot=Combat Bot poi=None combat=True
[09:29:13.785] [N] [Singular] Currect target is invalid. Switching to Mechanized Guardian!
[09:29:13.814] [D] [Pulse] Slow bot root: 602ms bot=Combat Bot poi=None combat=True
[09:29:14.142] [D] [Singular-DEBUG] Switched targets!
[09:29:14.142] [D] [Singular-DEBUG] Melee Distance: 5.8333335
[09:29:14.142] [D] [Singular-DEBUG] Health: 2.1462105969148224
[09:29:14.142] [D] [Singular-DEBUG] Level: 31
[09:29:15.369] [N] [Singular] Casting Judgement of Light on Mechanized Guardian
[09:29:15.369] [D] Spell_C::CastSpell(20271, 0, 0xF13000185A00016F, 0)
[09:29:15.403] [D] [Pulse] Slow bot root: 966ms bot=Combat Bot poi=None combat=True
[09:29:16.500] [N] [Singular] Currect target is invalid. Switching to Dark Iron Agent!
[09:29:16.525] [D] [Pulse] Slow bot root: 1008ms bot=Combat Bot poi=None combat=True
[09:29:16.885] [D] [Singular-DEBUG] Switched targets!
[09:29:16.885] [D] [Singular-DEBUG] Melee Distance: 5
[09:29:16.885] [D] [Singular-DEBUG] Health: 68.70833333333333
[09:29:16.885] [D] [Singular-DEBUG] Level: 27
[09:29:17.998] [N] [Singular] Casting Exorcism on Dark Iron Agent
[09:29:17.998] [D] Spell_C::CastSpell(879, 0, 0xF13000184400013B, 0)
[09:29:18.032] [D] [Pulse] Slow bot root: 1036ms bot=Combat Bot poi=None combat=True
[09:29:19.316] [D] [Pulse] Slow bot root: 1172ms bot=Combat Bot poi=None combat=True
[09:29:19.423] [D] [Pulse] Slow plugin: name=Tidy Bags 3 Reloaded elapsed=37ms
[09:29:21.005] [D] [Pulse] Slow bot root: 1155ms bot=Combat Bot poi=None combat=True
[09:29:22.296] [D] [Pulse] Slow bot root: 1199ms bot=Combat Bot poi=None combat=True
[09:29:23.569] [D] [Pulse] Slow bot root: 1157ms bot=Combat Bot poi=None combat=True
[09:29:23.569] [N] [AutoEquip]: Loot roll in progress
[09:29:23.670] [N] [AutoEquip]: Rolling Greed
[09:29:23.813] [D] [Pulse] Slow shared pulse: total=243ms movement=0 objects=0 lua=133 info=0 loot=3 targeting=66 events=0 plugins=39 routine=0
[09:29:24.714] [N] [Singular] Casting Judgement of Light on Dark Iron Agent
[09:29:24.714] [D] Spell_C::CastSpell(20271, 0, 0xF13000184400013B, 0)
[09:29:24.747] [D] [Pulse] Slow bot root: 934ms bot=Combat Bot poi=None combat=True
[09:29:26.192] [D] [Pulse] Slow bot root: 1337ms bot=Combat Bot poi=None combat=True
[09:29:27.448] [D] [Pulse] Slow bot root: 1145ms bot=Combat Bot poi=None combat=True
[09:29:28.787] [D] [Pulse] Slow bot root: 1167ms bot=Combat Bot poi=None combat=True
[09:29:28.789] [D] [Singular-DEBUG] Mechanized Guardian is immune to Physical spell school
[09:29:28.790] [D] [Singular-DEBUG] Mechanized Guardian is immune to Physical spell school
[09:29:30.203] [D] [Pulse] Slow bot root: 1301ms bot=Combat Bot poi=None combat=True
[09:29:30.311] [D] [Pulse] Slow plugin: name=Tidy Bags 3 Reloaded elapsed=36ms
[09:29:31.514] [D] [Pulse] Slow bot root: 1202ms bot=Combat Bot poi=None combat=True
[09:29:31.515] [D] [Singular-DEBUG] Mechanized Guardian is immune to Physical spell school
[09:29:32.819] [D] [Pulse] Slow bot root: 1195ms bot=Combat Bot poi=None combat=True
[09:29:33.863] [N] [Singular] Casting Judgement of Light on Dark Iron Agent
[09:29:33.863] [D] Spell_C::CastSpell(20271, 0, 0xF13000184400013B, 0)
[09:29:33.897] [D] [Pulse] Slow bot root: 932ms bot=Combat Bot poi=None combat=True
[09:29:33.898] [D] [Singular-DEBUG] Mechanized Guardian is immune to Physical spell school
[09:29:35.244] [D] [Pulse] Slow bot root: 1236ms bot=Combat Bot poi=None combat=True
[09:29:36.257] [N] [Singular] Casting Exorcism on Dark Iron Agent
[09:29:36.257] [D] Spell_C::CastSpell(879, 0, 0xF13000184400013B, 0)
[09:29:36.291] [D] [Pulse] Slow bot root: 933ms bot=Combat Bot poi=None combat=True
[09:29:37.638] [D] [Pulse] Slow bot root: 1235ms bot=Combat Bot poi=None combat=True
[09:29:37.639] [D] [Singular-DEBUG] Mechanized Guardian is immune to Physical spell school
[09:29:39.327] [D] [Pulse] Slow bot root: 1230ms bot=Combat Bot poi=None combat=True
[09:29:40.713] [D] [Pulse] Slow bot root: 1274ms bot=Combat Bot poi=None combat=True
[09:29:40.715] [D] [Singular-DEBUG] Mechanized Guardian is immune to Physical spell school
[09:29:40.822] [D] [Pulse] Slow plugin: name=Tidy Bags 3 Reloaded elapsed=35ms
[09:29:41.993] [N] [Singular] Currect target is invalid. Switching to Dark Iron Land Mine!
[09:29:42.024] [D] [Pulse] Slow bot root: 1200ms bot=Combat Bot poi=None combat=True
[09:29:42.339] [D] [Singular-DEBUG] Switched targets!
[09:29:42.339] [D] [Singular-DEBUG] Melee Distance: 5
[09:29:42.339] [D] [Singular-DEBUG] Health: 68.86792452830188
[09:29:42.339] [D] [Singular-DEBUG] Level: 32
[09:29:43.349] [N] [Singular] Casting Judgement of Light on Dark Iron Land Mine
[09:29:43.350] [D] Spell_C::CastSpell(20271, 0, 0xF130001F63000197, 0)
[09:29:43.383] [D] [Pulse] Slow bot root: 934ms bot=Combat Bot poi=None combat=True
[09:29:44.801] [D] [Pulse] Slow bot root: 1271ms bot=Combat Bot poi=None combat=True
[09:29:44.803] [D] [Singular-DEBUG] Mechanized Guardian is immune to Physical spell school
[09:29:45.981] [N] [Singular] Currect target is invalid. Switching to Mechanized Guardian!
[09:29:46.008] [D] [Pulse] Slow bot root: 1096ms bot=Combat Bot poi=None combat=True
[09:29:46.118] [D] [Singular-DEBUG] Switched targets!
[09:29:46.118] [D] [Singular-DEBUG] Melee Distance: 5.8333335
[09:29:46.118] [D] [Singular-DEBUG] Health: 99.66465459423206
[09:29:46.118] [D] [Singular-DEBUG] Level: 31
[09:29:46.337] [D] [Singular-DEBUG] Switched targets!
[09:29:46.337] [D] [Singular-DEBUG] Melee Distance: 5.8333335
[09:29:46.337] [D] [Singular-DEBUG] Health: 30.03511011809767
[09:29:46.337] [D] [Singular-DEBUG] Level: 32
[09:29:47.938] [D] [Pulse] Slow bot root: 1305ms bot=Combat Bot poi=None combat=True
[09:29:49.391] [D] [Pulse] Slow bot root: 1338ms bot=Combat Bot poi=None combat=True
[09:29:49.604] [N] [Singular] Casting Lay on Hands on Myself
[09:29:49.604] [D] Spell_C::CastSpell(633, 0, 0x6000000007EAB80, 0)
[09:29:49.640] [D] [Singular-DEBUG] Mechanized Guardian is immune to Physical spell school
[09:29:51.225] [D] [Pulse] Slow bot root: 1473ms bot=Combat Bot poi=None combat=True
[09:29:51.332] [D] [Pulse] Slow plugin: name=Tidy Bags 3 Reloaded elapsed=35ms
[09:29:52.666] [D] [Pulse] Slow bot root: 1332ms bot=Combat Bot poi=None combat=True
[09:29:52.667] [D] [Singular-DEBUG] Mechanized Guardian is immune to Physical spell school
[09:29:54.153] [D] [Pulse] Slow bot root: 1374ms bot=Combat Bot poi=None combat=True
[09:29:55.233] [N] [Singular] Casting Judgement of Light on Mechanized Guardian
[09:29:55.233] [D] Spell_C::CastSpell(20271, 0, 0xF13000185A000171, 0)
[09:29:55.270] [D] [Pulse] Slow bot root: 1004ms bot=Combat Bot poi=None combat=True
[09:29:56.757] [D] [Pulse] Slow bot root: 1343ms bot=Combat Bot poi=None combat=True
[09:29:56.758] [D] [Singular-DEBUG] Mechanized Guardian is immune to Physical spell school
[09:29:56.878] [N] [Singular] Currect target is invalid. Switching to Mechanized Guardian!
[09:29:57.220] [D] [Singular-DEBUG] Switched targets!
[09:29:57.220] [D] [Singular-DEBUG] Melee Distance: 5.8333335
[09:29:57.220] [D] [Singular-DEBUG] Health: 81.92488262910798
[09:29:57.220] [D] [Singular-DEBUG] Level: 31
[09:29:58.747] [D] [Pulse] Slow bot root: 1238ms bot=Combat Bot poi=None combat=True
[09:30:00.095] [D] [Pulse] Slow bot root: 1208ms bot=Combat Bot poi=None combat=True
[09:30:01.413] [D] [Pulse] Slow bot root: 1210ms bot=Combat Bot poi=None combat=True
[09:30:01.554] [D] [Pulse] Slow plugin: name=Tidy Bags 3 Reloaded elapsed=36ms
[09:30:02.787] [D] [Pulse] Slow bot root: 1233ms bot=Combat Bot poi=None combat=True
[09:30:04.173] [D] [Pulse] Slow bot root: 1276ms bot=Combat Bot poi=None combat=True
[09:30:05.145] [N] [Singular] Casting Judgement of Light on Mechanized Guardian
[09:30:05.145] [D] Spell_C::CastSpell(20271, 0, 0xF13000185A000199, 0)
[09:30:05.178] [D] [Pulse] Slow bot root: 900ms bot=Combat Bot poi=None combat=True
[09:30:06.522] [D] [Pulse] Slow bot root: 1237ms bot=Combat Bot poi=None combat=True
[09:30:07.862] [D] [Pulse] Slow bot root: 1201ms bot=Combat Bot poi=None combat=True
[09:30:08.831] [N] [Singular] Casting Exorcism on Mechanized Guardian
[09:30:08.831] [D] Spell_C::CastSpell(879, 0, 0xF13000185A000199, 0)
[09:30:08.865] [D] [Pulse] Slow bot root: 896ms bot=Combat Bot poi=None combat=True
[09:30:10.217] [D] [Pulse] Slow bot root: 1241ms bot=Combat Bot poi=None combat=True
[09:30:11.885] [D] [Pulse] Slow bot root: 1147ms bot=Combat Bot poi=None combat=True
[09:30:12.013] [D] [Pulse] Slow plugin: name=Tidy Bags 3 Reloaded elapsed=37ms
[09:30:13.201] [D] [Pulse] Slow bot root: 1187ms bot=Combat Bot poi=None combat=True
[09:30:13.202] [D] [Singular-DEBUG] Mechanized Guardian is immune to Physical spell school
[09:30:14.444] [D] [Pulse] Slow bot root: 1163ms bot=Combat Bot poi=None combat=True
[09:30:14.446] [D] [Singular-DEBUG] Mechanized Guardian is immune to Physical spell school
[09:30:15.543] [N] [Singular] Currect target is invalid. Switching to Dark Iron Agent!
[09:30:15.570] [D] [Pulse] Slow bot root: 1041ms bot=Combat Bot poi=None combat=True
[09:30:15.880] [D] [Singular-DEBUG] Switched targets!
[09:30:15.880] [D] [Singular-DEBUG] Melee Distance: 5
[09:30:15.880] [D] [Singular-DEBUG] Health: 12.083333333333334
[09:30:15.880] [D] [Singular-DEBUG] Level: 27
[09:30:16.889] [N] [Singular] Casting Judgement of Light on Dark Iron Agent
[09:30:16.889] [D] Spell_C::CastSpell(20271, 0, 0xF13000184400013C, 0)
[09:30:16.923] [D] [Pulse] Slow bot root: 937ms bot=Combat Bot poi=None combat=True
[09:30:18.250] [D] [Pulse] Slow bot root: 1183ms bot=Combat Bot poi=None combat=True
[09:30:19.469] [D] [Pulse] Slow bot root: 1127ms bot=Combat Bot poi=None combat=True
[09:30:20.691] [D] [Pulse] Slow bot root: 1112ms bot=Combat Bot poi=None combat=True
[09:30:21.719] [N] [Singular] Currect target is invalid. Switching to Mechanized Guardian!
[09:30:21.750] [D] [Pulse] Slow bot root: 968ms bot=Combat Bot poi=None combat=True
[09:30:22.082] [D] [Pulse] Slow plugin: name=Tidy Bags 3 Reloaded elapsed=38ms
[09:30:22.082] [D] [Singular-DEBUG] Switched targets!
[09:30:22.082] [D] [Singular-DEBUG] Melee Distance: 5.8333335
[09:30:22.082] [D] [Singular-DEBUG] Health: 67.97451374916163
[09:30:22.082] [D] [Singular-DEBUG] Level: 31
[09:30:23.474] [D] [Pulse] Slow bot root: 1127ms bot=Combat Bot poi=None combat=True
[09:30:24.645] [D] [Pulse] Slow bot root: 1090ms bot=Combat Bot poi=None combat=True
[09:30:25.822] [D] [Pulse] Slow bot root: 1098ms bot=Combat Bot poi=None combat=True
[09:30:25.824] [D] [Singular-DEBUG] Mechanized Guardian is immune to Physical spell school
[09:30:27.064] [D] [Pulse] Slow bot root: 1134ms bot=Combat Bot poi=None combat=True
[09:30:28.038] [N] [Singular] Casting Judgement of Light on Mechanized Guardian
[09:30:28.038] [D] Spell_C::CastSpell(20271, 0, 0xF13000185A000198, 0)
[09:30:28.071] [D] [Pulse] Slow bot root: 874ms bot=Combat Bot poi=None combat=True
[09:30:29.322] [D] [Pulse] Slow bot root: 1145ms bot=Combat Bot poi=None combat=True
[09:30:30.564] [D] [Pulse] Slow bot root: 1108ms bot=Combat Bot poi=None combat=True
[09:30:31.723] [D] [Pulse] Slow bot root: 1060ms bot=Combat Bot poi=None combat=True
[09:30:32.900] [D] [Pulse] Slow bot root: 1103ms bot=Combat Bot poi=None combat=True
[09:30:33.038] [D] [Pulse] Slow plugin: name=Tidy Bags 3 Reloaded elapsed=38ms
[09:30:34.182] [D] [Pulse] Slow bot root: 1144ms bot=Combat Bot poi=None combat=True
[09:30:35.169] [N] [Singular] Casting Exorcism on Mechanized Guardian
[09:30:35.169] [D] Spell_C::CastSpell(879, 0, 0xF13000185A000198, 0)
[09:30:35.203] [D] [Pulse] Slow bot root: 907ms bot=Combat Bot poi=None combat=True
[09:30:36.444] [D] [Pulse] Slow bot root: 1133ms bot=Combat Bot poi=None combat=True
[09:30:39.091] [D] [Pulse] Slow bot root: 2000ms bot=Combat Bot poi=None combat=False
[09:30:39.290] [N] Eating Bristle Whisker Catfish
[09:30:39.662] [N] Drinking Sweet Nectar
[09:30:43.294] [D] [Pulse] Slow plugin: name=AutoEquip2 elapsed=275ms
[09:30:43.362] [D] [Pulse] Slow plugin: name=Tidy Bags 3 Reloaded elapsed=66ms
[09:30:43.362] [D] [Pulse] Slow shared pulse: total=404ms movement=0 objects=0 lua=0 info=0 loot=3 targeting=56 events=0 plugins=343 routine=0
[09:31:02.312] [N] [Singular] Casting Blessing of Kings on Paladin
[09:31:02.312] [D] Spell_C::CastSpell(20217, 0, 0x6000000007ECC60, 0)
[09:31:03.144] [D] [Pulse] Slow plugin: name=AutoEquip2 elapsed=57ms
[09:31:04.401] [N] [Singular] Casting Blessing of Kings on Paladin
[09:31:04.401] [D] Spell_C::CastSpell(20217, 0, 0x6000000007F2754, 0)
[09:31:08.250] [N] [Singular] Casting Blessing of Might on Myself
[09:31:08.250] [D] Spell_C::CastSpell(19835, 0, 0x6000000007EAB80, 0)
[09:31:13.187] [D] [Pulse] Slow plugin: name=AutoEquip2 elapsed=52ms
[09:31:22.572] [D] [Pulse] Slow plugin: name=Tidy Bags 3 Reloaded elapsed=56ms
[09:31:23.226] [D] [Pulse] Slow plugin: name=AutoEquip2 elapsed=59ms
[09:31:28.001] [N] [Singular] Casting Blessing of Kings on Druid
[09:31:28.001] [D] Spell_C::CastSpell(20217, 0, 0x6000000007EC9C8, 0)
[09:31:30.597] [N] [Singular] Casting Blessing of Kings on Druid
[09:31:30.597] [D] Spell_C::CastSpell(20217, 0, 0x6000000007EC9CB, 0)
[09:31:33.249] [D] [Pulse] Slow plugin: name=AutoEquip2 elapsed=53ms
[09:31:43.264] [D] [Pulse] Slow plugin: name=AutoEquip2 elapsed=52ms
[09:31:45.856] [N] [AutoEquip]: Loot roll in progress
[09:31:45.880] [N] [AutoEquip]: Equipped item in slot:WaistSlot scored 17.695 while loot-roll item scored:1.9333334
[09:31:45.880] [N] [AutoEquip]: New item did not contain our primary stat of:Strength so we are not rolling need.
[09:31:45.880] [N] [AutoEquip]: Rolling Greed
[09:31:52.522] [N] [Singular] Casting Blessing of Might on Paladin
[09:31:52.522] [D] Spell_C::CastSpell(19835, 0, 0x6000000007F2754, 0)
[09:31:53.343] [D] [Pulse] Slow plugin: name=AutoEquip2 elapsed=72ms
[09:31:55.266] [N] [Singular] Casting Blessing of Might on Druid
[09:31:55.266] [D] Spell_C::CastSpell(19835, 0, 0x6000000007EC9C8, 0)
[09:32:03.380] [D] [Pulse] Slow plugin: name=AutoEquip2 elapsed=60ms
[09:32:13.498] [D] [Pulse] Slow plugin: name=AutoEquip2 elapsed=69ms
[09:32:14.980] [D] [Singular-DEBUG] Switched targets!
[09:32:14.980] [D] [Singular-DEBUG] Melee Distance: 5
[09:32:14.980] [D] [Singular-DEBUG] Health: 60.041666666666664
[09:32:14.980] [D] [Singular-DEBUG] Level: 27
[09:32:15.845] [N] [Singular] Casting Judgement of Light on Dark Iron Agent
[09:32:15.845] [D] Spell_C::CastSpell(20271, 0, 0xF130001844000135, 0)
[09:32:15.851] [D] [Pulse] Slow bot root: 870ms bot=Combat Bot poi=None combat=True
[09:32:17.145] [D] [Pulse] Slow bot root: 1228ms bot=Combat Bot poi=None combat=True
[09:32:18.048] [N] [Singular] Casting Exorcism on Dark Iron Agent
[09:32:18.048] [D] Spell_C::CastSpell(879, 0, 0xF130001844000135, 0)
[09:32:18.054] [D] [Pulse] Slow bot root: 854ms bot=Combat Bot poi=None combat=True
[09:32:19.309] [D] [Pulse] Slow bot root: 1201ms bot=Combat Bot poi=None combat=True
[09:32:21.076] [D] [Pulse] Slow bot root: 1164ms bot=Combat Bot poi=None combat=True
[09:32:22.278] [D] [Pulse] Slow bot root: 1138ms bot=Combat Bot poi=None combat=True
[09:32:23.458] [D] [Pulse] Slow bot root: 1124ms bot=Combat Bot poi=None combat=True
[09:32:24.336] [N] [Singular] Casting Judgement of Light on Dark Iron Agent
[09:32:24.336] [D] Spell_C::CastSpell(20271, 0, 0xF130001844000135, 0)
[09:32:24.342] [D] [Pulse] Slow bot root: 825ms bot=Combat Bot poi=None combat=True
[09:32:24.344] [D] [Singular-DEBUG] Dark Iron Land Mine is immune to Physical spell school
[09:32:25.510] [D] [Pulse] Slow bot root: 1113ms bot=Combat Bot poi=None combat=True
[09:32:26.680] [D] [Pulse] Slow bot root: 1110ms bot=Combat Bot poi=None combat=True
[09:32:26.815] [D] [Singular-DEBUG] Dark Iron Land Mine is immune to Physical spell school
[09:32:29.755] [D] [Pulse] Slow plugin: name=Tidy Bags 3 Reloaded elapsed=49ms
[09:32:30.865] [D] [Singular-DEBUG] Dark Iron Land Mine is immune to Physical spell school
[09:32:33.078] [D] [Singular-DEBUG] Switched targets!
[09:32:33.078] [D] [Singular-DEBUG] Melee Distance: 5
[09:32:33.078] [D] [Singular-DEBUG] Health: 85.79166666666667
[09:32:33.078] [D] [Singular-DEBUG] Level: 27
[09:32:33.977] [N] [Singular] Casting Judgement of Light on Dark Iron Agent
[09:32:33.977] [D] Spell_C::CastSpell(20271, 0, 0xF13000184400014C, 0)
[09:32:33.984] [D] [Pulse] Slow bot root: 789ms bot=Combat Bot poi=None combat=True
[09:32:33.985] [D] [Singular-DEBUG] Dark Iron Land Mine is immune to Physical spell school
[09:32:35.123] [D] [Pulse] Slow bot root: 1085ms bot=Combat Bot poi=None combat=True
[09:32:35.984] [N] [Singular] Casting Exorcism on Dark Iron Agent
[09:32:35.984] [D] Spell_C::CastSpell(879, 0, 0xF13000184400014C, 0)
[09:32:35.991] [D] [Pulse] Slow bot root: 813ms bot=Combat Bot poi=None combat=True
[09:32:37.158] [D] [Pulse] Slow bot root: 1110ms bot=Combat Bot poi=None combat=True
[09:32:38.889] [D] [Pulse] Slow bot root: 1088ms bot=Combat Bot poi=None combat=True
[09:32:40.015] [D] [Pulse] Slow bot root: 1072ms bot=Combat Bot poi=None combat=True
[09:32:41.145] [D] [Pulse] Slow bot root: 1073ms bot=Combat Bot poi=None combat=True
[09:32:42.283] [D] [Pulse] Slow bot root: 1090ms bot=Combat Bot poi=None combat=True
[09:32:43.129] [N] [Singular] Casting Judgement of Light on Dark Iron Agent
[09:32:43.129] [D] Spell_C::CastSpell(20271, 0, 0xF13000184400014C, 0)
[09:32:43.135] [D] [Pulse] Slow bot root: 796ms bot=Combat Bot poi=None combat=True
[09:32:44.272] [D] [Pulse] Slow bot root: 1082ms bot=Combat Bot poi=None combat=True
[09:32:45.400] [D] [Pulse] Slow bot root: 1075ms bot=Combat Bot poi=None combat=True
[09:32:46.530] [D] [Pulse] Slow bot root: 1080ms bot=Combat Bot poi=None combat=True
[09:32:47.662] [D] [Pulse] Slow bot root: 1080ms bot=Combat Bot poi=None combat=True
[09:32:48.647] [N] [Singular] Currect target is invalid. Switching to Dark Iron Agent!
[09:32:48.657] [D] [Pulse] Slow bot root: 937ms bot=Combat Bot poi=None combat=False
[09:32:48.979] [D] [Singular-DEBUG] Switched targets!
[09:32:48.979] [D] [Singular-DEBUG] Melee Distance: 5
[09:32:48.979] [D] [Singular-DEBUG] Health: 57.583333333333336
[09:32:48.979] [D] [Singular-DEBUG] Level: 27
[09:32:51.183] [D] [Pulse] Slow plugin: name=Tidy Bags 3 Reloaded elapsed=50ms
[09:32:54.442] [D] [Pulse] Slow plugin: name=AutoEquip2 elapsed=69ms
[09:32:56.818] [D] [Singular-DEBUG] Switched targets!
[09:32:56.818] [D] [Singular-DEBUG] Melee Distance: 5
[09:32:56.818] [D] [Singular-DEBUG] Health: 99.025
[09:32:56.818] [D] [Singular-DEBUG] Level: 27
[09:32:57.654] [N] [Singular] Casting Judgement of Light on Arcane Nullifier X-21
[09:32:57.654] [D] Spell_C::CastSpell(20271, 0, 0xF130001858000160, 0)
[09:32:57.665] [D] [Pulse] Slow bot root: 846ms bot=Combat Bot poi=None combat=True
[09:32:58.922] [D] [Pulse] Slow bot root: 1189ms bot=Combat Bot poi=None combat=True
[09:33:00.149] [D] [Pulse] Slow bot root: 1148ms bot=Combat Bot poi=None combat=True
[09:33:01.019] [N] [Singular] Casting Exorcism on Arcane Nullifier X-21
[09:33:01.019] [D] Spell_C::CastSpell(879, 0, 0xF130001858000160, 0)
[09:33:01.026] [D] [Pulse] Slow bot root: 803ms bot=Combat Bot poi=None combat=True
[09:33:02.259] [D] [Pulse] Slow bot root: 1173ms bot=Combat Bot poi=None combat=True
[09:33:04.466] [N] [Singular] Casting Consecration on Arcane Nullifier X-21
[09:33:04.466] [D] Spell_C::CastSpell(26573, 0, 0xF130001858000160, 0)
[09:33:04.473] [D] [Pulse] Slow bot root: 1126ms bot=Combat Bot poi=None combat=True
[09:33:05.861] [D] [Pulse] Slow bot root: 1320ms bot=Combat Bot poi=None combat=True
[09:33:06.856] [N] [Singular] Casting Judgement of Light on Arcane Nullifier X-21
[09:33:06.856] [D] Spell_C::CastSpell(20271, 0, 0xF130001858000160, 0)
[09:33:06.866] [D] [Pulse] Slow bot root: 945ms bot=Combat Bot poi=None combat=True
[09:33:08.224] [D] [Pulse] Slow bot root: 1302ms bot=Combat Bot poi=None combat=True
[09:33:09.580] [D] [Pulse] Slow bot root: 1299ms bot=Combat Bot poi=None combat=True
[09:33:10.951] [D] [Pulse] Slow bot root: 1298ms bot=Combat Bot poi=None combat=True
[09:33:11.025] [N] [Singular] Casting Divine Protection on Myself
[09:33:11.025] [D] Spell_C::CastSpell(498, 0, 0x6000000007EAB80, 0)
[09:33:12.302] [D] [Pulse] Slow bot root: 1216ms bot=Combat Bot poi=None combat=True
[09:33:13.581] [N] [Singular] Casting Consecration on Arcane Nullifier X-21
[09:33:13.581] [D] Spell_C::CastSpell(26573, 0, 0xF130001858000160, 0)
[09:33:13.588] [D] [Pulse] Slow bot root: 1226ms bot=Combat Bot poi=None combat=True
[09:33:14.868] [D] [Pulse] Slow bot root: 1221ms bot=Combat Bot poi=None combat=True
[09:33:15.803] [N] [Singular] Casting Judgement of Light on Arcane Nullifier X-21
[09:33:15.803] [D] Spell_C::CastSpell(20271, 0, 0xF130001858000160, 0)
[09:33:15.815] [D] [Pulse] Slow bot root: 886ms bot=Combat Bot poi=None combat=True
[09:33:17.079] [D] [Pulse] Slow bot root: 1210ms bot=Combat Bot poi=None combat=True
[09:33:18.329] [D] [Pulse] Slow bot root: 1187ms bot=Combat Bot poi=None combat=True
[09:33:19.245] [N] [Singular] Casting Exorcism on Arcane Nullifier X-21
[09:33:19.245] [D] Spell_C::CastSpell(879, 0, 0xF130001858000160, 0)
[09:33:19.251] [D] [Pulse] Slow bot root: 867ms bot=Combat Bot poi=None combat=True
[09:33:20.550] [D] [Pulse] Slow bot root: 1240ms bot=Combat Bot poi=None combat=True
[09:33:22.760] [N] [Singular] Casting Consecration on Arcane Nullifier X-21
[09:33:22.760] [D] Spell_C::CastSpell(26573, 0, 0xF130001858000160, 0)
[09:33:22.767] [D] [Pulse] Slow bot root: 1254ms bot=Combat Bot poi=None combat=True
[09:33:24.015] [D] [Pulse] Slow bot root: 1193ms bot=Combat Bot poi=None combat=True
[09:33:24.913] [N] [Singular] Casting Judgement of Light on Arcane Nullifier X-21
[09:33:24.913] [D] Spell_C::CastSpell(20271, 0, 0xF130001858000160, 0)
[09:33:24.921] [D] [Pulse] Slow bot root: 850ms bot=Combat Bot poi=None combat=True
[09:33:26.155] [D] [Pulse] Slow bot root: 1181ms bot=Combat Bot poi=None combat=True
[09:33:27.376] [D] [Pulse] Slow bot root: 1161ms bot=Combat Bot poi=None combat=True
[09:33:28.657] [D] [Pulse] Slow bot root: 1223ms bot=Combat Bot poi=None combat=True
[09:33:29.942] [D] [Pulse] Slow bot root: 1225ms bot=Combat Bot poi=None combat=True
[09:33:31.184] [N] [Singular] Casting Consecration on Arcane Nullifier X-21
[09:33:31.184] [D] Spell_C::CastSpell(26573, 0, 0xF130001858000160, 0)
[09:33:31.190] [D] [Pulse] Slow bot root: 1195ms bot=Combat Bot poi=None combat=True
[09:33:32.463] [D] [Pulse] Slow bot root: 1205ms bot=Combat Bot poi=None combat=True
[09:33:33.408] [N] [Singular] Casting Judgement of Light on Arcane Nullifier X-21
[09:33:33.408] [D] Spell_C::CastSpell(20271, 0, 0xF130001858000160, 0)
[09:33:33.443] [D] [Pulse] Slow bot root: 919ms bot=Combat Bot poi=None combat=True
[09:33:33.552] [D] [Pulse] Slow plugin: name=Tidy Bags 3 Reloaded elapsed=37ms
[09:33:34.557] [N] [Singular] Currect target is invalid. Switching to Dark Iron Agent!
[09:33:34.589] [D] [Pulse] Slow bot root: 1035ms bot=Combat Bot poi=None combat=True
[09:33:34.916] [D] [Singular-DEBUG] Switched targets!
[09:33:34.916] [D] [Singular-DEBUG] Melee Distance: 5
[09:33:34.916] [D] [Singular-DEBUG] Health: 44.416666666666664
[09:33:34.916] [D] [Singular-DEBUG] Level: 27
[09:33:36.172] [D] [Pulse] Slow bot root: 1145ms bot=Combat Bot poi=None combat=True
[09:33:37.113] [N] [Singular] Casting Exorcism on Dark Iron Agent
[09:33:37.113] [D] Spell_C::CastSpell(879, 0, 0xF130001844000133, 0)
[09:33:37.147] [D] [Pulse] Slow bot root: 861ms bot=Combat Bot poi=None combat=True
[09:33:38.457] [D] [Pulse] Slow bot root: 1168ms bot=Combat Bot poi=None combat=True
[09:33:40.138] [D] [Pulse] Slow bot root: 1140ms bot=Combat Bot poi=None combat=True
[09:33:41.389] [D] [Pulse] Slow bot root: 1140ms bot=Combat Bot poi=None combat=True
[09:33:42.305] [N] [Singular] Casting Judgement of Light on Dark Iron Agent
[09:33:42.305] [D] Spell_C::CastSpell(20271, 0, 0xF130001844000133, 0)
[09:33:42.340] [D] [Pulse] Slow bot root: 841ms bot=Combat Bot poi=None combat=True
[09:33:42.493] [N] [Singular] Currect target is invalid. Switching to Mechanized Guardian!
[09:33:42.924] [D] [Singular-DEBUG] Switched targets!
[09:33:42.924] [D] [Singular-DEBUG] Melee Distance: 5.8333335
[09:33:42.924] [D] [Singular-DEBUG] Health: 8.522183210979891
[09:33:42.924] [D] [Singular-DEBUG] Level: 32
[09:33:43.875] [N] [Singular] Casting Judgement of Light on Mechanized Guardian
[09:33:43.875] [D] Spell_C::CastSpell(20271, 0, 0xF13000185A00016B, 0)
[09:33:43.908] [D] [Pulse] Slow bot root: 878ms bot=Combat Bot poi=None combat=True
[09:33:44.016] [D] [Pulse] Slow plugin: name=Tidy Bags 3 Reloaded elapsed=35ms
[09:33:45.081] [D] [Pulse] Slow bot root: 1064ms bot=Combat Bot poi=None combat=True
[09:33:46.219] [D] [Pulse] Slow bot root: 1055ms bot=Combat Bot poi=None combat=True
[09:33:47.406] [D] [Pulse] Slow bot root: 1084ms bot=Combat Bot poi=None combat=True
[09:33:48.585] [D] [Pulse] Slow bot root: 1052ms bot=Combat Bot poi=None combat=True
[09:33:48.587] [D] [Singular-DEBUG] Mechanized Guardian is immune to Physical spell school
[09:33:48.653] [N] [Singular] Currect target is invalid. Switching to Mechanized Guardian!
[09:33:48.971] [D] [Singular-DEBUG] Switched targets!
[09:33:48.971] [D] [Singular-DEBUG] Melee Distance: 5.8333335
[09:33:48.971] [D] [Singular-DEBUG] Health: 20.30003191828918
[09:33:48.971] [D] [Singular-DEBUG] Level: 32
[09:33:50.060] [D] [Pulse] Slow bot root: 1009ms bot=Combat Bot poi=None combat=True
[09:33:51.102] [D] [Pulse] Slow bot root: 994ms bot=Combat Bot poi=None combat=True
[09:33:52.156] [D] [Pulse] Slow bot root: 1005ms bot=Combat Bot poi=None combat=True
[09:33:52.935] [N] [Singular] Casting Judgement of Light on Mechanized Guardian
[09:33:52.935] [D] Spell_C::CastSpell(20271, 0, 0xF13000185A000167, 0)
[09:33:52.942] [D] [Pulse] Slow bot root: 739ms bot=Combat Bot poi=None combat=True
[09:33:53.990] [D] [Pulse] Slow bot root: 998ms bot=Combat Bot poi=None combat=True
[09:33:53.992] [D] [Singular-DEBUG] Mechanized Guardian is immune to Physical spell school
[09:33:54.763] [N] [Singular] Casting Exorcism on Mechanized Guardian
[09:33:54.763] [D] Spell_C::CastSpell(879, 0, 0xF13000185A000167, 0)
[09:33:54.769] [D] [Pulse] Slow bot root: 728ms bot=Combat Bot poi=None combat=True
[09:33:55.675] [N] [Singular] Currect target is invalid. Switching to Dark Iron Land Mine!
[09:33:55.683] [D] [Pulse] Slow bot root: 869ms bot=Combat Bot poi=None combat=True
[09:33:55.970] [D] [Singular-DEBUG] Switched targets!
[09:33:55.970] [D] [Singular-DEBUG] Melee Distance: 5
[09:33:55.970] [D] [Singular-DEBUG] Health: 44.81132075471698
[09:33:55.970] [D] [Singular-DEBUG] Level: 32
[09:33:57.083] [D] [Pulse] Slow bot root: 1027ms bot=Combat Bot poi=None combat=False
[09:33:57.213] [N] Drinking Sweet Nectar
[09:34:02.080] [D] [Pulse] Slow plugin: name=Tidy Bags 3 Reloaded elapsed=48ms
[09:34:05.800] [D] [Pulse] Slow plugin: name=AutoEquip2 elapsed=60ms
[09:34:06.906] [D] [Singular-DEBUG] Switched targets!
[09:34:06.906] [D] [Singular-DEBUG] Melee Distance: 5.8333335
[09:34:06.906] [D] [Singular-DEBUG] Health: 0
[09:34:06.906] [D] [Singular-DEBUG] Level: 32
[09:34:07.176] [N] Drinking Sweet Nectar
[09:34:15.814] [D] [Pulse] Slow plugin: name=AutoEquip2 elapsed=54ms
[09:34:19.174] [D] [Pulse] Slow plugin: name=Tidy Bags 3 Reloaded elapsed=30ms
[09:34:25.877] [D] [Pulse] Slow plugin: name=AutoEquip2 elapsed=53ms
[09:34:35.955] [D] [Pulse] Slow plugin: name=AutoEquip2 elapsed=52ms
[09:34:38.627] [D] [Pulse] Slow plugin: name=Tidy Bags 3 Reloaded elapsed=27ms
[09:34:46.024] [D] [Pulse] Slow plugin: name=AutoEquip2 elapsed=56ms
[09:34:56.047] [D] [Pulse] Slow plugin: name=AutoEquip2 elapsed=62ms
[09:34:56.968] [D] [Pulse] Slow plugin: name=Tidy Bags 3 Reloaded elapsed=38ms
[09:34:59.483] [D] [Singular-DEBUG] Arcane Nullifier X-21 is immune to Physical spell school
[09:35:00.865] [D] [Singular-DEBUG] Switched targets!
[09:35:00.865] [D] [Singular-DEBUG] Melee Distance: 5
[09:35:00.865] [D] [Singular-DEBUG] Health: 79.65
[09:35:00.865] [D] [Singular-DEBUG] Level: 27
[09:35:01.632] [N] [Singular] Casting Judgement of Light on Arcane Nullifier X-21
[09:35:01.633] [D] Spell_C::CastSpell(20271, 0, 0xF130001858000164, 0)
[09:35:01.639] [D] [Pulse] Slow bot root: 675ms bot=Combat Bot poi=None combat=True
[09:35:02.688] [D] [Pulse] Slow bot root: 988ms bot=Combat Bot poi=None combat=True
[09:35:02.689] [D] [Singular-DEBUG] Arcane Nullifier X-21 is immune to Physical spell school
[09:35:03.404] [N] [Singular] Casting Exorcism on Arcane Nullifier X-21
[09:35:03.404] [D] Spell_C::CastSpell(879, 0, 0xF130001858000164, 0)
[09:35:03.411] [D] [Pulse] Slow bot root: 675ms bot=Combat Bot poi=None combat=True
[09:35:04.417] [D] [Pulse] Slow bot root: 957ms bot=Combat Bot poi=None combat=True
[09:35:06.134] [N] [Singular] Casting Consecration on Arcane Nullifier X-21
[09:35:06.134] [D] Spell_C::CastSpell(26573, 0, 0xF130001858000164, 0)
[09:35:06.141] [D] [Pulse] Slow bot root: 866ms bot=Combat Bot poi=None combat=True
[09:35:06.142] [D] [Singular-DEBUG] Arcane Nullifier X-21 is immune to Physical spell school
[09:35:07.076] [D] [Pulse] Slow bot root: 891ms bot=Combat Bot poi=None combat=True
[09:35:07.999] [D] [Pulse] Slow bot root: 874ms bot=Combat Bot poi=None combat=True
[09:35:08.911] [D] [Pulse] Slow bot root: 869ms bot=Combat Bot poi=None combat=True
[09:35:08.913] [D] [Singular-DEBUG] Arcane Nullifier X-21 is immune to Physical spell school
[09:35:09.832] [D] [Pulse] Slow bot root: 873ms bot=Combat Bot poi=None combat=True
[09:35:10.493] [N] [Singular] Casting Judgement of Light on Arcane Nullifier X-21
[09:35:10.493] [D] Spell_C::CastSpell(20271, 0, 0xF130001858000164, 0)
[09:35:10.499] [D] [Pulse] Slow bot root: 613ms bot=Combat Bot poi=None combat=True
[09:35:11.414] [D] [Pulse] Slow bot root: 867ms bot=Combat Bot poi=None combat=True
[09:35:11.416] [D] [Singular-DEBUG] Arcane Nullifier X-21 is immune to Physical spell school
[09:35:12.295] [D] [Pulse] Slow bot root: 834ms bot=Combat Bot poi=None combat=True
[09:35:13.179] [D] [Pulse] Slow bot root: 840ms bot=Combat Bot poi=None combat=True
[09:35:14.099] [D] [Pulse] Slow bot root: 874ms bot=Combat Bot poi=None combat=True
[09:35:15.025] [N] [Singular] Casting Consecration on Arcane Nullifier X-21
[09:35:15.025] [D] Spell_C::CastSpell(26573, 0, 0xF130001858000164, 0)
[09:35:15.032] [D] [Pulse] Slow bot root: 880ms bot=Combat Bot poi=None combat=True
[09:35:15.966] [D] [Pulse] Slow bot root: 879ms bot=Combat Bot poi=None combat=True
[09:35:15.968] [D] [Singular-DEBUG] Arcane Nullifier X-21 is immune to Physical spell school
[09:35:16.867] [D] [Pulse] Slow bot root: 855ms bot=Combat Bot poi=None combat=True
[09:35:16.932] [N] [Singular] Currect target is invalid. Switching to Dark Iron Agent!
[09:35:17.277] [D] [Singular-DEBUG] Switched targets!
[09:35:17.277] [D] [Singular-DEBUG] Melee Distance: 5
[09:35:17.277] [D] [Singular-DEBUG] Health: 69.04166666666667
[09:35:17.277] [D] [Singular-DEBUG] Level: 27
[09:35:18.200] [D] [Pulse] Slow bot root: 842ms bot=Combat Bot poi=None combat=True
[09:35:18.826] [N] [Singular] Casting Judgement of Light on Dark Iron Agent
[09:35:18.827] [D] Spell_C::CastSpell(20271, 0, 0xF130001844000136, 0)
[09:35:18.833] [D] [Pulse] Slow bot root: 588ms bot=Combat Bot poi=None combat=True
[09:35:19.673] [D] [Pulse] Slow bot root: 797ms bot=Combat Bot poi=None combat=True
[09:35:20.511] [D] [Pulse] Slow bot root: 793ms bot=Combat Bot poi=None combat=True
[09:35:21.131] [N] [Singular] Casting Exorcism on Dark Iron Agent
[09:35:21.131] [D] Spell_C::CastSpell(879, 0, 0xF130001844000136, 0)
[09:35:21.137] [D] [Pulse] Slow bot root: 582ms bot=Combat Bot poi=None combat=True
[09:35:21.980] [D] [Pulse] Slow bot root: 799ms bot=Combat Bot poi=None combat=True
[09:35:23.823] [D] [Pulse] Slow bot root: 813ms bot=Combat Bot poi=None combat=True
[09:35:23.912] [D] [Pulse] Slow plugin: name=Tidy Bags 3 Reloaded elapsed=37ms
[09:35:24.741] [D] [Pulse] Slow bot root: 829ms bot=Combat Bot poi=None combat=True
[09:35:25.638] [D] [Pulse] Slow bot root: 818ms bot=Combat Bot poi=None combat=True
[09:35:26.551] [D] [Pulse] Slow bot root: 797ms bot=Combat Bot poi=None combat=True
[09:35:26.661] [N] [Singular] Currect target is invalid. Switching to Dark Iron Agent!
[09:35:26.991] [D] [Singular-DEBUG] Switched targets!
[09:35:26.991] [D] [Singular-DEBUG] Melee Distance: 5
[09:35:26.991] [D] [Singular-DEBUG] Health: 57.041666666666664
[09:35:26.991] [D] [Singular-DEBUG] Level: 27
[09:35:27.792] [N] [Singular] Casting Judgement of Light on Dark Iron Agent
[09:35:27.792] [D] Spell_C::CastSpell(20271, 0, 0xF130001844000132, 0)
[09:35:27.825] [D] [Pulse] Slow bot root: 732ms bot=Combat Bot poi=None combat=True
[09:35:28.752] [D] [Pulse] Slow bot root: 826ms bot=Combat Bot poi=None combat=True
[09:35:29.626] [D] [Pulse] Slow bot root: 792ms bot=Combat Bot poi=None combat=True
[09:35:30.514] [D] [Pulse] Slow bot root: 810ms bot=Combat Bot poi=None combat=True
[09:35:31.413] [D] [Pulse] Slow bot root: 807ms bot=Combat Bot poi=None combat=True
[09:35:32.359] [D] [Pulse] Slow bot root: 813ms bot=Combat Bot poi=None combat=True
[09:35:33.286] [D] [Pulse] Slow bot root: 798ms bot=Combat Bot poi=None combat=True
[09:35:34.119] [D] [Pulse] Slow bot root: 754ms bot=Combat Bot poi=None combat=True
[09:35:34.200] [D] [Pulse] Slow plugin: name=Tidy Bags 3 Reloaded elapsed=43ms
[09:35:34.951] [D] [Pulse] Slow bot root: 750ms bot=Combat Bot poi=None combat=True
[09:35:35.789] [D] [Pulse] Slow bot root: 754ms bot=Combat Bot poi=None combat=True
[09:35:36.474] [N] [Singular] Casting Judgement of Light on Dark Iron Agent
[09:35:36.474] [D] Spell_C::CastSpell(20271, 0, 0xF130001844000132, 0)
[09:35:36.508] [D] [Pulse] Slow bot root: 634ms bot=Combat Bot poi=None combat=True
[09:35:38.247] [D] [Pulse] Slow bot root: 1604ms bot=Combat Bot poi=None combat=True
[09:35:38.584] [D] [Pulse] Slow plugin: name=AutoEquip2 elapsed=281ms
[09:35:38.650] [D] [Singular-DEBUG] Switched targets!
[09:35:38.650] [D] [Singular-DEBUG] Melee Distance: 5.8333335
[09:35:38.650] [D] [Singular-DEBUG] Health: 100
[09:35:38.650] [D] [Singular-DEBUG] Level: 32
[09:35:38.650] [D] [Pulse] Slow shared pulse: total=403ms movement=0 objects=0 lua=0 info=0 loot=2 targeting=51 events=0 plugins=347 routine=0
[09:35:38.784] [D] [Pulse] Slow bot root: 133ms bot=Combat Bot poi=None combat=False
[09:35:38.916] [N] Drinking Sweet Nectar
[09:35:44.225] [D] [Pulse] Slow plugin: name=Tidy Bags 3 Reloaded elapsed=46ms
[09:35:46.260] [N] [Singular] Casting Holy Light on Myself
[09:35:46.260] [D] Spell_C::CastSpell(1026, 0, 0x6000000007EAB80, 0)
[09:35:48.697] [D] [Pulse] Slow plugin: name=AutoEquip2 elapsed=281ms
[09:35:48.766] [D] [Pulse] Slow shared pulse: total=402ms movement=0 objects=0 lua=0 info=0 loot=2 targeting=49 events=0 plugins=349 routine=0
[09:35:48.828] [N] Eating Bristle Whisker Catfish
[09:35:54.254] [D] [Pulse] Slow plugin: name=Tidy Bags 3 Reloaded elapsed=44ms
[09:35:55.089] [D] [Singular-DEBUG] Mechanized Guardian is immune to Physical spell school
[09:35:57.231] [D] [Singular-DEBUG] Mechanized Guardian is immune to Physical spell school
[09:35:58.726] [D] [Pulse] Slow plugin: name=AutoEquip2 elapsed=281ms
[09:35:58.794] [D] [Pulse] Slow shared pulse: total=402ms movement=0 objects=0 lua=0 info=0 loot=2 targeting=50 events=0 plugins=349 routine=0
[09:36:00.326] [D] [Singular-DEBUG] Mechanized Guardian is immune to Physical spell school
[09:36:02.866] [D] [Singular-DEBUG] Mechanized Guardian is immune to Physical spell school
[09:36:04.370] [D] [Pulse] Slow plugin: name=Tidy Bags 3 Reloaded elapsed=47ms
[09:36:06.478] [D] [Singular-DEBUG] Mechanized Guardian is immune to Physical spell school
[09:36:08.750] [D] [Singular-DEBUG] Mechanized Guardian is immune to Physical spell school
[09:36:11.826] [D] [Singular-DEBUG] Mechanized Guardian is immune to Physical spell school
[09:36:17.081] [D] [Singular-DEBUG] Switched targets!
[09:36:17.081] [D] [Singular-DEBUG] Melee Distance: 5.8333335
[09:36:17.081] [D] [Singular-DEBUG] Health: 46.44111075646345
[09:36:17.081] [D] [Singular-DEBUG] Level: 32
[09:36:17.588] [N] [Singular] Casting Judgement of Light on Mechanized Guardian
[09:36:17.589] [D] Spell_C::CastSpell(20271, 0, 0xF13000185A000170, 0)
[09:36:17.595] [D] [Pulse] Slow bot root: 513ms bot=Combat Bot poi=None combat=True
[09:36:18.282] [D] [Pulse] Slow bot root: 645ms bot=Combat Bot poi=None combat=True
[09:36:18.930] [D] [Pulse] Slow bot root: 602ms bot=Combat Bot poi=None combat=True
[09:36:19.400] [N] [Singular] Casting Exorcism on Mechanized Guardian
[09:36:19.400] [D] Spell_C::CastSpell(879, 0, 0xF13000185A000170, 0)
[09:36:19.409] [D] [Pulse] Slow bot root: 437ms bot=Combat Bot poi=None combat=True
[09:36:20.040] [D] [Pulse] Slow bot root: 589ms bot=Combat Bot poi=None combat=True
[09:36:21.837] [D] [Pulse] Slow bot root: 621ms bot=Combat Bot poi=None combat=True
[09:36:22.497] [D] [Pulse] Slow bot root: 617ms bot=Combat Bot poi=None combat=True
[09:36:23.166] [D] [Pulse] Slow bot root: 618ms bot=Combat Bot poi=None combat=True
[09:36:23.814] [D] [Pulse] Slow bot root: 605ms bot=Combat Bot poi=None combat=True
[09:36:24.453] [D] [Pulse] Slow bot root: 596ms bot=Combat Bot poi=None combat=True
[09:36:24.455] [D] [Singular-DEBUG] Mechanized Guardian is immune to Physical spell school
[09:36:25.084] [D] [Pulse] Slow bot root: 586ms bot=Combat Bot poi=None combat=True
[09:36:25.726] [D] [Pulse] Slow bot root: 598ms bot=Combat Bot poi=None combat=True
[09:36:26.181] [N] [Singular] Casting Judgement of Light on Mechanized Guardian
[09:36:26.181] [D] Spell_C::CastSpell(20271, 0, 0xF13000185A000170, 0)
[09:36:26.188] [D] [Pulse] Slow bot root: 417ms bot=Combat Bot poi=None combat=True
[09:36:26.811] [N] [Singular] Currect target is invalid. Switching to Mechanized Guardian!
[09:36:26.817] [D] [Pulse] Slow bot root: 587ms bot=Combat Bot poi=None combat=True
[09:36:27.104] [D] [Singular-DEBUG] Switched targets!
[09:36:27.104] [D] [Singular-DEBUG] Melee Distance: 5.8333335
[09:36:27.104] [D] [Singular-DEBUG] Health: 9.16054899457389
[09:36:27.104] [D] [Singular-DEBUG] Level: 32
[09:36:27.821] [D] [Pulse] Slow bot root: 631ms bot=Combat Bot poi=None combat=True
[09:36:28.506] [D] [Pulse] Slow bot root: 628ms bot=Combat Bot poi=None combat=False
[09:36:29.085] [D] [Pulse] Slow plugin: name=AutoEquip2 elapsed=73ms
[09:36:29.595] [D] [Pulse] Slow plugin: name=Tidy Bags 3 Reloaded elapsed=24ms
[09:36:30.129] [N] [Singular] Currect target is invalid. Switching to Mechanized Guardian!
[09:36:30.141] [D] [Pulse] Slow bot root: 545ms bot=Combat Bot poi=None combat=False
[09:36:30.453] [D] [Singular-DEBUG] Switched targets!
[09:36:30.453] [D] [Singular-DEBUG] Melee Distance: 5.8333335
[09:36:30.453] [D] [Singular-DEBUG] Health: 99.3935525055857
[09:36:30.453] [D] [Singular-DEBUG] Level: 32
[09:36:31.336] [D] [Pulse] Slow bot root: 114ms bot=Combat Bot poi=None combat=False
[09:36:35.398] [D] [Singular-DEBUG] Mechanized Guardian is immune to Physical spell school
[09:36:38.155] [D] [Singular-DEBUG] Mechanized Guardian is immune to Physical spell school
[09:36:39.101] [D] [Pulse] Slow plugin: name=AutoEquip2 elapsed=71ms
[09:36:40.988] [D] [Singular-DEBUG] Mechanized Guardian is immune to Physical spell school
[09:36:44.095] [D] [Singular-DEBUG] Mechanized Guardian is immune to Physical spell school
[09:36:46.214] [D] [Singular-DEBUG] Switched targets!
[09:36:46.214] [D] [Singular-DEBUG] Melee Distance: 3.5
[09:36:46.214] [D] [Singular-DEBUG] Health: 75.98039215686275
[09:36:46.214] [D] [Singular-DEBUG] Level: 28
[09:36:47.283] [D] [Singular-DEBUG] Mechanized Guardian is immune to Physical spell school
[09:36:48.425] [N] [Singular] Casting Judgement of Light on Mechanized Guardian
[09:36:48.425] [D] Spell_C::CastSpell(20271, 0, 0xF13000185A000168, 0)
[09:36:48.436] [D] [Pulse] Slow bot root: 680ms bot=Combat Bot poi=None combat=True
[09:36:48.486] [D] [Singular-DEBUG] Switched targets!
[09:36:48.486] [D] [Singular-DEBUG] Melee Distance: 5.8333335
[09:36:48.486] [D] [Singular-DEBUG] Health: 66.90073412065114
[09:36:48.486] [D] [Singular-DEBUG] Level: 32
[09:36:49.044] [N] [Singular] Casting Exorcism on Mechanized Guardian
[09:36:49.044] [D] Spell_C::CastSpell(879, 0, 0xF13000185A000168, 0)
[09:36:49.051] [D] [Pulse] Slow bot root: 564ms bot=Combat Bot poi=None combat=True
[09:36:49.893] [N] [Singular] Casting Consecration on Mechanized Guardian
[09:36:49.893] [D] Spell_C::CastSpell(26573, 0, 0xF13000185A000168, 0)
[09:36:49.899] [D] [Pulse] Slow bot root: 800ms bot=Combat Bot poi=None combat=True
[09:36:50.748] [N] [Singular] Casting Consecration on Mechanized Guardian
[09:36:50.748] [D] Spell_C::CastSpell(26573, 0, 0xF13000185A000168, 0)
[09:36:50.755] [D] [Pulse] Slow bot root: 808ms bot=Combat Bot poi=None combat=True
[09:36:51.606] [D] [Pulse] Slow bot root: 802ms bot=Combat Bot poi=None combat=True
[09:36:52.447] [D] [Pulse] Slow bot root: 793ms bot=Combat Bot poi=None combat=True
[09:36:52.448] [D] [Singular-DEBUG] Mechanized Guardian is immune to Physical spell school
[09:36:53.031] [N] [Singular] Casting Exorcism on Mechanized Guardian
[09:36:53.031] [D] Spell_C::CastSpell(879, 0, 0xF13000185A000168, 0)
[09:36:53.038] [D] [Pulse] Slow bot root: 547ms bot=Combat Bot poi=None combat=True
[09:36:53.870] [D] [Pulse] Slow bot root: 778ms bot=Combat Bot poi=None combat=True
[09:36:53.953] [D] [Singular-DEBUG] Mechanized Guardian is immune to Physical spell school
[09:36:55.631] [D] [Pulse] Slow bot root: 776ms bot=Combat Bot poi=None combat=True
[09:36:56.466] [D] [Pulse] Slow bot root: 788ms bot=Combat Bot poi=None combat=True
[09:36:56.467] [D] [Singular-DEBUG] Mechanized Guardian is immune to Physical spell school
[09:36:57.063] [N] [Singular] Casting Judgement of Light on Mechanized Guardian
[09:36:57.063] [D] Spell_C::CastSpell(20271, 0, 0xF13000185A000168, 0)
[09:36:57.069] [D] [Pulse] Slow bot root: 558ms bot=Combat Bot poi=None combat=True
[09:36:57.929] [D] [Pulse] Slow bot root: 811ms bot=Combat Bot poi=None combat=True
[09:36:58.784] [D] [Pulse] Slow bot root: 809ms bot=Combat Bot poi=None combat=True
[09:36:59.625] [N] [Singular] Casting Consecration on Mechanized Guardian
[09:36:59.625] [D] Spell_C::CastSpell(26573, 0, 0xF13000185A000168, 0)
[09:36:59.632] [D] [Pulse] Slow bot root: 801ms bot=Combat Bot poi=None combat=True
[09:37:00.493] [D] [Pulse] Slow bot root: 808ms bot=Combat Bot poi=None combat=True
[09:37:00.494] [D] [Singular-DEBUG] Mechanized Guardian is immune to Physical spell school
[09:37:01.339] [D] [Pulse] Slow bot root: 798ms bot=Combat Bot poi=None combat=True
[09:37:02.198] [D] [Pulse] Slow bot root: 812ms bot=Combat Bot poi=None combat=True
[09:37:02.199] [D] [Singular-DEBUG] Mechanized Guardian is immune to Physical spell school
[09:37:03.046] [D] [Pulse] Slow bot root: 799ms bot=Combat Bot poi=None combat=True
[09:37:03.899] [D] [Pulse] Slow bot root: 798ms bot=Combat Bot poi=None combat=True
[09:37:04.730] [D] [Pulse] Slow bot root: 788ms bot=Combat Bot poi=None combat=True
[09:37:05.542] [D] [Pulse] Slow bot root: 758ms bot=Combat Bot poi=None combat=True
[09:37:05.544] [D] [Singular-DEBUG] Mechanized Guardian is immune to Physical spell school
[09:37:06.140] [N] [Singular] Casting Judgement of Light on Mechanized Guardian
[09:37:06.140] [D] Spell_C::CastSpell(20271, 0, 0xF13000185A000168, 0)
[09:37:06.150] [D] [Pulse] Slow bot root: 564ms bot=Combat Bot poi=None combat=True
[09:37:06.983] [D] [Pulse] Slow bot root: 784ms bot=Combat Bot poi=None combat=True
[09:37:07.813] [D] [Pulse] Slow bot root: 782ms bot=Combat Bot poi=None combat=True
[09:37:08.643] [D] [Pulse] Slow bot root: 782ms bot=Combat Bot poi=None combat=True
[09:37:08.644] [D] [Singular-DEBUG] Mechanized Guardian is immune to Physical spell school
[09:37:09.481] [D] [Pulse] Slow bot root: 794ms bot=Combat Bot poi=None combat=True
[09:37:10.312] [N] [Singular] Casting Consecration on Mechanized Guardian
[09:37:10.312] [D] Spell_C::CastSpell(26573, 0, 0xF13000185A000168, 0)
[09:37:10.318] [D] [Pulse] Slow bot root: 788ms bot=Combat Bot poi=None combat=True
[09:37:11.138] [D] [Pulse] Slow bot root: 764ms bot=Combat Bot poi=None combat=True
[09:37:11.951] [D] [Pulse] Slow bot root: 767ms bot=Combat Bot poi=None combat=True
[09:37:12.700] [N] [Singular] Currect target is invalid. Switching to Mechanized Guardian!
[09:37:12.712] [D] [Pulse] Slow bot root: 708ms bot=Combat Bot poi=None combat=True
[09:37:13.007] [D] [Singular-DEBUG] Switched targets!
[09:37:13.007] [D] [Singular-DEBUG] Melee Distance: 5.8333335
[09:37:13.007] [D] [Singular-DEBUG] Health: 3.8900067069081152
[09:37:13.007] [D] [Singular-DEBUG] Level: 31
[09:37:13.632] [N] [Singular] Casting Exorcism on Mechanized Guardian
[09:37:13.632] [D] Spell_C::CastSpell(879, 0, 0xF13000185A000176, 0)
[09:37:13.641] [D] [Pulse] Slow bot root: 537ms bot=Combat Bot poi=None combat=True
[09:37:13.689] [N] [Singular] Currect target is invalid. Switching to Dark Iron Agent!
[09:37:13.997] [D] [Singular-DEBUG] Switched targets!
[09:37:13.997] [D] [Singular-DEBUG] Melee Distance: 5
[09:37:13.997] [D] [Singular-DEBUG] Health: 51.791666666666664
[09:37:13.997] [D] [Singular-DEBUG] Level: 27
[09:37:14.610] [N] [Singular] Casting Judgement of Light on Dark Iron Agent
[09:37:14.610] [D] Spell_C::CastSpell(20271, 0, 0xF130001844000137, 0)
[09:37:14.617] [D] [Pulse] Slow bot root: 517ms bot=Combat Bot poi=None combat=True
[09:37:15.355] [D] [Pulse] Slow bot root: 696ms bot=Combat Bot poi=None combat=True
[09:37:16.110] [D] [Pulse] Slow bot root: 703ms bot=Combat Bot poi=None combat=True
[09:37:16.657] [N] [Singular] Casting Exorcism on Dark Iron Agent
[09:37:16.657] [D] Spell_C::CastSpell(879, 0, 0xF130001844000137, 0)
[09:37:16.663] [D] [Pulse] Slow bot root: 511ms bot=Combat Bot poi=None combat=True
[09:37:17.416] [D] [Pulse] Slow bot root: 707ms bot=Combat Bot poi=None combat=True
[09:37:17.660] [D] [Singular-DEBUG] Arcane Nullifier X-21 is immune to Physical spell school
[09:37:19.219] [D] [Pulse] Slow bot root: 694ms bot=Combat Bot poi=None combat=True
[09:37:19.220] [D] [Singular-DEBUG] Arcane Nullifier X-21 is immune to Physical spell school
[09:37:19.968] [D] [Pulse] Slow bot root: 700ms bot=Combat Bot poi=None combat=True
[09:37:20.709] [D] [Pulse] Slow bot root: 696ms bot=Combat Bot poi=None combat=True
[09:37:21.447] [D] [Pulse] Slow bot root: 693ms bot=Combat Bot poi=None combat=True
[09:37:22.177] [D] [Pulse] Slow bot root: 689ms bot=Combat Bot poi=None combat=True
[09:37:22.800] [N] [Singular] Currect target is invalid. Switching to Arcane Nullifier X-21!
[09:37:22.810] [D] [Pulse] Slow bot root: 597ms bot=Combat Bot poi=None combat=True
[09:37:23.127] [D] [Singular-DEBUG] Switched targets!
[09:37:23.127] [D] [Singular-DEBUG] Melee Distance: 5
[09:37:23.127] [D] [Singular-DEBUG] Health: 51.375
[09:37:23.127] [D] [Singular-DEBUG] Level: 27
[09:37:23.225] [N] [Singular] Casting Divine Protection on Myself
[09:37:23.225] [D] Spell_C::CastSpell(498, 0, 0x6000000007EAB80, 0)
[09:37:23.807] [N] [Singular] Casting Judgement of Light on Arcane Nullifier X-21
[09:37:23.807] [D] Spell_C::CastSpell(20271, 0, 0xF130001858000165, 0)
[09:37:23.813] [D] [Pulse] Slow bot root: 514ms bot=Combat Bot poi=None combat=True
[09:37:24.576] [D] [Pulse] Slow bot root: 725ms bot=Combat Bot poi=None combat=True
[09:37:25.338] [D] [Pulse] Slow bot root: 721ms bot=Combat Bot poi=None combat=True
[09:37:26.107] [D] [Pulse] Slow bot root: 731ms bot=Combat Bot poi=None combat=True
[09:37:26.871] [D] [Pulse] Slow bot root: 721ms bot=Combat Bot poi=None combat=True
[09:37:26.872] [D] [Singular-DEBUG] Arcane Nullifier X-21 is immune to Physical spell school
[09:37:27.639] [D] [Pulse] Slow bot root: 725ms bot=Combat Bot poi=None combat=True
[09:37:28.397] [D] [Pulse] Slow bot root: 723ms bot=Combat Bot poi=None combat=True
[09:37:28.398] [D] [Singular-DEBUG] Arcane Nullifier X-21 is immune to Physical spell school
[09:37:29.157] [D] [Pulse] Slow bot root: 722ms bot=Combat Bot poi=None combat=True
[09:37:29.913] [D] [Pulse] Slow bot root: 716ms bot=Combat Bot poi=None combat=True
[09:37:30.677] [D] [Pulse] Slow bot root: 722ms bot=Combat Bot poi=None combat=True
[09:37:31.441] [D] [Pulse] Slow bot root: 726ms bot=Combat Bot poi=None combat=True
[09:37:32.196] [D] [Pulse] Slow bot root: 712ms bot=Combat Bot poi=None combat=True
[09:37:32.197] [D] [Singular-DEBUG] Arcane Nullifier X-21 is immune to Physical spell school
[09:37:32.753] [N] [Singular] Casting Judgement of Light on Arcane Nullifier X-21
[09:37:32.753] [D] Spell_C::CastSpell(20271, 0, 0xF130001858000165, 0)
[09:37:32.760] [D] [Pulse] Slow bot root: 527ms bot=Combat Bot poi=None combat=True
[09:37:33.566] [D] [Pulse] Slow bot root: 769ms bot=Combat Bot poi=None combat=True
[09:37:34.362] [D] [Pulse] Slow bot root: 747ms bot=Combat Bot poi=None combat=True
[09:37:34.940] [N] [Singular] Casting Exorcism on Arcane Nullifier X-21
[09:37:34.940] [D] Spell_C::CastSpell(879, 0, 0xF130001858000165, 0)
[09:37:34.951] [D] [Pulse] Slow bot root: 550ms bot=Combat Bot poi=None combat=True
[09:37:35.733] [D] [Pulse] Slow bot root: 740ms bot=Combat Bot poi=None combat=True
[09:37:36.224] [N] Eating Bristle Whisker Catfish
[09:37:36.564] [N] Drinking Sweet Nectar
[09:37:41.555] [D] [Pulse] Slow plugin: name=AutoEquip2 elapsed=61ms
[09:37:51.593] [D] [Pulse] Slow plugin: name=AutoEquip2 elapsed=53ms
[09:38:01.614] [D] [Pulse] Slow plugin: name=AutoEquip2 elapsed=57ms
[09:38:11.698] [D] [Pulse] Slow plugin: name=AutoEquip2 elapsed=57ms
[09:38:21.725] [D] [Pulse] Slow plugin: name=AutoEquip2 elapsed=71ms
[09:38:26.954] [D] [Singular-DEBUG] Switched targets!
[09:38:26.954] [D] [Singular-DEBUG] Melee Distance: 5.8333335
[09:38:26.954] [D] [Singular-DEBUG] Health: 98.7551867219917
[09:38:26.954] [D] [Singular-DEBUG] Level: 32
[09:38:28.131] [N] [Singular] Casting Judgement of Light on Mechanized Guardian
[09:38:28.131] [D] Spell_C::CastSpell(20271, 0, 0xF13000185A00016C, 0)
[09:38:28.138] [D] [Pulse] Slow bot root: 553ms bot=Combat Bot poi=None combat=True
[09:38:29.014] [D] [Pulse] Slow bot root: 832ms bot=Combat Bot poi=None combat=True
[09:38:29.733] [N] [Singular] Casting Exorcism on Mechanized Guardian
[09:38:29.734] [D] Spell_C::CastSpell(879, 0, 0xF13000185A00016C, 0)
[09:38:29.740] [D] [Pulse] Slow bot root: 591ms bot=Combat Bot poi=None combat=True
[09:38:30.614] [D] [Pulse] Slow bot root: 825ms bot=Combat Bot poi=None combat=True
[09:38:32.380] [N] [Singular] Casting Consecration on Mechanized Guardian
[09:38:32.380] [D] Spell_C::CastSpell(26573, 0, 0xF13000185A00016C, 0)
[09:38:32.387] [D] [Pulse] Slow bot root: 807ms bot=Combat Bot poi=None combat=True
[09:38:33.244] [D] [Pulse] Slow bot root: 803ms bot=Combat Bot poi=None combat=True
[09:38:34.091] [D] [Pulse] Slow bot root: 801ms bot=Combat Bot poi=None combat=True
[09:38:34.937] [D] [Pulse] Slow bot root: 797ms bot=Combat Bot poi=None combat=True
[09:38:35.787] [D] [Pulse] Slow bot root: 801ms bot=Combat Bot poi=None combat=True
[09:38:35.789] [D] [Singular-DEBUG] Mechanized Guardian is immune to Physical spell school
[09:38:36.643] [D] [Pulse] Slow bot root: 807ms bot=Combat Bot poi=None combat=True
[09:38:37.256] [N] [Singular] Casting Judgement of Light on Mechanized Guardian
[09:38:37.257] [D] Spell_C::CastSpell(20271, 0, 0xF13000185A00016C, 0)
[09:38:37.266] [D] [Pulse] Slow bot root: 570ms bot=Combat Bot poi=None combat=True
[09:38:37.267] [D] [Singular-DEBUG] Mechanized Guardian is immune to Physical spell school
[09:38:38.152] [D] [Pulse] Slow bot root: 837ms bot=Combat Bot poi=None combat=True
[09:38:38.283] [D] [Pulse] Slow plugin: name=Tidy Bags 3 Reloaded elapsed=42ms
[09:38:39.071] [D] [Pulse] Slow bot root: 786ms bot=Combat Bot poi=None combat=True
[09:38:39.937] [D] [Pulse] Slow bot root: 790ms bot=Combat Bot poi=None combat=True
[09:38:39.938] [D] [Singular-DEBUG] Mechanized Guardian is immune to Physical spell school
[09:38:40.816] [N] [Singular] Casting Consecration on Mechanized Guardian
[09:38:40.817] [D] Spell_C::CastSpell(26573, 0, 0xF13000185A00016C, 0)
[09:38:40.848] [D] [Pulse] Slow bot root: 835ms bot=Combat Bot poi=None combat=True
[09:38:41.750] [D] [Pulse] Slow bot root: 800ms bot=Combat Bot poi=None combat=True
[09:38:42.609] [D] [Pulse] Slow bot root: 759ms bot=Combat Bot poi=None combat=True
[09:38:42.611] [D] [Singular-DEBUG] Mechanized Guardian is immune to Physical spell school
[09:38:43.461] [N] [Singular] Currect target is invalid. Switching to Mechanized Guardian!
[09:38:43.498] [D] [Pulse] Slow bot root: 807ms bot=Combat Bot poi=None combat=True
[09:38:43.827] [D] [Singular-DEBUG] Switched targets!
[09:38:43.827] [D] [Singular-DEBUG] Melee Distance: 5.8333335
[09:38:43.827] [D] [Singular-DEBUG] Health: 67.95403766358123
[09:38:43.827] [D] [Singular-DEBUG] Level: 32
[09:38:44.673] [D] [Pulse] Slow bot root: 744ms bot=Combat Bot poi=None combat=True
[09:38:45.469] [D] [Pulse] Slow bot root: 708ms bot=Combat Bot poi=None combat=True
[09:38:46.088] [N] [Singular] Casting Judgement of Light on Mechanized Guardian
[09:38:46.089] [D] Spell_C::CastSpell(20271, 0, 0xF13000185A00016A, 0)
[09:38:46.122] [D] [Pulse] Slow bot root: 563ms bot=Combat Bot poi=None combat=True
[09:38:46.934] [D] [Pulse] Slow bot root: 713ms bot=Combat Bot poi=None combat=True
[09:38:47.693] [D] [Pulse] Slow bot root: 676ms bot=Combat Bot poi=None combat=True
[09:38:48.349] [N] [Singular] Casting Exorcism on Mechanized Guardian
[09:38:48.350] [D] Spell_C::CastSpell(879, 0, 0xF13000185A00016A, 0)
[09:38:48.384] [D] [Pulse] Slow bot root: 599ms bot=Combat Bot poi=None combat=True
[09:38:48.484] [D] [Pulse] Slow plugin: name=Tidy Bags 3 Reloaded elapsed=46ms
[09:38:49.184] [D] [Pulse] Slow bot root: 700ms bot=Combat Bot poi=None combat=True
[09:38:50.159] [D] [Singular-DEBUG] Mechanized Guardian is immune to Physical spell school
[09:38:50.937] [D] [Pulse] Slow bot root: 678ms bot=Combat Bot poi=None combat=True
[09:38:51.715] [D] [Pulse] Slow bot root: 688ms bot=Combat Bot poi=None combat=True
[09:38:52.482] [D] [Pulse] Slow bot root: 683ms bot=Combat Bot poi=None combat=True
[09:38:52.484] [D] [Singular-DEBUG] Mechanized Guardian is immune to Physical spell school
[09:38:53.257] [D] [Pulse] Slow bot root: 688ms bot=Combat Bot poi=None combat=True
[09:38:54.072] [D] [Pulse] Slow bot root: 736ms bot=Combat Bot poi=None combat=True
[09:38:54.707] [N] [Singular] Casting Judgement of Light on Mechanized Guardian
[09:38:54.707] [D] Spell_C::CastSpell(20271, 0, 0xF13000185A00016A, 0)
[09:38:54.741] [D] [Pulse] Slow bot root: 570ms bot=Combat Bot poi=None combat=True
[09:38:55.563] [D] [Pulse] Slow bot root: 687ms bot=Combat Bot poi=None combat=True
[09:38:56.308] [D] [Pulse] Slow bot root: 662ms bot=Combat Bot poi=None combat=True
[09:38:56.309] [D] [Singular-DEBUG] Mechanized Guardian is immune to Physical spell school
[09:38:57.051] [D] [Pulse] Slow bot root: 668ms bot=Combat Bot poi=None combat=True
[09:38:58.283] [D] [Pulse] Slow bot root: 1130ms bot=Combat Bot poi=None combat=False
[09:38:58.386] [N] Drinking Sweet Nectar
[09:38:58.518] [D] [Pulse] Slow plugin: name=Tidy Bags 3 Reloaded elapsed=52ms
[09:39:02.177] [N] [AutoEquip]: Loot roll in progress
[09:39:02.277] [N] [AutoEquip]: Equipped item in slot:LegsSlot scored 31.190002 while loot-roll item scored:7.8012004
[09:39:02.277] [N] [AutoEquip]: New item did not contain our primary stat of:Strength so we are not rolling need.
[09:39:02.277] [N] [AutoEquip]: Rolling Greed
[09:39:02.409] [D] [Pulse] Slow shared pulse: total=231ms movement=0 objects=0 lua=132 info=0 loot=2 targeting=44 events=0 plugins=52 routine=0
[09:39:03.578] [D] [Pulse] Slow plugin: name=AutoEquip2 elapsed=288ms
[09:39:23.395] [D] [Pulse] Slow plugin: name=AutoEquip2 elapsed=54ms
[09:39:33.495] [D] [Pulse] Slow plugin: name=AutoEquip2 elapsed=66ms
[09:39:33.994] [D] [Singular-DEBUG] Mekgineer Thermaplugg is immune to Holy spell school
[09:39:34.027] [D] [Singular-DEBUG] Switched targets!
[09:39:34.027] [D] [Singular-DEBUG] Melee Distance: 5.3333335
[09:39:34.027] [D] [Singular-DEBUG] Health: 91.50058616647128
[09:39:34.027] [D] [Singular-DEBUG] Level: 28
[09:39:34.242] [D] [Singular-DEBUG] Mekgineer Thermaplugg is immune to Holy spell school
[09:39:34.441] [D] [Singular-DEBUG] Mekgineer Thermaplugg is immune to Physical spell school
[09:39:35.046] [N] [Singular] Casting Judgement of Light on Mekgineer Thermaplugg
[09:39:35.046] [D] Spell_C::CastSpell(20271, 0, 0xF130001E78000193, 0)
[09:39:35.052] [D] [Pulse] Slow bot root: 496ms bot=Combat Bot poi=None combat=True
[09:39:35.695] [D] [Pulse] Slow bot root: 612ms bot=Combat Bot poi=None combat=True
[09:39:36.360] [D] [Pulse] Slow bot root: 625ms bot=Combat Bot poi=None combat=True
[09:39:36.361] [D] [Singular-DEBUG] Mekgineer Thermaplugg is immune to Holy spell school
[09:39:36.849] [N] [Singular] Casting Exorcism on Mekgineer Thermaplugg
[09:39:36.849] [D] Spell_C::CastSpell(879, 0, 0xF130001E78000193, 0)
[09:39:36.855] [D] [Pulse] Slow bot root: 460ms bot=Combat Bot poi=None combat=True
[09:39:37.534] [D] [Pulse] Slow bot root: 643ms bot=Combat Bot poi=None combat=True
[09:39:37.967] [D] [Singular-DEBUG] Mekgineer Thermaplugg is immune to Physical spell school
[09:39:39.301] [D] [Pulse] Slow bot root: 631ms bot=Combat Bot poi=None combat=True
[09:39:40.011] [D] [Pulse] Slow bot root: 673ms bot=Combat Bot poi=None combat=True
[09:39:40.703] [D] [Pulse] Slow bot root: 653ms bot=Combat Bot poi=None combat=True
[09:39:41.383] [D] [Pulse] Slow bot root: 635ms bot=Combat Bot poi=None combat=True
[09:39:42.047] [D] [Pulse] Slow bot root: 627ms bot=Combat Bot poi=None combat=True
[09:39:42.722] [D] [Pulse] Slow bot root: 634ms bot=Combat Bot poi=None combat=True
[09:39:43.390] [D] [Pulse] Slow bot root: 628ms bot=Combat Bot poi=None combat=True
[09:39:43.878] [N] [Singular] Casting Judgement of Light on Mekgineer Thermaplugg
[09:39:43.878] [D] Spell_C::CastSpell(20271, 0, 0xF130001E78000193, 0)
[09:39:43.885] [D] [Pulse] Slow bot root: 461ms bot=Combat Bot poi=None combat=True
[09:39:44.601] [D] [Pulse] Slow bot root: 680ms bot=Combat Bot poi=None combat=True
[09:39:45.316] [D] [Pulse] Slow bot root: 681ms bot=Combat Bot poi=None combat=True
[09:39:46.014] [D] [Pulse] Slow bot root: 663ms bot=Combat Bot poi=None combat=True
[09:39:46.700] [D] [MeshNavigator] Skipped 2 path nodes
[09:39:46.712] [D] [Pulse] Slow bot root: 658ms bot=Combat Bot poi=None combat=True
[09:39:47.404] [D] [Pulse] Slow bot root: 658ms bot=Combat Bot poi=None combat=True
[09:39:48.089] [D] [Pulse] Slow bot root: 654ms bot=Combat Bot poi=None combat=True
[09:39:48.783] [D] [Pulse] Slow bot root: 663ms bot=Combat Bot poi=None combat=True
[09:39:49.486] [D] [Pulse] Slow bot root: 662ms bot=Combat Bot poi=None combat=True
[09:39:50.150] [D] [Pulse] Slow bot root: 625ms bot=Combat Bot poi=None combat=True
[09:39:50.897] [D] [Pulse] Slow bot root: 711ms bot=Combat Bot poi=None combat=True
[09:39:50.898] [D] [Singular-DEBUG] Mekgineer Thermaplugg is immune to Arcane spell school
[09:39:50.899] [D] [Singular-DEBUG] Mekgineer Thermaplugg is immune to Holy spell school
[09:39:51.795] [D] [Pulse] Slow bot root: 761ms bot=Combat Bot poi=None combat=True
[09:39:52.390] [N] [Singular] Casting Judgement of Light on Mekgineer Thermaplugg
[09:39:52.390] [D] Spell_C::CastSpell(20271, 0, 0xF130001E78000193, 0)
[09:39:52.400] [D] [Pulse] Slow bot root: 562ms bot=Combat Bot poi=None combat=True
[09:39:53.266] [D] [Pulse] Slow bot root: 829ms bot=Combat Bot poi=None combat=True
[09:39:54.071] [D] [Pulse] Slow bot root: 758ms bot=Combat Bot poi=None combat=True
[09:39:54.072] [D] [Singular-DEBUG] Mekgineer Thermaplugg is immune to Physical spell school
[09:39:54.677] [N] [Singular] Casting Exorcism on Mekgineer Thermaplugg
[09:39:54.677] [D] Spell_C::CastSpell(879, 0, 0xF130001E78000193, 0)
[09:39:54.685] [D] [Pulse] Slow bot root: 576ms bot=Combat Bot poi=None combat=True
[09:39:54.686] [D] [Singular-DEBUG] Mekgineer Thermaplugg is immune to Physical spell school
[09:39:55.490] [D] [Pulse] Slow bot root: 765ms bot=Combat Bot poi=None combat=True
[09:39:55.760] [D] [Singular-DEBUG] Mekgineer Thermaplugg is immune to Physical spell school
[09:39:57.765] [D] [Pulse] Slow bot root: 782ms bot=Combat Bot poi=None combat=True
[09:39:58.568] [D] [Pulse] Slow bot root: 765ms bot=Combat Bot poi=None combat=True
[09:39:58.569] [D] [Singular-DEBUG] Mekgineer Thermaplugg is immune to Physical spell school
[09:39:59.370] [D] [Pulse] Slow bot root: 761ms bot=Combat Bot poi=None combat=True
[09:40:00.146] [D] [Pulse] Slow bot root: 741ms bot=Combat Bot poi=None combat=True
[09:40:00.699] [N] [Singular] Casting Judgement of Light on Mekgineer Thermaplugg
[09:40:00.699] [D] Spell_C::CastSpell(20271, 0, 0xF130001E78000193, 0)
[09:40:00.709] [D] [Pulse] Slow bot root: 528ms bot=Combat Bot poi=None combat=True
[09:40:01.413] [D] [Pulse] Slow bot root: 665ms bot=Combat Bot poi=None combat=True
[09:40:01.414] [D] [Singular-DEBUG] Mekgineer Thermaplugg is immune to Physical spell school
[09:40:02.119] [D] [Pulse] Slow bot root: 669ms bot=Combat Bot poi=None combat=True
[09:40:02.823] [D] [Pulse] Slow bot root: 664ms bot=Combat Bot poi=None combat=True
[09:40:03.524] [D] [Pulse] Slow bot root: 666ms bot=Combat Bot poi=None combat=True
[09:40:04.227] [D] [Pulse] Slow bot root: 666ms bot=Combat Bot poi=None combat=True
[09:40:04.963] [D] [Pulse] Slow bot root: 696ms bot=Combat Bot poi=None combat=True
[09:40:05.709] [D] [Pulse] Slow bot root: 703ms bot=Combat Bot poi=None combat=True
[09:40:06.445] [D] [Pulse] Slow bot root: 699ms bot=Combat Bot poi=None combat=True
[09:40:07.178] [D] [Pulse] Slow bot root: 692ms bot=Combat Bot poi=None combat=True
[09:40:07.899] [D] [Pulse] Slow bot root: 679ms bot=Combat Bot poi=None combat=True
[09:40:08.609] [D] [Pulse] Slow bot root: 676ms bot=Combat Bot poi=None combat=True
[09:40:09.121] [N] [Singular] Casting Judgement of Light on Mekgineer Thermaplugg
[09:40:09.121] [D] Spell_C::CastSpell(20271, 0, 0xF130001E78000193, 0)
[09:40:09.128] [D] [Pulse] Slow bot root: 484ms bot=Combat Bot poi=None combat=True
[09:40:09.129] [D] [Singular-DEBUG] Mekgineer Thermaplugg is immune to Physical spell school
[09:40:10.368] [D] [Pulse] Slow bot root: 1205ms bot=Combat Bot poi=None combat=True
[09:40:10.903] [D] [Singular-DEBUG] [Talents] Best Tree: 18
[09:40:10.910] [D] [Talented] SelectMajorTalentTree called but not needed in WotLK 3.3.5a
[09:40:10.924] [N] [AutoEquip]: Loot roll in progress
[09:40:10.947] [N] [AutoEquip]: Equipped item in slot:Finger1Slot scored -1 while loot-roll item scored:4.8325
[09:40:10.952] [N] [AutoEquip]: Charged Gear scored 4.8325 while your equiped item only scored -1 - Rolling Need
[09:40:10.988] [N] We leveled up! Checking if we need to switch profiles.
[09:40:10.988] [D] Selected sub-profile: WholesomeAQ - Thousand Needles (L1-80)
[09:40:11.001] [D] [Pulse] Slow shared pulse: total=632ms movement=0 objects=0 lua=588 info=0 loot=2 targeting=15 events=12 plugins=11 routine=0
[09:40:12.084] [D] [Pulse] Slow bot root: 1083ms bot=Combat Bot poi=None combat=True
[09:40:13.203] [D] [Pulse] Slow bot root: 1085ms bot=Combat Bot poi=None combat=False
[09:40:13.245] [N] [TidyBags 3]: Using Satchel of Helpful Goods we have 1
[09:40:13.252] [D] [Pulse] Slow plugin: name=Tidy Bags 3 Reloaded elapsed=21ms
[09:40:13.888] [N] [AutoEquip]: Equipping Neck "Tumultuous Necklace" into empty slot NeckSlot
[09:40:13.969] [N] [AutoEquip]: Equipping Neck "Tumultuous Necklace" into empty slot NeckSlot
[09:40:14.352] [D] [Pulse] Slow plugin: name=AutoEquip2 elapsed=56ms
[09:40:24.359] [D] [Pulse] Slow plugin: name=AutoEquip2 elapsed=60ms
[09:40:24.982] [N] [AutoEquip]: Equipping Finger "Charged Gear" into empty slot Finger0Slot
[09:40:27.147] [D] [Pulse] Slow plugin: name=Tidy Bags 3 Reloaded elapsed=20ms
[09:40:33.432] [N] [Singular] Casting Seal of Righteousness on Myself
[09:40:33.432] [D] Spell_C::CastSpell(21084, 0, 0x6000000007EAB80, 0)
[09:40:40.162] [D] [Pulse] Slow plugin: name=Tidy Bags 3 Reloaded elapsed=35ms
[09:40:44.363] [D] [Pulse] Slow plugin: name=AutoEquip2 elapsed=55ms
[09:40:54.398] [D] [Pulse] Slow plugin: name=AutoEquip2 elapsed=81ms
[09:41:01.508] [D] [Pulse] Slow plugin: name=Tidy Bags 3 Reloaded elapsed=55ms
[09:41:01.740] [D] [Pulse] Slow bot root: 231ms bot=Combat Bot poi=None combat=False
[09:41:02.073] [D] [Pulse] Slow bot root: 232ms bot=Combat Bot poi=None combat=False
[09:41:02.340] [D] [Pulse] Slow bot root: 166ms bot=Combat Bot poi=None combat=False
[09:41:02.608] [D] [Pulse] Slow bot root: 166ms bot=Combat Bot poi=None combat=False
[09:41:02.875] [D] [Pulse] Slow bot root: 167ms bot=Combat Bot poi=None combat=False
[09:41:03.140] [D] [Pulse] Slow bot root: 163ms bot=Combat Bot poi=None combat=False
[09:41:03.408] [D] [Pulse] Slow bot root: 167ms bot=Combat Bot poi=None combat=False
[09:41:03.673] [D] [Pulse] Slow bot root: 164ms bot=Combat Bot poi=None combat=False
[09:41:03.973] [D] [Pulse] Slow bot root: 165ms bot=Combat Bot poi=None combat=False
[09:41:04.243] [D] [Pulse] Slow bot root: 169ms bot=Combat Bot poi=None combat=False
[09:41:04.512] [D] [Pulse] Slow bot root: 167ms bot=Combat Bot poi=None combat=False
[09:41:04.849] [D] [Pulse] Slow plugin: name=AutoEquip2 elapsed=292ms
[09:41:04.915] [D] [Pulse] Slow shared pulse: total=403ms movement=0 objects=0 lua=0 info=0 loot=1 targeting=41 events=0 plugins=359 routine=0
[09:41:05.081] [D] [Pulse] Slow bot root: 165ms bot=Combat Bot poi=None combat=False
[09:41:05.381] [D] [Pulse] Slow bot root: 166ms bot=Combat Bot poi=None combat=False
[09:41:05.650] [D] [Pulse] Slow bot root: 169ms bot=Combat Bot poi=None combat=False
[09:41:05.922] [D] [Pulse] Slow bot root: 169ms bot=Combat Bot poi=None combat=False
[09:41:06.188] [D] [Pulse] Slow bot root: 166ms bot=Combat Bot poi=None combat=False
[09:41:06.456] [D] [Pulse] Slow bot root: 167ms bot=Combat Bot poi=None combat=False
[09:41:06.724] [D] [Pulse] Slow bot root: 168ms bot=Combat Bot poi=None combat=False
[09:41:06.992] [D] [Pulse] Slow bot root: 163ms bot=Combat Bot poi=None combat=False
[09:41:07.398] [D] [Pulse] Slow bot root: 100ms bot=Combat Bot poi=None combat=False
[09:41:07.965] [D] [Pulse] Slow bot root: 101ms bot=Combat Bot poi=None combat=False
[09:41:24.663] [D] [Pulse] Slow plugin: name=AutoEquip2 elapsed=54ms
[09:41:30.953] [N] Not in game
[09:41:31.032] [N] Not in game
[09:41:31.111] [N] Not in game
[09:41:31.203] [N] Not in game
[09:41:31.282] [N] Not in game
[09:41:31.372] [N] Not in game
[09:41:31.464] [N] Not in game
[09:41:31.556] [N] Not in game
[09:41:31.649] [N] Not in game
[09:41:32.163] [D] [Pulse] Slow plugin: name=Tidy Bags 3 Reloaded elapsed=372ms
[09:41:32.163] [D] [Pulse] Slow shared pulse: total=424ms movement=0 objects=0 lua=0 info=0 loot=1 targeting=48 events=0 plugins=373 routine=0
[09:41:34.668] [D] [Pulse] Slow plugin: name=AutoEquip2 elapsed=52ms
[09:41:44.670] [D] [Pulse] Slow plugin: name=AutoEquip2 elapsed=53ms
[09:41:54.740] [D] [Pulse] Slow plugin: name=AutoEquip2 elapsed=58ms
[09:42:00.557] [N] [Singular] Casting Blessing of Might on Myself
[09:42:00.557] [D] Spell_C::CastSpell(19835, 0, 0x6000000007EAB80, 0)
[09:42:04.778] [D] [Pulse] Slow plugin: name=AutoEquip2 elapsed=60ms
[09:42:08.740] [D] [Pulse] Slow plugin: name=Tidy Bags 3 Reloaded elapsed=37ms
[09:42:15.033] [D] [Pulse] Slow plugin: name=AutoEquip2 elapsed=294ms
[09:42:15.099] [D] [Pulse] Slow shared pulse: total=402ms movement=0 objects=0 lua=0 info=0 loot=1 targeting=40 events=0 plugins=360 routine=0
[09:42:18.838] [D] [Pulse] Slow plugin: name=Tidy Bags 3 Reloaded elapsed=54ms
[09:42:25.110] [D] [Pulse] Slow plugin: name=AutoEquip2 elapsed=292ms
[09:42:25.175] [D] [Pulse] Slow shared pulse: total=398ms movement=0 objects=0 lua=0 info=0 loot=1 targeting=40 events=0 plugins=356 routine=0
[09:42:28.921] [D] [Pulse] Slow plugin: name=Tidy Bags 3 Reloaded elapsed=57ms
[09:42:35.201] [D] [Pulse] Slow plugin: name=AutoEquip2 elapsed=292ms
[09:42:35.266] [D] [Pulse] Slow shared pulse: total=398ms movement=0 objects=0 lua=0 info=0 loot=1 targeting=39 events=0 plugins=357 routine=0
[09:42:38.924] [D] [Pulse] Slow plugin: name=Tidy Bags 3 Reloaded elapsed=56ms
[09:42:45.307] [D] [Pulse] Slow plugin: name=AutoEquip2 elapsed=296ms
[09:42:45.373] [D] [Pulse] Slow shared pulse: total=402ms movement=0 objects=0 lua=0 info=0 loot=1 targeting=39 events=0 plugins=361 routine=0
[09:42:49.015] [D] [Pulse] Slow plugin: name=Tidy Bags 3 Reloaded elapsed=56ms
[09:42:55.395] [D] [Pulse] Slow plugin: name=AutoEquip2 elapsed=295ms
[09:42:55.460] [D] [Pulse] Slow shared pulse: total=401ms movement=0 objects=0 lua=0 info=0 loot=1 targeting=40 events=0 plugins=360 routine=0
[09:42:59.109] [D] [Pulse] Slow plugin: name=Tidy Bags 3 Reloaded elapsed=59ms
[09:43:05.497] [D] [Pulse] Slow plugin: name=AutoEquip2 elapsed=295ms
[09:43:05.564] [D] [Pulse] Slow shared pulse: total=403ms movement=0 objects=0 lua=0 info=0 loot=1 targeting=39 events=0 plugins=362 routine=0
[09:43:09.241] [D] [Pulse] Slow plugin: name=Tidy Bags 3 Reloaded elapsed=56ms
[09:43:15.615] [D] [Pulse] Slow plugin: name=AutoEquip2 elapsed=293ms
[09:43:15.682] [D] [Pulse] Slow shared pulse: total=402ms movement=0 objects=0 lua=0 info=0 loot=1 targeting=40 events=0 plugins=360 routine=0
[09:43:19.321] [D] [Pulse] Slow plugin: name=Tidy Bags 3 Reloaded elapsed=54ms
[09:43:25.712] [D] [Pulse] Slow plugin: name=AutoEquip2 elapsed=291ms
[09:43:25.780] [D] [Pulse] Slow shared pulse: total=399ms movement=0 objects=0 lua=0 info=0 loot=1 targeting=38 events=0 plugins=359 routine=0
[09:43:29.414] [D] [Pulse] Slow plugin: name=Tidy Bags 3 Reloaded elapsed=55ms
[09:43:35.793] [D] [Pulse] Slow plugin: name=AutoEquip2 elapsed=293ms
[09:43:35.861] [D] [Pulse] Slow shared pulse: total=402ms movement=0 objects=0 lua=0 info=0 loot=1 targeting=39 events=0 plugins=361 routine=0
[09:43:39.533] [D] [Pulse] Slow plugin: name=Tidy Bags 3 Reloaded elapsed=54ms
[09:43:45.911] [D] [Pulse] Slow plugin: name=AutoEquip2 elapsed=297ms
[09:43:45.975] [D] [Pulse] Slow shared pulse: total=403ms movement=0 objects=0 lua=0 info=0 loot=1 targeting=39 events=0 plugins=361 routine=0
[09:43:49.616] [D] [Pulse] Slow plugin: name=Tidy Bags 3 Reloaded elapsed=56ms
[09:43:56.015] [D] [Pulse] Slow plugin: name=AutoEquip2 elapsed=291ms
[09:43:56.082] [D] [Pulse] Slow shared pulse: total=399ms movement=0 objects=0 lua=0 info=0 loot=1 targeting=39 events=0 plugins=357 routine=0
[09:43:59.722] [D] [Pulse] Slow plugin: name=Tidy Bags 3 Reloaded elapsed=57ms
[09:44:06.119] [D] [Pulse] Slow plugin: name=AutoEquip2 elapsed=295ms
[09:44:06.186] [D] [Pulse] Slow shared pulse: total=402ms movement=0 objects=0 lua=0 info=0 loot=1 targeting=38 events=0 plugins=361 routine=0
[09:44:09.730] [D] [Pulse] Slow plugin: name=Tidy Bags 3 Reloaded elapsed=56ms
[09:44:16.246] [D] [Pulse] Slow plugin: name=AutoEquip2 elapsed=295ms
[09:44:16.310] [D] [Pulse] Slow shared pulse: total=402ms movement=0 objects=0 lua=0 info=0 loot=1 targeting=41 events=0 plugins=359 routine=0
[09:44:19.816] [D] [Pulse] Slow plugin: name=Tidy Bags 3 Reloaded elapsed=57ms
[09:44:26.320] [D] [Pulse] Slow plugin: name=AutoEquip2 elapsed=291ms
[09:44:26.386] [D] [Pulse] Slow shared pulse: total=399ms movement=0 objects=0 lua=0 info=0 loot=1 targeting=40 events=0 plugins=358 routine=0
[09:44:29.892] [D] [Pulse] Slow plugin: name=Tidy Bags 3 Reloaded elapsed=58ms
[09:44:36.394] [D] [Pulse] Slow plugin: name=AutoEquip2 elapsed=295ms
[09:44:36.457] [D] [Pulse] Slow shared pulse: total=400ms movement=0 objects=0 lua=0 info=0 loot=1 targeting=39 events=0 plugins=359 routine=0
[09:44:39.991] [D] [Pulse] Slow plugin: name=Tidy Bags 3 Reloaded elapsed=56ms
[09:44:46.506] [D] [Pulse] Slow plugin: name=AutoEquip2 elapsed=295ms
[09:44:46.570] [D] [Pulse] Slow shared pulse: total=400ms movement=0 objects=0 lua=0 info=0 loot=1 targeting=39 events=0 plugins=359 routine=0
[09:44:50.066] [D] [Pulse] Slow plugin: name=Tidy Bags 3 Reloaded elapsed=55ms
[09:44:56.578] [D] [Pulse] Slow plugin: name=AutoEquip2 elapsed=292ms
[09:44:56.644] [D] [Pulse] Slow shared pulse: total=398ms movement=0 objects=0 lua=0 info=0 loot=1 targeting=38 events=0 plugins=358 routine=0
[09:45:00.159] [D] [Pulse] Slow plugin: name=Tidy Bags 3 Reloaded elapsed=52ms
[09:45:06.675] [D] [Pulse] Slow plugin: name=AutoEquip2 elapsed=291ms
[09:45:06.739] [D] [Pulse] Slow shared pulse: total=397ms movement=0 objects=0 lua=0 info=0 loot=1 targeting=40 events=0 plugins=355 routine=0
[09:45:10.183] [D] [Pulse] Slow plugin: name=Tidy Bags 3 Reloaded elapsed=57ms
[09:45:16.771] [D] [Pulse] Slow plugin: name=AutoEquip2 elapsed=290ms
[09:45:16.836] [D] [Pulse] Slow shared pulse: total=397ms movement=0 objects=0 lua=0 info=0 loot=1 targeting=40 events=0 plugins=355 routine=0
[09:45:20.232] [D] [Pulse] Slow plugin: name=Tidy Bags 3 Reloaded elapsed=54ms
[09:45:26.846] [D] [Pulse] Slow plugin: name=AutoEquip2 elapsed=291ms
[09:45:26.913] [D] [Pulse] Slow shared pulse: total=399ms movement=0 objects=0 lua=0 info=0 loot=1 targeting=39 events=0 plugins=358 routine=0
[09:45:30.310] [D] [Pulse] Slow plugin: name=Tidy Bags 3 Reloaded elapsed=56ms
[09:45:36.930] [D] [Pulse] Slow plugin: name=AutoEquip2 elapsed=292ms
[09:45:36.996] [D] [Pulse] Slow shared pulse: total=401ms movement=0 objects=0 lua=0 info=0 loot=1 targeting=40 events=0 plugins=358 routine=0
[09:45:40.441] [D] [Pulse] Slow plugin: name=Tidy Bags 3 Reloaded elapsed=56ms
[09:45:47.062] [D] [Pulse] Slow plugin: name=AutoEquip2 elapsed=298ms
[09:45:47.126] [D] [Pulse] Slow shared pulse: total=402ms movement=0 objects=0 lua=0 info=0 loot=1 targeting=39 events=0 plugins=361 routine=0
[09:45:50.538] [D] [Pulse] Slow plugin: name=Tidy Bags 3 Reloaded elapsed=55ms
[09:45:57.162] [D] [Pulse] Slow plugin: name=AutoEquip2 elapsed=294ms
[09:45:57.227] [D] [Pulse] Slow shared pulse: total=400ms movement=0 objects=0 lua=0 info=0 loot=1 targeting=37 events=0 plugins=360 routine=0
[09:46:00.635] [D] [Pulse] Slow plugin: name=Tidy Bags 3 Reloaded elapsed=58ms
[09:46:07.262] [D] [Pulse] Slow plugin: name=AutoEquip2 elapsed=290ms
[09:46:07.327] [D] [Pulse] Slow shared pulse: total=400ms movement=0 objects=0 lua=0 info=0 loot=1 targeting=42 events=0 plugins=356 routine=0
[09:46:10.757] [D] [Pulse] Slow plugin: name=Tidy Bags 3 Reloaded elapsed=57ms
[09:46:17.374] [D] [Pulse] Slow plugin: name=AutoEquip2 elapsed=294ms
[09:46:17.440] [D] [Pulse] Slow shared pulse: total=402ms movement=0 objects=0 lua=0 info=0 loot=1 targeting=41 events=0 plugins=359 routine=0
[09:46:20.840] [D] [Pulse] Slow plugin: name=Tidy Bags 3 Reloaded elapsed=56ms
[09:46:27.459] [D] [Pulse] Slow plugin: name=AutoEquip2 elapsed=292ms
[09:46:27.522] [D] [Pulse] Slow shared pulse: total=399ms movement=0 objects=0 lua=0 info=0 loot=1 targeting=41 events=0 plugins=355 routine=0
[09:46:30.922] [D] [Pulse] Slow plugin: name=Tidy Bags 3 Reloaded elapsed=55ms
[09:46:37.529] [D] [Pulse] Slow plugin: name=AutoEquip2 elapsed=293ms
[09:46:37.594] [D] [Pulse] Slow shared pulse: total=400ms movement=0 objects=0 lua=0 info=0 loot=1 targeting=40 events=0 plugins=358 routine=0
[09:46:41.035] [D] [Pulse] Slow plugin: name=Tidy Bags 3 Reloaded elapsed=56ms
[09:46:47.659] [D] [Pulse] Slow plugin: name=AutoEquip2 elapsed=295ms
[09:46:47.727] [D] [Pulse] Slow shared pulse: total=404ms movement=0 objects=0 lua=0 info=0 loot=1 targeting=39 events=0 plugins=363 routine=0
[09:46:51.137] [D] [Pulse] Slow plugin: name=Tidy Bags 3 Reloaded elapsed=56ms
[09:46:57.768] [D] [Pulse] Slow plugin: name=AutoEquip2 elapsed=290ms
[09:46:57.835] [D] [Pulse] Slow shared pulse: total=399ms movement=0 objects=0 lua=0 info=0 loot=1 targeting=40 events=0 plugins=356 routine=0
[09:47:01.231] [D] [Pulse] Slow plugin: name=Tidy Bags 3 Reloaded elapsed=55ms
[09:47:07.847] [D] [Pulse] Slow plugin: name=AutoEquip2 elapsed=291ms
[09:47:07.911] [D] [Pulse] Slow shared pulse: total=397ms movement=0 objects=0 lua=0 info=0 loot=1 targeting=41 events=0 plugins=354 routine=0
[09:47:11.338] [D] [Pulse] Slow plugin: name=Tidy Bags 3 Reloaded elapsed=57ms
[09:47:17.947] [D] [Pulse] Slow plugin: name=AutoEquip2 elapsed=289ms
[09:47:18.013] [D] [Pulse] Slow shared pulse: total=396ms movement=0 objects=0 lua=0 info=0 loot=1 targeting=39 events=0 plugins=354 routine=0
[09:47:21.414] [D] [Pulse] Slow plugin: name=Tidy Bags 3 Reloaded elapsed=55ms
[09:47:28.032] [D] [Pulse] Slow plugin: name=AutoEquip2 elapsed=293ms
[09:47:28.097] [D] [Pulse] Slow shared pulse: total=400ms movement=0 objects=0 lua=0 info=0 loot=1 targeting=41 events=0 plugins=357 routine=0
[09:47:31.514] [D] [Pulse] Slow plugin: name=Tidy Bags 3 Reloaded elapsed=56ms
[09:47:38.135] [D] [Pulse] Slow plugin: name=AutoEquip2 elapsed=296ms
[09:47:38.200] [D] [Pulse] Slow shared pulse: total=403ms movement=0 objects=0 lua=0 info=0 loot=1 targeting=40 events=0 plugins=360 routine=0
[09:47:41.643] [D] [Pulse] Slow plugin: name=Tidy Bags 3 Reloaded elapsed=56ms
[09:47:48.146] [D] [Pulse] Slow plugin: name=AutoEquip2 elapsed=292ms
[09:47:48.211] [D] [Pulse] Slow shared pulse: total=398ms movement=0 objects=0 lua=0 info=0 loot=1 targeting=38 events=0 plugins=358 routine=0
[09:47:51.679] [D] [Pulse] Slow plugin: name=Tidy Bags 3 Reloaded elapsed=57ms
[09:47:58.155] [D] [Pulse] Slow plugin: name=AutoEquip2 elapsed=289ms
[09:47:58.222] [D] [Pulse] Slow shared pulse: total=398ms movement=0 objects=0 lua=0 info=0 loot=1 targeting=40 events=0 plugins=356 routine=0
[09:48:01.735] [D] [Pulse] Slow plugin: name=Tidy Bags 3 Reloaded elapsed=57ms
[09:48:08.250] [D] [Pulse] Slow plugin: name=AutoEquip2 elapsed=292ms
[09:48:08.315] [D] [Pulse] Slow shared pulse: total=400ms movement=0 objects=0 lua=0 info=0 loot=1 targeting=40 events=0 plugins=358 routine=0
[09:48:11.743] [D] [Pulse] Slow plugin: name=Tidy Bags 3 Reloaded elapsed=56ms
[09:48:18.359] [D] [Pulse] Slow plugin: name=AutoEquip2 elapsed=294ms
[09:48:18.426] [D] [Pulse] Slow shared pulse: total=401ms movement=0 objects=0 lua=0 info=0 loot=1 targeting=39 events=0 plugins=360 routine=0
[09:48:21.838] [D] [Pulse] Slow plugin: name=Tidy Bags 3 Reloaded elapsed=55ms
[09:48:28.456] [D] [Pulse] Slow plugin: name=AutoEquip2 elapsed=296ms
[09:48:28.519] [D] [Pulse] Slow shared pulse: total=402ms movement=0 objects=0 lua=0 info=0 loot=1 targeting=40 events=0 plugins=359 routine=0
[09:48:31.923] [D] [Pulse] Slow plugin: name=Tidy Bags 3 Reloaded elapsed=55ms
[09:48:38.546] [D] [Pulse] Slow plugin: name=AutoEquip2 elapsed=292ms
[09:48:38.612] [D] [Pulse] Slow shared pulse: total=402ms movement=0 objects=0 lua=0 info=0 loot=1 targeting=41 events=0 plugins=358 routine=0
[09:48:41.926] [D] [Pulse] Slow plugin: name=Tidy Bags 3 Reloaded elapsed=54ms
[09:48:48.547] [D] [Pulse] Slow plugin: name=AutoEquip2 elapsed=291ms
[09:48:48.613] [D] [Pulse] Slow shared pulse: total=433ms movement=0 objects=0 lua=33 info=0 loot=1 targeting=40 events=0 plugins=357 routine=0
[09:48:52.025] [D] [Pulse] Slow plugin: name=Tidy Bags 3 Reloaded elapsed=57ms
[09:48:58.638] [D] [Pulse] Slow plugin: name=AutoEquip2 elapsed=290ms
[09:48:58.704] [D] [Pulse] Slow shared pulse: total=436ms movement=0 objects=0 lua=32 info=0 loot=1 targeting=45 events=0 plugins=356 routine=0
[09:49:02.109] [D] [Pulse] Slow plugin: name=Tidy Bags 3 Reloaded elapsed=56ms
[09:49:08.719] [D] [Pulse] Slow plugin: name=AutoEquip2 elapsed=289ms
[09:49:08.787] [D] [Pulse] Slow shared pulse: total=431ms movement=0 objects=0 lua=30 info=0 loot=1 targeting=41 events=0 plugins=357 routine=0
[09:49:12.226] [D] [Pulse] Slow plugin: name=Tidy Bags 3 Reloaded elapsed=55ms
[09:49:18.842] [D] [Pulse] Slow plugin: name=AutoEquip2 elapsed=291ms
[09:49:18.907] [D] [Pulse] Slow shared pulse: total=432ms movement=0 objects=0 lua=31 info=0 loot=1 targeting=41 events=0 plugins=357 routine=0
[09:49:22.315] [D] [Pulse] Slow plugin: name=Tidy Bags 3 Reloaded elapsed=57ms
[09:49:28.933] [D] [Pulse] Slow plugin: name=AutoEquip2 elapsed=291ms
[09:49:29.000] [D] [Pulse] Slow shared pulse: total=432ms movement=0 objects=0 lua=31 info=0 loot=1 targeting=41 events=0 plugins=357 routine=0
[09:49:32.421] [D] [Pulse] Slow plugin: name=Tidy Bags 3 Reloaded elapsed=56ms
[09:49:39.045] [D] [Pulse] Slow plugin: name=AutoEquip2 elapsed=296ms
[09:49:39.112] [D] [Pulse] Slow shared pulse: total=437ms movement=0 objects=0 lua=32 info=0 loot=1 targeting=40 events=0 plugins=362 routine=0
[09:49:42.549] [D] [Pulse] Slow plugin: name=Tidy Bags 3 Reloaded elapsed=56ms
[09:49:49.164] [D] [Pulse] Slow plugin: name=AutoEquip2 elapsed=293ms
[09:49:49.232] [D] [Pulse] Slow shared pulse: total=435ms movement=0 objects=0 lua=32 info=0 loot=1 targeting=39 events=0 plugins=361 routine=0
[09:49:52.637] [D] [Pulse] Slow plugin: name=Tidy Bags 3 Reloaded elapsed=57ms
[09:49:59.235] [D] [Pulse] Slow plugin: name=AutoEquip2 elapsed=291ms
[09:49:59.300] [D] [Pulse] Slow shared pulse: total=433ms movement=0 objects=0 lua=32 info=0 loot=1 targeting=42 events=0 plugins=356 routine=0
[09:50:02.717] [D] [Pulse] Slow plugin: name=Tidy Bags 3 Reloaded elapsed=56ms
[09:50:09.326] [D] [Pulse] Slow plugin: name=AutoEquip2 elapsed=291ms
[09:50:09.394] [D] [Pulse] Slow shared pulse: total=435ms movement=0 objects=0 lua=34 info=0 loot=1 targeting=40 events=0 plugins=359 routine=0
[09:50:12.835] [D] [Pulse] Slow plugin: name=Tidy Bags 3 Reloaded elapsed=58ms
[09:50:19.428] [D] [Pulse] Slow plugin: name=AutoEquip2 elapsed=289ms
[09:50:19.493] [D] [Pulse] Slow shared pulse: total=432ms movement=0 objects=0 lua=33 info=0 loot=1 targeting=42 events=0 plugins=355 routine=0
[09:50:22.894] [D] [Pulse] Slow plugin: name=Tidy Bags 3 Reloaded elapsed=55ms
[09:50:29.527] [D] [Pulse] Slow plugin: name=AutoEquip2 elapsed=294ms
[09:50:29.592] [D] [Pulse] Slow shared pulse: total=434ms movement=0 objects=0 lua=31 info=0 loot=1 targeting=41 events=0 plugins=359 routine=0
[09:50:33.005] [D] [Pulse] Slow plugin: name=Tidy Bags 3 Reloaded elapsed=59ms
[09:50:39.621] [D] [Pulse] Slow plugin: name=AutoEquip2 elapsed=290ms
[09:50:39.688] [D] [Pulse] Slow shared pulse: total=432ms movement=0 objects=0 lua=33 info=0 loot=1 targeting=39 events=0 plugins=357 routine=0
[09:50:43.136] [D] [Pulse] Slow plugin: name=Tidy Bags 3 Reloaded elapsed=57ms
[09:50:49.750] [D] [Pulse] Slow plugin: name=AutoEquip2 elapsed=291ms
[09:50:49.815] [D] [Pulse] Slow shared pulse: total=431ms movement=0 objects=0 lua=32 info=0 loot=1 targeting=40 events=0 plugins=356 routine=0
[09:50:53.225] [D] [Pulse] Slow plugin: name=Tidy Bags 3 Reloaded elapsed=54ms
[09:50:59.829] [D] [Pulse] Slow plugin: name=AutoEquip2 elapsed=289ms
[09:50:59.894] [D] [Pulse] Slow shared pulse: total=427ms movement=0 objects=0 lua=31 info=0 loot=1 targeting=41 events=0 plugins=353 routine=0
[09:51:03.298] [D] [Pulse] Slow plugin: name=Tidy Bags 3 Reloaded elapsed=54ms
[09:51:09.925] [D] [Pulse] Slow plugin: name=AutoEquip2 elapsed=287ms
[09:51:09.991] [D] [Pulse] Slow shared pulse: total=429ms movement=0 objects=0 lua=32 info=0 loot=1 targeting=41 events=0 plugins=353 routine=0
[09:51:13.303] [D] [Pulse] Slow plugin: name=Tidy Bags 3 Reloaded elapsed=56ms
[09:51:20.044] [D] [Pulse] Slow plugin: name=AutoEquip2 elapsed=294ms
[09:51:20.111] [D] [Pulse] Slow shared pulse: total=437ms movement=0 objects=0 lua=33 info=0 loot=1 targeting=41 events=0 plugins=360 routine=0
[09:51:23.388] [D] [Pulse] Slow plugin: name=Tidy Bags 3 Reloaded elapsed=57ms
[09:51:30.155] [D] [Pulse] Slow plugin: name=AutoEquip2 elapsed=292ms
[09:51:30.219] [D] [Pulse] Slow shared pulse: total=432ms movement=0 objects=0 lua=32 info=0 loot=1 targeting=41 events=0 plugins=356 routine=0
[09:51:33.394] [D] [Pulse] Slow plugin: name=Tidy Bags 3 Reloaded elapsed=55ms
[09:51:40.248] [D] [Pulse] Slow plugin: name=AutoEquip2 elapsed=293ms
[09:51:40.314] [D] [Pulse] Slow shared pulse: total=434ms movement=0 objects=0 lua=32 info=0 loot=1 targeting=40 events=0 plugins=359 routine=0
[09:51:43.519] [D] [Pulse] Slow plugin: name=Tidy Bags 3 Reloaded elapsed=56ms
[09:51:50.359] [D] [Pulse] Slow plugin: name=AutoEquip2 elapsed=292ms
[09:51:50.424] [D] [Pulse] Slow shared pulse: total=433ms movement=0 objects=0 lua=32 info=0 loot=1 targeting=41 events=0 plugins=356 routine=0
[09:51:53.590] [D] [Pulse] Slow plugin: name=Tidy Bags 3 Reloaded elapsed=56ms
[09:52:00.440] [D] [Pulse] Slow plugin: name=AutoEquip2 elapsed=288ms
[09:52:00.505] [D] [Pulse] Slow shared pulse: total=430ms movement=0 objects=0 lua=32 info=0 loot=1 targeting=43 events=0 plugins=352 routine=0
[09:52:00.908] [N] [Singular] Casting Blessing of Might on Myself
[09:52:00.908] [D] Spell_C::CastSpell(19835, 0, 0x6000000007EAB80, 0)
[09:52:03.612] [D] [Pulse] Slow plugin: name=Tidy Bags 3 Reloaded elapsed=56ms
[09:52:10.600] [D] [Pulse] Slow plugin: name=AutoEquip2 elapsed=292ms
[09:52:10.665] [D] [Pulse] Slow shared pulse: total=434ms movement=0 objects=0 lua=33 info=0 loot=1 targeting=41 events=0 plugins=357 routine=0
[09:52:13.639] [D] [Pulse] Slow plugin: name=Tidy Bags 3 Reloaded elapsed=56ms
[09:52:20.720] [D] [Pulse] Slow plugin: name=AutoEquip2 elapsed=290ms
[09:52:20.785] [D] [Pulse] Slow shared pulse: total=434ms movement=0 objects=0 lua=33 info=0 loot=2 targeting=43 events=0 plugins=355 routine=0
[09:52:23.730] [D] [Pulse] Slow plugin: name=Tidy Bags 3 Reloaded elapsed=57ms
[09:52:30.833] [D] [Pulse] Slow plugin: name=AutoEquip2 elapsed=290ms
[09:52:30.899] [D] [Pulse] Slow shared pulse: total=432ms movement=0 objects=0 lua=31 info=0 loot=1 targeting=42 events=0 plugins=356 routine=0
[09:52:33.838] [D] [Pulse] Slow plugin: name=Tidy Bags 3 Reloaded elapsed=55ms
[09:52:40.936] [D] [Pulse] Slow plugin: name=AutoEquip2 elapsed=295ms
[09:52:41.001] [D] [Pulse] Slow shared pulse: total=436ms movement=0 objects=0 lua=33 info=0 loot=1 targeting=41 events=0 plugins=360 routine=0
[09:52:43.841] [D] [Pulse] Slow plugin: name=Tidy Bags 3 Reloaded elapsed=57ms
[09:52:51.060] [D] [Pulse] Slow plugin: name=AutoEquip2 elapsed=292ms
[09:52:51.125] [D] [Pulse] Slow shared pulse: total=432ms movement=0 objects=0 lua=33 info=0 loot=1 targeting=40 events=0 plugins=356 routine=0
[09:52:53.929] [D] [Pulse] Slow plugin: name=Tidy Bags 3 Reloaded elapsed=55ms
[09:53:01.104] [D] [Pulse] Slow plugin: name=AutoEquip2 elapsed=293ms
[09:53:01.169] [D] [Pulse] Slow shared pulse: total=401ms movement=0 objects=0 lua=0 info=0 loot=1 targeting=41 events=0 plugins=358 routine=0
[09:53:04.003] [D] [Pulse] Slow plugin: name=Tidy Bags 3 Reloaded elapsed=56ms
[09:53:11.173] [D] [Pulse] Slow plugin: name=AutoEquip2 elapsed=291ms
[09:53:11.237] [D] [Pulse] Slow shared pulse: total=396ms movement=0 objects=0 lua=0 info=0 loot=1 targeting=39 events=0 plugins=355 routine=0
[09:53:14.007] [D] [Pulse] Slow plugin: name=Tidy Bags 3 Reloaded elapsed=57ms
[09:53:21.223] [D] [Pulse] Slow plugin: name=AutoEquip2 elapsed=295ms
[09:53:21.290] [D] [Pulse] Slow shared pulse: total=403ms movement=0 objects=0 lua=0 info=0 loot=1 targeting=39 events=0 plugins=362 routine=0
[09:53:24.033] [D] [Pulse] Slow plugin: name=Tidy Bags 3 Reloaded elapsed=57ms
[09:53:31.319] [D] [Pulse] Slow plugin: name=AutoEquip2 elapsed=293ms
[09:53:31.385] [D] [Pulse] Slow shared pulse: total=401ms movement=0 objects=0 lua=0 info=0 loot=1 targeting=40 events=0 plugins=359 routine=0
[09:53:34.121] [D] [Pulse] Slow plugin: name=Tidy Bags 3 Reloaded elapsed=56ms
[09:53:41.400] [D] [Pulse] Slow plugin: name=AutoEquip2 elapsed=293ms
[09:53:41.466] [D] [Pulse] Slow shared pulse: total=401ms movement=0 objects=0 lua=0 info=0 loot=1 targeting=40 events=0 plugins=358 routine=0
[09:53:44.241] [D] [Pulse] Slow plugin: name=Tidy Bags 3 Reloaded elapsed=55ms
[09:53:51.529] [D] [Pulse] Slow plugin: name=AutoEquip2 elapsed=292ms
[09:53:51.596] [D] [Pulse] Slow shared pulse: total=400ms movement=0 objects=0 lua=0 info=0 loot=1 targeting=39 events=0 plugins=358 routine=0
[09:53:54.336] [D] [Pulse] Slow plugin: name=Tidy Bags 3 Reloaded elapsed=56ms
[09:54:01.620] [D] [Pulse] Slow plugin: name=AutoEquip2 elapsed=291ms
[09:54:01.685] [D] [Pulse] Slow shared pulse: total=399ms movement=0 objects=0 lua=0 info=0 loot=1 targeting=41 events=0 plugins=356 routine=0
[09:54:04.419] [D] [Pulse] Slow plugin: name=Tidy Bags 3 Reloaded elapsed=53ms
[09:54:11.711] [D] [Pulse] Slow plugin: name=AutoEquip2 elapsed=289ms
[09:54:11.777] [D] [Pulse] Slow shared pulse: total=398ms movement=0 objects=0 lua=0 info=0 loot=1 targeting=41 events=0 plugins=355 routine=0
[09:54:14.422] [D] [Pulse] Slow plugin: name=Tidy Bags 3 Reloaded elapsed=55ms
[09:54:21.726] [D] [Pulse] Slow plugin: name=AutoEquip2 elapsed=290ms
[09:54:21.792] [D] [Pulse] Slow shared pulse: total=399ms movement=0 objects=0 lua=0 info=0 loot=1 targeting=39 events=0 plugins=357 routine=0
[09:54:24.539] [D] [Pulse] Slow plugin: name=Tidy Bags 3 Reloaded elapsed=55ms
[09:54:31.818] [D] [Pulse] Slow plugin: name=AutoEquip2 elapsed=295ms
[09:54:31.883] [D] [Pulse] Slow shared pulse: total=402ms movement=0 objects=0 lua=0 info=0 loot=1 targeting=39 events=0 plugins=360 routine=0
[09:54:34.612] [D] [Pulse] Slow plugin: name=Tidy Bags 3 Reloaded elapsed=54ms
[09:54:41.885] [D] [Pulse] Slow plugin: name=AutoEquip2 elapsed=295ms
[09:54:41.950] [D] [Pulse] Slow shared pulse: total=403ms movement=0 objects=0 lua=0 info=0 loot=1 targeting=41 events=0 plugins=360 routine=0
[09:54:44.632] [D] [Pulse] Slow plugin: name=Tidy Bags 3 Reloaded elapsed=56ms
[09:54:51.894] [D] [Pulse] Slow plugin: name=AutoEquip2 elapsed=291ms
[09:54:51.961] [D] [Pulse] Slow shared pulse: total=399ms movement=0 objects=0 lua=0 info=0 loot=1 targeting=40 events=0 plugins=357 routine=0
[09:54:54.695] [D] [Pulse] Slow plugin: name=Tidy Bags 3 Reloaded elapsed=56ms
[09:55:01.984] [D] [Pulse] Slow plugin: name=AutoEquip2 elapsed=293ms
[09:55:02.050] [D] [Pulse] Slow shared pulse: total=400ms movement=0 objects=0 lua=0 info=0 loot=1 targeting=39 events=0 plugins=359 routine=0
[09:55:04.799] [D] [Pulse] Slow plugin: name=Tidy Bags 3 Reloaded elapsed=56ms
[09:55:12.090] [D] [Pulse] Slow plugin: name=AutoEquip2 elapsed=297ms
[09:55:12.158] [D] [Pulse] Slow shared pulse: total=404ms movement=0 objects=0 lua=0 info=0 loot=1 targeting=38 events=0 plugins=364 routine=0
[09:55:14.810] [D] [Pulse] Slow plugin: name=Tidy Bags 3 Reloaded elapsed=56ms
[09:55:22.103] [D] [Pulse] Slow plugin: name=AutoEquip2 elapsed=287ms
[09:55:22.168] [D] [Pulse] Slow shared pulse: total=396ms movement=0 objects=0 lua=0 info=0 loot=1 targeting=42 events=0 plugins=352 routine=0
[09:55:24.903] [D] [Pulse] Slow plugin: name=Tidy Bags 3 Reloaded elapsed=55ms
[09:55:32.189] [D] [Pulse] Slow plugin: name=AutoEquip2 elapsed=293ms
[09:55:32.255] [D] [Pulse] Slow shared pulse: total=401ms movement=0 objects=0 lua=0 info=0 loot=1 targeting=40 events=0 plugins=359 routine=0
[09:55:34.992] [D] [Pulse] Slow plugin: name=Tidy Bags 3 Reloaded elapsed=54ms
[09:55:42.280] [D] [Pulse] Slow plugin: name=AutoEquip2 elapsed=291ms
[09:55:42.346] [D] [Pulse] Slow shared pulse: total=403ms movement=0 objects=0 lua=0 info=0 loot=1 targeting=44 events=0 plugins=357 routine=0
[09:55:45.123] [D] [Pulse] Slow plugin: name=Tidy Bags 3 Reloaded elapsed=55ms
[09:55:52.399] [D] [Pulse] Slow plugin: name=AutoEquip2 elapsed=293ms
[09:55:52.464] [D] [Pulse] Slow shared pulse: total=398ms movement=0 objects=0 lua=0 info=0 loot=1 targeting=39 events=0 plugins=357 routine=0
[09:55:55.209] [D] [Pulse] Slow plugin: name=Tidy Bags 3 Reloaded elapsed=56ms
[09:56:02.486] [D] [Pulse] Slow plugin: name=AutoEquip2 elapsed=294ms
[09:56:02.554] [D] [Pulse] Slow shared pulse: total=402ms movement=0 objects=0 lua=0 info=0 loot=1 targeting=38 events=0 plugins=362 routine=0
[09:56:05.298] [D] [Pulse] Slow plugin: name=Tidy Bags 3 Reloaded elapsed=54ms
[09:56:12.591] [D] [Pulse] Slow plugin: name=AutoEquip2 elapsed=294ms
[09:56:12.655] [D] [Pulse] Slow shared pulse: total=401ms movement=0 objects=0 lua=0 info=0 loot=1 targeting=40 events=0 plugins=358 routine=0
[09:56:15.430] [D] [Pulse] Slow plugin: name=Tidy Bags 3 Reloaded elapsed=57ms
[09:56:22.721] [D] [Pulse] Slow plugin: name=AutoEquip2 elapsed=293ms
[09:56:22.786] [D] [Pulse] Slow shared pulse: total=401ms movement=0 objects=0 lua=0 info=0 loot=1 targeting=40 events=0 plugins=358 routine=0
[09:56:25.518] [D] [Pulse] Slow plugin: name=Tidy Bags 3 Reloaded elapsed=56ms
[09:56:32.803] [D] [Pulse] Slow plugin: name=AutoEquip2 elapsed=294ms
[09:56:32.867] [D] [Pulse] Slow shared pulse: total=400ms movement=0 objects=0 lua=0 info=0 loot=1 targeting=40 events=0 plugins=357 routine=0
[09:56:35.605] [D] [Pulse] Slow plugin: name=Tidy Bags 3 Reloaded elapsed=55ms
[09:56:42.921] [D] [Pulse] Slow plugin: name=AutoEquip2 elapsed=293ms
[09:56:42.988] [D] [Pulse] Slow shared pulse: total=403ms movement=0 objects=0 lua=0 info=0 loot=1 targeting=41 events=0 plugins=360 routine=0
[09:56:45.623] [D] [Pulse] Slow plugin: name=Tidy Bags 3 Reloaded elapsed=55ms
[09:56:53.032] [D] [Pulse] Slow plugin: name=AutoEquip2 elapsed=292ms
[09:56:53.098] [D] [Pulse] Slow shared pulse: total=401ms movement=0 objects=0 lua=0 info=0 loot=1 targeting=41 events=0 plugins=358 routine=0
[09:56:55.718] [D] [Pulse] Slow plugin: name=Tidy Bags 3 Reloaded elapsed=56ms
[09:57:03.151] [D] [Pulse] Slow plugin: name=AutoEquip2 elapsed=294ms
[09:57:03.218] [D] [Pulse] Slow shared pulse: total=402ms movement=0 objects=0 lua=0 info=0 loot=1 targeting=38 events=0 plugins=361 routine=0
[09:57:05.729] [D] [Pulse] Slow plugin: name=Tidy Bags 3 Reloaded elapsed=55ms
[09:57:13.255] [D] [Pulse] Slow plugin: name=AutoEquip2 elapsed=295ms
[09:57:13.321] [D] [Pulse] Slow shared pulse: total=403ms movement=0 objects=0 lua=0 info=0 loot=1 targeting=40 events=0 plugins=361 routine=0
[09:57:15.862] [D] [Pulse] Slow plugin: name=Tidy Bags 3 Reloaded elapsed=59ms
[09:57:23.378] [D] [Pulse] Slow plugin: name=AutoEquip2 elapsed=299ms
[09:57:23.443] [D] [Pulse] Slow shared pulse: total=406ms movement=0 objects=0 lua=0 info=0 loot=1 targeting=40 events=0 plugins=364 routine=0
[09:57:25.947] [D] [Pulse] Slow plugin: name=Tidy Bags 3 Reloaded elapsed=55ms
[09:57:33.446] [D] [Pulse] Slow plugin: name=AutoEquip2 elapsed=290ms
[09:57:33.511] [D] [Pulse] Slow shared pulse: total=397ms movement=0 objects=0 lua=0 info=0 loot=1 targeting=39 events=0 plugins=355 routine=0
[09:57:36.012] [D] [Pulse] Slow plugin: name=Tidy Bags 3 Reloaded elapsed=56ms
[09:57:43.529] [D] [Pulse] Slow plugin: name=AutoEquip2 elapsed=294ms
[09:57:43.596] [D] [Pulse] Slow shared pulse: total=404ms movement=0 objects=0 lua=0 info=0 loot=1 targeting=40 events=0 plugins=361 routine=0
[09:57:46.141] [D] [Pulse] Slow plugin: name=Tidy Bags 3 Reloaded elapsed=55ms
[09:57:56.194] [D] [Pulse] Slow plugin: name=Tidy Bags 3 Reloaded elapsed=56ms
[09:58:03.626] [D] [Pulse] Slow plugin: name=AutoEquip2 elapsed=291ms
[09:58:03.691] [D] [Pulse] Slow shared pulse: total=399ms movement=0 objects=0 lua=0 info=0 loot=1 targeting=41 events=0 plugins=356 routine=0
[09:58:06.208] [D] [Pulse] Slow plugin: name=Tidy Bags 3 Reloaded elapsed=57ms
[09:58:13.718] [D] [Pulse] Slow plugin: name=AutoEquip2 elapsed=290ms
[09:58:13.783] [D] [Pulse] Slow shared pulse: total=398ms movement=0 objects=0 lua=0 info=0 loot=1 targeting=40 events=0 plugins=355 routine=0
[09:58:16.320] [D] [Pulse] Slow plugin: name=Tidy Bags 3 Reloaded elapsed=55ms
[09:58:23.829] [D] [Pulse] Slow plugin: name=AutoEquip2 elapsed=291ms
[09:58:23.895] [D] [Pulse] Slow shared pulse: total=401ms movement=0 objects=0 lua=0 info=0 loot=1 targeting=41 events=0 plugins=357 routine=0
[09:58:26.395] [D] [Pulse] Slow plugin: name=Tidy Bags 3 Reloaded elapsed=56ms
[09:58:33.917] [D] [Pulse] Slow plugin: name=AutoEquip2 elapsed=292ms
[09:58:33.982] [D] [Pulse] Slow shared pulse: total=400ms movement=0 objects=0 lua=0 info=0 loot=1 targeting=41 events=0 plugins=356 routine=0
[09:58:36.485] [D] [Pulse] Slow plugin: name=Tidy Bags 3 Reloaded elapsed=56ms
[09:58:44.012] [D] [Pulse] Slow plugin: name=AutoEquip2 elapsed=294ms
[09:58:44.078] [D] [Pulse] Slow shared pulse: total=402ms movement=0 objects=0 lua=0 info=0 loot=1 targeting=39 events=0 plugins=360 routine=0
[09:58:46.615] [D] [Pulse] Slow plugin: name=Tidy Bags 3 Reloaded elapsed=55ms
[09:58:54.141] [D] [Pulse] Slow plugin: name=AutoEquip2 elapsed=291ms
[09:58:54.207] [D] [Pulse] Slow shared pulse: total=399ms movement=0 objects=0 lua=0 info=0 loot=1 targeting=39 events=0 plugins=358 routine=0
[09:58:56.726] [D] [Pulse] Slow plugin: name=Tidy Bags 3 Reloaded elapsed=58ms
[09:59:04.241] [D] [Pulse] Slow plugin: name=AutoEquip2 elapsed=292ms
[09:59:04.306] [D] [Pulse] Slow shared pulse: total=400ms movement=0 objects=0 lua=0 info=0 loot=1 targeting=40 events=0 plugins=357 routine=0
[09:59:06.807] [D] [Pulse] Slow plugin: name=Tidy Bags 3 Reloaded elapsed=57ms
[09:59:14.337] [D] [Pulse] Slow plugin: name=AutoEquip2 elapsed=291ms
[09:59:14.403] [D] [Pulse] Slow shared pulse: total=401ms movement=0 objects=0 lua=0 info=0 loot=1 targeting=41 events=0 plugins=357 routine=0
[09:59:16.810] [D] [Pulse] Slow plugin: name=Tidy Bags 3 Reloaded elapsed=56ms
[09:59:24.454] [D] [Pulse] Slow plugin: name=AutoEquip2 elapsed=293ms
[09:59:24.521] [D] [Pulse] Slow shared pulse: total=402ms movement=0 objects=0 lua=0 info=0 loot=1 targeting=40 events=0 plugins=359 routine=0
[09:59:26.884] [D] [Pulse] Slow plugin: name=Tidy Bags 3 Reloaded elapsed=56ms
[09:59:34.530] [D] [Pulse] Slow plugin: name=AutoEquip2 elapsed=294ms
[09:59:34.596] [D] [Pulse] Slow shared pulse: total=403ms movement=0 objects=0 lua=0 info=0 loot=1 targeting=40 events=0 plugins=361 routine=0
[09:59:36.964] [D] [Pulse] Slow plugin: name=Tidy Bags 3 Reloaded elapsed=55ms
[09:59:44.631] [D] [Pulse] Slow plugin: name=AutoEquip2 elapsed=291ms
[09:59:44.695] [D] [Pulse] Slow shared pulse: total=397ms movement=0 objects=0 lua=0 info=0 loot=1 targeting=40 events=0 plugins=355 routine=0
[09:59:47.003] [D] [Pulse] Slow plugin: name=Tidy Bags 3 Reloaded elapsed=56ms
[09:59:54.637] [D] [Pulse] Slow plugin: name=AutoEquip2 elapsed=294ms
[09:59:54.703] [D] [Pulse] Slow shared pulse: total=403ms movement=0 objects=0 lua=0 info=0 loot=1 targeting=40 events=0 plugins=360 routine=0
[09:59:57.074] [D] [Pulse] Slow plugin: name=Tidy Bags 3 Reloaded elapsed=56ms
[10:00:04.752] [D] [Pulse] Slow plugin: name=AutoEquip2 elapsed=290ms
[10:00:04.819] [D] [Pulse] Slow shared pulse: total=399ms movement=0 objects=0 lua=0 info=0 loot=1 targeting=40 events=0 plugins=357 routine=0
[10:00:07.093] [D] [Pulse] Slow plugin: name=Tidy Bags 3 Reloaded elapsed=57ms
[10:00:14.840] [D] [Pulse] Slow plugin: name=AutoEquip2 elapsed=290ms
[10:00:14.905] [D] [Pulse] Slow shared pulse: total=396ms movement=0 objects=0 lua=0 info=0 loot=1 targeting=39 events=0 plugins=354 routine=0
[10:00:17.213] [D] [Pulse] Slow plugin: name=Tidy Bags 3 Reloaded elapsed=56ms
[10:00:24.966] [D] [Pulse] Slow plugin: name=AutoEquip2 elapsed=293ms
[10:00:25.032] [D] [Pulse] Slow shared pulse: total=400ms movement=0 objects=0 lua=0 info=0 loot=1 targeting=39 events=0 plugins=359 routine=0
[10:00:27.307] [D] [Pulse] Slow plugin: name=Tidy Bags 3 Reloaded elapsed=58ms
[10:00:35.078] [D] [Pulse] Slow plugin: name=AutoEquip2 elapsed=292ms
[10:00:35.145] [D] [Pulse] Slow shared pulse: total=400ms movement=0 objects=0 lua=0 info=0 loot=1 targeting=39 events=0 plugins=359 routine=0
[10:00:37.418] [D] [Pulse] Slow plugin: name=Tidy Bags 3 Reloaded elapsed=58ms
[10:00:45.177] [D] [Pulse] Slow plugin: name=AutoEquip2 elapsed=294ms
[10:00:45.242] [D] [Pulse] Slow shared pulse: total=402ms movement=0 objects=0 lua=0 info=0 loot=1 targeting=40 events=0 plugins=359 routine=0
[10:00:47.552] [D] [Pulse] Slow plugin: name=Tidy Bags 3 Reloaded elapsed=56ms
[10:00:55.320] [D] [Pulse] Slow plugin: name=AutoEquip2 elapsed=295ms
[10:00:55.386] [D] [Pulse] Slow shared pulse: total=402ms movement=0 objects=0 lua=0 info=0 loot=1 targeting=39 events=0 plugins=361 routine=0
[10:00:57.659] [D] [Pulse] Slow plugin: name=Tidy Bags 3 Reloaded elapsed=54ms
[10:01:05.408] [D] [Pulse] Slow plugin: name=AutoEquip2 elapsed=293ms
[10:01:05.474] [D] [Pulse] Slow shared pulse: total=400ms movement=0 objects=0 lua=0 info=0 loot=1 targeting=39 events=0 plugins=358 routine=0
[10:01:07.745] [D] [Pulse] Slow plugin: name=Tidy Bags 3 Reloaded elapsed=57ms
[10:01:08.846] [N] [Singular] Casting Blessing of Kings on Myself
[10:01:08.846] [D] Spell_C::CastSpell(20217, 0, 0x6000000007EAB80, 0)
[10:01:15.455] [D] [Pulse] Slow plugin: name=AutoEquip2 elapsed=291ms
[10:01:15.522] [D] [Pulse] Slow shared pulse: total=400ms movement=0 objects=0 lua=0 info=0 loot=1 targeting=41 events=0 plugins=357 routine=0
[10:01:17.828] [D] [Pulse] Slow plugin: name=Tidy Bags 3 Reloaded elapsed=56ms
[10:01:25.583] [D] [Pulse] Slow plugin: name=AutoEquip2 elapsed=294ms
[10:01:25.648] [D] [Pulse] Slow shared pulse: total=400ms movement=0 objects=0 lua=0 info=0 loot=1 targeting=39 events=0 plugins=359 routine=0
[10:01:27.917] [D] [Pulse] Slow plugin: name=Tidy Bags 3 Reloaded elapsed=58ms
[10:01:35.694] [D] [Pulse] Slow plugin: name=AutoEquip2 elapsed=291ms
[10:01:35.759] [D] [Pulse] Slow shared pulse: total=399ms movement=0 objects=0 lua=0 info=0 loot=1 targeting=39 events=0 plugins=357 routine=0
[10:01:38.034] [D] [Pulse] Slow plugin: name=Tidy Bags 3 Reloaded elapsed=56ms
[10:01:45.790] [D] [Pulse] Slow plugin: name=AutoEquip2 elapsed=294ms
[10:01:45.856] [D] [Pulse] Slow shared pulse: total=402ms movement=0 objects=0 lua=0 info=0 loot=1 targeting=40 events=0 plugins=360 routine=0
[10:01:48.161] [D] [Pulse] Slow plugin: name=Tidy Bags 3 Reloaded elapsed=55ms
[10:01:55.915] [D] [Pulse] Slow plugin: name=AutoEquip2 elapsed=291ms
[10:01:55.980] [D] [Pulse] Slow shared pulse: total=400ms movement=0 objects=0 lua=0 info=0 loot=1 targeting=42 events=0 plugins=356 routine=0
[10:01:58.252] [D] [Pulse] Slow plugin: name=Tidy Bags 3 Reloaded elapsed=54ms
[10:02:06.033] [D] [Pulse] Slow plugin: name=AutoEquip2 elapsed=290ms
[10:02:06.098] [D] [Pulse] Slow shared pulse: total=399ms movement=0 objects=0 lua=0 info=0 loot=1 targeting=41 events=0 plugins=356 routine=0
[10:02:08.374] [D] [Pulse] Slow plugin: name=Tidy Bags 3 Reloaded elapsed=56ms
[10:02:16.140] [D] [Pulse] Slow plugin: name=AutoEquip2 elapsed=289ms
[10:02:16.207] [D] [Pulse] Slow shared pulse: total=397ms movement=0 objects=0 lua=0 info=0 loot=1 targeting=39 events=0 plugins=355 routine=0
[10:02:18.504] [D] [Pulse] Slow plugin: name=Tidy Bags 3 Reloaded elapsed=56ms
[10:02:26.256] [D] [Pulse] Slow plugin: name=AutoEquip2 elapsed=292ms
[10:02:26.321] [D] [Pulse] Slow shared pulse: total=400ms movement=0 objects=0 lua=0 info=0 loot=1 targeting=41 events=0 plugins=357 routine=0
[10:02:28.590] [D] [Pulse] Slow plugin: name=Tidy Bags 3 Reloaded elapsed=57ms
[10:02:36.358] [D] [Pulse] Slow plugin: name=AutoEquip2 elapsed=292ms
[10:02:36.424] [D] [Pulse] Slow shared pulse: total=399ms movement=0 objects=0 lua=0 info=0 loot=1 targeting=39 events=0 plugins=358 routine=0
[10:02:38.699] [D] [Pulse] Slow plugin: name=Tidy Bags 3 Reloaded elapsed=57ms
[10:02:46.445] [D] [Pulse] Slow plugin: name=AutoEquip2 elapsed=292ms
[10:02:46.511] [D] [Pulse] Slow shared pulse: total=399ms movement=0 objects=0 lua=0 info=0 loot=1 targeting=39 events=0 plugins=357 routine=0
[10:02:48.816] [D] [Pulse] Slow plugin: name=Tidy Bags 3 Reloaded elapsed=57ms
[10:02:56.579] [D] [Pulse] Slow plugin: name=AutoEquip2 elapsed=294ms
[10:02:56.643] [D] [Pulse] Slow shared pulse: total=402ms movement=0 objects=0 lua=0 info=0 loot=1 targeting=42 events=0 plugins=358 routine=0
[10:02:58.913] [D] [Pulse] Slow plugin: name=Tidy Bags 3 Reloaded elapsed=56ms
[10:03:06.652] [D] [Pulse] Slow plugin: name=AutoEquip2 elapsed=294ms
[10:03:06.719] [D] [Pulse] Slow shared pulse: total=404ms movement=0 objects=0 lua=0 info=0 loot=1 targeting=40 events=0 plugins=361 routine=0
[10:03:08.988] [D] [Pulse] Slow plugin: name=Tidy Bags 3 Reloaded elapsed=57ms
[10:03:16.739] [D] [Pulse] Slow plugin: name=AutoEquip2 elapsed=292ms
[10:03:16.805] [D] [Pulse] Slow shared pulse: total=399ms movement=0 objects=0 lua=0 info=0 loot=1 targeting=39 events=0 plugins=357 routine=0
[10:03:19.121] [D] [Pulse] Slow plugin: name=Tidy Bags 3 Reloaded elapsed=57ms
[10:03:26.744] [D] [Pulse] Slow plugin: name=AutoEquip2 elapsed=293ms
[10:03:26.812] [D] [Pulse] Slow shared pulse: total=402ms movement=0 objects=0 lua=0 info=0 loot=1 targeting=39 events=0 plugins=360 routine=0
[10:03:29.185] [D] [Pulse] Slow plugin: name=Tidy Bags 3 Reloaded elapsed=55ms
[10:03:36.872] [D] [Pulse] Slow plugin: name=AutoEquip2 elapsed=295ms
[10:03:36.938] [D] [Pulse] Slow shared pulse: total=403ms movement=0 objects=0 lua=0 info=0 loot=1 targeting=39 events=0 plugins=361 routine=0
[10:03:39.207] [D] [Pulse] Slow plugin: name=Tidy Bags 3 Reloaded elapsed=57ms
[10:03:46.953] [D] [Pulse] Slow plugin: name=AutoEquip2 elapsed=292ms
[10:03:47.018] [D] [Pulse] Slow shared pulse: total=399ms movement=0 objects=0 lua=0 info=0 loot=1 targeting=40 events=0 plugins=356 routine=0
[10:03:49.326] [D] [Pulse] Slow plugin: name=Tidy Bags 3 Reloaded elapsed=55ms
[10:03:57.065] [D] [Pulse] Slow plugin: name=AutoEquip2 elapsed=291ms
[10:03:57.133] [D] [Pulse] Slow shared pulse: total=401ms movement=0 objects=0 lua=0 info=0 loot=1 targeting=40 events=0 plugins=359 routine=0
[10:03:59.409] [D] [Pulse] Slow plugin: name=Tidy Bags 3 Reloaded elapsed=56ms
[10:04:07.153] [D] [Pulse] Slow plugin: name=AutoEquip2 elapsed=291ms
[10:04:07.219] [D] [Pulse] Slow shared pulse: total=401ms movement=0 objects=0 lua=0 info=0 loot=1 targeting=41 events=0 plugins=358 routine=0
[10:04:09.492] [D] [Pulse] Slow plugin: name=Tidy Bags 3 Reloaded elapsed=55ms
[10:04:17.285] [D] [Pulse] Slow plugin: name=AutoEquip2 elapsed=294ms
[10:04:17.350] [D] [Pulse] Slow shared pulse: total=402ms movement=0 objects=0 lua=0 info=0 loot=1 targeting=40 events=0 plugins=360 routine=0
[10:04:19.519] [D] [Pulse] Slow plugin: name=Tidy Bags 3 Reloaded elapsed=55ms
[10:04:27.410] [D] [Pulse] Slow plugin: name=AutoEquip2 elapsed=290ms
[10:04:27.477] [D] [Pulse] Slow shared pulse: total=400ms movement=0 objects=0 lua=0 info=0 loot=1 targeting=40 events=0 plugins=357 routine=0
[10:04:29.609] [D] [Pulse] Slow plugin: name=Tidy Bags 3 Reloaded elapsed=56ms
[10:04:37.499] [D] [Pulse] Slow plugin: name=AutoEquip2 elapsed=290ms
[10:04:37.565] [D] [Pulse] Slow shared pulse: total=398ms movement=0 objects=0 lua=0 info=0 loot=1 targeting=39 events=0 plugins=357 routine=0
[10:04:39.698] [D] [Pulse] Slow plugin: name=Tidy Bags 3 Reloaded elapsed=56ms
[10:04:47.594] [D] [Pulse] Slow plugin: name=AutoEquip2 elapsed=293ms
[10:04:47.660] [D] [Pulse] Slow shared pulse: total=403ms movement=0 objects=0 lua=0 info=0 loot=1 targeting=41 events=0 plugins=359 routine=0
[10:04:49.734] [D] [Pulse] Slow plugin: name=Tidy Bags 3 Reloaded elapsed=57ms
[10:04:57.598] [D] [Pulse] Slow plugin: name=AutoEquip2 elapsed=290ms
[10:04:57.665] [D] [Pulse] Slow shared pulse: total=399ms movement=0 objects=0 lua=0 info=0 loot=1 targeting=39 events=0 plugins=357 routine=0
[10:04:59.814] [D] [Pulse] Slow plugin: name=Tidy Bags 3 Reloaded elapsed=58ms
[10:05:07.689] [D] [Pulse] Slow plugin: name=AutoEquip2 elapsed=291ms
[10:05:07.755] [D] [Pulse] Slow shared pulse: total=399ms movement=0 objects=0 lua=0 info=0 loot=1 targeting=40 events=0 plugins=357 routine=0
[10:05:09.896] [D] [Pulse] Slow plugin: name=Tidy Bags 3 Reloaded elapsed=58ms
[10:05:17.796] [D] [Pulse] Slow plugin: name=AutoEquip2 elapsed=293ms
[10:05:17.861] [D] [Pulse] Slow shared pulse: total=402ms movement=0 objects=0 lua=0 info=0 loot=1 targeting=41 events=0 plugins=358 routine=0
[10:05:19.934] [D] [Pulse] Slow plugin: name=Tidy Bags 3 Reloaded elapsed=57ms
[10:05:27.917] [D] [Pulse] Slow plugin: name=AutoEquip2 elapsed=294ms
[10:05:27.983] [D] [Pulse] Slow shared pulse: total=401ms movement=0 objects=0 lua=0 info=0 loot=1 targeting=38 events=0 plugins=360 routine=0
[10:05:30.016] [D] [Pulse] Slow plugin: name=Tidy Bags 3 Reloaded elapsed=56ms
[10:05:37.957] [D] [Pulse] Slow plugin: name=AutoEquip2 elapsed=290ms
[10:05:38.023] [D] [Pulse] Slow shared pulse: total=397ms movement=0 objects=0 lua=0 info=0 loot=1 targeting=39 events=0 plugins=355 routine=0
[10:05:40.066] [D] [Pulse] Slow plugin: name=Tidy Bags 3 Reloaded elapsed=57ms
[10:05:48.041] [D] [Pulse] Slow plugin: name=AutoEquip2 elapsed=294ms
[10:05:48.107] [D] [Pulse] Slow shared pulse: total=401ms movement=0 objects=0 lua=0 info=0 loot=1 targeting=39 events=0 plugins=360 routine=0
[10:05:50.187] [D] [Pulse] Slow plugin: name=Tidy Bags 3 Reloaded elapsed=57ms
[10:06:00.233] [D] [Pulse] Slow plugin: name=Tidy Bags 3 Reloaded elapsed=55ms
[10:06:08.111] [D] [Pulse] Slow plugin: name=AutoEquip2 elapsed=290ms
[10:06:08.178] [D] [Pulse] Slow shared pulse: total=400ms movement=0 objects=0 lua=0 info=0 loot=1 targeting=40 events=0 plugins=357 routine=0
[10:06:10.311] [D] [Pulse] Slow plugin: name=Tidy Bags 3 Reloaded elapsed=56ms
[10:06:18.212] [D] [Pulse] Slow plugin: name=AutoEquip2 elapsed=290ms
[10:06:18.276] [D] [Pulse] Slow shared pulse: total=399ms movement=0 objects=0 lua=0 info=0 loot=1 targeting=42 events=0 plugins=354 routine=0
[10:06:20.352] [D] [Pulse] Slow plugin: name=Tidy Bags 3 Reloaded elapsed=54ms
[10:06:28.224] [D] [Pulse] Slow plugin: name=AutoEquip2 elapsed=295ms
[10:06:28.292] [D] [Pulse] Slow shared pulse: total=404ms movement=0 objects=0 lua=0 info=0 loot=1 targeting=40 events=0 plugins=362 routine=0
[10:06:30.428] [D] [Pulse] Slow plugin: name=Tidy Bags 3 Reloaded elapsed=55ms
[10:06:38.320] [D] [Pulse] Slow plugin: name=AutoEquip2 elapsed=294ms
[10:06:38.385] [D] [Pulse] Slow shared pulse: total=401ms movement=0 objects=0 lua=0 info=0 loot=1 targeting=40 events=0 plugins=358 routine=0
[10:06:40.518] [D] [Pulse] Slow plugin: name=Tidy Bags 3 Reloaded elapsed=57ms
[10:06:48.418] [D] [Pulse] Slow plugin: name=AutoEquip2 elapsed=290ms
[10:06:48.483] [D] [Pulse] Slow shared pulse: total=400ms movement=0 objects=0 lua=0 info=0 loot=1 targeting=42 events=0 plugins=355 routine=0
[10:06:50.546] [D] [Pulse] Slow plugin: name=Tidy Bags 3 Reloaded elapsed=54ms
[10:06:58.531] [D] [Pulse] Slow plugin: name=AutoEquip2 elapsed=291ms
[10:06:58.597] [D] [Pulse] Slow shared pulse: total=399ms movement=0 objects=0 lua=0 info=0 loot=1 targeting=40 events=0 plugins=356 routine=0
[10:07:00.634] [D] [Pulse] Slow plugin: name=Tidy Bags 3 Reloaded elapsed=55ms
[10:07:08.626] [D] [Pulse] Slow plugin: name=AutoEquip2 elapsed=292ms
[10:07:08.691] [D] [Pulse] Slow shared pulse: total=399ms movement=0 objects=0 lua=0 info=0 loot=1 targeting=40 events=0 plugins=357 routine=0
[10:07:10.735] [D] [Pulse] Slow plugin: name=Tidy Bags 3 Reloaded elapsed=58ms
[10:07:18.635] [D] [Pulse] Slow plugin: name=AutoEquip2 elapsed=293ms
[10:07:18.702] [D] [Pulse] Slow shared pulse: total=402ms movement=0 objects=0 lua=0 info=0 loot=1 targeting=39 events=0 plugins=361 routine=0
[10:07:20.782] [D] [Pulse] Slow plugin: name=Tidy Bags 3 Reloaded elapsed=56ms
[10:07:28.648] [D] [Pulse] Slow plugin: name=AutoEquip2 elapsed=293ms
[10:07:28.715] [D] [Pulse] Slow shared pulse: total=402ms movement=0 objects=0 lua=0 info=0 loot=1 targeting=40 events=0 plugins=360 routine=0
[10:07:30.859] [D] [Pulse] Slow plugin: name=Tidy Bags 3 Reloaded elapsed=55ms
[10:07:38.742] [D] [Pulse] Slow plugin: name=AutoEquip2 elapsed=290ms
[10:07:38.808] [D] [Pulse] Slow shared pulse: total=401ms movement=0 objects=0 lua=0 info=0 loot=1 targeting=42 events=0 plugins=356 routine=0
[10:07:40.947] [D] [Pulse] Slow plugin: name=Tidy Bags 3 Reloaded elapsed=56ms
[10:07:48.841] [D] [Pulse] Slow plugin: name=AutoEquip2 elapsed=293ms
[10:07:48.906] [D] [Pulse] Slow shared pulse: total=399ms movement=0 objects=0 lua=0 info=0 loot=1 targeting=39 events=0 plugins=358 routine=0
[10:07:50.974] [D] [Pulse] Slow plugin: name=Tidy Bags 3 Reloaded elapsed=54ms
[10:07:58.952] [D] [Pulse] Slow plugin: name=AutoEquip2 elapsed=293ms
[10:07:59.017] [D] [Pulse] Slow shared pulse: total=401ms movement=0 objects=0 lua=0 info=0 loot=1 targeting=40 events=0 plugins=358 routine=0
[10:08:01.054] [D] [Pulse] Slow plugin: name=Tidy Bags 3 Reloaded elapsed=56ms
[10:08:09.046] [D] [Pulse] Slow plugin: name=AutoEquip2 elapsed=293ms
[10:08:09.115] [D] [Pulse] Slow shared pulse: total=404ms movement=0 objects=0 lua=0 info=0 loot=1 targeting=40 events=0 plugins=362 routine=0
[10:08:11.153] [D] [Pulse] Slow plugin: name=Tidy Bags 3 Reloaded elapsed=56ms
[10:08:19.143] [D] [Pulse] Slow plugin: name=AutoEquip2 elapsed=292ms
[10:08:19.211] [D] [Pulse] Slow shared pulse: total=401ms movement=0 objects=0 lua=0 info=0 loot=1 targeting=38 events=0 plugins=360 routine=0
[10:08:21.287] [D] [Pulse] Slow plugin: name=Tidy Bags 3 Reloaded elapsed=59ms
[10:08:29.262] [D] [Pulse] Slow plugin: name=AutoEquip2 elapsed=292ms
[10:08:29.328] [D] [Pulse] Slow shared pulse: total=401ms movement=0 objects=0 lua=0 info=0 loot=1 targeting=40 events=0 plugins=358 routine=0
[10:08:31.365] [D] [Pulse] Slow plugin: name=Tidy Bags 3 Reloaded elapsed=55ms
[10:08:39.344] [D] [Pulse] Slow plugin: name=AutoEquip2 elapsed=291ms
[10:08:39.411] [D] [Pulse] Slow shared pulse: total=401ms movement=0 objects=0 lua=0 info=0 loot=1 targeting=40 events=0 plugins=358 routine=0
[10:08:41.448] [D] [Pulse] Slow plugin: name=Tidy Bags 3 Reloaded elapsed=55ms
[10:08:49.437] [D] [Pulse] Slow plugin: name=AutoEquip2 elapsed=295ms
[10:08:49.502] [D] [Pulse] Slow shared pulse: total=402ms movement=0 objects=0 lua=0 info=0 loot=1 targeting=40 events=0 plugins=359 routine=0
[10:08:51.569] [D] [Pulse] Slow plugin: name=Tidy Bags 3 Reloaded elapsed=56ms
[10:08:59.564] [D] [Pulse] Slow plugin: name=AutoEquip2 elapsed=293ms
[10:08:59.629] [D] [Pulse] Slow shared pulse: total=400ms movement=0 objects=0 lua=0 info=0 loot=1 targeting=41 events=0 plugins=357 routine=0
[10:09:01.661] [D] [Pulse] Slow plugin: name=Tidy Bags 3 Reloaded elapsed=54ms
[10:09:09.692] [D] [Pulse] Slow plugin: name=AutoEquip2 elapsed=295ms
[10:09:09.758] [D] [Pulse] Slow shared pulse: total=403ms movement=0 objects=0 lua=0 info=0 loot=1 targeting=39 events=0 plugins=361 routine=0
[10:09:11.663] [D] [Pulse] Slow plugin: name=Tidy Bags 3 Reloaded elapsed=55ms
[10:09:19.796] [D] [Pulse] Slow plugin: name=AutoEquip2 elapsed=294ms
[10:09:19.861] [D] [Pulse] Slow shared pulse: total=402ms movement=0 objects=0 lua=0 info=0 loot=1 targeting=40 events=0 plugins=359 routine=0
[10:09:21.697] [D] [Pulse] Slow plugin: name=Tidy Bags 3 Reloaded elapsed=55ms
[10:09:29.914] [D] [Pulse] Slow plugin: name=AutoEquip2 elapsed=291ms
[10:09:29.980] [D] [Pulse] Slow shared pulse: total=398ms movement=0 objects=0 lua=0 info=0 loot=1 targeting=39 events=0 plugins=357 routine=0
[10:09:31.785] [D] [Pulse] Slow plugin: name=Tidy Bags 3 Reloaded elapsed=55ms
[10:09:39.999] [D] [Pulse] Slow plugin: name=AutoEquip2 elapsed=292ms
[10:09:40.066] [D] [Pulse] Slow shared pulse: total=402ms movement=0 objects=0 lua=0 info=0 loot=1 targeting=41 events=0 plugins=359 routine=0
[10:09:41.879] [D] [Pulse] Slow plugin: name=Tidy Bags 3 Reloaded elapsed=55ms
[10:09:50.090] [D] [Pulse] Slow plugin: name=AutoEquip2 elapsed=290ms
[10:09:50.155] [D] [Pulse] Slow shared pulse: total=398ms movement=0 objects=0 lua=0 info=0 loot=1 targeting=40 events=0 plugins=355 routine=0
[10:09:51.988] [D] [Pulse] Slow plugin: name=Tidy Bags 3 Reloaded elapsed=56ms
[10:10:00.223] [D] [Pulse] Slow plugin: name=AutoEquip2 elapsed=291ms
[10:10:00.289] [D] [Pulse] Slow shared pulse: total=399ms movement=0 objects=0 lua=0 info=0 loot=1 targeting=40 events=0 plugins=357 routine=0
[10:10:02.099] [D] [Pulse] Slow plugin: name=Tidy Bags 3 Reloaded elapsed=55ms
[10:10:10.319] [D] [Pulse] Slow plugin: name=AutoEquip2 elapsed=290ms
[10:10:10.384] [D] [Pulse] Slow shared pulse: total=396ms movement=0 objects=0 lua=0 info=0 loot=1 targeting=39 events=0 plugins=355 routine=0
[10:10:12.187] [D] [Pulse] Slow plugin: name=Tidy Bags 3 Reloaded elapsed=57ms
[10:10:20.410] [D] [Pulse] Slow plugin: name=AutoEquip2 elapsed=292ms
[10:10:20.476] [D] [Pulse] Slow shared pulse: total=398ms movement=0 objects=0 lua=0 info=0 loot=1 targeting=38 events=0 plugins=357 routine=0
[10:10:22.309] [D] [Pulse] Slow plugin: name=Tidy Bags 3 Reloaded elapsed=56ms
[10:10:30.521] [D] [Pulse] Slow plugin: name=AutoEquip2 elapsed=289ms
[10:10:30.587] [D] [Pulse] Slow shared pulse: total=396ms movement=0 objects=0 lua=0 info=0 loot=1 targeting=40 events=0 plugins=354 routine=0
[10:10:32.395] [D] [Pulse] Slow plugin: name=Tidy Bags 3 Reloaded elapsed=55ms
[10:10:34.432] [N] [Singular] Casting Seal of Righteousness on Myself
[10:10:34.432] [D] Spell_C::CastSpell(21084, 0, 0x6000000007EAB80, 0)
[10:10:34.465] [D] [Pulse] Slow bot root: 102ms bot=Combat Bot poi=None combat=False
[10:10:40.632] [D] [Pulse] Slow plugin: name=AutoEquip2 elapsed=290ms
[10:10:40.698] [D] [Pulse] Slow shared pulse: total=398ms movement=0 objects=0 lua=0 info=0 loot=1 targeting=40 events=0 plugins=356 routine=0
[10:10:42.498] [D] [Pulse] Slow plugin: name=Tidy Bags 3 Reloaded elapsed=54ms
[10:10:50.734] [D] [Pulse] Slow plugin: name=AutoEquip2 elapsed=290ms
[10:10:50.799] [D] [Pulse] Slow shared pulse: total=397ms movement=0 objects=0 lua=0 info=0 loot=1 targeting=40 events=0 plugins=355 routine=0
[10:10:52.639] [D] [Pulse] Slow plugin: name=Tidy Bags 3 Reloaded elapsed=57ms
[10:11:00.864] [D] [Pulse] Slow plugin: name=AutoEquip2 elapsed=291ms
[10:11:00.930] [D] [Pulse] Slow shared pulse: total=399ms movement=0 objects=0 lua=0 info=0 loot=1 targeting=40 events=0 plugins=356 routine=0
[10:11:02.737] [D] [Pulse] Slow plugin: name=Tidy Bags 3 Reloaded elapsed=58ms
[10:11:09.257] [N] [Singular] Casting Blessing of Kings on Myself
[10:11:09.257] [D] Spell_C::CastSpell(20217, 0, 0x6000000007EAB80, 0)
[10:11:10.930] [D] [Pulse] Slow plugin: name=AutoEquip2 elapsed=291ms
[10:11:10.996] [D] [Pulse] Slow shared pulse: total=398ms movement=0 objects=0 lua=0 info=0 loot=1 targeting=40 events=0 plugins=356 routine=0
[10:11:12.798] [D] [Pulse] Slow plugin: name=Tidy Bags 3 Reloaded elapsed=57ms
[10:11:21.032] [D] [Pulse] Slow plugin: name=AutoEquip2 elapsed=291ms
[10:11:21.099] [D] [Pulse] Slow shared pulse: total=400ms movement=0 objects=0 lua=0 info=0 loot=1 targeting=39 events=0 plugins=358 routine=0
[10:11:22.945] [D] [Pulse] Slow plugin: name=Tidy Bags 3 Reloaded elapsed=58ms
[10:11:31.156] [D] [Pulse] Slow plugin: name=AutoEquip2 elapsed=290ms
[10:11:31.222] [D] [Pulse] Slow shared pulse: total=400ms movement=0 objects=0 lua=0 info=0 loot=1 targeting=42 events=0 plugins=356 routine=0
[10:11:33.022] [D] [Pulse] Slow plugin: name=Tidy Bags 3 Reloaded elapsed=56ms
[10:11:41.243] [D] [Pulse] Slow plugin: name=AutoEquip2 elapsed=293ms
[10:11:41.310] [D] [Pulse] Slow shared pulse: total=401ms movement=0 objects=0 lua=0 info=0 loot=1 targeting=38 events=0 plugins=360 routine=0
[10:11:43.110] [D] [Pulse] Slow plugin: name=Tidy Bags 3 Reloaded elapsed=55ms
[10:11:51.340] [D] [Pulse] Slow plugin: name=AutoEquip2 elapsed=292ms
[10:11:51.405] [D] [Pulse] Slow shared pulse: total=397ms movement=0 objects=0 lua=0 info=0 loot=1 targeting=38 events=0 plugins=357 routine=0
[10:11:53.248] [D] [Pulse] Slow plugin: name=Tidy Bags 3 Reloaded elapsed=56ms
[10:12:01.348] [D] [Pulse] Slow plugin: name=AutoEquip2 elapsed=293ms
[10:12:01.414] [D] [Pulse] Slow shared pulse: total=401ms movement=0 objects=0 lua=0 info=0 loot=1 targeting=39 events=0 plugins=359 routine=0
[10:12:03.323] [D] [Pulse] Slow plugin: name=Tidy Bags 3 Reloaded elapsed=56ms
[10:12:11.460] [D] [Pulse] Slow plugin: name=AutoEquip2 elapsed=291ms
[10:12:11.526] [D] [Pulse] Slow shared pulse: total=402ms movement=0 objects=0 lua=0 info=0 loot=1 targeting=42 events=0 plugins=357 routine=0
[10:12:13.443] [D] [Pulse] Slow plugin: name=Tidy Bags 3 Reloaded elapsed=57ms
[10:12:21.565] [D] [Pulse] Slow plugin: name=AutoEquip2 elapsed=291ms
[10:12:21.631] [D] [Pulse] Slow shared pulse: total=401ms movement=0 objects=0 lua=0 info=0 loot=1 targeting=41 events=0 plugins=357 routine=0
[10:12:23.572] [D] [Pulse] Slow plugin: name=Tidy Bags 3 Reloaded elapsed=55ms
[10:12:31.683] [D] [Pulse] Slow plugin: name=AutoEquip2 elapsed=292ms
[10:12:31.749] [D] [Pulse] Slow shared pulse: total=402ms movement=0 objects=0 lua=0 info=0 loot=1 targeting=41 events=0 plugins=358 routine=0
[10:12:33.654] [D] [Pulse] Slow plugin: name=Tidy Bags 3 Reloaded elapsed=56ms
[10:12:41.774] [D] [Pulse] Slow plugin: name=AutoEquip2 elapsed=291ms
[10:12:41.840] [D] [Pulse] Slow shared pulse: total=400ms movement=0 objects=0 lua=0 info=0 loot=1 targeting=40 events=0 plugins=357 routine=0
[10:12:43.745] [D] [Pulse] Slow plugin: name=Tidy Bags 3 Reloaded elapsed=53ms
[10:12:51.866] [D] [Pulse] Slow plugin: name=AutoEquip2 elapsed=288ms
[10:12:51.933] [D] [Pulse] Slow shared pulse: total=398ms movement=0 objects=0 lua=0 info=0 loot=1 targeting=40 events=0 plugins=355 routine=0
[10:12:53.874] [D] [Pulse] Slow plugin: name=Tidy Bags 3 Reloaded elapsed=55ms
[10:13:01.903] [D] [Pulse] Slow plugin: name=AutoEquip2 elapsed=294ms
[10:13:01.968] [D] [Pulse] Slow shared pulse: total=400ms movement=0 objects=0 lua=0 info=0 loot=1 targeting=39 events=0 plugins=359 routine=0
[10:13:04.009] [D] [Pulse] Slow plugin: name=Tidy Bags 3 Reloaded elapsed=57ms
[10:13:11.987] [D] [Pulse] Slow plugin: name=AutoEquip2 elapsed=294ms
[10:13:12.053] [D] [Pulse] Slow shared pulse: total=403ms movement=0 objects=0 lua=0 info=0 loot=1 targeting=39 events=0 plugins=361 routine=0
[10:13:14.086] [D] [Pulse] Slow plugin: name=Tidy Bags 3 Reloaded elapsed=54ms
[10:13:22.075] [D] [Pulse] Slow plugin: name=AutoEquip2 elapsed=292ms
[10:13:22.140] [D] [Pulse] Slow shared pulse: total=398ms movement=0 objects=0 lua=0 info=0 loot=1 targeting=38 events=0 plugins=357 routine=0
[10:13:24.207] [D] [Pulse] Slow plugin: name=Tidy Bags 3 Reloaded elapsed=57ms
[10:13:32.205] [D] [Pulse] Slow plugin: name=AutoEquip2 elapsed=294ms
[10:13:32.272] [D] [Pulse] Slow shared pulse: total=403ms movement=0 objects=0 lua=0 info=0 loot=1 targeting=39 events=0 plugins=361 routine=0
[10:13:34.314] [D] [Pulse] Slow plugin: name=Tidy Bags 3 Reloaded elapsed=55ms
[10:13:42.297] [D] [Pulse] Slow plugin: name=AutoEquip2 elapsed=291ms
[10:13:42.362] [D] [Pulse] Slow shared pulse: total=400ms movement=0 objects=0 lua=0 info=0 loot=1 targeting=40 events=0 plugins=357 routine=0
[10:13:44.401] [D] [Pulse] Slow plugin: name=Tidy Bags 3 Reloaded elapsed=58ms
[10:13:52.395] [D] [Pulse] Slow plugin: name=AutoEquip2 elapsed=298ms
[10:13:52.458] [D] [Pulse] Slow shared pulse: total=402ms movement=0 objects=0 lua=0 info=0 loot=1 targeting=39 events=0 plugins=361 routine=0
[10:13:54.533] [D] [Pulse] Slow plugin: name=Tidy Bags 3 Reloaded elapsed=55ms
[10:14:02.519] [D] [Pulse] Slow plugin: name=AutoEquip2 elapsed=291ms
[10:14:02.584] [D] [Pulse] Slow shared pulse: total=398ms movement=0 objects=0 lua=0 info=0 loot=1 targeting=40 events=0 plugins=356 routine=0
[10:14:04.622] [D] [Pulse] Slow plugin: name=Tidy Bags 3 Reloaded elapsed=56ms
[10:14:12.607] [D] [Pulse] Slow plugin: name=AutoEquip2 elapsed=291ms
[10:14:12.673] [D] [Pulse] Slow shared pulse: total=399ms movement=0 objects=0 lua=0 info=0 loot=1 targeting=41 events=0 plugins=356 routine=0
[10:14:14.704] [D] [Pulse] Slow plugin: name=Tidy Bags 3 Reloaded elapsed=54ms
[10:14:22.689] [D] [Pulse] Slow plugin: name=AutoEquip2 elapsed=292ms
[10:14:22.754] [D] [Pulse] Slow shared pulse: total=400ms movement=0 objects=0 lua=0 info=0 loot=1 targeting=41 events=0 plugins=357 routine=0
[10:14:24.826] [D] [Pulse] Slow plugin: name=Tidy Bags 3 Reloaded elapsed=56ms
[10:14:32.695] [D] [Pulse] Slow plugin: name=AutoEquip2 elapsed=290ms
[10:14:32.760] [D] [Pulse] Slow shared pulse: total=397ms movement=0 objects=0 lua=0 info=0 loot=1 targeting=38 events=0 plugins=356 routine=0
[10:14:34.900] [D] [Pulse] Slow plugin: name=Tidy Bags 3 Reloaded elapsed=56ms
[10:14:42.788] [D] [Pulse] Slow plugin: name=AutoEquip2 elapsed=291ms
[10:14:42.852] [D] [Pulse] Slow shared pulse: total=400ms movement=0 objects=0 lua=0 info=0 loot=1 targeting=42 events=0 plugins=356 routine=0
[10:14:45.000] [D] [Pulse] Slow plugin: name=Tidy Bags 3 Reloaded elapsed=57ms
[10:14:52.896] [D] [Pulse] Slow plugin: name=AutoEquip2 elapsed=293ms
[10:14:52.960] [D] [Pulse] Slow shared pulse: total=400ms movement=0 objects=0 lua=0 info=0 loot=1 targeting=39 events=0 plugins=358 routine=0
[10:14:55.003] [D] [Pulse] Slow plugin: name=Tidy Bags 3 Reloaded elapsed=56ms
[10:15:03.021] [D] [Pulse] Slow plugin: name=AutoEquip2 elapsed=294ms
[10:15:03.087] [D] [Pulse] Slow shared pulse: total=402ms movement=0 objects=0 lua=0 info=0 loot=1 targeting=40 events=0 plugins=360 routine=0
[10:15:05.092] [D] [Pulse] Slow plugin: name=Tidy Bags 3 Reloaded elapsed=56ms
[10:15:13.127] [D] [Pulse] Slow plugin: name=AutoEquip2 elapsed=291ms
[10:15:13.193] [D] [Pulse] Slow shared pulse: total=400ms movement=0 objects=0 lua=0 info=0 loot=1 targeting=40 events=0 plugins=358 routine=0
[10:15:15.201] [D] [Pulse] Slow plugin: name=Tidy Bags 3 Reloaded elapsed=55ms
[10:15:23.213] [D] [Pulse] Slow plugin: name=AutoEquip2 elapsed=291ms
[10:15:23.279] [D] [Pulse] Slow shared pulse: total=401ms movement=0 objects=0 lua=0 info=0 loot=1 targeting=41 events=0 plugins=357 routine=0
[10:15:25.319] [D] [Pulse] Slow plugin: name=Tidy Bags 3 Reloaded elapsed=54ms
[10:15:35.408] [D] [Pulse] Slow plugin: name=Tidy Bags 3 Reloaded elapsed=54ms
[10:15:43.222] [D] [Pulse] Slow plugin: name=AutoEquip2 elapsed=295ms
[10:15:43.288] [D] [Pulse] Slow shared pulse: total=402ms movement=0 objects=0 lua=0 info=0 loot=1 targeting=39 events=0 plugins=360 routine=0
[10:15:43.340] [N] Bot stopping! Reason: Main window is closing
[10:15:43.343] [D] Exception in GetReturnValues: Thread was interrupted from a waiting state.
[10:15:44.746] [D] Cleared POI
[10:15:44.746] [D] Worker thread exited cleanly
[10:15:44.917] [D] [Settings] Saved all settings
