[10:34:54.362] [N] CopilotBuddy v1.6.6 started. Original HonorBuddy by Apoc, raphus, highvoltz, bobby53, xanathos, chinajade. Ported to WotLK 3.3.5a by Likon69.
[10:34:54.771] [N] Searching for WoW process...
[10:34:54.928] [N] Please wait a few seconds while CopilotBuddy initializes.
[10:34:54.928] [D] Using WoW with process ID 3804
[10:34:54.928] [D] Platform: x86
[10:34:54.928] [D] Executable Path: D:\World of Warcraft 3.3.5a\CB\
[10:34:54.963] [D] [ObjectManager] WoW build 12340 detected - OK
[10:34:54.966] [D] [ObjectManager] D3DDevicePtr = 0x00C5DF88
[10:34:54.966] [D] [ObjectManager] devicePtrAddr = 0x0533CBD0
[10:34:54.966] [D] [ObjectManager] device = 0x0A4FA140 (at 0x0534054C)
[10:34:54.966] [D] [ObjectManager] vtablePtr = 0x0A4FD09C
[10:34:54.966] [D] [ObjectManager] endSceneAddr = 0x643348F0 (at 0x0A4FD144)
[10:34:54.966] [D] [ObjectManager] D3D: Device=0x0A4FA140, VTable=0x0A4FD09C, EndScene=0x643348F0
[10:34:54.966] [D] [ObjectManager] Creating ExecutorRand...
[10:34:55.013] [D] [ObjectManager] ExecutorRand created, IsInitialized = True
[10:34:55.013] [D] [ObjectManager] EndScene hook succeeded
[10:34:55.018] [D] [ObjectManager] Initialized successfully
[10:34:55.020] [N] Attached to WoW with ID 3804
[10:34:55.023] [N] Character is a level 31 BloodElf Paladin
[10:34:55.024] [N] Current zone is Thousand Needles
[10:34:55.037] [D] [Settings] Loaded settings for character: Jeof
[10:34:55.038] [N] Initializing Combat Routines...
[10:34:55.041] [D] Looking for routines in: D:\World of Warcraft 3.3.5a\CB\Routines
[10:34:55.042] [D] Compiling Singular wotlk
[10:34:57.521] [N] Loaded routine: Singular Wotlk for class Paladin
[10:34:57.521] [N] Loaded 1 combat routine(s)
[10:34:57.528] [N] Chose Singular Wotlk as your combat class.
[10:34:57.528] [N] Confirmed Paladin as your class.
[10:34:57.529] [N] [Singular] Starting Singular v2.0.0.0
[10:34:57.529] [N] [Singular] Determining talent spec.
[10:34:58.173] [D] [Singular-DEBUG] [Talents] Best Tree: 19
[10:34:58.174] [N] [Singular] Current spec is  Retribution Paladin
[10:34:58.184] [D] [WoWDb] Loaded 237 DBC tables
[10:34:58.184] [D] [WoWDb]   Key=235 (0x000000EB) Rows=1893
[10:34:58.184] [D] [WoWDb]   Key=236 (0x000000EC) Rows=7655
[10:34:58.184] [D] [WoWDb]   Key=237 (0x000000ED) Rows=86
[10:34:58.184] [D] [WoWDb]   Key=238 (0x000000EE) Rows=506
[10:34:58.184] [D] [WoWDb]   Key=239 (0x000000EF) Rows=291
[10:34:58.184] [D] [WoWDb] Lock DBC lookup: FOUND (rows=388)
[10:34:58.184] [D] [WoWDb] ClientDb.Lock enum value = 356 (0x00000164)
[10:34:58.186] [D] [Singular-DEBUG] Creating Combat behavior.
[10:34:58.187] [N] [Singular] Building method list
[10:34:58.188] [N] [Singular] Added 459 methods
[10:34:58.190] [D] [Singular-DEBUG] CreateRetributionPaladinNormalPullAndCombat is a match!
[10:34:58.190] [N] [Singular]  Using CreateRetributionPaladinNormalPullAndCombat for Retribution Paladin - Combat (Priority: 0)
[10:34:58.203] [D] [Singular-DEBUG] Creating Pull behavior.
[10:34:58.204] [D] [Singular-DEBUG] CreateRetributionPaladinNormalPullAndCombat is a match!
[10:34:58.204] [N] [Singular]  Using CreateRetributionPaladinNormalPullAndCombat for Retribution Paladin - Pull (Priority: 0)
[10:34:58.205] [D] [Singular-DEBUG] Creating Rest behavior.
[10:34:58.206] [D] [Singular-DEBUG] CreateRetributionPaladinRest is a match!
[10:34:58.206] [N] [Singular]  Using CreateRetributionPaladinRest for Retribution Paladin - Rest (Priority: 0)
[10:34:58.208] [D] [Singular-DEBUG] Creating CombatBuffs behavior.
[10:34:58.210] [D] [Singular-DEBUG] Creating Heal behavior.
[10:34:58.211] [D] [Singular-DEBUG] CreateRetributionPaladinHeal is a match!
[10:34:58.211] [N] [Singular]  Using CreateRetributionPaladinHeal for Retribution Paladin - Heal (Priority: 0)
[10:34:58.211] [D] [Singular-DEBUG] CreateRetributionPaladinNormalPullAndCombat is a match!
[10:34:58.211] [N] [Singular]  Using CreateRetributionPaladinNormalPullAndCombat for Retribution Paladin - Heal (Priority: 0)
[10:34:58.218] [D] [Singular-DEBUG] Creating PullBuffs behavior.
[10:34:58.219] [D] [Singular-DEBUG] Creating PreCombatBuffs behavior.
[10:34:58.220] [D] [Singular-DEBUG] CreatePaladinPreCombatBuffs is a match!
[10:34:58.220] [N] [Singular]  Using CreatePaladinPreCombatBuffs for Retribution Paladin - PreCombatBuffs (Priority: 0)
[10:34:58.224] [N] [Singular] Behaviors created!
[10:34:58.243] [D] [Singular-DEBUG] Attached combat log
[10:34:58.243] [D] Routine initialized successfully
[10:34:58.244] [D] Loading built-in bots from assembly: CopilotBuddy
[10:34:58.265] [D] Found bot type: PartyBot.DiscoBot
[10:34:58.265] [N] New bot added: Party Bot
[10:34:58.265] [D] Loaded built-in bot: Party Bot
[10:34:58.265] [D] Found bot type: Bots.Quest.QuestBot
[10:34:58.265] [N] New bot added: Questing
[10:34:58.265] [D] Loaded built-in bot: Questing
[10:34:58.265] [D] Found bot type: Bots.Grind.LevelBot
[10:34:58.265] [N] New bot added: Grind
[10:34:58.265] [D] Loaded built-in bot: Grind
[10:34:58.265] [D] Found bot type: Bots.Gatherbuddy.GatherbuddyBot
[10:34:58.265] [N] New bot added: GatherBuddy
[10:34:58.265] [D] Loaded built-in bot: GatherBuddy
[10:34:58.265] [D] Found bot type: Bots.DungeonBuddy.DungeonBuddy
[10:34:58.266] [N] New bot added: DungeonBuddy
[10:34:58.266] [D] Loaded built-in bot: DungeonBuddy
[10:34:58.266] [D] Found bot type: Bots.BGBuddy.BGBuddy
[10:34:58.267] [N] New bot added: BGBuddy
[10:34:58.267] [D] Loaded built-in bot: BGBuddy
[10:34:58.267] [D] Built-in bot loading complete. 6 bots loaded.
[10:34:58.270] [N] Loading bots from: D:\World of Warcraft 3.3.5a\CB\Bots
[10:34:58.278] [N] Found 123 source files
[10:34:58.284] [N] Found 0 dll files
[10:34:58.285] [N] Compiling: CombatBot.cs
[10:34:58.462] [N] Compiled successfully: CombatBot.cs
[10:34:58.462] [N] Compiling directory: Auto Angler 2/ (23 files)
[10:34:58.766] [N] Compiled successfully: Auto Angler 2/
[10:34:58.766] [N] Compiling directory: LazyRaider/ (4 files)
[10:34:59.037] [N] Compiled successfully: LazyRaider/
[10:34:59.037] [N] Compiling directory: ProfessionBuddy/ (52 files)
[10:34:59.851] [N] Compiled successfully: ProfessionBuddy/
[10:34:59.851] [N] Compiling directory: Templar/ (27 files)
[10:35:00.274] [N] Compiled successfully: Templar/
[10:35:00.274] [N] Compiling directory: Tyrael/ (5 files)
[10:35:00.479] [N] Compiled successfully: Tyrael/
[10:35:00.479] [N] Compiling directory: WholesomeAutoQuest-master/ (11 files)
[10:35:01.088] [N] Compiled successfully: WholesomeAutoQuest-master/
[10:35:01.089] [N] ClassCollection contains 7 compiled bots
[10:35:01.089] [N] Adding bot: Combat Bot
[10:35:01.089] [N] New bot added: Combat Bot
[10:35:01.089] [N] Adding bot: AutoAngler
[10:35:01.089] [N] New bot added: AutoAngler
[10:35:01.089] [N] Adding bot: LazyRaider
[10:35:01.089] [N] New bot added: LazyRaider
[10:35:01.089] [N] Adding bot: ProfessionBuddy
[10:35:01.089] [N] New bot added: ProfessionBuddy
[10:35:01.089] [N] Adding bot: Templar
[10:35:01.089] [N] New bot added: Templar
[10:35:01.089] [N] Adding bot: Tyrael
[10:35:01.089] [N] New bot added: Tyrael
[10:35:01.089] [N] Adding bot: Wholesome Auto Quest
[10:35:01.089] [N] New bot added: Wholesome Auto Quest
[10:35:01.089] [N] Bot loading complete. 13 bots loaded.
[10:35:01.089] [N] Initializing Plugins...
[10:35:02.777] [N] [DeathStallRecovery] Enabled. The bot will stop if corpse recovery makes no movement progress for 60 seconds.
[10:35:03.755] [D] Rarekiller: Loading config file: D:\World of Warcraft 3.3.5a\CB\Plugins\RareKiller\config\Rarekiller.config
[10:35:03.756] [D] Root element is missing.
[10:35:03.756] [N] Rarekiller: Continuing with Default Config Values
[10:35:03.757] [D] Rarekiller: Loading config file: D:\World of Warcraft 3.3.5a\CB\Plugins\RareKiller\config\Rarekiller.config
[10:35:03.757] [D] Root element is missing.
[10:35:03.757] [N] Rarekiller: Continuing with Default Config Values
[10:35:03.757] [N] Rare Mob Killer - Version 3.3 Loaded.
[10:35:03.757] [N] Rarekiller Part Tamer: I'm no Hunter. Deactivate the Tamer Part
[10:35:04.332] [N] [VendorRecovery] Enabled. Failed Sell/Repair vendors will be skipped after 35 seconds at the NPC.
[10:35:04.503] [N] Plugin loading complete. 16 plugins loaded.
[10:35:04.503] [N] Plugins refreshed successfully.
[10:35:04.508] [N] Changing current bot to: Combat Bot
[10:35:06.475] [N] Changing current bot to: Wholesome Auto Quest
[10:35:08.352] [D] [Settings] Saved all settings
[10:35:08.352] [N] Starting the bot.
[10:35:08.354] [N] Currently Using BotBase : Wholesome Auto Quest
[10:35:08.356] [N] Character is a level 31 BloodElf Paladin
[10:35:08.358] [N] Current zone is Thousand Needles
[10:35:08.359] [D] Loading profile from D:\World of Warcraft 3.3.5a\CB\Bots\WholesomeAutoQuest\WHOLESOME_AUTOQUESTER.xml
[10:35:08.425] [D] [CompileBatch] Compiling 1 entries...
[10:35:08.534] [D] [CompileBatch] Compiled successfully.
[10:35:08.538] [N] Profile loaded: WholesomeAQ - Thousand Needles
[10:35:08.540] [D] Selected sub-profile: WholesomeAQ - Thousand Needles (L1-80)
[10:35:08.739] [D] [WholesomeAQ] Navigation fingerprint unknown: provider or mesh-root stamp unavailable.
[10:35:08.877] [N] [VendorSafety] Skipping NPC 10380 for this session: Wholesome saved vendor blacklist. Trying the next suitable NPC.
[10:35:08.880] [N] [VendorSafety] Skipping NPC 3392 for this session: Wholesome saved vendor blacklist. Trying the next suitable NPC.
[10:35:08.881] [N] [VendorSafety] Skipping NPC 5848 for this session: Wholesome saved vendor blacklist. Trying the next suitable NPC.
[10:35:08.883] [N] [Wholesome Auto Quest] Loaded 3 blacklisted vendors
[10:35:09.303] [D] [QuestLog] Loaded 79 completed quests from Lua fallback
[10:35:09.337] [D] [ProfileBatchManager] Batch reset for new profile session.
[10:35:09.338] [N] [Wholesome Auto Quest] Class Paladin → PullDistance set to 24
[10:35:09.341] [N] [Wholesome Auto Quest] Initial scheduler build.
[10:35:10.052] [N] Loaded 0 global blackspots
[10:35:10.079] [D] Loading profile from D:\World of Warcraft 3.3.5a\CB\Bots\WholesomeAutoQuest\WHOLESOME_AUTOQUESTER.xml
[10:35:10.085] [D] [CompileBatch] Compiling 1 entries...
[10:35:10.169] [D] [CompileBatch] Compiled successfully.
[10:35:10.169] [N] Profile loaded: WholesomeAQ - Thousand Needles
[10:35:10.201] [D] Selected sub-profile: WholesomeAQ - Thousand Needles (L1-80)
[10:35:10.201] [N] [Wholesome Auto Quest] Profile refreshed - Selected 1 quest work candidate(s). selected quest=4841;stage=TurnIn;state=Eligible. quest-log-full=25/25; deferred new pickups while retaining accepted quest work. excluded quest=1062;stage=TurnIn;npc=4049;reason=outside-scan-radius;retry=context-change excluded quest=1069;stage=Objective;objective=0;reason=outside-scan-radius;retry=context-change. excluded quest=1087;stage=Objective;objective=2;reason=outside-scan-radius;retry=context-change. excluded quest=1093;stage=Objective;scope=Objective;objective=0;retry=2026-09-12T03:00:20.4008281Z;state=HalfOpen. excluded quest=4921;stage=Objective;objective=0;reason=outside-scan-radius;retry=context-change. excluded quest=5147;stage=Objective;scope=Objective;objective=0;retry=2026-09-12T03:00:20.4008281Z;state=HalfOpen. excluded quest=6382;stage=TurnIn;npc=12696;reason=outside-scan-radius;retry=context-change excluded quest=6393;stage=Objective;scope=Objective;objective=0;retry=2026-09-12T03:00:20.4008281Z;state=HalfOpen. excluded quest=6441;stage=Objective;scope=Objective;objective=0;retry=2026-09-12T03:00:20.4008281Z;state=HalfOpen. excluded quest=6461;stage=TurnIn;npc=12816;reason=outside-scan-radius;retry=context-change excluded quest=6543;stage=Objective;scope=Objective;objective=0;retry=2026-09-12T03:00:20.4008281Z;state=HalfOpen. excluded quest=846;stage=Objective;scope=Objective;objective=0;retry=2026-09-12T08:00:20.3981060Z;state=Quarantined. excluded quest=846;stage=Objective;scope=Objective;objective=1;retry=2026-09-12T08:00:20.4032154Z;state=Quarantined. excluded quest=846;stage=Objective;scope=Objective;objective=2;retry=2026-09-12T08:00:20.4032904Z;state=Quarantined. excluded quest=8487;stage=TurnIn;scope=QuestStage;retry=2026-09-12T03:00:20.4008281Z;state=HalfOpen. excluded quest=867;stage=Objective;scope=Objective;objective=0;retry=2026-09-12T08:00:20.4052045Z;state=Quarantined. excluded quest=868;stage=TurnIn;npc=3428;reason=outside-scan-radius;retry=context-change excluded quest=879;stage=Objective;scope=Objective;objective=0;retry=2026-09-12T08:00:20.4113339Z;state=Quarantined. excluded quest=879;stage=Objective;scope=Objective;objective=1;retry=2026-09-12T08:00:20.4113858Z;state=Quarantined. excluded quest=879;stage=Objective;scope=Objective;objective=2;retry=2026-09-12T03:00:20.4008281Z;state=HalfOpen. excluded quest=8889;stage=Objective;objective=0;reason=outside-scan-radius;retry=context-change. excluded quest=8889;stage=Objective;objective=1;reason=outside-scan-radius;retry=context-change. excluded quest=8889;stage=Objective;objective=2;reason=outside-scan-radius;retry=context-change. excluded quest=891;stage=Objective;scope=QuestStage;retry=2026-09-12T03:00:20.4008281Z;state=HalfOpen. excluded quest=893;stage=Objective;scope=Objective;objective=0;retry=2026-09-12T03:00:20.4008281Z;state=HalfOpen. excluded quest=893;stage=Objective;scope=Objective;objective=1;retry=2026-09-12T03:00:20.4008281Z;state=HalfOpen. excluded quest=893;stage=Objective;scope=Objective;objective=2;retry=2026-09-12T03:00:20.4008281Z;state=HalfOpen. excluded quest=896;stage=Objective;scope=Objective;objective=0;retry=2026-09-12T03:00:20.4008281Z;state=HalfOpen. excluded quest=9067;stage=Objective;scope=Objective;objective=0;retry=2026-09-12T03:00:20.4008281Z;state=HalfOpen. excluded quest=9157;stage=TurnIn;scope=QuestStage;retry=2026-09-12T03:00:20.4008281Z;state=HalfOpen. excluded quest=9431;stage=Objective;scope=Objective;objective=0;retry=2026-09-12T03:00:20.4008281Z;state=HalfOpen.
[10:35:10.204] [N] [Wholesome Auto Quest] Started with quest data loaded.
[10:35:10.265] [N] [SpellDb] Loaded 49816 spells from Spells.bin
[10:35:10.301] [D] Setting CVars: autoSelfCast=1, autoLootDefault=1
[10:35:10.368] [D] Cleared POI
[10:35:10.376] [D] Refresh() called. LastCount=0, CurrentCount=34
[10:35:10.376] [N] Building spell book
[10:35:10.378] [D] Found 34 spells from LocalPlayer.KnownSpells
[10:35:10.378] [N] Adding Arcane Affinity
[10:35:10.380] [N] Adding Arcane Torrent
[10:35:10.382] [N] Adding Auto Attack
[10:35:10.384] [N] Adding Block
[10:35:10.386] [N] Adding Dodge
[10:35:10.388] [N] Adding Magic Resistance
[10:35:10.389] [N] Adding Parry
[10:35:10.391] [N] Adding Blessing of Wisdom
[10:35:10.393] [N] Adding Concentration Aura
[10:35:10.395] [N] Adding Consecration
[10:35:10.397] [N] Adding Exorcism
[10:35:10.399] [N] Adding Flash of Light
[10:35:10.401] [N] Adding Holy Light
[10:35:10.403] [N] Adding Lay on Hands
[10:35:10.405] [N] Adding Purify
[10:35:10.407] [N] Adding Seal of Righteousness
[10:35:10.409] [N] Adding Sense Undead
[10:35:10.411] [N] Adding Turn Evil
[10:35:10.413] [N] Adding Blessing of Kings
[10:35:10.415] [N] Adding Devotion Aura
[10:35:10.417] [N] Adding Divine Protection
[10:35:10.418] [N] Adding Hammer of Justice
[10:35:10.420] [N] Adding Hand of Freedom
[10:35:10.422] [N] Adding Hand of Protection
[10:35:10.424] [N] Adding Hand of Reckoning
[10:35:10.426] [N] Adding Hand of Salvation
[10:35:10.428] [N] Adding Righteous Defense
[10:35:10.430] [N] Adding Righteous Fury
[10:35:10.432] [N] Adding Seal of Justice
[10:35:10.434] [N] Adding Blessing of Might
[10:35:10.436] [N] Adding Judgement of Light
[10:35:10.438] [N] Adding Judgement of Wisdom
[10:35:10.446] [N] Adding Retribution Aura
[10:35:10.448] [N] Adding Seal of Command
[10:35:10.450] [N] Spell book built
[10:35:10.452] [D] [SpellManager] Initialize — subscribed to BotEvents.OnBotStart
[10:35:10.711] [D] [WeightSet] Selected weight set: Paladin-Retribution
[10:35:11.277] [D] [Pulse] Slow plugin: name=AutoEquip2 elapsed=733ms
[10:35:11.309] [D] [Talented] SelectMajorTalentTree called but not needed in WotLK 3.3.5a
[10:35:11.323] [D] [Pulse] Slow plugin: name=Talented elapsed=45ms
[10:35:11.375] [D] [Pulse] Slow plugin: name=Tidy Bags 3 Reloaded elapsed=52ms
[10:35:11.382] [D] [Pulse] Slow shared pulse: total=909ms movement=0 objects=0 lua=0 info=0 loot=13 targeting=52 events=1 plugins=833 routine=6
[10:35:12.138] [D] [Blackspot] Area cost initialized: area 17 = 60x
[10:35:13.204] [D] [Nav] Loaded 400 mesh tiles for one path query
[10:35:13.204] [D] [Nav] Slow path generation: 1086ms map=1 from=(-5535.22, -2338.93, -50.77) to=(-5407.12, -2419.61, 89.63) status=Success
[10:35:13.205] [N] Blacklisting Nyse for 5 minutes because we can't navigate to it.
[10:35:13.205] [D] Blacklisting F1300010DD0B9A95 for 00:05:00
[10:35:13.210] [D] [If] Condition is true, executing If body
[10:35:13.245] [N] [TurnIn] Turning in Pacify the Centaur
[10:35:13.245] [D] Goal: Turning in Pacify the Centaur
[10:35:13.248] [D] Changed POI to: Type: QuestTurnIn, Name: Cliffwatcher Longhorn, Guid: 0, Entry: 10537, Location: (-5454.95, -2442.79, 90.02)
[10:35:13.248] [D] [Pulse] Slow bot root: 1306ms bot=Wholesome Auto Quest poi=QuestTurnIn combat=False
[10:35:14.075] [N] Moving to Type: QuestTurnIn, Name: Cliffwatcher Longhorn, Guid: 0, Entry: 10537, Location: (-5454.95, -2442.79, 90.02)
[10:35:14.641] [D] [Pulse] Slow bot root: 702ms bot=Wholesome Auto Quest poi=QuestTurnIn combat=False
[10:35:15.606] [D] [Pulse] Slow bot root: 232ms bot=Wholesome Auto Quest poi=QuestTurnIn combat=False
[10:35:16.573] [D] [Pulse] Slow bot root: 266ms bot=Wholesome Auto Quest poi=QuestTurnIn combat=False
[10:35:17.543] [D] [Pulse] Slow bot root: 267ms bot=Wholesome Auto Quest poi=QuestTurnIn combat=False
[10:35:18.481] [D] [Pulse] Slow bot root: 234ms bot=Wholesome Auto Quest poi=QuestTurnIn combat=False
[10:35:30.718] [D] [Pulse] Slow plugin: name=AutoEquip2 elapsed=60ms
[10:35:40.904] [D] [Pulse] Slow plugin: name=AutoEquip2 elapsed=59ms
[10:35:51.122] [D] [Pulse] Slow plugin: name=AutoEquip2 elapsed=74ms
[10:35:51.607] [D] [Nav] Following validated local detour: map=1 from=(-5479.87, -2395.24, 56.57) landing=(-5478.57, -2394.63, 57.43) destination=(-5454.95, -2442.79, 90.02)
[10:35:52.566] [D] [Nav] MoveTo failed: map=1 from=(-5479.10, -2394.91, 57.02) to=(-5454.95, -2442.79, 90.02) result=Failed pathCount=2 pathIndex=2 partial=True
[10:35:52.566] [D] [Pulse] Slow bot root: 425ms bot=Wholesome Auto Quest poi=QuestTurnIn combat=False
[10:35:53.118] [D] [Pulse] Slow bot root: 411ms bot=Wholesome Auto Quest poi=QuestTurnIn combat=False
[10:35:53.647] [D] [Pulse] Slow bot root: 402ms bot=Wholesome Auto Quest poi=QuestTurnIn combat=False
[10:35:54.200] [D] [Pulse] Slow bot root: 413ms bot=Wholesome Auto Quest poi=QuestTurnIn combat=False
[10:35:54.745] [D] [Pulse] Slow bot root: 405ms bot=Wholesome Auto Quest poi=QuestTurnIn combat=False
[10:35:55.291] [D] [Pulse] Slow bot root: 399ms bot=Wholesome Auto Quest poi=QuestTurnIn combat=False
[10:35:55.856] [D] [Pulse] Slow bot root: 400ms bot=Wholesome Auto Quest poi=QuestTurnIn combat=False
[10:35:56.433] [D] [Pulse] Slow bot root: 419ms bot=Wholesome Auto Quest poi=QuestTurnIn combat=False
[10:35:56.967] [D] [Pulse] Slow bot root: 394ms bot=Wholesome Auto Quest poi=QuestTurnIn combat=False
[10:35:57.575] [D] [Nav] MoveTo failed: map=1 from=(-5479.10, -2394.91, 57.02) to=(-5454.95, -2442.79, 90.02) result=Failed pathCount=2 pathIndex=2 partial=True
[10:35:57.575] [D] [Pulse] Slow bot root: 425ms bot=Wholesome Auto Quest poi=QuestTurnIn combat=False
[10:35:58.194] [D] [Pulse] Slow bot root: 424ms bot=Wholesome Auto Quest poi=QuestTurnIn combat=False
[10:35:58.790] [D] [Pulse] Slow bot root: 439ms bot=Wholesome Auto Quest poi=QuestTurnIn combat=False
[10:35:59.342] [D] [Pulse] Slow bot root: 412ms bot=Wholesome Auto Quest poi=QuestTurnIn combat=False
[10:35:59.882] [D] [Pulse] Slow bot root: 400ms bot=Wholesome Auto Quest poi=QuestTurnIn combat=False
[10:36:00.442] [D] [Pulse] Slow bot root: 406ms bot=Wholesome Auto Quest poi=QuestTurnIn combat=False
[10:36:00.987] [D] [Pulse] Slow bot root: 412ms bot=Wholesome Auto Quest poi=QuestTurnIn combat=False
[10:36:01.534] [D] [Pulse] Slow bot root: 407ms bot=Wholesome Auto Quest poi=QuestTurnIn combat=False
[10:36:01.601] [D] [Pulse] Slow plugin: name=AutoEquip2 elapsed=56ms
[10:36:02.130] [D] [Pulse] Slow bot root: 408ms bot=Wholesome Auto Quest poi=QuestTurnIn combat=False
[10:36:02.705] [D] [Nav] MoveTo failed: map=1 from=(-5479.10, -2394.91, 57.02) to=(-5454.95, -2442.79, 90.02) result=Failed pathCount=2 pathIndex=2 partial=True
[10:36:02.705] [D] [Pulse] Slow bot root: 419ms bot=Wholesome Auto Quest poi=QuestTurnIn combat=False
[10:36:03.241] [D] [Pulse] Slow bot root: 403ms bot=Wholesome Auto Quest poi=QuestTurnIn combat=False
[10:36:03.785] [D] [Pulse] Slow bot root: 406ms bot=Wholesome Auto Quest poi=QuestTurnIn combat=False
[10:36:04.349] [D] [Pulse] Slow bot root: 418ms bot=Wholesome Auto Quest poi=QuestTurnIn combat=False
[10:36:04.902] [D] [Pulse] Slow bot root: 407ms bot=Wholesome Auto Quest poi=QuestTurnIn combat=False
[10:36:05.449] [D] [Pulse] Slow bot root: 402ms bot=Wholesome Auto Quest poi=QuestTurnIn combat=False
[10:36:06.081] [D] [Pulse] Slow bot root: 414ms bot=Wholesome Auto Quest poi=QuestTurnIn combat=False
[10:36:06.664] [D] [Pulse] Slow bot root: 402ms bot=Wholesome Auto Quest poi=QuestTurnIn combat=False
[10:36:07.205] [D] [Pulse] Slow bot root: 408ms bot=Wholesome Auto Quest poi=QuestTurnIn combat=False
[10:36:07.746] [D] [Nav] MoveTo failed: map=1 from=(-5479.10, -2394.91, 57.02) to=(-5454.95, -2442.79, 90.02) result=Failed pathCount=2 pathIndex=2 partial=True
[10:36:07.746] [D] [Pulse] Slow bot root: 408ms bot=Wholesome Auto Quest poi=QuestTurnIn combat=False
[10:36:08.284] [D] [Pulse] Slow bot root: 400ms bot=Wholesome Auto Quest poi=QuestTurnIn combat=False
[10:36:08.825] [D] [Pulse] Slow bot root: 406ms bot=Wholesome Auto Quest poi=QuestTurnIn combat=False
[10:36:09.371] [D] [Pulse] Slow bot root: 400ms bot=Wholesome Auto Quest poi=QuestTurnIn combat=False
[10:36:09.712] [D] [QuestLog] Loaded 79 completed quests from Lua fallback
[10:36:10.215] [D] [Pulse] Slow bot root: 394ms bot=Wholesome Auto Quest poi=QuestTurnIn combat=False
[10:36:10.768] [D] [Pulse] Slow bot root: 413ms bot=Wholesome Auto Quest poi=QuestTurnIn combat=False
[10:36:11.308] [D] [Pulse] Slow bot root: 406ms bot=Wholesome Auto Quest poi=QuestTurnIn combat=False
[10:36:11.856] [D] [Pulse] Slow bot root: 408ms bot=Wholesome Auto Quest poi=QuestTurnIn combat=False
[10:36:11.928] [D] [Pulse] Slow plugin: name=AutoEquip2 elapsed=55ms
[10:36:12.481] [D] [Pulse] Slow bot root: 413ms bot=Wholesome Auto Quest poi=QuestTurnIn combat=False
[10:36:13.544] [D] [Nav] Loaded 235 mesh tiles for one path query
[10:36:13.545] [D] [Nav] MoveTo failed: map=1 from=(-5479.10, -2394.91, 57.02) to=(-5454.95, -2442.79, 90.02) result=Failed pathCount=2 pathIndex=2 partial=True
[10:36:13.545] [D] [Pulse] Slow bot root: 871ms bot=Wholesome Auto Quest poi=QuestTurnIn combat=False
[10:36:14.428] [D] [Nav] Loaded 156 mesh tiles for one path query
[10:36:14.430] [D] [Pulse] Slow bot root: 739ms bot=Wholesome Auto Quest poi=QuestTurnIn combat=False
[10:36:14.964] [D] [Pulse] Slow bot root: 401ms bot=Wholesome Auto Quest poi=QuestTurnIn combat=False
[10:36:15.511] [D] [Pulse] Slow bot root: 413ms bot=Wholesome Auto Quest poi=QuestTurnIn combat=False
[10:36:16.062] [D] [Pulse] Slow bot root: 406ms bot=Wholesome Auto Quest poi=QuestTurnIn combat=False
[10:36:16.591] [D] [Pulse] Slow bot root: 395ms bot=Wholesome Auto Quest poi=QuestTurnIn combat=False
[10:36:17.156] [D] [Pulse] Slow bot root: 407ms bot=Wholesome Auto Quest poi=QuestTurnIn combat=False
[10:36:17.701] [D] [Pulse] Slow bot root: 401ms bot=Wholesome Auto Quest poi=QuestTurnIn combat=False
[10:36:18.244] [D] [Pulse] Slow bot root: 409ms bot=Wholesome Auto Quest poi=QuestTurnIn combat=False
[10:36:18.862] [D] [Nav] MoveTo failed: map=1 from=(-5479.10, -2394.91, 57.02) to=(-5454.95, -2442.79, 90.02) result=Failed pathCount=2 pathIndex=2 partial=True
[10:36:18.862] [D] [Pulse] Slow bot root: 418ms bot=Wholesome Auto Quest poi=QuestTurnIn combat=False
[10:36:19.464] [D] [Pulse] Slow bot root: 408ms bot=Wholesome Auto Quest poi=QuestTurnIn combat=False
[10:36:20.004] [D] [Pulse] Slow bot root: 407ms bot=Wholesome Auto Quest poi=QuestTurnIn combat=False
[10:36:20.575] [D] [Pulse] Slow bot root: 437ms bot=Wholesome Auto Quest poi=QuestTurnIn combat=False
[10:36:21.115] [D] [Pulse] Slow bot root: 405ms bot=Wholesome Auto Quest poi=QuestTurnIn combat=False
[10:36:21.668] [D] [Pulse] Slow bot root: 413ms bot=Wholesome Auto Quest poi=QuestTurnIn combat=False
[10:36:22.220] [D] [Pulse] Slow bot root: 400ms bot=Wholesome Auto Quest poi=QuestTurnIn combat=False
[10:36:22.288] [D] [Pulse] Slow plugin: name=AutoEquip2 elapsed=57ms
[10:36:22.317] [N] [Wholesome Auto Quest] Bot running but not moving for 30s
[10:36:22.827] [D] [Pulse] Slow bot root: 406ms bot=Wholesome Auto Quest poi=QuestTurnIn combat=False
[10:36:23.398] [D] [Pulse] Slow bot root: 411ms bot=Wholesome Auto Quest poi=QuestTurnIn combat=False
[10:36:23.975] [D] [Nav] MoveTo failed: map=1 from=(-5479.10, -2394.91, 57.02) to=(-5454.95, -2442.79, 90.02) result=Failed pathCount=2 pathIndex=2 partial=True
[10:36:23.975] [D] [Pulse] Slow bot root: 407ms bot=Wholesome Auto Quest poi=QuestTurnIn combat=False
[10:36:24.570] [D] [Pulse] Slow bot root: 407ms bot=Wholesome Auto Quest poi=QuestTurnIn combat=False
[10:36:25.189] [D] [Pulse] Slow bot root: 418ms bot=Wholesome Auto Quest poi=QuestTurnIn combat=False
[10:36:25.773] [D] [Pulse] Slow bot root: 407ms bot=Wholesome Auto Quest poi=QuestTurnIn combat=False
[10:36:26.331] [D] [Pulse] Slow bot root: 407ms bot=Wholesome Auto Quest poi=QuestTurnIn combat=False
[10:36:26.890] [D] [Pulse] Slow bot root: 407ms bot=Wholesome Auto Quest poi=QuestTurnIn combat=False
[10:36:27.467] [D] [Pulse] Slow bot root: 412ms bot=Wholesome Auto Quest poi=QuestTurnIn combat=False
[10:36:28.043] [D] [Pulse] Slow bot root: 413ms bot=Wholesome Auto Quest poi=QuestTurnIn combat=False
[10:36:28.609] [D] [Pulse] Slow bot root: 401ms bot=Wholesome Auto Quest poi=QuestTurnIn combat=False
[10:36:29.159] [D] [Nav] MoveTo failed: map=1 from=(-5479.10, -2394.91, 57.02) to=(-5454.95, -2442.79, 90.02) result=Failed pathCount=2 pathIndex=2 partial=True
[10:36:29.159] [D] [Pulse] Slow bot root: 394ms bot=Wholesome Auto Quest poi=QuestTurnIn combat=False
[10:36:29.719] [D] [Pulse] Slow bot root: 407ms bot=Wholesome Auto Quest poi=QuestTurnIn combat=False
[10:36:30.273] [D] [Pulse] Slow bot root: 402ms bot=Wholesome Auto Quest poi=QuestTurnIn combat=False
[10:36:30.922] [D] [Pulse] Slow bot root: 430ms bot=Wholesome Auto Quest poi=QuestTurnIn combat=False
[10:36:31.573] [D] [Pulse] Slow bot root: 419ms bot=Wholesome Auto Quest poi=QuestTurnIn combat=False
[10:36:32.118] [D] [Pulse] Slow bot root: 400ms bot=Wholesome Auto Quest poi=QuestTurnIn combat=False
[10:36:32.683] [D] [Pulse] Slow bot root: 413ms bot=Wholesome Auto Quest poi=QuestTurnIn combat=False
[10:36:32.751] [D] [Pulse] Slow plugin: name=AutoEquip2 elapsed=56ms
[10:36:33.321] [D] [Pulse] Slow bot root: 426ms bot=Wholesome Auto Quest poi=QuestTurnIn combat=False
[10:36:33.873] [D] [Pulse] Slow bot root: 407ms bot=Wholesome Auto Quest poi=QuestTurnIn combat=False
[10:36:34.419] [D] [Nav] MoveTo failed: map=1 from=(-5479.10, -2394.91, 57.02) to=(-5454.95, -2442.79, 90.02) result=Failed pathCount=2 pathIndex=2 partial=True
[10:36:34.419] [D] [Pulse] Slow bot root: 400ms bot=Wholesome Auto Quest poi=QuestTurnIn combat=False
[10:36:34.978] [D] [Pulse] Slow bot root: 400ms bot=Wholesome Auto Quest poi=QuestTurnIn combat=False
[10:36:35.544] [D] [Pulse] Slow bot root: 403ms bot=Wholesome Auto Quest poi=QuestTurnIn combat=False
[10:36:36.113] [D] [Pulse] Slow bot root: 419ms bot=Wholesome Auto Quest poi=QuestTurnIn combat=False
[10:36:36.732] [D] [Pulse] Slow bot root: 412ms bot=Wholesome Auto Quest poi=QuestTurnIn combat=False
[10:36:37.334] [D] [Pulse] Slow bot root: 407ms bot=Wholesome Auto Quest poi=QuestTurnIn combat=False
[10:36:37.906] [D] [Pulse] Slow bot root: 413ms bot=Wholesome Auto Quest poi=QuestTurnIn combat=False
[10:36:38.451] [D] [Pulse] Slow bot root: 400ms bot=Wholesome Auto Quest poi=QuestTurnIn combat=False
[10:36:38.986] [D] [Pulse] Slow bot root: 395ms bot=Wholesome Auto Quest poi=QuestTurnIn combat=False
[10:36:39.551] [D] [Nav] MoveTo failed: map=1 from=(-5479.10, -2394.91, 57.02) to=(-5454.95, -2442.79, 90.02) result=Failed pathCount=2 pathIndex=2 partial=True
[10:36:39.551] [D] [Pulse] Slow bot root: 413ms bot=Wholesome Auto Quest poi=QuestTurnIn combat=False
[10:36:40.097] [D] [Pulse] Slow bot root: 401ms bot=Wholesome Auto Quest poi=QuestTurnIn combat=False
[10:36:40.657] [D] [Pulse] Slow bot root: 409ms bot=Wholesome Auto Quest poi=QuestTurnIn combat=False
[10:36:41.269] [D] [Pulse] Slow bot root: 422ms bot=Wholesome Auto Quest poi=QuestTurnIn combat=False
[10:36:41.845] [D] [Pulse] Slow bot root: 418ms bot=Wholesome Auto Quest poi=QuestTurnIn combat=False
[10:36:42.196] [D] [Nav] MoveTo failed: map=1 from=(-5479.26, -2394.35, 56.88) to=(-5454.95, -2442.79, 90.02) result=Failed pathCount=2 pathIndex=2 partial=True
[10:36:42.811] [D] [Pulse] Slow bot root: 450ms bot=Wholesome Auto Quest poi=QuestTurnIn combat=False
[10:36:42.921] [D] [Pulse] Slow plugin: name=AutoEquip2 elapsed=84ms
[10:36:43.517] [D] [Pulse] Slow bot root: 408ms bot=Wholesome Auto Quest poi=QuestTurnIn combat=False
[10:36:44.122] [D] [Pulse] Slow bot root: 426ms bot=Wholesome Auto Quest poi=QuestTurnIn combat=False
[10:36:44.689] [D] [Pulse] Slow bot root: 419ms bot=Wholesome Auto Quest poi=QuestTurnIn combat=False
[10:36:45.253] [D] [Pulse] Slow bot root: 426ms bot=Wholesome Auto Quest poi=QuestTurnIn combat=False
[10:36:45.830] [D] [Pulse] Slow bot root: 418ms bot=Wholesome Auto Quest poi=QuestTurnIn combat=False
[10:36:46.393] [D] [Pulse] Slow bot root: 418ms bot=Wholesome Auto Quest poi=QuestTurnIn combat=False
[10:36:46.570] [D] [Nav] MoveTo failed: map=1 from=(-5479.12, -2393.38, 56.84) to=(-5454.95, -2442.79, 90.02) result=Failed pathCount=2 pathIndex=2 partial=True
[10:36:47.123] [D] [Pulse] Slow bot root: 414ms bot=Wholesome Auto Quest poi=QuestTurnIn combat=False
[10:36:47.680] [D] [Pulse] Slow bot root: 412ms bot=Wholesome Auto Quest poi=QuestTurnIn combat=False
[10:36:48.220] [D] [Pulse] Slow bot root: 406ms bot=Wholesome Auto Quest poi=QuestTurnIn combat=False
[10:36:50.243] [D] [Nav] MoveTo failed: map=1 from=(-5478.87, -2393.74, 56.96) to=(-5454.95, -2442.79, 90.02) result=Failed pathCount=2 pathIndex=2 partial=True
[10:36:50.823] [D] [Pulse] Slow bot root: 424ms bot=Wholesome Auto Quest poi=QuestTurnIn combat=False
[10:36:51.458] [D] [Pulse] Slow bot root: 432ms bot=Wholesome Auto Quest poi=QuestTurnIn combat=False
[10:36:52.112] [D] [Pulse] Slow bot root: 460ms bot=Wholesome Auto Quest poi=QuestTurnIn combat=False
[10:36:52.685] [D] [Pulse] Slow bot root: 413ms bot=Wholesome Auto Quest poi=QuestTurnIn combat=False
[10:36:53.229] [D] [Pulse] Slow bot root: 404ms bot=Wholesome Auto Quest poi=QuestTurnIn combat=False
[10:36:53.310] [D] [Pulse] Slow plugin: name=AutoEquip2 elapsed=63ms
[10:36:53.868] [D] [Pulse] Slow bot root: 425ms bot=Wholesome Auto Quest poi=QuestTurnIn combat=False
[10:36:54.409] [D] [Pulse] Slow bot root: 400ms bot=Wholesome Auto Quest poi=QuestTurnIn combat=False
[10:36:54.955] [D] [Pulse] Slow bot root: 407ms bot=Wholesome Auto Quest poi=QuestTurnIn combat=False
[10:36:55.507] [D] [Nav] MoveTo failed: map=1 from=(-5478.87, -2393.74, 56.96) to=(-5454.95, -2442.79, 90.02) result=Failed pathCount=2 pathIndex=2 partial=True
[10:36:55.507] [D] [Pulse] Slow bot root: 407ms bot=Wholesome Auto Quest poi=QuestTurnIn combat=False
[10:36:56.053] [D] [Pulse] Slow bot root: 396ms bot=Wholesome Auto Quest poi=QuestTurnIn combat=False
[10:36:56.575] [D] [Pulse] Slow bot root: 389ms bot=Wholesome Auto Quest poi=QuestTurnIn combat=False
[10:36:57.133] [D] [Pulse] Slow bot root: 406ms bot=Wholesome Auto Quest poi=QuestTurnIn combat=False
[10:36:57.685] [D] [Pulse] Slow bot root: 407ms bot=Wholesome Auto Quest poi=QuestTurnIn combat=False
[10:36:58.224] [D] [Pulse] Slow bot root: 400ms bot=Wholesome Auto Quest poi=QuestTurnIn combat=False
[10:36:58.773] [D] [Pulse] Slow bot root: 407ms bot=Wholesome Auto Quest poi=QuestTurnIn combat=False
[10:36:59.374] [D] [Pulse] Slow bot root: 400ms bot=Wholesome Auto Quest poi=QuestTurnIn combat=False
[10:36:59.963] [D] [Pulse] Slow bot root: 419ms bot=Wholesome Auto Quest poi=QuestTurnIn combat=False
[10:37:00.509] [D] [Nav] MoveTo failed: map=1 from=(-5478.87, -2393.74, 56.96) to=(-5454.95, -2442.79, 90.02) result=Failed pathCount=2 pathIndex=2 partial=True
[10:37:00.509] [D] [Pulse] Slow bot root: 412ms bot=Wholesome Auto Quest poi=QuestTurnIn combat=False
[10:37:01.037] [D] [Pulse] Slow bot root: 401ms bot=Wholesome Auto Quest poi=QuestTurnIn combat=False
[10:37:01.585] [D] [Pulse] Slow bot root: 408ms bot=Wholesome Auto Quest poi=QuestTurnIn combat=False
[10:37:02.160] [D] [Pulse] Slow bot root: 424ms bot=Wholesome Auto Quest poi=QuestTurnIn combat=False
[10:37:02.724] [D] [Pulse] Slow bot root: 417ms bot=Wholesome Auto Quest poi=QuestTurnIn combat=False
[10:37:03.282] [D] [Pulse] Slow bot root: 418ms bot=Wholesome Auto Quest poi=QuestTurnIn combat=False
[10:37:03.352] [D] [Pulse] Slow plugin: name=AutoEquip2 elapsed=56ms
[10:37:03.904] [D] [Pulse] Slow bot root: 408ms bot=Wholesome Auto Quest poi=QuestTurnIn combat=False
[10:37:04.469] [D] [Pulse] Slow bot root: 414ms bot=Wholesome Auto Quest poi=QuestTurnIn combat=False
[10:37:05.038] [D] [Pulse] Slow bot root: 426ms bot=Wholesome Auto Quest poi=QuestTurnIn combat=False
[10:37:05.621] [D] [Nav] MoveTo failed: map=1 from=(-5478.87, -2393.74, 56.96) to=(-5454.95, -2442.79, 90.02) result=Failed pathCount=2 pathIndex=2 partial=True
[10:37:05.621] [D] [Pulse] Slow bot root: 424ms bot=Wholesome Auto Quest poi=QuestTurnIn combat=False
[10:37:06.234] [D] [Pulse] Slow bot root: 423ms bot=Wholesome Auto Quest poi=QuestTurnIn combat=False
[10:37:06.865] [D] [Pulse] Slow bot root: 430ms bot=Wholesome Auto Quest poi=QuestTurnIn combat=False
[10:37:07.468] [D] [Pulse] Slow bot root: 421ms bot=Wholesome Auto Quest poi=QuestTurnIn combat=False
[10:37:08.022] [D] [Pulse] Slow bot root: 420ms bot=Wholesome Auto Quest poi=QuestTurnIn combat=False
[10:37:08.584] [D] [Pulse] Slow bot root: 412ms bot=Wholesome Auto Quest poi=QuestTurnIn combat=False
[10:37:09.119] [D] [Pulse] Slow bot root: 400ms bot=Wholesome Auto Quest poi=QuestTurnIn combat=False
[10:37:09.671] [D] [Pulse] Slow bot root: 413ms bot=Wholesome Auto Quest poi=QuestTurnIn combat=False
[10:37:10.218] [D] [Pulse] Slow bot root: 401ms bot=Wholesome Auto Quest poi=QuestTurnIn combat=False
[10:37:10.600] [D] [QuestLog] Loaded 79 completed quests from Lua fallback
[10:37:11.104] [D] [Nav] MoveTo failed: map=1 from=(-5478.87, -2393.74, 56.96) to=(-5454.95, -2442.79, 90.02) result=Failed pathCount=2 pathIndex=2 partial=True
[10:37:11.104] [D] [Pulse] Slow bot root: 395ms bot=Wholesome Auto Quest poi=QuestTurnIn combat=False
[10:37:11.650] [D] [Pulse] Slow bot root: 406ms bot=Wholesome Auto Quest poi=QuestTurnIn combat=False
[10:37:12.222] [D] [Pulse] Slow bot root: 420ms bot=Wholesome Auto Quest poi=QuestTurnIn combat=False
[10:37:12.785] [D] [Pulse] Slow bot root: 413ms bot=Wholesome Auto Quest poi=QuestTurnIn combat=False
[10:37:13.626] [D] [Nav] Loaded 107 mesh tiles for one path query
[10:37:13.638] [D] [Pulse] Slow bot root: 670ms bot=Wholesome Auto Quest poi=QuestTurnIn combat=False
[10:37:13.976] [D] [Pulse] Slow plugin: name=AutoEquip2 elapsed=297ms
[10:37:14.042] [D] [Pulse] Slow plugin: name=Tidy Bags 3 Reloaded elapsed=63ms
[10:37:14.042] [D] [Pulse] Slow shared pulse: total=404ms movement=0 objects=0 lua=0 info=0 loot=1 targeting=39 events=0 plugins=363 routine=0
[10:37:15.749] [D] [Nav] Loaded 284 mesh tiles for one path query
[10:37:15.755] [D] [Pulse] Slow bot root: 1107ms bot=Wholesome Auto Quest poi=QuestTurnIn combat=False
[10:37:17.057] [D] [Nav] MoveTo failed: map=1 from=(-5478.87, -2393.74, 56.96) to=(-5454.95, -2442.79, 90.02) result=Failed pathCount=2 pathIndex=2 partial=True
[10:37:17.057] [D] [Pulse] Slow bot root: 564ms bot=Wholesome Auto Quest poi=QuestTurnIn combat=False
[10:37:18.325] [D] [Pulse] Slow bot root: 565ms bot=Wholesome Auto Quest poi=QuestTurnIn combat=False
[10:37:19.613] [D] [Pulse] Slow bot root: 566ms bot=Wholesome Auto Quest poi=QuestTurnIn combat=False
[10:37:20.884] [D] [Pulse] Slow bot root: 569ms bot=Wholesome Auto Quest poi=QuestTurnIn combat=False
[10:37:21.116] [N] [Wholesome Auto Quest] Bot running but not moving for 31s
[10:37:22.252] [D] [Nav] MoveTo failed: map=1 from=(-5478.87, -2393.74, 56.96) to=(-5454.95, -2442.79, 90.02) result=Failed pathCount=2 pathIndex=2 partial=True
[10:37:22.252] [D] [Pulse] Slow bot root: 569ms bot=Wholesome Auto Quest poi=QuestTurnIn combat=False
[10:37:23.551] [D] [Pulse] Slow bot root: 537ms bot=Wholesome Auto Quest poi=QuestTurnIn combat=False
[10:37:24.885] [D] [Pulse] Slow bot root: 565ms bot=Wholesome Auto Quest poi=QuestTurnIn combat=False
[10:37:25.244] [D] [Pulse] Slow plugin: name=AutoEquip2 elapsed=321ms
[10:37:25.294] [D] [Pulse] Slow plugin: name=Tidy Bags 3 Reloaded elapsed=49ms
[10:37:25.295] [D] [Pulse] Slow shared pulse: total=409ms movement=0 objects=0 lua=0 info=0 loot=1 targeting=35 events=0 plugins=372 routine=0
[10:37:26.523] [D] [Pulse] Slow bot root: 566ms bot=Wholesome Auto Quest poi=QuestTurnIn combat=False
[10:37:27.924] [D] [Nav] MoveTo failed: map=1 from=(-5478.87, -2393.74, 56.96) to=(-5454.95, -2442.79, 90.02) result=Failed pathCount=2 pathIndex=2 partial=True
[10:37:27.924] [D] [Pulse] Slow bot root: 567ms bot=Wholesome Auto Quest poi=QuestTurnIn combat=False
[10:37:29.255] [D] [Pulse] Slow bot root: 567ms bot=Wholesome Auto Quest poi=QuestTurnIn combat=False
[10:37:30.628] [D] [Pulse] Slow bot root: 602ms bot=Wholesome Auto Quest poi=QuestTurnIn combat=False
[10:37:31.964] [D] [Pulse] Slow bot root: 569ms bot=Wholesome Auto Quest poi=QuestTurnIn combat=False
[10:37:33.330] [D] [Nav] MoveTo failed: map=1 from=(-5478.87, -2393.74, 56.96) to=(-5454.95, -2442.79, 90.02) result=Failed pathCount=2 pathIndex=2 partial=True
[10:37:33.330] [D] [Pulse] Slow bot root: 565ms bot=Wholesome Auto Quest poi=QuestTurnIn combat=False
[10:37:34.678] [D] [Pulse] Slow bot root: 573ms bot=Wholesome Auto Quest poi=QuestTurnIn combat=False
[10:37:36.018] [D] [Pulse] Slow bot root: 572ms bot=Wholesome Auto Quest poi=QuestTurnIn combat=False
[10:37:36.350] [D] [Pulse] Slow plugin: name=AutoEquip2 elapsed=296ms
[10:37:36.417] [D] [Pulse] Slow plugin: name=Tidy Bags 3 Reloaded elapsed=65ms
[10:37:36.417] [D] [Pulse] Slow shared pulse: total=398ms movement=0 objects=0 lua=0 info=0 loot=1 targeting=34 events=0 plugins=362 routine=0
[10:37:37.655] [D] [Pulse] Slow bot root: 564ms bot=Wholesome Auto Quest poi=QuestTurnIn combat=False
[10:37:39.024] [D] [Nav] MoveTo failed: map=1 from=(-5478.87, -2393.74, 56.96) to=(-5454.95, -2442.79, 90.02) result=Failed pathCount=2 pathIndex=2 partial=True
[10:37:39.024] [D] [Pulse] Slow bot root: 564ms bot=Wholesome Auto Quest poi=QuestTurnIn combat=False
[10:37:40.357] [D] [Pulse] Slow bot root: 564ms bot=Wholesome Auto Quest poi=QuestTurnIn combat=False
[10:37:41.692] [D] [Pulse] Slow bot root: 564ms bot=Wholesome Auto Quest poi=QuestTurnIn combat=False
[10:37:43.033] [D] [Pulse] Slow bot root: 567ms bot=Wholesome Auto Quest poi=QuestTurnIn combat=False
[10:37:44.400] [D] [Nav] MoveTo failed: map=1 from=(-5478.87, -2393.74, 56.96) to=(-5454.95, -2442.79, 90.02) result=Failed pathCount=2 pathIndex=2 partial=True
[10:37:44.400] [D] [Pulse] Slow bot root: 567ms bot=Wholesome Auto Quest poi=QuestTurnIn combat=False
[10:37:45.735] [D] [Pulse] Slow bot root: 567ms bot=Wholesome Auto Quest poi=QuestTurnIn combat=False
[10:37:47.069] [D] [Pulse] Slow bot root: 565ms bot=Wholesome Auto Quest poi=QuestTurnIn combat=False
[10:37:47.419] [D] [Pulse] Slow plugin: name=AutoEquip2 elapsed=310ms
[10:37:47.485] [D] [Pulse] Slow plugin: name=Tidy Bags 3 Reloaded elapsed=64ms
[10:37:47.485] [D] [Pulse] Slow shared pulse: total=415ms movement=0 objects=0 lua=0 info=0 loot=1 targeting=37 events=0 plugins=376 routine=0
[10:37:48.756] [D] [Pulse] Slow bot root: 602ms bot=Wholesome Auto Quest poi=QuestTurnIn combat=False
[10:37:50.138] [D] [Nav] MoveTo failed: map=1 from=(-5478.87, -2393.74, 56.96) to=(-5454.95, -2442.79, 90.02) result=Failed pathCount=2 pathIndex=2 partial=True
[10:37:50.138] [D] [Pulse] Slow bot root: 579ms bot=Wholesome Auto Quest poi=QuestTurnIn combat=False
[10:37:50.746] [D] [Pulse] Slow bot root: 408ms bot=Wholesome Auto Quest poi=QuestTurnIn combat=False
[10:37:51.321] [D] [Pulse] Slow bot root: 425ms bot=Wholesome Auto Quest poi=QuestTurnIn combat=False
[10:37:52.632] [D] [Pulse] Slow bot root: 1152ms bot=Wholesome Auto Quest poi=QuestTurnIn combat=False
[10:37:53.191] [D] [Pulse] Slow bot root: 399ms bot=Wholesome Auto Quest poi=QuestTurnIn combat=False
[10:37:53.731] [D] [Pulse] Slow bot root: 401ms bot=Wholesome Auto Quest poi=QuestTurnIn combat=False
[10:37:55.081] [D] [Pulse] Slow bot root: 1192ms bot=Wholesome Auto Quest poi=QuestTurnIn combat=False
[10:37:55.636] [D] [Nav] MoveTo failed: map=1 from=(-5478.87, -2393.74, 56.96) to=(-5454.95, -2442.79, 90.02) result=Failed pathCount=2 pathIndex=2 partial=True
[10:37:55.636] [D] [Pulse] Slow bot root: 399ms bot=Wholesome Auto Quest poi=QuestTurnIn combat=False
[10:37:56.225] [D] [Pulse] Slow bot root: 411ms bot=Wholesome Auto Quest poi=QuestTurnIn combat=False
[10:37:57.571] [D] [Pulse] Slow bot root: 1187ms bot=Wholesome Auto Quest poi=QuestTurnIn combat=False
[10:37:57.653] [D] [Pulse] Slow plugin: name=AutoEquip2 elapsed=72ms
[10:37:58.212] [D] [Pulse] Slow bot root: 400ms bot=Wholesome Auto Quest poi=QuestTurnIn combat=False
[10:37:58.778] [D] [Pulse] Slow bot root: 414ms bot=Wholesome Auto Quest poi=QuestTurnIn combat=False
[10:38:00.120] [D] [Pulse] Slow bot root: 1191ms bot=Wholesome Auto Quest poi=QuestTurnIn combat=False
[10:38:00.684] [D] [Nav] MoveTo failed: map=1 from=(-5478.87, -2393.74, 56.96) to=(-5454.95, -2442.79, 90.02) result=Failed pathCount=2 pathIndex=2 partial=True
[10:38:00.684] [D] [Pulse] Slow bot root: 412ms bot=Wholesome Auto Quest poi=QuestTurnIn combat=False
[10:38:01.255] [D] [Pulse] Slow bot root: 406ms bot=Wholesome Auto Quest poi=QuestTurnIn combat=False
[10:38:02.579] [D] [Pulse] Slow bot root: 1172ms bot=Wholesome Auto Quest poi=QuestTurnIn combat=False
[10:38:03.137] [D] [Pulse] Slow bot root: 402ms bot=Wholesome Auto Quest poi=QuestTurnIn combat=False
[10:38:03.694] [D] [Pulse] Slow bot root: 400ms bot=Wholesome Auto Quest poi=QuestTurnIn combat=False
[10:38:05.092] [D] [Pulse] Slow bot root: 1184ms bot=Wholesome Auto Quest poi=QuestTurnIn combat=False
[10:38:05.682] [D] [Pulse] Slow bot root: 436ms bot=Wholesome Auto Quest poi=QuestTurnIn combat=False
[10:38:06.252] [D] [Nav] MoveTo failed: map=1 from=(-5478.87, -2393.74, 56.96) to=(-5454.95, -2442.79, 90.02) result=Failed pathCount=2 pathIndex=2 partial=True
[10:38:06.252] [D] [Pulse] Slow bot root: 412ms bot=Wholesome Auto Quest poi=QuestTurnIn combat=False
[10:38:07.581] [D] [Pulse] Slow bot root: 1183ms bot=Wholesome Auto Quest poi=QuestTurnIn combat=False
[10:38:07.656] [D] [Pulse] Slow plugin: name=AutoEquip2 elapsed=62ms
[10:38:08.202] [D] [Pulse] Slow bot root: 412ms bot=Wholesome Auto Quest poi=QuestTurnIn combat=False
[10:38:08.759] [D] [Pulse] Slow bot root: 412ms bot=Wholesome Auto Quest poi=QuestTurnIn combat=False
[10:38:10.074] [D] [Pulse] Slow bot root: 1161ms bot=Wholesome Auto Quest poi=QuestTurnIn combat=False
[10:38:10.653] [D] [Pulse] Slow bot root: 419ms bot=Wholesome Auto Quest poi=QuestTurnIn combat=False
[10:38:10.993] [D] [QuestLog] Loaded 79 completed quests from Lua fallback
[10:38:12.362] [D] [Nav] MoveTo failed: map=1 from=(-5478.87, -2393.74, 56.96) to=(-5454.95, -2442.79, 90.02) result=Failed pathCount=2 pathIndex=2 partial=True
[10:38:12.362] [D] [Pulse] Slow bot root: 1198ms bot=Wholesome Auto Quest poi=QuestTurnIn combat=False
[10:38:12.967] [D] [Pulse] Slow bot root: 413ms bot=Wholesome Auto Quest poi=QuestTurnIn combat=False
[10:38:13.613] [D] [Nav] Loaded 49 mesh tiles for one path query
[10:38:14.172] [D] [Nav] Loaded 58 mesh tiles for one path query
[10:38:14.172] [D] [Pulse] Slow bot root: 1058ms bot=Wholesome Auto Quest poi=QuestTurnIn combat=False
[10:38:14.741] [D] [Pulse] Slow bot root: 419ms bot=Wholesome Auto Quest poi=QuestTurnIn combat=False
[10:38:15.299] [D] [Pulse] Slow bot root: 412ms bot=Wholesome Auto Quest poi=QuestTurnIn combat=False
[10:38:16.270] [D] [Nav] Loaded 208 mesh tiles for one path query
[10:38:16.840] [D] [Nav] Loaded 76 mesh tiles for one path query
[10:38:16.840] [D] [Pulse] Slow bot root: 1377ms bot=Wholesome Auto Quest poi=QuestTurnIn combat=False
[10:38:17.423] [D] [Nav] MoveTo failed: map=1 from=(-5478.87, -2393.74, 56.96) to=(-5454.95, -2442.79, 90.02) result=Failed pathCount=2 pathIndex=2 partial=True
[10:38:17.423] [D] [Pulse] Slow bot root: 412ms bot=Wholesome Auto Quest poi=QuestTurnIn combat=False
[10:38:17.963] [D] [Pulse] Slow bot root: 394ms bot=Wholesome Auto Quest poi=QuestTurnIn combat=False
[10:38:18.036] [D] [Pulse] Slow plugin: name=AutoEquip2 elapsed=61ms
[10:38:19.328] [D] [Pulse] Slow bot root: 1158ms bot=Wholesome Auto Quest poi=QuestTurnIn combat=False
[10:38:19.918] [D] [Pulse] Slow bot root: 406ms bot=Wholesome Auto Quest poi=QuestTurnIn combat=False
[10:38:20.557] [D] [Pulse] Slow bot root: 420ms bot=Wholesome Auto Quest poi=QuestTurnIn combat=False
[10:38:21.885] [D] [Pulse] Slow bot root: 1182ms bot=Wholesome Auto Quest poi=QuestTurnIn combat=False
[10:38:22.439] [D] [Nav] MoveTo failed: map=1 from=(-5478.87, -2393.74, 56.96) to=(-5454.95, -2442.79, 90.02) result=Failed pathCount=2 pathIndex=2 partial=True
[10:38:22.439] [D] [Pulse] Slow bot root: 401ms bot=Wholesome Auto Quest poi=QuestTurnIn combat=False
[10:38:22.998] [D] [Pulse] Slow bot root: 402ms bot=Wholesome Auto Quest poi=QuestTurnIn combat=False
[10:38:24.342] [D] [Pulse] Slow bot root: 1181ms bot=Wholesome Auto Quest poi=QuestTurnIn combat=False
[10:38:24.903] [D] [Pulse] Slow bot root: 407ms bot=Wholesome Auto Quest poi=QuestTurnIn combat=False
[10:38:25.468] [D] [Pulse] Slow bot root: 407ms bot=Wholesome Auto Quest poi=QuestTurnIn combat=False
[10:38:26.801] [D] [Pulse] Slow bot root: 1182ms bot=Wholesome Auto Quest poi=QuestTurnIn combat=False
[10:38:27.387] [D] [Pulse] Slow bot root: 413ms bot=Wholesome Auto Quest poi=QuestTurnIn combat=False
[10:38:27.953] [D] [Nav] MoveTo failed: map=1 from=(-5478.87, -2393.74, 56.96) to=(-5454.95, -2442.79, 90.02) result=Failed pathCount=2 pathIndex=2 partial=True
[10:38:27.953] [D] [Pulse] Slow bot root: 412ms bot=Wholesome Auto Quest poi=QuestTurnIn combat=False
[10:38:29.275] [D] [Pulse] Slow bot root: 1159ms bot=Wholesome Auto Quest poi=QuestTurnIn combat=False
[10:38:29.356] [D] [Pulse] Slow plugin: name=AutoEquip2 elapsed=68ms
[10:38:29.908] [D] [Pulse] Slow bot root: 419ms bot=Wholesome Auto Quest poi=QuestTurnIn combat=False
[10:38:30.465] [D] [Pulse] Slow bot root: 401ms bot=Wholesome Auto Quest poi=QuestTurnIn combat=False
[10:38:31.789] [D] [Pulse] Slow bot root: 1178ms bot=Wholesome Auto Quest poi=QuestTurnIn combat=False
[10:38:32.341] [D] [Pulse] Slow bot root: 406ms bot=Wholesome Auto Quest poi=QuestTurnIn combat=False
[10:38:32.936] [D] [Pulse] Slow bot root: 443ms bot=Wholesome Auto Quest poi=QuestTurnIn combat=False
[10:38:34.409] [D] [Nav] MoveTo failed: map=1 from=(-5478.87, -2393.74, 56.96) to=(-5454.95, -2442.79, 90.02) result=Failed pathCount=2 pathIndex=2 partial=True
[10:38:34.409] [D] [Pulse] Slow bot root: 1234ms bot=Wholesome Auto Quest poi=QuestTurnIn combat=False
[10:38:35.038] [D] [Pulse] Slow bot root: 466ms bot=Wholesome Auto Quest poi=QuestTurnIn combat=False
[10:38:36.496] [D] [Pulse] Slow bot root: 1249ms bot=Wholesome Auto Quest poi=QuestTurnIn combat=False
[10:38:37.059] [D] [Pulse] Slow bot root: 412ms bot=Wholesome Auto Quest poi=QuestTurnIn combat=False
[10:38:37.637] [D] [Pulse] Slow bot root: 413ms bot=Wholesome Auto Quest poi=QuestTurnIn combat=False
[10:38:38.966] [D] [Pulse] Slow bot root: 1172ms bot=Wholesome Auto Quest poi=QuestTurnIn combat=False
[10:38:39.604] [D] [Nav] MoveTo failed: map=1 from=(-5478.87, -2393.74, 56.96) to=(-5454.95, -2442.79, 90.02) result=Failed pathCount=2 pathIndex=2 partial=True
[10:38:39.604] [D] [Pulse] Slow bot root: 438ms bot=Wholesome Auto Quest poi=QuestTurnIn combat=False
[10:38:39.702] [D] [Pulse] Slow plugin: name=AutoEquip2 elapsed=86ms
[10:38:40.913] [D] [Pulse] Slow bot root: 1035ms bot=Wholesome Auto Quest poi=QuestTurnIn combat=False
[10:38:41.006] [D] [Pulse] Slow plugin: name=Tidy Bags 3 Reloaded elapsed=60ms
[10:38:42.272] [D] [Pulse] Slow bot root: 594ms bot=Wholesome Auto Quest poi=QuestTurnIn combat=False
[10:38:44.187] [D] [Pulse] Slow bot root: 1145ms bot=Wholesome Auto Quest poi=QuestTurnIn combat=False
[10:38:45.578] [D] [Nav] MoveTo failed: map=1 from=(-5478.87, -2393.74, 56.96) to=(-5454.95, -2442.79, 90.02) result=Failed pathCount=2 pathIndex=2 partial=True
[10:38:45.578] [D] [Pulse] Slow bot root: 595ms bot=Wholesome Auto Quest poi=QuestTurnIn combat=False
[10:38:47.496] [D] [Pulse] Slow bot root: 1148ms bot=Wholesome Auto Quest poi=QuestTurnIn combat=False
[10:38:48.856] [D] [Pulse] Slow bot root: 601ms bot=Wholesome Auto Quest poi=QuestTurnIn combat=False
[10:38:50.790] [D] [Nav] MoveTo failed: map=1 from=(-5478.87, -2393.74, 56.96) to=(-5454.95, -2442.79, 90.02) result=Failed pathCount=2 pathIndex=2 partial=True
[10:38:50.790] [D] [Pulse] Slow bot root: 1165ms bot=Wholesome Auto Quest poi=QuestTurnIn combat=False
[10:38:51.133] [D] [Pulse] Slow plugin: name=AutoEquip2 elapsed=295ms
[10:38:51.199] [D] [Pulse] Slow plugin: name=Tidy Bags 3 Reloaded elapsed=63ms
[10:38:51.199] [D] [Pulse] Slow shared pulse: total=409ms movement=0 objects=0 lua=7 info=0 loot=1 targeting=38 events=0 plugins=361 routine=0
[10:38:53.040] [D] [Pulse] Slow bot root: 1171ms bot=Wholesome Auto Quest poi=QuestTurnIn combat=False
[10:38:54.414] [D] [Pulse] Slow bot root: 600ms bot=Wholesome Auto Quest poi=QuestTurnIn combat=False
[10:38:56.356] [D] [Nav] MoveTo failed: map=1 from=(-5478.87, -2393.74, 56.96) to=(-5454.95, -2442.79, 90.02) result=Failed pathCount=2 pathIndex=2 partial=True
[10:38:56.356] [D] [Pulse] Slow bot root: 1170ms bot=Wholesome Auto Quest poi=QuestTurnIn combat=False
[10:38:57.690] [D] [Pulse] Slow bot root: 566ms bot=Wholesome Auto Quest poi=QuestTurnIn combat=False
[10:38:59.628] [D] [Pulse] Slow bot root: 1168ms bot=Wholesome Auto Quest poi=QuestTurnIn combat=False
[10:39:00.963] [D] [Pulse] Slow bot root: 565ms bot=Wholesome Auto Quest poi=QuestTurnIn combat=False
[10:39:01.298] [D] [Pulse] Slow plugin: name=AutoEquip2 elapsed=296ms
[10:39:01.364] [D] [Pulse] Slow plugin: name=Tidy Bags 3 Reloaded elapsed=64ms
[10:39:01.364] [D] [Pulse] Slow shared pulse: total=400ms movement=0 objects=0 lua=0 info=0 loot=1 targeting=36 events=0 plugins=362 routine=0
[10:39:03.185] [D] [Nav] MoveTo failed: map=1 from=(-5478.87, -2393.74, 56.96) to=(-5454.95, -2442.79, 90.02) result=Failed pathCount=2 pathIndex=2 partial=True
[10:39:03.185] [D] [Pulse] Slow bot root: 1158ms bot=Wholesome Auto Quest poi=QuestTurnIn combat=False
[10:39:04.526] [D] [Pulse] Slow bot root: 564ms bot=Wholesome Auto Quest poi=QuestTurnIn combat=False
[10:39:06.453] [D] [Pulse] Slow bot root: 1159ms bot=Wholesome Auto Quest poi=QuestTurnIn combat=False
[10:39:07.760] [D] [Pulse] Slow bot root: 566ms bot=Wholesome Auto Quest poi=QuestTurnIn combat=False
[10:39:09.703] [D] [Nav] MoveTo failed: map=1 from=(-5478.87, -2393.74, 56.96) to=(-5454.95, -2442.79, 90.02) result=Failed pathCount=2 pathIndex=2 partial=True
[10:39:09.703] [D] [Pulse] Slow bot root: 1172ms bot=Wholesome Auto Quest poi=QuestTurnIn combat=False
[10:39:11.090] [D] [Pulse] Slow bot root: 596ms bot=Wholesome Auto Quest poi=QuestTurnIn combat=False
[10:39:11.428] [D] [Pulse] Slow plugin: name=AutoEquip2 elapsed=298ms
[10:39:11.493] [D] [Pulse] Slow plugin: name=Tidy Bags 3 Reloaded elapsed=64ms
[10:39:11.493] [D] [Pulse] Slow shared pulse: total=403ms movement=0 objects=0 lua=0 info=0 loot=1 targeting=37 events=0 plugins=363 routine=0
[10:39:11.962] [D] [QuestLog] Loaded 79 completed quests from Lua fallback
[10:39:13.938] [D] [Nav] Loaded 49 mesh tiles for one path query
[10:39:13.938] [D] [Pulse] Slow bot root: 1308ms bot=Wholesome Auto Quest poi=QuestTurnIn combat=False
[10:39:15.394] [D] [Nav] Loaded 58 mesh tiles for one path query
[10:39:15.952] [D] [Nav] MoveTo failed: map=1 from=(-5478.87, -2393.74, 56.96) to=(-5454.95, -2442.79, 90.02) result=Failed pathCount=2 pathIndex=2 partial=True
[10:39:15.952] [D] [Pulse] Slow bot root: 1251ms bot=Wholesome Auto Quest poi=QuestTurnIn combat=False
[10:39:17.859] [D] [Nav] Loaded 284 mesh tiles for one path query
[10:39:18.448] [D] [Pulse] Slow bot root: 1712ms bot=Wholesome Auto Quest poi=QuestTurnIn combat=False
[10:39:19.855] [D] [Pulse] Slow bot root: 637ms bot=Wholesome Auto Quest poi=QuestTurnIn combat=False
[10:39:21.828] [D] [Nav] MoveTo failed: map=1 from=(-5478.87, -2393.74, 56.96) to=(-5454.95, -2442.79, 90.02) result=Failed pathCount=2 pathIndex=2 partial=True
[10:39:21.828] [D] [Pulse] Slow bot root: 1202ms bot=Wholesome Auto Quest poi=QuestTurnIn combat=False
[10:39:22.167] [D] [Pulse] Slow plugin: name=AutoEquip2 elapsed=296ms
[10:39:22.233] [D] [Pulse] Slow plugin: name=Tidy Bags 3 Reloaded elapsed=64ms
[10:39:22.234] [D] [Pulse] Slow shared pulse: total=405ms movement=0 objects=0 lua=3 info=0 loot=1 targeting=37 events=0 plugins=362 routine=0
[10:39:24.083] [D] [Pulse] Slow bot root: 1182ms bot=Wholesome Auto Quest poi=QuestTurnIn combat=False
[10:39:25.408] [D] [Pulse] Slow bot root: 571ms bot=Wholesome Auto Quest poi=QuestTurnIn combat=False
[10:39:27.310] [D] [Nav] MoveTo failed: map=1 from=(-5478.87, -2393.74, 56.96) to=(-5454.95, -2442.79, 90.02) result=Failed pathCount=2 pathIndex=2 partial=True
[10:39:27.310] [D] [Pulse] Slow bot root: 1131ms bot=Wholesome Auto Quest poi=QuestTurnIn combat=False
[10:39:28.645] [D] [Pulse] Slow bot root: 564ms bot=Wholesome Auto Quest poi=QuestTurnIn combat=False
[10:39:30.541] [D] [Pulse] Slow bot root: 1126ms bot=Wholesome Auto Quest poi=QuestTurnIn combat=False
[10:39:31.904] [D] [Pulse] Slow bot root: 578ms bot=Wholesome Auto Quest poi=QuestTurnIn combat=False
[10:39:32.241] [D] [Pulse] Slow plugin: name=AutoEquip2 elapsed=297ms
[10:39:32.307] [D] [Pulse] Slow plugin: name=Tidy Bags 3 Reloaded elapsed=64ms
[10:39:32.307] [D] [Pulse] Slow shared pulse: total=402ms movement=0 objects=0 lua=0 info=0 loot=1 targeting=37 events=0 plugins=363 routine=0
[10:39:34.155] [D] [Nav] MoveTo failed: map=1 from=(-5478.87, -2393.74, 56.96) to=(-5454.95, -2442.79, 90.02) result=Failed pathCount=2 pathIndex=2 partial=True
[10:39:34.155] [D] [Pulse] Slow bot root: 1181ms bot=Wholesome Auto Quest poi=QuestTurnIn combat=False
[10:39:35.510] [D] [Pulse] Slow bot root: 566ms bot=Wholesome Auto Quest poi=QuestTurnIn combat=False
[10:39:37.427] [D] [Pulse] Slow bot root: 1145ms bot=Wholesome Auto Quest poi=QuestTurnIn combat=False
[10:39:38.756] [D] [Pulse] Slow bot root: 565ms bot=Wholesome Auto Quest poi=QuestTurnIn combat=False
[10:39:40.663] [D] [Nav] MoveTo failed: map=1 from=(-5478.87, -2393.74, 56.96) to=(-5454.95, -2442.79, 90.02) result=Failed pathCount=2 pathIndex=2 partial=True
[10:39:40.663] [D] [Pulse] Slow bot root: 1140ms bot=Wholesome Auto Quest poi=QuestTurnIn combat=False
[10:39:42.028] [D] [Pulse] Slow bot root: 599ms bot=Wholesome Auto Quest poi=QuestTurnIn combat=False
[10:39:42.363] [D] [Pulse] Slow plugin: name=AutoEquip2 elapsed=296ms
[10:39:42.430] [D] [Pulse] Slow plugin: name=Tidy Bags 3 Reloaded elapsed=66ms
[10:39:42.430] [D] [Pulse] Slow shared pulse: total=402ms movement=0 objects=0 lua=0 info=0 loot=1 targeting=37 events=0 plugins=363 routine=0
[10:39:44.232] [D] [Pulse] Slow bot root: 1131ms bot=Wholesome Auto Quest poi=QuestTurnIn combat=False
[10:39:45.569] [D] [Pulse] Slow bot root: 598ms bot=Wholesome Auto Quest poi=QuestTurnIn combat=False
[10:39:47.459] [D] [Nav] MoveTo failed: map=1 from=(-5478.87, -2393.74, 56.96) to=(-5454.95, -2442.79, 90.02) result=Failed pathCount=2 pathIndex=2 partial=True
[10:39:47.459] [D] [Pulse] Slow bot root: 1123ms bot=Wholesome Auto Quest poi=QuestTurnIn combat=False
[10:39:48.834] [D] [Pulse] Slow bot root: 600ms bot=Wholesome Auto Quest poi=QuestTurnIn combat=False
[10:39:50.726] [D] [Pulse] Slow bot root: 1122ms bot=Wholesome Auto Quest poi=QuestTurnIn combat=False
[10:39:52.077] [D] [Pulse] Slow bot root: 602ms bot=Wholesome Auto Quest poi=QuestTurnIn combat=False
[10:39:52.414] [D] [Pulse] Slow plugin: name=AutoEquip2 elapsed=298ms
[10:39:52.482] [D] [Pulse] Slow plugin: name=Tidy Bags 3 Reloaded elapsed=66ms
[10:39:52.482] [D] [Pulse] Slow shared pulse: total=404ms movement=0 objects=0 lua=0 info=0 loot=1 targeting=36 events=0 plugins=366 routine=0
[10:39:54.318] [D] [Nav] MoveTo failed: map=1 from=(-5478.87, -2393.74, 56.96) to=(-5454.95, -2442.79, 90.02) result=Failed pathCount=2 pathIndex=2 partial=True
[10:39:54.318] [D] [Pulse] Slow bot root: 1170ms bot=Wholesome Auto Quest poi=QuestTurnIn combat=False
[10:39:55.656] [D] [Pulse] Slow bot root: 568ms bot=Wholesome Auto Quest poi=QuestTurnIn combat=False
[10:39:57.546] [D] [Pulse] Slow bot root: 1122ms bot=Wholesome Auto Quest poi=QuestTurnIn combat=False
[10:39:58.890] [D] [Pulse] Slow bot root: 599ms bot=Wholesome Auto Quest poi=QuestTurnIn combat=False
[10:40:00.800] [D] [Nav] MoveTo failed: map=1 from=(-5478.87, -2393.74, 56.96) to=(-5454.95, -2442.79, 90.02) result=Failed pathCount=2 pathIndex=2 partial=True
[10:40:00.800] [D] [Pulse] Slow bot root: 1145ms bot=Wholesome Auto Quest poi=QuestTurnIn combat=False
[10:40:02.198] [D] [Pulse] Slow bot root: 571ms bot=Wholesome Auto Quest poi=QuestTurnIn combat=False
[10:40:02.530] [D] [Pulse] Slow plugin: name=AutoEquip2 elapsed=294ms
[10:40:02.597] [D] [Pulse] Slow plugin: name=Tidy Bags 3 Reloaded elapsed=65ms
[10:40:02.597] [D] [Pulse] Slow shared pulse: total=399ms movement=0 objects=0 lua=0 info=0 loot=1 targeting=36 events=0 plugins=361 routine=0
[10:40:04.391] [D] [Pulse] Slow bot root: 1127ms bot=Wholesome Auto Quest poi=QuestTurnIn combat=False
[10:40:05.702] [D] [Pulse] Slow bot root: 572ms bot=Wholesome Auto Quest poi=QuestTurnIn combat=False
[10:40:07.603] [D] [Nav] MoveTo failed: map=1 from=(-5478.87, -2393.74, 56.96) to=(-5454.95, -2442.79, 90.02) result=Failed pathCount=2 pathIndex=2 partial=True
[10:40:07.603] [D] [Pulse] Slow bot root: 1134ms bot=Wholesome Auto Quest poi=QuestTurnIn combat=False
[10:40:08.931] [D] [Pulse] Slow bot root: 564ms bot=Wholesome Auto Quest poi=QuestTurnIn combat=False
[10:40:10.842] [D] [Pulse] Slow bot root: 1142ms bot=Wholesome Auto Quest poi=QuestTurnIn combat=False
[10:40:12.177] [D] [Pulse] Slow bot root: 568ms bot=Wholesome Auto Quest poi=QuestTurnIn combat=False
[10:40:12.742] [D] [QuestLog] Loaded 79 completed quests from Lua fallback
[10:40:13.972] [D] [Nav] Loaded 40 mesh tiles for one path query
[10:40:13.977] [N] Blacklisting Nyse for 5 minutes because we can't navigate to it.
[10:40:13.977] [D] Blacklisting F1300010DD0B9A95 for 00:05:00
[10:40:14.430] [D] [Nav] Loaded 9 mesh tiles for one path query
[10:40:14.998] [D] [Nav] MoveTo failed: map=1 from=(-5478.87, -2393.74, 56.96) to=(-5454.95, -2442.79, 90.02) result=Failed pathCount=2 pathIndex=2 partial=True
[10:40:14.998] [D] [Pulse] Slow bot root: 1589ms bot=Wholesome Auto Quest poi=QuestTurnIn combat=False
[10:40:15.316] [D] [Pulse] Slow plugin: name=AutoEquip2 elapsed=297ms
[10:40:15.380] [D] [Pulse] Slow plugin: name=Tidy Bags 3 Reloaded elapsed=63ms
[10:40:15.380] [D] [Pulse] Slow shared pulse: total=382ms movement=0 objects=0 lua=0 info=0 loot=1 targeting=17 events=0 plugins=361 routine=0
[10:40:16.768] [D] [Nav] Loaded 58 mesh tiles for one path query
[10:40:17.352] [D] [Pulse] Slow bot root: 1305ms bot=Wholesome Auto Quest poi=QuestTurnIn combat=False
[10:40:19.252] [D] [Nav] Loaded 284 mesh tiles for one path query
[10:40:19.835] [D] [Pulse] Slow bot root: 1722ms bot=Wholesome Auto Quest poi=QuestTurnIn combat=False
[10:40:21.187] [D] [Nav] MoveTo failed: map=1 from=(-5478.87, -2393.74, 56.96) to=(-5454.95, -2442.79, 90.02) result=Failed pathCount=2 pathIndex=2 partial=True
[10:40:21.187] [D] [Pulse] Slow bot root: 567ms bot=Wholesome Auto Quest poi=QuestTurnIn combat=False
[10:40:23.110] [D] [Pulse] Slow bot root: 1159ms bot=Wholesome Auto Quest poi=QuestTurnIn combat=False
[10:40:24.425] [D] [Pulse] Slow bot root: 569ms bot=Wholesome Auto Quest poi=QuestTurnIn combat=False
[10:40:26.343] [D] [Nav] MoveTo failed: map=1 from=(-5478.87, -2393.74, 56.96) to=(-5454.95, -2442.79, 90.02) result=Failed pathCount=2 pathIndex=2 partial=True
[10:40:26.343] [D] [Pulse] Slow bot root: 1151ms bot=Wholesome Auto Quest poi=QuestTurnIn combat=False
[10:40:26.695] [D] [Pulse] Slow plugin: name=AutoEquip2 elapsed=295ms
[10:40:26.761] [D] [Pulse] Slow plugin: name=Tidy Bags 3 Reloaded elapsed=65ms
[10:40:26.761] [D] [Pulse] Slow shared pulse: total=418ms movement=0 objects=0 lua=17 info=0 loot=1 targeting=38 events=0 plugins=361 routine=0
[10:40:28.602] [D] [Pulse] Slow bot root: 1174ms bot=Wholesome Auto Quest poi=QuestTurnIn combat=False
[10:40:29.966] [D] [Pulse] Slow bot root: 595ms bot=Wholesome Auto Quest poi=QuestTurnIn combat=False
[10:40:31.865] [D] [Nav] MoveTo failed: map=1 from=(-5478.87, -2393.74, 56.96) to=(-5454.95, -2442.79, 90.02) result=Failed pathCount=2 pathIndex=2 partial=True
[10:40:31.865] [D] [Pulse] Slow bot root: 1130ms bot=Wholesome Auto Quest poi=QuestTurnIn combat=False
[10:40:33.245] [D] [Pulse] Slow bot root: 567ms bot=Wholesome Auto Quest poi=QuestTurnIn combat=False
[10:40:35.156] [D] [Pulse] Slow bot root: 1139ms bot=Wholesome Auto Quest poi=QuestTurnIn combat=False
[10:40:36.518] [D] [Pulse] Slow bot root: 599ms bot=Wholesome Auto Quest poi=QuestTurnIn combat=False
[10:40:36.855] [D] [Pulse] Slow plugin: name=AutoEquip2 elapsed=298ms
[10:40:36.921] [D] [Pulse] Slow plugin: name=Tidy Bags 3 Reloaded elapsed=65ms
[10:40:36.921] [D] [Pulse] Slow shared pulse: total=402ms movement=0 objects=0 lua=0 info=0 loot=1 targeting=36 events=0 plugins=364 routine=0
[10:40:38.710] [D] [Nav] MoveTo failed: map=1 from=(-5478.87, -2393.74, 56.96) to=(-5454.95, -2442.79, 90.02) result=Failed pathCount=2 pathIndex=2 partial=True
[10:40:38.710] [D] [Pulse] Slow bot root: 1122ms bot=Wholesome Auto Quest poi=QuestTurnIn combat=False
[10:40:40.058] [D] [Pulse] Slow bot root: 566ms bot=Wholesome Auto Quest poi=QuestTurnIn combat=False
[10:40:42.003] [D] [Pulse] Slow bot root: 1175ms bot=Wholesome Auto Quest poi=QuestTurnIn combat=False
[10:40:43.328] [D] [Pulse] Slow bot root: 570ms bot=Wholesome Auto Quest poi=QuestTurnIn combat=False
[10:40:45.245] [D] [Nav] MoveTo failed: map=1 from=(-5478.87, -2393.74, 56.96) to=(-5454.95, -2442.79, 90.02) result=Failed pathCount=2 pathIndex=2 partial=True
[10:40:45.245] [D] [Pulse] Slow bot root: 1124ms bot=Wholesome Auto Quest poi=QuestTurnIn combat=False
[10:40:46.596] [D] [Pulse] Slow bot root: 566ms bot=Wholesome Auto Quest poi=QuestTurnIn combat=False
[10:40:46.931] [D] [Pulse] Slow plugin: name=AutoEquip2 elapsed=297ms
[10:40:46.996] [D] [Pulse] Slow plugin: name=Tidy Bags 3 Reloaded elapsed=63ms
[10:40:46.996] [D] [Pulse] Slow shared pulse: total=399ms movement=0 objects=0 lua=0 info=0 loot=1 targeting=36 events=0 plugins=361 routine=0
[10:40:48.784] [D] [Pulse] Slow bot root: 1120ms bot=Wholesome Auto Quest poi=QuestTurnIn combat=False
[10:40:50.104] [D] [Pulse] Slow bot root: 568ms bot=Wholesome Auto Quest poi=QuestTurnIn combat=False
[10:40:51.996] [D] [Nav] MoveTo failed: map=1 from=(-5478.87, -2393.74, 56.96) to=(-5454.95, -2442.79, 90.02) result=Failed pathCount=2 pathIndex=2 partial=True
[10:40:51.996] [D] [Pulse] Slow bot root: 1122ms bot=Wholesome Auto Quest poi=QuestTurnIn combat=False
[10:40:53.349] [D] [Pulse] Slow bot root: 571ms bot=Wholesome Auto Quest poi=QuestTurnIn combat=False
[10:40:55.246] [D] [Pulse] Slow bot root: 1130ms bot=Wholesome Auto Quest poi=QuestTurnIn combat=False
[10:40:56.552] [D] [Pulse] Slow bot root: 566ms bot=Wholesome Auto Quest poi=QuestTurnIn combat=False
[10:40:58.467] [D] [Nav] MoveTo failed: map=1 from=(-5478.87, -2393.74, 56.96) to=(-5454.95, -2442.79, 90.02) result=Failed pathCount=2 pathIndex=2 partial=True
[10:40:58.467] [D] [Pulse] Slow bot root: 1145ms bot=Wholesome Auto Quest poi=QuestTurnIn combat=False
[10:40:58.826] [D] [Pulse] Slow plugin: name=AutoEquip2 elapsed=295ms
[10:40:58.892] [D] [Pulse] Slow plugin: name=Tidy Bags 3 Reloaded elapsed=64ms
[10:40:58.892] [D] [Pulse] Slow shared pulse: total=424ms movement=0 objects=0 lua=24 info=0 loot=1 targeting=36 events=0 plugins=361 routine=0
[10:41:00.730] [D] [Pulse] Slow bot root: 1168ms bot=Wholesome Auto Quest poi=QuestTurnIn combat=False
[10:41:02.064] [D] [Pulse] Slow bot root: 599ms bot=Wholesome Auto Quest poi=QuestTurnIn combat=False
[10:41:03.989] [D] [Nav] MoveTo failed: map=1 from=(-5478.87, -2393.74, 56.96) to=(-5454.95, -2442.79, 90.02) result=Failed pathCount=2 pathIndex=2 partial=True
[10:41:03.989] [D] [Pulse] Slow bot root: 1124ms bot=Wholesome Auto Quest poi=QuestTurnIn combat=False
[10:41:05.370] [D] [Pulse] Slow bot root: 602ms bot=Wholesome Auto Quest poi=QuestTurnIn combat=False
[10:41:07.265] [D] [Pulse] Slow bot root: 1126ms bot=Wholesome Auto Quest poi=QuestTurnIn combat=False
[10:41:08.582] [D] [Pulse] Slow bot root: 569ms bot=Wholesome Auto Quest poi=QuestTurnIn combat=False
[10:41:08.917] [D] [Pulse] Slow plugin: name=AutoEquip2 elapsed=296ms
[10:41:08.982] [D] [Pulse] Slow plugin: name=Tidy Bags 3 Reloaded elapsed=63ms
[10:41:08.982] [D] [Pulse] Slow shared pulse: total=400ms movement=0 objects=0 lua=0 info=0 loot=1 targeting=37 events=0 plugins=361 routine=0
[10:41:10.810] [D] [Nav] MoveTo failed: map=1 from=(-5478.87, -2393.74, 56.96) to=(-5454.95, -2442.79, 90.02) result=Failed pathCount=2 pathIndex=2 partial=True
[10:41:10.810] [D] [Pulse] Slow bot root: 1161ms bot=Wholesome Auto Quest poi=QuestTurnIn combat=False
[10:41:12.152] [D] [Pulse] Slow bot root: 569ms bot=Wholesome Auto Quest poi=QuestTurnIn combat=False
[10:41:14.136] [D] [Nav] Loaded 40 mesh tiles for one path query
[10:41:14.136] [D] [Pulse] Slow bot root: 1214ms bot=Wholesome Auto Quest poi=QuestTurnIn combat=False
[10:41:14.691] [D] [QuestLog] Loaded 79 completed quests from Lua fallback
[10:41:15.964] [D] [Nav] Loaded 9 mesh tiles for one path query
[10:41:16.559] [D] [Nav] MoveTo failed: map=1 from=(-5478.87, -2393.74, 56.96) to=(-5454.95, -2442.79, 90.02) result=Failed pathCount=2 pathIndex=2 partial=True
[10:41:16.559] [D] [Pulse] Slow bot root: 1199ms bot=Wholesome Auto Quest poi=QuestTurnIn combat=False
[10:41:18.080] [D] [Nav] Loaded 58 mesh tiles for one path query
[10:41:18.666] [D] [Pulse] Slow bot root: 1291ms bot=Wholesome Auto Quest poi=QuestTurnIn combat=False
[10:41:18.981] [D] [Pulse] Slow plugin: name=AutoEquip2 elapsed=297ms
[10:41:19.047] [D] [Pulse] Slow plugin: name=Tidy Bags 3 Reloaded elapsed=63ms
[10:41:19.047] [D] [Pulse] Slow shared pulse: total=380ms movement=0 objects=0 lua=0 info=0 loot=1 targeting=15 events=0 plugins=363 routine=0
[10:41:20.859] [D] [Nav] Loaded 284 mesh tiles for one path query
[10:41:21.448] [D] [Pulse] Slow bot root: 1733ms bot=Wholesome Auto Quest poi=QuestTurnIn combat=False
[10:41:22.766] [D] [Nav] MoveTo failed: map=1 from=(-5478.87, -2393.74, 56.96) to=(-5454.95, -2442.79, 90.02) result=Failed pathCount=2 pathIndex=2 partial=True
[10:41:22.766] [D] [Pulse] Slow bot root: 571ms bot=Wholesome Auto Quest poi=QuestTurnIn combat=False
[10:41:24.725] [D] [Pulse] Slow bot root: 1156ms bot=Wholesome Auto Quest poi=QuestTurnIn combat=False
[10:41:26.038] [D] [Pulse] Slow bot root: 570ms bot=Wholesome Auto Quest poi=QuestTurnIn combat=False
[10:41:27.969] [D] [Nav] MoveTo failed: map=1 from=(-5478.87, -2393.74, 56.96) to=(-5454.95, -2442.79, 90.02) result=Failed pathCount=2 pathIndex=2 partial=True
[10:41:27.969] [D] [Pulse] Slow bot root: 1165ms bot=Wholesome Auto Quest poi=QuestTurnIn combat=False
[10:41:29.310] [D] [Pulse] Slow bot root: 568ms bot=Wholesome Auto Quest poi=QuestTurnIn combat=False
[10:41:29.647] [D] [Pulse] Slow plugin: name=AutoEquip2 elapsed=297ms
[10:41:29.712] [D] [Pulse] Slow plugin: name=Tidy Bags 3 Reloaded elapsed=63ms
[10:41:29.712] [D] [Pulse] Slow shared pulse: total=401ms movement=0 objects=0 lua=0 info=0 loot=1 targeting=36 events=0 plugins=362 routine=0
[10:41:31.501] [D] [Pulse] Slow bot root: 1121ms bot=Wholesome Auto Quest poi=QuestTurnIn combat=False
[10:41:32.810] [D] [Pulse] Slow bot root: 566ms bot=Wholesome Auto Quest poi=QuestTurnIn combat=False
[10:41:34.777] [D] [Nav] MoveTo failed: map=1 from=(-5478.87, -2393.74, 56.96) to=(-5454.95, -2442.79, 90.02) result=Failed pathCount=2 pathIndex=2 partial=True
[10:41:34.777] [D] [Pulse] Slow bot root: 1166ms bot=Wholesome Auto Quest poi=QuestTurnIn combat=False
[10:41:36.117] [D] [Pulse] Slow bot root: 566ms bot=Wholesome Auto Quest poi=QuestTurnIn combat=False
[10:41:38.004] [D] [Pulse] Slow bot root: 1116ms bot=Wholesome Auto Quest poi=QuestTurnIn combat=False
[10:41:39.355] [D] [Pulse] Slow bot root: 600ms bot=Wholesome Auto Quest poi=QuestTurnIn combat=False
[10:41:39.686] [D] [Pulse] Slow plugin: name=AutoEquip2 elapsed=293ms
[10:41:39.752] [D] [Pulse] Slow plugin: name=Tidy Bags 3 Reloaded elapsed=64ms
[10:41:39.752] [D] [Pulse] Slow shared pulse: total=397ms movement=0 objects=0 lua=0 info=0 loot=1 targeting=36 events=0 plugins=359 routine=0
[10:41:41.553] [D] [Nav] MoveTo failed: map=1 from=(-5478.87, -2393.74, 56.96) to=(-5454.95, -2442.79, 90.02) result=Failed pathCount=2 pathIndex=2 partial=True
[10:41:41.553] [D] [Pulse] Slow bot root: 1131ms bot=Wholesome Auto Quest poi=QuestTurnIn combat=False
[10:41:42.903] [D] [Pulse] Slow bot root: 567ms bot=Wholesome Auto Quest poi=QuestTurnIn combat=False
[10:41:44.797] [D] [Pulse] Slow bot root: 1128ms bot=Wholesome Auto Quest poi=QuestTurnIn combat=False
[10:41:46.116] [D] [Pulse] Slow bot root: 569ms bot=Wholesome Auto Quest poi=QuestTurnIn combat=False
[10:41:48.046] [D] [Nav] MoveTo failed: map=1 from=(-5478.87, -2393.74, 56.96) to=(-5454.95, -2442.79, 90.02) result=Failed pathCount=2 pathIndex=2 partial=True
[10:41:48.047] [D] [Pulse] Slow bot root: 1159ms bot=Wholesome Auto Quest poi=QuestTurnIn combat=False
[10:41:49.393] [D] [Pulse] Slow bot root: 571ms bot=Wholesome Auto Quest poi=QuestTurnIn combat=False
[10:41:49.729] [D] [Pulse] Slow plugin: name=AutoEquip2 elapsed=298ms
[10:41:49.795] [D] [Pulse] Slow plugin: name=Tidy Bags 3 Reloaded elapsed=64ms
[10:41:49.795] [D] [Pulse] Slow shared pulse: total=401ms movement=0 objects=0 lua=0 info=0 loot=1 targeting=36 events=0 plugins=364 routine=0
[10:41:51.639] [D] [Pulse] Slow bot root: 1176ms bot=Wholesome Auto Quest poi=QuestTurnIn combat=False
[10:41:52.968] [D] [Pulse] Slow bot root: 572ms bot=Wholesome Auto Quest poi=QuestTurnIn combat=False
[10:41:54.917] [D] [Nav] MoveTo failed: map=1 from=(-5478.87, -2393.74, 56.96) to=(-5454.95, -2442.79, 90.02) result=Failed pathCount=2 pathIndex=2 partial=True
[10:41:54.917] [D] [Pulse] Slow bot root: 1177ms bot=Wholesome Auto Quest poi=QuestTurnIn combat=False
[10:41:56.317] [D] [Pulse] Slow bot root: 604ms bot=Wholesome Auto Quest poi=QuestTurnIn combat=False
[10:41:58.221] [D] [Pulse] Slow bot root: 1134ms bot=Wholesome Auto Quest poi=QuestTurnIn combat=False
[10:41:59.587] [D] [Pulse] Slow bot root: 602ms bot=Wholesome Auto Quest poi=QuestTurnIn combat=False
[10:41:59.921] [D] [Pulse] Slow plugin: name=AutoEquip2 elapsed=296ms
[10:41:59.987] [D] [Pulse] Slow plugin: name=Tidy Bags 3 Reloaded elapsed=64ms
[10:41:59.987] [D] [Pulse] Slow shared pulse: total=399ms movement=0 objects=0 lua=0 info=0 loot=1 targeting=36 events=0 plugins=361 routine=0
[10:42:01.789] [D] [Nav] MoveTo failed: map=1 from=(-5478.87, -2393.74, 56.96) to=(-5454.95, -2442.79, 90.02) result=Failed pathCount=2 pathIndex=2 partial=True
[10:42:01.789] [D] [Pulse] Slow bot root: 1130ms bot=Wholesome Auto Quest poi=QuestTurnIn combat=False
[10:42:03.161] [D] [Pulse] Slow bot root: 599ms bot=Wholesome Auto Quest poi=QuestTurnIn combat=False
[10:42:05.078] [D] [Pulse] Slow bot root: 1118ms bot=Wholesome Auto Quest poi=QuestTurnIn combat=False
[10:42:06.396] [D] [Pulse] Slow bot root: 567ms bot=Wholesome Auto Quest poi=QuestTurnIn combat=False
[10:42:08.315] [D] [Nav] MoveTo failed: map=1 from=(-5478.87, -2393.74, 56.96) to=(-5454.95, -2442.79, 90.02) result=Failed pathCount=2 pathIndex=2 partial=True
[10:42:08.315] [D] [Pulse] Slow bot root: 1149ms bot=Wholesome Auto Quest poi=QuestTurnIn combat=False
[10:42:09.671] [D] [Pulse] Slow bot root: 571ms bot=Wholesome Auto Quest poi=QuestTurnIn combat=False
[10:42:10.005] [D] [Pulse] Slow plugin: name=AutoEquip2 elapsed=295ms
[10:42:10.071] [D] [Pulse] Slow plugin: name=Tidy Bags 3 Reloaded elapsed=64ms
[10:42:10.071] [D] [Pulse] Slow shared pulse: total=400ms movement=0 objects=0 lua=0 info=0 loot=1 targeting=37 events=0 plugins=361 routine=0
[10:42:12.295] [D] [Pulse] Slow bot root: 1536ms bot=Wholesome Auto Quest poi=QuestTurnIn combat=False
[10:42:14.771] [D] [Nav] Loaded 40 mesh tiles for one path query
[10:42:14.771] [D] [Nav] MoveTo failed: map=1 from=(-5478.87, -2393.74, 56.96) to=(-5454.95, -2442.79, 90.02) result=Failed pathCount=2 pathIndex=2 partial=True
[10:42:14.771] [D] [Pulse] Slow bot root: 1590ms bot=Wholesome Auto Quest poi=QuestTurnIn combat=False
[10:42:15.372] [D] [QuestLog] Loaded 79 completed quests from Lua fallback
[10:42:16.841] [D] [Nav] Loaded 9 mesh tiles for one path query
[10:42:17.603] [D] [Pulse] Slow bot root: 1555ms bot=Wholesome Auto Quest poi=QuestTurnIn combat=False
[10:42:19.103] [D] [Nav] Loaded 58 mesh tiles for one path query
[10:42:19.682] [D] [Pulse] Slow bot root: 1295ms bot=Wholesome Auto Quest poi=QuestTurnIn combat=False
[10:42:21.420] [D] [Nav] Loaded 213 mesh tiles for one path query
[10:42:22.151] [D] [Nav] Loaded 71 mesh tiles for one path query
[10:42:22.151] [D] [Nav] MoveTo failed: map=1 from=(-5478.87, -2393.74, 56.96) to=(-5454.95, -2442.79, 90.02) result=Failed pathCount=2 pathIndex=2 partial=True
[10:42:22.151] [D] [Pulse] Slow bot root: 1726ms bot=Wholesome Auto Quest poi=QuestTurnIn combat=False
[10:42:22.503] [D] [Pulse] Slow plugin: name=AutoEquip2 elapsed=298ms
[10:42:22.568] [D] [Pulse] Slow plugin: name=Tidy Bags 3 Reloaded elapsed=63ms
[10:42:22.568] [D] [Pulse] Slow shared pulse: total=417ms movement=0 objects=0 lua=14 info=0 loot=1 targeting=37 events=0 plugins=363 routine=0
[10:42:24.412] [D] [Pulse] Slow bot root: 1170ms bot=Wholesome Auto Quest poi=QuestTurnIn combat=False
[10:42:25.758] [D] [Pulse] Slow bot root: 574ms bot=Wholesome Auto Quest poi=QuestTurnIn combat=False
[10:42:27.660] [D] [Nav] MoveTo failed: map=1 from=(-5478.87, -2393.74, 56.96) to=(-5454.95, -2442.79, 90.02) result=Failed pathCount=2 pathIndex=2 partial=True
[10:42:27.660] [D] [Pulse] Slow bot root: 1136ms bot=Wholesome Auto Quest poi=QuestTurnIn combat=False
[10:42:29.031] [D] [Pulse] Slow bot root: 596ms bot=Wholesome Auto Quest poi=QuestTurnIn combat=False
[10:42:30.925] [D] [Pulse] Slow bot root: 1128ms bot=Wholesome Auto Quest poi=QuestTurnIn combat=False
[10:42:32.242] [D] [Pulse] Slow bot root: 567ms bot=Wholesome Auto Quest poi=QuestTurnIn combat=False
[10:42:32.581] [D] [Pulse] Slow plugin: name=AutoEquip2 elapsed=299ms
[10:42:32.645] [D] [Pulse] Slow plugin: name=Tidy Bags 3 Reloaded elapsed=63ms
[10:42:32.646] [D] [Pulse] Slow shared pulse: total=403ms movement=0 objects=0 lua=0 info=0 loot=1 targeting=37 events=0 plugins=364 routine=0
[10:42:34.472] [D] [Nav] MoveTo failed: map=1 from=(-5478.87, -2393.74, 56.96) to=(-5454.95, -2442.79, 90.02) result=Failed pathCount=2 pathIndex=2 partial=True
[10:42:34.472] [D] [Pulse] Slow bot root: 1157ms bot=Wholesome Auto Quest poi=QuestTurnIn combat=False
[10:42:35.854] [D] [Pulse] Slow bot root: 566ms bot=Wholesome Auto Quest poi=QuestTurnIn combat=False
[10:42:37.753] [D] [Pulse] Slow bot root: 1132ms bot=Wholesome Auto Quest poi=QuestTurnIn combat=False
[10:42:39.094] [D] [Pulse] Slow bot root: 597ms bot=Wholesome Auto Quest poi=QuestTurnIn combat=False
[10:42:40.999] [D] [Nav] MoveTo failed: map=1 from=(-5478.87, -2393.74, 56.96) to=(-5454.95, -2442.79, 90.02) result=Failed pathCount=2 pathIndex=2 partial=True
[10:42:40.999] [D] [Pulse] Slow bot root: 1133ms bot=Wholesome Auto Quest poi=QuestTurnIn combat=False
[10:42:42.373] [D] [Pulse] Slow bot root: 604ms bot=Wholesome Auto Quest poi=QuestTurnIn combat=False
[10:42:42.706] [D] [Pulse] Slow plugin: name=AutoEquip2 elapsed=292ms
[10:42:42.770] [D] [Pulse] Slow plugin: name=Tidy Bags 3 Reloaded elapsed=62ms
[10:42:42.771] [D] [Pulse] Slow shared pulse: total=397ms movement=0 objects=0 lua=0 info=0 loot=1 targeting=39 events=0 plugins=356 routine=0
[10:42:44.606] [D] [Pulse] Slow bot root: 1168ms bot=Wholesome Auto Quest poi=QuestTurnIn combat=False
[10:42:45.975] [D] [Pulse] Slow bot root: 601ms bot=Wholesome Auto Quest poi=QuestTurnIn combat=False
[10:42:47.905] [D] [Nav] MoveTo failed: map=1 from=(-5478.87, -2393.74, 56.96) to=(-5454.95, -2442.79, 90.02) result=Failed pathCount=2 pathIndex=2 partial=True
[10:42:47.905] [D] [Pulse] Slow bot root: 1161ms bot=Wholesome Auto Quest poi=QuestTurnIn combat=False
[10:42:49.280] [D] [Pulse] Slow bot root: 601ms bot=Wholesome Auto Quest poi=QuestTurnIn combat=False
[10:42:51.218] [D] [Pulse] Slow bot root: 1172ms bot=Wholesome Auto Quest poi=QuestTurnIn combat=False
[10:42:52.550] [D] [Pulse] Slow bot root: 564ms bot=Wholesome Auto Quest poi=QuestTurnIn combat=False
[10:42:52.885] [D] [Pulse] Slow plugin: name=AutoEquip2 elapsed=296ms
[10:42:52.951] [D] [Pulse] Slow plugin: name=Tidy Bags 3 Reloaded elapsed=64ms
[10:42:52.951] [D] [Pulse] Slow shared pulse: total=401ms movement=0 objects=0 lua=0 info=0 loot=1 targeting=37 events=0 plugins=361 routine=0
[10:42:54.680] [D] [Nav] MoveTo failed: map=1 from=(-5478.87, -2393.74, 56.96) to=(-5454.95, -2442.79, 90.02) result=Failed pathCount=2 pathIndex=2 partial=True
[10:42:54.680] [D] [Pulse] Slow bot root: 1065ms bot=Wholesome Auto Quest poi=QuestTurnIn combat=False
[10:42:56.018] [D] [Pulse] Slow bot root: 568ms bot=Wholesome Auto Quest poi=QuestTurnIn combat=False
[10:42:57.872] [D] [Pulse] Slow bot root: 1084ms bot=Wholesome Auto Quest poi=QuestTurnIn combat=False
[10:42:59.192] [D] [Pulse] Slow bot root: 568ms bot=Wholesome Auto Quest poi=QuestTurnIn combat=False
[10:43:01.025] [D] [Nav] MoveTo failed: map=1 from=(-5478.87, -2393.74, 56.96) to=(-5454.95, -2442.79, 90.02) result=Failed pathCount=2 pathIndex=2 partial=True
[10:43:01.025] [D] [Pulse] Slow bot root: 1064ms bot=Wholesome Auto Quest poi=QuestTurnIn combat=False
[10:43:02.367] [D] [Pulse] Slow bot root: 533ms bot=Wholesome Auto Quest poi=QuestTurnIn combat=False
[10:43:04.189] [D] [Pulse] Slow bot root: 1055ms bot=Wholesome Auto Quest poi=QuestTurnIn combat=False
[10:43:04.509] [D] [Pulse] Slow plugin: name=AutoEquip2 elapsed=298ms
[10:43:04.574] [D] [Pulse] Slow plugin: name=Tidy Bags 3 Reloaded elapsed=64ms
[10:43:04.575] [D] [Pulse] Slow shared pulse: total=385ms movement=0 objects=0 lua=0 info=0 loot=1 targeting=20 events=0 plugins=363 routine=0
[10:43:06.328] [D] [Nav] MoveTo failed: map=1 from=(-5478.87, -2393.74, 56.96) to=(-5454.95, -2442.79, 90.02) result=Failed pathCount=2 pathIndex=2 partial=True
[10:43:06.328] [D] [Pulse] Slow bot root: 1086ms bot=Wholesome Auto Quest poi=QuestTurnIn combat=False
[10:43:07.718] [D] [Pulse] Slow bot root: 567ms bot=Wholesome Auto Quest poi=QuestTurnIn combat=False
[10:43:09.616] [D] [Pulse] Slow bot root: 1129ms bot=Wholesome Auto Quest poi=QuestTurnIn combat=False
[10:43:10.957] [D] [Pulse] Slow bot root: 597ms bot=Wholesome Auto Quest poi=QuestTurnIn combat=False
[10:43:12.806] [D] [Nav] MoveTo failed: map=1 from=(-5478.87, -2393.74, 56.96) to=(-5454.95, -2442.79, 90.02) result=Failed pathCount=2 pathIndex=2 partial=True
[10:43:12.806] [D] [Pulse] Slow bot root: 1081ms bot=Wholesome Auto Quest poi=QuestTurnIn combat=False
[10:43:14.169] [D] [Pulse] Slow bot root: 571ms bot=Wholesome Auto Quest poi=QuestTurnIn combat=False
[10:43:15.549] [D] [Nav] Loaded 40 mesh tiles for one path query
[10:43:16.120] [D] [Pulse] Slow bot root: 1179ms bot=Wholesome Auto Quest poi=QuestTurnIn combat=False
[10:43:16.447] [D] [Pulse] Slow plugin: name=AutoEquip2 elapsed=295ms
[10:43:16.514] [D] [Pulse] Slow plugin: name=Tidy Bags 3 Reloaded elapsed=65ms
[10:43:16.514] [D] [Pulse] Slow shared pulse: total=394ms movement=0 objects=0 lua=0 info=0 loot=1 targeting=30 events=0 plugins=362 routine=0
[10:43:16.985] [D] [QuestLog] Loaded 79 completed quests from Lua fallback
[10:43:18.211] [D] [Nav] Loaded 9 mesh tiles for one path query
[10:43:18.762] [D] [Nav] MoveTo failed: map=1 from=(-5478.87, -2393.74, 56.96) to=(-5454.95, -2442.79, 90.02) result=Failed pathCount=2 pathIndex=2 partial=True
[10:43:18.762] [D] [Pulse] Slow bot root: 1111ms bot=Wholesome Auto Quest poi=QuestTurnIn combat=False
[10:43:20.228] [D] [Nav] Loaded 58 mesh tiles for one path query
[10:43:20.792] [D] [Pulse] Slow bot root: 1238ms bot=Wholesome Auto Quest poi=QuestTurnIn combat=False
[10:43:22.508] [D] [Nav] Loaded 213 mesh tiles for one path query
[10:43:23.187] [D] [Nav] Loaded 71 mesh tiles for one path query
[10:43:23.187] [D] [Pulse] Slow bot root: 1634ms bot=Wholesome Auto Quest poi=QuestTurnIn combat=False
[10:43:24.469] [D] [Nav] MoveTo failed: map=1 from=(-5478.87, -2393.74, 56.96) to=(-5454.95, -2442.79, 90.02) result=Failed pathCount=2 pathIndex=2 partial=True
[10:43:24.469] [D] [Pulse] Slow bot root: 533ms bot=Wholesome Auto Quest poi=QuestTurnIn combat=False
[10:43:26.338] [D] [Pulse] Slow bot root: 1065ms bot=Wholesome Auto Quest poi=QuestTurnIn combat=False
[10:43:26.644] [D] [Pulse] Slow plugin: name=AutoEquip2 elapsed=292ms
[10:43:26.710] [D] [Pulse] Slow plugin: name=Tidy Bags 3 Reloaded elapsed=64ms
[10:43:26.710] [D] [Pulse] Slow shared pulse: total=371ms movement=0 objects=0 lua=0 info=0 loot=1 targeting=11 events=0 plugins=358 routine=0
[10:43:28.462] [D] [Pulse] Slow bot root: 1084ms bot=Wholesome Auto Quest poi=QuestTurnIn combat=False
[10:43:29.780] [D] [Nav] MoveTo failed: map=1 from=(-5478.87, -2393.74, 56.96) to=(-5454.95, -2442.79, 90.02) result=Failed pathCount=2 pathIndex=2 partial=True
[10:43:29.780] [D] [Pulse] Slow bot root: 567ms bot=Wholesome Auto Quest poi=QuestTurnIn combat=False
[10:43:31.671] [D] [Pulse] Slow bot root: 1091ms bot=Wholesome Auto Quest poi=QuestTurnIn combat=False
[10:43:32.983] [D] [Pulse] Slow bot root: 563ms bot=Wholesome Auto Quest poi=QuestTurnIn combat=False
[10:43:34.865] [D] [Nav] MoveTo failed: map=1 from=(-5478.87, -2393.74, 56.96) to=(-5454.95, -2442.79, 90.02) result=Failed pathCount=2 pathIndex=2 partial=True
[10:43:34.865] [D] [Pulse] Slow bot root: 1108ms bot=Wholesome Auto Quest poi=QuestTurnIn combat=False
[10:43:36.226] [D] [Pulse] Slow bot root: 566ms bot=Wholesome Auto Quest poi=QuestTurnIn combat=False
[10:43:38.102] [D] [Pulse] Slow bot root: 1107ms bot=Wholesome Auto Quest poi=QuestTurnIn combat=False
[10:43:38.433] [D] [Pulse] Slow plugin: name=AutoEquip2 elapsed=295ms
[10:43:38.499] [D] [Pulse] Slow plugin: name=Tidy Bags 3 Reloaded elapsed=64ms
[10:43:38.499] [D] [Pulse] Slow shared pulse: total=396ms movement=0 objects=0 lua=0 info=0 loot=1 targeting=33 events=0 plugins=361 routine=0
[10:43:40.264] [D] [Nav] MoveTo failed: map=1 from=(-5478.87, -2393.74, 56.96) to=(-5454.95, -2442.79, 90.02) result=Failed pathCount=2 pathIndex=2 partial=True
[10:43:40.264] [D] [Pulse] Slow bot root: 1060ms bot=Wholesome Auto Quest poi=QuestTurnIn combat=False
[10:43:41.611] [D] [Pulse] Slow bot root: 566ms bot=Wholesome Auto Quest poi=QuestTurnIn combat=False
[10:43:43.434] [D] [Pulse] Slow bot root: 1059ms bot=Wholesome Auto Quest poi=QuestTurnIn combat=False
[10:43:44.713] [D] [Pulse] Slow bot root: 533ms bot=Wholesome Auto Quest poi=QuestTurnIn combat=False
[10:43:46.589] [D] [Nav] MoveTo failed: map=1 from=(-5478.87, -2393.74, 56.96) to=(-5454.95, -2442.79, 90.02) result=Failed pathCount=2 pathIndex=2 partial=True
[10:43:46.589] [D] [Pulse] Slow bot root: 1105ms bot=Wholesome Auto Quest poi=QuestTurnIn combat=False
[10:43:47.902] [D] [Pulse] Slow bot root: 537ms bot=Wholesome Auto Quest poi=QuestTurnIn combat=False
[10:43:49.806] [D] [Pulse] Slow bot root: 1134ms bot=Wholesome Auto Quest poi=QuestTurnIn combat=False
[10:43:50.112] [D] [Pulse] Slow plugin: name=AutoEquip2 elapsed=295ms
[10:43:50.178] [D] [Pulse] Slow plugin: name=Tidy Bags 3 Reloaded elapsed=64ms
[10:43:50.178] [D] [Pulse] Slow shared pulse: total=372ms movement=0 objects=0 lua=0 info=0 loot=1 targeting=8 events=0 plugins=361 routine=0
[10:43:51.934] [D] [Nav] MoveTo failed: map=1 from=(-5478.87, -2393.74, 56.96) to=(-5454.95, -2442.79, 90.02) result=Failed pathCount=2 pathIndex=2 partial=True
[10:43:51.934] [D] [Pulse] Slow bot root: 1086ms bot=Wholesome Auto Quest poi=QuestTurnIn combat=False
[10:43:53.287] [D] [Pulse] Slow bot root: 568ms bot=Wholesome Auto Quest poi=QuestTurnIn combat=False
[10:43:55.167] [D] [Pulse] Slow bot root: 1113ms bot=Wholesome Auto Quest poi=QuestTurnIn combat=False
[10:43:56.483] [D] [Pulse] Slow bot root: 565ms bot=Wholesome Auto Quest poi=QuestTurnIn combat=False
[10:43:58.373] [D] [Nav] MoveTo failed: map=1 from=(-5478.87, -2393.74, 56.96) to=(-5454.95, -2442.79, 90.02) result=Failed pathCount=2 pathIndex=2 partial=True
[10:43:58.373] [D] [Pulse] Slow bot root: 1126ms bot=Wholesome Auto Quest poi=QuestTurnIn combat=False
[10:43:59.717] [D] [Pulse] Slow bot root: 566ms bot=Wholesome Auto Quest poi=QuestTurnIn combat=False
[10:44:01.597] [D] [Pulse] Slow bot root: 1114ms bot=Wholesome Auto Quest poi=QuestTurnIn combat=False
[10:44:01.916] [D] [Pulse] Slow plugin: name=AutoEquip2 elapsed=294ms
[10:44:01.982] [D] [Pulse] Slow plugin: name=Tidy Bags 3 Reloaded elapsed=65ms
[10:44:01.982] [D] [Pulse] Slow shared pulse: total=385ms movement=0 objects=0 lua=0 info=0 loot=1 targeting=22 events=0 plugins=360 routine=0
[10:44:03.755] [D] [Nav] MoveTo failed: map=1 from=(-5478.87, -2393.74, 56.96) to=(-5454.95, -2442.79, 90.02) result=Failed pathCount=2 pathIndex=2 partial=True
[10:44:03.755] [D] [Pulse] Slow bot root: 1100ms bot=Wholesome Auto Quest poi=QuestTurnIn combat=False
[10:44:05.095] [D] [Pulse] Slow bot root: 532ms bot=Wholesome Auto Quest poi=QuestTurnIn combat=False
[10:44:06.928] [D] [Pulse] Slow bot root: 1063ms bot=Wholesome Auto Quest poi=QuestTurnIn combat=False
[10:44:08.207] [D] [Pulse] Slow bot root: 533ms bot=Wholesome Auto Quest poi=QuestTurnIn combat=False
[10:44:10.075] [D] [Nav] MoveTo failed: map=1 from=(-5478.87, -2393.74, 56.96) to=(-5454.95, -2442.79, 90.02) result=Failed pathCount=2 pathIndex=2 partial=True
[10:44:10.075] [D] [Pulse] Slow bot root: 1098ms bot=Wholesome Auto Quest poi=QuestTurnIn combat=False
[10:44:11.421] [D] [Pulse] Slow bot root: 540ms bot=Wholesome Auto Quest poi=QuestTurnIn combat=False
[10:44:13.289] [D] [Pulse] Slow bot root: 1094ms bot=Wholesome Auto Quest poi=QuestTurnIn combat=False
[10:44:13.597] [D] [Pulse] Slow plugin: name=AutoEquip2 elapsed=294ms
[10:44:13.663] [D] [Pulse] Slow plugin: name=Tidy Bags 3 Reloaded elapsed=64ms
[10:44:13.663] [D] [Pulse] Slow shared pulse: total=374ms movement=0 objects=0 lua=0 info=0 loot=1 targeting=12 events=0 plugins=359 routine=0
[10:44:15.455] [D] [Nav] MoveTo failed: map=1 from=(-5478.87, -2393.74, 56.96) to=(-5454.95, -2442.79, 90.02) result=Failed pathCount=2 pathIndex=2 partial=True
[10:44:15.455] [D] [Pulse] Slow bot root: 1124ms bot=Wholesome Auto Quest poi=QuestTurnIn combat=False
[10:44:16.862] [D] [Nav] Loaded 40 mesh tiles for one path query
[10:44:16.878] [D] [Pulse] Slow bot root: 631ms bot=Wholesome Auto Quest poi=QuestTurnIn combat=False
[10:44:18.751] [D] [Nav] Loaded 9 mesh tiles for one path query
[10:44:18.751] [D] [Pulse] Slow bot root: 1104ms bot=Wholesome Auto Quest poi=QuestTurnIn combat=False
[10:44:19.288] [D] [QuestLog] Loaded 79 completed quests from Lua fallback
[10:44:20.616] [D] [Nav] Loaded 58 mesh tiles for one path query
[10:44:21.153] [D] [Nav] MoveTo failed: map=1 from=(-5478.87, -2393.74, 56.96) to=(-5454.95, -2442.79, 90.02) result=Failed pathCount=2 pathIndex=2 partial=True
[10:44:21.153] [D] [Pulse] Slow bot root: 1195ms bot=Wholesome Auto Quest poi=QuestTurnIn combat=False
[10:44:22.653] [D] [Nav] Loaded 104 mesh tiles for one path query
[10:44:23.424] [D] [Nav] Loaded 109 mesh tiles for one path query
[10:44:23.424] [D] [Pulse] Slow bot root: 1499ms bot=Wholesome Auto Quest poi=QuestTurnIn combat=False
[10:44:23.727] [D] [Pulse] Slow plugin: name=AutoEquip2 elapsed=295ms
[10:44:23.793] [D] [Pulse] Slow plugin: name=Tidy Bags 3 Reloaded elapsed=64ms
[10:44:23.793] [D] [Pulse] Slow shared pulse: total=369ms movement=0 objects=0 lua=0 info=0 loot=1 targeting=6 events=0 plugins=361 routine=0
[10:44:25.157] [D] [Nav] Loaded 71 mesh tiles for one path query
[10:44:25.699] [D] [Pulse] Slow bot root: 1238ms bot=Wholesome Auto Quest poi=QuestTurnIn combat=False
[10:44:27.040] [D] [Nav] MoveTo failed: map=1 from=(-5478.87, -2393.74, 56.96) to=(-5454.95, -2442.79, 90.02) result=Failed pathCount=2 pathIndex=2 partial=True
[10:44:27.040] [D] [Pulse] Slow bot root: 602ms bot=Wholesome Auto Quest poi=QuestTurnIn combat=False
[10:44:28.905] [D] [Pulse] Slow bot root: 1064ms bot=Wholesome Auto Quest poi=QuestTurnIn combat=False
[10:44:30.178] [D] [Pulse] Slow bot root: 537ms bot=Wholesome Auto Quest poi=QuestTurnIn combat=False
[10:44:32.045] [D] [Nav] MoveTo failed: map=1 from=(-5478.87, -2393.74, 56.96) to=(-5454.95, -2442.79, 90.02) result=Failed pathCount=2 pathIndex=2 partial=True
[10:44:32.045] [D] [Pulse] Slow bot root: 1101ms bot=Wholesome Auto Quest poi=QuestTurnIn combat=False
[10:44:33.347] [D] [Pulse] Slow bot root: 535ms bot=Wholesome Auto Quest poi=QuestTurnIn combat=False
[10:44:35.229] [D] [Pulse] Slow bot root: 1113ms bot=Wholesome Auto Quest poi=QuestTurnIn combat=False
[10:44:35.551] [D] [Pulse] Slow plugin: name=AutoEquip2 elapsed=295ms
[10:44:35.618] [D] [Pulse] Slow plugin: name=Tidy Bags 3 Reloaded elapsed=65ms
[10:44:35.618] [D] [Pulse] Slow shared pulse: total=388ms movement=0 objects=0 lua=0 info=0 loot=1 targeting=24 events=0 plugins=362 routine=0
[10:44:37.374] [D] [Nav] MoveTo failed: map=1 from=(-5478.87, -2393.74, 56.96) to=(-5454.95, -2442.79, 90.02) result=Failed pathCount=2 pathIndex=2 partial=True
[10:44:37.374] [D] [Pulse] Slow bot root: 1086ms bot=Wholesome Auto Quest poi=QuestTurnIn combat=False
[10:44:38.721] [D] [Pulse] Slow bot root: 565ms bot=Wholesome Auto Quest poi=QuestTurnIn combat=False
[10:44:40.571] [D] [Pulse] Slow bot root: 1080ms bot=Wholesome Auto Quest poi=QuestTurnIn combat=False
[10:44:41.923] [D] [Pulse] Slow bot root: 567ms bot=Wholesome Auto Quest poi=QuestTurnIn combat=False
[10:44:43.774] [D] [Nav] MoveTo failed: map=1 from=(-5478.87, -2393.74, 56.96) to=(-5454.95, -2442.79, 90.02) result=Failed pathCount=2 pathIndex=2 partial=True
[10:44:43.774] [D] [Pulse] Slow bot root: 1086ms bot=Wholesome Auto Quest poi=QuestTurnIn combat=False
[10:44:45.132] [D] [Pulse] Slow bot root: 571ms bot=Wholesome Auto Quest poi=QuestTurnIn combat=False
[10:44:47.011] [D] [Pulse] Slow bot root: 1110ms bot=Wholesome Auto Quest poi=QuestTurnIn combat=False
[10:44:47.346] [D] [Pulse] Slow plugin: name=AutoEquip2 elapsed=299ms
[10:44:47.411] [D] [Pulse] Slow plugin: name=Tidy Bags 3 Reloaded elapsed=63ms
[10:44:47.411] [D] [Pulse] Slow shared pulse: total=399ms movement=0 objects=0 lua=0 info=0 loot=1 targeting=33 events=0 plugins=364 routine=0
[10:44:49.165] [D] [Nav] MoveTo failed: map=1 from=(-5478.87, -2393.74, 56.96) to=(-5454.95, -2442.79, 90.02) result=Failed pathCount=2 pathIndex=2 partial=True
[10:44:49.165] [D] [Pulse] Slow bot root: 1085ms bot=Wholesome Auto Quest poi=QuestTurnIn combat=False
[10:44:50.511] [D] [Pulse] Slow bot root: 566ms bot=Wholesome Auto Quest poi=QuestTurnIn combat=False
[10:44:52.339] [D] [Pulse] Slow bot root: 1060ms bot=Wholesome Auto Quest poi=QuestTurnIn combat=False
[10:44:53.618] [D] [Pulse] Slow bot root: 534ms bot=Wholesome Auto Quest poi=QuestTurnIn combat=False
[10:44:55.483] [D] [Nav] MoveTo failed: map=1 from=(-5478.87, -2393.74, 56.96) to=(-5454.95, -2442.79, 90.02) result=Failed pathCount=2 pathIndex=2 partial=True
[10:44:55.483] [D] [Pulse] Slow bot root: 1099ms bot=Wholesome Auto Quest poi=QuestTurnIn combat=False
[10:44:56.797] [D] [Pulse] Slow bot root: 532ms bot=Wholesome Auto Quest poi=QuestTurnIn combat=False
[10:44:58.670] [D] [Pulse] Slow bot root: 1098ms bot=Wholesome Auto Quest poi=QuestTurnIn combat=False
[10:44:58.977] [D] [Pulse] Slow plugin: name=AutoEquip2 elapsed=294ms
[10:44:59.041] [D] [Pulse] Slow plugin: name=Tidy Bags 3 Reloaded elapsed=63ms
[10:44:59.042] [D] [Pulse] Slow shared pulse: total=371ms movement=0 objects=0 lua=0 info=0 loot=1 targeting=11 events=0 plugins=359 routine=0
[10:45:00.787] [D] [Nav] MoveTo failed: map=1 from=(-5478.87, -2393.74, 56.96) to=(-5454.95, -2442.79, 90.02) result=Failed pathCount=2 pathIndex=2 partial=True
[10:45:00.787] [D] [Pulse] Slow bot root: 1078ms bot=Wholesome Auto Quest poi=QuestTurnIn combat=False
[10:45:02.149] [D] [Pulse] Slow bot root: 566ms bot=Wholesome Auto Quest poi=QuestTurnIn combat=False
[10:45:03.995] [D] [Pulse] Slow bot root: 1080ms bot=Wholesome Auto Quest poi=QuestTurnIn combat=False
[10:45:05.316] [D] [Pulse] Slow bot root: 565ms bot=Wholesome Auto Quest poi=QuestTurnIn combat=False
[10:45:07.158] [D] [Nav] MoveTo failed: map=1 from=(-5478.87, -2393.74, 56.96) to=(-5454.95, -2442.79, 90.02) result=Failed pathCount=2 pathIndex=2 partial=True
[10:45:07.158] [D] [Pulse] Slow bot root: 1077ms bot=Wholesome Auto Quest poi=QuestTurnIn combat=False
[10:45:08.522] [D] [Pulse] Slow bot root: 567ms bot=Wholesome Auto Quest poi=QuestTurnIn combat=False
[10:45:10.372] [D] [Pulse] Slow bot root: 1081ms bot=Wholesome Auto Quest poi=QuestTurnIn combat=False
[10:45:10.699] [D] [Pulse] Slow plugin: name=AutoEquip2 elapsed=297ms
[10:45:10.765] [D] [Pulse] Slow plugin: name=Tidy Bags 3 Reloaded elapsed=64ms
[10:45:10.766] [D] [Pulse] Slow shared pulse: total=393ms movement=0 objects=0 lua=0 info=0 loot=1 targeting=28 events=0 plugins=363 routine=0
[10:45:12.568] [D] [Nav] MoveTo failed: map=1 from=(-5478.87, -2393.74, 56.96) to=(-5454.95, -2442.79, 90.02) result=Failed pathCount=2 pathIndex=2 partial=True
[10:45:12.568] [D] [Pulse] Slow bot root: 1101ms bot=Wholesome Auto Quest poi=QuestTurnIn combat=False
[10:45:13.900] [D] [Pulse] Slow bot root: 529ms bot=Wholesome Auto Quest poi=QuestTurnIn combat=False
[10:45:15.146] [N] Blacklisting Nyse for 5 minutes because we can't navigate to it.
[10:45:15.146] [D] Blacklisting F1300010DD0B9A95 for 00:05:00
[10:45:16.070] [D] [Pulse] Slow bot root: 1399ms bot=Wholesome Auto Quest poi=QuestTurnIn combat=False
[10:45:17.451] [D] [Nav] Loaded 40 mesh tiles for one path query
[10:45:17.454] [D] [Pulse] Slow bot root: 636ms bot=Wholesome Auto Quest poi=QuestTurnIn combat=False
[10:45:18.774] [D] [Nav] Loaded 8 mesh tiles for one path query
[10:45:19.332] [D] [Nav] Loaded 1 mesh tiles for one path query
[10:45:19.332] [D] [Nav] MoveTo failed: map=1 from=(-5478.87, -2393.74, 56.96) to=(-5454.95, -2442.79, 90.02) result=Failed pathCount=2 pathIndex=2 partial=True
[10:45:19.332] [D] [Pulse] Slow bot root: 1108ms bot=Wholesome Auto Quest poi=QuestTurnIn combat=False
[10:45:19.922] [D] [QuestLog] Loaded 79 completed quests from Lua fallback
[10:45:21.257] [D] [Nav] Loaded 58 mesh tiles for one path query
[10:45:21.820] [D] [Pulse] Slow bot root: 1232ms bot=Wholesome Auto Quest poi=QuestTurnIn combat=False
[10:45:22.153] [D] [Pulse] Slow plugin: name=AutoEquip2 elapsed=293ms
[10:45:22.219] [D] [Pulse] Slow plugin: name=Tidy Bags 3 Reloaded elapsed=64ms
[10:45:22.219] [D] [Pulse] Slow shared pulse: total=398ms movement=0 objects=0 lua=0 info=0 loot=1 targeting=37 events=0 plugins=359 routine=0
[10:45:23.674] [D] [Nav] Loaded 130 mesh tiles for one path query
[10:45:24.408] [D] [Nav] Loaded 83 mesh tiles for one path query
[10:45:24.408] [D] [Nav] MoveTo failed: map=1 from=(-5478.87, -2393.74, 56.96) to=(-5454.95, -2442.79, 90.02) result=Failed pathCount=2 pathIndex=2 partial=True
[10:45:24.408] [D] [Pulse] Slow bot root: 1521ms bot=Wholesome Auto Quest poi=QuestTurnIn combat=False
[10:45:25.883] [D] [Nav] Loaded 71 mesh tiles for one path query
[10:45:26.433] [D] [Pulse] Slow bot root: 1246ms bot=Wholesome Auto Quest poi=QuestTurnIn combat=False
[10:45:27.726] [D] [Pulse] Slow bot root: 540ms bot=Wholesome Auto Quest poi=QuestTurnIn combat=False
[10:45:29.585] [D] [Nav] MoveTo failed: map=1 from=(-5478.87, -2393.74, 56.96) to=(-5454.95, -2442.79, 90.02) result=Failed pathCount=2 pathIndex=2 partial=True
[10:45:29.585] [D] [Pulse] Slow bot root: 1092ms bot=Wholesome Auto Quest poi=QuestTurnIn combat=False
[10:45:30.920] [D] [Pulse] Slow bot root: 560ms bot=Wholesome Auto Quest poi=QuestTurnIn combat=False
[10:45:32.775] [D] [Pulse] Slow bot root: 1087ms bot=Wholesome Auto Quest poi=QuestTurnIn combat=False
[10:45:33.092] [D] [Pulse] Slow plugin: name=AutoEquip2 elapsed=298ms
[10:45:33.158] [D] [Pulse] Slow plugin: name=Tidy Bags 3 Reloaded elapsed=64ms
[10:45:33.158] [D] [Pulse] Slow shared pulse: total=382ms movement=0 objects=0 lua=0 info=0 loot=1 targeting=16 events=0 plugins=364 routine=0
[10:45:34.888] [D] [Nav] MoveTo failed: map=1 from=(-5478.87, -2393.74, 56.96) to=(-5454.95, -2442.79, 90.02) result=Failed pathCount=2 pathIndex=2 partial=True
[10:45:34.888] [D] [Pulse] Slow bot root: 1059ms bot=Wholesome Auto Quest poi=QuestTurnIn combat=False
[10:45:36.205] [D] [Pulse] Slow bot root: 536ms bot=Wholesome Auto Quest poi=QuestTurnIn combat=False
[10:45:38.040] [D] [Pulse] Slow bot root: 1064ms bot=Wholesome Auto Quest poi=QuestTurnIn combat=False
[10:45:39.343] [D] [Pulse] Slow bot root: 566ms bot=Wholesome Auto Quest poi=QuestTurnIn combat=False
[10:45:41.204] [D] [Nav] MoveTo failed: map=1 from=(-5478.87, -2393.74, 56.96) to=(-5454.95, -2442.79, 90.02) result=Failed pathCount=2 pathIndex=2 partial=True
[10:45:41.204] [D] [Pulse] Slow bot root: 1090ms bot=Wholesome Auto Quest poi=QuestTurnIn combat=False
[10:45:42.547] [D] [Pulse] Slow bot root: 538ms bot=Wholesome Auto Quest poi=QuestTurnIn combat=False
[10:45:44.418] [D] [Pulse] Slow bot root: 1104ms bot=Wholesome Auto Quest poi=QuestTurnIn combat=False
[10:45:44.747] [D] [Pulse] Slow plugin: name=AutoEquip2 elapsed=293ms
[10:45:44.813] [D] [Pulse] Slow plugin: name=Tidy Bags 3 Reloaded elapsed=64ms
[10:45:44.813] [D] [Pulse] Slow shared pulse: total=394ms movement=0 objects=0 lua=0 info=0 loot=1 targeting=34 events=0 plugins=358 routine=0
[10:45:46.587] [D] [Nav] MoveTo failed: map=1 from=(-5478.87, -2393.74, 56.96) to=(-5454.95, -2442.79, 90.02) result=Failed pathCount=2 pathIndex=2 partial=True
[10:45:46.587] [D] [Pulse] Slow bot root: 1100ms bot=Wholesome Auto Quest poi=QuestTurnIn combat=False
[10:45:47.952] [D] [Pulse] Slow bot root: 568ms bot=Wholesome Auto Quest poi=QuestTurnIn combat=False
[10:45:49.814] [D] [Pulse] Slow bot root: 1092ms bot=Wholesome Auto Quest poi=QuestTurnIn combat=False
[10:45:51.124] [D] [Pulse] Slow bot root: 567ms bot=Wholesome Auto Quest poi=QuestTurnIn combat=False
[10:45:52.977] [D] [Nav] MoveTo failed: map=1 from=(-5478.87, -2393.74, 56.96) to=(-5454.95, -2442.79, 90.02) result=Failed pathCount=2 pathIndex=2 partial=True
[10:45:52.977] [D] [Pulse] Slow bot root: 1086ms bot=Wholesome Auto Quest poi=QuestTurnIn combat=False
[10:45:54.326] [D] [Pulse] Slow bot root: 565ms bot=Wholesome Auto Quest poi=QuestTurnIn combat=False
[10:45:56.184] [D] [Pulse] Slow bot root: 1091ms bot=Wholesome Auto Quest poi=QuestTurnIn combat=False
[10:45:56.499] [D] [Pulse] Slow plugin: name=AutoEquip2 elapsed=298ms
[10:45:56.566] [D] [Pulse] Slow plugin: name=Tidy Bags 3 Reloaded elapsed=64ms
[10:45:56.566] [D] [Pulse] Slow shared pulse: total=382ms movement=0 objects=0 lua=0 info=0 loot=1 targeting=15 events=0 plugins=364 routine=0
[10:45:58.290] [D] [Nav] MoveTo failed: map=1 from=(-5478.87, -2393.74, 56.96) to=(-5454.95, -2442.79, 90.02) result=Failed pathCount=2 pathIndex=2 partial=True
[10:45:58.290] [D] [Pulse] Slow bot root: 1062ms bot=Wholesome Auto Quest poi=QuestTurnIn combat=False
[10:45:59.600] [D] [Pulse] Slow bot root: 533ms bot=Wholesome Auto Quest poi=QuestTurnIn combat=False
[10:46:01.460] [D] [Pulse] Slow bot root: 1092ms bot=Wholesome Auto Quest poi=QuestTurnIn combat=False
[10:46:02.746] [D] [Pulse] Slow bot root: 536ms bot=Wholesome Auto Quest poi=QuestTurnIn combat=False
[10:46:04.638] [D] [Nav] MoveTo failed: map=1 from=(-5478.87, -2393.74, 56.96) to=(-5454.95, -2442.79, 90.02) result=Failed pathCount=2 pathIndex=2 partial=True
[10:46:04.638] [D] [Pulse] Slow bot root: 1123ms bot=Wholesome Auto Quest poi=QuestTurnIn combat=False
[10:46:05.964] [D] [Pulse] Slow bot root: 530ms bot=Wholesome Auto Quest poi=QuestTurnIn combat=False
[10:46:07.813] [D] [Pulse] Slow bot root: 1083ms bot=Wholesome Auto Quest poi=QuestTurnIn combat=False
[10:46:08.141] [D] [Pulse] Slow plugin: name=AutoEquip2 elapsed=298ms
[10:46:08.207] [D] [Pulse] Slow plugin: name=Tidy Bags 3 Reloaded elapsed=65ms
[10:46:08.208] [D] [Pulse] Slow shared pulse: total=394ms movement=0 objects=0 lua=0 info=0 loot=1 targeting=27 events=0 plugins=365 routine=0
[10:46:09.985] [D] [Nav] MoveTo failed: map=1 from=(-5478.87, -2393.74, 56.96) to=(-5454.95, -2442.79, 90.02) result=Failed pathCount=2 pathIndex=2 partial=True
[10:46:09.985] [D] [Pulse] Slow bot root: 1110ms bot=Wholesome Auto Quest poi=QuestTurnIn combat=False
[10:46:11.350] [D] [Pulse] Slow bot root: 566ms bot=Wholesome Auto Quest poi=QuestTurnIn combat=False
[10:46:13.252] [D] [Pulse] Slow bot root: 1101ms bot=Wholesome Auto Quest poi=QuestTurnIn combat=False
[10:46:14.560] [D] [Pulse] Slow bot root: 568ms bot=Wholesome Auto Quest poi=QuestTurnIn combat=False
[10:46:16.422] [D] [Nav] MoveTo failed: map=1 from=(-5478.87, -2393.74, 56.96) to=(-5454.95, -2442.79, 90.02) result=Failed pathCount=2 pathIndex=2 partial=True
[10:46:16.422] [D] [Pulse] Slow bot root: 1097ms bot=Wholesome Auto Quest poi=QuestTurnIn combat=False
[10:46:17.797] [D] [Nav] Loaded 40 mesh tiles for one path query
[10:46:17.798] [D] [Pulse] Slow bot root: 603ms bot=Wholesome Auto Quest poi=QuestTurnIn combat=False
[10:46:19.129] [D] [Nav] Loaded 8 mesh tiles for one path query
[10:46:19.690] [D] [Nav] Loaded 1 mesh tiles for one path query
[10:46:19.690] [D] [Pulse] Slow bot root: 1127ms bot=Wholesome Auto Quest poi=QuestTurnIn combat=False
[10:46:19.996] [D] [Pulse] Slow plugin: name=AutoEquip2 elapsed=296ms
[10:46:20.060] [D] [Pulse] Slow plugin: name=Tidy Bags 3 Reloaded elapsed=62ms
[10:46:20.060] [D] [Pulse] Slow shared pulse: total=370ms movement=0 objects=0 lua=0 info=0 loot=1 targeting=8 events=0 plugins=360 routine=0
[10:46:20.496] [D] [QuestLog] Loaded 79 completed quests from Lua fallback
[10:46:21.811] [D] [Nav] Loaded 58 mesh tiles for one path query
[10:46:22.369] [D] [Nav] MoveTo failed: map=1 from=(-5478.87, -2393.74, 56.96) to=(-5454.95, -2442.79, 90.02) result=Failed pathCount=2 pathIndex=2 partial=True
[10:46:22.369] [D] [Pulse] Slow bot root: 1208ms bot=Wholesome Auto Quest poi=QuestTurnIn combat=False
[10:46:23.840] [D] [Nav] Loaded 77 mesh tiles for one path query
[10:46:24.481] [D] [Nav] Loaded 53 mesh tiles for one path query
[10:46:24.481] [D] [Pulse] Slow bot root: 1318ms bot=Wholesome Auto Quest poi=QuestTurnIn combat=False
[10:46:25.932] [D] [Nav] Loaded 83 mesh tiles for one path query
[10:46:26.601] [D] [Nav] Loaded 71 mesh tiles for one path query
[10:46:26.601] [D] [Pulse] Slow bot root: 1366ms bot=Wholesome Auto Quest poi=QuestTurnIn combat=False
[10:46:27.870] [D] [Nav] MoveTo failed: map=1 from=(-5478.87, -2393.74, 56.96) to=(-5454.95, -2442.79, 90.02) result=Failed pathCount=2 pathIndex=2 partial=True
[10:46:27.870] [D] [Pulse] Slow bot root: 530ms bot=Wholesome Auto Quest poi=QuestTurnIn combat=False
[10:46:29.741] [D] [Pulse] Slow bot root: 1072ms bot=Wholesome Auto Quest poi=QuestTurnIn combat=False
[10:46:30.068] [D] [Pulse] Slow plugin: name=AutoEquip2 elapsed=293ms
[10:46:30.134] [D] [Pulse] Slow plugin: name=Tidy Bags 3 Reloaded elapsed=64ms
[10:46:30.134] [D] [Pulse] Slow shared pulse: total=392ms movement=0 objects=0 lua=0 info=0 loot=1 targeting=32 events=0 plugins=358 routine=0
[10:46:31.875] [D] [Pulse] Slow bot root: 1071ms bot=Wholesome Auto Quest poi=QuestTurnIn combat=False
[10:46:33.215] [D] [Nav] MoveTo failed: map=1 from=(-5478.87, -2393.74, 56.96) to=(-5454.95, -2442.79, 90.02) result=Failed pathCount=2 pathIndex=2 partial=True
[10:46:33.215] [D] [Pulse] Slow bot root: 573ms bot=Wholesome Auto Quest poi=QuestTurnIn combat=False
[10:46:35.113] [D] [Pulse] Slow bot root: 1095ms bot=Wholesome Auto Quest poi=QuestTurnIn combat=False
[10:46:36.425] [D] [Pulse] Slow bot root: 571ms bot=Wholesome Auto Quest poi=QuestTurnIn combat=False
[10:46:38.291] [D] [Nav] MoveTo failed: map=1 from=(-5478.87, -2393.74, 56.96) to=(-5454.95, -2442.79, 90.02) result=Failed pathCount=2 pathIndex=2 partial=True
[10:46:38.291] [D] [Pulse] Slow bot root: 1099ms bot=Wholesome Auto Quest poi=QuestTurnIn combat=False
[10:46:39.631] [D] [Pulse] Slow bot root: 566ms bot=Wholesome Auto Quest poi=QuestTurnIn combat=False
[10:46:41.500] [D] [Pulse] Slow bot root: 1099ms bot=Wholesome Auto Quest poi=QuestTurnIn combat=False
[10:46:41.834] [D] [Pulse] Slow plugin: name=AutoEquip2 elapsed=297ms
[10:46:41.900] [D] [Pulse] Slow plugin: name=Tidy Bags 3 Reloaded elapsed=64ms
[10:46:41.900] [D] [Pulse] Slow shared pulse: total=399ms movement=0 objects=0 lua=0 info=0 loot=1 targeting=34 events=0 plugins=363 routine=0
[10:46:43.671] [D] [Nav] MoveTo failed: map=1 from=(-5478.87, -2393.74, 56.96) to=(-5454.95, -2442.79, 90.02) result=Failed pathCount=2 pathIndex=2 partial=True
[10:46:43.671] [D] [Pulse] Slow bot root: 1067ms bot=Wholesome Auto Quest poi=QuestTurnIn combat=False
[10:46:44.982] [D] [Pulse] Slow bot root: 536ms bot=Wholesome Auto Quest poi=QuestTurnIn combat=False
[10:46:46.819] [D] [Pulse] Slow bot root: 1052ms bot=Wholesome Auto Quest poi=QuestTurnIn combat=False
[10:46:48.104] [D] [Pulse] Slow bot root: 536ms bot=Wholesome Auto Quest poi=QuestTurnIn combat=False
[10:46:49.935] [D] [Nav] MoveTo failed: map=1 from=(-5478.87, -2393.74, 56.96) to=(-5454.95, -2442.79, 90.02) result=Failed pathCount=2 pathIndex=2 partial=True
[10:46:49.935] [D] [Pulse] Slow bot root: 1062ms bot=Wholesome Auto Quest poi=QuestTurnIn combat=False
[10:46:51.250] [D] [Pulse] Slow bot root: 535ms bot=Wholesome Auto Quest poi=QuestTurnIn combat=False
[10:46:53.109] [D] [Pulse] Slow bot root: 1093ms bot=Wholesome Auto Quest poi=QuestTurnIn combat=False
[10:46:53.414] [D] [Pulse] Slow plugin: name=AutoEquip2 elapsed=294ms
[10:46:53.479] [D] [Pulse] Slow plugin: name=Tidy Bags 3 Reloaded elapsed=63ms
[10:46:53.479] [D] [Pulse] Slow shared pulse: total=369ms movement=0 objects=0 lua=0 info=0 loot=1 targeting=8 events=0 plugins=359 routine=0
[10:46:55.224] [D] [Nav] MoveTo failed: map=1 from=(-5478.87, -2393.74, 56.96) to=(-5454.95, -2442.79, 90.02) result=Failed pathCount=2 pathIndex=2 partial=True
[10:46:55.224] [D] [Pulse] Slow bot root: 1078ms bot=Wholesome Auto Quest poi=QuestTurnIn combat=False
[10:46:56.582] [D] [Pulse] Slow bot root: 567ms bot=Wholesome Auto Quest poi=QuestTurnIn combat=False
[10:46:58.460] [D] [Pulse] Slow bot root: 1105ms bot=Wholesome Auto Quest poi=QuestTurnIn combat=False
[10:46:59.801] [D] [Pulse] Slow bot root: 565ms bot=Wholesome Auto Quest poi=QuestTurnIn combat=False
[10:47:01.678] [D] [Nav] MoveTo failed: map=1 from=(-5478.87, -2393.74, 56.96) to=(-5454.95, -2442.79, 90.02) result=Failed pathCount=2 pathIndex=2 partial=True
[10:47:01.678] [D] [Pulse] Slow bot root: 1104ms bot=Wholesome Auto Quest poi=QuestTurnIn combat=False
[10:47:03.052] [D] [Pulse] Slow bot root: 569ms bot=Wholesome Auto Quest poi=QuestTurnIn combat=False
[10:47:04.925] [D] [Pulse] Slow bot root: 1100ms bot=Wholesome Auto Quest poi=QuestTurnIn combat=False
[10:47:05.230] [D] [Pulse] Slow plugin: name=AutoEquip2 elapsed=297ms
[10:47:05.295] [D] [Pulse] Slow plugin: name=Tidy Bags 3 Reloaded elapsed=63ms
[10:47:05.295] [D] [Pulse] Slow shared pulse: total=369ms movement=0 objects=0 lua=0 info=0 loot=1 targeting=6 events=0 plugins=362 routine=0
[10:47:07.040] [D] [Nav] MoveTo failed: map=1 from=(-5478.87, -2393.74, 56.96) to=(-5454.95, -2442.79, 90.02) result=Failed pathCount=2 pathIndex=2 partial=True
[10:47:07.040] [D] [Pulse] Slow bot root: 1074ms bot=Wholesome Auto Quest poi=QuestTurnIn combat=False
[10:47:08.366] [D] [Pulse] Slow bot root: 531ms bot=Wholesome Auto Quest poi=QuestTurnIn combat=False
[10:47:10.198] [D] [Pulse] Slow bot root: 1063ms bot=Wholesome Auto Quest poi=QuestTurnIn combat=False
[10:47:11.503] [D] [Pulse] Slow bot root: 568ms bot=Wholesome Auto Quest poi=QuestTurnIn combat=False
[10:47:13.339] [D] [Nav] MoveTo failed: map=1 from=(-5478.87, -2393.74, 56.96) to=(-5454.95, -2442.79, 90.02) result=Failed pathCount=2 pathIndex=2 partial=True
[10:47:13.339] [D] [Pulse] Slow bot root: 1065ms bot=Wholesome Auto Quest poi=QuestTurnIn combat=False
[10:47:14.680] [D] [Pulse] Slow bot root: 535ms bot=Wholesome Auto Quest poi=QuestTurnIn combat=False
[10:47:16.539] [D] [Pulse] Slow bot root: 1093ms bot=Wholesome Auto Quest poi=QuestTurnIn combat=False
[10:47:16.854] [D] [Pulse] Slow plugin: name=AutoEquip2 elapsed=300ms
[10:47:16.920] [D] [Pulse] Slow plugin: name=Tidy Bags 3 Reloaded elapsed=64ms
[10:47:16.920] [D] [Pulse] Slow shared pulse: total=380ms movement=0 objects=0 lua=0 info=0 loot=1 targeting=13 events=0 plugins=366 routine=0
[10:47:18.187] [D] [Nav] Loaded 40 mesh tiles for one path query
[10:47:18.729] [D] [Nav] MoveTo failed: map=1 from=(-5478.87, -2393.74, 56.96) to=(-5454.95, -2442.79, 90.02) result=Failed pathCount=2 pathIndex=2 partial=True
[10:47:18.729] [D] [Pulse] Slow bot root: 1140ms bot=Wholesome Auto Quest poi=QuestTurnIn combat=False
[10:47:20.092] [D] [Nav] Loaded 9 mesh tiles for one path query
[10:47:20.126] [D] [Pulse] Slow bot root: 603ms bot=Wholesome Auto Quest poi=QuestTurnIn combat=False
[10:47:22.100] [D] [Nav] Loaded 58 mesh tiles for one path query
[10:47:22.100] [D] [Pulse] Slow bot root: 1207ms bot=Wholesome Auto Quest poi=QuestTurnIn combat=False
[10:47:22.626] [D] [QuestLog] Loaded 79 completed quests from Lua fallback
[10:47:23.863] [D] [Nav] Loaded 21 mesh tiles for one path query
[10:47:24.516] [D] [Nav] Loaded 56 mesh tiles for one path query
[10:47:24.516] [D] [Nav] MoveTo failed: map=1 from=(-5478.87, -2393.74, 56.96) to=(-5454.95, -2442.79, 90.02) result=Failed pathCount=2 pathIndex=2 partial=True
[10:47:24.516] [D] [Pulse] Slow bot root: 1224ms bot=Wholesome Auto Quest poi=QuestTurnIn combat=False
[10:47:25.917] [D] [Nav] Loaded 53 mesh tiles for one path query
[10:47:26.622] [D] [Nav] Loaded 83 mesh tiles for one path query
[10:47:26.622] [D] [Pulse] Slow bot root: 1330ms bot=Wholesome Auto Quest poi=QuestTurnIn combat=False
[10:47:26.931] [D] [Pulse] Slow plugin: name=AutoEquip2 elapsed=299ms
[10:47:26.998] [D] [Pulse] Slow plugin: name=Tidy Bags 3 Reloaded elapsed=65ms
[10:47:26.998] [D] [Pulse] Slow shared pulse: total=375ms movement=0 objects=0 lua=0 info=0 loot=1 targeting=7 events=0 plugins=366 routine=0
[10:47:28.342] [D] [Nav] Loaded 71 mesh tiles for one path query
[10:47:28.902] [D] [Pulse] Slow bot root: 1235ms bot=Wholesome Auto Quest poi=QuestTurnIn combat=False
[10:47:30.203] [D] [Nav] MoveTo failed: map=1 from=(-5478.87, -2393.74, 56.96) to=(-5454.95, -2442.79, 90.02) result=Failed pathCount=2 pathIndex=2 partial=True
[10:47:30.203] [D] [Pulse] Slow bot root: 529ms bot=Wholesome Auto Quest poi=QuestTurnIn combat=False
[10:47:32.076] [D] [Pulse] Slow bot root: 1070ms bot=Wholesome Auto Quest poi=QuestTurnIn combat=False
[10:47:33.374] [D] [Pulse] Slow bot root: 531ms bot=Wholesome Auto Quest poi=QuestTurnIn combat=False
[10:47:35.227] [D] [Nav] MoveTo failed: map=1 from=(-5478.87, -2393.74, 56.96) to=(-5454.95, -2442.79, 90.02) result=Failed pathCount=2 pathIndex=2 partial=True
[10:47:35.227] [D] [Pulse] Slow bot root: 1088ms bot=Wholesome Auto Quest poi=QuestTurnIn combat=False
[10:47:36.539] [D] [Pulse] Slow bot root: 536ms bot=Wholesome Auto Quest poi=QuestTurnIn combat=False
[10:47:38.377] [D] [Pulse] Slow bot root: 1071ms bot=Wholesome Auto Quest poi=QuestTurnIn combat=False
[10:47:38.705] [D] [Pulse] Slow plugin: name=AutoEquip2 elapsed=293ms
[10:47:38.771] [D] [Pulse] Slow plugin: name=Tidy Bags 3 Reloaded elapsed=64ms
[10:47:38.772] [D] [Pulse] Slow shared pulse: total=394ms movement=0 objects=0 lua=0 info=0 loot=1 targeting=32 events=0 plugins=359 routine=0
[10:47:40.525] [D] [Nav] MoveTo failed: map=1 from=(-5478.87, -2393.74, 56.96) to=(-5454.95, -2442.79, 90.02) result=Failed pathCount=2 pathIndex=2 partial=True
[10:47:40.525] [D] [Pulse] Slow bot root: 1085ms bot=Wholesome Auto Quest poi=QuestTurnIn combat=False
[10:47:41.878] [D] [Pulse] Slow bot root: 566ms bot=Wholesome Auto Quest poi=QuestTurnIn combat=False
[10:47:43.759] [D] [Pulse] Slow bot root: 1111ms bot=Wholesome Auto Quest poi=QuestTurnIn combat=False
[10:47:45.124] [D] [Pulse] Slow bot root: 567ms bot=Wholesome Auto Quest poi=QuestTurnIn combat=False
[10:47:46.985] [D] [Nav] MoveTo failed: map=1 from=(-5478.87, -2393.74, 56.96) to=(-5454.95, -2442.79, 90.02) result=Failed pathCount=2 pathIndex=2 partial=True
[10:47:46.985] [D] [Pulse] Slow bot root: 1090ms bot=Wholesome Auto Quest poi=QuestTurnIn combat=False
[10:47:48.334] [D] [Pulse] Slow bot root: 570ms bot=Wholesome Auto Quest poi=QuestTurnIn combat=False
[10:47:50.208] [D] [Pulse] Slow bot root: 1101ms bot=Wholesome Auto Quest poi=QuestTurnIn combat=False
[10:47:50.518] [D] [Pulse] Slow plugin: name=AutoEquip2 elapsed=296ms
[10:47:50.584] [D] [Pulse] Slow plugin: name=Tidy Bags 3 Reloaded elapsed=65ms
[10:47:50.585] [D] [Pulse] Slow shared pulse: total=377ms movement=0 objects=0 lua=0 info=0 loot=1 targeting=11 events=0 plugins=362 routine=0
[10:47:52.326] [D] [Nav] MoveTo failed: map=1 from=(-5478.87, -2393.74, 56.96) to=(-5454.95, -2442.79, 90.02) result=Failed pathCount=2 pathIndex=2 partial=True
[10:47:52.326] [D] [Pulse] Slow bot root: 1068ms bot=Wholesome Auto Quest poi=QuestTurnIn combat=False
[10:47:53.639] [D] [Pulse] Slow bot root: 536ms bot=Wholesome Auto Quest poi=QuestTurnIn combat=False
[10:47:55.475] [D] [Pulse] Slow bot root: 1063ms bot=Wholesome Auto Quest poi=QuestTurnIn combat=False
[10:47:56.749] [D] [Pulse] Slow bot root: 532ms bot=Wholesome Auto Quest poi=QuestTurnIn combat=False
[10:47:58.566] [D] [Nav] MoveTo failed: map=1 from=(-5478.87, -2393.74, 56.96) to=(-5454.95, -2442.79, 90.02) result=Failed pathCount=2 pathIndex=2 partial=True
[10:47:58.566] [D] [Pulse] Slow bot root: 1053ms bot=Wholesome Auto Quest poi=QuestTurnIn combat=False
[10:47:59.875] [D] [Pulse] Slow bot root: 532ms bot=Wholesome Auto Quest poi=QuestTurnIn combat=False
[10:48:01.710] [D] [Pulse] Slow bot root: 1064ms bot=Wholesome Auto Quest poi=QuestTurnIn combat=False
[10:48:02.016] [D] [Pulse] Slow plugin: name=AutoEquip2 elapsed=295ms
[10:48:02.081] [D] [Pulse] Slow plugin: name=Tidy Bags 3 Reloaded elapsed=63ms
[10:48:02.081] [D] [Pulse] Slow shared pulse: total=371ms movement=0 objects=0 lua=0 info=0 loot=1 targeting=9 events=0 plugins=360 routine=0
[10:48:03.862] [D] [Nav] MoveTo failed: map=1 from=(-5478.87, -2393.74, 56.96) to=(-5454.95, -2442.79, 90.02) result=Failed pathCount=2 pathIndex=2 partial=True
[10:48:03.862] [D] [Pulse] Slow bot root: 1111ms bot=Wholesome Auto Quest poi=QuestTurnIn combat=False
[10:48:05.221] [D] [Pulse] Slow bot root: 567ms bot=Wholesome Auto Quest poi=QuestTurnIn combat=False
[10:48:07.069] [D] [Pulse] Slow bot root: 1079ms bot=Wholesome Auto Quest poi=QuestTurnIn combat=False
[10:48:08.401] [D] [Pulse] Slow bot root: 567ms bot=Wholesome Auto Quest poi=QuestTurnIn combat=False
[10:48:10.293] [D] [Nav] MoveTo failed: map=1 from=(-5478.87, -2393.74, 56.96) to=(-5454.95, -2442.79, 90.02) result=Failed pathCount=2 pathIndex=2 partial=True
[10:48:10.293] [D] [Pulse] Slow bot root: 1121ms bot=Wholesome Auto Quest poi=QuestTurnIn combat=False
[10:48:11.645] [D] [Pulse] Slow bot root: 569ms bot=Wholesome Auto Quest poi=QuestTurnIn combat=False
[10:48:13.524] [D] [Pulse] Slow bot root: 1109ms bot=Wholesome Auto Quest poi=QuestTurnIn combat=False
[10:48:13.852] [D] [Pulse] Slow plugin: name=AutoEquip2 elapsed=296ms
[10:48:13.918] [D] [Pulse] Slow plugin: name=Tidy Bags 3 Reloaded elapsed=63ms
[10:48:13.918] [D] [Pulse] Slow shared pulse: total=393ms movement=0 objects=0 lua=0 info=0 loot=1 targeting=29 events=0 plugins=362 routine=0
[10:48:15.705] [D] [Nav] MoveTo failed: map=1 from=(-5478.87, -2393.74, 56.96) to=(-5454.95, -2442.79, 90.02) result=Failed pathCount=2 pathIndex=2 partial=True
[10:48:15.705] [D] [Pulse] Slow bot root: 1087ms bot=Wholesome Auto Quest poi=QuestTurnIn combat=False
[10:48:17.019] [D] [Pulse] Slow bot root: 532ms bot=Wholesome Auto Quest poi=QuestTurnIn combat=False
[10:48:18.381] [D] [Nav] Loaded 40 mesh tiles for one path query
[10:48:18.919] [D] [Pulse] Slow bot root: 1129ms bot=Wholesome Auto Quest poi=QuestTurnIn combat=False
[10:48:20.205] [D] [Nav] Loaded 9 mesh tiles for one path query
[10:48:20.219] [D] [Pulse] Slow bot root: 563ms bot=Wholesome Auto Quest poi=QuestTurnIn combat=False
[10:48:22.109] [D] [Nav] Loaded 21 mesh tiles for one path query
[10:48:22.109] [D] [Nav] MoveTo failed: map=1 from=(-5478.87, -2393.74, 56.96) to=(-5454.95, -2442.79, 90.02) result=Failed pathCount=2 pathIndex=2 partial=True
[10:48:22.109] [D] [Pulse] Slow bot root: 1116ms bot=Wholesome Auto Quest poi=QuestTurnIn combat=False
[10:48:23.506] [D] [Nav] Loaded 37 mesh tiles for one path query
[10:48:24.126] [D] [Nav] Loaded 21 mesh tiles for one path query
[10:48:24.126] [D] [Pulse] Slow bot root: 1225ms bot=Wholesome Auto Quest poi=QuestTurnIn combat=False
[10:48:24.438] [D] [Pulse] Slow plugin: name=AutoEquip2 elapsed=294ms
[10:48:24.504] [D] [Pulse] Slow plugin: name=Tidy Bags 3 Reloaded elapsed=64ms
[10:48:24.504] [D] [Pulse] Slow shared pulse: total=378ms movement=0 objects=0 lua=0 info=0 loot=1 targeting=16 events=0 plugins=360 routine=0
[10:48:24.971] [D] [QuestLog] Loaded 79 completed quests from Lua fallback
[10:48:26.364] [D] [Nav] Loaded 109 mesh tiles for one path query
[10:48:27.067] [D] [Nav] Loaded 83 mesh tiles for one path query
[10:48:27.067] [D] [Pulse] Slow bot root: 1430ms bot=Wholesome Auto Quest poi=QuestTurnIn combat=False
[10:48:28.344] [D] [Nav] MoveTo failed: map=1 from=(-5478.87, -2393.74, 56.96) to=(-5454.95, -2442.79, 90.02) result=Failed pathCount=2 pathIndex=2 partial=True
[10:48:28.344] [D] [Pulse] Slow bot root: 534ms bot=Wholesome Auto Quest poi=QuestTurnIn combat=False
[10:48:29.817] [D] [Nav] Loaded 71 mesh tiles for one path query
[10:48:30.390] [D] [Pulse] Slow bot root: 1248ms bot=Wholesome Auto Quest poi=QuestTurnIn combat=False
[10:48:31.717] [D] [Pulse] Slow bot root: 563ms bot=Wholesome Auto Quest poi=QuestTurnIn combat=False
[10:48:33.563] [D] [Nav] MoveTo failed: map=1 from=(-5478.87, -2393.74, 56.96) to=(-5454.95, -2442.79, 90.02) result=Failed pathCount=2 pathIndex=2 partial=True
[10:48:33.563] [D] [Pulse] Slow bot root: 1080ms bot=Wholesome Auto Quest poi=QuestTurnIn combat=False
[10:48:34.919] [D] [Pulse] Slow bot root: 567ms bot=Wholesome Auto Quest poi=QuestTurnIn combat=False
[10:48:35.252] [D] [Pulse] Slow plugin: name=AutoEquip2 elapsed=294ms
[10:48:35.317] [D] [Pulse] Slow plugin: name=Tidy Bags 3 Reloaded elapsed=64ms
[10:48:35.317] [D] [Pulse] Slow shared pulse: total=398ms movement=0 objects=0 lua=0 info=0 loot=1 targeting=36 events=0 plugins=359 routine=0
[10:48:37.076] [D] [Pulse] Slow bot root: 1089ms bot=Wholesome Auto Quest poi=QuestTurnIn combat=False
[10:48:38.396] [D] [Pulse] Slow bot root: 571ms bot=Wholesome Auto Quest poi=QuestTurnIn combat=False
[10:48:40.262] [D] [Nav] MoveTo failed: map=1 from=(-5478.87, -2393.74, 56.96) to=(-5454.95, -2442.79, 90.02) result=Failed pathCount=2 pathIndex=2 partial=True
[10:48:40.262] [D] [Pulse] Slow bot root: 1099ms bot=Wholesome Auto Quest poi=QuestTurnIn combat=False
[10:48:41.575] [D] [Pulse] Slow bot root: 535ms bot=Wholesome Auto Quest poi=QuestTurnIn combat=False
[10:48:43.442] [D] [Pulse] Slow bot root: 1096ms bot=Wholesome Auto Quest poi=QuestTurnIn combat=False
[10:48:44.751] [D] [Pulse] Slow bot root: 567ms bot=Wholesome Auto Quest poi=QuestTurnIn combat=False
[10:48:46.647] [D] [Nav] MoveTo failed: map=1 from=(-5478.87, -2393.74, 56.96) to=(-5454.95, -2442.79, 90.02) result=Failed pathCount=2 pathIndex=2 partial=True
[10:48:46.647] [D] [Pulse] Slow bot root: 1092ms bot=Wholesome Auto Quest poi=QuestTurnIn combat=False
[10:48:46.983] [D] [Pulse] Slow plugin: name=AutoEquip2 elapsed=297ms
[10:48:47.050] [D] [Pulse] Slow plugin: name=Tidy Bags 3 Reloaded elapsed=64ms
[10:48:47.050] [D] [Pulse] Slow shared pulse: total=402ms movement=0 objects=0 lua=1 info=0 loot=1 targeting=36 events=0 plugins=363 routine=0
[10:48:48.809] [D] [Pulse] Slow bot root: 1095ms bot=Wholesome Auto Quest poi=QuestTurnIn combat=False
[10:48:50.085] [D] [Pulse] Slow bot root: 529ms bot=Wholesome Auto Quest poi=QuestTurnIn combat=False
[10:48:51.912] [D] [Nav] MoveTo failed: map=1 from=(-5478.87, -2393.74, 56.96) to=(-5454.95, -2442.79, 90.02) result=Failed pathCount=2 pathIndex=2 partial=True
[10:48:51.913] [D] [Pulse] Slow bot root: 1058ms bot=Wholesome Auto Quest poi=QuestTurnIn combat=False
[10:48:53.226] [D] [Pulse] Slow bot root: 537ms bot=Wholesome Auto Quest poi=QuestTurnIn combat=False
[10:48:55.058] [D] [Pulse] Slow bot root: 1060ms bot=Wholesome Auto Quest poi=QuestTurnIn combat=False
[10:48:56.336] [D] [Pulse] Slow bot root: 539ms bot=Wholesome Auto Quest poi=QuestTurnIn combat=False
[10:48:58.179] [D] [Nav] MoveTo failed: map=1 from=(-5478.87, -2393.74, 56.96) to=(-5454.95, -2442.79, 90.02) result=Failed pathCount=2 pathIndex=2 partial=True
[10:48:58.179] [D] [Pulse] Slow bot root: 1071ms bot=Wholesome Auto Quest poi=QuestTurnIn combat=False
[10:48:58.521] [D] [Pulse] Slow plugin: name=AutoEquip2 elapsed=298ms
[10:48:58.586] [D] [Pulse] Slow plugin: name=Tidy Bags 3 Reloaded elapsed=64ms
[10:48:58.587] [D] [Pulse] Slow shared pulse: total=407ms movement=0 objects=0 lua=4 info=0 loot=1 targeting=37 events=0 plugins=363 routine=0
[10:49:00.333] [D] [Pulse] Slow bot root: 1077ms bot=Wholesome Auto Quest poi=QuestTurnIn combat=False
[10:49:01.661] [D] [Pulse] Slow bot root: 574ms bot=Wholesome Auto Quest poi=QuestTurnIn combat=False
[10:49:03.529] [D] [Nav] MoveTo failed: map=1 from=(-5478.87, -2393.74, 56.96) to=(-5454.95, -2442.79, 90.02) result=Failed pathCount=2 pathIndex=2 partial=True
[10:49:03.529] [D] [Pulse] Slow bot root: 1104ms bot=Wholesome Auto Quest poi=QuestTurnIn combat=False
[10:49:04.871] [D] [Pulse] Slow bot root: 570ms bot=Wholesome Auto Quest poi=QuestTurnIn combat=False
[10:49:06.745] [D] [Pulse] Slow bot root: 1106ms bot=Wholesome Auto Quest poi=QuestTurnIn combat=False
[10:49:08.050] [D] [Pulse] Slow bot root: 567ms bot=Wholesome Auto Quest poi=QuestTurnIn combat=False
[10:49:09.920] [D] [Nav] MoveTo failed: map=1 from=(-5478.87, -2393.74, 56.96) to=(-5454.95, -2442.79, 90.02) result=Failed pathCount=2 pathIndex=2 partial=True
[10:49:09.920] [D] [Pulse] Slow bot root: 1096ms bot=Wholesome Auto Quest poi=QuestTurnIn combat=False
[10:49:10.259] [D] [Pulse] Slow plugin: name=AutoEquip2 elapsed=294ms
[10:49:10.324] [D] [Pulse] Slow plugin: name=Tidy Bags 3 Reloaded elapsed=63ms
[10:49:10.324] [D] [Pulse] Slow shared pulse: total=404ms movement=0 objects=0 lua=6 info=0 loot=1 targeting=37 events=0 plugins=359 routine=0
[10:49:12.060] [D] [Pulse] Slow bot root: 1067ms bot=Wholesome Auto Quest poi=QuestTurnIn combat=False
[10:49:13.365] [D] [Pulse] Slow bot root: 569ms bot=Wholesome Auto Quest poi=QuestTurnIn combat=False
[10:49:15.189] [D] [Nav] MoveTo failed: map=1 from=(-5478.87, -2393.74, 56.96) to=(-5454.95, -2442.79, 90.02) result=Failed pathCount=2 pathIndex=2 partial=True
[10:49:15.189] [D] [Pulse] Slow bot root: 1057ms bot=Wholesome Auto Quest poi=QuestTurnIn combat=False
[10:49:16.574] [D] [Pulse] Slow bot root: 569ms bot=Wholesome Auto Quest poi=QuestTurnIn combat=False
[10:49:18.464] [D] [Nav] Loaded 40 mesh tiles for one path query
[10:49:18.465] [D] [Pulse] Slow bot root: 1122ms bot=Wholesome Auto Quest poi=QuestTurnIn combat=False
[10:49:19.793] [D] [Pulse] Slow bot root: 570ms bot=Wholesome Auto Quest poi=QuestTurnIn combat=False
[10:49:21.108] [D] [Nav] Loaded 9 mesh tiles for one path query
[10:49:21.665] [D] [Nav] MoveTo failed: map=1 from=(-5478.87, -2393.74, 56.96) to=(-5454.95, -2442.79, 90.02) result=Failed pathCount=2 pathIndex=2 partial=True
[10:49:21.665] [D] [Pulse] Slow bot root: 1104ms bot=Wholesome Auto Quest poi=QuestTurnIn combat=False
[10:49:22.032] [D] [Pulse] Slow plugin: name=AutoEquip2 elapsed=297ms
[10:49:22.098] [D] [Pulse] Slow plugin: name=Tidy Bags 3 Reloaded elapsed=65ms
[10:49:22.098] [D] [Pulse] Slow shared pulse: total=433ms movement=0 objects=0 lua=31 info=0 loot=1 targeting=36 events=0 plugins=364 routine=0
[10:49:23.352] [D] [Nav] Loaded 21 mesh tiles for one path query
[10:49:23.960] [D] [Nav] Loaded 37 mesh tiles for one path query
[10:49:23.960] [D] [Pulse] Slow bot root: 1195ms bot=Wholesome Auto Quest poi=QuestTurnIn combat=False
[10:49:25.307] [D] [Nav] Loaded 21 mesh tiles for one path query
[10:49:25.326] [D] [Pulse] Slow bot root: 600ms bot=Wholesome Auto Quest poi=QuestTurnIn combat=False
[10:49:25.896] [D] [QuestLog] Loaded 79 completed quests from Lua fallback
[10:49:27.321] [D] [Nav] Loaded 123 mesh tiles for one path query
[10:49:27.999] [D] [Nav] Loaded 69 mesh tiles for one path query
[10:49:27.999] [D] [Nav] MoveTo failed: map=1 from=(-5478.87, -2393.74, 56.96) to=(-5454.95, -2442.79, 90.02) result=Failed pathCount=2 pathIndex=2 partial=True
[10:49:27.999] [D] [Pulse] Slow bot root: 1432ms bot=Wholesome Auto Quest poi=QuestTurnIn combat=False
[10:49:29.306] [D] [Pulse] Slow bot root: 531ms bot=Wholesome Auto Quest poi=QuestTurnIn combat=False
[10:49:30.745] [D] [Nav] Loaded 71 mesh tiles for one path query
[10:49:31.290] [D] [Pulse] Slow bot root: 1216ms bot=Wholesome Auto Quest poi=QuestTurnIn combat=False
[10:49:32.579] [D] [Pulse] Slow bot root: 529ms bot=Wholesome Auto Quest poi=QuestTurnIn combat=False
[10:49:32.914] [D] [Pulse] Slow plugin: name=AutoEquip2 elapsed=296ms
[10:49:32.979] [D] [Pulse] Slow plugin: name=Tidy Bags 3 Reloaded elapsed=63ms
[10:49:32.979] [D] [Pulse] Slow shared pulse: total=400ms movement=0 objects=0 lua=0 info=0 loot=1 targeting=37 events=0 plugins=361 routine=0
[10:49:34.726] [D] [Nav] MoveTo failed: map=1 from=(-5478.87, -2393.74, 56.96) to=(-5454.95, -2442.79, 90.02) result=Failed pathCount=2 pathIndex=2 partial=True
[10:49:34.726] [D] [Pulse] Slow bot root: 1078ms bot=Wholesome Auto Quest poi=QuestTurnIn combat=False
[10:49:36.087] [D] [Pulse] Slow bot root: 563ms bot=Wholesome Auto Quest poi=QuestTurnIn combat=False
[10:49:37.957] [D] [Pulse] Slow bot root: 1100ms bot=Wholesome Auto Quest poi=QuestTurnIn combat=False
[10:49:39.299] [D] [Pulse] Slow bot root: 569ms bot=Wholesome Auto Quest poi=QuestTurnIn combat=False
[10:49:41.166] [D] [Nav] MoveTo failed: map=1 from=(-5478.87, -2393.74, 56.96) to=(-5454.95, -2442.79, 90.02) result=Failed pathCount=2 pathIndex=2 partial=True
[10:49:41.166] [D] [Pulse] Slow bot root: 1100ms bot=Wholesome Auto Quest poi=QuestTurnIn combat=False
[10:49:42.539] [D] [Pulse] Slow bot root: 572ms bot=Wholesome Auto Quest poi=QuestTurnIn combat=False
[10:49:44.402] [D] [Pulse] Slow bot root: 1092ms bot=Wholesome Auto Quest poi=QuestTurnIn combat=False
[10:49:44.713] [D] [Pulse] Slow plugin: name=AutoEquip2 elapsed=297ms
[10:49:44.778] [D] [Pulse] Slow plugin: name=Tidy Bags 3 Reloaded elapsed=64ms
[10:49:44.779] [D] [Pulse] Slow shared pulse: total=376ms movement=0 objects=0 lua=0 info=0 loot=1 targeting=12 events=0 plugins=363 routine=0
[10:49:46.509] [D] [Nav] MoveTo failed: map=1 from=(-5478.87, -2393.74, 56.96) to=(-5454.95, -2442.79, 90.02) result=Failed pathCount=2 pathIndex=2 partial=True
[10:49:46.509] [D] [Pulse] Slow bot root: 1059ms bot=Wholesome Auto Quest poi=QuestTurnIn combat=False
[10:49:47.854] [D] [Pulse] Slow bot root: 534ms bot=Wholesome Auto Quest poi=QuestTurnIn combat=False
[10:49:49.690] [D] [Pulse] Slow bot root: 1069ms bot=Wholesome Auto Quest poi=QuestTurnIn combat=False
[10:49:50.994] [D] [Pulse] Slow bot root: 532ms bot=Wholesome Auto Quest poi=QuestTurnIn combat=False
[10:49:52.825] [D] [Nav] MoveTo failed: map=1 from=(-5478.87, -2393.74, 56.96) to=(-5454.95, -2442.79, 90.02) result=Failed pathCount=2 pathIndex=2 partial=True
[10:49:52.825] [D] [Pulse] Slow bot root: 1065ms bot=Wholesome Auto Quest poi=QuestTurnIn combat=False
[10:49:54.133] [D] [Pulse] Slow bot root: 533ms bot=Wholesome Auto Quest poi=QuestTurnIn combat=False
[10:49:55.973] [D] [Pulse] Slow bot root: 1067ms bot=Wholesome Auto Quest poi=QuestTurnIn combat=False
[10:49:56.279] [D] [Pulse] Slow plugin: name=AutoEquip2 elapsed=295ms
[10:49:56.344] [D] [Pulse] Slow plugin: name=Tidy Bags 3 Reloaded elapsed=63ms
[10:49:56.344] [D] [Pulse] Slow shared pulse: total=371ms movement=0 objects=0 lua=0 info=0 loot=1 targeting=8 events=0 plugins=360 routine=0
[10:49:58.127] [D] [Nav] MoveTo failed: map=1 from=(-5478.87, -2393.74, 56.96) to=(-5454.95, -2442.79, 90.02) result=Failed pathCount=2 pathIndex=2 partial=True
[10:49:58.127] [D] [Pulse] Slow bot root: 1116ms bot=Wholesome Auto Quest poi=QuestTurnIn combat=False
[10:49:59.515] [D] [Pulse] Slow bot root: 603ms bot=Wholesome Auto Quest poi=QuestTurnIn combat=False
[10:50:01.370] [D] [Pulse] Slow bot root: 1082ms bot=Wholesome Auto Quest poi=QuestTurnIn combat=False
[10:50:02.699] [D] [Pulse] Slow bot root: 569ms bot=Wholesome Auto Quest poi=QuestTurnIn combat=False
[10:50:04.584] [D] [Nav] MoveTo failed: map=1 from=(-5478.87, -2393.74, 56.96) to=(-5454.95, -2442.79, 90.02) result=Failed pathCount=2 pathIndex=2 partial=True
[10:50:04.584] [D] [Pulse] Slow bot root: 1115ms bot=Wholesome Auto Quest poi=QuestTurnIn combat=False
[10:50:05.956] [D] [Pulse] Slow bot root: 572ms bot=Wholesome Auto Quest poi=QuestTurnIn combat=False
[10:50:06.291] [D] [Pulse] Slow plugin: name=AutoEquip2 elapsed=295ms
[10:50:06.358] [D] [Pulse] Slow plugin: name=Tidy Bags 3 Reloaded elapsed=65ms
[10:50:06.358] [D] [Pulse] Slow shared pulse: total=401ms movement=0 objects=0 lua=0 info=0 loot=1 targeting=37 events=0 plugins=362 routine=0
[10:50:08.138] [D] [Pulse] Slow bot root: 1109ms bot=Wholesome Auto Quest poi=QuestTurnIn combat=False
[10:50:09.439] [D] [Pulse] Slow bot root: 532ms bot=Wholesome Auto Quest poi=QuestTurnIn combat=False
[10:50:11.302] [D] [Nav] MoveTo failed: map=1 from=(-5478.87, -2393.74, 56.96) to=(-5454.95, -2442.79, 90.02) result=Failed pathCount=2 pathIndex=2 partial=True
[10:50:11.302] [D] [Pulse] Slow bot root: 1095ms bot=Wholesome Auto Quest poi=QuestTurnIn combat=False
[10:50:12.651] [D] [Pulse] Slow bot root: 571ms bot=Wholesome Auto Quest poi=QuestTurnIn combat=False
[10:50:14.517] [D] [Pulse] Slow bot root: 1095ms bot=Wholesome Auto Quest poi=QuestTurnIn combat=False
[10:50:15.726] [N] Blacklisting Nyse for 5 minutes because we can't navigate to it.
[10:50:15.726] [D] Blacklisting F1300010DD0B9A95 for 00:05:00
[10:50:16.687] [D] [Nav] MoveTo failed: map=1 from=(-5478.87, -2393.74, 56.96) to=(-5454.95, -2442.79, 90.02) result=Failed pathCount=2 pathIndex=2 partial=True
[10:50:16.687] [D] [Pulse] Slow bot root: 1428ms bot=Wholesome Auto Quest poi=QuestTurnIn combat=False
[10:50:17.030] [D] [Pulse] Slow plugin: name=AutoEquip2 elapsed=295ms
[10:50:17.097] [D] [Pulse] Slow plugin: name=Tidy Bags 3 Reloaded elapsed=65ms
[10:50:17.097] [D] [Pulse] Slow shared pulse: total=410ms movement=0 objects=0 lua=7 info=0 loot=1 targeting=38 events=0 plugins=362 routine=0
[10:50:19.016] [D] [Nav] Loaded 40 mesh tiles for one path query
[10:50:19.016] [D] [Pulse] Slow bot root: 1219ms bot=Wholesome Auto Quest poi=QuestTurnIn combat=False
[10:50:20.334] [D] [Pulse] Slow bot root: 568ms bot=Wholesome Auto Quest poi=QuestTurnIn combat=False
[10:50:21.678] [D] [Nav] Loaded 9 mesh tiles for one path query
[10:50:22.232] [D] [Nav] MoveTo failed: map=1 from=(-5478.87, -2393.74, 56.96) to=(-5454.95, -2442.79, 90.02) result=Failed pathCount=2 pathIndex=2 partial=True
[10:50:22.232] [D] [Pulse] Slow bot root: 1129ms bot=Wholesome Auto Quest poi=QuestTurnIn combat=False
[10:50:23.585] [D] [Nav] Loaded 21 mesh tiles for one path query
[10:50:23.609] [D] [Pulse] Slow bot root: 602ms bot=Wholesome Auto Quest poi=QuestTurnIn combat=False
[10:50:25.009] [D] [Nav] Loaded 37 mesh tiles for one path query
[10:50:25.574] [D] [Nav] Loaded 21 mesh tiles for one path query
[10:50:25.574] [D] [Pulse] Slow bot root: 1197ms bot=Wholesome Auto Quest poi=QuestTurnIn combat=False
[10:50:26.856] [D] [Pulse] Slow bot root: 537ms bot=Wholesome Auto Quest poi=QuestTurnIn combat=False
[10:50:27.189] [D] [Pulse] Slow plugin: name=AutoEquip2 elapsed=294ms
[10:50:27.256] [D] [Pulse] Slow plugin: name=Tidy Bags 3 Reloaded elapsed=65ms
[10:50:27.256] [D] [Pulse] Slow shared pulse: total=399ms movement=0 objects=0 lua=0 info=0 loot=1 targeting=36 events=0 plugins=361 routine=0
[10:50:27.720] [D] [QuestLog] Loaded 79 completed quests from Lua fallback
[10:50:29.301] [D] [Nav] Loaded 192 mesh tiles for one path query
[10:50:29.851] [D] [Nav] MoveTo failed: map=1 from=(-5478.87, -2393.74, 56.96) to=(-5454.95, -2442.79, 90.02) result=Failed pathCount=2 pathIndex=2 partial=True
[10:50:29.851] [D] [Pulse] Slow bot root: 1466ms bot=Wholesome Auto Quest poi=QuestTurnIn combat=False
[10:50:31.308] [D] [Nav] Loaded 71 mesh tiles for one path query
[10:50:31.864] [D] [Pulse] Slow bot root: 1241ms bot=Wholesome Auto Quest poi=QuestTurnIn combat=False
[10:50:33.157] [D] [Pulse] Slow bot root: 534ms bot=Wholesome Auto Quest poi=QuestTurnIn combat=False
[10:50:35.062] [D] [Nav] MoveTo failed: map=1 from=(-5478.87, -2393.74, 56.96) to=(-5454.95, -2442.79, 90.02) result=Failed pathCount=2 pathIndex=2 partial=True
[10:50:35.062] [D] [Pulse] Slow bot root: 1101ms bot=Wholesome Auto Quest poi=QuestTurnIn combat=False
[10:50:36.332] [D] [Pulse] Slow bot root: 535ms bot=Wholesome Auto Quest poi=QuestTurnIn combat=False
[10:50:38.200] [D] [Pulse] Slow bot root: 1096ms bot=Wholesome Auto Quest poi=QuestTurnIn combat=False
[10:50:38.563] [D] [Pulse] Slow plugin: name=AutoEquip2 elapsed=296ms
[10:50:38.629] [D] [Pulse] Slow plugin: name=Tidy Bags 3 Reloaded elapsed=64ms
[10:50:38.629] [D] [Pulse] Slow shared pulse: total=429ms movement=0 objects=0 lua=29 info=0 loot=1 targeting=36 events=0 plugins=362 routine=0
[10:50:40.380] [D] [Nav] MoveTo failed: map=1 from=(-5478.87, -2393.74, 56.96) to=(-5454.95, -2442.79, 90.02) result=Failed pathCount=2 pathIndex=2 partial=True
[10:50:40.380] [D] [Pulse] Slow bot root: 1079ms bot=Wholesome Auto Quest poi=QuestTurnIn combat=False
[10:50:41.705] [D] [Pulse] Slow bot root: 567ms bot=Wholesome Auto Quest poi=QuestTurnIn combat=False
[10:50:43.593] [D] [Pulse] Slow bot root: 1117ms bot=Wholesome Auto Quest poi=QuestTurnIn combat=False
[10:50:44.946] [D] [Pulse] Slow bot root: 568ms bot=Wholesome Auto Quest poi=QuestTurnIn combat=False
[10:50:46.805] [D] [Nav] MoveTo failed: map=1 from=(-5478.87, -2393.74, 56.96) to=(-5454.95, -2442.79, 90.02) result=Failed pathCount=2 pathIndex=2 partial=True
[10:50:46.805] [D] [Pulse] Slow bot root: 1084ms bot=Wholesome Auto Quest poi=QuestTurnIn combat=False
[10:50:48.128] [D] [Pulse] Slow bot root: 568ms bot=Wholesome Auto Quest poi=QuestTurnIn combat=False
[10:50:50.044] [D] [Pulse] Slow bot root: 1113ms bot=Wholesome Auto Quest poi=QuestTurnIn combat=False
[10:50:50.399] [D] [Pulse] Slow plugin: name=AutoEquip2 elapsed=296ms
[10:50:50.464] [D] [Pulse] Slow plugin: name=Tidy Bags 3 Reloaded elapsed=63ms
[10:50:50.464] [D] [Pulse] Slow shared pulse: total=420ms movement=0 objects=0 lua=20 info=0 loot=1 targeting=37 events=0 plugins=361 routine=0
[10:50:52.230] [D] [Nav] MoveTo failed: map=1 from=(-5478.87, -2393.74, 56.96) to=(-5454.95, -2442.79, 90.02) result=Failed pathCount=2 pathIndex=2 partial=True
[10:50:52.230] [D] [Pulse] Slow bot root: 1095ms bot=Wholesome Auto Quest poi=QuestTurnIn combat=False
[10:50:53.538] [D] [Pulse] Slow bot root: 567ms bot=Wholesome Auto Quest poi=QuestTurnIn combat=False
[10:50:55.382] [D] [Pulse] Slow bot root: 1072ms bot=Wholesome Auto Quest poi=QuestTurnIn combat=False
[10:50:56.715] [D] [Pulse] Slow bot root: 529ms bot=Wholesome Auto Quest poi=QuestTurnIn combat=False
[10:50:58.582] [D] [Nav] MoveTo failed: map=1 from=(-5478.87, -2393.74, 56.96) to=(-5454.95, -2442.79, 90.02) result=Failed pathCount=2 pathIndex=2 partial=True
[10:50:58.582] [D] [Pulse] Slow bot root: 1090ms bot=Wholesome Auto Quest poi=QuestTurnIn combat=False
[10:50:59.914] [D] [Pulse] Slow bot root: 564ms bot=Wholesome Auto Quest poi=QuestTurnIn combat=False
[10:51:01.746] [D] [Pulse] Slow bot root: 1064ms bot=Wholesome Auto Quest poi=QuestTurnIn combat=False
[10:51:02.085] [D] [Pulse] Slow plugin: name=AutoEquip2 elapsed=298ms
[10:51:02.151] [D] [Pulse] Slow plugin: name=Tidy Bags 3 Reloaded elapsed=64ms
[10:51:02.151] [D] [Pulse] Slow shared pulse: total=405ms movement=0 objects=0 lua=2 info=0 loot=1 targeting=37 events=0 plugins=364 routine=0
[10:51:03.933] [D] [Nav] MoveTo failed: map=1 from=(-5478.87, -2393.74, 56.96) to=(-5454.95, -2442.79, 90.02) result=Failed pathCount=2 pathIndex=2 partial=True
[10:51:03.933] [D] [Pulse] Slow bot root: 1116ms bot=Wholesome Auto Quest poi=QuestTurnIn combat=False
[10:51:05.252] [D] [Pulse] Slow bot root: 564ms bot=Wholesome Auto Quest poi=QuestTurnIn combat=False
[10:51:07.143] [D] [Pulse] Slow bot root: 1123ms bot=Wholesome Auto Quest poi=QuestTurnIn combat=False
[10:51:08.491] [D] [Pulse] Slow bot root: 567ms bot=Wholesome Auto Quest poi=QuestTurnIn combat=False
[10:51:10.373] [D] [Nav] MoveTo failed: map=1 from=(-5478.87, -2393.74, 56.96) to=(-5454.95, -2442.79, 90.02) result=Failed pathCount=2 pathIndex=2 partial=True
[10:51:10.374] [D] [Pulse] Slow bot root: 1121ms bot=Wholesome Auto Quest poi=QuestTurnIn combat=False
[10:51:11.691] [D] [Pulse] Slow bot root: 570ms bot=Wholesome Auto Quest poi=QuestTurnIn combat=False
[10:51:13.571] [D] [Pulse] Slow bot root: 1110ms bot=Wholesome Auto Quest poi=QuestTurnIn combat=False
[10:51:13.930] [D] [Pulse] Slow plugin: name=AutoEquip2 elapsed=296ms
[10:51:13.995] [D] [Pulse] Slow plugin: name=Tidy Bags 3 Reloaded elapsed=64ms
[10:51:13.995] [D] [Pulse] Slow shared pulse: total=423ms movement=0 objects=0 lua=26 info=0 loot=1 targeting=34 events=0 plugins=361 routine=0
[10:51:15.754] [D] [Nav] MoveTo failed: map=1 from=(-5478.87, -2393.74, 56.96) to=(-5454.95, -2442.79, 90.02) result=Failed pathCount=2 pathIndex=2 partial=True
[10:51:15.754] [D] [Pulse] Slow bot root: 1090ms bot=Wholesome Auto Quest poi=QuestTurnIn combat=False
[10:51:17.067] [D] [Pulse] Slow bot root: 565ms bot=Wholesome Auto Quest poi=QuestTurnIn combat=False
[10:51:18.938] [D] [Pulse] Slow bot root: 1104ms bot=Wholesome Auto Quest poi=QuestTurnIn combat=False
[10:51:20.339] [D] [Nav] Loaded 40 mesh tiles for one path query
[10:51:20.341] [D] [Pulse] Slow bot root: 602ms bot=Wholesome Auto Quest poi=QuestTurnIn combat=False
[10:51:22.231] [D] [Nav] Loaded 9 mesh tiles for one path query
[10:51:22.231] [D] [Nav] MoveTo failed: map=1 from=(-5478.87, -2393.74, 56.96) to=(-5454.95, -2442.79, 90.02) result=Failed pathCount=2 pathIndex=2 partial=True
[10:51:22.231] [D] [Pulse] Slow bot root: 1118ms bot=Wholesome Auto Quest poi=QuestTurnIn combat=False
[10:51:23.547] [D] [Pulse] Slow bot root: 565ms bot=Wholesome Auto Quest poi=QuestTurnIn combat=False
[10:51:24.896] [D] [Nav] Loaded 21 mesh tiles for one path query
[10:51:25.527] [D] [Nav] Loaded 37 mesh tiles for one path query
[10:51:25.527] [D] [Pulse] Slow bot root: 1206ms bot=Wholesome Auto Quest poi=QuestTurnIn combat=False
[10:51:25.893] [D] [Pulse] Slow plugin: name=AutoEquip2 elapsed=299ms
[10:51:25.959] [D] [Pulse] Slow plugin: name=Tidy Bags 3 Reloaded elapsed=64ms
[10:51:25.959] [D] [Pulse] Slow shared pulse: total=432ms movement=0 objects=0 lua=29 info=0 loot=1 targeting=36 events=0 plugins=365 routine=0
[10:51:27.217] [D] [Nav] Loaded 21 mesh tiles for one path query
[10:51:27.786] [D] [Nav] MoveTo failed: map=1 from=(-5478.87, -2393.74, 56.96) to=(-5454.95, -2442.79, 90.02) result=Failed pathCount=2 pathIndex=2 partial=True
[10:51:27.786] [D] [Pulse] Slow bot root: 1156ms bot=Wholesome Auto Quest poi=QuestTurnIn combat=False
[10:51:28.340] [D] [QuestLog] Loaded 79 completed quests from Lua fallback
[10:51:29.885] [D] [Nav] Loaded 190 mesh tiles for one path query
[10:51:30.477] [D] [Nav] Loaded 2 mesh tiles for one path query
[10:51:30.477] [D] [Pulse] Slow bot root: 1466ms bot=Wholesome Auto Quest poi=QuestTurnIn combat=False
[10:51:31.902] [D] [Nav] Loaded 71 mesh tiles for one path query
[10:51:32.464] [D] [Pulse] Slow bot root: 1246ms bot=Wholesome Auto Quest poi=QuestTurnIn combat=False
[10:51:33.826] [D] [Nav] MoveTo failed: map=1 from=(-5478.87, -2393.74, 56.96) to=(-5454.95, -2442.79, 90.02) result=Failed pathCount=2 pathIndex=2 partial=True
[10:51:33.826] [D] [Pulse] Slow bot root: 569ms bot=Wholesome Auto Quest poi=QuestTurnIn combat=False
[10:51:35.696] [D] [Pulse] Slow bot root: 1102ms bot=Wholesome Auto Quest poi=QuestTurnIn combat=False
[10:51:36.040] [D] [Pulse] Slow plugin: name=AutoEquip2 elapsed=308ms
[10:51:36.093] [D] [Pulse] Slow plugin: name=Tidy Bags 3 Reloaded elapsed=51ms
[10:51:36.093] [D] [Pulse] Slow shared pulse: total=396ms movement=0 objects=0 lua=0 info=0 loot=1 targeting=33 events=0 plugins=361 routine=0
[10:51:37.860] [D] [Pulse] Slow bot root: 1099ms bot=Wholesome Auto Quest poi=QuestTurnIn combat=False
[10:51:39.177] [D] [Nav] MoveTo failed: map=1 from=(-5478.87, -2393.74, 56.96) to=(-5454.95, -2442.79, 90.02) result=Failed pathCount=2 pathIndex=2 partial=True
[10:51:39.177] [D] [Pulse] Slow bot root: 538ms bot=Wholesome Auto Quest poi=QuestTurnIn combat=False
[10:51:41.007] [D] [Pulse] Slow bot root: 1066ms bot=Wholesome Auto Quest poi=QuestTurnIn combat=False
[10:51:42.315] [D] [Pulse] Slow bot root: 568ms bot=Wholesome Auto Quest poi=QuestTurnIn combat=False
[10:51:44.155] [D] [Pulse] Slow bot root: 1069ms bot=Wholesome Auto Quest poi=QuestTurnIn combat=False
[10:51:45.457] [D] [Nav] MoveTo failed: map=1 from=(-5478.87, -2393.74, 56.96) to=(-5454.95, -2442.79, 90.02) result=Failed pathCount=2 pathIndex=2 partial=True
[10:51:45.457] [D] [Pulse] Slow bot root: 533ms bot=Wholesome Auto Quest poi=QuestTurnIn combat=False
[10:51:47.325] [D] [Pulse] Slow bot root: 1098ms bot=Wholesome Auto Quest poi=QuestTurnIn combat=False
[10:51:47.662] [D] [Pulse] Slow plugin: name=AutoEquip2 elapsed=299ms
[10:51:47.728] [D] [Pulse] Slow plugin: name=Tidy Bags 3 Reloaded elapsed=65ms
[10:51:47.729] [D] [Pulse] Slow shared pulse: total=403ms movement=0 objects=0 lua=0 info=0 loot=1 targeting=36 events=0 plugins=365 routine=0
[10:51:49.480] [D] [Pulse] Slow bot root: 1082ms bot=Wholesome Auto Quest poi=QuestTurnIn combat=False
[10:51:50.865] [D] [Nav] MoveTo failed: map=1 from=(-5478.87, -2393.74, 56.96) to=(-5454.95, -2442.79, 90.02) result=Failed pathCount=2 pathIndex=2 partial=True
[10:51:50.865] [D] [Pulse] Slow bot root: 566ms bot=Wholesome Auto Quest poi=QuestTurnIn combat=False
[10:51:52.760] [D] [Pulse] Slow bot root: 1123ms bot=Wholesome Auto Quest poi=QuestTurnIn combat=False
[10:51:54.083] [D] [Pulse] Slow bot root: 569ms bot=Wholesome Auto Quest poi=QuestTurnIn combat=False
[10:51:56.008] [D] [Nav] MoveTo failed: map=1 from=(-5478.87, -2393.74, 56.96) to=(-5454.95, -2442.79, 90.02) result=Failed pathCount=2 pathIndex=2 partial=True
[10:51:56.008] [D] [Pulse] Slow bot root: 1121ms bot=Wholesome Auto Quest poi=QuestTurnIn combat=False
[10:51:57.356] [D] [Pulse] Slow bot root: 565ms bot=Wholesome Auto Quest poi=QuestTurnIn combat=False
[10:51:57.688] [D] [Pulse] Slow plugin: name=AutoEquip2 elapsed=294ms
[10:51:57.753] [D] [Pulse] Slow plugin: name=Tidy Bags 3 Reloaded elapsed=63ms
[10:51:57.753] [D] [Pulse] Slow shared pulse: total=396ms movement=0 objects=0 lua=0 info=0 loot=1 targeting=36 events=0 plugins=359 routine=0
[10:51:59.523] [D] [Pulse] Slow bot root: 1103ms bot=Wholesome Auto Quest poi=QuestTurnIn combat=False
[10:52:00.863] [D] [Pulse] Slow bot root: 569ms bot=Wholesome Auto Quest poi=QuestTurnIn combat=False
[10:52:02.727] [D] [Nav] MoveTo failed: map=1 from=(-5478.87, -2393.74, 56.96) to=(-5454.95, -2442.79, 90.02) result=Failed pathCount=2 pathIndex=2 partial=True
[10:52:02.727] [D] [Pulse] Slow bot root: 1100ms bot=Wholesome Auto Quest poi=QuestTurnIn combat=False
[10:52:04.092] [D] [Pulse] Slow bot root: 565ms bot=Wholesome Auto Quest poi=QuestTurnIn combat=False
[10:52:05.967] [D] [Pulse] Slow bot root: 1103ms bot=Wholesome Auto Quest poi=QuestTurnIn combat=False
[10:52:07.294] [D] [Pulse] Slow bot root: 566ms bot=Wholesome Auto Quest poi=QuestTurnIn combat=False
[10:52:09.172] [D] [Nav] MoveTo failed: map=1 from=(-5478.87, -2393.74, 56.96) to=(-5454.95, -2442.79, 90.02) result=Failed pathCount=2 pathIndex=2 partial=True
[10:52:09.172] [D] [Pulse] Slow bot root: 1110ms bot=Wholesome Auto Quest poi=QuestTurnIn combat=False
[10:52:09.531] [D] [Pulse] Slow plugin: name=AutoEquip2 elapsed=296ms
[10:52:09.597] [D] [Pulse] Slow plugin: name=Tidy Bags 3 Reloaded elapsed=64ms
[10:52:09.597] [D] [Pulse] Slow shared pulse: total=425ms movement=0 objects=0 lua=23 info=0 loot=1 targeting=38 events=0 plugins=361 routine=0
[10:52:11.385] [D] [Pulse] Slow bot root: 1120ms bot=Wholesome Auto Quest poi=QuestTurnIn combat=False
[10:52:12.667] [D] [Pulse] Slow bot root: 538ms bot=Wholesome Auto Quest poi=QuestTurnIn combat=False
[10:52:14.514] [D] [Nav] MoveTo failed: map=1 from=(-5478.87, -2393.74, 56.96) to=(-5454.95, -2442.79, 90.02) result=Failed pathCount=2 pathIndex=2 partial=True
[10:52:14.514] [D] [Pulse] Slow bot root: 1081ms bot=Wholesome Auto Quest poi=QuestTurnIn combat=False
[10:52:15.831] [D] [Pulse] Slow bot root: 533ms bot=Wholesome Auto Quest poi=QuestTurnIn combat=False
[10:52:17.690] [D] [Pulse] Slow bot root: 1087ms bot=Wholesome Auto Quest poi=QuestTurnIn combat=False
[10:52:19.006] [D] [Pulse] Slow bot root: 568ms bot=Wholesome Auto Quest poi=QuestTurnIn combat=False
[10:52:20.329] [D] [Nav] Loaded 15 mesh tiles for one path query
[10:52:20.933] [D] [Nav] Loaded 25 mesh tiles for one path query
[10:52:20.933] [D] [Nav] MoveTo failed: map=1 from=(-5478.87, -2393.74, 56.96) to=(-5454.95, -2442.79, 90.02) result=Failed pathCount=2 pathIndex=2 partial=True
[10:52:20.933] [D] [Pulse] Slow bot root: 1161ms bot=Wholesome Auto Quest poi=QuestTurnIn combat=False
[10:52:21.286] [D] [Pulse] Slow plugin: name=AutoEquip2 elapsed=298ms
[10:52:21.353] [D] [Pulse] Slow plugin: name=Tidy Bags 3 Reloaded elapsed=65ms
[10:52:21.353] [D] [Pulse] Slow shared pulse: total=419ms movement=0 objects=0 lua=14 info=0 loot=1 targeting=38 events=0 plugins=365 routine=0
[10:52:22.642] [D] [Nav] Loaded 9 mesh tiles for one path query
[10:52:23.206] [D] [Pulse] Slow bot root: 1151ms bot=Wholesome Auto Quest poi=QuestTurnIn combat=False
[10:52:24.525] [D] [Pulse] Slow bot root: 566ms bot=Wholesome Auto Quest poi=QuestTurnIn combat=False
[10:52:25.969] [D] [Nav] Loaded 58 mesh tiles for one path query
[10:52:26.543] [D] [Nav] MoveTo failed: map=1 from=(-5478.87, -2393.74, 56.96) to=(-5454.95, -2442.79, 90.02) result=Failed pathCount=2 pathIndex=2 partial=True
[10:52:26.543] [D] [Pulse] Slow bot root: 1253ms bot=Wholesome Auto Quest poi=QuestTurnIn combat=False
[10:52:27.911] [D] [Nav] Loaded 21 mesh tiles for one path query
[10:52:27.931] [D] [Pulse] Slow bot root: 602ms bot=Wholesome Auto Quest poi=QuestTurnIn combat=False
[10:52:29.914] [D] [Nav] Loaded 69 mesh tiles for one path query
[10:52:29.914] [D] [Pulse] Slow bot root: 1211ms bot=Wholesome Auto Quest poi=QuestTurnIn combat=False
[10:52:30.451] [D] [QuestLog] Loaded 79 completed quests from Lua fallback
[10:52:31.925] [D] [Nav] Loaded 123 mesh tiles for one path query
[10:52:32.619] [D] [Nav] Loaded 71 mesh tiles for one path query
[10:52:32.619] [D] [Nav] MoveTo failed: map=1 from=(-5478.87, -2393.74, 56.96) to=(-5454.95, -2442.79, 90.02) result=Failed pathCount=2 pathIndex=2 partial=True
[10:52:32.619] [D] [Pulse] Slow bot root: 1499ms bot=Wholesome Auto Quest poi=QuestTurnIn combat=False
[10:52:32.955] [D] [Pulse] Slow plugin: name=AutoEquip2 elapsed=296ms
[10:52:33.020] [D] [Pulse] Slow plugin: name=Tidy Bags 3 Reloaded elapsed=62ms
[10:52:33.020] [D] [Pulse] Slow shared pulse: total=401ms movement=0 objects=0 lua=0 info=0 loot=1 targeting=37 events=0 plugins=361 routine=0
[10:52:34.792] [D] [Pulse] Slow bot root: 1103ms bot=Wholesome Auto Quest poi=QuestTurnIn combat=False
[10:52:36.125] [D] [Pulse] Slow bot root: 566ms bot=Wholesome Auto Quest poi=QuestTurnIn combat=False
[10:52:37.977] [D] [Nav] MoveTo failed: map=1 from=(-5478.87, -2393.74, 56.96) to=(-5454.95, -2442.79, 90.02) result=Failed pathCount=2 pathIndex=2 partial=True
[10:52:37.977] [D] [Pulse] Slow bot root: 1087ms bot=Wholesome Auto Quest poi=QuestTurnIn combat=False
[10:52:39.340] [D] [Pulse] Slow bot root: 563ms bot=Wholesome Auto Quest poi=QuestTurnIn combat=False
[10:52:41.242] [D] [Pulse] Slow bot root: 1127ms bot=Wholesome Auto Quest poi=QuestTurnIn combat=False
[10:52:42.523] [D] [Pulse] Slow bot root: 536ms bot=Wholesome Auto Quest poi=QuestTurnIn combat=False
[10:52:44.377] [D] [Nav] MoveTo failed: map=1 from=(-5478.87, -2393.74, 56.96) to=(-5454.95, -2442.79, 90.02) result=Failed pathCount=2 pathIndex=2 partial=True
[10:52:44.377] [D] [Pulse] Slow bot root: 1084ms bot=Wholesome Auto Quest poi=QuestTurnIn combat=False
[10:52:44.731] [D] [Pulse] Slow plugin: name=AutoEquip2 elapsed=294ms
[10:52:44.796] [D] [Pulse] Slow plugin: name=Tidy Bags 3 Reloaded elapsed=63ms
[10:52:44.796] [D] [Pulse] Slow shared pulse: total=418ms movement=0 objects=0 lua=21 info=0 loot=1 targeting=36 events=0 plugins=359 routine=0
[10:52:46.575] [D] [Pulse] Slow bot root: 1113ms bot=Wholesome Auto Quest poi=QuestTurnIn combat=False
[10:52:47.904] [D] [Pulse] Slow bot root: 569ms bot=Wholesome Auto Quest poi=QuestTurnIn combat=False
[10:52:49.768] [D] [Nav] MoveTo failed: map=1 from=(-5478.87, -2393.74, 56.96) to=(-5454.95, -2442.79, 90.02) result=Failed pathCount=2 pathIndex=2 partial=True
[10:52:49.768] [D] [Pulse] Slow bot root: 1095ms bot=Wholesome Auto Quest poi=QuestTurnIn combat=False
[10:52:51.109] [D] [Pulse] Slow bot root: 566ms bot=Wholesome Auto Quest poi=QuestTurnIn combat=False
[10:52:52.973] [D] [Pulse] Slow bot root: 1100ms bot=Wholesome Auto Quest poi=QuestTurnIn combat=False
[10:52:54.310] [D] [Pulse] Slow bot root: 536ms bot=Wholesome Auto Quest poi=QuestTurnIn combat=False
[10:52:56.167] [D] [Nav] MoveTo failed: map=1 from=(-5478.87, -2393.74, 56.96) to=(-5454.95, -2442.79, 90.02) result=Failed pathCount=2 pathIndex=2 partial=True
[10:52:56.167] [D] [Pulse] Slow bot root: 1092ms bot=Wholesome Auto Quest poi=QuestTurnIn combat=False
[10:52:56.538] [D] [Pulse] Slow plugin: name=AutoEquip2 elapsed=300ms
[10:52:56.605] [D] [Pulse] Slow plugin: name=Tidy Bags 3 Reloaded elapsed=65ms
[10:52:56.605] [D] [Pulse] Slow shared pulse: total=437ms movement=0 objects=0 lua=2 info=0 loot=1 targeting=66 events=0 plugins=366 routine=0
[10:52:58.353] [D] [Pulse] Slow bot root: 1078ms bot=Wholesome Auto Quest poi=QuestTurnIn combat=False
[10:52:59.649] [D] [Pulse] Slow bot root: 534ms bot=Wholesome Auto Quest poi=QuestTurnIn combat=False
[10:53:01.528] [D] [Nav] MoveTo failed: map=1 from=(-5478.87, -2393.74, 56.96) to=(-5454.95, -2442.79, 90.02) result=Failed pathCount=2 pathIndex=2 partial=True
[10:53:01.528] [D] [Pulse] Slow bot root: 1107ms bot=Wholesome Auto Quest poi=QuestTurnIn combat=False
[10:53:02.884] [D] [Pulse] Slow bot root: 566ms bot=Wholesome Auto Quest poi=QuestTurnIn combat=False
[10:53:04.731] [D] [Pulse] Slow bot root: 1081ms bot=Wholesome Auto Quest poi=QuestTurnIn combat=False
[10:53:06.025] [D] [Pulse] Slow bot root: 539ms bot=Wholesome Auto Quest poi=QuestTurnIn combat=False
[10:53:07.895] [D] [Nav] MoveTo failed: map=1 from=(-5478.87, -2393.74, 56.96) to=(-5454.95, -2442.79, 90.02) result=Failed pathCount=2 pathIndex=2 partial=True
[10:53:07.896] [D] [Pulse] Slow bot root: 1106ms bot=Wholesome Auto Quest poi=QuestTurnIn combat=False
[10:53:08.260] [D] [Pulse] Slow plugin: name=AutoEquip2 elapsed=294ms
[10:53:08.325] [D] [Pulse] Slow plugin: name=Tidy Bags 3 Reloaded elapsed=63ms
[10:53:08.325] [D] [Pulse] Slow shared pulse: total=429ms movement=0 objects=0 lua=31 info=0 loot=1 targeting=37 events=0 plugins=359 routine=0
[10:53:10.089] [D] [Pulse] Slow bot root: 1093ms bot=Wholesome Auto Quest poi=QuestTurnIn combat=False
[10:53:11.397] [D] [Pulse] Slow bot root: 569ms bot=Wholesome Auto Quest poi=QuestTurnIn combat=False
[10:53:13.274] [D] [Nav] MoveTo failed: map=1 from=(-5478.87, -2393.74, 56.96) to=(-5454.95, -2442.79, 90.02) result=Failed pathCount=2 pathIndex=2 partial=True
[10:53:13.274] [D] [Pulse] Slow bot root: 1107ms bot=Wholesome Auto Quest poi=QuestTurnIn combat=False
[10:53:14.640] [D] [Pulse] Slow bot root: 566ms bot=Wholesome Auto Quest poi=QuestTurnIn combat=False
[10:53:16.510] [D] [Pulse] Slow bot root: 1103ms bot=Wholesome Auto Quest poi=QuestTurnIn combat=False
[10:53:17.842] [D] [Pulse] Slow bot root: 567ms bot=Wholesome Auto Quest poi=QuestTurnIn combat=False
[10:53:19.752] [D] [Nav] MoveTo failed: map=1 from=(-5478.87, -2393.74, 56.96) to=(-5454.95, -2442.79, 90.02) result=Failed pathCount=2 pathIndex=2 partial=True
[10:53:19.752] [D] [Pulse] Slow bot root: 1140ms bot=Wholesome Auto Quest poi=QuestTurnIn combat=False
[10:53:20.118] [D] [Pulse] Slow plugin: name=AutoEquip2 elapsed=295ms
[10:53:20.184] [D] [Pulse] Slow plugin: name=Tidy Bags 3 Reloaded elapsed=64ms
[10:53:20.184] [D] [Pulse] Slow shared pulse: total=431ms movement=0 objects=0 lua=31 info=0 loot=1 targeting=37 events=0 plugins=360 routine=0
[10:53:21.442] [D] [Nav] Loaded 40 mesh tiles for one path query
[10:53:22.007] [D] [Pulse] Slow bot root: 1157ms bot=Wholesome Auto Quest poi=QuestTurnIn combat=False
[10:53:23.317] [D] [Nav] Loaded 9 mesh tiles for one path query
[10:53:23.327] [D] [Pulse] Slow bot root: 569ms bot=Wholesome Auto Quest poi=QuestTurnIn combat=False
[10:53:25.229] [D] [Nav] MoveTo failed: map=1 from=(-5478.87, -2393.74, 56.96) to=(-5454.95, -2442.79, 90.02) result=Failed pathCount=2 pathIndex=2 partial=True
[10:53:25.229] [D] [Pulse] Slow bot root: 1090ms bot=Wholesome Auto Quest poi=QuestTurnIn combat=False
[10:53:26.674] [D] [Nav] Loaded 58 mesh tiles for one path query
[10:53:27.234] [D] [Pulse] Slow bot root: 1225ms bot=Wholesome Auto Quest poi=QuestTurnIn combat=False
[10:53:28.587] [D] [Nav] Loaded 21 mesh tiles for one path query
[10:53:28.590] [D] [Pulse] Slow bot root: 602ms bot=Wholesome Auto Quest poi=QuestTurnIn combat=False
[10:53:29.911] [D] [Nav] Loaded 2 mesh tiles for one path query
[10:53:30.595] [D] [Nav] Loaded 67 mesh tiles for one path query
[10:53:30.595] [D] [Nav] MoveTo failed: map=1 from=(-5478.87, -2393.74, 56.96) to=(-5454.95, -2442.79, 90.02) result=Failed pathCount=2 pathIndex=2 partial=True
[10:53:30.595] [D] [Pulse] Slow bot root: 1232ms bot=Wholesome Auto Quest poi=QuestTurnIn combat=False
[10:53:30.944] [D] [Pulse] Slow plugin: name=AutoEquip2 elapsed=297ms
[10:53:31.011] [D] [Pulse] Slow plugin: name=Tidy Bags 3 Reloaded elapsed=65ms
[10:53:31.011] [D] [Pulse] Slow shared pulse: total=416ms movement=0 objects=0 lua=13 info=0 loot=1 targeting=36 events=0 plugins=365 routine=0
[10:53:31.444] [D] [QuestLog] Loaded 79 completed quests from Lua fallback
[10:53:32.882] [D] [Nav] Loaded 123 mesh tiles for one path query
[10:53:33.598] [D] [Nav] Loaded 71 mesh tiles for one path query
[10:53:33.598] [D] [Pulse] Slow bot root: 1487ms bot=Wholesome Auto Quest poi=QuestTurnIn combat=False
[10:53:35.455] [D] [Pulse] Slow bot root: 1101ms bot=Wholesome Auto Quest poi=QuestTurnIn combat=False
[10:53:36.763] [D] [Nav] MoveTo failed: map=1 from=(-5478.87, -2393.74, 56.96) to=(-5454.95, -2442.79, 90.02) result=Failed pathCount=2 pathIndex=2 partial=True
[10:53:36.763] [D] [Pulse] Slow bot root: 567ms bot=Wholesome Auto Quest poi=QuestTurnIn combat=False
[10:53:38.662] [D] [Pulse] Slow bot root: 1096ms bot=Wholesome Auto Quest poi=QuestTurnIn combat=False
[10:53:39.965] [D] [Pulse] Slow bot root: 535ms bot=Wholesome Auto Quest poi=QuestTurnIn combat=False
[10:53:41.831] [D] [Nav] MoveTo failed: map=1 from=(-5478.87, -2393.74, 56.96) to=(-5454.95, -2442.79, 90.02) result=Failed pathCount=2 pathIndex=2 partial=True
[10:53:41.831] [D] [Pulse] Slow bot root: 1100ms bot=Wholesome Auto Quest poi=QuestTurnIn combat=False
[10:53:42.166] [D] [Pulse] Slow plugin: name=AutoEquip2 elapsed=294ms
[10:53:42.231] [D] [Pulse] Slow plugin: name=Tidy Bags 3 Reloaded elapsed=63ms
[10:53:42.231] [D] [Pulse] Slow shared pulse: total=400ms movement=0 objects=0 lua=1 info=0 loot=1 targeting=37 events=0 plugins=359 routine=0
[10:53:43.959] [D] [Pulse] Slow bot root: 1064ms bot=Wholesome Auto Quest poi=QuestTurnIn combat=False
[10:53:45.294] [D] [Pulse] Slow bot root: 561ms bot=Wholesome Auto Quest poi=QuestTurnIn combat=False
[10:53:47.134] [D] [Nav] MoveTo failed: map=1 from=(-5478.87, -2393.74, 56.96) to=(-5454.95, -2442.79, 90.02) result=Failed pathCount=2 pathIndex=2 partial=True
[10:53:47.134] [D] [Pulse] Slow bot root: 1075ms bot=Wholesome Auto Quest poi=QuestTurnIn combat=False
[10:53:48.462] [D] [Pulse] Slow bot root: 531ms bot=Wholesome Auto Quest poi=QuestTurnIn combat=False
[10:53:50.337] [D] [Pulse] Slow bot root: 1105ms bot=Wholesome Auto Quest poi=QuestTurnIn combat=False
[10:53:51.667] [D] [Pulse] Slow bot root: 563ms bot=Wholesome Auto Quest poi=QuestTurnIn combat=False
[10:53:53.509] [D] [Nav] MoveTo failed: map=1 from=(-5478.87, -2393.74, 56.96) to=(-5454.95, -2442.79, 90.02) result=Failed pathCount=2 pathIndex=2 partial=True
[10:53:53.509] [D] [Pulse] Slow bot root: 1077ms bot=Wholesome Auto Quest poi=QuestTurnIn combat=False
[10:53:53.867] [D] [Pulse] Slow plugin: name=AutoEquip2 elapsed=296ms
[10:53:53.929] [D] [Pulse] Slow plugin: name=Tidy Bags 3 Reloaded elapsed=61ms
[10:53:53.929] [D] [Pulse] Slow shared pulse: total=420ms movement=0 objects=0 lua=22 info=0 loot=1 targeting=37 events=0 plugins=359 routine=0
[10:53:55.723] [D] [Pulse] Slow bot root: 1096ms bot=Wholesome Auto Quest poi=QuestTurnIn combat=False
[10:53:57.054] [D] [Pulse] Slow bot root: 563ms bot=Wholesome Auto Quest poi=QuestTurnIn combat=False
[10:53:58.921] [D] [Nav] MoveTo failed: map=1 from=(-5478.87, -2393.74, 56.96) to=(-5454.95, -2442.79, 90.02) result=Failed pathCount=2 pathIndex=2 partial=True
[10:53:58.921] [D] [Pulse] Slow bot root: 1098ms bot=Wholesome Auto Quest poi=QuestTurnIn combat=False
[10:54:00.252] [D] [Pulse] Slow bot root: 563ms bot=Wholesome Auto Quest poi=QuestTurnIn combat=False
[10:54:02.118] [D] [Pulse] Slow bot root: 1103ms bot=Wholesome Auto Quest poi=QuestTurnIn combat=False
[10:54:03.453] [D] [Pulse] Slow bot root: 568ms bot=Wholesome Auto Quest poi=QuestTurnIn combat=False
[10:54:05.314] [D] [Nav] MoveTo failed: map=1 from=(-5478.87, -2393.74, 56.96) to=(-5454.95, -2442.79, 90.02) result=Failed pathCount=2 pathIndex=2 partial=True
[10:54:05.314] [D] [Pulse] Slow bot root: 1095ms bot=Wholesome Auto Quest poi=QuestTurnIn combat=False
[10:54:05.650] [D] [Pulse] Slow plugin: name=AutoEquip2 elapsed=295ms
[10:54:05.716] [D] [Pulse] Slow plugin: name=Tidy Bags 3 Reloaded elapsed=64ms
[10:54:05.716] [D] [Pulse] Slow shared pulse: total=401ms movement=0 objects=0 lua=1 info=0 loot=1 targeting=36 events=0 plugins=361 routine=0
[10:54:07.450] [D] [Pulse] Slow bot root: 1068ms bot=Wholesome Auto Quest poi=QuestTurnIn combat=False
[10:54:08.779] [D] [Pulse] Slow bot root: 564ms bot=Wholesome Auto Quest poi=QuestTurnIn combat=False
[10:54:10.629] [D] [Nav] MoveTo failed: map=1 from=(-5478.87, -2393.74, 56.96) to=(-5454.95, -2442.79, 90.02) result=Failed pathCount=2 pathIndex=2 partial=True
[10:54:10.629] [D] [Pulse] Slow bot root: 1078ms bot=Wholesome Auto Quest poi=QuestTurnIn combat=False
[10:54:11.957] [D] [Pulse] Slow bot root: 536ms bot=Wholesome Auto Quest poi=QuestTurnIn combat=False
[10:54:13.834] [D] [Pulse] Slow bot root: 1107ms bot=Wholesome Auto Quest poi=QuestTurnIn combat=False
[10:54:15.131] [D] [Pulse] Slow bot root: 534ms bot=Wholesome Auto Quest poi=QuestTurnIn combat=False
[10:54:16.975] [D] [Nav] MoveTo failed: map=1 from=(-5478.87, -2393.74, 56.96) to=(-5454.95, -2442.79, 90.02) result=Failed pathCount=2 pathIndex=2 partial=True
[10:54:16.976] [D] [Pulse] Slow bot root: 1076ms bot=Wholesome Auto Quest poi=QuestTurnIn combat=False
[10:54:17.333] [D] [Pulse] Slow plugin: name=AutoEquip2 elapsed=295ms
[10:54:17.400] [D] [Pulse] Slow plugin: name=Tidy Bags 3 Reloaded elapsed=66ms
[10:54:17.400] [D] [Pulse] Slow shared pulse: total=424ms movement=0 objects=0 lua=23 info=0 loot=1 targeting=37 events=0 plugins=362 routine=0
[10:54:19.176] [D] [Pulse] Slow bot root: 1106ms bot=Wholesome Auto Quest poi=QuestTurnIn combat=False
[10:54:20.512] [D] [Pulse] Slow bot root: 566ms bot=Wholesome Auto Quest poi=QuestTurnIn combat=False
[10:54:21.897] [D] [Nav] Loaded 40 mesh tiles for one path query
[10:54:22.447] [D] [Nav] MoveTo failed: map=1 from=(-5478.87, -2393.74, 56.96) to=(-5454.95, -2442.79, 90.02) result=Failed pathCount=2 pathIndex=2 partial=True
[10:54:22.447] [D] [Pulse] Slow bot root: 1171ms bot=Wholesome Auto Quest poi=QuestTurnIn combat=False
[10:54:23.786] [D] [Nav] Loaded 9 mesh tiles for one path query
[10:54:23.819] [D] [Pulse] Slow bot root: 600ms bot=Wholesome Auto Quest poi=QuestTurnIn combat=False
[10:54:25.701] [D] [Pulse] Slow bot root: 1109ms bot=Wholesome Auto Quest poi=QuestTurnIn combat=False
[10:54:27.155] [D] [Nav] Loaded 58 mesh tiles for one path query
[10:54:27.699] [D] [Nav] MoveTo failed: map=1 from=(-5478.87, -2393.74, 56.96) to=(-5454.95, -2442.79, 90.02) result=Failed pathCount=2 pathIndex=2 partial=True
[10:54:27.699] [D] [Pulse] Slow bot root: 1203ms bot=Wholesome Auto Quest poi=QuestTurnIn combat=False
[10:54:28.040] [D] [Pulse] Slow plugin: name=AutoEquip2 elapsed=296ms
[10:54:28.105] [D] [Pulse] Slow plugin: name=Tidy Bags 3 Reloaded elapsed=63ms
[10:54:28.105] [D] [Pulse] Slow shared pulse: total=405ms movement=0 objects=0 lua=6 info=0 loot=1 targeting=36 events=0 plugins=360 routine=0
[10:54:29.360] [D] [Nav] Loaded 21 mesh tiles for one path query
[10:54:29.933] [D] [Pulse] Slow bot root: 1161ms bot=Wholesome Auto Quest poi=QuestTurnIn combat=False
[10:54:31.347] [D] [Nav] Loaded 69 mesh tiles for one path query
[10:54:31.353] [D] [Pulse] Slow bot root: 672ms bot=Wholesome Auto Quest poi=QuestTurnIn combat=False
[10:54:31.921] [D] [QuestLog] Loaded 79 completed quests from Lua fallback
[10:54:33.373] [D] [Nav] Loaded 121 mesh tiles for one path query
[10:54:34.063] [D] [Nav] Loaded 71 mesh tiles for one path query
[10:54:34.063] [D] [Nav] MoveTo failed: map=1 from=(-5478.87, -2393.74, 56.96) to=(-5454.95, -2442.79, 90.02) result=Failed pathCount=2 pathIndex=2 partial=True
[10:54:34.063] [D] [Pulse] Slow bot root: 1476ms bot=Wholesome Auto Quest poi=QuestTurnIn combat=False
[10:54:35.401] [D] [Nav] Loaded 2 mesh tiles for one path query
[10:54:35.984] [D] [Pulse] Slow bot root: 1122ms bot=Wholesome Auto Quest poi=QuestTurnIn combat=False
[10:54:37.279] [D] [Pulse] Slow bot root: 535ms bot=Wholesome Auto Quest poi=QuestTurnIn combat=False
[10:54:39.164] [D] [Nav] MoveTo failed: map=1 from=(-5478.87, -2393.74, 56.96) to=(-5454.95, -2442.79, 90.02) result=Failed pathCount=2 pathIndex=2 partial=True
[10:54:39.164] [D] [Pulse] Slow bot root: 1115ms bot=Wholesome Auto Quest poi=QuestTurnIn combat=False
[10:54:39.518] [D] [Pulse] Slow plugin: name=AutoEquip2 elapsed=296ms
[10:54:39.584] [D] [Pulse] Slow plugin: name=Tidy Bags 3 Reloaded elapsed=65ms
[10:54:39.585] [D] [Pulse] Slow shared pulse: total=420ms movement=0 objects=0 lua=18 info=0 loot=1 targeting=37 events=0 plugins=362 routine=0
[10:54:41.356] [D] [Pulse] Slow bot root: 1100ms bot=Wholesome Auto Quest poi=QuestTurnIn combat=False
[10:54:42.696] [D] [Pulse] Slow bot root: 568ms bot=Wholesome Auto Quest poi=QuestTurnIn combat=False
[10:54:44.572] [D] [Nav] MoveTo failed: map=1 from=(-5478.87, -2393.74, 56.96) to=(-5454.95, -2442.79, 90.02) result=Failed pathCount=2 pathIndex=2 partial=True
[10:54:44.572] [D] [Pulse] Slow bot root: 1109ms bot=Wholesome Auto Quest poi=QuestTurnIn combat=False
[10:54:45.928] [D] [Pulse] Slow bot root: 564ms bot=Wholesome Auto Quest poi=QuestTurnIn combat=False
[10:54:47.807] [D] [Pulse] Slow bot root: 1113ms bot=Wholesome Auto Quest poi=QuestTurnIn combat=False
[10:54:49.100] [D] [Pulse] Slow bot root: 535ms bot=Wholesome Auto Quest poi=QuestTurnIn combat=False
[10:54:50.970] [D] [Nav] MoveTo failed: map=1 from=(-5478.87, -2393.74, 56.96) to=(-5454.95, -2442.79, 90.02) result=Failed pathCount=2 pathIndex=2 partial=True
[10:54:50.970] [D] [Pulse] Slow bot root: 1102ms bot=Wholesome Auto Quest poi=QuestTurnIn combat=False
[10:54:51.337] [D] [Pulse] Slow plugin: name=AutoEquip2 elapsed=296ms
[10:54:51.402] [D] [Pulse] Slow plugin: name=Tidy Bags 3 Reloaded elapsed=64ms
[10:54:51.402] [D] [Pulse] Slow shared pulse: total=432ms movement=0 objects=0 lua=31 info=0 loot=1 targeting=37 events=0 plugins=362 routine=0
[10:54:53.218] [D] [Pulse] Slow bot root: 1147ms bot=Wholesome Auto Quest poi=QuestTurnIn combat=False
[10:54:54.538] [D] [Pulse] Slow bot root: 563ms bot=Wholesome Auto Quest poi=QuestTurnIn combat=False
[10:54:56.383] [D] [Nav] MoveTo failed: map=1 from=(-5478.87, -2393.74, 56.96) to=(-5454.95, -2442.79, 90.02) result=Failed pathCount=2 pathIndex=2 partial=True
[10:54:56.383] [D] [Pulse] Slow bot root: 1078ms bot=Wholesome Auto Quest poi=QuestTurnIn combat=False
[10:54:57.774] [D] [Pulse] Slow bot root: 564ms bot=Wholesome Auto Quest poi=QuestTurnIn combat=False
[10:54:59.621] [D] [Pulse] Slow bot root: 1080ms bot=Wholesome Auto Quest poi=QuestTurnIn combat=False
[10:55:00.918] [D] [Pulse] Slow bot root: 537ms bot=Wholesome Auto Quest poi=QuestTurnIn combat=False
[10:55:02.774] [D] [Nav] MoveTo failed: map=1 from=(-5478.87, -2393.74, 56.96) to=(-5454.95, -2442.79, 90.02) result=Failed pathCount=2 pathIndex=2 partial=True
[10:55:02.774] [D] [Pulse] Slow bot root: 1086ms bot=Wholesome Auto Quest poi=QuestTurnIn combat=False
[10:55:03.125] [D] [Pulse] Slow plugin: name=AutoEquip2 elapsed=296ms
[10:55:03.192] [D] [Pulse] Slow plugin: name=Tidy Bags 3 Reloaded elapsed=65ms
[10:55:03.192] [D] [Pulse] Slow shared pulse: total=417ms movement=0 objects=0 lua=15 info=0 loot=1 targeting=38 events=0 plugins=362 routine=0
[10:55:04.960] [D] [Pulse] Slow bot root: 1098ms bot=Wholesome Auto Quest poi=QuestTurnIn combat=False
[10:55:06.296] [D] [Pulse] Slow bot root: 564ms bot=Wholesome Auto Quest poi=QuestTurnIn combat=False
[10:55:08.170] [D] [Nav] MoveTo failed: map=1 from=(-5478.87, -2393.74, 56.96) to=(-5454.95, -2442.79, 90.02) result=Failed pathCount=2 pathIndex=2 partial=True
[10:55:08.170] [D] [Pulse] Slow bot root: 1103ms bot=Wholesome Auto Quest poi=QuestTurnIn combat=False
[10:55:09.534] [D] [Pulse] Slow bot root: 568ms bot=Wholesome Auto Quest poi=QuestTurnIn combat=False
[10:55:11.392] [D] [Pulse] Slow bot root: 1092ms bot=Wholesome Auto Quest poi=QuestTurnIn combat=False
[10:55:12.678] [D] [Pulse] Slow bot root: 533ms bot=Wholesome Auto Quest poi=QuestTurnIn combat=False
[10:55:14.549] [D] [Nav] MoveTo failed: map=1 from=(-5478.87, -2393.74, 56.96) to=(-5454.95, -2442.79, 90.02) result=Failed pathCount=2 pathIndex=2 partial=True
[10:55:14.549] [D] [Pulse] Slow bot root: 1100ms bot=Wholesome Auto Quest poi=QuestTurnIn combat=False
[10:55:14.893] [D] [Pulse] Slow plugin: name=AutoEquip2 elapsed=295ms
[10:55:14.959] [D] [Pulse] Slow plugin: name=Tidy Bags 3 Reloaded elapsed=64ms
[10:55:14.959] [D] [Pulse] Slow shared pulse: total=409ms movement=0 objects=0 lua=9 info=0 loot=1 targeting=37 events=0 plugins=361 routine=0
[10:55:16.085] [N] Blacklisting Nyse for 5 minutes because we can't navigate to it.
[10:55:16.085] [D] Blacklisting F1300010DD0B9A95 for 00:05:00
[10:55:17.042] [D] [Pulse] Slow bot root: 1414ms bot=Wholesome Auto Quest poi=QuestTurnIn combat=False
[10:55:18.368] [D] [Pulse] Slow bot root: 569ms bot=Wholesome Auto Quest poi=QuestTurnIn combat=False
[10:55:20.252] [D] [Nav] MoveTo failed: map=1 from=(-5478.87, -2393.74, 56.96) to=(-5454.95, -2442.79, 90.02) result=Failed pathCount=2 pathIndex=2 partial=True
[10:55:20.252] [D] [Pulse] Slow bot root: 1115ms bot=Wholesome Auto Quest poi=QuestTurnIn combat=False
[10:55:21.605] [D] [Pulse] Slow bot root: 566ms bot=Wholesome Auto Quest poi=QuestTurnIn combat=False
[10:55:22.972] [D] [Nav] Loaded 40 mesh tiles for one path query
[10:55:23.521] [D] [Pulse] Slow bot root: 1145ms bot=Wholesome Auto Quest poi=QuestTurnIn combat=False
[10:55:24.851] [D] [Nav] Loaded 9 mesh tiles for one path query
[10:55:24.880] [D] [Pulse] Slow bot root: 598ms bot=Wholesome Auto Quest poi=QuestTurnIn combat=False
[10:55:25.216] [D] [Pulse] Slow plugin: name=AutoEquip2 elapsed=296ms
[10:55:25.282] [D] [Pulse] Slow plugin: name=Tidy Bags 3 Reloaded elapsed=65ms
[10:55:25.282] [D] [Pulse] Slow shared pulse: total=402ms movement=0 objects=0 lua=0 info=0 loot=1 targeting=38 events=0 plugins=362 routine=0
[10:55:27.050] [D] [Nav] MoveTo failed: map=1 from=(-5478.87, -2393.74, 56.96) to=(-5454.95, -2442.79, 90.02) result=Failed pathCount=2 pathIndex=2 partial=True
[10:55:27.050] [D] [Pulse] Slow bot root: 1102ms bot=Wholesome Auto Quest poi=QuestTurnIn combat=False
[10:55:28.516] [D] [Nav] Loaded 58 mesh tiles for one path query
[10:55:29.062] [D] [Pulse] Slow bot root: 1202ms bot=Wholesome Auto Quest poi=QuestTurnIn combat=False
[10:55:30.377] [D] [Nav] Loaded 21 mesh tiles for one path query
[10:55:30.397] [D] [Pulse] Slow bot root: 597ms bot=Wholesome Auto Quest poi=QuestTurnIn combat=False
[10:55:31.843] [D] [Nav] Loaded 69 mesh tiles for one path query
[10:55:32.413] [D] [Nav] MoveTo failed: map=1 from=(-5478.87, -2393.74, 56.96) to=(-5454.95, -2442.79, 90.02) result=Failed pathCount=2 pathIndex=2 partial=True
[10:55:32.413] [D] [Pulse] Slow bot root: 1243ms bot=Wholesome Auto Quest poi=QuestTurnIn combat=False
[10:55:33.002] [D] [QuestLog] Loaded 79 completed quests from Lua fallback
[10:55:34.489] [D] [Nav] Loaded 130 mesh tiles for one path query
[10:55:35.170] [D] [Nav] Loaded 62 mesh tiles for one path query
[10:55:35.170] [D] [Pulse] Slow bot root: 1500ms bot=Wholesome Auto Quest poi=QuestTurnIn combat=False
[10:55:35.481] [D] [Pulse] Slow plugin: name=AutoEquip2 elapsed=296ms
[10:55:35.548] [D] [Pulse] Slow plugin: name=Tidy Bags 3 Reloaded elapsed=65ms
[10:55:35.548] [D] [Pulse] Slow shared pulse: total=378ms movement=0 objects=0 lua=0 info=0 loot=1 targeting=13 events=0 plugins=363 routine=0
[10:55:36.743] [D] [Nav] Loaded 2 mesh tiles for one path query
[10:55:37.289] [D] [Pulse] Slow bot root: 1075ms bot=Wholesome Auto Quest poi=QuestTurnIn combat=False
[10:55:38.577] [D] [Nav] MoveTo failed: map=1 from=(-5478.87, -2393.74, 56.96) to=(-5454.95, -2442.79, 90.02) result=Failed pathCount=2 pathIndex=2 partial=True
[10:55:38.577] [D] [Pulse] Slow bot root: 531ms bot=Wholesome Auto Quest poi=QuestTurnIn combat=False
[10:55:40.503] [D] [Pulse] Slow bot root: 1122ms bot=Wholesome Auto Quest poi=QuestTurnIn combat=False
[10:55:41.816] [D] [Pulse] Slow bot root: 567ms bot=Wholesome Auto Quest poi=QuestTurnIn combat=False
[10:55:43.662] [D] [Nav] MoveTo failed: map=1 from=(-5478.87, -2393.74, 56.96) to=(-5454.95, -2442.79, 90.02) result=Failed pathCount=2 pathIndex=2 partial=True
[10:55:43.662] [D] [Pulse] Slow bot root: 1080ms bot=Wholesome Auto Quest poi=QuestTurnIn combat=False
[10:55:45.022] [D] [Pulse] Slow bot root: 568ms bot=Wholesome Auto Quest poi=QuestTurnIn combat=False
[10:55:46.867] [D] [Pulse] Slow bot root: 1083ms bot=Wholesome Auto Quest poi=QuestTurnIn combat=False
[10:55:47.183] [D] [Pulse] Slow plugin: name=AutoEquip2 elapsed=296ms
[10:55:47.250] [D] [Pulse] Slow plugin: name=Tidy Bags 3 Reloaded elapsed=66ms
[10:55:47.251] [D] [Pulse] Slow shared pulse: total=383ms movement=0 objects=0 lua=0 info=0 loot=1 targeting=18 events=0 plugins=364 routine=0
[10:55:49.006] [D] [Nav] MoveTo failed: map=1 from=(-5478.87, -2393.74, 56.96) to=(-5454.95, -2442.79, 90.02) result=Failed pathCount=2 pathIndex=2 partial=True
[10:55:49.006] [D] [Pulse] Slow bot root: 1090ms bot=Wholesome Auto Quest poi=QuestTurnIn combat=False
[10:55:50.353] [D] [Pulse] Slow bot root: 567ms bot=Wholesome Auto Quest poi=QuestTurnIn combat=False
[10:55:52.228] [D] [Pulse] Slow bot root: 1105ms bot=Wholesome Auto Quest poi=QuestTurnIn combat=False
[10:55:53.528] [D] [Pulse] Slow bot root: 533ms bot=Wholesome Auto Quest poi=QuestTurnIn combat=False
[10:55:55.395] [D] [Nav] MoveTo failed: map=1 from=(-5478.87, -2393.74, 56.96) to=(-5454.95, -2442.79, 90.02) result=Failed pathCount=2 pathIndex=2 partial=True
[10:55:55.395] [D] [Pulse] Slow bot root: 1101ms bot=Wholesome Auto Quest poi=QuestTurnIn combat=False
[10:55:56.737] [D] [Pulse] Slow bot root: 566ms bot=Wholesome Auto Quest poi=QuestTurnIn combat=False
[10:55:58.614] [D] [Pulse] Slow bot root: 1108ms bot=Wholesome Auto Quest poi=QuestTurnIn combat=False
[10:55:58.948] [D] [Pulse] Slow plugin: name=AutoEquip2 elapsed=297ms
[10:55:59.013] [D] [Pulse] Slow plugin: name=Tidy Bags 3 Reloaded elapsed=64ms
[10:55:59.013] [D] [Pulse] Slow shared pulse: total=399ms movement=0 objects=0 lua=0 info=0 loot=1 targeting=34 events=0 plugins=363 routine=0
[10:56:00.836] [D] [Nav] MoveTo failed: map=1 from=(-5478.87, -2393.74, 56.96) to=(-5454.95, -2442.79, 90.02) result=Failed pathCount=2 pathIndex=2 partial=True
[10:56:00.836] [D] [Pulse] Slow bot root: 1125ms bot=Wholesome Auto Quest poi=QuestTurnIn combat=False
[10:56:02.183] [D] [Pulse] Slow bot root: 570ms bot=Wholesome Auto Quest poi=QuestTurnIn combat=False
[10:56:04.041] [D] [Pulse] Slow bot root: 1091ms bot=Wholesome Auto Quest poi=QuestTurnIn combat=False
[10:56:05.352] [D] [Pulse] Slow bot root: 567ms bot=Wholesome Auto Quest poi=QuestTurnIn combat=False
[10:56:07.239] [D] [Nav] MoveTo failed: map=1 from=(-5478.87, -2393.74, 56.96) to=(-5454.95, -2442.79, 90.02) result=Failed pathCount=2 pathIndex=2 partial=True
[10:56:07.239] [D] [Pulse] Slow bot root: 1112ms bot=Wholesome Auto Quest poi=QuestTurnIn combat=False
[10:56:08.598] [D] [Pulse] Slow bot root: 570ms bot=Wholesome Auto Quest poi=QuestTurnIn combat=False
[10:56:10.457] [D] [Pulse] Slow bot root: 1090ms bot=Wholesome Auto Quest poi=QuestTurnIn combat=False
[10:56:10.771] [D] [Pulse] Slow plugin: name=AutoEquip2 elapsed=295ms
[10:56:10.836] [D] [Pulse] Slow plugin: name=Tidy Bags 3 Reloaded elapsed=64ms
[10:56:10.837] [D] [Pulse] Slow shared pulse: total=379ms movement=0 objects=0 lua=0 info=0 loot=1 targeting=16 events=0 plugins=361 routine=0
[10:56:12.603] [D] [Nav] MoveTo failed: map=1 from=(-5478.87, -2393.74, 56.96) to=(-5454.95, -2442.79, 90.02) result=Failed pathCount=2 pathIndex=2 partial=True
[10:56:12.603] [D] [Pulse] Slow bot root: 1098ms bot=Wholesome Auto Quest poi=QuestTurnIn combat=False
[10:56:13.910] [D] [Pulse] Slow bot root: 533ms bot=Wholesome Auto Quest poi=QuestTurnIn combat=False
[10:56:15.778] [D] [Pulse] Slow bot root: 1095ms bot=Wholesome Auto Quest poi=QuestTurnIn combat=False
[10:56:17.087] [D] [Pulse] Slow bot root: 535ms bot=Wholesome Auto Quest poi=QuestTurnIn combat=False
[10:56:18.955] [D] [Nav] MoveTo failed: map=1 from=(-5478.87, -2393.74, 56.96) to=(-5454.95, -2442.79, 90.02) result=Failed pathCount=2 pathIndex=2 partial=True
[10:56:18.956] [D] [Pulse] Slow bot root: 1090ms bot=Wholesome Auto Quest poi=QuestTurnIn combat=False
[10:56:20.299] [D] [Pulse] Slow bot root: 571ms bot=Wholesome Auto Quest poi=QuestTurnIn combat=False
[10:56:22.180] [D] [Pulse] Slow bot root: 1111ms bot=Wholesome Auto Quest poi=QuestTurnIn combat=False
[10:56:22.508] [D] [Pulse] Slow plugin: name=AutoEquip2 elapsed=298ms
[10:56:22.573] [D] [Pulse] Slow plugin: name=Tidy Bags 3 Reloaded elapsed=63ms
[10:56:22.573] [D] [Pulse] Slow shared pulse: total=393ms movement=0 objects=0 lua=0 info=0 loot=1 targeting=28 events=0 plugins=363 routine=0
[10:56:23.847] [D] [Nav] Loaded 40 mesh tiles for one path query
[10:56:24.430] [D] [Nav] MoveTo failed: map=1 from=(-5478.87, -2393.74, 56.96) to=(-5454.95, -2442.79, 90.02) result=Failed pathCount=2 pathIndex=2 partial=True
[10:56:24.430] [D] [Pulse] Slow bot root: 1192ms bot=Wholesome Auto Quest poi=QuestTurnIn combat=False
[10:56:25.778] [D] [Nav] Loaded 9 mesh tiles for one path query
[10:56:25.780] [D] [Pulse] Slow bot root: 569ms bot=Wholesome Auto Quest poi=QuestTurnIn combat=False
[10:56:27.675] [D] [Pulse] Slow bot root: 1126ms bot=Wholesome Auto Quest poi=QuestTurnIn combat=False
[10:56:29.091] [D] [Nav] Loaded 58 mesh tiles for one path query
[10:56:29.660] [D] [Nav] MoveTo failed: map=1 from=(-5478.87, -2393.74, 56.96) to=(-5454.95, -2442.79, 90.02) result=Failed pathCount=2 pathIndex=2 partial=True
[10:56:29.660] [D] [Pulse] Slow bot root: 1238ms bot=Wholesome Auto Quest poi=QuestTurnIn combat=False
[10:56:31.088] [D] [Nav] Loaded 21 mesh tiles for one path query
[10:56:31.101] [D] [Pulse] Slow bot root: 597ms bot=Wholesome Auto Quest poi=QuestTurnIn combat=False
[10:56:32.531] [D] [Nav] Loaded 69 mesh tiles for one path query
[10:56:33.094] [D] [Pulse] Slow bot root: 1226ms bot=Wholesome Auto Quest poi=QuestTurnIn combat=False
[10:56:33.429] [D] [Pulse] Slow plugin: name=AutoEquip2 elapsed=296ms
[10:56:33.495] [D] [Pulse] Slow plugin: name=Tidy Bags 3 Reloaded elapsed=65ms
[10:56:33.496] [D] [Pulse] Slow shared pulse: total=401ms movement=0 objects=0 lua=0 info=0 loot=1 targeting=37 events=0 plugins=363 routine=0
[10:56:33.931] [D] [QuestLog] Loaded 79 completed quests from Lua fallback
[10:56:35.413] [D] [Nav] Loaded 130 mesh tiles for one path query
[10:56:36.084] [D] [Nav] Loaded 62 mesh tiles for one path query
[10:56:36.084] [D] [Nav] MoveTo failed: map=1 from=(-5478.87, -2393.74, 56.96) to=(-5454.95, -2442.79, 90.02) result=Failed pathCount=2 pathIndex=2 partial=True
[10:56:36.084] [D] [Pulse] Slow bot root: 1479ms bot=Wholesome Auto Quest poi=QuestTurnIn combat=False
[10:56:37.413] [D] [Nav] Loaded 2 mesh tiles for one path query
[10:56:37.989] [D] [Pulse] Slow bot root: 1113ms bot=Wholesome Auto Quest poi=QuestTurnIn combat=False
[10:56:39.319] [D] [Pulse] Slow bot root: 565ms bot=Wholesome Auto Quest poi=QuestTurnIn combat=False
[10:56:41.148] [D] [Nav] MoveTo failed: map=1 from=(-5478.87, -2393.74, 56.96) to=(-5454.95, -2442.79, 90.02) result=Failed pathCount=2 pathIndex=2 partial=True
[10:56:41.148] [D] [Pulse] Slow bot root: 1062ms bot=Wholesome Auto Quest poi=QuestTurnIn combat=False
[10:56:42.450] [D] [Pulse] Slow bot root: 530ms bot=Wholesome Auto Quest poi=QuestTurnIn combat=False
[10:56:44.282] [D] [Pulse] Slow bot root: 1063ms bot=Wholesome Auto Quest poi=QuestTurnIn combat=False
[10:56:44.591] [D] [Pulse] Slow plugin: name=AutoEquip2 elapsed=297ms
[10:56:44.658] [D] [Pulse] Slow plugin: name=Tidy Bags 3 Reloaded elapsed=66ms
[10:56:44.658] [D] [Pulse] Slow shared pulse: total=375ms movement=0 objects=0 lua=0 info=0 loot=1 targeting=8 events=0 plugins=365 routine=0
[10:56:46.416] [D] [Nav] MoveTo failed: map=1 from=(-5478.87, -2393.74, 56.96) to=(-5454.95, -2442.79, 90.02) result=Failed pathCount=2 pathIndex=2 partial=True
[10:56:46.416] [D] [Pulse] Slow bot root: 1086ms bot=Wholesome Auto Quest poi=QuestTurnIn combat=False
[10:56:47.764] [D] [Pulse] Slow bot root: 568ms bot=Wholesome Auto Quest poi=QuestTurnIn combat=False
[10:56:49.617] [D] [Pulse] Slow bot root: 1085ms bot=Wholesome Auto Quest poi=QuestTurnIn combat=False
[10:56:50.934] [D] [Pulse] Slow bot root: 566ms bot=Wholesome Auto Quest poi=QuestTurnIn combat=False
[10:56:52.816] [D] [Nav] MoveTo failed: map=1 from=(-5478.87, -2393.74, 56.96) to=(-5454.95, -2442.79, 90.02) result=Failed pathCount=2 pathIndex=2 partial=True
[10:56:52.816] [D] [Pulse] Slow bot root: 1114ms bot=Wholesome Auto Quest poi=QuestTurnIn combat=False
[10:56:54.204] [D] [Pulse] Slow bot root: 599ms bot=Wholesome Auto Quest poi=QuestTurnIn combat=False
[10:56:56.097] [D] [Pulse] Slow bot root: 1122ms bot=Wholesome Auto Quest poi=QuestTurnIn combat=False
[10:56:56.407] [D] [Pulse] Slow plugin: name=AutoEquip2 elapsed=296ms
[10:56:56.473] [D] [Pulse] Slow plugin: name=Tidy Bags 3 Reloaded elapsed=64ms
[10:56:56.473] [D] [Pulse] Slow shared pulse: total=376ms movement=0 objects=0 lua=0 info=0 loot=1 targeting=11 events=0 plugins=362 routine=0
[10:56:58.248] [D] [Nav] MoveTo failed: map=1 from=(-5478.87, -2393.74, 56.96) to=(-5454.95, -2442.79, 90.02) result=Failed pathCount=2 pathIndex=2 partial=True
[10:56:58.248] [D] [Pulse] Slow bot root: 1104ms bot=Wholesome Auto Quest poi=QuestTurnIn combat=False
[10:56:59.579] [D] [Pulse] Slow bot root: 536ms bot=Wholesome Auto Quest poi=QuestTurnIn combat=False
[10:57:01.449] [D] [Pulse] Slow bot root: 1098ms bot=Wholesome Auto Quest poi=QuestTurnIn combat=False
[10:57:02.818] [D] [Pulse] Slow bot root: 565ms bot=Wholesome Auto Quest poi=QuestTurnIn combat=False
[10:57:04.650] [D] [Nav] MoveTo failed: map=1 from=(-5478.87, -2393.74, 56.96) to=(-5454.95, -2442.79, 90.02) result=Failed pathCount=2 pathIndex=2 partial=True
[10:57:04.650] [D] [Pulse] Slow bot root: 1065ms bot=Wholesome Auto Quest poi=QuestTurnIn combat=False
[10:57:05.957] [D] [Pulse] Slow bot root: 533ms bot=Wholesome Auto Quest poi=QuestTurnIn combat=False
[10:57:07.793] [D] [Pulse] Slow bot root: 1063ms bot=Wholesome Auto Quest poi=QuestTurnIn combat=False
[10:57:08.106] [D] [Pulse] Slow plugin: name=AutoEquip2 elapsed=296ms
[10:57:08.172] [D] [Pulse] Slow plugin: name=Tidy Bags 3 Reloaded elapsed=64ms
[10:57:08.172] [D] [Pulse] Slow shared pulse: total=379ms movement=0 objects=0 lua=0 info=0 loot=1 targeting=14 events=0 plugins=362 routine=0
[10:57:09.930] [D] [Nav] MoveTo failed: map=1 from=(-5478.87, -2393.74, 56.96) to=(-5454.95, -2442.79, 90.02) result=Failed pathCount=2 pathIndex=2 partial=True
[10:57:09.930] [D] [Pulse] Slow bot root: 1084ms bot=Wholesome Auto Quest poi=QuestTurnIn combat=False
[10:57:11.290] [D] [Pulse] Slow bot root: 570ms bot=Wholesome Auto Quest poi=QuestTurnIn combat=False
[10:57:13.146] [D] [Pulse] Slow bot root: 1088ms bot=Wholesome Auto Quest poi=QuestTurnIn combat=False
[10:57:14.473] [D] [Pulse] Slow bot root: 570ms bot=Wholesome Auto Quest poi=QuestTurnIn combat=False
[10:57:16.328] [D] [Nav] MoveTo failed: map=1 from=(-5478.87, -2393.74, 56.96) to=(-5454.95, -2442.79, 90.02) result=Failed pathCount=2 pathIndex=2 partial=True
[10:57:16.328] [D] [Pulse] Slow bot root: 1083ms bot=Wholesome Auto Quest poi=QuestTurnIn combat=False
[10:57:17.724] [D] [Pulse] Slow bot root: 601ms bot=Wholesome Auto Quest poi=QuestTurnIn combat=False
[10:57:19.574] [D] [Pulse] Slow bot root: 1080ms bot=Wholesome Auto Quest poi=QuestTurnIn combat=False
[10:57:19.901] [D] [Pulse] Slow plugin: name=AutoEquip2 elapsed=296ms
[10:57:19.966] [D] [Pulse] Slow plugin: name=Tidy Bags 3 Reloaded elapsed=64ms
[10:57:19.966] [D] [Pulse] Slow shared pulse: total=391ms movement=0 objects=0 lua=0 info=0 loot=1 targeting=28 events=0 plugins=361 routine=0
[10:57:21.745] [D] [Nav] MoveTo failed: map=1 from=(-5478.87, -2393.74, 56.96) to=(-5454.95, -2442.79, 90.02) result=Failed pathCount=2 pathIndex=2 partial=True
[10:57:21.745] [D] [Pulse] Slow bot root: 1107ms bot=Wholesome Auto Quest poi=QuestTurnIn combat=False
[10:57:23.109] [D] [Pulse] Slow bot root: 567ms bot=Wholesome Auto Quest poi=QuestTurnIn combat=False
[10:57:24.476] [D] [Nav] Loaded 40 mesh tiles for one path query
[10:57:25.040] [D] [Pulse] Slow bot root: 1166ms bot=Wholesome Auto Quest poi=QuestTurnIn combat=False
[10:57:26.345] [D] [Nav] Loaded 9 mesh tiles for one path query
[10:57:26.355] [D] [Pulse] Slow bot root: 569ms bot=Wholesome Auto Quest poi=QuestTurnIn combat=False
[10:57:28.186] [D] [Nav] MoveTo failed: map=1 from=(-5478.87, -2393.74, 56.96) to=(-5454.95, -2442.79, 90.02) result=Failed pathCount=2 pathIndex=2 partial=True
[10:57:28.186] [D] [Pulse] Slow bot root: 1065ms bot=Wholesome Auto Quest poi=QuestTurnIn combat=False
[10:57:29.624] [D] [Nav] Loaded 58 mesh tiles for one path query
[10:57:29.637] [D] [Pulse] Slow bot root: 667ms bot=Wholesome Auto Quest poi=QuestTurnIn combat=False
[10:57:29.970] [D] [Pulse] Slow plugin: name=AutoEquip2 elapsed=294ms
[10:57:30.037] [D] [Pulse] Slow plugin: name=Tidy Bags 3 Reloaded elapsed=65ms
[10:57:30.037] [D] [Pulse] Slow shared pulse: total=399ms movement=0 objects=0 lua=0 info=0 loot=1 targeting=37 events=0 plugins=361 routine=0
[10:57:31.285] [D] [Nav] Loaded 21 mesh tiles for one path query
[10:57:31.851] [D] [Pulse] Slow bot root: 1146ms bot=Wholesome Auto Quest poi=QuestTurnIn combat=False
[10:57:33.296] [D] [Nav] Loaded 69 mesh tiles for one path query
[10:57:33.300] [D] [Nav] MoveTo failed: map=1 from=(-5478.87, -2393.74, 56.96) to=(-5454.95, -2442.79, 90.02) result=Failed pathCount=2 pathIndex=2 partial=True
[10:57:33.300] [D] [Pulse] Slow bot root: 661ms bot=Wholesome Auto Quest poi=QuestTurnIn combat=False
[10:57:35.187] [D] [Pulse] Slow bot root: 1086ms bot=Wholesome Auto Quest poi=QuestTurnIn combat=False
[10:57:35.769] [D] [QuestLog] Loaded 79 completed quests from Lua fallback
[10:57:37.377] [D] [Nav] Loaded 192 mesh tiles for one path query
[10:57:37.967] [D] [Nav] Loaded 2 mesh tiles for one path query
[10:57:37.967] [D] [Pulse] Slow bot root: 1527ms bot=Wholesome Auto Quest poi=QuestTurnIn combat=False
[10:57:39.241] [D] [Nav] MoveTo failed: map=1 from=(-5478.87, -2393.74, 56.96) to=(-5454.95, -2442.79, 90.02) result=Failed pathCount=2 pathIndex=2 partial=True
[10:57:39.241] [D] [Pulse] Slow bot root: 532ms bot=Wholesome Auto Quest poi=QuestTurnIn combat=False
[10:57:41.153] [D] [Pulse] Slow bot root: 1116ms bot=Wholesome Auto Quest poi=QuestTurnIn combat=False
[10:57:41.465] [D] [Pulse] Slow plugin: name=AutoEquip2 elapsed=295ms
[10:57:41.530] [D] [Pulse] Slow plugin: name=Tidy Bags 3 Reloaded elapsed=63ms
[10:57:41.530] [D] [Pulse] Slow shared pulse: total=376ms movement=0 objects=0 lua=0 info=0 loot=1 targeting=15 events=0 plugins=360 routine=0
[10:57:43.292] [D] [Pulse] Slow bot root: 1096ms bot=Wholesome Auto Quest poi=QuestTurnIn combat=False
[10:57:44.596] [D] [Nav] MoveTo failed: map=1 from=(-5478.87, -2393.74, 56.96) to=(-5454.95, -2442.79, 90.02) result=Failed pathCount=2 pathIndex=2 partial=True
[10:57:44.596] [D] [Pulse] Slow bot root: 569ms bot=Wholesome Auto Quest poi=QuestTurnIn combat=False
[10:57:46.490] [D] [Pulse] Slow bot root: 1097ms bot=Wholesome Auto Quest poi=QuestTurnIn combat=False
[10:57:47.798] [D] [Pulse] Slow bot root: 565ms bot=Wholesome Auto Quest poi=QuestTurnIn combat=False
[10:57:49.675] [D] [Nav] MoveTo failed: map=1 from=(-5478.87, -2393.74, 56.96) to=(-5454.95, -2442.79, 90.02) result=Failed pathCount=2 pathIndex=2 partial=True
[10:57:49.675] [D] [Pulse] Slow bot root: 1110ms bot=Wholesome Auto Quest poi=QuestTurnIn combat=False
[10:57:51.044] [D] [Pulse] Slow bot root: 566ms bot=Wholesome Auto Quest poi=QuestTurnIn combat=False
[10:57:52.905] [D] [Pulse] Slow bot root: 1092ms bot=Wholesome Auto Quest poi=QuestTurnIn combat=False
[10:57:53.215] [D] [Pulse] Slow plugin: name=AutoEquip2 elapsed=300ms
[10:57:53.282] [D] [Pulse] Slow plugin: name=Tidy Bags 3 Reloaded elapsed=65ms
[10:57:53.282] [D] [Pulse] Slow shared pulse: total=376ms movement=0 objects=0 lua=0 info=0 loot=1 targeting=7 events=0 plugins=367 routine=0
[10:57:55.048] [D] [Nav] MoveTo failed: map=1 from=(-5478.87, -2393.74, 56.96) to=(-5454.95, -2442.79, 90.02) result=Failed pathCount=2 pathIndex=2 partial=True
[10:57:55.048] [D] [Pulse] Slow bot root: 1098ms bot=Wholesome Auto Quest poi=QuestTurnIn combat=False
[10:57:56.387] [D] [Pulse] Slow bot root: 562ms bot=Wholesome Auto Quest poi=QuestTurnIn combat=False
[10:57:58.230] [D] [Pulse] Slow bot root: 1073ms bot=Wholesome Auto Quest poi=QuestTurnIn combat=False
[10:57:59.526] [D] [Pulse] Slow bot root: 533ms bot=Wholesome Auto Quest poi=QuestTurnIn combat=False
[10:58:01.391] [D] [Nav] MoveTo failed: map=1 from=(-5478.87, -2393.74, 56.96) to=(-5454.95, -2442.79, 90.02) result=Failed pathCount=2 pathIndex=2 partial=True
[10:58:01.391] [D] [Pulse] Slow bot root: 1099ms bot=Wholesome Auto Quest poi=QuestTurnIn combat=False
[10:58:02.700] [D] [Pulse] Slow bot root: 535ms bot=Wholesome Auto Quest poi=QuestTurnIn combat=False
[10:58:04.564] [D] [Pulse] Slow bot root: 1062ms bot=Wholesome Auto Quest poi=QuestTurnIn combat=False
[10:58:04.868] [D] [Pulse] Slow plugin: name=AutoEquip2 elapsed=294ms
[10:58:04.933] [D] [Pulse] Slow plugin: name=Tidy Bags 3 Reloaded elapsed=63ms
[10:58:04.933] [D] [Pulse] Slow shared pulse: total=368ms movement=0 objects=0 lua=0 info=0 loot=1 targeting=8 events=0 plugins=359 routine=0
[10:58:06.701] [D] [Nav] MoveTo failed: map=1 from=(-5478.87, -2393.74, 56.96) to=(-5454.95, -2442.79, 90.02) result=Failed pathCount=2 pathIndex=2 partial=True
[10:58:06.701] [D] [Pulse] Slow bot root: 1103ms bot=Wholesome Auto Quest poi=QuestTurnIn combat=False
[10:58:08.067] [D] [Pulse] Slow bot root: 564ms bot=Wholesome Auto Quest poi=QuestTurnIn combat=False
[10:58:09.946] [D] [Pulse] Slow bot root: 1106ms bot=Wholesome Auto Quest poi=QuestTurnIn combat=False
[10:58:11.275] [D] [Pulse] Slow bot root: 566ms bot=Wholesome Auto Quest poi=QuestTurnIn combat=False
[10:58:13.146] [D] [Nav] MoveTo failed: map=1 from=(-5478.87, -2393.74, 56.96) to=(-5454.95, -2442.79, 90.02) result=Failed pathCount=2 pathIndex=2 partial=True
[10:58:13.146] [D] [Pulse] Slow bot root: 1098ms bot=Wholesome Auto Quest poi=QuestTurnIn combat=False
[10:58:14.488] [D] [Pulse] Slow bot root: 565ms bot=Wholesome Auto Quest poi=QuestTurnIn combat=False
[10:58:16.357] [D] [Pulse] Slow bot root: 1099ms bot=Wholesome Auto Quest poi=QuestTurnIn combat=False
[10:58:16.692] [D] [Pulse] Slow plugin: name=AutoEquip2 elapsed=295ms
[10:58:16.758] [D] [Pulse] Slow plugin: name=Tidy Bags 3 Reloaded elapsed=64ms
[10:58:16.758] [D] [Pulse] Slow shared pulse: total=400ms movement=0 objects=0 lua=0 info=0 loot=1 targeting=37 events=0 plugins=361 routine=0
[10:58:18.497] [D] [Nav] MoveTo failed: map=1 from=(-5478.87, -2393.74, 56.96) to=(-5454.95, -2442.79, 90.02) result=Failed pathCount=2 pathIndex=2 partial=True
[10:58:18.497] [D] [Pulse] Slow bot root: 1068ms bot=Wholesome Auto Quest poi=QuestTurnIn combat=False
[10:58:19.804] [D] [Pulse] Slow bot root: 536ms bot=Wholesome Auto Quest poi=QuestTurnIn combat=False
[10:58:21.663] [D] [Pulse] Slow bot root: 1097ms bot=Wholesome Auto Quest poi=QuestTurnIn combat=False
[10:58:22.949] [D] [Pulse] Slow bot root: 536ms bot=Wholesome Auto Quest poi=QuestTurnIn combat=False
[10:58:24.840] [D] [Nav] Loaded 40 mesh tiles for one path query
[10:58:24.840] [D] [Nav] MoveTo failed: map=1 from=(-5478.87, -2393.74, 56.96) to=(-5454.95, -2442.79, 90.02) result=Failed pathCount=2 pathIndex=2 partial=True
[10:58:24.840] [D] [Pulse] Slow bot root: 1125ms bot=Wholesome Auto Quest poi=QuestTurnIn combat=False
[10:58:26.195] [D] [Pulse] Slow bot root: 568ms bot=Wholesome Auto Quest poi=QuestTurnIn combat=False
[10:58:27.495] [D] [Nav] Loaded 9 mesh tiles for one path query
[10:58:28.036] [D] [Pulse] Slow bot root: 1102ms bot=Wholesome Auto Quest poi=QuestTurnIn combat=False
[10:58:28.342] [D] [Pulse] Slow plugin: name=AutoEquip2 elapsed=295ms
[10:58:28.406] [D] [Pulse] Slow plugin: name=Tidy Bags 3 Reloaded elapsed=62ms
[10:58:28.406] [D] [Pulse] Slow shared pulse: total=370ms movement=0 objects=0 lua=0 info=0 loot=1 targeting=8 events=0 plugins=359 routine=0
[10:58:29.672] [D] [Nav] Loaded 27 mesh tiles for one path query
[10:58:30.273] [D] [Nav] Loaded 31 mesh tiles for one path query
[10:58:30.274] [D] [Nav] MoveTo failed: map=1 from=(-5478.87, -2393.74, 56.96) to=(-5454.95, -2442.79, 90.02) result=Failed pathCount=2 pathIndex=2 partial=True
[10:58:30.274] [D] [Pulse] Slow bot root: 1199ms bot=Wholesome Auto Quest poi=QuestTurnIn combat=False
[10:58:31.647] [D] [Nav] Loaded 21 mesh tiles for one path query
[10:58:32.213] [D] [Pulse] Slow bot root: 1167ms bot=Wholesome Auto Quest poi=QuestTurnIn combat=False
[10:58:33.627] [D] [Nav] Loaded 69 mesh tiles for one path query
[10:58:33.652] [D] [Pulse] Slow bot root: 669ms bot=Wholesome Auto Quest poi=QuestTurnIn combat=False
[10:58:35.517] [D] [Nav] MoveTo failed: map=1 from=(-5478.87, -2393.74, 56.96) to=(-5454.95, -2442.79, 90.02) result=Failed pathCount=2 pathIndex=2 partial=True
[10:58:35.517] [D] [Pulse] Slow bot root: 1067ms bot=Wholesome Auto Quest poi=QuestTurnIn combat=False
[10:58:36.848] [D] [Pulse] Slow bot root: 534ms bot=Wholesome Auto Quest poi=QuestTurnIn combat=False
[10:58:37.418] [D] [QuestLog] Loaded 79 completed quests from Lua fallback
[10:58:38.976] [D] [Nav] Loaded 194 mesh tiles for one path query
[10:58:39.528] [D] [Pulse] Slow bot root: 1445ms bot=Wholesome Auto Quest poi=QuestTurnIn combat=False
[10:58:39.853] [D] [Pulse] Slow plugin: name=AutoEquip2 elapsed=297ms
[10:58:39.920] [D] [Pulse] Slow plugin: name=Tidy Bags 3 Reloaded elapsed=65ms
[10:58:39.920] [D] [Pulse] Slow shared pulse: total=392ms movement=0 objects=0 lua=0 info=0 loot=1 targeting=26 events=0 plugins=364 routine=0
[10:58:41.686] [D] [Nav] MoveTo failed: map=1 from=(-5478.87, -2393.74, 56.96) to=(-5454.95, -2442.79, 90.02) result=Failed pathCount=2 pathIndex=2 partial=True
[10:58:41.686] [D] [Pulse] Slow bot root: 1098ms bot=Wholesome Auto Quest poi=QuestTurnIn combat=False
[10:58:42.984] [D] [Pulse] Slow bot root: 530ms bot=Wholesome Auto Quest poi=QuestTurnIn combat=False
[10:58:44.859] [D] [Pulse] Slow bot root: 1102ms bot=Wholesome Auto Quest poi=QuestTurnIn combat=False
[10:58:46.152] [D] [Pulse] Slow bot root: 531ms bot=Wholesome Auto Quest poi=QuestTurnIn combat=False
[10:58:48.015] [D] [Nav] MoveTo failed: map=1 from=(-5478.87, -2393.74, 56.96) to=(-5454.95, -2442.79, 90.02) result=Failed pathCount=2 pathIndex=2 partial=True
[10:58:48.015] [D] [Pulse] Slow bot root: 1094ms bot=Wholesome Auto Quest poi=QuestTurnIn combat=False
[10:58:49.332] [D] [Pulse] Slow bot root: 537ms bot=Wholesome Auto Quest poi=QuestTurnIn combat=False
[10:58:51.199] [D] [Pulse] Slow bot root: 1099ms bot=Wholesome Auto Quest poi=QuestTurnIn combat=False
[10:58:51.511] [D] [Pulse] Slow plugin: name=AutoEquip2 elapsed=298ms
[10:58:51.576] [D] [Pulse] Slow plugin: name=Tidy Bags 3 Reloaded elapsed=63ms
[10:58:51.576] [D] [Pulse] Slow shared pulse: total=376ms movement=0 objects=0 lua=0 info=0 loot=1 targeting=11 events=0 plugins=363 routine=0
[10:58:53.320] [D] [Nav] MoveTo failed: map=1 from=(-5478.87, -2393.74, 56.96) to=(-5454.95, -2442.79, 90.02) result=Failed pathCount=2 pathIndex=2 partial=True
[10:58:53.320] [D] [Pulse] Slow bot root: 1077ms bot=Wholesome Auto Quest poi=QuestTurnIn combat=False
[10:58:54.642] [D] [Pulse] Slow bot root: 534ms bot=Wholesome Auto Quest poi=QuestTurnIn combat=False
[10:58:56.521] [D] [Pulse] Slow bot root: 1114ms bot=Wholesome Auto Quest poi=QuestTurnIn combat=False
[10:58:57.846] [D] [Pulse] Slow bot root: 572ms bot=Wholesome Auto Quest poi=QuestTurnIn combat=False
[10:58:59.701] [D] [Nav] MoveTo failed: map=1 from=(-5478.87, -2393.74, 56.96) to=(-5454.95, -2442.79, 90.02) result=Failed pathCount=2 pathIndex=2 partial=True
[10:58:59.701] [D] [Pulse] Slow bot root: 1090ms bot=Wholesome Auto Quest poi=QuestTurnIn combat=False
[10:59:01.054] [D] [Pulse] Slow bot root: 570ms bot=Wholesome Auto Quest poi=QuestTurnIn combat=False
[10:59:02.910] [D] [Pulse] Slow bot root: 1088ms bot=Wholesome Auto Quest poi=QuestTurnIn combat=False
[10:59:03.225] [D] [Pulse] Slow plugin: name=AutoEquip2 elapsed=296ms
[10:59:03.292] [D] [Pulse] Slow plugin: name=Tidy Bags 3 Reloaded elapsed=64ms
[10:59:03.292] [D] [Pulse] Slow shared pulse: total=381ms movement=0 objects=0 lua=0 info=0 loot=1 targeting=18 events=0 plugins=362 routine=0
[10:59:05.052] [D] [Nav] MoveTo failed: map=1 from=(-5478.87, -2393.74, 56.96) to=(-5454.95, -2442.79, 90.02) result=Failed pathCount=2 pathIndex=2 partial=True
[10:59:05.052] [D] [Pulse] Slow bot root: 1090ms bot=Wholesome Auto Quest poi=QuestTurnIn combat=False
[10:59:06.433] [D] [Pulse] Slow bot root: 567ms bot=Wholesome Auto Quest poi=QuestTurnIn combat=False
[10:59:08.300] [D] [Pulse] Slow bot root: 1103ms bot=Wholesome Auto Quest poi=QuestTurnIn combat=False
[10:59:09.608] [D] [Pulse] Slow bot root: 534ms bot=Wholesome Auto Quest poi=QuestTurnIn combat=False
[10:59:11.479] [D] [Nav] MoveTo failed: map=1 from=(-5478.87, -2393.74, 56.96) to=(-5454.95, -2442.79, 90.02) result=Failed pathCount=2 pathIndex=2 partial=True
[10:59:11.479] [D] [Pulse] Slow bot root: 1097ms bot=Wholesome Auto Quest poi=QuestTurnIn combat=False
[10:59:12.795] [D] [Pulse] Slow bot root: 540ms bot=Wholesome Auto Quest poi=QuestTurnIn combat=False
[10:59:14.655] [D] [Pulse] Slow bot root: 1098ms bot=Wholesome Auto Quest poi=QuestTurnIn combat=False
[10:59:14.958] [D] [Pulse] Slow plugin: name=AutoEquip2 elapsed=295ms
[10:59:15.023] [D] [Pulse] Slow plugin: name=Tidy Bags 3 Reloaded elapsed=64ms
[10:59:15.024] [D] [Pulse] Slow shared pulse: total=368ms movement=0 objects=0 lua=0 info=0 loot=1 targeting=6 events=0 plugins=360 routine=0
[10:59:16.774] [D] [Nav] MoveTo failed: map=1 from=(-5478.87, -2393.74, 56.96) to=(-5454.95, -2442.79, 90.02) result=Failed pathCount=2 pathIndex=2 partial=True
[10:59:16.774] [D] [Pulse] Slow bot root: 1078ms bot=Wholesome Auto Quest poi=QuestTurnIn combat=False
[10:59:18.068] [D] [Pulse] Slow bot root: 533ms bot=Wholesome Auto Quest poi=QuestTurnIn combat=False
[10:59:19.938] [D] [Pulse] Slow bot root: 1071ms bot=Wholesome Auto Quest poi=QuestTurnIn combat=False
[10:59:21.267] [D] [Pulse] Slow bot root: 568ms bot=Wholesome Auto Quest poi=QuestTurnIn combat=False
[10:59:23.108] [D] [Nav] MoveTo failed: map=1 from=(-5478.87, -2393.74, 56.96) to=(-5454.95, -2442.79, 90.02) result=Failed pathCount=2 pathIndex=2 partial=True
[10:59:23.108] [D] [Pulse] Slow bot root: 1071ms bot=Wholesome Auto Quest poi=QuestTurnIn combat=False
[10:59:24.434] [D] [Pulse] Slow bot root: 533ms bot=Wholesome Auto Quest poi=QuestTurnIn combat=False
[10:59:25.790] [D] [Nav] Loaded 40 mesh tiles for one path query
[10:59:26.348] [D] [Pulse] Slow bot root: 1150ms bot=Wholesome Auto Quest poi=QuestTurnIn combat=False
[10:59:26.662] [D] [Pulse] Slow plugin: name=AutoEquip2 elapsed=292ms
[10:59:26.728] [D] [Pulse] Slow plugin: name=Tidy Bags 3 Reloaded elapsed=64ms
[10:59:26.728] [D] [Pulse] Slow shared pulse: total=379ms movement=0 objects=0 lua=0 info=0 loot=1 targeting=19 events=0 plugins=358 routine=0
[10:59:27.966] [D] [Nav] Loaded 9 mesh tiles for one path query
[10:59:28.516] [D] [Nav] MoveTo failed: map=1 from=(-5478.87, -2393.74, 56.96) to=(-5454.95, -2442.79, 90.02) result=Failed pathCount=2 pathIndex=2 partial=True
[10:59:28.516] [D] [Pulse] Slow bot root: 1124ms bot=Wholesome Auto Quest poi=QuestTurnIn combat=False
[10:59:29.894] [D] [Nav] Loaded 27 mesh tiles for one path query
[10:59:29.928] [D] [Pulse] Slow bot root: 636ms bot=Wholesome Auto Quest poi=QuestTurnIn combat=False
[10:59:31.308] [D] [Nav] Loaded 31 mesh tiles for one path query
[10:59:31.893] [D] [Nav] Loaded 21 mesh tiles for one path query
[10:59:31.894] [D] [Pulse] Slow bot root: 1198ms bot=Wholesome Auto Quest poi=QuestTurnIn combat=False
[10:59:33.194] [D] [Pulse] Slow bot root: 534ms bot=Wholesome Auto Quest poi=QuestTurnIn combat=False
[10:59:34.616] [D] [Nav] Loaded 69 mesh tiles for one path query
[10:59:35.153] [D] [Nav] MoveTo failed: map=1 from=(-5478.87, -2393.74, 56.96) to=(-5454.95, -2442.79, 90.02) result=Failed pathCount=2 pathIndex=2 partial=True
[10:59:35.153] [D] [Pulse] Slow bot root: 1193ms bot=Wholesome Auto Quest poi=QuestTurnIn combat=False
[10:59:36.492] [D] [Pulse] Slow bot root: 533ms bot=Wholesome Auto Quest poi=QuestTurnIn combat=False
[10:59:36.826] [D] [Pulse] Slow plugin: name=AutoEquip2 elapsed=295ms
[10:59:36.891] [D] [Pulse] Slow plugin: name=Tidy Bags 3 Reloaded elapsed=64ms
[10:59:36.892] [D] [Pulse] Slow shared pulse: total=399ms movement=0 objects=0 lua=0 info=0 loot=1 targeting=36 events=0 plugins=361 routine=0
[10:59:38.621] [D] [Pulse] Slow bot root: 1064ms bot=Wholesome Auto Quest poi=QuestTurnIn combat=False
[10:59:39.187] [D] [QuestLog] Loaded 79 completed quests from Lua fallback
[10:59:40.769] [D] [Nav] Loaded 194 mesh tiles for one path query
[10:59:41.318] [D] [Nav] MoveTo failed: map=1 from=(-5478.87, -2393.74, 56.96) to=(-5454.95, -2442.79, 90.02) result=Failed pathCount=2 pathIndex=2 partial=True
[10:59:41.318] [D] [Pulse] Slow bot root: 1462ms bot=Wholesome Auto Quest poi=QuestTurnIn combat=False
[10:59:42.628] [D] [Pulse] Slow bot root: 534ms bot=Wholesome Auto Quest poi=QuestTurnIn combat=False
[10:59:44.488] [D] [Pulse] Slow bot root: 1087ms bot=Wholesome Auto Quest poi=QuestTurnIn combat=False
[10:59:45.774] [D] [Pulse] Slow bot root: 533ms bot=Wholesome Auto Quest poi=QuestTurnIn combat=False
[10:59:47.649] [D] [Nav] MoveTo failed: map=1 from=(-5478.87, -2393.74, 56.96) to=(-5454.95, -2442.79, 90.02) result=Failed pathCount=2 pathIndex=2 partial=True
[10:59:47.649] [D] [Pulse] Slow bot root: 1103ms bot=Wholesome Auto Quest poi=QuestTurnIn combat=False
[10:59:48.017] [D] [Pulse] Slow plugin: name=AutoEquip2 elapsed=297ms
[10:59:48.083] [D] [Pulse] Slow plugin: name=Tidy Bags 3 Reloaded elapsed=65ms
[10:59:48.083] [D] [Pulse] Slow shared pulse: total=433ms movement=0 objects=0 lua=31 info=0 loot=1 targeting=36 events=0 plugins=363 routine=0
[10:59:49.836] [D] [Pulse] Slow bot root: 1083ms bot=Wholesome Auto Quest poi=QuestTurnIn combat=False
[10:59:51.158] [D] [Pulse] Slow bot root: 567ms bot=Wholesome Auto Quest poi=QuestTurnIn combat=False
[10:59:53.048] [D] [Nav] MoveTo failed: map=1 from=(-5478.87, -2393.74, 56.96) to=(-5454.95, -2442.79, 90.02) result=Failed pathCount=2 pathIndex=2 partial=True
[10:59:53.048] [D] [Pulse] Slow bot root: 1120ms bot=Wholesome Auto Quest poi=QuestTurnIn combat=False
[10:59:54.399] [D] [Pulse] Slow bot root: 564ms bot=Wholesome Auto Quest poi=QuestTurnIn combat=False
[10:59:56.312] [D] [Pulse] Slow bot root: 1144ms bot=Wholesome Auto Quest poi=QuestTurnIn combat=False
[10:59:57.641] [D] [Pulse] Slow bot root: 567ms bot=Wholesome Auto Quest poi=QuestTurnIn combat=False
[10:59:59.521] [D] [Nav] MoveTo failed: map=1 from=(-5478.87, -2393.74, 56.96) to=(-5454.95, -2442.79, 90.02) result=Failed pathCount=2 pathIndex=2 partial=True
[10:59:59.521] [D] [Pulse] Slow bot root: 1111ms bot=Wholesome Auto Quest poi=QuestTurnIn combat=False
[10:59:59.874] [D] [Pulse] Slow plugin: name=AutoEquip2 elapsed=295ms
[10:59:59.940] [D] [Pulse] Slow plugin: name=Tidy Bags 3 Reloaded elapsed=64ms
[10:59:59.940] [D] [Pulse] Slow shared pulse: total=418ms movement=0 objects=0 lua=18 info=0 loot=1 targeting=37 events=0 plugins=361 routine=0
[11:00:01.713] [D] [Pulse] Slow bot root: 1105ms bot=Wholesome Auto Quest poi=QuestTurnIn combat=False
[11:00:03.014] [D] [Pulse] Slow bot root: 536ms bot=Wholesome Auto Quest poi=QuestTurnIn combat=False
[11:00:04.875] [D] [Nav] MoveTo failed: map=1 from=(-5478.87, -2393.74, 56.96) to=(-5454.95, -2442.79, 90.02) result=Failed pathCount=2 pathIndex=2 partial=True
[11:00:04.876] [D] [Pulse] Slow bot root: 1094ms bot=Wholesome Auto Quest poi=QuestTurnIn combat=False
[11:00:06.187] [D] [Pulse] Slow bot root: 534ms bot=Wholesome Auto Quest poi=QuestTurnIn combat=False
[11:00:08.088] [D] [Pulse] Slow bot root: 1097ms bot=Wholesome Auto Quest poi=QuestTurnIn combat=False
[11:00:09.363] [D] [Pulse] Slow bot root: 531ms bot=Wholesome Auto Quest poi=QuestTurnIn combat=False
[11:00:11.203] [D] [Nav] MoveTo failed: map=1 from=(-5478.87, -2393.74, 56.96) to=(-5454.95, -2442.79, 90.02) result=Failed pathCount=2 pathIndex=2 partial=True
[11:00:11.203] [D] [Pulse] Slow bot root: 1071ms bot=Wholesome Auto Quest poi=QuestTurnIn combat=False
[11:00:11.540] [D] [Pulse] Slow plugin: name=AutoEquip2 elapsed=297ms
[11:00:11.605] [D] [Pulse] Slow plugin: name=Tidy Bags 3 Reloaded elapsed=63ms
[11:00:11.605] [D] [Pulse] Slow shared pulse: total=402ms movement=0 objects=0 lua=0 info=0 loot=1 targeting=37 events=0 plugins=362 routine=0
[11:00:13.359] [D] [Pulse] Slow bot root: 1087ms bot=Wholesome Auto Quest poi=QuestTurnIn combat=False
[11:00:14.650] [D] [Pulse] Slow bot root: 534ms bot=Wholesome Auto Quest poi=QuestTurnIn combat=False
[11:00:16.506] [D] [Nav] MoveTo failed: map=1 from=(-5478.87, -2393.74, 56.96) to=(-5454.95, -2442.79, 90.02) result=Failed pathCount=2 pathIndex=2 partial=True
[11:00:16.506] [D] [Pulse] Slow bot root: 1086ms bot=Wholesome Auto Quest poi=QuestTurnIn combat=False
[11:00:17.794] [N] Blacklisting Nyse for 5 minutes because we can't navigate to it.
[11:00:17.794] [D] Blacklisting F1300010DD0B9A95 for 00:05:00
[11:00:18.756] [D] [Pulse] Slow bot root: 1434ms bot=Wholesome Auto Quest poi=QuestTurnIn combat=False
[11:00:20.096] [D] [Pulse] Slow bot root: 596ms bot=Wholesome Auto Quest poi=QuestTurnIn combat=False
[11:00:21.960] [D] [Nav] MoveTo failed: map=1 from=(-5478.87, -2393.74, 56.96) to=(-5454.95, -2442.79, 90.02) result=Failed pathCount=2 pathIndex=2 partial=True
[11:00:21.960] [D] [Pulse] Slow bot root: 1092ms bot=Wholesome Auto Quest poi=QuestTurnIn combat=False
[11:00:22.305] [D] [Pulse] Slow plugin: name=AutoEquip2 elapsed=297ms
[11:00:22.371] [D] [Pulse] Slow plugin: name=Tidy Bags 3 Reloaded elapsed=64ms
[11:00:22.371] [D] [Pulse] Slow shared pulse: total=411ms movement=0 objects=0 lua=8 info=0 loot=1 targeting=37 events=0 plugins=363 routine=0
[11:00:22.371] [N] [Wholesome Auto Quest] Quest recovery retry is due; queuing one scheduler rebuild.
[11:00:23.051] [D] Activity: No eligible quest work; idle until 2026-09-12T04:00:23.0459783Z. quest-log-full=25/25; deferred new pickups while retaining accepted quest work. excluded quest=1062;stage=TurnIn;npc=4049;reason=outside-scan-radius;retry=context-change excluded quest=1069;stage=Objective;objective=0;reason=outside-scan-radius;retry=context-change. excluded quest=1087;stage=Objective;objective=2;reason=outside-scan-radius;retry=context-change. excluded quest=1093;stage=Objective;scope=Objective;objective=0;retry=2026-09-12T04:00:23.0459783Z;state=HalfOpen. excluded quest=4841;stage=TurnIn;scope=NpcRelation;npc=10537;retry=context-change;state=Attempting. excluded quest=4921;stage=Objective;objective=0;reason=outside-scan-radius;retry=context-change. excluded quest=5147;stage=Objective;scope=Objective;objective=0;retry=2026-09-12T04:00:23.0459783Z;state=HalfOpen. excluded quest=6382;stage=TurnIn;npc=12696;reason=outside-scan-radius;retry=context-change excluded quest=6393;stage=Objective;scope=Objective;objective=0;retry=2026-09-12T04:00:23.0459783Z;state=HalfOpen. excluded quest=6441;stage=Objective;scope=Objective;objective=0;retry=2026-09-12T04:00:23.0459783Z;state=HalfOpen. excluded quest=6461;stage=TurnIn;npc=12816;reason=outside-scan-radius;retry=context-change excluded quest=6543;stage=Objective;scope=Objective;objective=0;retry=2026-09-12T04:00:23.0459783Z;state=HalfOpen. excluded quest=846;stage=Objective;scope=Objective;objective=0;retry=2026-09-12T08:00:20.3981060Z;state=Quarantined. excluded quest=846;stage=Objective;scope=Objective;objective=1;retry=2026-09-12T08:00:20.4032154Z;state=Quarantined. excluded quest=846;stage=Objective;scope=Objective;objective=2;retry=2026-09-12T08:00:20.4032904Z;state=Quarantined. excluded quest=8487;stage=TurnIn;scope=QuestStage;retry=2026-09-12T04:00:23.0459783Z;state=HalfOpen. excluded quest=867;stage=Objective;scope=Objective;objective=0;retry=2026-09-12T08:00:20.4052045Z;state=Quarantined. excluded quest=868;stage=TurnIn;npc=3428;reason=outside-scan-radius;retry=context-change excluded quest=879;stage=Objective;objective=2;reason=no-known-hotspots;retry=context-change. excluded quest=879;stage=Objective;scope=Objective;objective=0;retry=2026-09-12T08:00:20.4113339Z;state=Quarantined. excluded quest=879;stage=Objective;scope=Objective;objective=1;retry=2026-09-12T08:00:20.4113858Z;state=Quarantined. excluded quest=8889;stage=Objective;objective=0;reason=outside-scan-radius;retry=context-change. excluded quest=8889;stage=Objective;objective=1;reason=outside-scan-radius;retry=context-change. excluded quest=8889;stage=Objective;objective=2;reason=outside-scan-radius;retry=context-change. excluded quest=891;stage=Objective;objective=0;reason=outside-scan-radius;retry=context-change. excluded quest=891;stage=Objective;objective=2;reason=outside-scan-radius;retry=context-change. excluded quest=893;stage=Objective;objective=0;reason=no-known-hotspots;retry=context-change. excluded quest=893;stage=Objective;objective=1;reason=no-known-hotspots;retry=context-change. excluded quest=893;stage=Objective;objective=2;reason=no-known-hotspots;retry=context-change. excluded quest=896;stage=Objective;objective=0;reason=no-known-hotspots;retry=context-change. excluded quest=9067;stage=Objective;scope=Objective;objective=0;retry=2026-09-12T04:00:23.0459783Z;state=HalfOpen. excluded quest=9157;stage=TurnIn;scope=QuestStage;retry=2026-09-12T04:00:23.0459783Z;state=HalfOpen. excluded quest=9431;stage=Objective;scope=Objective;objective=0;retry=2026-09-12T04:00:23.0459783Z;state=HalfOpen. Expanding scan radius from 250 to 500 yards before fallback.
[11:00:24.443] [D] Activity: No eligible quest work; idle until 2026-09-12T04:00:23.0459783Z. quest-log-full=25/25; deferred new pickups while retaining accepted quest work. excluded quest=1062;stage=TurnIn;npc=4049;reason=outside-scan-radius;retry=context-change excluded quest=1069;stage=Objective;objective=0;reason=outside-scan-radius;retry=context-change. excluded quest=1087;stage=Objective;objective=2;reason=outside-scan-radius;retry=context-change. excluded quest=1093;stage=Objective;scope=Objective;objective=0;retry=2026-09-12T04:00:23.0459783Z;state=HalfOpen. excluded quest=4841;stage=TurnIn;scope=NpcRelation;npc=10537;retry=context-change;state=Attempting. excluded quest=4921;stage=Objective;objective=0;reason=outside-scan-radius;retry=context-change. excluded quest=5147;stage=Objective;scope=Objective;objective=0;retry=2026-09-12T04:00:23.0459783Z;state=HalfOpen. excluded quest=6382;stage=TurnIn;npc=12696;reason=outside-scan-radius;retry=context-change excluded quest=6393;stage=Objective;scope=Objective;objective=0;retry=2026-09-12T04:00:23.0459783Z;state=HalfOpen. excluded quest=6441;stage=Objective;scope=Objective;objective=0;retry=2026-09-12T04:00:23.0459783Z;state=HalfOpen. excluded quest=6461;stage=TurnIn;npc=12816;reason=outside-scan-radius;retry=context-change excluded quest=6543;stage=Objective;scope=Objective;objective=0;retry=2026-09-12T04:00:23.0459783Z;state=HalfOpen. excluded quest=846;stage=Objective;scope=Objective;objective=0;retry=2026-09-12T08:00:20.3981060Z;state=Quarantined. excluded quest=846;stage=Objective;scope=Objective;objective=1;retry=2026-09-12T08:00:20.4032154Z;state=Quarantined. excluded quest=846;stage=Objective;scope=Objective;objective=2;retry=2026-09-12T08:00:20.4032904Z;state=Quarantined. excluded quest=8487;stage=TurnIn;scope=QuestStage;retry=2026-09-12T04:00:23.0459783Z;state=HalfOpen. excluded quest=867;stage=Objective;scope=Objective;objective=0;retry=2026-09-12T08:00:20.4052045Z;state=Quarantined. excluded quest=868;stage=TurnIn;npc=3428;reason=outside-scan-radius;retry=context-change excluded quest=879;stage=Objective;scope=Objective;objective=0;retry=2026-09-12T08:00:20.4113339Z;state=Quarantined. excluded quest=879;stage=Objective;scope=Objective;objective=1;retry=2026-09-12T08:00:20.4113858Z;state=Quarantined. excluded quest=879;stage=Objective;scope=Objective;objective=2;retry=2026-09-12T09:00:23.0435238Z;state=Quarantined. excluded quest=8889;stage=Objective;objective=0;reason=outside-scan-radius;retry=context-change. excluded quest=8889;stage=Objective;objective=1;reason=outside-scan-radius;retry=context-change. excluded quest=8889;stage=Objective;objective=2;reason=outside-scan-radius;retry=context-change. excluded quest=891;stage=Objective;scope=QuestStage;retry=2026-09-12T04:00:23.0459783Z;state=HalfOpen. excluded quest=893;stage=Objective;scope=Objective;objective=0;retry=2026-09-12T09:00:23.0476089Z;state=Quarantined. excluded quest=893;stage=Objective;scope=Objective;objective=1;retry=2026-09-12T09:00:23.0476695Z;state=Quarantined. excluded quest=893;stage=Objective;scope=Objective;objective=2;retry=2026-09-12T09:00:23.0477631Z;state=Quarantined. excluded quest=896;stage=Objective;scope=Objective;objective=0;retry=2026-09-12T09:00:23.0478360Z;state=Quarantined. excluded quest=9067;stage=Objective;scope=Objective;objective=0;retry=2026-09-12T04:00:23.0459783Z;state=HalfOpen. excluded quest=9157;stage=TurnIn;scope=QuestStage;retry=2026-09-12T04:00:23.0459783Z;state=HalfOpen. excluded quest=9431;stage=Objective;scope=Objective;objective=0;retry=2026-09-12T04:00:23.0459783Z;state=HalfOpen. Expanding scan radius from 500 to 750 yards before fallback.
[11:00:25.851] [D] Activity: No eligible quest work; idle until 2026-09-12T04:00:23.0459783Z. quest-log-full=25/25; deferred new pickups while retaining accepted quest work. excluded quest=1062;stage=TurnIn;npc=4049;reason=outside-scan-radius;retry=context-change excluded quest=1069;stage=Objective;objective=0;reason=outside-scan-radius;retry=context-change. excluded quest=1087;stage=Objective;objective=2;reason=outside-scan-radius;retry=context-change. excluded quest=1093;stage=Objective;scope=Objective;objective=0;retry=2026-09-12T04:00:23.0459783Z;state=HalfOpen. excluded quest=4841;stage=TurnIn;scope=NpcRelation;npc=10537;retry=context-change;state=Attempting. excluded quest=4921;stage=Objective;objective=0;reason=outside-scan-radius;retry=context-change. excluded quest=5147;stage=Objective;scope=Objective;objective=0;retry=2026-09-12T04:00:23.0459783Z;state=HalfOpen. excluded quest=6382;stage=TurnIn;npc=12696;reason=outside-scan-radius;retry=context-change excluded quest=6393;stage=Objective;scope=Objective;objective=0;retry=2026-09-12T04:00:23.0459783Z;state=HalfOpen. excluded quest=6441;stage=Objective;scope=Objective;objective=0;retry=2026-09-12T04:00:23.0459783Z;state=HalfOpen. excluded quest=6461;stage=TurnIn;npc=12816;reason=outside-scan-radius;retry=context-change excluded quest=6543;stage=Objective;scope=Objective;objective=0;retry=2026-09-12T04:00:23.0459783Z;state=HalfOpen. excluded quest=846;stage=Objective;scope=Objective;objective=0;retry=2026-09-12T08:00:20.3981060Z;state=Quarantined. excluded quest=846;stage=Objective;scope=Objective;objective=1;retry=2026-09-12T08:00:20.4032154Z;state=Quarantined. excluded quest=846;stage=Objective;scope=Objective;objective=2;retry=2026-09-12T08:00:20.4032904Z;state=Quarantined. excluded quest=8487;stage=TurnIn;scope=QuestStage;retry=2026-09-12T04:00:23.0459783Z;state=HalfOpen. excluded quest=867;stage=Objective;scope=Objective;objective=0;retry=2026-09-12T08:00:20.4052045Z;state=Quarantined. excluded quest=868;stage=TurnIn;npc=3428;reason=outside-scan-radius;retry=context-change excluded quest=879;stage=Objective;scope=Objective;objective=0;retry=2026-09-12T08:00:20.4113339Z;state=Quarantined. excluded quest=879;stage=Objective;scope=Objective;objective=1;retry=2026-09-12T08:00:20.4113858Z;state=Quarantined. excluded quest=879;stage=Objective;scope=Objective;objective=2;retry=2026-09-12T09:00:23.0435238Z;state=Quarantined. excluded quest=8889;stage=Objective;objective=0;reason=outside-scan-radius;retry=context-change. excluded quest=8889;stage=Objective;objective=1;reason=outside-scan-radius;retry=context-change. excluded quest=8889;stage=Objective;objective=2;reason=outside-scan-radius;retry=context-change. excluded quest=891;stage=Objective;scope=QuestStage;retry=2026-09-12T04:00:23.0459783Z;state=HalfOpen. excluded quest=893;stage=Objective;scope=Objective;objective=0;retry=2026-09-12T09:00:23.0476089Z;state=Quarantined. excluded quest=893;stage=Objective;scope=Objective;objective=1;retry=2026-09-12T09:00:23.0476695Z;state=Quarantined. excluded quest=893;stage=Objective;scope=Objective;objective=2;retry=2026-09-12T09:00:23.0477631Z;state=Quarantined. excluded quest=896;stage=Objective;scope=Objective;objective=0;retry=2026-09-12T09:00:23.0478360Z;state=Quarantined. excluded quest=9067;stage=Objective;scope=Objective;objective=0;retry=2026-09-12T04:00:23.0459783Z;state=HalfOpen. excluded quest=9157;stage=TurnIn;scope=QuestStage;retry=2026-09-12T04:00:23.0459783Z;state=HalfOpen. excluded quest=9431;stage=Objective;scope=Objective;objective=0;retry=2026-09-12T04:00:23.0459783Z;state=HalfOpen. Expanding scan radius from 750 to 1000 yards before fallback.
[11:00:27.264] [D] Activity: No eligible quest work; idle until 2026-09-12T04:00:23.0459783Z. quest-log-full=25/25; deferred new pickups while retaining accepted quest work. excluded quest=1062;stage=TurnIn;npc=4049;reason=outside-scan-radius;retry=context-change excluded quest=1069;stage=Objective;objective=0;reason=outside-scan-radius;retry=context-change. excluded quest=1087;stage=Objective;objective=2;reason=outside-scan-radius;retry=context-change. excluded quest=1093;stage=Objective;scope=Objective;objective=0;retry=2026-09-12T04:00:23.0459783Z;state=HalfOpen. excluded quest=4841;stage=TurnIn;scope=NpcRelation;npc=10537;retry=context-change;state=Attempting. excluded quest=4921;stage=Objective;objective=0;reason=outside-scan-radius;retry=context-change. excluded quest=5147;stage=Objective;scope=Objective;objective=0;retry=2026-09-12T04:00:23.0459783Z;state=HalfOpen. excluded quest=6382;stage=TurnIn;npc=12696;reason=outside-scan-radius;retry=context-change excluded quest=6393;stage=Objective;scope=Objective;objective=0;retry=2026-09-12T04:00:23.0459783Z;state=HalfOpen. excluded quest=6441;stage=Objective;scope=Objective;objective=0;retry=2026-09-12T04:00:23.0459783Z;state=HalfOpen. excluded quest=6461;stage=TurnIn;npc=12816;reason=outside-scan-radius;retry=context-change excluded quest=6543;stage=Objective;scope=Objective;objective=0;retry=2026-09-12T04:00:23.0459783Z;state=HalfOpen. excluded quest=846;stage=Objective;scope=Objective;objective=0;retry=2026-09-12T08:00:20.3981060Z;state=Quarantined. excluded quest=846;stage=Objective;scope=Objective;objective=1;retry=2026-09-12T08:00:20.4032154Z;state=Quarantined. excluded quest=846;stage=Objective;scope=Objective;objective=2;retry=2026-09-12T08:00:20.4032904Z;state=Quarantined. excluded quest=8487;stage=TurnIn;scope=QuestStage;retry=2026-09-12T04:00:23.0459783Z;state=HalfOpen. excluded quest=867;stage=Objective;scope=Objective;objective=0;retry=2026-09-12T08:00:20.4052045Z;state=Quarantined. excluded quest=868;stage=TurnIn;npc=3428;reason=outside-scan-radius;retry=context-change excluded quest=879;stage=Objective;scope=Objective;objective=0;retry=2026-09-12T08:00:20.4113339Z;state=Quarantined. excluded quest=879;stage=Objective;scope=Objective;objective=1;retry=2026-09-12T08:00:20.4113858Z;state=Quarantined. excluded quest=879;stage=Objective;scope=Objective;objective=2;retry=2026-09-12T09:00:23.0435238Z;state=Quarantined. excluded quest=8889;stage=Objective;objective=0;reason=outside-scan-radius;retry=context-change. excluded quest=8889;stage=Objective;objective=1;reason=outside-scan-radius;retry=context-change. excluded quest=8889;stage=Objective;objective=2;reason=outside-scan-radius;retry=context-change. excluded quest=891;stage=Objective;scope=QuestStage;retry=2026-09-12T04:00:23.0459783Z;state=HalfOpen. excluded quest=893;stage=Objective;scope=Objective;objective=0;retry=2026-09-12T09:00:23.0476089Z;state=Quarantined. excluded quest=893;stage=Objective;scope=Objective;objective=1;retry=2026-09-12T09:00:23.0476695Z;state=Quarantined. excluded quest=893;stage=Objective;scope=Objective;objective=2;retry=2026-09-12T09:00:23.0477631Z;state=Quarantined. excluded quest=896;stage=Objective;scope=Objective;objective=0;retry=2026-09-12T09:00:23.0478360Z;state=Quarantined. excluded quest=9067;stage=Objective;scope=Objective;objective=0;retry=2026-09-12T04:00:23.0459783Z;state=HalfOpen. excluded quest=9157;stage=TurnIn;scope=QuestStage;retry=2026-09-12T04:00:23.0459783Z;state=HalfOpen. excluded quest=9431;stage=Objective;scope=Objective;objective=0;retry=2026-09-12T04:00:23.0459783Z;state=HalfOpen. Expanding scan radius from 1000 to 1250 yards before fallback.
[11:00:28.697] [D] Activity: No eligible quest work; idle until 2026-09-12T04:00:23.0459783Z. quest-log-full=25/25; deferred new pickups while retaining accepted quest work. excluded quest=1062;stage=TurnIn;npc=4049;reason=outside-scan-radius;retry=context-change excluded quest=1069;stage=Objective;objective=0;reason=outside-scan-radius;retry=context-change. excluded quest=1087;stage=Objective;objective=2;reason=outside-scan-radius;retry=context-change. excluded quest=1093;stage=Objective;scope=Objective;objective=0;retry=2026-09-12T04:00:23.0459783Z;state=HalfOpen. excluded quest=4841;stage=TurnIn;scope=NpcRelation;npc=10537;retry=context-change;state=Attempting. excluded quest=4921;stage=Objective;objective=0;reason=outside-scan-radius;retry=context-change. excluded quest=5147;stage=Objective;scope=Objective;objective=0;retry=2026-09-12T04:00:23.0459783Z;state=HalfOpen. excluded quest=6382;stage=TurnIn;npc=12696;reason=outside-scan-radius;retry=context-change excluded quest=6393;stage=Objective;scope=Objective;objective=0;retry=2026-09-12T04:00:23.0459783Z;state=HalfOpen. excluded quest=6441;stage=Objective;scope=Objective;objective=0;retry=2026-09-12T04:00:23.0459783Z;state=HalfOpen. excluded quest=6461;stage=TurnIn;npc=12816;reason=outside-scan-radius;retry=context-change excluded quest=6543;stage=Objective;scope=Objective;objective=0;retry=2026-09-12T04:00:23.0459783Z;state=HalfOpen. excluded quest=846;stage=Objective;scope=Objective;objective=0;retry=2026-09-12T08:00:20.3981060Z;state=Quarantined. excluded quest=846;stage=Objective;scope=Objective;objective=1;retry=2026-09-12T08:00:20.4032154Z;state=Quarantined. excluded quest=846;stage=Objective;scope=Objective;objective=2;retry=2026-09-12T08:00:20.4032904Z;state=Quarantined. excluded quest=8487;stage=TurnIn;scope=QuestStage;retry=2026-09-12T04:00:23.0459783Z;state=HalfOpen. excluded quest=867;stage=Objective;scope=Objective;objective=0;retry=2026-09-12T08:00:20.4052045Z;state=Quarantined. excluded quest=868;stage=TurnIn;npc=3428;reason=outside-scan-radius;retry=context-change excluded quest=879;stage=Objective;scope=Objective;objective=0;retry=2026-09-12T08:00:20.4113339Z;state=Quarantined. excluded quest=879;stage=Objective;scope=Objective;objective=1;retry=2026-09-12T08:00:20.4113858Z;state=Quarantined. excluded quest=879;stage=Objective;scope=Objective;objective=2;retry=2026-09-12T09:00:23.0435238Z;state=Quarantined. excluded quest=8889;stage=Objective;objective=0;reason=outside-scan-radius;retry=context-change. excluded quest=8889;stage=Objective;objective=1;reason=outside-scan-radius;retry=context-change. excluded quest=8889;stage=Objective;objective=2;reason=outside-scan-radius;retry=context-change. excluded quest=891;stage=Objective;scope=QuestStage;retry=2026-09-12T04:00:23.0459783Z;state=HalfOpen. excluded quest=893;stage=Objective;scope=Objective;objective=0;retry=2026-09-12T09:00:23.0476089Z;state=Quarantined. excluded quest=893;stage=Objective;scope=Objective;objective=1;retry=2026-09-12T09:00:23.0476695Z;state=Quarantined. excluded quest=893;stage=Objective;scope=Objective;objective=2;retry=2026-09-12T09:00:23.0477631Z;state=Quarantined. excluded quest=896;stage=Objective;scope=Objective;objective=0;retry=2026-09-12T09:00:23.0478360Z;state=Quarantined. excluded quest=9067;stage=Objective;scope=Objective;objective=0;retry=2026-09-12T04:00:23.0459783Z;state=HalfOpen. excluded quest=9157;stage=TurnIn;scope=QuestStage;retry=2026-09-12T04:00:23.0459783Z;state=HalfOpen. excluded quest=9431;stage=Objective;scope=Objective;objective=0;retry=2026-09-12T04:00:23.0459783Z;state=HalfOpen. Expanding scan radius from 1250 to 1500 yards before fallback.
[11:00:30.100] [D] Activity: No eligible quest work; idle until 2026-09-12T04:00:23.0459783Z. quest-log-full=25/25; deferred new pickups while retaining accepted quest work. excluded quest=1062;stage=TurnIn;npc=4049;reason=outside-scan-radius;retry=context-change excluded quest=1069;stage=Objective;objective=0;reason=outside-scan-radius;retry=context-change. excluded quest=1087;stage=Objective;objective=2;reason=outside-scan-radius;retry=context-change. excluded quest=1093;stage=Objective;scope=Objective;objective=0;retry=2026-09-12T04:00:23.0459783Z;state=HalfOpen. excluded quest=4841;stage=TurnIn;scope=NpcRelation;npc=10537;retry=context-change;state=Attempting. excluded quest=4921;stage=Objective;objective=0;reason=outside-scan-radius;retry=context-change. excluded quest=5147;stage=Objective;scope=Objective;objective=0;retry=2026-09-12T04:00:23.0459783Z;state=HalfOpen. excluded quest=6382;stage=TurnIn;npc=12696;reason=outside-scan-radius;retry=context-change excluded quest=6393;stage=Objective;scope=Objective;objective=0;retry=2026-09-12T04:00:23.0459783Z;state=HalfOpen. excluded quest=6441;stage=Objective;scope=Objective;objective=0;retry=2026-09-12T04:00:23.0459783Z;state=HalfOpen. excluded quest=6461;stage=TurnIn;npc=12816;reason=outside-scan-radius;retry=context-change excluded quest=6543;stage=Objective;scope=Objective;objective=0;retry=2026-09-12T04:00:23.0459783Z;state=HalfOpen. excluded quest=846;stage=Objective;scope=Objective;objective=0;retry=2026-09-12T08:00:20.3981060Z;state=Quarantined. excluded quest=846;stage=Objective;scope=Objective;objective=1;retry=2026-09-12T08:00:20.4032154Z;state=Quarantined. excluded quest=846;stage=Objective;scope=Objective;objective=2;retry=2026-09-12T08:00:20.4032904Z;state=Quarantined. excluded quest=8487;stage=TurnIn;scope=QuestStage;retry=2026-09-12T04:00:23.0459783Z;state=HalfOpen. excluded quest=867;stage=Objective;scope=Objective;objective=0;retry=2026-09-12T08:00:20.4052045Z;state=Quarantined. excluded quest=868;stage=TurnIn;npc=3428;reason=outside-scan-radius;retry=context-change excluded quest=879;stage=Objective;scope=Objective;objective=0;retry=2026-09-12T08:00:20.4113339Z;state=Quarantined. excluded quest=879;stage=Objective;scope=Objective;objective=1;retry=2026-09-12T08:00:20.4113858Z;state=Quarantined. excluded quest=879;stage=Objective;scope=Objective;objective=2;retry=2026-09-12T09:00:23.0435238Z;state=Quarantined. excluded quest=8889;stage=Objective;objective=0;reason=outside-scan-radius;retry=context-change. excluded quest=8889;stage=Objective;objective=1;reason=outside-scan-radius;retry=context-change. excluded quest=8889;stage=Objective;objective=2;reason=outside-scan-radius;retry=context-change. excluded quest=891;stage=Objective;scope=QuestStage;retry=2026-09-12T04:00:23.0459783Z;state=HalfOpen. excluded quest=893;stage=Objective;scope=Objective;objective=0;retry=2026-09-12T09:00:23.0476089Z;state=Quarantined. excluded quest=893;stage=Objective;scope=Objective;objective=1;retry=2026-09-12T09:00:23.0476695Z;state=Quarantined. excluded quest=893;stage=Objective;scope=Objective;objective=2;retry=2026-09-12T09:00:23.0477631Z;state=Quarantined. excluded quest=896;stage=Objective;scope=Objective;objective=0;retry=2026-09-12T09:00:23.0478360Z;state=Quarantined. excluded quest=9067;stage=Objective;scope=Objective;objective=0;retry=2026-09-12T04:00:23.0459783Z;state=HalfOpen. excluded quest=9157;stage=TurnIn;scope=QuestStage;retry=2026-09-12T04:00:23.0459783Z;state=HalfOpen. excluded quest=9431;stage=Objective;scope=Objective;objective=0;retry=2026-09-12T04:00:23.0459783Z;state=HalfOpen. Expanding scan radius from 1500 to 1750 yards before fallback.
[11:00:31.503] [D] Activity: No eligible quest work; idle until 2026-09-12T04:00:23.0459783Z. quest-log-full=25/25; deferred new pickups while retaining accepted quest work. excluded quest=1062;stage=TurnIn;npc=4049;reason=outside-scan-radius;retry=context-change excluded quest=1069;stage=Objective;objective=0;reason=outside-scan-radius;retry=context-change. excluded quest=1087;stage=Objective;objective=2;reason=outside-scan-radius;retry=context-change. excluded quest=1093;stage=Objective;scope=Objective;objective=0;retry=2026-09-12T04:00:23.0459783Z;state=HalfOpen. excluded quest=4841;stage=TurnIn;scope=NpcRelation;npc=10537;retry=context-change;state=Attempting. excluded quest=4921;stage=Objective;objective=0;reason=outside-scan-radius;retry=context-change. excluded quest=5147;stage=Objective;scope=Objective;objective=0;retry=2026-09-12T04:00:23.0459783Z;state=HalfOpen. excluded quest=6382;stage=TurnIn;npc=12696;reason=outside-scan-radius;retry=context-change excluded quest=6393;stage=Objective;scope=Objective;objective=0;retry=2026-09-12T04:00:23.0459783Z;state=HalfOpen. excluded quest=6441;stage=Objective;scope=Objective;objective=0;retry=2026-09-12T04:00:23.0459783Z;state=HalfOpen. excluded quest=6461;stage=TurnIn;npc=12816;reason=outside-scan-radius;retry=context-change excluded quest=6543;stage=Objective;scope=Objective;objective=0;retry=2026-09-12T04:00:23.0459783Z;state=HalfOpen. excluded quest=846;stage=Objective;scope=Objective;objective=0;retry=2026-09-12T08:00:20.3981060Z;state=Quarantined. excluded quest=846;stage=Objective;scope=Objective;objective=1;retry=2026-09-12T08:00:20.4032154Z;state=Quarantined. excluded quest=846;stage=Objective;scope=Objective;objective=2;retry=2026-09-12T08:00:20.4032904Z;state=Quarantined. excluded quest=8487;stage=TurnIn;scope=QuestStage;retry=2026-09-12T04:00:23.0459783Z;state=HalfOpen. excluded quest=867;stage=Objective;scope=Objective;objective=0;retry=2026-09-12T08:00:20.4052045Z;state=Quarantined. excluded quest=868;stage=TurnIn;npc=3428;reason=outside-scan-radius;retry=context-change excluded quest=879;stage=Objective;scope=Objective;objective=0;retry=2026-09-12T08:00:20.4113339Z;state=Quarantined. excluded quest=879;stage=Objective;scope=Objective;objective=1;retry=2026-09-12T08:00:20.4113858Z;state=Quarantined. excluded quest=879;stage=Objective;scope=Objective;objective=2;retry=2026-09-12T09:00:23.0435238Z;state=Quarantined. excluded quest=8889;stage=Objective;objective=0;reason=outside-scan-radius;retry=context-change. excluded quest=8889;stage=Objective;objective=1;reason=outside-scan-radius;retry=context-change. excluded quest=8889;stage=Objective;objective=2;reason=outside-scan-radius;retry=context-change. excluded quest=891;stage=Objective;scope=QuestStage;retry=2026-09-12T04:00:23.0459783Z;state=HalfOpen. excluded quest=893;stage=Objective;scope=Objective;objective=0;retry=2026-09-12T09:00:23.0476089Z;state=Quarantined. excluded quest=893;stage=Objective;scope=Objective;objective=1;retry=2026-09-12T09:00:23.0476695Z;state=Quarantined. excluded quest=893;stage=Objective;scope=Objective;objective=2;retry=2026-09-12T09:00:23.0477631Z;state=Quarantined. excluded quest=896;stage=Objective;scope=Objective;objective=0;retry=2026-09-12T09:00:23.0478360Z;state=Quarantined. excluded quest=9067;stage=Objective;scope=Objective;objective=0;retry=2026-09-12T04:00:23.0459783Z;state=HalfOpen. excluded quest=9157;stage=TurnIn;scope=QuestStage;retry=2026-09-12T04:00:23.0459783Z;state=HalfOpen. excluded quest=9431;stage=Objective;scope=Objective;objective=0;retry=2026-09-12T04:00:23.0459783Z;state=HalfOpen. Expanding scan radius from 1750 to 2000 yards before fallback.
[11:00:32.470] [D] [Pulse] Slow plugin: name=AutoEquip2 elapsed=296ms
[11:00:32.536] [D] [Pulse] Slow plugin: name=Tidy Bags 3 Reloaded elapsed=65ms
[11:00:32.536] [D] [Pulse] Slow shared pulse: total=400ms movement=0 objects=0 lua=0 info=0 loot=1 targeting=36 events=0 plugins=362 routine=0
[11:00:33.205] [D] Activity: No eligible quest work; idle until 2026-09-12T04:00:23.0459783Z. quest-log-full=25/25; deferred new pickups while retaining accepted quest work. excluded quest=1062;stage=TurnIn;npc=4049;reason=outside-scan-radius;retry=context-change excluded quest=1069;stage=Objective;objective=0;reason=outside-scan-radius;retry=context-change. excluded quest=1087;stage=Objective;objective=2;reason=outside-scan-radius;retry=context-change. excluded quest=1093;stage=Objective;scope=Objective;objective=0;retry=2026-09-12T04:00:23.0459783Z;state=HalfOpen. excluded quest=4841;stage=TurnIn;scope=NpcRelation;npc=10537;retry=context-change;state=Attempting. excluded quest=4921;stage=Objective;objective=0;reason=outside-scan-radius;retry=context-change. excluded quest=5147;stage=Objective;scope=Objective;objective=0;retry=2026-09-12T04:00:23.0459783Z;state=HalfOpen. excluded quest=6382;stage=TurnIn;npc=12696;reason=outside-scan-radius;retry=context-change excluded quest=6393;stage=Objective;scope=Objective;objective=0;retry=2026-09-12T04:00:23.0459783Z;state=HalfOpen. excluded quest=6441;stage=Objective;scope=Objective;objective=0;retry=2026-09-12T04:00:23.0459783Z;state=HalfOpen. excluded quest=6461;stage=TurnIn;npc=12816;reason=outside-scan-radius;retry=context-change excluded quest=6543;stage=Objective;scope=Objective;objective=0;retry=2026-09-12T04:00:23.0459783Z;state=HalfOpen. excluded quest=846;stage=Objective;scope=Objective;objective=0;retry=2026-09-12T08:00:20.3981060Z;state=Quarantined. excluded quest=846;stage=Objective;scope=Objective;objective=1;retry=2026-09-12T08:00:20.4032154Z;state=Quarantined. excluded quest=846;stage=Objective;scope=Objective;objective=2;retry=2026-09-12T08:00:20.4032904Z;state=Quarantined. excluded quest=8487;stage=TurnIn;scope=QuestStage;retry=2026-09-12T04:00:23.0459783Z;state=HalfOpen. excluded quest=867;stage=Objective;scope=Objective;objective=0;retry=2026-09-12T08:00:20.4052045Z;state=Quarantined. excluded quest=868;stage=TurnIn;npc=3428;reason=outside-scan-radius;retry=context-change excluded quest=879;stage=Objective;scope=Objective;objective=0;retry=2026-09-12T08:00:20.4113339Z;state=Quarantined. excluded quest=879;stage=Objective;scope=Objective;objective=1;retry=2026-09-12T08:00:20.4113858Z;state=Quarantined. excluded quest=879;stage=Objective;scope=Objective;objective=2;retry=2026-09-12T09:00:23.0435238Z;state=Quarantined. excluded quest=8889;stage=Objective;objective=0;reason=outside-scan-radius;retry=context-change. excluded quest=8889;stage=Objective;objective=1;reason=outside-scan-radius;retry=context-change. excluded quest=8889;stage=Objective;objective=2;reason=outside-scan-radius;retry=context-change. excluded quest=891;stage=Objective;scope=QuestStage;retry=2026-09-12T04:00:23.0459783Z;state=HalfOpen. excluded quest=893;stage=Objective;scope=Objective;objective=0;retry=2026-09-12T09:00:23.0476089Z;state=Quarantined. excluded quest=893;stage=Objective;scope=Objective;objective=1;retry=2026-09-12T09:00:23.0476695Z;state=Quarantined. excluded quest=893;stage=Objective;scope=Objective;objective=2;retry=2026-09-12T09:00:23.0477631Z;state=Quarantined. excluded quest=896;stage=Objective;scope=Objective;objective=0;retry=2026-09-12T09:00:23.0478360Z;state=Quarantined. excluded quest=9067;stage=Objective;scope=Objective;objective=0;retry=2026-09-12T04:00:23.0459783Z;state=HalfOpen. excluded quest=9157;stage=TurnIn;scope=QuestStage;retry=2026-09-12T04:00:23.0459783Z;state=HalfOpen. excluded quest=9431;stage=Objective;scope=Objective;objective=0;retry=2026-09-12T04:00:23.0459783Z;state=HalfOpen. Expanding scan radius from 2000 to 2250 yards before fallback.
[11:00:34.648] [D] Activity: No eligible quest work; idle until 2026-09-12T04:00:23.0459783Z. quest-log-full=25/25; deferred new pickups while retaining accepted quest work. excluded quest=1062;stage=TurnIn;npc=4049;reason=outside-scan-radius;retry=context-change excluded quest=1069;stage=Objective;objective=0;reason=outside-scan-radius;retry=context-change. excluded quest=1087;stage=Objective;objective=2;reason=outside-scan-radius;retry=context-change. excluded quest=1093;stage=Objective;scope=Objective;objective=0;retry=2026-09-12T04:00:23.0459783Z;state=HalfOpen. excluded quest=4841;stage=TurnIn;scope=NpcRelation;npc=10537;retry=context-change;state=Attempting. excluded quest=4921;stage=Objective;objective=0;reason=outside-scan-radius;retry=context-change. excluded quest=5147;stage=Objective;scope=Objective;objective=0;retry=2026-09-12T04:00:23.0459783Z;state=HalfOpen. excluded quest=6382;stage=TurnIn;npc=12696;reason=outside-scan-radius;retry=context-change excluded quest=6393;stage=Objective;scope=Objective;objective=0;retry=2026-09-12T04:00:23.0459783Z;state=HalfOpen. excluded quest=6441;stage=Objective;scope=Objective;objective=0;retry=2026-09-12T04:00:23.0459783Z;state=HalfOpen. excluded quest=6461;stage=TurnIn;npc=12816;reason=outside-scan-radius;retry=context-change excluded quest=6543;stage=Objective;scope=Objective;objective=0;retry=2026-09-12T04:00:23.0459783Z;state=HalfOpen. excluded quest=846;stage=Objective;scope=Objective;objective=0;retry=2026-09-12T08:00:20.3981060Z;state=Quarantined. excluded quest=846;stage=Objective;scope=Objective;objective=1;retry=2026-09-12T08:00:20.4032154Z;state=Quarantined. excluded quest=846;stage=Objective;scope=Objective;objective=2;retry=2026-09-12T08:00:20.4032904Z;state=Quarantined. excluded quest=8487;stage=TurnIn;scope=QuestStage;retry=2026-09-12T04:00:23.0459783Z;state=HalfOpen. excluded quest=867;stage=Objective;scope=Objective;objective=0;retry=2026-09-12T08:00:20.4052045Z;state=Quarantined. excluded quest=868;stage=TurnIn;npc=3428;reason=outside-scan-radius;retry=context-change excluded quest=879;stage=Objective;scope=Objective;objective=0;retry=2026-09-12T08:00:20.4113339Z;state=Quarantined. excluded quest=879;stage=Objective;scope=Objective;objective=1;retry=2026-09-12T08:00:20.4113858Z;state=Quarantined. excluded quest=879;stage=Objective;scope=Objective;objective=2;retry=2026-09-12T09:00:23.0435238Z;state=Quarantined. excluded quest=8889;stage=Objective;objective=0;reason=outside-scan-radius;retry=context-change. excluded quest=8889;stage=Objective;objective=1;reason=outside-scan-radius;retry=context-change. excluded quest=8889;stage=Objective;objective=2;reason=outside-scan-radius;retry=context-change. excluded quest=891;stage=Objective;scope=QuestStage;retry=2026-09-12T04:00:23.0459783Z;state=HalfOpen. excluded quest=893;stage=Objective;scope=Objective;objective=0;retry=2026-09-12T09:00:23.0476089Z;state=Quarantined. excluded quest=893;stage=Objective;scope=Objective;objective=1;retry=2026-09-12T09:00:23.0476695Z;state=Quarantined. excluded quest=893;stage=Objective;scope=Objective;objective=2;retry=2026-09-12T09:00:23.0477631Z;state=Quarantined. excluded quest=896;stage=Objective;scope=Objective;objective=0;retry=2026-09-12T09:00:23.0478360Z;state=Quarantined. excluded quest=9067;stage=Objective;scope=Objective;objective=0;retry=2026-09-12T04:00:23.0459783Z;state=HalfOpen. excluded quest=9157;stage=TurnIn;scope=QuestStage;retry=2026-09-12T04:00:23.0459783Z;state=HalfOpen. excluded quest=9431;stage=Objective;scope=Objective;objective=0;retry=2026-09-12T04:00:23.0459783Z;state=HalfOpen. Expanding scan radius from 2250 to 2500 yards before fallback.
[11:00:36.057] [D] Activity: No eligible quest work; idle until 2026-09-12T04:00:23.0459783Z. quest-log-full=25/25; deferred new pickups while retaining accepted quest work. excluded quest=1062;stage=TurnIn;npc=4049;reason=outside-scan-radius;retry=context-change excluded quest=1069;stage=Objective;objective=0;reason=outside-scan-radius;retry=context-change. excluded quest=1087;stage=Objective;objective=2;reason=outside-scan-radius;retry=context-change. excluded quest=1093;stage=Objective;scope=Objective;objective=0;retry=2026-09-12T04:00:23.0459783Z;state=HalfOpen. excluded quest=4841;stage=TurnIn;scope=NpcRelation;npc=10537;retry=context-change;state=Attempting. excluded quest=4921;stage=Objective;objective=0;reason=outside-scan-radius;retry=context-change. excluded quest=5147;stage=Objective;scope=Objective;objective=0;retry=2026-09-12T04:00:23.0459783Z;state=HalfOpen. excluded quest=6382;stage=TurnIn;npc=12696;reason=outside-scan-radius;retry=context-change excluded quest=6393;stage=Objective;scope=Objective;objective=0;retry=2026-09-12T04:00:23.0459783Z;state=HalfOpen. excluded quest=6441;stage=Objective;scope=Objective;objective=0;retry=2026-09-12T04:00:23.0459783Z;state=HalfOpen. excluded quest=6461;stage=TurnIn;npc=12816;reason=outside-scan-radius;retry=context-change excluded quest=6543;stage=Objective;scope=Objective;objective=0;retry=2026-09-12T04:00:23.0459783Z;state=HalfOpen. excluded quest=846;stage=Objective;scope=Objective;objective=0;retry=2026-09-12T08:00:20.3981060Z;state=Quarantined. excluded quest=846;stage=Objective;scope=Objective;objective=1;retry=2026-09-12T08:00:20.4032154Z;state=Quarantined. excluded quest=846;stage=Objective;scope=Objective;objective=2;retry=2026-09-12T08:00:20.4032904Z;state=Quarantined. excluded quest=8487;stage=TurnIn;scope=QuestStage;retry=2026-09-12T04:00:23.0459783Z;state=HalfOpen. excluded quest=867;stage=Objective;scope=Objective;objective=0;retry=2026-09-12T08:00:20.4052045Z;state=Quarantined. excluded quest=868;stage=TurnIn;npc=3428;reason=outside-scan-radius;retry=context-change excluded quest=879;stage=Objective;scope=Objective;objective=0;retry=2026-09-12T08:00:20.4113339Z;state=Quarantined. excluded quest=879;stage=Objective;scope=Objective;objective=1;retry=2026-09-12T08:00:20.4113858Z;state=Quarantined. excluded quest=879;stage=Objective;scope=Objective;objective=2;retry=2026-09-12T09:00:23.0435238Z;state=Quarantined. excluded quest=8889;stage=Objective;objective=0;reason=outside-scan-radius;retry=context-change. excluded quest=8889;stage=Objective;objective=1;reason=outside-scan-radius;retry=context-change. excluded quest=8889;stage=Objective;objective=2;reason=outside-scan-radius;retry=context-change. excluded quest=891;stage=Objective;scope=QuestStage;retry=2026-09-12T04:00:23.0459783Z;state=HalfOpen. excluded quest=893;stage=Objective;scope=Objective;objective=0;retry=2026-09-12T09:00:23.0476089Z;state=Quarantined. excluded quest=893;stage=Objective;scope=Objective;objective=1;retry=2026-09-12T09:00:23.0476695Z;state=Quarantined. excluded quest=893;stage=Objective;scope=Objective;objective=2;retry=2026-09-12T09:00:23.0477631Z;state=Quarantined. excluded quest=896;stage=Objective;scope=Objective;objective=0;retry=2026-09-12T09:00:23.0478360Z;state=Quarantined. excluded quest=9067;stage=Objective;scope=Objective;objective=0;retry=2026-09-12T04:00:23.0459783Z;state=HalfOpen. excluded quest=9157;stage=TurnIn;scope=QuestStage;retry=2026-09-12T04:00:23.0459783Z;state=HalfOpen. excluded quest=9431;stage=Objective;scope=Objective;objective=0;retry=2026-09-12T04:00:23.0459783Z;state=HalfOpen. Expanding scan radius from 2500 to 2750 yards before fallback.
[11:00:37.492] [D] Activity: No eligible quest work; idle until 2026-09-12T04:00:23.0459783Z. quest-log-full=25/25; deferred new pickups while retaining accepted quest work. excluded quest=1062;stage=TurnIn;npc=4049;reason=outside-scan-radius;retry=context-change excluded quest=1069;stage=Objective;objective=0;reason=outside-scan-radius;retry=context-change. excluded quest=1087;stage=Objective;objective=2;reason=outside-scan-radius;retry=context-change. excluded quest=1093;stage=Objective;scope=Objective;objective=0;retry=2026-09-12T04:00:23.0459783Z;state=HalfOpen. excluded quest=4841;stage=TurnIn;scope=NpcRelation;npc=10537;retry=context-change;state=Attempting. excluded quest=4921;stage=Objective;objective=0;reason=outside-scan-radius;retry=context-change. excluded quest=5147;stage=Objective;scope=Objective;objective=0;retry=2026-09-12T04:00:23.0459783Z;state=HalfOpen. excluded quest=6382;stage=TurnIn;npc=12696;reason=outside-scan-radius;retry=context-change excluded quest=6393;stage=Objective;scope=Objective;objective=0;retry=2026-09-12T04:00:23.0459783Z;state=HalfOpen. excluded quest=6441;stage=Objective;scope=Objective;objective=0;retry=2026-09-12T04:00:23.0459783Z;state=HalfOpen. excluded quest=6461;stage=TurnIn;npc=12816;reason=outside-scan-radius;retry=context-change excluded quest=6543;stage=Objective;scope=Objective;objective=0;retry=2026-09-12T04:00:23.0459783Z;state=HalfOpen. excluded quest=846;stage=Objective;scope=Objective;objective=0;retry=2026-09-12T08:00:20.3981060Z;state=Quarantined. excluded quest=846;stage=Objective;scope=Objective;objective=1;retry=2026-09-12T08:00:20.4032154Z;state=Quarantined. excluded quest=846;stage=Objective;scope=Objective;objective=2;retry=2026-09-12T08:00:20.4032904Z;state=Quarantined. excluded quest=8487;stage=TurnIn;scope=QuestStage;retry=2026-09-12T04:00:23.0459783Z;state=HalfOpen. excluded quest=867;stage=Objective;scope=Objective;objective=0;retry=2026-09-12T08:00:20.4052045Z;state=Quarantined. excluded quest=868;stage=TurnIn;npc=3428;reason=outside-scan-radius;retry=context-change excluded quest=879;stage=Objective;scope=Objective;objective=0;retry=2026-09-12T08:00:20.4113339Z;state=Quarantined. excluded quest=879;stage=Objective;scope=Objective;objective=1;retry=2026-09-12T08:00:20.4113858Z;state=Quarantined. excluded quest=879;stage=Objective;scope=Objective;objective=2;retry=2026-09-12T09:00:23.0435238Z;state=Quarantined. excluded quest=8889;stage=Objective;objective=0;reason=outside-scan-radius;retry=context-change. excluded quest=8889;stage=Objective;objective=1;reason=outside-scan-radius;retry=context-change. excluded quest=8889;stage=Objective;objective=2;reason=outside-scan-radius;retry=context-change. excluded quest=891;stage=Objective;scope=QuestStage;retry=2026-09-12T04:00:23.0459783Z;state=HalfOpen. excluded quest=893;stage=Objective;scope=Objective;objective=0;retry=2026-09-12T09:00:23.0476089Z;state=Quarantined. excluded quest=893;stage=Objective;scope=Objective;objective=1;retry=2026-09-12T09:00:23.0476695Z;state=Quarantined. excluded quest=893;stage=Objective;scope=Objective;objective=2;retry=2026-09-12T09:00:23.0477631Z;state=Quarantined. excluded quest=896;stage=Objective;scope=Objective;objective=0;retry=2026-09-12T09:00:23.0478360Z;state=Quarantined. excluded quest=9067;stage=Objective;scope=Objective;objective=0;retry=2026-09-12T04:00:23.0459783Z;state=HalfOpen. excluded quest=9157;stage=TurnIn;scope=QuestStage;retry=2026-09-12T04:00:23.0459783Z;state=HalfOpen. excluded quest=9431;stage=Objective;scope=Objective;objective=0;retry=2026-09-12T04:00:23.0459783Z;state=HalfOpen. Expanding scan radius from 2750 to 3000 yards before fallback.
[11:00:38.892] [D] Activity: No eligible quest work; idle until 2026-09-12T04:00:23.0459783Z. quest-log-full=25/25; deferred new pickups while retaining accepted quest work. excluded quest=1062;stage=TurnIn;npc=4049;reason=outside-scan-radius;retry=context-change excluded quest=1069;stage=Objective;objective=0;reason=outside-scan-radius;retry=context-change. excluded quest=1087;stage=Objective;objective=2;reason=outside-scan-radius;retry=context-change. excluded quest=1093;stage=Objective;scope=Objective;objective=0;retry=2026-09-12T04:00:23.0459783Z;state=HalfOpen. excluded quest=4841;stage=TurnIn;scope=NpcRelation;npc=10537;retry=context-change;state=Attempting. excluded quest=4921;stage=Objective;objective=0;reason=outside-scan-radius;retry=context-change. excluded quest=5147;stage=Objective;scope=Objective;objective=0;retry=2026-09-12T04:00:23.0459783Z;state=HalfOpen. excluded quest=6382;stage=TurnIn;npc=12696;reason=outside-scan-radius;retry=context-change excluded quest=6393;stage=Objective;scope=Objective;objective=0;retry=2026-09-12T04:00:23.0459783Z;state=HalfOpen. excluded quest=6441;stage=Objective;scope=Objective;objective=0;retry=2026-09-12T04:00:23.0459783Z;state=HalfOpen. excluded quest=6461;stage=TurnIn;npc=12816;reason=outside-scan-radius;retry=context-change excluded quest=6543;stage=Objective;scope=Objective;objective=0;retry=2026-09-12T04:00:23.0459783Z;state=HalfOpen. excluded quest=846;stage=Objective;scope=Objective;objective=0;retry=2026-09-12T08:00:20.3981060Z;state=Quarantined. excluded quest=846;stage=Objective;scope=Objective;objective=1;retry=2026-09-12T08:00:20.4032154Z;state=Quarantined. excluded quest=846;stage=Objective;scope=Objective;objective=2;retry=2026-09-12T08:00:20.4032904Z;state=Quarantined. excluded quest=8487;stage=TurnIn;scope=QuestStage;retry=2026-09-12T04:00:23.0459783Z;state=HalfOpen. excluded quest=867;stage=Objective;scope=Objective;objective=0;retry=2026-09-12T08:00:20.4052045Z;state=Quarantined. excluded quest=868;stage=TurnIn;npc=3428;reason=outside-scan-radius;retry=context-change excluded quest=879;stage=Objective;scope=Objective;objective=0;retry=2026-09-12T08:00:20.4113339Z;state=Quarantined. excluded quest=879;stage=Objective;scope=Objective;objective=1;retry=2026-09-12T08:00:20.4113858Z;state=Quarantined. excluded quest=879;stage=Objective;scope=Objective;objective=2;retry=2026-09-12T09:00:23.0435238Z;state=Quarantined. excluded quest=8889;stage=Objective;objective=0;reason=outside-scan-radius;retry=context-change. excluded quest=8889;stage=Objective;objective=1;reason=outside-scan-radius;retry=context-change. excluded quest=8889;stage=Objective;objective=2;reason=outside-scan-radius;retry=context-change. excluded quest=891;stage=Objective;scope=QuestStage;retry=2026-09-12T04:00:23.0459783Z;state=HalfOpen. excluded quest=893;stage=Objective;scope=Objective;objective=0;retry=2026-09-12T09:00:23.0476089Z;state=Quarantined. excluded quest=893;stage=Objective;scope=Objective;objective=1;retry=2026-09-12T09:00:23.0476695Z;state=Quarantined. excluded quest=893;stage=Objective;scope=Objective;objective=2;retry=2026-09-12T09:00:23.0477631Z;state=Quarantined. excluded quest=896;stage=Objective;scope=Objective;objective=0;retry=2026-09-12T09:00:23.0478360Z;state=Quarantined. excluded quest=9067;stage=Objective;scope=Objective;objective=0;retry=2026-09-12T04:00:23.0459783Z;state=HalfOpen. excluded quest=9157;stage=TurnIn;scope=QuestStage;retry=2026-09-12T04:00:23.0459783Z;state=HalfOpen. excluded quest=9431;stage=Objective;scope=Objective;objective=0;retry=2026-09-12T04:00:23.0459783Z;state=HalfOpen. Expanding scan radius from 3000 to 3250 yards before fallback.
[11:00:40.125] [D] [QuestLog] Loaded 79 completed quests from Lua fallback
[11:00:40.796] [D] Activity: No eligible quest work; idle until 2026-09-12T04:00:23.0459783Z. quest-log-full=25/25; deferred new pickups while retaining accepted quest work. excluded quest=1062;stage=TurnIn;npc=4049;reason=outside-scan-radius;retry=context-change excluded quest=1069;stage=Objective;objective=0;reason=outside-scan-radius;retry=context-change. excluded quest=1087;stage=Objective;objective=2;reason=outside-scan-radius;retry=context-change. excluded quest=1093;stage=Objective;scope=Objective;objective=0;retry=2026-09-12T04:00:23.0459783Z;state=HalfOpen. excluded quest=4841;stage=TurnIn;scope=NpcRelation;npc=10537;retry=context-change;state=Attempting. excluded quest=4921;stage=Objective;objective=0;reason=outside-scan-radius;retry=context-change. excluded quest=5147;stage=Objective;scope=Objective;objective=0;retry=2026-09-12T04:00:23.0459783Z;state=HalfOpen. excluded quest=6382;stage=TurnIn;npc=12696;reason=outside-scan-radius;retry=context-change excluded quest=6393;stage=Objective;scope=Objective;objective=0;retry=2026-09-12T04:00:23.0459783Z;state=HalfOpen. excluded quest=6441;stage=Objective;scope=Objective;objective=0;retry=2026-09-12T04:00:23.0459783Z;state=HalfOpen. excluded quest=6461;stage=TurnIn;npc=12816;reason=outside-scan-radius;retry=context-change excluded quest=6543;stage=Objective;scope=Objective;objective=0;retry=2026-09-12T04:00:23.0459783Z;state=HalfOpen. excluded quest=846;stage=Objective;scope=Objective;objective=0;retry=2026-09-12T08:00:20.3981060Z;state=Quarantined. excluded quest=846;stage=Objective;scope=Objective;objective=1;retry=2026-09-12T08:00:20.4032154Z;state=Quarantined. excluded quest=846;stage=Objective;scope=Objective;objective=2;retry=2026-09-12T08:00:20.4032904Z;state=Quarantined. excluded quest=8487;stage=TurnIn;scope=QuestStage;retry=2026-09-12T04:00:23.0459783Z;state=HalfOpen. excluded quest=867;stage=Objective;scope=Objective;objective=0;retry=2026-09-12T08:00:20.4052045Z;state=Quarantined. excluded quest=868;stage=TurnIn;npc=3428;reason=outside-scan-radius;retry=context-change excluded quest=879;stage=Objective;scope=Objective;objective=0;retry=2026-09-12T08:00:20.4113339Z;state=Quarantined. excluded quest=879;stage=Objective;scope=Objective;objective=1;retry=2026-09-12T08:00:20.4113858Z;state=Quarantined. excluded quest=879;stage=Objective;scope=Objective;objective=2;retry=2026-09-12T09:00:23.0435238Z;state=Quarantined. excluded quest=8889;stage=Objective;objective=0;reason=outside-scan-radius;retry=context-change. excluded quest=8889;stage=Objective;objective=1;reason=outside-scan-radius;retry=context-change. excluded quest=8889;stage=Objective;objective=2;reason=outside-scan-radius;retry=context-change. excluded quest=891;stage=Objective;scope=QuestStage;retry=2026-09-12T04:00:23.0459783Z;state=HalfOpen. excluded quest=893;stage=Objective;scope=Objective;objective=0;retry=2026-09-12T09:00:23.0476089Z;state=Quarantined. excluded quest=893;stage=Objective;scope=Objective;objective=1;retry=2026-09-12T09:00:23.0476695Z;state=Quarantined. excluded quest=893;stage=Objective;scope=Objective;objective=2;retry=2026-09-12T09:00:23.0477631Z;state=Quarantined. excluded quest=896;stage=Objective;scope=Objective;objective=0;retry=2026-09-12T09:00:23.0478360Z;state=Quarantined. excluded quest=9067;stage=Objective;scope=Objective;objective=0;retry=2026-09-12T04:00:23.0459783Z;state=HalfOpen. excluded quest=9157;stage=TurnIn;scope=QuestStage;retry=2026-09-12T04:00:23.0459783Z;state=HalfOpen. excluded quest=9431;stage=Objective;scope=Objective;objective=0;retry=2026-09-12T04:00:23.0459783Z;state=HalfOpen. Expanding scan radius from 3250 to 3500 yards before fallback.
[11:00:42.198] [D] Activity: No eligible quest work; idle until 2026-09-12T04:00:23.0459783Z. quest-log-full=25/25; deferred new pickups while retaining accepted quest work. excluded quest=1062;stage=TurnIn;npc=4049;reason=outside-scan-radius;retry=context-change excluded quest=1069;stage=Objective;objective=0;reason=outside-scan-radius;retry=context-change. excluded quest=1087;stage=Objective;objective=2;reason=outside-scan-radius;retry=context-change. excluded quest=1093;stage=Objective;scope=Objective;objective=0;retry=2026-09-12T04:00:23.0459783Z;state=HalfOpen. excluded quest=4841;stage=TurnIn;scope=NpcRelation;npc=10537;retry=context-change;state=Attempting. excluded quest=4921;stage=Objective;objective=0;reason=outside-scan-radius;retry=context-change. excluded quest=5147;stage=Objective;scope=Objective;objective=0;retry=2026-09-12T04:00:23.0459783Z;state=HalfOpen. excluded quest=6382;stage=TurnIn;npc=12696;reason=outside-scan-radius;retry=context-change excluded quest=6393;stage=Objective;scope=Objective;objective=0;retry=2026-09-12T04:00:23.0459783Z;state=HalfOpen. excluded quest=6441;stage=Objective;scope=Objective;objective=0;retry=2026-09-12T04:00:23.0459783Z;state=HalfOpen. excluded quest=6461;stage=TurnIn;npc=12816;reason=outside-scan-radius;retry=context-change excluded quest=6543;stage=Objective;scope=Objective;objective=0;retry=2026-09-12T04:00:23.0459783Z;state=HalfOpen. excluded quest=846;stage=Objective;scope=Objective;objective=0;retry=2026-09-12T08:00:20.3981060Z;state=Quarantined. excluded quest=846;stage=Objective;scope=Objective;objective=1;retry=2026-09-12T08:00:20.4032154Z;state=Quarantined. excluded quest=846;stage=Objective;scope=Objective;objective=2;retry=2026-09-12T08:00:20.4032904Z;state=Quarantined. excluded quest=8487;stage=TurnIn;scope=QuestStage;retry=2026-09-12T04:00:23.0459783Z;state=HalfOpen. excluded quest=867;stage=Objective;scope=Objective;objective=0;retry=2026-09-12T08:00:20.4052045Z;state=Quarantined. excluded quest=868;stage=TurnIn;npc=3428;reason=outside-scan-radius;retry=context-change excluded quest=879;stage=Objective;scope=Objective;objective=0;retry=2026-09-12T08:00:20.4113339Z;state=Quarantined. excluded quest=879;stage=Objective;scope=Objective;objective=1;retry=2026-09-12T08:00:20.4113858Z;state=Quarantined. excluded quest=879;stage=Objective;scope=Objective;objective=2;retry=2026-09-12T09:00:23.0435238Z;state=Quarantined. excluded quest=8889;stage=Objective;objective=0;reason=outside-scan-radius;retry=context-change. excluded quest=8889;stage=Objective;objective=1;reason=outside-scan-radius;retry=context-change. excluded quest=8889;stage=Objective;objective=2;reason=outside-scan-radius;retry=context-change. excluded quest=891;stage=Objective;scope=QuestStage;retry=2026-09-12T04:00:23.0459783Z;state=HalfOpen. excluded quest=893;stage=Objective;scope=Objective;objective=0;retry=2026-09-12T09:00:23.0476089Z;state=Quarantined. excluded quest=893;stage=Objective;scope=Objective;objective=1;retry=2026-09-12T09:00:23.0476695Z;state=Quarantined. excluded quest=893;stage=Objective;scope=Objective;objective=2;retry=2026-09-12T09:00:23.0477631Z;state=Quarantined. excluded quest=896;stage=Objective;scope=Objective;objective=0;retry=2026-09-12T09:00:23.0478360Z;state=Quarantined. excluded quest=9067;stage=Objective;scope=Objective;objective=0;retry=2026-09-12T04:00:23.0459783Z;state=HalfOpen. excluded quest=9157;stage=TurnIn;scope=QuestStage;retry=2026-09-12T04:00:23.0459783Z;state=HalfOpen. excluded quest=9431;stage=Objective;scope=Objective;objective=0;retry=2026-09-12T04:00:23.0459783Z;state=HalfOpen. Expanding scan radius from 3500 to 3750 yards before fallback.
[11:00:43.169] [D] [Pulse] Slow plugin: name=AutoEquip2 elapsed=297ms
[11:00:43.235] [D] [Pulse] Slow plugin: name=Tidy Bags 3 Reloaded elapsed=64ms
[11:00:43.235] [D] [Pulse] Slow shared pulse: total=401ms movement=0 objects=0 lua=0 info=0 loot=1 targeting=35 events=0 plugins=363 routine=0
[11:00:44.057] [D] [Nav] Loaded 33 mesh tiles for one path query
[11:00:44.064] [D] Loading profile from D:\World of Warcraft 3.3.5a\CB\Bots\WholesomeAutoQuest\WHOLESOME_AUTOQUESTER.xml
[11:00:44.079] [D] [CompileBatch] Compiling 1 entries...
[11:00:44.158] [D] [CompileBatch] Compiled successfully.
[11:00:44.158] [N] Profile loaded: WholesomeAQ - Thousand Needles
[11:00:44.175] [D] Selected sub-profile: WholesomeAQ - Thousand Needles (L1-80)
[11:00:44.175] [N] [Wholesome Auto Quest] Profile refreshed - Selected 1 quest work candidate(s). selected quest=4921;stage=Objective;state=Eligible. quest-log-full=25/25; deferred new pickups while retaining accepted quest work. excluded quest=1062;stage=TurnIn;npc=4049;reason=outside-scan-radius;retry=context-change excluded quest=1069;stage=Objective;objective=0;reason=outside-scan-radius;retry=context-change. excluded quest=1087;stage=Objective;objective=2;reason=outside-scan-radius;retry=context-change. excluded quest=1093;stage=Objective;scope=Objective;objective=0;retry=2026-09-12T04:00:23.0459783Z;state=HalfOpen. excluded quest=4841;stage=TurnIn;scope=NpcRelation;npc=10537;retry=context-change;state=Attempting. excluded quest=5147;stage=Objective;scope=Objective;objective=0;retry=2026-09-12T04:00:23.0459783Z;state=HalfOpen. excluded quest=6382;stage=TurnIn;npc=12696;reason=outside-scan-radius;retry=context-change excluded quest=6393;stage=Objective;scope=Objective;objective=0;retry=2026-09-12T04:00:23.0459783Z;state=HalfOpen. excluded quest=6441;stage=Objective;scope=Objective;objective=0;retry=2026-09-12T04:00:23.0459783Z;state=HalfOpen. excluded quest=6461;stage=TurnIn;npc=12816;reason=outside-scan-radius;retry=context-change excluded quest=6543;stage=Objective;scope=Objective;objective=0;retry=2026-09-12T04:00:23.0459783Z;state=HalfOpen. excluded quest=846;stage=Objective;scope=Objective;objective=0;retry=2026-09-12T08:00:20.3981060Z;state=Quarantined. excluded quest=846;stage=Objective;scope=Objective;objective=1;retry=2026-09-12T08:00:20.4032154Z;state=Quarantined. excluded quest=846;stage=Objective;scope=Objective;objective=2;retry=2026-09-12T08:00:20.4032904Z;state=Quarantined. excluded quest=8487;stage=TurnIn;scope=QuestStage;retry=2026-09-12T04:00:23.0459783Z;state=HalfOpen. excluded quest=867;stage=Objective;scope=Objective;objective=0;retry=2026-09-12T08:00:20.4052045Z;state=Quarantined. excluded quest=868;stage=TurnIn;npc=3428;reason=outside-scan-radius;retry=context-change excluded quest=879;stage=Objective;scope=Objective;objective=0;retry=2026-09-12T08:00:20.4113339Z;state=Quarantined. excluded quest=879;stage=Objective;scope=Objective;objective=1;retry=2026-09-12T08:00:20.4113858Z;state=Quarantined. excluded quest=879;stage=Objective;scope=Objective;objective=2;retry=2026-09-12T09:00:23.0435238Z;state=Quarantined. excluded quest=8889;stage=Objective;objective=0;reason=outside-scan-radius;retry=context-change. excluded quest=8889;stage=Objective;objective=1;reason=outside-scan-radius;retry=context-change. excluded quest=8889;stage=Objective;objective=2;reason=outside-scan-radius;retry=context-change. excluded quest=891;stage=Objective;scope=QuestStage;retry=2026-09-12T04:00:23.0459783Z;state=HalfOpen. excluded quest=893;stage=Objective;scope=Objective;objective=0;retry=2026-09-12T09:00:23.0476089Z;state=Quarantined. excluded quest=893;stage=Objective;scope=Objective;objective=1;retry=2026-09-12T09:00:23.0476695Z;state=Quarantined. excluded quest=893;stage=Objective;scope=Objective;objective=2;retry=2026-09-12T09:00:23.0477631Z;state=Quarantined. excluded quest=896;stage=Objective;scope=Objective;objective=0;retry=2026-09-12T09:00:23.0478360Z;state=Quarantined. excluded quest=9067;stage=Objective;scope=Objective;objective=0;retry=2026-09-12T04:00:23.0459783Z;state=HalfOpen. excluded quest=9157;stage=TurnIn;scope=QuestStage;retry=2026-09-12T04:00:23.0459783Z;state=HalfOpen. excluded quest=9431;stage=Objective;scope=Objective;objective=0;retry=2026-09-12T04:00:23.0459783Z;state=HalfOpen.
[11:00:44.946] [D] [If] Condition is true, executing If body
[11:00:45.057] [N] [Objective] Goal: Kill Beaten Corpse x 1
[11:00:45.058] [D] Goal: Goal: Kill Beaten Corpse x 1
[11:00:45.058] [D] [GrindObjective] Using profile hotspots (1 points) for mob 10668
[11:00:45.062] [D] Activity: Moving to hotspot
[11:00:45.177] [D] [Pulse] Slow bot root: 366ms bot=Wholesome Auto Quest poi=QuestTurnIn combat=False
[11:00:45.347] [D] [QuestRecovery] quest=4841, stage=TurnIn, old=Attempting, new=Eligible, reason=None, episode=0, attempt=0, retry=
[11:00:46.179] [D] [Pulse] Slow bot root: 233ms bot=Wholesome Auto Quest poi=QuestTurnIn combat=False
[11:00:47.080] [D] [Pulse] Slow bot root: 199ms bot=Wholesome Auto Quest poi=QuestTurnIn combat=False
[11:00:48.017] [D] [Pulse] Slow bot root: 235ms bot=Wholesome Auto Quest poi=QuestTurnIn combat=False
[11:00:48.921] [D] [Pulse] Slow bot root: 200ms bot=Wholesome Auto Quest poi=QuestTurnIn combat=False
[11:00:49.823] [D] [Pulse] Slow bot root: 200ms bot=Wholesome Auto Quest poi=QuestTurnIn combat=False
[11:00:50.763] [D] [Pulse] Slow bot root: 233ms bot=Wholesome Auto Quest poi=QuestTurnIn combat=False
[11:00:51.734] [D] [Pulse] Slow bot root: 233ms bot=Wholesome Auto Quest poi=QuestTurnIn combat=False
[11:00:52.676] [D] [Pulse] Slow bot root: 235ms bot=Wholesome Auto Quest poi=QuestTurnIn combat=False
[11:00:53.582] [D] [Pulse] Slow bot root: 200ms bot=Wholesome Auto Quest poi=QuestTurnIn combat=False
[11:00:53.915] [D] [Pulse] Slow plugin: name=AutoEquip2 elapsed=294ms
[11:00:53.981] [D] [Pulse] Slow plugin: name=Tidy Bags 3 Reloaded elapsed=64ms
[11:00:53.981] [D] [Pulse] Slow shared pulse: total=399ms movement=0 objects=0 lua=0 info=0 loot=1 targeting=37 events=0 plugins=360 routine=0
[11:00:54.792] [D] [Pulse] Slow bot root: 202ms bot=Wholesome Auto Quest poi=QuestTurnIn combat=False
[11:00:55.699] [D] [Pulse] Slow bot root: 202ms bot=Wholesome Auto Quest poi=QuestTurnIn combat=False
[11:00:56.632] [D] [Pulse] Slow bot root: 233ms bot=Wholesome Auto Quest poi=QuestTurnIn combat=False
[11:00:57.599] [D] [Pulse] Slow bot root: 234ms bot=Wholesome Auto Quest poi=QuestTurnIn combat=False
[11:00:58.534] [D] [Pulse] Slow bot root: 232ms bot=Wholesome Auto Quest poi=QuestTurnIn combat=False
[11:00:59.469] [D] [Pulse] Slow bot root: 234ms bot=Wholesome Auto Quest poi=QuestTurnIn combat=False
[11:01:00.371] [D] [Pulse] Slow bot root: 202ms bot=Wholesome Auto Quest poi=QuestTurnIn combat=False
[11:01:01.273] [D] [Pulse] Slow bot root: 201ms bot=Wholesome Auto Quest poi=QuestTurnIn combat=False
[11:01:02.210] [D] [Pulse] Slow bot root: 233ms bot=Wholesome Auto Quest poi=QuestTurnIn combat=False
[11:01:03.144] [D] [Pulse] Slow bot root: 200ms bot=Wholesome Auto Quest poi=QuestTurnIn combat=False
[11:01:04.077] [D] [Pulse] Slow bot root: 231ms bot=Wholesome Auto Quest poi=QuestTurnIn combat=False
[11:01:04.415] [D] [Pulse] Slow plugin: name=AutoEquip2 elapsed=299ms
[11:01:04.481] [D] [Pulse] Slow plugin: name=Tidy Bags 3 Reloaded elapsed=64ms
[11:01:04.481] [D] [Pulse] Slow shared pulse: total=403ms movement=0 objects=0 lua=0 info=0 loot=1 targeting=36 events=0 plugins=365 routine=0
[11:01:05.314] [D] [Pulse] Slow bot root: 234ms bot=Wholesome Auto Quest poi=QuestTurnIn combat=False
[11:01:06.217] [D] [Pulse] Slow bot root: 201ms bot=Wholesome Auto Quest poi=QuestTurnIn combat=False
[11:01:07.153] [D] [Pulse] Slow bot root: 235ms bot=Wholesome Auto Quest poi=QuestTurnIn combat=False
[11:01:08.092] [D] [Pulse] Slow bot root: 199ms bot=Wholesome Auto Quest poi=QuestTurnIn combat=False
[11:01:09.065] [D] [Pulse] Slow bot root: 235ms bot=Wholesome Auto Quest poi=QuestTurnIn combat=False
[11:01:09.998] [D] [Pulse] Slow bot root: 233ms bot=Wholesome Auto Quest poi=QuestTurnIn combat=False
[11:01:10.935] [D] [Pulse] Slow bot root: 233ms bot=Wholesome Auto Quest poi=QuestTurnIn combat=False
[11:01:11.837] [D] [Pulse] Slow bot root: 201ms bot=Wholesome Auto Quest poi=QuestTurnIn combat=False
[11:01:12.740] [D] [Pulse] Slow bot root: 200ms bot=Wholesome Auto Quest poi=QuestTurnIn combat=False
[11:01:13.644] [D] [Pulse] Slow bot root: 199ms bot=Wholesome Auto Quest poi=QuestTurnIn combat=False
[11:01:14.581] [D] [Pulse] Slow bot root: 200ms bot=Wholesome Auto Quest poi=QuestTurnIn combat=False
[11:01:14.914] [D] [Pulse] Slow plugin: name=AutoEquip2 elapsed=296ms
[11:01:14.979] [D] [Pulse] Slow plugin: name=Tidy Bags 3 Reloaded elapsed=64ms
[11:01:14.979] [D] [Pulse] Slow shared pulse: total=398ms movement=0 objects=0 lua=0 info=0 loot=0 targeting=35 events=0 plugins=362 routine=0
[11:01:15.818] [D] [Pulse] Slow bot root: 234ms bot=Wholesome Auto Quest poi=QuestTurnIn combat=False
[11:01:16.755] [D] [Pulse] Slow bot root: 234ms bot=Wholesome Auto Quest poi=QuestTurnIn combat=False
[11:01:17.660] [D] [Pulse] Slow bot root: 200ms bot=Wholesome Auto Quest poi=QuestTurnIn combat=False
[11:01:18.600] [D] [Pulse] Slow bot root: 234ms bot=Wholesome Auto Quest poi=QuestTurnIn combat=False
[11:01:19.537] [D] [Pulse] Slow bot root: 233ms bot=Wholesome Auto Quest poi=QuestTurnIn combat=False
[11:01:20.477] [D] [Pulse] Slow bot root: 199ms bot=Wholesome Auto Quest poi=QuestTurnIn combat=False
[11:01:21.376] [D] [Pulse] Slow bot root: 199ms bot=Wholesome Auto Quest poi=QuestTurnIn combat=False
[11:01:22.282] [D] [Pulse] Slow bot root: 203ms bot=Wholesome Auto Quest poi=QuestTurnIn combat=False
[11:01:23.217] [D] [Pulse] Slow bot root: 234ms bot=Wholesome Auto Quest poi=QuestTurnIn combat=False
[11:01:24.153] [D] [Pulse] Slow bot root: 233ms bot=Wholesome Auto Quest poi=QuestTurnIn combat=False
[11:01:25.092] [D] [Pulse] Slow bot root: 233ms bot=Wholesome Auto Quest poi=QuestTurnIn combat=False
[11:01:25.459] [D] [Pulse] Slow plugin: name=AutoEquip2 elapsed=299ms
[11:01:25.525] [D] [Pulse] Slow plugin: name=Tidy Bags 3 Reloaded elapsed=64ms
[11:01:25.525] [D] [Pulse] Slow shared pulse: total=433ms movement=0 objects=0 lua=35 info=0 loot=0 targeting=31 events=0 plugins=365 routine=0
[11:01:26.361] [D] [Pulse] Slow bot root: 236ms bot=Wholesome Auto Quest poi=QuestTurnIn combat=False
[11:01:27.263] [D] [Pulse] Slow bot root: 201ms bot=Wholesome Auto Quest poi=QuestTurnIn combat=False
[11:01:28.164] [D] [Pulse] Slow bot root: 201ms bot=Wholesome Auto Quest poi=QuestTurnIn combat=False
[11:01:29.064] [D] [Pulse] Slow bot root: 200ms bot=Wholesome Auto Quest poi=QuestTurnIn combat=False
[11:01:30.004] [D] [Pulse] Slow bot root: 234ms bot=Wholesome Auto Quest poi=QuestTurnIn combat=False
[11:01:30.907] [D] [Pulse] Slow bot root: 200ms bot=Wholesome Auto Quest poi=QuestTurnIn combat=False
[11:01:31.845] [D] [Pulse] Slow bot root: 201ms bot=Wholesome Auto Quest poi=QuestTurnIn combat=False
[11:01:32.750] [D] [Pulse] Slow bot root: 200ms bot=Wholesome Auto Quest poi=QuestTurnIn combat=False
[11:01:33.657] [D] [Pulse] Slow bot root: 202ms bot=Wholesome Auto Quest poi=QuestTurnIn combat=False
[11:01:34.574] [D] [Pulse] Slow bot root: 177ms bot=Wholesome Auto Quest poi=QuestTurnIn combat=False
[11:01:35.476] [D] [Pulse] Slow bot root: 200ms bot=Wholesome Auto Quest poi=QuestTurnIn combat=False
[11:01:35.811] [D] [Pulse] Slow plugin: name=AutoEquip2 elapsed=296ms
[11:01:35.877] [D] [Pulse] Slow plugin: name=Tidy Bags 3 Reloaded elapsed=64ms
[11:01:35.877] [D] [Pulse] Slow shared pulse: total=400ms movement=0 objects=0 lua=0 info=0 loot=1 targeting=36 events=0 plugins=362 routine=0
[11:01:36.610] [D] Dismount for attacker.
[11:01:36.610] [D] Stop and dismount. Reason: Combat
[11:01:36.644] [D] [Pulse] Slow bot root: 167ms bot=Wholesome Auto Quest poi=QuestTurnIn combat=True
[11:01:37.847] [N] [Singular] Casting Exorcism on Crag Stalker
[11:01:37.847] [D] Spell_C::CastSpell(879, 0, 0xF13000101E0FA600, 0)
[11:01:37.881] [D] [Pulse] Slow bot root: 439ms bot=Wholesome Auto Quest poi=QuestTurnIn combat=True
[11:01:37.981] [D] [Singular-DEBUG] Switched targets!
[11:01:37.981] [D] [Singular-DEBUG] Melee Distance: 5
[11:01:37.981] [D] [Singular-DEBUG] Health: 100
[11:01:37.981] [D] [Singular-DEBUG] Level: 26
[11:01:38.783] [D] [Pulse] Slow bot root: 168ms bot=Wholesome Auto Quest poi=QuestTurnIn combat=True
[11:01:39.647] [D] [Pulse] Slow bot root: 165ms bot=Wholesome Auto Quest poi=QuestTurnIn combat=True
[11:01:40.557] [D] [Pulse] Slow bot root: 205ms bot=Wholesome Auto Quest poi=QuestTurnIn combat=True
[11:01:41.123] [D] [QuestLog] Loaded 79 completed quests from Lua fallback
[11:01:41.961] [D] [Pulse] Slow bot root: 235ms bot=Wholesome Auto Quest poi=QuestTurnIn combat=True
[11:01:42.897] [D] [Pulse] Slow bot root: 205ms bot=Wholesome Auto Quest poi=QuestTurnIn combat=True
[11:01:43.802] [D] [Pulse] Slow bot root: 205ms bot=Wholesome Auto Quest poi=QuestTurnIn combat=True
[11:01:44.701] [D] [Pulse] Slow bot root: 203ms bot=Wholesome Auto Quest poi=QuestTurnIn combat=True
[11:01:45.599] [D] [Pulse] Slow bot root: 201ms bot=Wholesome Auto Quest poi=QuestTurnIn combat=True
[11:01:46.500] [D] [Pulse] Slow bot root: 204ms bot=Wholesome Auto Quest poi=QuestTurnIn combat=True
[11:01:46.599] [D] [Pulse] Slow plugin: name=Tidy Bags 3 Reloaded elapsed=62ms
[11:01:47.403] [D] [Pulse] Slow bot root: 201ms bot=Wholesome Auto Quest poi=QuestTurnIn combat=True
[11:01:48.337] [D] [Pulse] Slow bot root: 201ms bot=Wholesome Auto Quest poi=QuestTurnIn combat=True
[11:01:49.239] [D] [Pulse] Slow bot root: 202ms bot=Wholesome Auto Quest poi=QuestTurnIn combat=True
[11:01:50.148] [D] [Pulse] Slow bot root: 205ms bot=Wholesome Auto Quest poi=QuestTurnIn combat=True
[11:01:51.055] [D] [Pulse] Slow bot root: 204ms bot=Wholesome Auto Quest poi=QuestTurnIn combat=True
[11:01:51.959] [D] [Pulse] Slow bot root: 202ms bot=Wholesome Auto Quest poi=QuestTurnIn combat=True
[11:01:52.865] [D] [Pulse] Slow bot root: 205ms bot=Wholesome Auto Quest poi=QuestTurnIn combat=True
[11:01:53.802] [D] [Pulse] Slow bot root: 204ms bot=Wholesome Auto Quest poi=QuestTurnIn combat=True
[11:01:54.707] [D] [Pulse] Slow bot root: 202ms bot=Wholesome Auto Quest poi=QuestTurnIn combat=True
[11:01:55.603] [N] [Singular] Casting Blessing of Kings on Myself
[11:01:55.603] [D] Spell_C::CastSpell(20217, 0, 0x6000000007EAB80, 0)
[11:01:55.636] [D] [Pulse] Slow bot root: 233ms bot=Wholesome Auto Quest poi=QuestTurnIn combat=False
[11:01:55.974] [D] [Pulse] Slow plugin: name=AutoEquip2 elapsed=300ms
[11:01:56.037] [D] [Pulse] Slow shared pulse: total=401ms movement=0 objects=0 lua=0 info=0 loot=1 targeting=36 events=0 plugins=363 routine=0
[11:01:57.204] [N] Loading 1_40_36
[11:01:57.204] [N] Loading 1_40_35
[11:01:57.204] [N] Loading 1_41_34
[11:01:57.204] [N] Loading 1_42_34
[11:01:57.204] [N] Loading 1_40_34
[11:01:57.204] [N] Loading 1_41_38
[11:01:57.204] [N] Loading 1_42_38
[11:01:57.204] [N] Loading 1_40_33
[11:01:57.204] [N] Loading 1_41_33
[11:01:57.204] [N] Loading 1_43_38
[11:01:57.204] [N] Loading 1_39_34
[11:01:57.204] [N] Loading 1_39_33
[11:01:57.204] [N] Loading 1_39_36
[11:01:57.204] [N] Loading 1_42_39
[11:01:57.204] [N] Loading 1_39_35
[11:01:57.204] [N] Loading 1_41_39
[11:01:57.204] [N] Loading 1_43_39
[11:01:57.204] [N] Loading 1_40_32
[11:01:57.204] [N] Loading 1_38_35
[11:01:57.204] [N] Loading 1_39_32
[11:01:57.204] [N] Loading 1_38_36
[11:01:57.204] [N] Loading 1_37_35
[11:01:57.204] [N] Loading 1_37_36
[11:01:57.204] [N] Loading 1_38_34
[11:01:57.204] [N] Loading 1_42_40
[11:01:57.204] [N] Loading 1_38_37
[11:01:57.204] [N] Loading 1_44_38
[11:01:57.204] [N] Loading 1_39_37
[11:01:57.204] [N] Loading 1_37_34
[11:01:57.204] [N] Loading 1_37_37
[11:01:57.204] [N] Loading 1_44_39
[11:01:57.204] [N] Loading 1_43_40
[11:01:57.244] [D] [Pulse] Slow bot root: 603ms bot=Wholesome Auto Quest poi=QuestTurnIn combat=False
[11:01:57.344] [D] [Pulse] Slow plugin: name=Tidy Bags 3 Reloaded elapsed=62ms
[11:01:58.113] [N] [Singular] Casting Seal of Righteousness on Myself
[11:01:58.113] [D] Spell_C::CastSpell(21084, 0, 0x6000000007EAB80, 0)
[11:01:58.148] [D] [Pulse] Slow bot root: 203ms bot=Wholesome Auto Quest poi=QuestTurnIn combat=False
[11:01:59.393] [D] [Pulse] Slow bot root: 501ms bot=Wholesome Auto Quest poi=QuestTurnIn combat=False
[11:02:00.593] [D] [Pulse] Slow bot root: 500ms bot=Wholesome Auto Quest poi=QuestTurnIn combat=False
[11:02:01.794] [D] [Pulse] Slow bot root: 494ms bot=Wholesome Auto Quest poi=QuestTurnIn combat=False
[11:02:02.966] [D] [Pulse] Slow bot root: 469ms bot=Wholesome Auto Quest poi=QuestTurnIn combat=False
[11:02:04.169] [D] [Pulse] Slow bot root: 502ms bot=Wholesome Auto Quest poi=QuestTurnIn combat=False
[11:02:05.370] [D] [Pulse] Slow bot root: 467ms bot=Wholesome Auto Quest poi=QuestTurnIn combat=False
[11:02:06.544] [N] Mounting: 34769
[11:02:08.785] [D] [Pulse] Slow bot root: 2710ms bot=Wholesome Auto Quest poi=QuestTurnIn combat=False
[11:02:09.121] [D] [Pulse] Slow plugin: name=AutoEquip2 elapsed=299ms
[11:02:09.188] [D] [Pulse] Slow plugin: name=Tidy Bags 3 Reloaded elapsed=65ms
[11:02:09.188] [D] [Pulse] Slow shared pulse: total=403ms movement=0 objects=0 lua=0 info=0 loot=0 targeting=35 events=0 plugins=365 routine=0
[11:02:10.018] [D] [Pulse] Slow bot root: 200ms bot=Wholesome Auto Quest poi=QuestTurnIn combat=False
[11:02:10.992] [D] [Pulse] Slow bot root: 241ms bot=Wholesome Auto Quest poi=QuestTurnIn combat=False
[11:02:11.692] [D] Changed POI to: Type: Kill, Name: Cloud Serpent, Guid: F1300010150E6F0B, Entry: 4117, Location: (-5449.25, -2213.89, -59.33)
[11:02:11.792] [D] [Singular-DEBUG] Switched targets!
[11:02:11.792] [D] [Singular-DEBUG] Melee Distance: 5
[11:02:11.792] [D] [Singular-DEBUG] Health: 100
[11:02:11.792] [D] [Singular-DEBUG] Level: 25
[11:02:12.532] [D] Dismount to kill bot poi.
[11:02:12.532] [D] Stop and dismount. Reason: Combat
[11:02:12.564] [D] [Pulse] Slow bot root: 164ms bot=Wholesome Auto Quest poi=Kill combat=False
[11:02:13.501] [D] [Pulse] Slow bot root: 235ms bot=Wholesome Auto Quest poi=Kill combat=False
[11:02:14.575] [N] [Singular] Casting Exorcism on Cloud Serpent
[11:02:14.575] [D] Spell_C::CastSpell(879, 0, 0xF1300010150E6F0B, 0)
[11:02:14.609] [D] [Pulse] Slow bot root: 404ms bot=Wholesome Auto Quest poi=Kill combat=False
[11:02:15.515] [D] [Pulse] Slow bot root: 203ms bot=Wholesome Auto Quest poi=Kill combat=False
[11:02:16.415] [D] Activity: Moving towards Cloud Serpent
[11:02:16.629] [D] [Pulse] Slow bot root: 382ms bot=Wholesome Auto Quest poi=Kill combat=False
[11:02:17.783] [D] [Pulse] Slow bot root: 466ms bot=Wholesome Auto Quest poi=Kill combat=False
[11:02:18.819] [N] [Singular] Casting Exorcism on Cloud Serpent
[11:02:18.819] [D] Spell_C::CastSpell(879, 0, 0xF1300010150E6F0B, 0)
[11:02:18.853] [D] [Pulse] Slow bot root: 366ms bot=Wholesome Auto Quest poi=Kill combat=False
[11:02:19.188] [D] [Pulse] Slow plugin: name=AutoEquip2 elapsed=298ms
[11:02:19.254] [D] [Pulse] Slow plugin: name=Tidy Bags 3 Reloaded elapsed=64ms
[11:02:19.254] [D] [Pulse] Slow shared pulse: total=401ms movement=0 objects=0 lua=0 info=0 loot=0 targeting=36 events=0 plugins=363 routine=0
[11:02:20.057] [D] [Pulse] Slow bot root: 194ms bot=Wholesome Auto Quest poi=Kill combat=False
[11:02:21.264] [D] [Pulse] Slow bot root: 500ms bot=Wholesome Auto Quest poi=Kill combat=True
[11:02:22.399] [D] [Pulse] Slow bot root: 402ms bot=Wholesome Auto Quest poi=Kill combat=True
[11:02:23.376] [N] [Singular] Casting Judgement of Light on Cloud Serpent
[11:02:23.376] [D] Spell_C::CastSpell(20271, 0, 0xF1300010150E6F0B, 0)
[11:02:23.409] [D] [Pulse] Slow bot root: 304ms bot=Wholesome Auto Quest poi=Kill combat=True
[11:02:24.344] [D] [Pulse] Slow bot root: 235ms bot=Wholesome Auto Quest poi=Kill combat=True
[11:02:25.254] [D] [Pulse] Slow bot root: 204ms bot=Wholesome Auto Quest poi=Kill combat=True
[11:02:26.161] [D] [Pulse] Slow bot root: 206ms bot=Wholesome Auto Quest poi=Kill combat=True
[11:02:27.067] [D] [Pulse] Slow bot root: 207ms bot=Wholesome Auto Quest poi=Kill combat=True
[11:02:27.968] [D] [Pulse] Slow bot root: 174ms bot=Wholesome Auto Quest poi=Kill combat=True
[11:02:28.841] [D] [Pulse] Slow bot root: 172ms bot=Wholesome Auto Quest poi=Kill combat=True
[11:02:29.711] [D] [Pulse] Slow bot root: 172ms bot=Wholesome Auto Quest poi=Kill combat=True
[11:02:29.804] [D] [Pulse] Slow plugin: name=Tidy Bags 3 Reloaded elapsed=62ms
[11:02:30.575] [D] [Pulse] Slow bot root: 168ms bot=Wholesome Auto Quest poi=Kill combat=True
[11:02:31.404] [D] Cleared POI - Reason POI is dead from Combat
[11:02:31.405] [D] Cleared POI
[11:02:31.405] [D] [Pulse] Slow bot root: 134ms bot=Wholesome Auto Quest poi=None combat=False
[11:02:32.432] [D] Activity: Moving to hotspot
[11:02:32.665] [D] [Pulse] Slow bot root: 565ms bot=Wholesome Auto Quest poi=None combat=False
[11:02:33.870] [D] [Pulse] Slow bot root: 469ms bot=Wholesome Auto Quest poi=None combat=False
[11:02:35.043] [D] [Pulse] Slow bot root: 468ms bot=Wholesome Auto Quest poi=None combat=False
[11:02:36.214] [D] [Pulse] Slow bot root: 468ms bot=Wholesome Auto Quest poi=None combat=False
[11:02:37.380] [D] [Pulse] Slow bot root: 464ms bot=Wholesome Auto Quest poi=None combat=False
[11:02:38.579] [D] [Pulse] Slow bot root: 500ms bot=Wholesome Auto Quest poi=None combat=False
[11:02:39.820] [D] [Pulse] Slow bot root: 504ms bot=Wholesome Auto Quest poi=None combat=False
[11:02:40.153] [D] [Pulse] Slow plugin: name=AutoEquip2 elapsed=294ms
[11:02:40.217] [D] [Pulse] Slow plugin: name=Tidy Bags 3 Reloaded elapsed=63ms
[11:02:40.218] [D] [Pulse] Slow shared pulse: total=397ms movement=0 objects=0 lua=0 info=0 loot=0 targeting=37 events=0 plugins=359 routine=0
[11:02:41.283] [D] [Pulse] Slow bot root: 434ms bot=Wholesome Auto Quest poi=None combat=True
[11:02:41.849] [D] [QuestLog] Loaded 79 completed quests from Lua fallback
[11:02:42.716] [N] [Singular] Casting Judgement of Light on Needles Cougar
[11:02:42.717] [D] Spell_C::CastSpell(20271, 0, 0xF13000101C0F2058, 0)
[11:02:42.750] [D] [Pulse] Slow bot root: 298ms bot=Wholesome Auto Quest poi=None combat=True
[11:02:42.849] [D] [Singular-DEBUG] Switched targets!
[11:02:42.849] [D] [Singular-DEBUG] Melee Distance: 5
[11:02:42.849] [D] [Singular-DEBUG] Health: 98.88392857142857
[11:02:42.849] [D] [Singular-DEBUG] Level: 28
[11:02:43.654] [D] [Pulse] Slow bot root: 199ms bot=Wholesome Auto Quest poi=None combat=True
[11:02:44.692] [N] [Singular] Casting Exorcism on Needles Cougar
[11:02:44.692] [D] Spell_C::CastSpell(879, 0, 0xF13000101C0F2058, 0)
[11:02:44.726] [D] [Pulse] Slow bot root: 303ms bot=Wholesome Auto Quest poi=None combat=True
[11:02:45.596] [D] [Pulse] Slow bot root: 169ms bot=Wholesome Auto Quest poi=None combat=True
[11:02:46.461] [D] [Pulse] Slow bot root: 167ms bot=Wholesome Auto Quest poi=None combat=True
[11:02:47.331] [D] [Pulse] Slow bot root: 167ms bot=Wholesome Auto Quest poi=None combat=True
[11:02:48.265] [N] [Singular] Casting Divine Protection on Myself
[11:02:48.265] [D] Spell_C::CastSpell(498, 0, 0x6000000007EAB80, 0)
[11:02:48.298] [D] [Pulse] Slow bot root: 267ms bot=Wholesome Auto Quest poi=None combat=True
[11:02:49.204] [D] [Pulse] Slow bot root: 202ms bot=Wholesome Auto Quest poi=None combat=True
[11:02:50.115] [D] [Pulse] Slow bot root: 175ms bot=Wholesome Auto Quest poi=None combat=True
[11:02:50.988] [D] [Pulse] Slow bot root: 173ms bot=Wholesome Auto Quest poi=None combat=True
[11:02:51.083] [D] [Pulse] Slow plugin: name=Tidy Bags 3 Reloaded elapsed=61ms
[11:02:51.920] [N] [Singular] Casting Judgement of Light on Needles Cougar
[11:02:51.920] [D] Spell_C::CastSpell(20271, 0, 0xF13000101C0F2058, 0)
[11:02:51.954] [D] [Pulse] Slow bot root: 269ms bot=Wholesome Auto Quest poi=None combat=True
[11:02:52.861] [D] [Pulse] Slow bot root: 204ms bot=Wholesome Auto Quest poi=None combat=True
[11:02:53.732] [D] [Pulse] Slow bot root: 173ms bot=Wholesome Auto Quest poi=None combat=True
[11:02:54.602] [D] [Pulse] Slow bot root: 170ms bot=Wholesome Auto Quest poi=None combat=True
[11:02:55.500] [D] [Pulse] Slow bot root: 171ms bot=Wholesome Auto Quest poi=None combat=True
[11:02:56.372] [D] [Pulse] Slow bot root: 176ms bot=Wholesome Auto Quest poi=None combat=True
[11:02:57.240] [D] [Pulse] Slow bot root: 170ms bot=Wholesome Auto Quest poi=None combat=True
[11:02:58.111] [D] [Pulse] Slow bot root: 173ms bot=Wholesome Auto Quest poi=None combat=False
[11:02:58.807] [D] Changed POI to: Type: Kill, Name: Needles Cougar, Guid: F13000101C0F2058, Entry: 4124, Location: (-5443.98, -2137.51, -54.73)
[11:02:58.907] [D] [Singular-DEBUG] Switched targets!
[11:02:58.907] [D] [Singular-DEBUG] Melee Distance: 5
[11:02:58.907] [D] [Singular-DEBUG] Health: 0
[11:02:58.907] [D] [Singular-DEBUG] Level: 28
[11:02:59.645] [D] Cleared POI - Reason POI is dead from Combat
[11:02:59.645] [D] Cleared POI
[11:02:59.645] [D] [Pulse] Slow bot root: 134ms bot=Wholesome Auto Quest poi=None combat=False
[11:03:00.890] [N] Loading 1_40_36
[11:03:00.890] [N] Loading 1_40_35
[11:03:00.890] [N] Loading 1_41_34
[11:03:00.890] [N] Loading 1_42_34
[11:03:00.890] [N] Loading 1_40_34
[11:03:00.890] [N] Loading 1_40_33
[11:03:00.890] [N] Loading 1_41_38
[11:03:00.890] [N] Loading 1_42_38
[11:03:00.890] [N] Loading 1_41_33
[11:03:00.890] [N] Loading 1_39_34
[11:03:00.890] [N] Loading 1_39_33
[11:03:00.890] [N] Loading 1_39_36
[11:03:00.890] [N] Loading 1_39_35
[11:03:00.890] [N] Loading 1_43_38
[11:03:00.890] [N] Loading 1_40_32
[11:03:00.890] [N] Loading 1_38_35
[11:03:00.890] [N] Loading 1_39_32
[11:03:00.890] [N] Loading 1_38_36
[11:03:00.890] [N] Loading 1_42_39
[11:03:00.890] [N] Loading 1_37_35
[11:03:00.890] [N] Loading 1_37_36
[11:03:00.890] [N] Loading 1_41_39
[11:03:00.890] [N] Loading 1_38_34
[11:03:00.890] [N] Loading 1_43_39
[11:03:00.890] [N] Loading 1_38_37
[11:03:00.890] [N] Loading 1_39_37
[11:03:00.890] [N] Loading 1_37_34
[11:03:00.890] [N] Loading 1_37_37
[11:03:00.999] [D] [Pulse] Slow bot root: 611ms bot=Wholesome Auto Quest poi=None combat=False
[11:03:01.335] [D] [Pulse] Slow plugin: name=AutoEquip2 elapsed=298ms
[11:03:01.401] [D] [Pulse] Slow plugin: name=Tidy Bags 3 Reloaded elapsed=64ms
[11:03:01.402] [D] [Pulse] Slow shared pulse: total=402ms movement=0 objects=0 lua=0 info=0 loot=0 targeting=36 events=0 plugins=364 routine=0
[11:03:02.435] [N] Loading 1_43_34
[11:03:02.466] [D] [Pulse] Slow bot root: 465ms bot=Wholesome Auto Quest poi=None combat=False
[11:03:03.663] [D] [Pulse] Slow bot root: 499ms bot=Wholesome Auto Quest poi=None combat=False
[11:03:04.832] [D] [Pulse] Slow bot root: 464ms bot=Wholesome Auto Quest poi=None combat=False
[11:03:06.069] [D] [Pulse] Slow bot root: 500ms bot=Wholesome Auto Quest poi=None combat=False
[11:03:07.271] [D] [Pulse] Slow bot root: 501ms bot=Wholesome Auto Quest poi=None combat=False
[11:03:08.438] [N] Mounting: 34769
[11:03:10.649] [D] [Pulse] Slow bot root: 2678ms bot=Wholesome Auto Quest poi=None combat=False
[11:03:11.620] [D] [Pulse] Slow bot root: 198ms bot=Wholesome Auto Quest poi=None combat=False
[11:03:11.954] [D] [Pulse] Slow plugin: name=AutoEquip2 elapsed=294ms
[11:03:12.020] [D] [Pulse] Slow plugin: name=Tidy Bags 3 Reloaded elapsed=64ms
[11:03:12.021] [D] [Pulse] Slow shared pulse: total=400ms movement=0 objects=0 lua=0 info=0 loot=1 targeting=38 events=0 plugins=360 routine=0
[11:03:12.821] [D] [Pulse] Slow bot root: 198ms bot=Wholesome Auto Quest poi=None combat=False
[11:03:13.756] [D] [Pulse] Slow bot root: 232ms bot=Wholesome Auto Quest poi=None combat=False
[11:03:14.686] [D] [Pulse] Slow bot root: 234ms bot=Wholesome Auto Quest poi=None combat=False
[11:03:15.618] [D] [Pulse] Slow bot root: 232ms bot=Wholesome Auto Quest poi=None combat=False
[11:03:16.551] [D] [Pulse] Slow bot root: 232ms bot=Wholesome Auto Quest poi=None combat=False
[11:03:17.521] [D] [Pulse] Slow bot root: 238ms bot=Wholesome Auto Quest poi=None combat=False
[11:03:18.428] [D] [Pulse] Slow bot root: 201ms bot=Wholesome Auto Quest poi=None combat=False
[11:03:19.367] [D] Changed POI to: Type: Kill, Name: Needles Cougar, Guid: F13000101C0F2058, Entry: 4124, Location: (-5443.98, -2137.51, -54.73)
[11:03:19.367] [D] [Pulse] Slow bot root: 235ms bot=Wholesome Auto Quest poi=Kill combat=False
[11:03:20.203] [D] Cleared POI - Reason POI is dead from Combat
[11:03:20.203] [D] Cleared POI
[11:03:20.203] [D] [Pulse] Slow bot root: 135ms bot=Wholesome Auto Quest poi=None combat=False
[11:03:21.037] [D] Dismount for attacker.
[11:03:21.037] [D] Stop and dismount. Reason: Combat
[11:03:21.071] [D] [Pulse] Slow bot root: 167ms bot=Wholesome Auto Quest poi=None combat=True
[11:03:21.907] [N] [Singular] Currect target is invalid. Switching to Pesterhide Hyena!
[11:03:21.940] [D] [Pulse] Slow bot root: 166ms bot=Wholesome Auto Quest poi=None combat=True
[11:03:22.073] [D] [Pulse] Slow plugin: name=Tidy Bags 3 Reloaded elapsed=60ms
[11:03:22.777] [D] [Singular-DEBUG] Switched targets!
[11:03:22.777] [D] [Singular-DEBUG] Melee Distance: 5
[11:03:22.777] [D] [Singular-DEBUG] Health: 98.80952380952381
[11:03:22.777] [D] [Singular-DEBUG] Level: 27
[11:03:23.687] [N] [Singular] Casting Judgement of Light on Pesterhide Hyena
[11:03:23.687] [D] Spell_C::CastSpell(20271, 0, 0xF1300010980EC26D, 0)
[11:03:23.720] [D] [Pulse] Slow bot root: 336ms bot=Wholesome Auto Quest poi=None combat=True
[11:03:24.656] [D] [Pulse] Slow bot root: 232ms bot=Wholesome Auto Quest poi=None combat=True
[11:03:25.590] [N] [Singular] Casting Exorcism on Pesterhide Hyena
[11:03:25.590] [D] Spell_C::CastSpell(879, 0, 0xF1300010980EC26D, 0)
[11:03:25.624] [D] [Pulse] Slow bot root: 267ms bot=Wholesome Auto Quest poi=None combat=True
[11:03:26.489] [D] [Pulse] Slow bot root: 165ms bot=Wholesome Auto Quest poi=None combat=True
[11:03:27.362] [D] [Pulse] Slow bot root: 167ms bot=Wholesome Auto Quest poi=None combat=True
[11:03:28.269] [D] [Pulse] Slow bot root: 169ms bot=Wholesome Auto Quest poi=None combat=True
[11:03:29.169] [D] [Pulse] Slow bot root: 202ms bot=Wholesome Auto Quest poi=None combat=True
[11:03:30.037] [D] [Pulse] Slow bot root: 171ms bot=Wholesome Auto Quest poi=None combat=True
[11:03:30.909] [D] [Pulse] Slow bot root: 171ms bot=Wholesome Auto Quest poi=None combat=True
[11:03:31.780] [D] [Pulse] Slow bot root: 171ms bot=Wholesome Auto Quest poi=None combat=True
[11:03:32.705] [N] [Singular] Casting Judgement of Light on Pesterhide Hyena
[11:03:32.705] [D] Spell_C::CastSpell(20271, 0, 0xF1300010980EC26D, 0)
[11:03:32.738] [D] [Pulse] Slow bot root: 265ms bot=Wholesome Auto Quest poi=None combat=True
[11:03:32.871] [D] [Pulse] Slow plugin: name=Tidy Bags 3 Reloaded elapsed=62ms
[11:03:33.674] [D] [Pulse] Slow bot root: 201ms bot=Wholesome Auto Quest poi=None combat=True
[11:03:34.546] [D] [Pulse] Slow bot root: 173ms bot=Wholesome Auto Quest poi=None combat=True
[11:03:35.416] [D] [Pulse] Slow bot root: 171ms bot=Wholesome Auto Quest poi=None combat=True
[11:03:36.287] [D] [Pulse] Slow bot root: 173ms bot=Wholesome Auto Quest poi=None combat=True
[11:03:37.120] [D] Changed POI to: Type: Kill, Name: Pesterhide Hyena, Guid: F1300010980EC26D, Entry: 4248, Location: (-5351.79, -2055.20, -56.62)
[11:03:37.121] [D] [Pulse] Slow bot root: 133ms bot=Wholesome Auto Quest poi=Kill combat=False
[11:03:37.960] [D] Cleared POI - Reason POI is dead from Combat
[11:03:37.960] [D] Cleared POI
[11:03:37.960] [D] [Pulse] Slow bot root: 135ms bot=Wholesome Auto Quest poi=None combat=False
[11:03:39.231] [D] [Pulse] Slow bot root: 534ms bot=Wholesome Auto Quest poi=None combat=False
[11:03:40.446] [D] [Pulse] Slow bot root: 477ms bot=Wholesome Auto Quest poi=None combat=False
[11:03:41.648] [D] [Pulse] Slow bot root: 501ms bot=Wholesome Auto Quest poi=None combat=False
[11:03:42.854] [D] [Pulse] Slow bot root: 467ms bot=Wholesome Auto Quest poi=None combat=False
[11:03:43.190] [D] [Pulse] Slow plugin: name=AutoEquip2 elapsed=298ms
[11:03:43.257] [D] [Pulse] Slow plugin: name=Tidy Bags 3 Reloaded elapsed=65ms
[11:03:43.257] [D] [Pulse] Slow shared pulse: total=402ms movement=0 objects=0 lua=0 info=0 loot=0 targeting=35 events=0 plugins=365 routine=0
[11:03:43.691] [D] [QuestLog] Loaded 79 completed quests from Lua fallback
[11:03:44.761] [D] [Pulse] Slow bot root: 470ms bot=Wholesome Auto Quest poi=None combat=False
[11:03:45.598] [N] [Singular] Currect target is invalid. Switching to Gravelsnout Forager!
[11:03:45.634] [D] [Pulse] Slow bot root: 169ms bot=Wholesome Auto Quest poi=None combat=True
[11:03:46.434] [D] [Singular-DEBUG] Switched targets!
[11:03:46.434] [D] [Singular-DEBUG] Melee Distance: 5
[11:03:46.434] [D] [Singular-DEBUG] Health: 98.81093935790726
[11:03:46.434] [D] [Singular-DEBUG] Level: 27
[11:03:47.308] [N] [Singular] Casting Judgement of Light on Gravelsnout Forager
[11:03:47.308] [D] Spell_C::CastSpell(20271, 0, 0xF1300010120F3926, 0)
[11:03:47.341] [D] [Pulse] Slow bot root: 303ms bot=Wholesome Auto Quest poi=None combat=True
[11:03:48.447] [D] [Pulse] Slow bot root: 401ms bot=Wholesome Auto Quest poi=None combat=True
[11:03:49.414] [N] [Singular] Casting Exorcism on Gravelsnout Forager
[11:03:49.414] [D] Spell_C::CastSpell(879, 0, 0xF1300010120F3926, 0)
[11:03:49.448] [D] [Pulse] Slow bot root: 266ms bot=Wholesome Auto Quest poi=None combat=True
[11:03:50.346] [D] [Pulse] Slow bot root: 197ms bot=Wholesome Auto Quest poi=None combat=True
[11:03:51.218] [D] [Pulse] Slow bot root: 172ms bot=Wholesome Auto Quest poi=None combat=True
[11:03:52.084] [D] [Pulse] Slow bot root: 171ms bot=Wholesome Auto Quest poi=None combat=True
[11:03:53.049] [N] [Singular] Casting Exorcism on Gravelsnout Forager
[11:03:53.049] [D] Spell_C::CastSpell(879, 0, 0xF1300010120F3926, 0)
[11:03:53.084] [D] [Pulse] Slow bot root: 304ms bot=Wholesome Auto Quest poi=None combat=True
[11:03:53.952] [D] [Pulse] Slow bot root: 166ms bot=Wholesome Auto Quest poi=None combat=True
[11:03:54.089] [D] [Pulse] Slow plugin: name=Tidy Bags 3 Reloaded elapsed=64ms
[11:03:54.864] [D] [Pulse] Slow bot root: 170ms bot=Wholesome Auto Quest poi=None combat=True
[11:03:55.797] [N] [Singular] Casting Judgement of Light on Gravelsnout Forager
[11:03:55.797] [D] Spell_C::CastSpell(20271, 0, 0xF1300010120F3926, 0)
[11:03:55.832] [D] [Pulse] Slow bot root: 266ms bot=Wholesome Auto Quest poi=None combat=True
[11:03:56.769] [D] [Pulse] Slow bot root: 233ms bot=Wholesome Auto Quest poi=None combat=True
[11:03:57.640] [D] [Pulse] Slow bot root: 171ms bot=Wholesome Auto Quest poi=None combat=True
[11:03:58.504] [D] [Pulse] Slow bot root: 172ms bot=Wholesome Auto Quest poi=None combat=True
[11:03:59.370] [D] [Pulse] Slow bot root: 170ms bot=Wholesome Auto Quest poi=None combat=True
[11:04:00.273] [D] [Pulse] Slow bot root: 171ms bot=Wholesome Auto Quest poi=None combat=True
[11:04:01.177] [D] [Pulse] Slow bot root: 207ms bot=Wholesome Auto Quest poi=None combat=True
[11:04:02.359] [N] Loading 1_41_37
[11:04:02.359] [N] Loading 1_42_37
[11:04:02.359] [N] Loading 1_40_33
[11:04:02.359] [N] Loading 1_41_33
[11:04:02.359] [N] Loading 1_39_34
[11:04:02.359] [N] Loading 1_39_33
[11:04:02.359] [N] Loading 1_41_38
[11:04:02.359] [N] Loading 1_42_38
[11:04:02.359] [N] Loading 1_39_36
[11:04:02.359] [N] Loading 1_39_35
[11:04:02.359] [N] Loading 1_43_37
[11:04:02.359] [N] Loading 1_40_32
[11:04:02.359] [N] Loading 1_38_35
[11:04:02.359] [N] Loading 1_39_32
[11:04:02.359] [N] Loading 1_38_36
[11:04:02.359] [N] Loading 1_43_38
[11:04:02.359] [N] Loading 1_37_35
[11:04:02.359] [N] Loading 1_37_36
[11:04:02.359] [N] Loading 1_38_34
[11:04:02.359] [N] Loading 1_38_37
[11:04:02.359] [N] Loading 1_42_39
[11:04:02.359] [N] Loading 1_39_37
[11:04:02.359] [N] Loading 1_37_34
[11:04:02.359] [N] Loading 1_37_37
[11:04:02.359] [N] Loading 1_41_39
[11:04:02.441] [D] [Pulse] Slow bot root: 565ms bot=Wholesome Auto Quest poi=None combat=True
[11:04:03.512] [N] Blacklisted mount spot at: (-5290.88, -2036.54, -58.72)
[11:04:03.713] [D] [Pulse] Slow bot root: 571ms bot=Wholesome Auto Quest poi=None combat=False
[11:04:04.052] [D] [Pulse] Slow plugin: name=AutoEquip2 elapsed=302ms
[11:04:04.116] [D] [Pulse] Slow plugin: name=Tidy Bags 3 Reloaded elapsed=63ms
[11:04:04.116] [D] [Pulse] Slow shared pulse: total=402ms movement=0 objects=0 lua=0 info=0 loot=0 targeting=34 events=0 plugins=366 routine=0
[11:04:05.214] [D] [Pulse] Slow bot root: 477ms bot=Wholesome Auto Quest poi=None combat=False
[11:04:06.463] [D] [Pulse] Slow bot root: 503ms bot=Wholesome Auto Quest poi=None combat=False
[11:04:07.631] [D] [Pulse] Slow bot root: 465ms bot=Wholesome Auto Quest poi=None combat=False
[11:04:08.799] [D] [Pulse] Slow bot root: 465ms bot=Wholesome Auto Quest poi=None combat=False
[11:04:10.000] [D] [Pulse] Slow bot root: 500ms bot=Wholesome Auto Quest poi=None combat=False
[11:04:11.173] [D] [Pulse] Slow bot root: 469ms bot=Wholesome Auto Quest poi=None combat=False
[11:04:12.376] [D] [Pulse] Slow bot root: 466ms bot=Wholesome Auto Quest poi=None combat=False
[11:04:13.580] [D] [Pulse] Slow bot root: 464ms bot=Wholesome Auto Quest poi=None combat=False
[11:04:14.754] [N] Mounting: 34769
[11:04:17.226] [D] [Pulse] Slow bot root: 2943ms bot=Wholesome Auto Quest poi=None combat=False
[11:04:17.597] [D] [Pulse] Slow plugin: name=AutoEquip2 elapsed=300ms
[11:04:17.661] [D] [Pulse] Slow plugin: name=Tidy Bags 3 Reloaded elapsed=62ms
[11:04:17.661] [D] [Pulse] Slow shared pulse: total=434ms movement=0 objects=0 lua=33 info=0 loot=1 targeting=35 events=0 plugins=364 routine=0
[11:04:18.456] [D] [Pulse] Slow bot root: 198ms bot=Wholesome Auto Quest poi=None combat=False
[11:04:19.359] [D] [Pulse] Slow bot root: 200ms bot=Wholesome Auto Quest poi=None combat=False
[11:04:20.256] [D] [Pulse] Slow bot root: 201ms bot=Wholesome Auto Quest poi=None combat=False
[11:04:21.159] [D] [Pulse] Slow bot root: 200ms bot=Wholesome Auto Quest poi=None combat=False
[11:04:22.057] [D] [Pulse] Slow bot root: 198ms bot=Wholesome Auto Quest poi=None combat=False
[11:04:22.959] [D] [Pulse] Slow bot root: 200ms bot=Wholesome Auto Quest poi=None combat=False
[11:04:23.930] [D] [Pulse] Slow bot root: 236ms bot=Wholesome Auto Quest poi=None combat=False
[11:04:24.835] [D] [Pulse] Slow bot root: 202ms bot=Wholesome Auto Quest poi=None combat=False
[11:04:25.735] [D] [Pulse] Slow bot root: 199ms bot=Wholesome Auto Quest poi=None combat=False
[11:04:26.636] [D] [Pulse] Slow bot root: 201ms bot=Wholesome Auto Quest poi=None combat=False
[11:04:27.533] [D] [Pulse] Slow bot root: 201ms bot=Wholesome Auto Quest poi=None combat=False
[11:04:27.870] [D] [Pulse] Slow plugin: name=AutoEquip2 elapsed=300ms
[11:04:27.935] [D] [Pulse] Slow plugin: name=Tidy Bags 3 Reloaded elapsed=63ms
[11:04:27.935] [D] [Pulse] Slow shared pulse: total=401ms movement=0 objects=0 lua=0 info=0 loot=0 targeting=35 events=0 plugins=364 routine=0
[11:04:28.734] [D] [Pulse] Slow bot root: 200ms bot=Wholesome Auto Quest poi=None combat=False
[11:04:29.668] [D] [Pulse] Slow bot root: 199ms bot=Wholesome Auto Quest poi=None combat=False
[11:04:30.567] [D] [Pulse] Slow bot root: 199ms bot=Wholesome Auto Quest poi=None combat=False
[11:04:31.470] [D] [Pulse] Slow bot root: 203ms bot=Wholesome Auto Quest poi=None combat=False
[11:04:32.372] [D] [Pulse] Slow bot root: 201ms bot=Wholesome Auto Quest poi=None combat=False
[11:04:33.309] [D] [Pulse] Slow bot root: 234ms bot=Wholesome Auto Quest poi=None combat=False
[11:04:34.213] [D] [Pulse] Slow bot root: 200ms bot=Wholesome Auto Quest poi=None combat=False
[11:04:35.183] [D] [Pulse] Slow bot root: 231ms bot=Wholesome Auto Quest poi=None combat=False
[11:04:36.086] [D] [Pulse] Slow bot root: 199ms bot=Wholesome Auto Quest poi=None combat=False
[11:04:37.031] [D] [Pulse] Slow bot root: 236ms bot=Wholesome Auto Quest poi=None combat=False
[11:04:37.934] [D] [Pulse] Slow bot root: 202ms bot=Wholesome Auto Quest poi=None combat=False
[11:04:38.272] [D] [Pulse] Slow plugin: name=AutoEquip2 elapsed=299ms
[11:04:38.337] [D] [Pulse] Slow plugin: name=Tidy Bags 3 Reloaded elapsed=63ms
[11:04:38.337] [D] [Pulse] Slow shared pulse: total=402ms movement=0 objects=0 lua=0 info=0 loot=0 targeting=35 events=0 plugins=365 routine=0
[11:04:39.142] [D] [Pulse] Slow bot root: 202ms bot=Wholesome Auto Quest poi=None combat=False
[11:04:39.977] [D] Dismount for attacker.
[11:04:39.977] [D] Stop and dismount. Reason: Combat
[11:04:40.011] [D] [Pulse] Slow bot root: 167ms bot=Wholesome Auto Quest poi=None combat=True
[11:04:40.882] [N] [Singular] Currect target is invalid. Switching to Rok'Alim the Pounder!
[11:04:40.919] [D] [Pulse] Slow bot root: 171ms bot=Wholesome Auto Quest poi=None combat=True
[11:04:41.722] [D] [Singular-DEBUG] Switched targets!
[11:04:41.723] [D] [Singular-DEBUG] Melee Distance: 5
[11:04:41.723] [D] [Singular-DEBUG] Health: 99.12739965095986
[11:04:41.723] [D] [Singular-DEBUG] Level: 30
[11:04:42.529] [D] [Pulse] Slow bot root: 203ms bot=Wholesome Auto Quest poi=None combat=True
[11:04:43.533] [N] [Singular] Casting Judgement of Light on Rok'Alim the Pounder
[11:04:43.533] [D] Spell_C::CastSpell(20271, 0, 0xF1300011930FD99B, 0)
[11:04:43.567] [D] [Pulse] Slow bot root: 304ms bot=Wholesome Auto Quest poi=None combat=True
[11:04:44.541] [N] [Singular] Casting Exorcism on Rok'Alim the Pounder
[11:04:44.541] [D] Spell_C::CastSpell(879, 0, 0xF1300011930FD99B, 0)
[11:04:44.575] [D] [Pulse] Slow bot root: 306ms bot=Wholesome Auto Quest poi=None combat=True
[11:04:45.146] [D] [QuestLog] Loaded 79 completed quests from Lua fallback
[11:04:45.928] [D] [Pulse] Slow bot root: 177ms bot=Wholesome Auto Quest poi=None combat=True
[11:04:46.794] [D] [Pulse] Slow bot root: 175ms bot=Wholesome Auto Quest poi=None combat=True
[11:04:47.724] [N] [Singular] Casting Exorcism on Rok'Alim the Pounder
[11:04:47.724] [D] Spell_C::CastSpell(879, 0, 0xF1300011930FD99B, 0)
[11:04:47.757] [D] [Pulse] Slow bot root: 267ms bot=Wholesome Auto Quest poi=None combat=True
[11:04:48.627] [D] [Pulse] Slow bot root: 170ms bot=Wholesome Auto Quest poi=None combat=True
[11:04:48.725] [D] [Pulse] Slow plugin: name=Tidy Bags 3 Reloaded elapsed=61ms
[11:04:49.490] [D] [Pulse] Slow bot root: 165ms bot=Wholesome Auto Quest poi=None combat=True
[11:04:50.369] [D] [Pulse] Slow bot root: 176ms bot=Wholesome Auto Quest poi=None combat=True
[11:04:51.296] [D] [Pulse] Slow bot root: 202ms bot=Wholesome Auto Quest poi=None combat=True
[11:04:52.223] [N] [Singular] Casting Judgement of Light on Rok'Alim the Pounder
[11:04:52.223] [D] Spell_C::CastSpell(20271, 0, 0xF1300011930FD99B, 0)
[11:04:52.257] [D] [Pulse] Slow bot root: 265ms bot=Wholesome Auto Quest poi=None combat=True
[11:04:53.161] [D] [Pulse] Slow bot root: 203ms bot=Wholesome Auto Quest poi=None combat=True
[11:04:54.038] [D] [Pulse] Slow bot root: 175ms bot=Wholesome Auto Quest poi=None combat=True
[11:04:54.902] [D] [Pulse] Slow bot root: 176ms bot=Wholesome Auto Quest poi=None combat=True
[11:04:55.772] [D] [Pulse] Slow bot root: 174ms bot=Wholesome Auto Quest poi=None combat=True
[11:04:56.674] [D] [Pulse] Slow bot root: 173ms bot=Wholesome Auto Quest poi=None combat=True
[11:04:57.546] [D] [Pulse] Slow bot root: 175ms bot=Wholesome Auto Quest poi=None combat=True
[11:04:58.416] [D] [Pulse] Slow bot root: 175ms bot=Wholesome Auto Quest poi=None combat=True
[11:04:59.289] [D] [Pulse] Slow bot root: 175ms bot=Wholesome Auto Quest poi=None combat=True
[11:04:59.381] [D] [Pulse] Slow plugin: name=Tidy Bags 3 Reloaded elapsed=62ms
[11:05:00.159] [D] [Pulse] Slow bot root: 175ms bot=Wholesome Auto Quest poi=None combat=True
[11:05:01.087] [N] [Singular] Casting Judgement of Light on Rok'Alim the Pounder
[11:05:01.087] [D] Spell_C::CastSpell(20271, 0, 0xF1300011930FD99B, 0)
[11:05:01.121] [D] [Pulse] Slow bot root: 267ms bot=Wholesome Auto Quest poi=None combat=True
[11:05:02.966] [D] [Pulse] Slow bot root: 1110ms bot=Wholesome Auto Quest poi=None combat=True
[11:05:04.151] [N] Loading 1_40_33
[11:05:04.151] [N] Loading 1_41_33
[11:05:04.151] [N] Loading 1_39_34
[11:05:04.151] [N] Loading 1_39_33
[11:05:04.151] [N] Loading 1_41_37
[11:05:04.151] [N] Loading 1_39_36
[11:05:04.151] [N] Loading 1_42_37
[11:05:04.151] [N] Loading 1_39_35
[11:05:04.151] [N] Loading 1_43_36
[11:05:04.151] [N] Loading 1_40_32
[11:05:04.151] [N] Loading 1_38_35
[11:05:04.151] [N] Loading 1_39_32
[11:05:04.151] [N] Loading 1_38_36
[11:05:04.151] [N] Loading 1_37_35
[11:05:04.151] [N] Loading 1_37_36
[11:05:04.151] [N] Loading 1_38_34
[11:05:04.151] [N] Loading 1_41_38
[11:05:04.151] [N] Loading 1_42_38
[11:05:04.151] [N] Loading 1_38_37
[11:05:04.151] [N] Loading 1_39_37
[11:05:04.151] [N] Loading 1_37_34
[11:05:04.151] [N] Loading 1_37_37
[11:05:04.200] [D] [Pulse] Slow bot root: 537ms bot=Wholesome Auto Quest poi=None combat=False
[11:05:05.368] [D] [Pulse] Slow bot root: 467ms bot=Wholesome Auto Quest poi=None combat=False
[11:05:06.537] [D] [Pulse] Slow bot root: 469ms bot=Wholesome Auto Quest poi=None combat=False
[11:05:07.769] [D] [Pulse] Slow bot root: 500ms bot=Wholesome Auto Quest poi=None combat=False
[11:05:08.936] [D] [Pulse] Slow bot root: 467ms bot=Wholesome Auto Quest poi=None combat=False
[11:05:10.137] [D] [Pulse] Slow bot root: 500ms bot=Wholesome Auto Quest poi=None combat=False
[11:05:10.473] [D] [Pulse] Slow plugin: name=AutoEquip2 elapsed=298ms
[11:05:10.540] [D] [Pulse] Slow plugin: name=Tidy Bags 3 Reloaded elapsed=65ms
[11:05:10.540] [D] [Pulse] Slow shared pulse: total=402ms movement=0 objects=0 lua=0 info=0 loot=1 targeting=35 events=0 plugins=365 routine=0
[11:05:11.644] [D] [Pulse] Slow bot root: 501ms bot=Wholesome Auto Quest poi=None combat=False
[11:05:12.883] [D] [Pulse] Slow bot root: 503ms bot=Wholesome Auto Quest poi=None combat=False
[11:05:14.090] [N] Mounting: 35022
[11:05:16.567] [D] [Pulse] Slow bot root: 2944ms bot=Wholesome Auto Quest poi=None combat=False
[11:05:17.502] [D] [Pulse] Slow bot root: 235ms bot=Wholesome Auto Quest poi=None combat=False
[11:05:18.471] [D] [Pulse] Slow bot root: 233ms bot=Wholesome Auto Quest poi=None combat=False
[11:05:19.406] [D] [Pulse] Slow bot root: 234ms bot=Wholesome Auto Quest poi=None combat=False
[11:05:20.375] [D] [Pulse] Slow bot root: 235ms bot=Wholesome Auto Quest poi=None combat=False
[11:05:20.710] [D] [Pulse] Slow plugin: name=AutoEquip2 elapsed=297ms
[11:05:20.776] [D] [Pulse] Slow plugin: name=Tidy Bags 3 Reloaded elapsed=64ms
[11:05:20.776] [D] [Pulse] Slow shared pulse: total=401ms movement=0 objects=0 lua=0 info=0 loot=0 targeting=36 events=0 plugins=363 routine=0
[11:05:21.612] [D] [Pulse] Slow bot root: 234ms bot=Wholesome Auto Quest poi=None combat=False
[11:05:22.514] [D] [Pulse] Slow bot root: 198ms bot=Wholesome Auto Quest poi=None combat=False
[11:05:23.450] [D] [Pulse] Slow bot root: 201ms bot=Wholesome Auto Quest poi=None combat=False
[11:05:24.390] [D] [Pulse] Slow bot root: 236ms bot=Wholesome Auto Quest poi=None combat=False
[11:05:25.325] [D] [Pulse] Slow bot root: 233ms bot=Wholesome Auto Quest poi=None combat=False
[11:05:26.233] [D] [Pulse] Slow bot root: 202ms bot=Wholesome Auto Quest poi=None combat=False
[11:05:27.135] [D] [Pulse] Slow bot root: 200ms bot=Wholesome Auto Quest poi=None combat=False
[11:05:28.036] [D] [Pulse] Slow bot root: 199ms bot=Wholesome Auto Quest poi=None combat=False
[11:05:28.975] [D] [Pulse] Slow bot root: 203ms bot=Wholesome Auto Quest poi=None combat=False
[11:05:29.908] [D] Activity: Setting Grimtotem Stomper at 20.0 yards as your target
[11:05:29.908] [D] Dismounting for combat.
[11:05:29.908] [D] Stop and dismount. Reason: Combat
[11:05:30.039] [D] [Pulse] Slow bot root: 365ms bot=Wholesome Auto Quest poi=None combat=False
[11:05:30.740] [D] Changed POI to: Type: Kill, Name: Grimtotem Stomper, Guid: F130002A070FE1B0, Entry: 10759, Location: (-4935.33, -1882.81, 22.32)
[11:05:31.077] [D] [Pulse] Slow plugin: name=AutoEquip2 elapsed=297ms
[11:05:31.144] [D] [Pulse] Slow plugin: name=Tidy Bags 3 Reloaded elapsed=64ms
[11:05:31.144] [D] [Singular-DEBUG] Switched targets!
[11:05:31.144] [D] [Singular-DEBUG] Melee Distance: 6.5833335
[11:05:31.144] [D] [Singular-DEBUG] Health: 100
[11:05:31.144] [D] [Singular-DEBUG] Level: 26
[11:05:31.144] [D] [Pulse] Slow shared pulse: total=404ms movement=0 objects=0 lua=0 info=0 loot=1 targeting=38 events=0 plugins=364 routine=0
[11:05:32.110] [N] [Singular] Casting Exorcism on Grimtotem Stomper
[11:05:32.110] [D] Spell_C::CastSpell(879, 0, 0xF130002A070FE1B0, 0)
[11:05:32.143] [D] [Pulse] Slow bot root: 399ms bot=Wholesome Auto Quest poi=Kill combat=False
[11:05:33.017] [D] [Pulse] Slow bot root: 168ms bot=Wholesome Auto Quest poi=Kill combat=True
[11:05:33.884] [D] [Pulse] Slow bot root: 168ms bot=Wholesome Auto Quest poi=Kill combat=True
[11:05:34.852] [N] [Singular] Casting Judgement of Light on Grimtotem Stomper
[11:05:34.852] [D] Spell_C::CastSpell(20271, 0, 0xF130002A070FE1B0, 0)
[11:05:34.886] [D] [Pulse] Slow bot root: 264ms bot=Wholesome Auto Quest poi=Kill combat=True
[11:05:35.825] [D] [Pulse] Slow bot root: 237ms bot=Wholesome Auto Quest poi=Kill combat=True
[11:05:36.705] [D] [Pulse] Slow bot root: 176ms bot=Wholesome Auto Quest poi=Kill combat=True
[11:05:37.575] [D] [Pulse] Slow bot root: 178ms bot=Wholesome Auto Quest poi=Kill combat=True
[11:05:38.443] [D] [Pulse] Slow bot root: 177ms bot=Wholesome Auto Quest poi=Kill combat=True
[11:05:39.311] [D] [Pulse] Slow bot root: 179ms bot=Wholesome Auto Quest poi=Kill combat=True
[11:05:40.219] [D] [Pulse] Slow bot root: 179ms bot=Wholesome Auto Quest poi=Kill combat=True
[11:05:40.220] [D] [Singular-DEBUG] Boiling Elemental is immune to Frost spell school
[11:05:41.045] [D] Cleared POI - Reason POI is dead from Combat
[11:05:41.045] [D] Cleared POI
[11:05:41.045] [D] [Pulse] Slow bot root: 132ms bot=Wholesome Auto Quest poi=None combat=True
[11:05:41.146] [D] [Pulse] Slow plugin: name=Tidy Bags 3 Reloaded elapsed=60ms
[11:05:42.120] [D] Activity: Moving to hotspot
[11:05:42.355] [D] [Pulse] Slow bot root: 603ms bot=Wholesome Auto Quest poi=None combat=False
[11:05:42.356] [D] [Singular-DEBUG] Boiling Elemental is immune to Frost spell school
[11:05:43.527] [D] [Pulse] Slow bot root: 466ms bot=Wholesome Auto Quest poi=None combat=False
[11:05:44.773] [D] [Pulse] Slow bot root: 511ms bot=Wholesome Auto Quest poi=None combat=False
[11:05:46.008] [D] [Pulse] Slow bot root: 501ms bot=Wholesome Auto Quest poi=None combat=False
[11:05:46.009] [D] [Singular-DEBUG] Boiling Elemental is immune to Frost spell school
[11:05:46.580] [D] [QuestLog] Loaded 79 completed quests from Lua fallback
[11:05:47.686] [D] [Pulse] Slow bot root: 503ms bot=Wholesome Auto Quest poi=None combat=False
[11:05:48.823] [D] [Pulse] Slow bot root: 434ms bot=Wholesome Auto Quest poi=None combat=False
[11:05:50.000] [D] [Pulse] Slow bot root: 467ms bot=Wholesome Auto Quest poi=None combat=False
[11:05:51.397] [N] Mounting: 35022
[11:05:53.575] [D] [Pulse] Slow bot root: 2842ms bot=Wholesome Auto Quest poi=None combat=False
[11:05:53.576] [D] [Singular-DEBUG] Boiling Elemental is immune to Frost spell school
[11:05:53.912] [D] [Pulse] Slow plugin: name=AutoEquip2 elapsed=298ms
[11:05:53.978] [D] [Pulse] Slow plugin: name=Tidy Bags 3 Reloaded elapsed=64ms
[11:05:53.978] [D] [Pulse] Slow shared pulse: total=403ms movement=0 objects=0 lua=0 info=0 loot=1 targeting=36 events=0 plugins=364 routine=0
[11:05:54.809] [D] [Pulse] Slow bot root: 230ms bot=Wholesome Auto Quest poi=None combat=False
[11:05:54.809] [D] [Singular-DEBUG] Boiling Elemental is immune to Frost spell school
[11:05:55.744] [D] [Pulse] Slow bot root: 235ms bot=Wholesome Auto Quest poi=None combat=False
[11:05:56.681] [D] [Pulse] Slow bot root: 197ms bot=Wholesome Auto Quest poi=None combat=False
[11:05:57.582] [D] [Pulse] Slow bot root: 198ms bot=Wholesome Auto Quest poi=None combat=False
[11:05:58.491] [D] [Pulse] Slow bot root: 203ms bot=Wholesome Auto Quest poi=None combat=False
[11:05:58.491] [D] [Singular-DEBUG] Boiling Elemental is immune to Frost spell school
[11:05:59.388] [D] [Pulse] Slow bot root: 199ms bot=Wholesome Auto Quest poi=None combat=False
[11:06:00.291] [D] [Pulse] Slow bot root: 198ms bot=Wholesome Auto Quest poi=None combat=False
[11:06:01.193] [D] [Pulse] Slow bot root: 201ms bot=Wholesome Auto Quest poi=None combat=False
[11:06:02.099] [D] [Nav] Ground movement made no progress for 3s despite repeated commands: from=(-4902.20, -1864.99, 36.94) waypoint=(-4901.95, -1864.50, 39.49) destination=(-1787.19, -2375.77, 91.77) moving=False speed=0.0 ctm=None. Trying validated detour, then stuck recovery.
[11:06:02.198] [D] [Nav] Following validated local detour: map=1 from=(-4902.20, -1864.99, 36.94) landing=(-4900.22, -1865.32, 36.88) destination=(-1787.19, -2375.77, 91.77)
[11:06:02.231] [D] [Pulse] Slow bot root: 301ms bot=Wholesome Auto Quest poi=None combat=False
[11:06:02.232] [D] [Singular-DEBUG] Boiling Elemental is immune to Frost spell school
[11:06:03.198] [D] [Pulse] Slow bot root: 266ms bot=Wholesome Auto Quest poi=None combat=False
[11:06:04.097] [D] [Pulse] Slow bot root: 199ms bot=Wholesome Auto Quest poi=None combat=False
[11:06:04.098] [D] [Singular-DEBUG] Boiling Elemental is immune to Frost spell school
[11:06:04.432] [D] [Pulse] Slow plugin: name=AutoEquip2 elapsed=296ms
[11:06:04.497] [D] [Pulse] Slow plugin: name=Tidy Bags 3 Reloaded elapsed=63ms
[11:06:04.497] [D] [Pulse] Slow shared pulse: total=399ms movement=0 objects=0 lua=0 info=0 loot=1 targeting=36 events=0 plugins=361 routine=0
[11:06:05.338] [D] [Pulse] Slow bot root: 234ms bot=Wholesome Auto Quest poi=None combat=False
[11:06:06.174] [D] Dismount for attacker.
[11:06:06.174] [D] Stop and dismount. Reason: Combat
[11:06:06.208] [D] [Pulse] Slow bot root: 167ms bot=Wholesome Auto Quest poi=None combat=True
[11:06:06.340] [D] [Singular-DEBUG] Switched targets!
[11:06:06.340] [D] [Singular-DEBUG] Melee Distance: 6.5833335
[11:06:06.340] [D] [Singular-DEBUG] Health: 100
[11:06:06.340] [D] [Singular-DEBUG] Level: 25
[11:06:07.244] [N] [Singular] Casting Judgement of Light on Grimtotem Geomancer
[11:06:07.244] [D] Spell_C::CastSpell(20271, 0, 0xF130002A080FE1E6, 0)
[11:06:07.278] [D] [Pulse] Slow bot root: 337ms bot=Wholesome Auto Quest poi=None combat=True
[11:06:08.408] [D] [Pulse] Slow bot root: 431ms bot=Wholesome Auto Quest poi=None combat=True
[11:06:09.377] [N] [Singular] Casting Exorcism on Grimtotem Geomancer
[11:06:09.377] [D] Spell_C::CastSpell(879, 0, 0xF130002A080FE1E6, 0)
[11:06:09.410] [D] [Pulse] Slow bot root: 300ms bot=Wholesome Auto Quest poi=None combat=True
[11:06:10.279] [D] [Pulse] Slow bot root: 167ms bot=Wholesome Auto Quest poi=None combat=True
[11:06:11.151] [D] [Pulse] Slow bot root: 168ms bot=Wholesome Auto Quest poi=None combat=True
[11:06:12.026] [D] [Pulse] Slow bot root: 175ms bot=Wholesome Auto Quest poi=None combat=True
[11:06:12.951] [D] [Pulse] Slow bot root: 201ms bot=Wholesome Auto Quest poi=None combat=True
[11:06:13.824] [D] [Pulse] Slow bot root: 173ms bot=Wholesome Auto Quest poi=None combat=True
[11:06:14.723] [D] [Pulse] Slow bot root: 173ms bot=Wholesome Auto Quest poi=None combat=True
[11:06:14.814] [D] [Pulse] Slow plugin: name=Tidy Bags 3 Reloaded elapsed=61ms
[11:06:15.588] [D] [Pulse] Slow bot root: 171ms bot=Wholesome Auto Quest poi=None combat=False
[11:06:16.283] [D] Changed POI to: Type: Kill, Name: Grimtotem Geomancer, Guid: F130002A080FE1E6, Entry: 10760, Location: (-4877.50, -1841.59, 56.03)
[11:06:16.384] [D] [Singular-DEBUG] Switched targets!
[11:06:16.384] [D] [Singular-DEBUG] Melee Distance: 6.5833335
[11:06:16.384] [D] [Singular-DEBUG] Health: 0
[11:06:16.384] [D] [Singular-DEBUG] Level: 25
[11:06:17.121] [D] Cleared POI - Reason POI is dead from Combat
[11:06:17.121] [D] Cleared POI
[11:06:17.121] [D] [Pulse] Slow bot root: 132ms bot=Wholesome Auto Quest poi=None combat=False
[11:06:18.340] [N] Loading 1_39_36
[11:06:18.340] [N] Loading 1_39_35
[11:06:18.340] [N] Loading 1_40_33
[11:06:18.340] [N] Loading 1_41_33
[11:06:18.340] [N] Loading 1_38_35
[11:06:18.340] [N] Loading 1_38_36
[11:06:18.340] [N] Loading 1_39_34
[11:06:18.340] [N] Loading 1_39_33
[11:06:18.340] [N] Loading 1_37_35
[11:06:18.340] [N] Loading 1_37_36
[11:06:18.340] [N] Loading 1_38_34
[11:06:18.340] [N] Loading 1_41_37
[11:06:18.340] [N] Loading 1_42_37
[11:06:18.340] [N] Loading 1_38_37
[11:06:18.340] [N] Loading 1_39_37
[11:06:18.340] [N] Loading 1_37_34
[11:06:18.340] [N] Loading 1_37_37
[11:06:18.340] [N] Loading 1_43_36
[11:06:18.340] [N] Loading 1_40_32
[11:06:18.340] [N] Loading 1_39_32
[11:06:18.435] [D] [Pulse] Slow bot root: 577ms bot=Wholesome Auto Quest poi=None combat=False
[11:06:19.638] [D] [Pulse] Slow bot root: 499ms bot=Wholesome Auto Quest poi=None combat=False
[11:06:20.837] [D] [Pulse] Slow bot root: 499ms bot=Wholesome Auto Quest poi=None combat=False
[11:06:22.008] [D] [Pulse] Slow bot root: 467ms bot=Wholesome Auto Quest poi=None combat=False
[11:06:23.181] [D] [Pulse] Slow bot root: 469ms bot=Wholesome Auto Quest poi=None combat=False
[11:06:24.416] [D] [Pulse] Slow bot root: 501ms bot=Wholesome Auto Quest poi=None combat=False
[11:06:25.586] [D] [Pulse] Slow bot root: 467ms bot=Wholesome Auto Quest poi=None combat=False
[11:06:25.921] [D] [Pulse] Slow plugin: name=AutoEquip2 elapsed=296ms
[11:06:25.987] [D] [Pulse] Slow plugin: name=Tidy Bags 3 Reloaded elapsed=65ms
[11:06:25.987] [D] [Pulse] Slow shared pulse: total=401ms movement=0 objects=0 lua=0 info=0 loot=0 targeting=37 events=0 plugins=362 routine=0
[11:06:27.051] [N] Mounting: 35022
[11:06:29.260] [D] [Pulse] Slow bot root: 2675ms bot=Wholesome Auto Quest poi=None combat=False
[11:06:30.232] [D] [Pulse] Slow bot root: 233ms bot=Wholesome Auto Quest poi=None combat=False
[11:06:31.140] [D] [Pulse] Slow bot root: 202ms bot=Wholesome Auto Quest poi=None combat=False
[11:06:32.072] [D] [Pulse] Slow bot root: 234ms bot=Wholesome Auto Quest poi=None combat=False
[11:06:33.007] [D] [Pulse] Slow bot root: 233ms bot=Wholesome Auto Quest poi=None combat=False
[11:06:33.943] [D] [Pulse] Slow bot root: 233ms bot=Wholesome Auto Quest poi=None combat=False
[11:06:34.877] [D] [Pulse] Slow bot root: 232ms bot=Wholesome Auto Quest poi=None combat=False
[11:06:35.847] [D] Changed POI to: Type: Kill, Name: Grimtotem Geomancer, Guid: F130002A080FE1E6, Entry: 10760, Location: (-4877.50, -1841.59, 56.03)
[11:06:35.847] [D] [Pulse] Slow bot root: 233ms bot=Wholesome Auto Quest poi=Kill combat=False
[11:06:36.186] [D] [Pulse] Slow plugin: name=AutoEquip2 elapsed=301ms
[11:06:36.251] [D] [Pulse] Slow plugin: name=Tidy Bags 3 Reloaded elapsed=64ms
[11:06:36.251] [D] [Pulse] Slow shared pulse: total=403ms movement=0 objects=0 lua=0 info=0 loot=0 targeting=35 events=0 plugins=366 routine=0
[11:06:36.991] [D] Cleared POI - Reason POI is dead from Combat
[11:06:36.991] [D] Cleared POI
[11:06:36.991] [D] [Pulse] Slow bot root: 132ms bot=Wholesome Auto Quest poi=None combat=False
[11:06:37.968] [D] [Pulse] Slow bot root: 268ms bot=Wholesome Auto Quest poi=None combat=True
[11:06:38.070] [D] [Singular-DEBUG] Switched targets!
[11:06:38.070] [D] [Singular-DEBUG] Melee Distance: 6.5833335
[11:06:38.070] [D] [Singular-DEBUG] Health: 100
[11:06:38.070] [D] [Singular-DEBUG] Level: 27
[11:06:38.873] [D] Changed POI to: Type: Kill, Name: Grimtotem Geomancer, Guid: F130002A080FE235, Entry: 10760, Location: (-4787.43, -1886.68, 89.96)
[11:06:38.873] [D] [Pulse] Slow bot root: 199ms bot=Wholesome Auto Quest poi=Kill combat=True
[11:06:39.708] [D] Activity: Moving towards Grimtotem Geomancer
[11:06:39.741] [D] [MeshNavigator] Skipped 2 path nodes
[11:06:39.841] [D] [Pulse] Slow bot root: 266ms bot=Wholesome Auto Quest poi=Kill combat=True
[11:06:40.748] [D] [Pulse] Slow bot root: 201ms bot=Wholesome Auto Quest poi=Kill combat=True
[11:06:41.621] [D] Dismount to kill bot poi.
[11:06:41.621] [D] Stop and dismount. Reason: Combat
[11:06:41.752] [D] [Pulse] Slow bot root: 265ms bot=Wholesome Auto Quest poi=Kill combat=True
[11:06:42.821] [N] [Singular] Casting Exorcism on Grimtotem Geomancer
[11:06:42.821] [D] Spell_C::CastSpell(879, 0, 0xF130002A080FE235, 0)
[11:06:42.856] [D] [Pulse] Slow bot root: 403ms bot=Wholesome Auto Quest poi=Kill combat=True
[11:06:43.724] [D] [Pulse] Slow bot root: 165ms bot=Wholesome Auto Quest poi=Kill combat=True
[11:06:44.593] [D] [Pulse] Slow bot root: 165ms bot=Wholesome Auto Quest poi=Kill combat=True
[11:06:45.757] [D] [Pulse] Slow bot root: 433ms bot=Wholesome Auto Quest poi=Kill combat=True
[11:06:46.726] [N] [Singular] Casting Judgement of Light on Grimtotem Geomancer
[11:06:46.727] [D] Spell_C::CastSpell(20271, 0, 0xF130002A080FE235, 0)
[11:06:46.759] [D] [Pulse] Slow bot root: 268ms bot=Wholesome Auto Quest poi=Kill combat=True
[11:06:46.857] [D] [Pulse] Slow plugin: name=Tidy Bags 3 Reloaded elapsed=58ms
[11:06:47.325] [D] [QuestLog] Loaded 79 completed quests from Lua fallback
[11:06:48.162] [N] [Singular] Casting Divine Protection on Myself
[11:06:48.162] [D] Spell_C::CastSpell(498, 0, 0x6000000007EAB80, 0)
[11:06:48.195] [D] [Pulse] Slow bot root: 263ms bot=Wholesome Auto Quest poi=Kill combat=True
[11:06:49.170] [D] [Pulse] Slow bot root: 265ms bot=Wholesome Auto Quest poi=Kill combat=True
[11:06:50.039] [D] [Pulse] Slow bot root: 172ms bot=Wholesome Auto Quest poi=Kill combat=True
[11:06:50.913] [D] [Pulse] Slow bot root: 176ms bot=Wholesome Auto Quest poi=Kill combat=True
[11:06:51.878] [N] [Singular] Casting Hand of Freedom on Myself
[11:06:51.878] [D] Spell_C::CastSpell(1044, 0, 0x6000000007EAB80, 0)
[11:06:51.912] [D] [Pulse] Slow bot root: 268ms bot=Wholesome Auto Quest poi=Kill combat=True
[11:06:52.791] [D] [Pulse] Slow bot root: 174ms bot=Wholesome Auto Quest poi=Kill combat=True
[11:06:53.660] [D] [Pulse] Slow bot root: 171ms bot=Wholesome Auto Quest poi=Kill combat=True
[11:06:54.727] [D] [Pulse] Slow bot root: 367ms bot=Wholesome Auto Quest poi=Kill combat=True
[11:06:55.663] [N] [Singular] Casting Judgement of Light on Grimtotem Geomancer
[11:06:55.663] [D] Spell_C::CastSpell(20271, 0, 0xF130002A080FE235, 0)
[11:06:55.697] [D] [Pulse] Slow bot root: 268ms bot=Wholesome Auto Quest poi=Kill combat=True
[11:06:56.534] [D] Cleared POI - Reason POI is dead from Combat
[11:06:56.534] [D] Cleared POI
[11:06:56.534] [D] [Pulse] Slow bot root: 132ms bot=Wholesome Auto Quest poi=None combat=True
[11:06:57.406] [N] [Singular] Currect target is invalid. Switching to Grimtotem Stomper!
[11:06:57.440] [D] [Pulse] Slow bot root: 170ms bot=Wholesome Auto Quest poi=None combat=True
[11:06:57.539] [D] [Pulse] Slow plugin: name=Tidy Bags 3 Reloaded elapsed=61ms
[11:06:57.539] [D] [Singular-DEBUG] Switched targets!
[11:06:57.539] [D] [Singular-DEBUG] Melee Distance: 6.5833335
[11:06:57.539] [D] [Singular-DEBUG] Health: 98.61878453038673
[11:06:57.539] [D] [Singular-DEBUG] Level: 27
[11:06:59.080] [D] [Pulse] Slow bot root: 235ms bot=Wholesome Auto Quest poi=None combat=True
[11:06:59.956] [D] [Pulse] Slow bot root: 176ms bot=Wholesome Auto Quest poi=None combat=True
[11:07:00.916] [N] [Singular] Casting Exorcism on Grimtotem Stomper
[11:07:00.916] [D] Spell_C::CastSpell(879, 0, 0xF130002A070FB999, 0)
[11:07:00.949] [D] [Pulse] Slow bot root: 298ms bot=Wholesome Auto Quest poi=None combat=True
[11:07:01.827] [D] [Pulse] Slow bot root: 172ms bot=Wholesome Auto Quest poi=None combat=True
[11:07:02.865] [D] [Pulse] Slow bot root: 310ms bot=Wholesome Auto Quest poi=None combat=True
[11:07:03.733] [D] [Pulse] Slow bot root: 174ms bot=Wholesome Auto Quest poi=None combat=True
[11:07:04.667] [D] [Pulse] Slow bot root: 235ms bot=Wholesome Auto Quest poi=None combat=True
[11:07:05.549] [D] [Pulse] Slow bot root: 182ms bot=Wholesome Auto Quest poi=None combat=True
[11:07:06.411] [D] [Pulse] Slow bot root: 174ms bot=Wholesome Auto Quest poi=None combat=True
[11:07:07.283] [D] [Pulse] Slow bot root: 173ms bot=Wholesome Auto Quest poi=None combat=True
[11:07:08.173] [N] [Singular] Casting Holy Light on Myself
[11:07:08.173] [D] Spell_C::CastSpell(1026, 0, 0x6000000007EAB80, 0)
[11:07:08.205] [D] [Pulse] Slow bot root: 199ms bot=Wholesome Auto Quest poi=None combat=True
[11:07:08.305] [D] [Pulse] Slow plugin: name=Tidy Bags 3 Reloaded elapsed=61ms
[11:07:11.762] [D] Cleared POI
[11:07:11.762] [N] [DeathStallRecovery] Death detected at (-4781.21, -1889.53, 89.89); monitoring corpse-recovery movement.
[11:07:11.926] [D] Activity: Releasing from corpse
[11:07:11.926] [N] I died.
[11:07:11.990] [D] [Pulse] Slow bot root: 132ms bot=Wholesome Auto Quest poi=None combat=False
[11:07:12.577] [D] [Pulse] Slow bot root: 110ms bot=Wholesome Auto Quest poi=None combat=False
[11:07:12.930] [D] Activity: Moving to corpse
[11:07:13.163] [D] [Pulse] Slow bot root: 433ms bot=Wholesome Auto Quest poi=None combat=False
[11:07:13.703] [D] [Pulse] Slow bot root: 404ms bot=Wholesome Auto Quest poi=None combat=False
[11:07:14.274] [D] [Pulse] Slow bot root: 435ms bot=Wholesome Auto Quest poi=None combat=False
[11:07:14.783] [D] [Pulse] Slow bot root: 400ms bot=Wholesome Auto Quest poi=None combat=False
[11:07:15.351] [D] [Pulse] Slow bot root: 400ms bot=Wholesome Auto Quest poi=None combat=False
[11:07:15.851] [D] [Pulse] Slow bot root: 366ms bot=Wholesome Auto Quest poi=None combat=False
[11:07:16.352] [D] [Pulse] Slow bot root: 367ms bot=Wholesome Auto Quest poi=None combat=False
[11:07:16.856] [D] [Pulse] Slow bot root: 369ms bot=Wholesome Auto Quest poi=None combat=False
[11:07:17.360] [D] [Pulse] Slow bot root: 369ms bot=Wholesome Auto Quest poi=None combat=False
[11:07:17.892] [D] [Pulse] Slow bot root: 399ms bot=Wholesome Auto Quest poi=None combat=False
[11:07:18.459] [D] [Pulse] Slow bot root: 401ms bot=Wholesome Auto Quest poi=None combat=False
[11:07:18.558] [D] [Pulse] Slow plugin: name=Tidy Bags 3 Reloaded elapsed=63ms
[11:07:18.960] [D] [Pulse] Slow bot root: 368ms bot=Wholesome Auto Quest poi=None combat=False
[11:07:19.462] [D] [Pulse] Slow bot root: 368ms bot=Wholesome Auto Quest poi=None combat=False
[11:07:19.998] [D] [Pulse] Slow bot root: 402ms bot=Wholesome Auto Quest poi=None combat=False
[11:07:20.501] [D] [Pulse] Slow bot root: 370ms bot=Wholesome Auto Quest poi=None combat=False
[11:07:21.030] [D] [Pulse] Slow bot root: 399ms bot=Wholesome Auto Quest poi=None combat=False
[11:07:21.532] [D] [Pulse] Slow bot root: 368ms bot=Wholesome Auto Quest poi=None combat=False
[11:07:22.033] [D] [Pulse] Slow bot root: 368ms bot=Wholesome Auto Quest poi=None combat=False
[11:07:22.532] [D] [Pulse] Slow bot root: 366ms bot=Wholesome Auto Quest poi=None combat=False
[11:07:23.031] [D] [Pulse] Slow bot root: 365ms bot=Wholesome Auto Quest poi=None combat=False
[11:07:23.566] [D] [Pulse] Slow bot root: 368ms bot=Wholesome Auto Quest poi=None combat=False
[11:07:24.068] [D] [Pulse] Slow bot root: 367ms bot=Wholesome Auto Quest poi=None combat=False
[11:07:24.572] [D] [Pulse] Slow bot root: 368ms bot=Wholesome Auto Quest poi=None combat=False
[11:07:25.073] [D] [Pulse] Slow bot root: 367ms bot=Wholesome Auto Quest poi=None combat=False
[11:07:25.575] [D] [Pulse] Slow bot root: 366ms bot=Wholesome Auto Quest poi=None combat=False
[11:07:26.082] [D] [Pulse] Slow bot root: 373ms bot=Wholesome Auto Quest poi=None combat=False
[11:07:26.578] [D] [Pulse] Slow bot root: 364ms bot=Wholesome Auto Quest poi=None combat=False
[11:07:27.081] [D] [Pulse] Slow bot root: 368ms bot=Wholesome Auto Quest poi=None combat=False
[11:07:27.587] [D] [Pulse] Slow bot root: 372ms bot=Wholesome Auto Quest poi=None combat=False
[11:07:28.090] [D] [Pulse] Slow bot root: 369ms bot=Wholesome Auto Quest poi=None combat=False
[11:07:28.623] [D] [Pulse] Slow bot root: 366ms bot=Wholesome Auto Quest poi=None combat=False
[11:07:28.724] [D] [Pulse] Slow plugin: name=Tidy Bags 3 Reloaded elapsed=62ms
[11:07:29.123] [D] [Pulse] Slow bot root: 366ms bot=Wholesome Auto Quest poi=None combat=False
[11:07:29.660] [D] [Pulse] Slow bot root: 404ms bot=Wholesome Auto Quest poi=None combat=False
[11:07:30.163] [D] [Pulse] Slow bot root: 368ms bot=Wholesome Auto Quest poi=None combat=False
[11:07:30.695] [D] [Pulse] Slow bot root: 398ms bot=Wholesome Auto Quest poi=None combat=False
[11:07:31.198] [D] [Pulse] Slow bot root: 368ms bot=Wholesome Auto Quest poi=None combat=False
[11:07:31.702] [D] [Pulse] Slow bot root: 369ms bot=Wholesome Auto Quest poi=None combat=False
[11:07:32.237] [D] [Pulse] Slow bot root: 400ms bot=Wholesome Auto Quest poi=None combat=False
[11:07:32.771] [D] [Pulse] Slow bot root: 397ms bot=Wholesome Auto Quest poi=None combat=False
[11:07:33.275] [D] [Pulse] Slow bot root: 368ms bot=Wholesome Auto Quest poi=None combat=False
[11:07:33.841] [D] [Pulse] Slow bot root: 399ms bot=Wholesome Auto Quest poi=None combat=False
[11:07:34.343] [D] [Pulse] Slow bot root: 367ms bot=Wholesome Auto Quest poi=None combat=False
[11:07:34.842] [D] [Pulse] Slow bot root: 365ms bot=Wholesome Auto Quest poi=None combat=False
[11:07:35.343] [D] [Pulse] Slow bot root: 366ms bot=Wholesome Auto Quest poi=None combat=False
[11:07:35.843] [D] [Pulse] Slow bot root: 366ms bot=Wholesome Auto Quest poi=None combat=False
[11:07:36.341] [D] [Pulse] Slow bot root: 365ms bot=Wholesome Auto Quest poi=None combat=False
[11:07:36.879] [D] [Pulse] Slow bot root: 403ms bot=Wholesome Auto Quest poi=None combat=False
[11:07:37.382] [D] [Pulse] Slow bot root: 367ms bot=Wholesome Auto Quest poi=None combat=False
[11:07:37.915] [D] [Pulse] Slow bot root: 399ms bot=Wholesome Auto Quest poi=None combat=False
[11:07:38.449] [D] [Pulse] Slow bot root: 399ms bot=Wholesome Auto Quest poi=None combat=False
[11:07:38.988] [D] [Pulse] Slow bot root: 371ms bot=Wholesome Auto Quest poi=None combat=False
[11:07:39.088] [D] [Pulse] Slow plugin: name=Tidy Bags 3 Reloaded elapsed=63ms
[11:07:39.486] [D] [Pulse] Slow bot root: 365ms bot=Wholesome Auto Quest poi=None combat=False
[11:07:39.988] [D] [Pulse] Slow bot root: 368ms bot=Wholesome Auto Quest poi=None combat=False
[11:07:40.491] [D] [Pulse] Slow bot root: 368ms bot=Wholesome Auto Quest poi=None combat=False
[11:07:40.992] [D] [Pulse] Slow bot root: 368ms bot=Wholesome Auto Quest poi=None combat=False
[11:07:41.495] [D] [Pulse] Slow bot root: 368ms bot=Wholesome Auto Quest poi=None combat=False
[11:07:41.999] [D] [Pulse] Slow bot root: 372ms bot=Wholesome Auto Quest poi=None combat=False
[11:07:42.504] [D] [Pulse] Slow bot root: 368ms bot=Wholesome Auto Quest poi=None combat=False
[11:07:43.038] [D] [Pulse] Slow bot root: 402ms bot=Wholesome Auto Quest poi=None combat=False
[11:07:43.571] [D] [Pulse] Slow bot root: 399ms bot=Wholesome Auto Quest poi=None combat=False
[11:07:44.112] [D] [Pulse] Slow bot root: 370ms bot=Wholesome Auto Quest poi=None combat=False
[11:07:44.650] [D] [Pulse] Slow bot root: 403ms bot=Wholesome Auto Quest poi=None combat=False
[11:07:45.185] [D] [Pulse] Slow bot root: 401ms bot=Wholesome Auto Quest poi=None combat=False
[11:07:45.724] [D] [Pulse] Slow bot root: 372ms bot=Wholesome Auto Quest poi=None combat=False
[11:07:46.217] [D] [Pulse] Slow bot root: 366ms bot=Wholesome Auto Quest poi=None combat=False
[11:07:46.715] [D] [Pulse] Slow bot root: 363ms bot=Wholesome Auto Quest poi=None combat=False
[11:07:47.223] [D] [Pulse] Slow bot root: 373ms bot=Wholesome Auto Quest poi=None combat=False
[11:07:47.726] [D] [Pulse] Slow bot root: 370ms bot=Wholesome Auto Quest poi=None combat=False
[11:07:48.298] [D] [QuestLog] Loaded 79 completed quests from Lua fallback
[11:07:48.736] [D] [Pulse] Slow bot root: 403ms bot=Wholesome Auto Quest poi=None combat=False
[11:07:49.270] [D] [Pulse] Slow bot root: 367ms bot=Wholesome Auto Quest poi=None combat=False
[11:07:49.370] [D] [Pulse] Slow plugin: name=Tidy Bags 3 Reloaded elapsed=61ms
[11:07:49.773] [D] [Pulse] Slow bot root: 368ms bot=Wholesome Auto Quest poi=None combat=False
[11:07:50.278] [D] [Pulse] Slow bot root: 371ms bot=Wholesome Auto Quest poi=None combat=False
[11:07:50.780] [D] [Pulse] Slow bot root: 370ms bot=Wholesome Auto Quest poi=None combat=False
[11:07:51.281] [D] [Pulse] Slow bot root: 366ms bot=Wholesome Auto Quest poi=None combat=False
[11:07:51.780] [D] [Pulse] Slow bot root: 364ms bot=Wholesome Auto Quest poi=None combat=False
[11:07:52.281] [D] [Pulse] Slow bot root: 369ms bot=Wholesome Auto Quest poi=None combat=False
[11:07:52.779] [D] [Pulse] Slow bot root: 366ms bot=Wholesome Auto Quest poi=None combat=False
[11:07:53.286] [D] [Pulse] Slow bot root: 372ms bot=Wholesome Auto Quest poi=None combat=False
[11:07:53.783] [D] [Pulse] Slow bot root: 364ms bot=Wholesome Auto Quest poi=None combat=False
[11:07:54.317] [D] [Pulse] Slow bot root: 367ms bot=Wholesome Auto Quest poi=None combat=False
[11:07:54.815] [D] [Pulse] Slow bot root: 364ms bot=Wholesome Auto Quest poi=None combat=False
[11:07:55.319] [D] [Pulse] Slow bot root: 370ms bot=Wholesome Auto Quest poi=None combat=False
[11:07:55.819] [D] [Pulse] Slow bot root: 367ms bot=Wholesome Auto Quest poi=None combat=False
[11:07:56.318] [D] [Pulse] Slow bot root: 365ms bot=Wholesome Auto Quest poi=None combat=False
[11:07:56.823] [D] [Pulse] Slow bot root: 370ms bot=Wholesome Auto Quest poi=None combat=False
[11:07:57.323] [D] [Pulse] Slow bot root: 366ms bot=Wholesome Auto Quest poi=None combat=False
[11:07:57.825] [D] [Pulse] Slow bot root: 369ms bot=Wholesome Auto Quest poi=None combat=False
[11:07:58.327] [D] [Pulse] Slow bot root: 369ms bot=Wholesome Auto Quest poi=None combat=False
[11:07:58.828] [D] [Pulse] Slow bot root: 366ms bot=Wholesome Auto Quest poi=None combat=False
[11:07:59.360] [D] [Pulse] Slow bot root: 366ms bot=Wholesome Auto Quest poi=None combat=False
[11:07:59.459] [D] [Pulse] Slow plugin: name=Tidy Bags 3 Reloaded elapsed=62ms
[11:07:59.859] [D] [Pulse] Slow bot root: 366ms bot=Wholesome Auto Quest poi=None combat=False
[11:08:00.358] [D] [Pulse] Slow bot root: 365ms bot=Wholesome Auto Quest poi=None combat=False
[11:08:00.860] [D] [Pulse] Slow bot root: 369ms bot=Wholesome Auto Quest poi=None combat=False
[11:08:01.361] [D] [Pulse] Slow bot root: 367ms bot=Wholesome Auto Quest poi=None combat=False
[11:08:01.861] [D] [Pulse] Slow bot root: 365ms bot=Wholesome Auto Quest poi=None combat=False
[11:08:02.365] [D] [Pulse] Slow bot root: 368ms bot=Wholesome Auto Quest poi=None combat=False
[11:08:02.865] [D] [Pulse] Slow bot root: 367ms bot=Wholesome Auto Quest poi=None combat=False
[11:08:03.365] [D] [Pulse] Slow bot root: 365ms bot=Wholesome Auto Quest poi=None combat=False
[11:08:03.867] [D] [Pulse] Slow bot root: 370ms bot=Wholesome Auto Quest poi=None combat=False
[11:08:04.397] [D] [Pulse] Slow bot root: 364ms bot=Wholesome Auto Quest poi=None combat=False
[11:08:04.897] [D] [Pulse] Slow bot root: 364ms bot=Wholesome Auto Quest poi=None combat=False
[11:08:05.401] [D] [Pulse] Slow bot root: 369ms bot=Wholesome Auto Quest poi=None combat=False
[11:08:05.900] [D] [Pulse] Slow bot root: 367ms bot=Wholesome Auto Quest poi=None combat=False
[11:08:06.399] [D] [Pulse] Slow bot root: 367ms bot=Wholesome Auto Quest poi=None combat=False
[11:08:06.905] [D] [Pulse] Slow bot root: 366ms bot=Wholesome Auto Quest poi=None combat=False
[11:08:07.406] [D] [Pulse] Slow bot root: 367ms bot=Wholesome Auto Quest poi=None combat=False
[11:08:07.907] [D] [Pulse] Slow bot root: 369ms bot=Wholesome Auto Quest poi=None combat=False
[11:08:08.407] [D] [Pulse] Slow bot root: 368ms bot=Wholesome Auto Quest poi=None combat=False
[11:08:08.909] [D] [Pulse] Slow bot root: 367ms bot=Wholesome Auto Quest poi=None combat=False
[11:08:09.444] [D] [Pulse] Slow bot root: 368ms bot=Wholesome Auto Quest poi=None combat=False
[11:08:09.544] [D] [Pulse] Slow plugin: name=Tidy Bags 3 Reloaded elapsed=62ms
[11:08:09.945] [D] [Pulse] Slow bot root: 367ms bot=Wholesome Auto Quest poi=None combat=False
[11:08:10.448] [D] [Pulse] Slow bot root: 368ms bot=Wholesome Auto Quest poi=None combat=False
[11:08:10.949] [D] [Pulse] Slow bot root: 369ms bot=Wholesome Auto Quest poi=None combat=False
[11:08:11.448] [D] [Pulse] Slow bot root: 365ms bot=Wholesome Auto Quest poi=None combat=False
[11:08:11.951] [D] [Pulse] Slow bot root: 369ms bot=Wholesome Auto Quest poi=None combat=False
[11:08:12.452] [D] [Pulse] Slow bot root: 367ms bot=Wholesome Auto Quest poi=None combat=False
[11:08:12.954] [D] [Pulse] Slow bot root: 367ms bot=Wholesome Auto Quest poi=None combat=False
[11:08:13.457] [D] [Pulse] Slow bot root: 368ms bot=Wholesome Auto Quest poi=None combat=False
[11:08:13.959] [D] [Pulse] Slow bot root: 365ms bot=Wholesome Auto Quest poi=None combat=False
[11:08:14.494] [D] [Pulse] Slow bot root: 367ms bot=Wholesome Auto Quest poi=None combat=False
[11:08:14.996] [D] [Pulse] Slow bot root: 367ms bot=Wholesome Auto Quest poi=None combat=False
[11:08:15.495] [D] [Pulse] Slow bot root: 364ms bot=Wholesome Auto Quest poi=None combat=False
[11:08:16.029] [D] [Pulse] Slow bot root: 366ms bot=Wholesome Auto Quest poi=None combat=False
[11:08:16.533] [D] [Pulse] Slow bot root: 367ms bot=Wholesome Auto Quest poi=None combat=False
[11:08:17.031] [D] [Pulse] Slow bot root: 365ms bot=Wholesome Auto Quest poi=None combat=False
[11:08:17.535] [D] [Pulse] Slow bot root: 369ms bot=Wholesome Auto Quest poi=None combat=False
[11:08:18.038] [D] [Pulse] Slow bot root: 368ms bot=Wholesome Auto Quest poi=None combat=False
[11:08:18.543] [D] [Pulse] Slow bot root: 369ms bot=Wholesome Auto Quest poi=None combat=False
[11:08:19.045] [D] [Pulse] Slow bot root: 367ms bot=Wholesome Auto Quest poi=None combat=False
[11:08:19.579] [D] [Pulse] Slow bot root: 366ms bot=Wholesome Auto Quest poi=None combat=False
[11:08:19.678] [D] [Pulse] Slow plugin: name=Tidy Bags 3 Reloaded elapsed=62ms
[11:08:20.077] [D] [Pulse] Slow bot root: 365ms bot=Wholesome Auto Quest poi=None combat=False
[11:08:20.579] [D] [Pulse] Slow bot root: 368ms bot=Wholesome Auto Quest poi=None combat=False
[11:08:21.078] [D] [Pulse] Slow bot root: 365ms bot=Wholesome Auto Quest poi=None combat=False
[11:08:21.579] [D] [Pulse] Slow bot root: 367ms bot=Wholesome Auto Quest poi=None combat=False
[11:08:22.079] [D] [Pulse] Slow bot root: 367ms bot=Wholesome Auto Quest poi=None combat=False
[11:08:22.581] [D] [Pulse] Slow bot root: 369ms bot=Wholesome Auto Quest poi=None combat=False
[11:08:23.085] [D] [Pulse] Slow bot root: 370ms bot=Wholesome Auto Quest poi=None combat=False
[11:08:23.587] [D] [Pulse] Slow bot root: 366ms bot=Wholesome Auto Quest poi=None combat=False
[11:08:24.091] [D] [Pulse] Slow bot root: 370ms bot=Wholesome Auto Quest poi=None combat=False
[11:08:24.624] [D] [Pulse] Slow bot root: 365ms bot=Wholesome Auto Quest poi=None combat=False
[11:08:25.128] [D] [Pulse] Slow bot root: 368ms bot=Wholesome Auto Quest poi=None combat=False
[11:08:25.630] [D] [Pulse] Slow bot root: 368ms bot=Wholesome Auto Quest poi=None combat=False
[11:08:26.128] [D] [Pulse] Slow bot root: 366ms bot=Wholesome Auto Quest poi=None combat=False
[11:08:26.630] [D] [Pulse] Slow bot root: 367ms bot=Wholesome Auto Quest poi=None combat=False
[11:08:27.135] [D] [Pulse] Slow bot root: 370ms bot=Wholesome Auto Quest poi=None combat=False
[11:08:27.635] [D] [Pulse] Slow bot root: 366ms bot=Wholesome Auto Quest poi=None combat=False
[11:08:28.138] [D] [Pulse] Slow bot root: 367ms bot=Wholesome Auto Quest poi=None combat=False
[11:08:28.640] [D] [Pulse] Slow bot root: 366ms bot=Wholesome Auto Quest poi=None combat=False
[11:08:29.142] [D] [Pulse] Slow bot root: 368ms bot=Wholesome Auto Quest poi=None combat=False
[11:08:29.676] [D] [Pulse] Slow bot root: 367ms bot=Wholesome Auto Quest poi=None combat=False
[11:08:29.777] [D] [Pulse] Slow plugin: name=Tidy Bags 3 Reloaded elapsed=64ms
[11:08:30.182] [D] [Pulse] Slow bot root: 370ms bot=Wholesome Auto Quest poi=None combat=False
[11:08:30.684] [D] [Pulse] Slow bot root: 364ms bot=Wholesome Auto Quest poi=None combat=False
[11:08:31.184] [D] [Pulse] Slow bot root: 366ms bot=Wholesome Auto Quest poi=None combat=False
[11:08:31.686] [D] [Pulse] Slow bot root: 366ms bot=Wholesome Auto Quest poi=None combat=False
[11:08:32.188] [D] [Pulse] Slow bot root: 369ms bot=Wholesome Auto Quest poi=None combat=False
[11:08:32.691] [D] [Pulse] Slow bot root: 367ms bot=Wholesome Auto Quest poi=None combat=False
[11:08:33.189] [D] [Pulse] Slow bot root: 366ms bot=Wholesome Auto Quest poi=None combat=False
[11:08:33.690] [D] [Pulse] Slow bot root: 365ms bot=Wholesome Auto Quest poi=None combat=False
[11:08:34.190] [D] [Pulse] Slow bot root: 368ms bot=Wholesome Auto Quest poi=None combat=False
[11:08:34.722] [D] [Pulse] Slow bot root: 364ms bot=Wholesome Auto Quest poi=None combat=False
[11:08:35.225] [D] [Pulse] Slow bot root: 370ms bot=Wholesome Auto Quest poi=None combat=False
[11:08:35.725] [D] [Pulse] Slow bot root: 366ms bot=Wholesome Auto Quest poi=None combat=False
[11:08:36.230] [D] [Pulse] Slow bot root: 370ms bot=Wholesome Auto Quest poi=None combat=False
[11:08:36.733] [D] [Pulse] Slow bot root: 367ms bot=Wholesome Auto Quest poi=None combat=False
[11:08:37.236] [D] [Pulse] Slow bot root: 367ms bot=Wholesome Auto Quest poi=None combat=False
[11:08:37.737] [D] [Pulse] Slow bot root: 368ms bot=Wholesome Auto Quest poi=None combat=False
[11:08:38.238] [D] [Pulse] Slow bot root: 367ms bot=Wholesome Auto Quest poi=None combat=False
[11:08:38.740] [D] [Pulse] Slow bot root: 371ms bot=Wholesome Auto Quest poi=None combat=False
[11:08:39.239] [D] [Pulse] Slow bot root: 366ms bot=Wholesome Auto Quest poi=None combat=False
[11:08:39.774] [D] [Pulse] Slow bot root: 367ms bot=Wholesome Auto Quest poi=None combat=False
[11:08:39.874] [D] [Pulse] Slow plugin: name=Tidy Bags 3 Reloaded elapsed=63ms
[11:08:40.271] [D] [Pulse] Slow bot root: 363ms bot=Wholesome Auto Quest poi=None combat=False
[11:08:40.773] [D] [Pulse] Slow bot root: 367ms bot=Wholesome Auto Quest poi=None combat=False
[11:08:41.275] [D] [Pulse] Slow bot root: 367ms bot=Wholesome Auto Quest poi=None combat=False
[11:08:41.778] [D] [Pulse] Slow bot root: 365ms bot=Wholesome Auto Quest poi=None combat=False
[11:08:42.283] [D] [Pulse] Slow bot root: 370ms bot=Wholesome Auto Quest poi=None combat=False
[11:08:42.786] [D] [Pulse] Slow bot root: 370ms bot=Wholesome Auto Quest poi=None combat=False
[11:08:43.285] [D] [Pulse] Slow bot root: 367ms bot=Wholesome Auto Quest poi=None combat=False
[11:08:43.786] [D] [Pulse] Slow bot root: 368ms bot=Wholesome Auto Quest poi=None combat=False
[11:08:44.284] [D] [Pulse] Slow bot root: 364ms bot=Wholesome Auto Quest poi=None combat=False
[11:08:44.816] [D] [Pulse] Slow bot root: 365ms bot=Wholesome Auto Quest poi=None combat=False
[11:08:45.319] [D] [Pulse] Slow bot root: 370ms bot=Wholesome Auto Quest poi=None combat=False
[11:08:45.822] [D] [Pulse] Slow bot root: 368ms bot=Wholesome Auto Quest poi=None combat=False
[11:08:46.356] [D] [Pulse] Slow bot root: 367ms bot=Wholesome Auto Quest poi=None combat=False
[11:08:46.862] [D] [Pulse] Slow bot root: 370ms bot=Wholesome Auto Quest poi=None combat=False
[11:08:47.363] [D] [Pulse] Slow bot root: 366ms bot=Wholesome Auto Quest poi=None combat=False
[11:08:47.864] [D] [Pulse] Slow bot root: 367ms bot=Wholesome Auto Quest poi=None combat=False
[11:08:48.365] [D] [Pulse] Slow bot root: 368ms bot=Wholesome Auto Quest poi=None combat=False
[11:08:48.801] [N] [DeathStallRecovery] Corpse recovery stalled: no movement for 61 seconds (dead for 97 seconds, last location (-4941.16, -1897.91, -41.64)). Stopping the bot. Resurrect manually before restarting.
[11:08:48.801] [N] Bot stopping! Reason: Corpse recovery stalled. Resurrect manually before restarting.
[11:08:48.839] [D] System.Threading.ThreadInterruptedException: Thread was interrupted from a waiting state.
   at System.Threading.Thread.SleepInternal(Int32 millisecondsTimeout)
   at System.Threading.Thread.SleepInternal(Int32 millisecondsTimeout)
   at System.Threading.Thread.Sleep(Int32 millisecondsTimeout)
   at Styx.StyxWoW.Sleep(TimeSpan timeSpan)
   at Styx.WoWInternals.LuaEventWait.Wait(TimeSpan timeout)
   at Styx.WoWInternals.LuaEventWait.Wait(Int32 millisecondsTimeout)
   at Styx.Logic.Questing.QuestLog.TryRefreshCompletedQuestCache()
[11:08:49.236] [D] [Pulse] Slow bot root: 369ms bot=Wholesome Auto Quest poi=None combat=False
[11:08:49.237] [D] [QuestRecovery] quest=4921, stage=Objective, old=Attempting, new=Eligible, reason=NoObjectiveProgress, episode=1, attempt=1, retry=09/08/2026 07:16:16
[11:08:49.274] [D] Cleared POI
[11:08:49.275] [D] Worker thread exited cleanly
[11:12:33.120] [D] [Settings] Saved all settings
[11:12:33.120] [N] Starting the bot.
[11:12:33.122] [N] Currently Using BotBase : Wholesome Auto Quest
[11:12:33.123] [N] Character is a level 31 BloodElf Paladin
[11:12:33.124] [N] Current zone is Thousand Needles
[11:12:33.124] [D] Loading profile from D:\World of Warcraft 3.3.5a\CB\Bots\WholesomeAutoQuest\WHOLESOME_AUTOQUESTER.xml
[11:12:33.125] [D] [CompileBatch] Compiling 1 entries...
[11:12:33.198] [D] [CompileBatch] Compiled successfully.
[11:12:33.198] [N] Profile loaded: WholesomeAQ - Thousand Needles
[11:12:33.622] [D] [QuestLog] Loaded 79 completed quests from Lua fallback
[11:12:33.655] [D] Selected sub-profile: WholesomeAQ - Thousand Needles (L1-80)
[11:12:33.721] [N] [Wholesome Auto Quest] Loaded 3 blacklisted vendors
[11:12:33.754] [D] [ProfileBatchManager] Batch reset for new profile session.
[11:12:33.754] [N] [Wholesome Auto Quest] Class Paladin → PullDistance set to 24
[11:12:33.755] [N] [Wholesome Auto Quest] Initial scheduler build.
[11:12:34.390] [D] Activity: No eligible quest work; idle until 2026-09-12T04:00:23.0459783Z. quest-log-full=25/25; deferred new pickups while retaining accepted quest work. excluded quest=1062;stage=TurnIn;npc=4049;reason=outside-scan-radius;retry=context-change excluded quest=1069;stage=Objective;objective=0;reason=outside-scan-radius;retry=context-change. excluded quest=1087;stage=Objective;objective=2;reason=outside-scan-radius;retry=context-change. excluded quest=1093;stage=Objective;scope=Objective;objective=0;retry=2026-09-12T04:00:23.0459783Z;state=HalfOpen. excluded quest=4841;stage=TurnIn;npc=10537;reason=outside-scan-radius;retry=context-change excluded quest=4921;stage=Objective;objective=0;reason=outside-scan-radius;retry=context-change. excluded quest=5147;stage=Objective;scope=Objective;objective=0;retry=2026-09-12T04:00:23.0459783Z;state=HalfOpen. excluded quest=6382;stage=TurnIn;npc=12696;reason=outside-scan-radius;retry=context-change excluded quest=6393;stage=Objective;scope=Objective;objective=0;retry=2026-09-12T04:00:23.0459783Z;state=HalfOpen. excluded quest=6441;stage=Objective;scope=Objective;objective=0;retry=2026-09-12T04:00:23.0459783Z;state=HalfOpen. excluded quest=6461;stage=TurnIn;npc=12816;reason=outside-scan-radius;retry=context-change excluded quest=6543;stage=Objective;scope=Objective;objective=0;retry=2026-09-12T04:00:23.0459783Z;state=HalfOpen. excluded quest=846;stage=Objective;scope=Objective;objective=0;retry=2026-09-12T08:00:20.3981060Z;state=Quarantined. excluded quest=846;stage=Objective;scope=Objective;objective=1;retry=2026-09-12T08:00:20.4032154Z;state=Quarantined. excluded quest=846;stage=Objective;scope=Objective;objective=2;retry=2026-09-12T08:00:20.4032904Z;state=Quarantined. excluded quest=8487;stage=TurnIn;scope=QuestStage;retry=2026-09-12T04:00:23.0459783Z;state=HalfOpen. excluded quest=867;stage=Objective;scope=Objective;objective=0;retry=2026-09-12T08:00:20.4052045Z;state=Quarantined. excluded quest=868;stage=TurnIn;npc=3428;reason=outside-scan-radius;retry=context-change excluded quest=879;stage=Objective;scope=Objective;objective=0;retry=2026-09-12T08:00:20.4113339Z;state=Quarantined. excluded quest=879;stage=Objective;scope=Objective;objective=1;retry=2026-09-12T08:00:20.4113858Z;state=Quarantined. excluded quest=879;stage=Objective;scope=Objective;objective=2;retry=2026-09-12T09:00:23.0435238Z;state=Quarantined. excluded quest=8889;stage=Objective;objective=0;reason=outside-scan-radius;retry=context-change. excluded quest=8889;stage=Objective;objective=1;reason=outside-scan-radius;retry=context-change. excluded quest=8889;stage=Objective;objective=2;reason=outside-scan-radius;retry=context-change. excluded quest=891;stage=Objective;scope=QuestStage;retry=2026-09-12T04:00:23.0459783Z;state=HalfOpen. excluded quest=893;stage=Objective;scope=Objective;objective=0;retry=2026-09-12T09:00:23.0476089Z;state=Quarantined. excluded quest=893;stage=Objective;scope=Objective;objective=1;retry=2026-09-12T09:00:23.0476695Z;state=Quarantined. excluded quest=893;stage=Objective;scope=Objective;objective=2;retry=2026-09-12T09:00:23.0477631Z;state=Quarantined. excluded quest=896;stage=Objective;scope=Objective;objective=0;retry=2026-09-12T09:00:23.0478360Z;state=Quarantined. excluded quest=9067;stage=Objective;scope=Objective;objective=0;retry=2026-09-12T04:00:23.0459783Z;state=HalfOpen. excluded quest=9157;stage=TurnIn;scope=QuestStage;retry=2026-09-12T04:00:23.0459783Z;state=HalfOpen. excluded quest=9431;stage=Objective;scope=Objective;objective=0;retry=2026-09-12T04:00:23.0459783Z;state=HalfOpen. Expanding scan radius from 250 to 500 yards before fallback.
[11:12:34.390] [N] [Wholesome Auto Quest] Started with quest data loaded.
[11:12:34.456] [D] Setting CVars: autoSelfCast=1, autoLootDefault=1
[11:12:34.524] [D] Cleared POI
[11:12:34.525] [D] Refresh() called. LastCount=0, CurrentCount=34
[11:12:34.525] [N] Building spell book
[11:12:34.526] [D] Found 34 spells from LocalPlayer.KnownSpells
[11:12:34.526] [N] Adding Arcane Affinity
[11:12:34.528] [N] Adding Arcane Torrent
[11:12:34.529] [N] Adding Auto Attack
[11:12:34.530] [N] Adding Block
[11:12:34.531] [N] Adding Dodge
[11:12:34.532] [N] Adding Magic Resistance
[11:12:34.533] [N] Adding Parry
[11:12:34.534] [N] Adding Blessing of Wisdom
[11:12:34.535] [N] Adding Concentration Aura
[11:12:34.537] [N] Adding Consecration
[11:12:34.538] [N] Adding Exorcism
[11:12:34.539] [N] Adding Flash of Light
[11:12:34.540] [N] Adding Holy Light
[11:12:34.541] [N] Adding Lay on Hands
[11:12:34.542] [N] Adding Purify
[11:12:34.543] [N] Adding Seal of Righteousness
[11:12:34.544] [N] Adding Sense Undead
[11:12:34.545] [N] Adding Turn Evil
[11:12:34.547] [N] Adding Blessing of Kings
[11:12:34.548] [N] Adding Devotion Aura
[11:12:34.549] [N] Adding Divine Protection
[11:12:34.550] [N] Adding Hammer of Justice
[11:12:34.554] [N] Adding Hand of Freedom
[11:12:34.555] [N] Adding Hand of Protection
[11:12:34.556] [N] Adding Hand of Reckoning
[11:12:34.557] [N] Adding Hand of Salvation
[11:12:34.558] [N] Adding Righteous Defense
[11:12:34.559] [N] Adding Righteous Fury
[11:12:34.561] [N] Adding Seal of Justice
[11:12:34.562] [N] Adding Blessing of Might
[11:12:34.563] [N] Adding Judgement of Light
[11:12:34.564] [N] Adding Judgement of Wisdom
[11:12:34.565] [N] Adding Retribution Aura
[11:12:34.566] [N] Adding Seal of Command
[11:12:34.568] [N] Spell book built
[11:12:34.569] [D] [SpellManager] Initialize — subscribed to BotEvents.OnBotStart
[11:12:34.569] [D] Default area costs set (Road=1.0, Ground=1.66)
[11:12:34.569] [D] Faction filter set: Horde (excluding Alliance paths)
[11:12:34.571] [D] Refresh() called. LastCount=0, CurrentCount=34
[11:12:34.571] [N] Building spell book
[11:12:34.572] [D] Found 34 spells from LocalPlayer.KnownSpells
[11:12:34.572] [N] Adding Arcane Affinity
[11:12:34.573] [N] Adding Arcane Torrent
[11:12:34.575] [N] Adding Auto Attack
[11:12:34.576] [N] Adding Block
[11:12:34.577] [N] Adding Dodge
[11:12:34.578] [N] Adding Magic Resistance
[11:12:34.579] [N] Adding Parry
[11:12:34.580] [N] Adding Blessing of Wisdom
[11:12:34.581] [N] Adding Concentration Aura
[11:12:34.582] [N] Adding Consecration
[11:12:34.583] [N] Adding Exorcism
[11:12:34.585] [N] Adding Flash of Light
[11:12:34.586] [N] Adding Holy Light
[11:12:34.588] [N] Adding Lay on Hands
[11:12:34.590] [N] Adding Purify
[11:12:34.591] [N] Adding Seal of Righteousness
[11:12:34.592] [N] Adding Sense Undead
[11:12:34.593] [N] Adding Turn Evil
[11:12:34.594] [N] Adding Blessing of Kings
[11:12:34.595] [N] Adding Devotion Aura
[11:12:34.597] [N] Adding Divine Protection
[11:12:34.598] [N] Adding Hammer of Justice
[11:12:34.599] [N] Adding Hand of Freedom
[11:12:34.600] [N] Adding Hand of Protection
[11:12:34.601] [N] Adding Hand of Reckoning
[11:12:34.602] [N] Adding Hand of Salvation
[11:12:34.604] [N] Adding Righteous Defense
[11:12:34.605] [N] Adding Righteous Fury
[11:12:34.606] [N] Adding Seal of Justice
[11:12:34.608] [N] Adding Blessing of Might
[11:12:34.609] [N] Adding Judgement of Light
[11:12:34.610] [N] Adding Judgement of Wisdom
[11:12:34.611] [N] Adding Retribution Aura
[11:12:34.612] [N] Adding Seal of Command
[11:12:34.614] [N] Spell book built
[11:12:34.615] [D] [SpellManager] Subscribed to LEARNED_SPELL_IN_TAB, ACTIVE_TALENT_GROUP_CHANGED
[11:12:34.692] [D] [Pulse] Slow plugin: name=Tidy Bags 3 Reloaded elapsed=59ms
[11:12:35.365] [D] Activity: No eligible quest work; idle until 2026-09-12T04:00:23.0459783Z. quest-log-full=25/25; deferred new pickups while retaining accepted quest work. excluded quest=1062;stage=TurnIn;npc=4049;reason=outside-scan-radius;retry=context-change excluded quest=1069;stage=Objective;objective=0;reason=outside-scan-radius;retry=context-change. excluded quest=1087;stage=Objective;objective=2;reason=outside-scan-radius;retry=context-change. excluded quest=1093;stage=Objective;scope=Objective;objective=0;retry=2026-09-12T04:00:23.0459783Z;state=HalfOpen. excluded quest=4841;stage=TurnIn;npc=10537;reason=outside-scan-radius;retry=context-change excluded quest=4921;stage=Objective;objective=0;reason=outside-scan-radius;retry=context-change. excluded quest=5147;stage=Objective;scope=Objective;objective=0;retry=2026-09-12T04:00:23.0459783Z;state=HalfOpen. excluded quest=6382;stage=TurnIn;npc=12696;reason=outside-scan-radius;retry=context-change excluded quest=6393;stage=Objective;scope=Objective;objective=0;retry=2026-09-12T04:00:23.0459783Z;state=HalfOpen. excluded quest=6441;stage=Objective;scope=Objective;objective=0;retry=2026-09-12T04:00:23.0459783Z;state=HalfOpen. excluded quest=6461;stage=TurnIn;npc=12816;reason=outside-scan-radius;retry=context-change excluded quest=6543;stage=Objective;scope=Objective;objective=0;retry=2026-09-12T04:00:23.0459783Z;state=HalfOpen. excluded quest=846;stage=Objective;scope=Objective;objective=0;retry=2026-09-12T08:00:20.3981060Z;state=Quarantined. excluded quest=846;stage=Objective;scope=Objective;objective=1;retry=2026-09-12T08:00:20.4032154Z;state=Quarantined. excluded quest=846;stage=Objective;scope=Objective;objective=2;retry=2026-09-12T08:00:20.4032904Z;state=Quarantined. excluded quest=8487;stage=TurnIn;scope=QuestStage;retry=2026-09-12T04:00:23.0459783Z;state=HalfOpen. excluded quest=867;stage=Objective;scope=Objective;objective=0;retry=2026-09-12T08:00:20.4052045Z;state=Quarantined. excluded quest=868;stage=TurnIn;npc=3428;reason=outside-scan-radius;retry=context-change excluded quest=879;stage=Objective;scope=Objective;objective=0;retry=2026-09-12T08:00:20.4113339Z;state=Quarantined. excluded quest=879;stage=Objective;scope=Objective;objective=1;retry=2026-09-12T08:00:20.4113858Z;state=Quarantined. excluded quest=879;stage=Objective;scope=Objective;objective=2;retry=2026-09-12T09:00:23.0435238Z;state=Quarantined. excluded quest=8889;stage=Objective;objective=0;reason=outside-scan-radius;retry=context-change. excluded quest=8889;stage=Objective;objective=1;reason=outside-scan-radius;retry=context-change. excluded quest=8889;stage=Objective;objective=2;reason=outside-scan-radius;retry=context-change. excluded quest=891;stage=Objective;scope=QuestStage;retry=2026-09-12T04:00:23.0459783Z;state=HalfOpen. excluded quest=893;stage=Objective;scope=Objective;objective=0;retry=2026-09-12T09:00:23.0476089Z;state=Quarantined. excluded quest=893;stage=Objective;scope=Objective;objective=1;retry=2026-09-12T09:00:23.0476695Z;state=Quarantined. excluded quest=893;stage=Objective;scope=Objective;objective=2;retry=2026-09-12T09:00:23.0477631Z;state=Quarantined. excluded quest=896;stage=Objective;scope=Objective;objective=0;retry=2026-09-12T09:00:23.0478360Z;state=Quarantined. excluded quest=9067;stage=Objective;scope=Objective;objective=0;retry=2026-09-12T04:00:23.0459783Z;state=HalfOpen. excluded quest=9157;stage=TurnIn;scope=QuestStage;retry=2026-09-12T04:00:23.0459783Z;state=HalfOpen. excluded quest=9431;stage=Objective;scope=Objective;objective=0;retry=2026-09-12T04:00:23.0459783Z;state=HalfOpen. Expanding scan radius from 500 to 750 yards before fallback.
[11:12:37.184] [D] [Nav] Loaded 390 mesh tiles for one path query
[11:12:37.184] [D] [Nav] Slow path generation: 1084ms map=1 from=(-4833.32, -2053.27, -39.50) to=(-5454.95, -2442.79, 90.30) status=Success
[11:12:37.185] [D] Loading profile from D:\World of Warcraft 3.3.5a\CB\Bots\WholesomeAutoQuest\WHOLESOME_AUTOQUESTER.xml
[11:12:37.186] [D] [CompileBatch] Compiling 1 entries...
[11:12:37.253] [D] [CompileBatch] Compiled successfully.
[11:12:37.253] [N] Profile loaded: WholesomeAQ - Thousand Needles
[11:12:37.267] [D] Selected sub-profile: WholesomeAQ - Thousand Needles (L1-80)
[11:12:37.267] [N] [Wholesome Auto Quest] Profile refreshed - Selected 1 quest work candidate(s). selected quest=4841;stage=TurnIn;state=Eligible. quest-log-full=25/25; deferred new pickups while retaining accepted quest work. excluded quest=1062;stage=TurnIn;npc=4049;reason=outside-scan-radius;retry=context-change excluded quest=1069;stage=Objective;objective=0;reason=outside-scan-radius;retry=context-change. excluded quest=1087;stage=Objective;objective=2;reason=outside-scan-radius;retry=context-change. excluded quest=1093;stage=Objective;scope=Objective;objective=0;retry=2026-09-12T04:00:23.0459783Z;state=HalfOpen. excluded quest=4921;stage=Objective;objective=0;reason=outside-scan-radius;retry=context-change. excluded quest=5147;stage=Objective;scope=Objective;objective=0;retry=2026-09-12T04:00:23.0459783Z;state=HalfOpen. excluded quest=6382;stage=TurnIn;npc=12696;reason=outside-scan-radius;retry=context-change excluded quest=6393;stage=Objective;scope=Objective;objective=0;retry=2026-09-12T04:00:23.0459783Z;state=HalfOpen. excluded quest=6441;stage=Objective;scope=Objective;objective=0;retry=2026-09-12T04:00:23.0459783Z;state=HalfOpen. excluded quest=6461;stage=TurnIn;npc=12816;reason=outside-scan-radius;retry=context-change excluded quest=6543;stage=Objective;scope=Objective;objective=0;retry=2026-09-12T04:00:23.0459783Z;state=HalfOpen. excluded quest=846;stage=Objective;scope=Objective;objective=0;retry=2026-09-12T08:00:20.3981060Z;state=Quarantined. excluded quest=846;stage=Objective;scope=Objective;objective=1;retry=2026-09-12T08:00:20.4032154Z;state=Quarantined. excluded quest=846;stage=Objective;scope=Objective;objective=2;retry=2026-09-12T08:00:20.4032904Z;state=Quarantined. excluded quest=8487;stage=TurnIn;scope=QuestStage;retry=2026-09-12T04:00:23.0459783Z;state=HalfOpen. excluded quest=867;stage=Objective;scope=Objective;objective=0;retry=2026-09-12T08:00:20.4052045Z;state=Quarantined. excluded quest=868;stage=TurnIn;npc=3428;reason=outside-scan-radius;retry=context-change excluded quest=879;stage=Objective;scope=Objective;objective=0;retry=2026-09-12T08:00:20.4113339Z;state=Quarantined. excluded quest=879;stage=Objective;scope=Objective;objective=1;retry=2026-09-12T08:00:20.4113858Z;state=Quarantined. excluded quest=879;stage=Objective;scope=Objective;objective=2;retry=2026-09-12T09:00:23.0435238Z;state=Quarantined. excluded quest=8889;stage=Objective;objective=0;reason=outside-scan-radius;retry=context-change. excluded quest=8889;stage=Objective;objective=1;reason=outside-scan-radius;retry=context-change. excluded quest=8889;stage=Objective;objective=2;reason=outside-scan-radius;retry=context-change. excluded quest=891;stage=Objective;scope=QuestStage;retry=2026-09-12T04:00:23.0459783Z;state=HalfOpen. excluded quest=893;stage=Objective;scope=Objective;objective=0;retry=2026-09-12T09:00:23.0476089Z;state=Quarantined. excluded quest=893;stage=Objective;scope=Objective;objective=1;retry=2026-09-12T09:00:23.0476695Z;state=Quarantined. excluded quest=893;stage=Objective;scope=Objective;objective=2;retry=2026-09-12T09:00:23.0477631Z;state=Quarantined. excluded quest=896;stage=Objective;scope=Objective;objective=0;retry=2026-09-12T09:00:23.0478360Z;state=Quarantined. excluded quest=9067;stage=Objective;scope=Objective;objective=0;retry=2026-09-12T04:00:23.0459783Z;state=HalfOpen. excluded quest=9157;stage=TurnIn;scope=QuestStage;retry=2026-09-12T04:00:23.0459783Z;state=HalfOpen. excluded quest=9431;stage=Objective;scope=Objective;objective=0;retry=2026-09-12T04:00:23.0459783Z;state=HalfOpen.
[11:12:37.471] [D] Activity: Moving to corpse
[11:12:37.708] [D] [Pulse] Slow bot root: 441ms bot=Wholesome Auto Quest poi=None combat=False
[11:12:37.848] [N] Stopping the bot!
[11:12:37.850] [N] Bot stopping! Reason: User request
[11:12:37.851] [D] Exception in GetReturnValues: Thread was interrupted from a waiting state.
[11:12:38.169] [D] [Pulse] Slow bot root: 332ms bot=Wholesome Auto Quest poi=None combat=False
[11:12:38.169] [D] [QuestRecovery] quest=4921, stage=Objective, old=Attempting, new=Eligible, reason=NoObjectiveProgress, episode=1, attempt=1, retry=09/08/2026 07:16:16
[11:12:38.188] [D] Cleared POI
[11:12:38.188] [D] Worker thread exited cleanly
[11:12:42.872] [D] [Settings] Saved all settings
