[08:54:24.728] [N] CopilotBuddy v1.6.6 started. Original HonorBuddy by Apoc, raphus, highvoltz, bobby53, xanathos, chinajade. Ported to WotLK 3.3.5a by Likon69.
[08:54:25.158] [N] Searching for WoW process...
[08:54:25.304] [N] Please wait a few seconds while CopilotBuddy initializes.
[08:54:25.304] [D] Using WoW with process ID 14972
[08:54:25.304] [D] Platform: x86
[08:54:25.304] [D] Executable Path: D:\World of Warcraft 3.3.5a\CB\
[08:54:25.341] [D] [ObjectManager] WoW build 12340 detected - OK
[08:54:25.343] [D] [ObjectManager] D3DDevicePtr = 0x00C5DF88
[08:54:25.343] [D] [ObjectManager] devicePtrAddr = 0x052FCBD0
[08:54:25.343] [D] [ObjectManager] device = 0x0A4F5E00 (at 0x0530054C)
[08:54:25.343] [D] [ObjectManager] vtablePtr = 0x0A4F8D5C
[08:54:25.343] [D] [ObjectManager] endSceneAddr = 0x643348F0 (at 0x0A4F8E04)
[08:54:25.343] [D] [ObjectManager] D3D: Device=0x0A4F5E00, VTable=0x0A4F8D5C, EndScene=0x643348F0
[08:54:25.343] [D] [ObjectManager] Creating ExecutorRand...
[08:54:25.391] [D] [ObjectManager] ExecutorRand created, IsInitialized = True
[08:54:25.391] [D] [ObjectManager] EndScene hook succeeded
[08:54:25.396] [D] [ObjectManager] Initialized successfully
[08:54:25.398] [N] Attached to WoW with ID 14972
[08:54:25.400] [N] Character is a level 25 BloodElf Paladin
[08:54:25.401] [N] Current zone is Stonetalon Mountains
[08:54:25.436] [D] [Settings] Loaded settings for character: Jeof
[08:54:25.436] [N] Initializing Combat Routines...
[08:54:25.440] [D] Looking for routines in: D:\World of Warcraft 3.3.5a\CB\Routines
[08:54:25.441] [D] Compiling Singular wotlk
[08:54:27.968] [N] Loaded routine: Singular Wotlk for class Paladin
[08:54:27.968] [N] Loaded 1 combat routine(s)
[08:54:27.975] [N] Chose Singular Wotlk as your combat class.
[08:54:27.976] [N] Confirmed Paladin as your class.
[08:54:27.976] [N] [Singular] Starting Singular v2.0.0.0
[08:54:27.976] [N] [Singular] Determining talent spec.
[08:54:28.707] [D] [Singular-DEBUG] [Talents] Best Tree: 16
[08:54:28.708] [N] [Singular] Current spec is  Retribution Paladin
[08:54:28.719] [D] [WoWDb] Loaded 237 DBC tables
[08:54:28.720] [D] [WoWDb]   Key=235 (0x000000EB) Rows=1893
[08:54:28.720] [D] [WoWDb]   Key=236 (0x000000EC) Rows=7655
[08:54:28.720] [D] [WoWDb]   Key=237 (0x000000ED) Rows=86
[08:54:28.720] [D] [WoWDb]   Key=238 (0x000000EE) Rows=506
[08:54:28.720] [D] [WoWDb]   Key=239 (0x000000EF) Rows=291
[08:54:28.720] [D] [WoWDb] Lock DBC lookup: FOUND (rows=388)
[08:54:28.720] [D] [WoWDb] ClientDb.Lock enum value = 356 (0x00000164)
[08:54:28.721] [D] [Singular-DEBUG] Creating Combat behavior.
[08:54:28.722] [N] [Singular] Building method list
[08:54:28.723] [N] [Singular] Added 450 methods
[08:54:28.725] [D] [Singular-DEBUG] CreateRetributionPaladinNormalPullAndCombat is a match!
[08:54:28.725] [N] [Singular]  Using CreateRetributionPaladinNormalPullAndCombat for Retribution Paladin - Combat (Priority: 0)
[08:54:28.736] [D] [Singular-DEBUG] Creating Pull behavior.
[08:54:28.738] [D] [Singular-DEBUG] CreateRetributionPaladinNormalPullAndCombat is a match!
[08:54:28.738] [N] [Singular]  Using CreateRetributionPaladinNormalPullAndCombat for Retribution Paladin - Pull (Priority: 0)
[08:54:28.739] [D] [Singular-DEBUG] Creating Rest behavior.
[08:54:28.740] [D] [Singular-DEBUG] CreateRetributionPaladinRest is a match!
[08:54:28.740] [N] [Singular]  Using CreateRetributionPaladinRest for Retribution Paladin - Rest (Priority: 0)
[08:54:28.743] [D] [Singular-DEBUG] Creating CombatBuffs behavior.
[08:54:28.744] [D] [Singular-DEBUG] Creating Heal behavior.
[08:54:28.745] [D] [Singular-DEBUG] CreateRetributionPaladinHeal is a match!
[08:54:28.745] [N] [Singular]  Using CreateRetributionPaladinHeal for Retribution Paladin - Heal (Priority: 0)
[08:54:28.745] [D] [Singular-DEBUG] CreateRetributionPaladinNormalPullAndCombat is a match!
[08:54:28.745] [N] [Singular]  Using CreateRetributionPaladinNormalPullAndCombat for Retribution Paladin - Heal (Priority: 0)
[08:54:28.746] [D] [Singular-DEBUG] Creating PullBuffs behavior.
[08:54:28.747] [D] [Singular-DEBUG] Creating PreCombatBuffs behavior.
[08:54:28.748] [D] [Singular-DEBUG] CreatePaladinPreCombatBuffs is a match!
[08:54:28.748] [N] [Singular]  Using CreatePaladinPreCombatBuffs for Retribution Paladin - PreCombatBuffs (Priority: 0)
[08:54:28.751] [N] [Singular] Behaviors created!
[08:54:28.772] [D] [Singular-DEBUG] Attached combat log
[08:54:28.772] [D] Routine initialized successfully
[08:54:28.773] [D] Loading built-in bots from assembly: CopilotBuddy
[08:54:28.796] [D] Found bot type: PartyBot.DiscoBot
[08:54:28.796] [N] New bot added: Party Bot
[08:54:28.796] [D] Loaded built-in bot: Party Bot
[08:54:28.796] [D] Found bot type: Bots.Quest.QuestBot
[08:54:28.797] [N] New bot added: Questing
[08:54:28.797] [D] Loaded built-in bot: Questing
[08:54:28.797] [D] Found bot type: Bots.Grind.LevelBot
[08:54:28.797] [N] New bot added: Grind
[08:54:28.797] [D] Loaded built-in bot: Grind
[08:54:28.797] [D] Found bot type: Bots.Gatherbuddy.GatherbuddyBot
[08:54:28.797] [N] New bot added: GatherBuddy
[08:54:28.797] [D] Loaded built-in bot: GatherBuddy
[08:54:28.797] [D] Found bot type: Bots.DungeonBuddy.DungeonBuddy
[08:54:28.798] [N] New bot added: DungeonBuddy
[08:54:28.799] [D] Loaded built-in bot: DungeonBuddy
[08:54:28.799] [D] Found bot type: Bots.BGBuddy.BGBuddy
[08:54:28.799] [N] New bot added: BGBuddy
[08:54:28.799] [D] Loaded built-in bot: BGBuddy
[08:54:28.799] [D] Built-in bot loading complete. 6 bots loaded.
[08:54:28.803] [N] Loading bots from: D:\World of Warcraft 3.3.5a\CB\Bots
[08:54:28.813] [N] Found 123 source files
[08:54:28.820] [N] Found 0 dll files
[08:54:28.821] [N] Compiling: CombatBot.cs
[08:54:29.007] [N] Compiled successfully: CombatBot.cs
[08:54:29.007] [N] Compiling directory: Auto Angler 2/ (23 files)
[08:54:29.329] [N] Compiled successfully: Auto Angler 2/
[08:54:29.329] [N] Compiling directory: LazyRaider/ (4 files)
[08:54:29.581] [N] Compiled successfully: LazyRaider/
[08:54:29.581] [N] Compiling directory: ProfessionBuddy/ (52 files)
[08:54:30.418] [N] Compiled successfully: ProfessionBuddy/
[08:54:30.418] [N] Compiling directory: Templar/ (27 files)
[08:54:30.867] [N] Compiled successfully: Templar/
[08:54:30.867] [N] Compiling directory: Tyrael/ (5 files)
[08:54:31.058] [N] Compiled successfully: Tyrael/
[08:54:31.058] [N] Compiling directory: WholesomeAutoQuest-master/ (11 files)
[08:54:31.660] [N] Compiled successfully: WholesomeAutoQuest-master/
[08:54:31.660] [N] ClassCollection contains 7 compiled bots
[08:54:31.660] [N] Adding bot: Combat Bot
[08:54:31.660] [N] New bot added: Combat Bot
[08:54:31.660] [N] Adding bot: AutoAngler
[08:54:31.660] [N] New bot added: AutoAngler
[08:54:31.660] [N] Adding bot: LazyRaider
[08:54:31.660] [N] New bot added: LazyRaider
[08:54:31.660] [N] Adding bot: ProfessionBuddy
[08:54:31.660] [N] New bot added: ProfessionBuddy
[08:54:31.660] [N] Adding bot: Templar
[08:54:31.660] [N] New bot added: Templar
[08:54:31.660] [N] Adding bot: Tyrael
[08:54:31.660] [N] New bot added: Tyrael
[08:54:31.660] [N] Adding bot: Wholesome Auto Quest
[08:54:31.660] [N] New bot added: Wholesome Auto Quest
[08:54:31.660] [N] Bot loading complete. 13 bots loaded.
[08:54:31.660] [N] Initializing Plugins...
[08:54:32.316] [D] [WeightSet] Selected weight set: Paladin-Holy
[08:54:33.475] [N] [DeathStallRecovery] Enabled. The bot will stop if corpse recovery makes no movement progress for 60 seconds.
[08:54:34.442] [D] Rarekiller: Loading config file: D:\World of Warcraft 3.3.5a\CB\Plugins\RareKiller\config\Rarekiller.config
[08:54:34.443] [D] Root element is missing.
[08:54:34.443] [N] Rarekiller: Continuing with Default Config Values
[08:54:34.444] [D] Rarekiller: Loading config file: D:\World of Warcraft 3.3.5a\CB\Plugins\RareKiller\config\Rarekiller.config
[08:54:34.444] [D] Root element is missing.
[08:54:34.444] [N] Rarekiller: Continuing with Default Config Values
[08:54:34.444] [N] Rare Mob Killer - Version 3.3 Loaded.
[08:54:34.444] [N] Rarekiller Part Tamer: I'm no Hunter. Deactivate the Tamer Part
[08:54:35.128] [N] [VendorRecovery] Enabled. Failed Sell/Repair vendors will be skipped after 35 seconds at the NPC.
[08:54:35.315] [N] Plugin loading complete. 16 plugins loaded.
[08:54:35.315] [N] Plugins refreshed successfully.
[08:54:35.319] [N] Changing current bot to: Wholesome Auto Quest
[08:54:36.474] [D] [Settings] Saved all settings
[08:54:36.474] [N] Starting the bot.
[08:54:36.475] [N] Currently Using BotBase : Wholesome Auto Quest
[08:54:36.477] [N] Character is a level 25 BloodElf Paladin
[08:54:36.478] [N] Current zone is Stonetalon Mountains
[08:54:36.479] [D] Loading profile from D:\World of Warcraft 3.3.5a\CB\Bots\WholesomeAutoQuest\WHOLESOME_AUTOQUESTER.xml
[08:54:36.552] [D] [CompileBatch] Compiling 3 entries...
[08:54:36.674] [D] [CompileBatch] Compiled successfully.
[08:54:36.678] [N] Profile loaded: WholesomeAQ - Stonetalon Mountains
[08:54:36.679] [D] Selected sub-profile: WholesomeAQ - Stonetalon Mountains (L1-80)
[08:54:36.879] [D] [WholesomeAQ] Navigation fingerprint unknown: provider or mesh-root stamp unavailable.
[08:54:37.469] [D] [QuestLog] Loaded 69 completed quests from Lua fallback
[08:54:37.502] [D] [ProfileBatchManager] Batch reset for new profile session.
[08:54:37.503] [N] [Wholesome Auto Quest] Class Paladin → PullDistance set to 24
[08:54:37.505] [N] [Wholesome Auto Quest] Initial scheduler build.
[08:54:38.002] [N] Loaded 0 global blackspots
[08:54:38.033] [D] Activity: No eligible quest work; idle until 2026-09-08T01:11:23.7521711Z. excluded quest=104;stage=Pickup;npc=392;reason=outside-scan-radius;retry=context-change excluded quest=1062;stage=TurnIn;npc=4049;reason=outside-scan-radius;retry=context-change excluded quest=1069;stage=Pickup;npc=3446;reason=outside-scan-radius;retry=context-change excluded quest=1087;stage=Objective;objective=0;reason=no-selected-hotspots;retry=2026-09-08T01:11:23.7521711Z. excluded quest=1087;stage=Objective;objective=1;reason=outside-scan-radius;retry=context-change. excluded quest=1087;stage=Objective;objective=2;reason=outside-scan-radius;retry=context-change. excluded quest=1087;stage=Objective;scope=Endpoint;endpoint=cell:31:17;retry=2026-09-08T01:11:23.7521711Z;state=HalfOpen. excluded quest=1093;stage=Objective;scope=Objective;objective=0;retry=2026-09-08T01:11:23.7521711Z;state=HalfOpen. excluded quest=11127;stage=Pickup;scope=QuestStage;retry=2026-09-08T01:11:23.7521711Z;state=HalfOpen. excluded quest=118;stage=Pickup;npc=415;reason=outside-scan-radius;retry=context-change excluded quest=1195;stage=Pickup;npc=4721;reason=outside-scan-radius;retry=context-change excluded quest=14106;stage=Pickup;scope=QuestStage;retry=2026-09-08T01:11:23.7521711Z;state=HalfOpen. excluded quest=1483;stage=Pickup;npc=3442;reason=outside-scan-radius;retry=context-change excluded quest=152;stage=Pickup;npc=392;reason=outside-scan-radius;retry=context-change excluded quest=2098;stage=Pickup;npc=6667;reason=outside-scan-radius;retry=context-change excluded quest=216;stage=Pickup;npc=12757;reason=outside-scan-radius;retry=context-change excluded quest=235;stage=Pickup;npc=10880;reason=outside-scan-radius;retry=context-change excluded quest=3281;stage=TurnIn;npc=3464;reason=outside-scan-radius;retry=context-change excluded quest=4542;stage=Pickup;npc=10079;reason=outside-scan-radius;retry=context-change excluded quest=470;stage=Pickup;npc=2111;reason=outside-scan-radius;retry=context-change excluded quest=472;stage=Pickup;npc=2097;reason=outside-scan-radius;retry=context-change excluded quest=4740;stage=Pickup;npc=175320;reason=outside-scan-radius;retry=context-change excluded quest=4921;stage=Objective;objective=0;reason=outside-scan-radius;retry=context-change. excluded quest=493;stage=Pickup;npc=1937;reason=outside-scan-radius;retry=context-change excluded quest=494;stage=Pickup;npc=2214;reason=outside-scan-radius;retry=context-change excluded quest=496;stage=Pickup;npc=2216;reason=outside-scan-radius;retry=context-change excluded quest=498;stage=Pickup;npc=2229;reason=outside-scan-radius;retry=context-change excluded quest=501;stage=Pickup;npc=2216;reason=outside-scan-radius;retry=context-change excluded quest=516;stage=Pickup;npc=2121;reason=outside-scan-radius;retry=context-change excluded quest=527;stage=Pickup;npc=2215;reason=outside-scan-radius;retry=context-change excluded quest=546;stage=Pickup;npc=2418;reason=outside-scan-radius;retry=context-change excluded quest=549;stage=Pickup;npc=1763;reason=outside-scan-radius;retry=context-change excluded quest=6381;stage=Pickup;npc=11864;reason=outside-scan-radius;retry=context-change excluded quest=6382;stage=Pickup;npc=3387;reason=outside-scan-radius;retry=context-change excluded quest=6383;stage=Pickup;npc=12696;reason=outside-scan-radius;retry=context-change excluded quest=6393;stage=Objective;scope=Objective;objective=0;retry=2026-09-08T01:11:23.7521711Z;state=HalfOpen. excluded quest=6442;stage=Pickup;npc=12719;reason=outside-scan-radius;retry=context-change excluded quest=6461;stage=TurnIn;npc=12816;reason=outside-scan-radius;retry=context-change excluded quest=6462;stage=Pickup;npc=12721;reason=outside-scan-radius;retry=context-change excluded quest=6503;stage=Pickup;npc=12867;reason=outside-scan-radius;retry=context-change excluded quest=6541;stage=Pickup;npc=3429;reason=outside-scan-radius;retry=context-change excluded quest=6542;stage=TurnIn;npc=8582;reason=outside-scan-radius;retry=context-change excluded quest=6543;stage=Pickup;npc=8582;reason=outside-scan-radius;retry=context-change excluded quest=742;stage=Pickup;npc=10881;reason=outside-scan-radius;retry=context-change excluded quest=747;stage=Objective;scope=Objective;objective=0;retry=2026-09-08T06:11:23.7477613Z;state=Quarantined. excluded quest=747;stage=Objective;scope=Objective;objective=1;retry=2026-09-08T06:11:23.7521590Z;state=Quarantined. excluded quest=7790;stage=Pickup;scope=QuestStage;retry=2026-09-08T01:11:23.7521711Z;state=HalfOpen. excluded quest=843;stage=Pickup;npc=3341;reason=outside-scan-radius;retry=context-change excluded quest=8487;stage=TurnIn;scope=QuestStage;retry=2026-09-08T01:11:23.7521711Z;state=HalfOpen. excluded quest=851;stage=Pickup;scope=QuestStage;retry=2026-09-08T01:11:23.7521711Z;state=HalfOpen. excluded quest=858;stage=Pickup;npc=3439;reason=outside-scan-radius;retry=context-change excluded quest=865;stage=Pickup;scope=QuestStage;retry=2026-09-08T01:11:23.7521711Z;state=HalfOpen. excluded quest=867;stage=Objective;scope=Objective;objective=0;retry=2026-09-08T06:11:23.7540047Z;state=Quarantined. excluded quest=868;stage=Pickup;npc=3428;reason=outside-scan-radius;retry=context-change excluded quest=878;stage=Pickup;npc=3430;reason=outside-scan-radius;retry=context-change excluded quest=8889;stage=Objective;objective=0;reason=outside-scan-radius;retry=context-change. excluded quest=8889;stage=Objective;objective=1;reason=outside-scan-radius;retry=context-change. excluded quest=8889;stage=Objective;objective=2;reason=outside-scan-radius;retry=context-change. excluded quest=891;stage=Objective;objective=0;reason=outside-scan-radius;retry=context-change. excluded quest=891;stage=Objective;objective=1;reason=outside-scan-radius;retry=context-change. excluded quest=891;stage=Objective;objective=2;reason=outside-scan-radius;retry=context-change. excluded quest=891;stage=Objective;scope=Objective;objective=3;retry=2026-09-08T06:11:23.7642927Z;state=Quarantined. excluded quest=893;stage=Pickup;npc=3433;reason=outside-scan-radius;retry=context-change excluded quest=894;stage=TurnIn;npc=4141;reason=outside-scan-radius;retry=context-change excluded quest=896;stage=Objective;scope=Objective;objective=0;retry=2026-09-08T06:11:23.7672564Z;state=Quarantined. excluded quest=9067;stage=Objective;scope=Objective;objective=0;retry=2026-09-08T01:11:23.7521711Z;state=HalfOpen. excluded quest=9151;stage=Pickup;npc=16199;reason=outside-scan-radius;retry=context-change excluded quest=9157;stage=TurnIn;scope=QuestStage;retry=2026-09-08T01:11:23.7521711Z;state=HalfOpen. excluded quest=9214;stage=Pickup;npc=16220;reason=outside-scan-radius;retry=context-change excluded quest=9218;stage=Pickup;npc=16205;reason=outside-scan-radius;retry=context-change excluded quest=9275;stage=Pickup;npc=16464;reason=outside-scan-radius;retry=context-change excluded quest=9276;stage=Pickup;npc=16463;reason=outside-scan-radius;retry=context-change excluded quest=9281;stage=Pickup;npc=16480;reason=outside-scan-radius;retry=context-change excluded quest=9388;stage=Pickup;scope=QuestStage;retry=2026-09-08T01:11:23.7521711Z;state=HalfOpen. excluded quest=9389;stage=Pickup;scope=QuestStage;retry=2026-09-08T01:11:23.7521711Z;state=HalfOpen. excluded quest=9425;stage=Pickup;npc=16287;reason=outside-scan-radius;retry=context-change excluded quest=9428;stage=Pickup;npc=17098;reason=outside-scan-radius;retry=context-change excluded quest=959;stage=Pickup;npc=3665;reason=outside-scan-radius;retry=context-change excluded quest=962;stage=Pickup;npc=3419;reason=outside-scan-radius;retry=context-change excluded quest=965;stage=Pickup;npc=3657;reason=outside-scan-radius;retry=context-change excluded quest=9749;stage=Pickup;scope=QuestStage;retry=2026-09-08T01:11:23.7521711Z;state=HalfOpen. Expanding scan radius from 250 to 500 yards before fallback.
[08:54:38.033] [N] [Wholesome Auto Quest] Started with quest data loaded.
[08:54:38.096] [N] [SpellDb] Loaded 49816 spells from Spells.bin
[08:54:38.134] [D] Setting CVars: autoSelfCast=1, autoLootDefault=1
[08:54:38.202] [D] Cleared POI
[08:54:38.211] [D] Refresh() called. LastCount=0, CurrentCount=33
[08:54:38.211] [N] Building spell book
[08:54:38.213] [D] Found 33 spells from LocalPlayer.KnownSpells
[08:54:38.213] [N] Adding Arcane Affinity
[08:54:38.214] [N] Adding Arcane Torrent
[08:54:38.216] [N] Adding Auto Attack
[08:54:38.217] [N] Adding Block
[08:54:38.218] [N] Adding Dodge
[08:54:38.219] [N] Adding Magic Resistance
[08:54:38.220] [N] Adding Parry
[08:54:38.221] [N] Adding Blessing of Wisdom
[08:54:38.223] [N] Adding Concentration Aura
[08:54:38.224] [N] Adding Consecration
[08:54:38.225] [N] Adding Exorcism
[08:54:38.226] [N] Adding Flash of Light
[08:54:38.228] [N] Adding Holy Light
[08:54:38.229] [N] Adding Lay on Hands
[08:54:38.230] [N] Adding Purify
[08:54:38.231] [N] Adding Seal of Righteousness
[08:54:38.232] [N] Adding Sense Undead
[08:54:38.234] [N] Adding Turn Evil
[08:54:38.235] [N] Adding Blessing of Kings
[08:54:38.236] [N] Adding Devotion Aura
[08:54:38.238] [N] Adding Divine Protection
[08:54:38.239] [N] Adding Hammer of Justice
[08:54:38.240] [N] Adding Hand of Freedom
[08:54:38.242] [N] Adding Hand of Protection
[08:54:38.243] [N] Adding Hand of Reckoning
[08:54:38.244] [N] Adding Righteous Defense
[08:54:38.246] [N] Adding Righteous Fury
[08:54:38.247] [N] Adding Seal of Justice
[08:54:38.249] [N] Adding Blessing of Might
[08:54:38.250] [N] Adding Judgement of Light
[08:54:38.251] [N] Adding Judgement of Wisdom
[08:54:38.253] [N] Adding Retribution Aura
[08:54:38.254] [N] Adding Seal of Command
[08:54:38.256] [N] Spell book built
[08:54:38.257] [D] [SpellManager] Initialize — subscribed to BotEvents.OnBotStart
[08:54:38.348] [N] [DeathStallRecovery] Death detected at (2729.91, 1286.64, 292.47); monitoring corpse-recovery movement.
[08:54:38.377] [D] [Talented] SelectMajorTalentTree called but not needed in WotLK 3.3.5a
[08:54:38.392] [D] [Pulse] Slow plugin: name=Talented elapsed=43ms
[08:54:38.437] [D] [Pulse] Slow plugin: name=Tidy Bags 3 Reloaded elapsed=45ms
[08:54:38.922] [D] [Blackspot] Area cost initialized: area 17 = 60x
[08:54:38.928] [D] [Nav] Loaded 12 mesh tiles for one path query
[08:54:38.946] [D] Loading profile from D:\World of Warcraft 3.3.5a\CB\Bots\WholesomeAutoQuest\WHOLESOME_AUTOQUESTER.xml
[08:54:38.953] [D] [CompileBatch] Compiling 3 entries...
[08:54:39.076] [D] [CompileBatch] Compiled successfully.
[08:54:39.076] [N] Profile loaded: WholesomeAQ - Stonetalon Mountains
[08:54:39.106] [D] Selected sub-profile: WholesomeAQ - Stonetalon Mountains (L1-80)
[08:54:39.106] [N] [Wholesome Auto Quest] Profile refreshed - Selected 1 quest work candidate(s). selected quest=1087;stage=Objective;state=Eligible. excluded quest=104;stage=Pickup;npc=392;reason=outside-scan-radius;retry=context-change excluded quest=1062;stage=TurnIn;npc=4049;reason=outside-scan-radius;retry=context-change excluded quest=1069;stage=Pickup;npc=3446;reason=outside-scan-radius;retry=context-change excluded quest=1087;stage=Objective;scope=Endpoint;endpoint=cell:30:18;retry=2026-09-08T01:11:23.7521711Z;state=HalfOpen. excluded quest=1087;stage=Objective;scope=Endpoint;endpoint=cell:30:18;retry=2026-09-08T01:11:23.7521711Z;state=HalfOpen. excluded quest=1087;stage=Objective;scope=Endpoint;endpoint=cell:30:18;retry=2026-09-08T01:11:23.7521711Z;state=HalfOpen. excluded quest=1087;stage=Objective;scope=Endpoint;endpoint=cell:31:17;retry=2026-09-08T01:11:23.7521711Z;state=HalfOpen. excluded quest=1087;stage=Objective;scope=Endpoint;endpoint=cell:31:17;retry=2026-09-08T01:11:23.7521711Z;state=HalfOpen. excluded quest=1093;stage=Objective;scope=Objective;objective=0;retry=2026-09-08T01:11:23.7521711Z;state=HalfOpen. excluded quest=11127;stage=Pickup;scope=QuestStage;retry=2026-09-08T01:11:23.7521711Z;state=HalfOpen. excluded quest=118;stage=Pickup;npc=415;reason=outside-scan-radius;retry=context-change excluded quest=1195;stage=Pickup;npc=4721;reason=outside-scan-radius;retry=context-change excluded quest=14106;stage=Pickup;scope=QuestStage;retry=2026-09-08T01:11:23.7521711Z;state=HalfOpen. excluded quest=1483;stage=Pickup;npc=3442;reason=outside-scan-radius;retry=context-change excluded quest=152;stage=Pickup;npc=392;reason=outside-scan-radius;retry=context-change excluded quest=2098;stage=Pickup;npc=6667;reason=outside-scan-radius;retry=context-change excluded quest=216;stage=Pickup;npc=12757;reason=outside-scan-radius;retry=context-change excluded quest=235;stage=Pickup;npc=10880;reason=outside-scan-radius;retry=context-change excluded quest=3281;stage=TurnIn;npc=3464;reason=outside-scan-radius;retry=context-change excluded quest=4542;stage=Pickup;npc=10079;reason=outside-scan-radius;retry=context-change excluded quest=470;stage=Pickup;npc=2111;reason=outside-scan-radius;retry=context-change excluded quest=472;stage=Pickup;npc=2097;reason=outside-scan-radius;retry=context-change excluded quest=4740;stage=Pickup;npc=175320;reason=outside-scan-radius;retry=context-change excluded quest=4921;stage=Objective;objective=0;reason=outside-scan-radius;retry=context-change. excluded quest=493;stage=Pickup;npc=1937;reason=outside-scan-radius;retry=context-change excluded quest=494;stage=Pickup;npc=2214;reason=outside-scan-radius;retry=context-change excluded quest=496;stage=Pickup;npc=2216;reason=outside-scan-radius;retry=context-change excluded quest=498;stage=Pickup;npc=2229;reason=outside-scan-radius;retry=context-change excluded quest=501;stage=Pickup;npc=2216;reason=outside-scan-radius;retry=context-change excluded quest=516;stage=Pickup;npc=2121;reason=outside-scan-radius;retry=context-change excluded quest=527;stage=Pickup;npc=2215;reason=outside-scan-radius;retry=context-change excluded quest=546;stage=Pickup;npc=2418;reason=outside-scan-radius;retry=context-change excluded quest=549;stage=Pickup;npc=1763;reason=outside-scan-radius;retry=context-change excluded quest=6381;stage=Pickup;npc=11864;reason=outside-scan-radius;retry=context-change excluded quest=6382;stage=Pickup;npc=3387;reason=outside-scan-radius;retry=context-change excluded quest=6383;stage=Pickup;npc=12696;reason=outside-scan-radius;retry=context-change excluded quest=6393;stage=Objective;scope=Objective;objective=0;retry=2026-09-08T01:11:23.7521711Z;state=HalfOpen. excluded quest=6442;stage=Pickup;npc=12719;reason=outside-scan-radius;retry=context-change excluded quest=6461;stage=TurnIn;npc=12816;reason=outside-scan-radius;retry=context-change excluded quest=6462;stage=Pickup;npc=12721;reason=outside-scan-radius;retry=context-change excluded quest=6503;stage=Pickup;npc=12867;reason=outside-scan-radius;retry=context-change excluded quest=6541;stage=Pickup;npc=3429;reason=outside-scan-radius;retry=context-change excluded quest=6542;stage=TurnIn;npc=8582;reason=outside-scan-radius;retry=context-change excluded quest=6543;stage=Pickup;npc=8582;reason=outside-scan-radius;retry=context-change excluded quest=742;stage=Pickup;npc=10881;reason=outside-scan-radius;retry=context-change excluded quest=747;stage=Objective;scope=Objective;objective=0;retry=2026-09-08T06:11:23.7477613Z;state=Quarantined. excluded quest=747;stage=Objective;scope=Objective;objective=1;retry=2026-09-08T06:11:23.7521590Z;state=Quarantined. excluded quest=7790;stage=Pickup;scope=QuestStage;retry=2026-09-08T01:11:23.7521711Z;state=HalfOpen. excluded quest=843;stage=Pickup;npc=3341;reason=outside-scan-radius;retry=context-change excluded quest=8487;stage=TurnIn;scope=QuestStage;retry=2026-09-08T01:11:23.7521711Z;state=HalfOpen. excluded quest=851;stage=Pickup;scope=QuestStage;retry=2026-09-08T01:11:23.7521711Z;state=HalfOpen. excluded quest=858;stage=Pickup;npc=3439;reason=outside-scan-radius;retry=context-change excluded quest=865;stage=Pickup;scope=QuestStage;retry=2026-09-08T01:11:23.7521711Z;state=HalfOpen. excluded quest=867;stage=Objective;scope=Objective;objective=0;retry=2026-09-08T06:11:23.7540047Z;state=Quarantined. excluded quest=868;stage=Pickup;npc=3428;reason=outside-scan-radius;retry=context-change excluded quest=878;stage=Pickup;npc=3430;reason=outside-scan-radius;retry=context-change excluded quest=8889;stage=Objective;objective=0;reason=outside-scan-radius;retry=context-change. excluded quest=8889;stage=Objective;objective=1;reason=outside-scan-radius;retry=context-change. excluded quest=8889;stage=Objective;objective=2;reason=outside-scan-radius;retry=context-change. excluded quest=891;stage=Objective;objective=0;reason=outside-scan-radius;retry=context-change. excluded quest=891;stage=Objective;objective=1;reason=outside-scan-radius;retry=context-change. excluded quest=891;stage=Objective;objective=2;reason=outside-scan-radius;retry=context-change. excluded quest=891;stage=Objective;scope=Objective;objective=3;retry=2026-09-08T06:11:23.7642927Z;state=Quarantined. excluded quest=893;stage=Pickup;npc=3433;reason=outside-scan-radius;retry=context-change excluded quest=894;stage=TurnIn;npc=4141;reason=outside-scan-radius;retry=context-change excluded quest=896;stage=Objective;scope=Objective;objective=0;retry=2026-09-08T06:11:23.7672564Z;state=Quarantined. excluded quest=9067;stage=Objective;scope=Objective;objective=0;retry=2026-09-08T01:11:23.7521711Z;state=HalfOpen. excluded quest=9151;stage=Pickup;npc=16199;reason=outside-scan-radius;retry=context-change excluded quest=9157;stage=TurnIn;scope=QuestStage;retry=2026-09-08T01:11:23.7521711Z;state=HalfOpen. excluded quest=9214;stage=Pickup;npc=16220;reason=outside-scan-radius;retry=context-change excluded quest=9218;stage=Pickup;npc=16205;reason=outside-scan-radius;retry=context-change excluded quest=9275;stage=Pickup;npc=16464;reason=outside-scan-radius;retry=context-change excluded quest=9276;stage=Pickup;npc=16463;reason=outside-scan-radius;retry=context-change excluded quest=9281;stage=Pickup;npc=16480;reason=outside-scan-radius;retry=context-change excluded quest=9388;stage=Pickup;scope=QuestStage;retry=2026-09-08T01:11:23.7521711Z;state=HalfOpen. excluded quest=9389;stage=Pickup;scope=QuestStage;retry=2026-09-08T01:11:23.7521711Z;state=HalfOpen. excluded quest=9425;stage=Pickup;npc=16287;reason=outside-scan-radius;retry=context-change excluded quest=9428;stage=Pickup;npc=17098;reason=outside-scan-radius;retry=context-change excluded quest=959;stage=Pickup;npc=3665;reason=outside-scan-radius;retry=context-change excluded quest=962;stage=Pickup;npc=3419;reason=outside-scan-radius;retry=context-change excluded quest=965;stage=Pickup;npc=3657;reason=outside-scan-radius;retry=context-change excluded quest=9749;stage=Pickup;scope=QuestStage;retry=2026-09-08T01:11:23.7521711Z;state=HalfOpen.
[08:54:39.112] [D] Activity: Moving to corpse
[08:54:41.995] [D] [Nav] Loaded 342 mesh tiles for one path query
[08:54:41.995] [D] [Nav] Slow path generation: 2745ms map=1 from=(2729.91, 1286.64, 292.47) to=(2452.21, 1277.49, 290.80) status=Success
[08:54:42.052] [D] [Pulse] Slow bot root: 2943ms bot=Wholesome Auto Quest poi=None combat=False
[08:54:42.655] [D] [Pulse] Slow bot root: 503ms bot=Wholesome Auto Quest poi=None combat=False
[08:54:43.292] [D] [Pulse] Slow bot root: 502ms bot=Wholesome Auto Quest poi=None combat=False
[08:54:43.925] [D] [Pulse] Slow bot root: 533ms bot=Wholesome Auto Quest poi=None combat=False
[08:54:44.523] [D] [MeshNavigator] Skipped 2 path nodes
[08:54:44.558] [D] [Pulse] Slow bot root: 531ms bot=Wholesome Auto Quest poi=None combat=False
[08:54:45.164] [D] [Pulse] Slow bot root: 502ms bot=Wholesome Auto Quest poi=None combat=False
[08:54:45.799] [D] [Pulse] Slow bot root: 535ms bot=Wholesome Auto Quest poi=None combat=False
[08:54:46.464] [D] [Pulse] Slow bot root: 566ms bot=Wholesome Auto Quest poi=None combat=False
[08:54:47.079] [D] [Pulse] Slow bot root: 511ms bot=Wholesome Auto Quest poi=None combat=False
[08:54:47.732] [D] [Pulse] Slow bot root: 560ms bot=Wholesome Auto Quest poi=None combat=False
[08:54:48.433] [D] [Pulse] Slow bot root: 567ms bot=Wholesome Auto Quest poi=None combat=False
[08:54:48.535] [D] [Pulse] Slow plugin: name=Tidy Bags 3 Reloaded elapsed=65ms
[08:54:49.066] [D] [Pulse] Slow bot root: 530ms bot=Wholesome Auto Quest poi=None combat=False
[08:54:49.674] [D] [Pulse] Slow bot root: 504ms bot=Wholesome Auto Quest poi=None combat=False
[08:54:50.304] [D] [Pulse] Slow bot root: 531ms bot=Wholesome Auto Quest poi=None combat=False
[08:54:50.941] [D] [Pulse] Slow bot root: 537ms bot=Wholesome Auto Quest poi=None combat=False
[08:54:51.574] [D] [Pulse] Slow bot root: 532ms bot=Wholesome Auto Quest poi=None combat=False
[08:54:52.210] [D] [Pulse] Slow bot root: 534ms bot=Wholesome Auto Quest poi=None combat=False
[08:54:52.813] [D] [Pulse] Slow bot root: 502ms bot=Wholesome Auto Quest poi=None combat=False
[08:54:53.455] [D] [Pulse] Slow bot root: 507ms bot=Wholesome Auto Quest poi=None combat=False
[08:54:54.050] [D] [Pulse] Slow bot root: 499ms bot=Wholesome Auto Quest poi=None combat=False
[08:54:54.690] [D] [Pulse] Slow bot root: 537ms bot=Wholesome Auto Quest poi=None combat=False
[08:54:55.318] [D] [Pulse] Slow bot root: 472ms bot=Wholesome Auto Quest poi=None combat=False
[08:54:55.894] [D] [Pulse] Slow bot root: 504ms bot=Wholesome Auto Quest poi=None combat=False
[08:54:56.537] [D] [Pulse] Slow bot root: 541ms bot=Wholesome Auto Quest poi=None combat=False
[08:54:57.171] [D] [Pulse] Slow bot root: 535ms bot=Wholesome Auto Quest poi=None combat=False
[08:54:57.806] [D] [Pulse] Slow bot root: 534ms bot=Wholesome Auto Quest poi=None combat=False
[08:54:58.407] [D] [Pulse] Slow bot root: 501ms bot=Wholesome Auto Quest poi=None combat=False
[08:54:58.540] [D] [Pulse] Slow plugin: name=Tidy Bags 3 Reloaded elapsed=63ms
[08:54:59.048] [D] [Pulse] Slow bot root: 507ms bot=Wholesome Auto Quest poi=None combat=False
[08:54:59.644] [D] [Pulse] Slow bot root: 500ms bot=Wholesome Auto Quest poi=None combat=False
[08:55:00.277] [D] [Pulse] Slow bot root: 532ms bot=Wholesome Auto Quest poi=None combat=False
[08:55:00.875] [D] [Pulse] Slow bot root: 498ms bot=Wholesome Auto Quest poi=None combat=False
[08:55:01.478] [D] [Pulse] Slow bot root: 503ms bot=Wholesome Auto Quest poi=None combat=False
[08:55:02.081] [D] [Pulse] Slow bot root: 503ms bot=Wholesome Auto Quest poi=None combat=False
[08:55:02.685] [D] [Pulse] Slow bot root: 501ms bot=Wholesome Auto Quest poi=None combat=False
[08:55:03.286] [D] [Pulse] Slow bot root: 500ms bot=Wholesome Auto Quest poi=None combat=False
[08:55:03.887] [D] [Pulse] Slow bot root: 501ms bot=Wholesome Auto Quest poi=None combat=False
[08:55:04.522] [D] [Pulse] Slow bot root: 501ms bot=Wholesome Auto Quest poi=None combat=False
[08:55:05.120] [D] [Pulse] Slow bot root: 499ms bot=Wholesome Auto Quest poi=None combat=False
[08:55:05.720] [D] [Pulse] Slow bot root: 501ms bot=Wholesome Auto Quest poi=None combat=False
[08:55:06.318] [D] [Pulse] Slow bot root: 499ms bot=Wholesome Auto Quest poi=None combat=False
[08:55:06.917] [D] [Pulse] Slow bot root: 497ms bot=Wholesome Auto Quest poi=None combat=False
[08:55:07.480] [D] [Pulse] Slow bot root: 463ms bot=Wholesome Auto Quest poi=None combat=False
[08:55:08.416] [D] [Pulse] Slow bot root: 467ms bot=Wholesome Auto Quest poi=None combat=False
[08:55:09.352] [D] [Pulse] Slow bot root: 470ms bot=Wholesome Auto Quest poi=None combat=False
[08:55:09.488] [D] [Pulse] Slow plugin: name=Tidy Bags 3 Reloaded elapsed=61ms
[08:55:10.287] [D] [Pulse] Slow bot root: 432ms bot=Wholesome Auto Quest poi=None combat=False
[08:55:10.891] [N] There are 7 hostile mobs near our corpse.
[08:55:19.535] [N] Loading 1_31_43
[08:55:21.260] [D] Changed POI to: Type: Corpse, Name: Unknown, Guid: 0, Entry: 0, Location: (2427.46, 1252.74, 292.93)
[08:55:21.260] [D] Activity: Moving to instance portal, since we died inside.
[08:55:21.261] [D] [Pulse] Slow bot root: 10507ms bot=Wholesome Auto Quest poi=Corpse combat=False
[08:55:21.374] [D] [Pulse] Slow plugin: name=Tidy Bags 3 Reloaded elapsed=70ms
[08:55:23.027] [N] [Singular] Casting Holy Light on Myself
[08:55:23.027] [D] Spell_C::CastSpell(1026, 0, 0x6000000007EAB80, 0)
[08:55:23.717] [N] Eating Bristle Whisker Catfish
[08:55:24.027] [N] Drinking Melon Juice
[08:55:31.378] [D] [Pulse] Slow plugin: name=AutoEquip2 elapsed=25ms
[08:55:37.665] [N] [Singular] Casting Blessing of Kings on Myself
[08:55:37.666] [D] Spell_C::CastSpell(20217, 0, 0x6000000007EAB80, 0)
[08:55:37.799] [D] [If] Condition is true, executing If body
[08:55:38.143] [D] [QuestLog] Loaded 69 completed quests from Lua fallback
[08:55:38.176] [N] [Objective] Goal: Kill Son of Cenarius x 4
[08:55:38.176] [D] Goal: Goal: Kill Son of Cenarius x 4
[08:55:38.177] [D] [GrindObjective] Using profile hotspots (3 points) for mob 4057
[08:55:38.235] [N] Mounting: 34769
[08:55:40.286] [D] Activity: Moving to hotspot
[08:55:40.335] [D] [Pulse] Slow bot root: 2568ms bot=Wholesome Auto Quest poi=Corpse combat=False
[08:55:48.150] [D] [Pulse] Slow plugin: name=Tidy Bags 3 Reloaded elapsed=59ms
[08:55:48.685] [D] Activity: Setting Daughter of Cenarius at 22.5 yards as your target
[08:55:48.686] [D] Dismounting for combat.
[08:55:48.686] [D] Stop and dismount. Reason: Combat
[08:55:48.817] [D] [Pulse] Slow bot root: 268ms bot=Wholesome Auto Quest poi=Corpse combat=False
[08:55:49.315] [D] Changed POI to: Type: Kill, Name: Daughter of Cenarius, Guid: F130000FD5156A89, Entry: 4053, Location: (2488.58, 1380.55, 268.12)
[08:55:49.413] [D] [Singular-DEBUG] Switched targets!
[08:55:49.414] [D] [Singular-DEBUG] Melee Distance: 5
[08:55:49.414] [D] [Singular-DEBUG] Health: 100
[08:55:49.414] [D] [Singular-DEBUG] Level: 25
[08:55:49.883] [N] [Singular] Casting Seal of Righteousness on Myself
[08:55:49.883] [D] Spell_C::CastSpell(21084, 0, 0x6000000007EAB80, 0)
[08:55:49.918] [D] [Pulse] Slow bot root: 102ms bot=Wholesome Auto Quest poi=Kill combat=False
[08:55:50.918] [D] [Pulse] Slow bot root: 502ms bot=Wholesome Auto Quest poi=Kill combat=False
[08:55:51.753] [D] [Pulse] Slow bot root: 335ms bot=Wholesome Auto Quest poi=Kill combat=False
[08:55:51.923] [D] [Pulse] Slow plugin: name=AutoEquip2 elapsed=92ms
[08:55:51.988] [D] [Pulse] Slow shared pulse: total=235ms movement=0 objects=0 lua=36 info=0 loot=0 targeting=40 events=0 plugins=157 routine=0
[08:55:52.490] [N] [Singular] Casting Judgement of Light on Daughter of Cenarius
[08:55:52.490] [D] Spell_C::CastSpell(20271, 0, 0xF130000FD5156A89, 0)
[08:55:52.525] [D] [Pulse] Slow bot root: 131ms bot=Wholesome Auto Quest poi=Kill combat=True
[08:55:53.192] [D] [Pulse] Slow bot root: 164ms bot=Wholesome Auto Quest poi=Kill combat=True
[08:55:58.162] [D] [Pulse] Slow plugin: name=Tidy Bags 3 Reloaded elapsed=57ms
[08:56:01.345] [N] [Singular] Casting Judgement of Light on Daughter of Cenarius
[08:56:01.345] [D] Spell_C::CastSpell(20271, 0, 0xF130000FD5156A89, 0)
[08:56:01.380] [D] [Pulse] Slow bot root: 135ms bot=Wholesome Auto Quest poi=Kill combat=True
[08:56:08.587] [D] [Pulse] Slow plugin: name=Tidy Bags 3 Reloaded elapsed=59ms
[08:56:09.156] [D] [Pulse] Slow bot root: 165ms bot=Wholesome Auto Quest poi=Kill combat=True
[08:56:09.760] [N] [Singular] Casting Judgement of Light on Daughter of Cenarius
[08:56:09.760] [D] Spell_C::CastSpell(20271, 0, 0xF130000FD5156A89, 0)
[08:56:09.792] [D] [Pulse] Slow bot root: 133ms bot=Wholesome Auto Quest poi=Kill combat=True
[08:56:10.395] [D] [Pulse] Slow bot root: 103ms bot=Wholesome Auto Quest poi=Kill combat=True
[08:56:10.892] [D] Cleared POI - Reason POI is dead from Combat
[08:56:10.892] [D] Cleared POI
[08:56:10.997] [D] [QuestRecovery] quest=1087, stage=Objective, old=Attempting, new=Eligible, reason=None, episode=0, attempt=0, retry=
[08:56:12.137] [D] [Pulse] Slow bot root: 776ms bot=Wholesome Auto Quest poi=None combat=True
[08:56:13.264] [N] [Singular] Casting Blessing of Kings on Myself
[08:56:13.264] [D] Spell_C::CastSpell(20217, 0, 0x6000000007EAB80, 0)
[08:56:13.301] [D] [Pulse] Slow bot root: 103ms bot=Wholesome Auto Quest poi=None combat=False
[08:56:13.867] [D] Changed POI to: Type: Loot, Name: Daughter of Cenarius, Guid: F130000FD5156A89, Entry: 4053, Location: (2476.06, 1380.66, 270.76)
[08:56:14.400] [D] [Interact] Interacting with object at 0x130A5188
[08:56:14.433] [D] [Interact] Done interacting with object at 0x130A5188
[08:56:14.467] [D] [Pulse] Slow bot root: 100ms bot=Wholesome Auto Quest poi=Loot combat=False
[08:56:15.065] [D] [Singular-DEBUG] Switched targets!
[08:56:15.065] [D] [Singular-DEBUG] Melee Distance: 5
[08:56:15.065] [D] [Singular-DEBUG] Health: 0
[08:56:15.065] [D] [Singular-DEBUG] Level: 25
[08:56:15.464] [N] Looting Daughter of Cenarius Guid 0xF130000FD5156A89
[08:56:15.565] [D] Cleared POI - Reason Waiting for loot flag
[08:56:15.565] [D] Cleared POI
[08:56:15.599] [D] [Pulse] Slow bot root: 134ms bot=Wholesome Auto Quest poi=None combat=False
[08:56:16.273] [D] Activity: Moving to hotspot
[08:56:16.471] [D] [Pulse] Slow bot root: 297ms bot=Wholesome Auto Quest poi=None combat=False
[08:56:17.240] [D] [Pulse] Slow bot root: 265ms bot=Wholesome Auto Quest poi=None combat=False
[08:56:18.044] [D] [Pulse] Slow bot root: 301ms bot=Wholesome Auto Quest poi=None combat=False
[08:56:18.812] [D] [Pulse] Slow bot root: 269ms bot=Wholesome Auto Quest poi=None combat=False
[08:56:18.943] [D] [Pulse] Slow plugin: name=Tidy Bags 3 Reloaded elapsed=57ms
[08:56:19.409] [D] Activity: Setting Son of Cenarius at 22.2 yards as your target
[08:56:19.909] [D] Changed POI to: Type: Kill, Name: Son of Cenarius, Guid: F130000FD9156B25, Entry: 4057, Location: (2497.03, 1417.83, 266.86)
[08:56:20.010] [D] [Singular-DEBUG] Switched targets!
[08:56:20.010] [D] [Singular-DEBUG] Melee Distance: 5
[08:56:20.010] [D] [Singular-DEBUG] Health: 100
[08:56:20.010] [D] [Singular-DEBUG] Level: 24
[08:56:20.779] [D] [Pulse] Slow bot root: 368ms bot=Wholesome Auto Quest poi=Kill combat=False
[08:56:21.449] [N] [Singular] Casting Exorcism on Son of Cenarius
[08:56:21.449] [D] Spell_C::CastSpell(879, 0, 0xF130000FD9156B25, 0)
[08:56:21.483] [D] [Pulse] Slow bot root: 200ms bot=Wholesome Auto Quest poi=Kill combat=False
[08:56:22.087] [D] [Pulse] Slow bot root: 100ms bot=Wholesome Auto Quest poi=Kill combat=False
[08:56:22.687] [D] [Pulse] Slow bot root: 100ms bot=Wholesome Auto Quest poi=Kill combat=False
[08:56:22.819] [D] [Pulse] Slow plugin: name=AutoEquip2 elapsed=90ms
[08:56:22.888] [D] [Pulse] Slow shared pulse: total=200ms movement=0 objects=0 lua=0 info=0 loot=0 targeting=40 events=0 plugins=158 routine=0
[08:56:23.592] [D] [Pulse] Slow bot root: 300ms bot=Wholesome Auto Quest poi=Kill combat=True
[08:56:24.227] [N] [Singular] Casting Judgement of Light on Son of Cenarius
[08:56:24.227] [D] Spell_C::CastSpell(20271, 0, 0xF130000FD9156B25, 0)
[08:56:24.260] [D] [Pulse] Slow bot root: 134ms bot=Wholesome Auto Quest poi=Kill combat=True
[08:56:24.963] [D] [Pulse] Slow bot root: 168ms bot=Wholesome Auto Quest poi=Kill combat=True
[08:56:28.835] [N] [Singular] Casting Hand of Freedom on Myself
[08:56:28.835] [D] Spell_C::CastSpell(1044, 0, 0x6000000007EAB80, 0)
[08:56:28.868] [D] [Pulse] Slow bot root: 133ms bot=Wholesome Auto Quest poi=Kill combat=True
[08:56:28.969] [D] [Pulse] Slow plugin: name=Tidy Bags 3 Reloaded elapsed=55ms
[08:56:29.471] [N] [Singular] Casting Divine Protection on Myself
[08:56:29.472] [D] Spell_C::CastSpell(498, 0, 0x6000000007EAB80, 0)
[08:56:29.505] [D] [Pulse] Slow bot root: 135ms bot=Wholesome Auto Quest poi=Kill combat=True
[08:56:32.826] [N] [Singular] Casting Judgement of Light on Son of Cenarius
[08:56:32.826] [D] Spell_C::CastSpell(20271, 0, 0xF130000FD9156B25, 0)
[08:56:32.860] [D] [Pulse] Slow bot root: 133ms bot=Wholesome Auto Quest poi=Kill combat=True
[08:56:34.502] [N] [Singular] Casting Holy Light on Myself
[08:56:34.502] [D] Spell_C::CastSpell(1026, 0, 0x6000000007EAB80, 0)
[08:56:38.687] [D] [QuestLog] Loaded 69 completed quests from Lua fallback
[08:56:39.186] [D] [Pulse] Slow plugin: name=Tidy Bags 3 Reloaded elapsed=54ms
[08:56:41.373] [N] [Singular] Casting Judgement of Light on Son of Cenarius
[08:56:41.373] [D] Spell_C::CastSpell(20271, 0, 0xF130000FD9156B25, 0)
[08:56:41.405] [D] [Pulse] Slow bot root: 134ms bot=Wholesome Auto Quest poi=Kill combat=True
[08:56:41.907] [D] Cleared POI - Reason POI is dead from Combat
[08:56:41.907] [D] Cleared POI
[08:56:42.406] [N] [Singular] Currect target is invalid. Switching to Pet!
[08:56:42.540] [D] [QuestRecovery] quest=1087, stage=Objective, old=Attempting, new=Eligible, reason=None, episode=0, attempt=0, retry=
[08:56:43.006] [D] [Singular-DEBUG] Switched targets!
[08:56:43.006] [D] [Singular-DEBUG] Melee Distance: 5
[08:56:43.006] [D] [Singular-DEBUG] Health: 85.12396694214875
[08:56:43.006] [D] [Singular-DEBUG] Level: 23
[08:56:44.084] [D] [Pulse] Slow bot root: 103ms bot=Wholesome Auto Quest poi=None combat=True
[08:56:49.613] [D] [Pulse] Slow plugin: name=Tidy Bags 3 Reloaded elapsed=56ms
[08:56:50.112] [N] [Singular] Casting Judgement of Light on Pet
[08:56:50.112] [D] Spell_C::CastSpell(20271, 0, 0xF1300016AE1576E2, 0)
[08:56:50.145] [D] [Pulse] Slow bot root: 132ms bot=Wholesome Auto Quest poi=None combat=True
[08:56:54.491] [N] [Singular] Casting Holy Light on Myself
[08:56:54.491] [D] Spell_C::CastSpell(1026, 0, 0x6000000007EAB80, 0)
[08:56:59.195] [N] [Singular] Casting Judgement of Light on Pet
[08:56:59.195] [D] Spell_C::CastSpell(20271, 0, 0xF1300016AE1576E2, 0)
[08:56:59.230] [D] [Pulse] Slow bot root: 135ms bot=Wholesome Auto Quest poi=None combat=True
[08:56:59.899] [D] [Pulse] Slow plugin: name=Tidy Bags 3 Reloaded elapsed=55ms
[08:57:03.197] [N] [Singular] Currect target is invalid. Switching to Son of Cenarius!
[08:57:03.231] [D] [Pulse] Slow bot root: 231ms bot=Wholesome Auto Quest poi=None combat=True
[08:57:03.832] [D] [Singular-DEBUG] Switched targets!
[08:57:03.833] [D] [Singular-DEBUG] Melee Distance: 5
[08:57:03.833] [D] [Singular-DEBUG] Health: 78.96213183730715
[08:57:03.833] [D] [Singular-DEBUG] Level: 25
[08:57:07.606] [N] [Singular] Casting Judgement of Light on Son of Cenarius
[08:57:07.606] [D] Spell_C::CastSpell(20271, 0, 0xF130000FD914CEC2, 0)
[08:57:07.641] [D] [Pulse] Slow bot root: 132ms bot=Wholesome Auto Quest poi=None combat=True
[08:57:09.915] [D] [Pulse] Slow plugin: name=Tidy Bags 3 Reloaded elapsed=57ms
[08:57:16.340] [N] [Singular] Casting Judgement of Light on Son of Cenarius
[08:57:16.340] [D] Spell_C::CastSpell(20271, 0, 0xF130000FD914CEC2, 0)
[08:57:16.374] [D] [Pulse] Slow bot root: 134ms bot=Wholesome Auto Quest poi=None combat=True
[08:57:17.019] [D] [Pulse] Slow bot root: 140ms bot=Wholesome Auto Quest poi=None combat=True
[08:57:17.717] [D] [QuestRecovery] quest=1087, stage=Objective, old=Attempting, new=Eligible, reason=None, episode=0, attempt=0, retry=
[08:57:19.279] [N] Eating Bristle Whisker Catfish
[08:57:19.313] [D] [Pulse] Slow bot root: 102ms bot=Wholesome Auto Quest poi=None combat=False
[08:57:19.916] [D] [Pulse] Slow plugin: name=Tidy Bags 3 Reloaded elapsed=61ms
[08:57:20.350] [N] Drinking Melon Juice
[08:57:24.269] [D] [Pulse] Slow plugin: name=AutoEquip2 elapsed=94ms
[08:57:24.337] [D] [Pulse] Slow shared pulse: total=202ms movement=0 objects=0 lua=0 info=0 loot=0 targeting=39 events=0 plugins=161 routine=0
[08:57:30.295] [D] [Pulse] Slow plugin: name=Tidy Bags 3 Reloaded elapsed=57ms
[08:57:34.640] [D] [Pulse] Slow plugin: name=AutoEquip2 elapsed=93ms
[08:57:34.707] [D] [Pulse] Slow shared pulse: total=201ms movement=0 objects=0 lua=0 info=0 loot=0 targeting=39 events=0 plugins=160 routine=0
[08:57:39.452] [D] [QuestLog] Loaded 69 completed quests from Lua fallback
[08:57:40.518] [D] [Pulse] Slow plugin: name=Tidy Bags 3 Reloaded elapsed=51ms
[08:57:42.017] [D] Changed POI to: Type: Loot, Name: Son of Cenarius, Guid: F130000FD914CEC2, Entry: 4057, Location: (2495.78, 1418.35, 266.97)
[08:57:42.557] [D] [Interact] Interacting with object at 0x130A0048
[08:57:42.591] [D] [Interact] Done interacting with object at 0x130A0048
[08:57:42.624] [D] [Pulse] Slow bot root: 101ms bot=Wholesome Auto Quest poi=Loot combat=False
[08:57:43.228] [D] [Singular-DEBUG] Switched targets!
[08:57:43.228] [D] [Singular-DEBUG] Melee Distance: 5
[08:57:43.228] [D] [Singular-DEBUG] Health: 0
[08:57:43.228] [D] [Singular-DEBUG] Level: 25
[08:57:43.635] [N] Looting Son of Cenarius Guid 0xF130000FD914CEC2
[08:57:43.735] [D] Cleared POI - Reason Waiting for loot flag
[08:57:43.735] [D] Cleared POI
[08:57:43.768] [D] [Pulse] Slow bot root: 133ms bot=Wholesome Auto Quest poi=None combat=False
[08:57:44.368] [D] Changed POI to: Type: Loot, Name: Son of Cenarius, Guid: F130000FD9156B25, Entry: 4057, Location: (2488.51, 1412.83, 267.18)
[08:57:44.936] [D] [Interact] Interacting with object at 0x130AB718
[08:57:44.969] [D] [Interact] Done interacting with object at 0x130AB718
[08:57:45.134] [D] [Pulse] Slow plugin: name=AutoEquip2 elapsed=92ms
[08:57:45.202] [D] [Pulse] Slow shared pulse: total=200ms movement=0 objects=0 lua=0 info=0 loot=0 targeting=38 events=0 plugins=160 routine=0
[08:57:45.772] [D] [Singular-DEBUG] Switched targets!
[08:57:45.772] [D] [Singular-DEBUG] Melee Distance: 5
[08:57:45.772] [D] [Singular-DEBUG] Health: 0
[08:57:45.772] [D] [Singular-DEBUG] Level: 24
[08:57:46.172] [N] Looting Son of Cenarius Guid 0xF130000FD9156B25
[08:57:46.273] [D] Cleared POI - Reason Waiting for loot flag
[08:57:46.273] [D] Cleared POI
[08:57:46.307] [D] [Pulse] Slow bot root: 135ms bot=Wholesome Auto Quest poi=None combat=False
[08:57:46.909] [D] Activity: Moving to hotspot
[08:57:47.179] [D] [Pulse] Slow bot root: 371ms bot=Wholesome Auto Quest poi=None combat=False
[08:57:48.052] [D] [Pulse] Slow bot root: 368ms bot=Wholesome Auto Quest poi=None combat=False
[08:57:48.914] [D] [Pulse] Slow bot root: 364ms bot=Wholesome Auto Quest poi=None combat=False
[08:57:49.681] [D] [Pulse] Slow bot root: 265ms bot=Wholesome Auto Quest poi=None combat=False
[08:57:50.450] [D] [Pulse] Slow bot root: 234ms bot=Wholesome Auto Quest poi=None combat=False
[08:57:50.551] [D] [Pulse] Slow plugin: name=Tidy Bags 3 Reloaded elapsed=58ms
[08:57:51.186] [D] [Pulse] Slow bot root: 235ms bot=Wholesome Auto Quest poi=None combat=False
[08:57:51.922] [D] [Pulse] Slow bot root: 233ms bot=Wholesome Auto Quest poi=None combat=False
[08:57:52.492] [D] Activity: Setting Daughter of Cenarius at 23.8 yards as your target
[08:57:52.992] [D] Changed POI to: Type: Kill, Name: Daughter of Cenarius, Guid: F130000FD51563B8, Entry: 4053, Location: (2490.05, 1470.48, 262.72)
[08:57:53.089] [D] [Singular-DEBUG] Switched targets!
[08:57:53.089] [D] [Singular-DEBUG] Melee Distance: 5
[08:57:53.089] [D] [Singular-DEBUG] Health: 100
[08:57:53.089] [D] [Singular-DEBUG] Level: 25
[08:57:53.861] [D] [Pulse] Slow bot root: 368ms bot=Wholesome Auto Quest poi=Kill combat=True
[08:57:54.594] [D] [Pulse] Slow bot root: 233ms bot=Wholesome Auto Quest poi=Kill combat=True
[08:57:55.196] [N] [Singular] Casting Judgement of Light on Daughter of Cenarius
[08:57:55.196] [D] Spell_C::CastSpell(20271, 0, 0xF130000FD51563B8, 0)
[08:57:55.229] [D] [Pulse] Slow bot root: 134ms bot=Wholesome Auto Quest poi=Kill combat=True
[08:58:00.803] [D] [Pulse] Slow plugin: name=Tidy Bags 3 Reloaded elapsed=56ms
[08:58:03.974] [N] [Singular] Casting Judgement of Light on Daughter of Cenarius
[08:58:03.974] [D] Spell_C::CastSpell(20271, 0, 0xF130000FD51563B8, 0)
[08:58:04.007] [D] [Pulse] Slow bot root: 135ms bot=Wholesome Auto Quest poi=Kill combat=True
[08:58:07.420] [D] [Pulse] Slow bot root: 165ms bot=Wholesome Auto Quest poi=Kill combat=True
[08:58:08.094] [D] [Pulse] Slow bot root: 167ms bot=Wholesome Auto Quest poi=Kill combat=True
[08:58:08.761] [D] [Pulse] Slow bot root: 165ms bot=Wholesome Auto Quest poi=Kill combat=True
[08:58:09.396] [D] [Pulse] Slow bot root: 133ms bot=Wholesome Auto Quest poi=Kill combat=True
[08:58:09.901] [D] Cleared POI - Reason POI is dead from Combat
[08:58:09.901] [D] Cleared POI
[08:58:10.467] [N] [Singular] Casting Blessing of Kings on Myself
[08:58:10.467] [D] Spell_C::CastSpell(20217, 0, 0x6000000007EAB80, 0)
[08:58:10.501] [D] [Pulse] Slow bot root: 107ms bot=Wholesome Auto Quest poi=None combat=False
[08:58:10.601] [D] [QuestRecovery] quest=1087, stage=Objective, old=Attempting, new=Eligible, reason=None, episode=0, attempt=0, retry=
[08:58:11.001] [D] Changed POI to: Type: Loot, Name: Daughter of Cenarius, Guid: F130000FD51563B8, Entry: 4053, Location: (2478.59, 1472.66, 263.30)
[08:58:11.101] [D] [Pulse] Slow plugin: name=Tidy Bags 3 Reloaded elapsed=57ms
[08:58:11.539] [D] [Interact] Interacting with object at 0x130AA2C8
[08:58:11.572] [D] [Interact] Done interacting with object at 0x130AA2C8
[08:58:11.605] [D] [Pulse] Slow bot root: 100ms bot=Wholesome Auto Quest poi=Loot combat=False
[08:58:12.373] [D] [Singular-DEBUG] Switched targets!
[08:58:12.373] [D] [Singular-DEBUG] Melee Distance: 5
[08:58:12.373] [D] [Singular-DEBUG] Health: 0
[08:58:12.373] [D] [Singular-DEBUG] Level: 25
[08:58:12.373] [D] [Pulse] Slow shared pulse: total=231ms movement=0 objects=0 lua=130 info=0 loot=0 targeting=40 events=0 plugins=58 routine=0
[08:58:12.783] [N] Looting Daughter of Cenarius Guid 0xF130000FD51563B8
[08:58:12.882] [D] Cleared POI - Reason Waiting for loot flag
[08:58:12.882] [D] Cleared POI
[08:58:12.915] [D] [Pulse] Slow bot root: 132ms bot=Wholesome Auto Quest poi=None combat=False
[08:58:13.517] [D] Activity: Moving to hotspot
[08:58:13.683] [D] [Pulse] Slow bot root: 267ms bot=Wholesome Auto Quest poi=None combat=False
[08:58:14.418] [D] [Pulse] Slow bot root: 233ms bot=Wholesome Auto Quest poi=None combat=False
[08:58:15.188] [D] [Pulse] Slow bot root: 268ms bot=Wholesome Auto Quest poi=None combat=False
[08:58:15.761] [D] Activity: Setting Son of Cenarius at 23.7 yards as your target
[08:58:15.894] [D] [Pulse] Slow plugin: name=AutoEquip2 elapsed=91ms
[08:58:16.362] [D] Changed POI to: Type: Kill, Name: Son of Cenarius, Guid: F130000FD91563A6, Entry: 4057, Location: (2508.69, 1493.22, 262.99)
[08:58:16.462] [D] [Singular-DEBUG] Switched targets!
[08:58:16.462] [D] [Singular-DEBUG] Melee Distance: 5
[08:58:16.462] [D] [Singular-DEBUG] Health: 100
[08:58:16.462] [D] [Singular-DEBUG] Level: 25
[08:58:17.233] [D] [Pulse] Slow bot root: 367ms bot=Wholesome Auto Quest poi=Kill combat=False
[08:58:17.865] [N] [Singular] Casting Judgement of Light on Son of Cenarius
[08:58:17.865] [D] Spell_C::CastSpell(20271, 0, 0xF130000FD91563A6, 0)
[08:58:17.898] [D] [Pulse] Slow bot root: 132ms bot=Wholesome Auto Quest poi=Kill combat=True
[08:58:18.568] [D] [Pulse] Slow bot root: 166ms bot=Wholesome Auto Quest poi=Kill combat=True
[08:58:21.344] [D] [Pulse] Slow plugin: name=Tidy Bags 3 Reloaded elapsed=57ms
[08:58:26.736] [N] [Singular] Casting Judgement of Light on Son of Cenarius
[08:58:26.736] [D] Spell_C::CastSpell(20271, 0, 0xF130000FD91563A6, 0)
[08:58:26.771] [D] [Pulse] Slow bot root: 136ms bot=Wholesome Auto Quest poi=Kill combat=True
[08:58:29.480] [D] Cleared POI - Reason POI is dead from Combat
[08:58:29.480] [D] Cleared POI
[08:58:30.051] [N] Eating Bristle Whisker Catfish
[08:58:30.688] [D] [QuestRecovery] quest=1087, stage=Objective, old=Attempting, new=Eligible, reason=None, episode=0, attempt=0, retry=
[08:58:31.724] [D] [Pulse] Slow plugin: name=Tidy Bags 3 Reloaded elapsed=57ms
[08:58:36.612] [D] [Pulse] Slow plugin: name=AutoEquip2 elapsed=91ms
[08:58:36.680] [D] [Pulse] Slow shared pulse: total=200ms movement=0 objects=0 lua=0 info=0 loot=0 targeting=40 events=0 plugins=159 routine=0
[08:58:40.403] [D] [QuestLog] Loaded 69 completed quests from Lua fallback
[08:58:41.909] [D] Changed POI to: Type: Loot, Name: Son of Cenarius, Guid: F130000FD91563A6, Entry: 4057, Location: (2505.82, 1492.59, 262.96)
[08:58:42.009] [D] [Pulse] Slow plugin: name=Tidy Bags 3 Reloaded elapsed=57ms
[08:58:42.445] [D] [Interact] Interacting with object at 0x130C24B8
[08:58:42.479] [D] [Interact] Done interacting with object at 0x130C24B8
[08:58:42.513] [D] [Pulse] Slow bot root: 101ms bot=Wholesome Auto Quest poi=Loot combat=False
[08:58:43.117] [D] [Singular-DEBUG] Switched targets!
[08:58:43.117] [D] [Singular-DEBUG] Melee Distance: 5
[08:58:43.117] [D] [Singular-DEBUG] Health: 0
[08:58:43.117] [D] [Singular-DEBUG] Level: 25
[08:58:43.517] [N] Looting Son of Cenarius Guid 0xF130000FD91563A6
[08:58:43.617] [D] Cleared POI - Reason Waiting for loot flag
[08:58:43.617] [D] Cleared POI
[08:58:43.651] [D] [Pulse] Slow bot root: 134ms bot=Wholesome Auto Quest poi=None combat=False
[08:58:44.316] [D] Activity: Moving to hotspot
[08:58:44.450] [D] [Pulse] Slow bot root: 266ms bot=Wholesome Auto Quest poi=None combat=False
[08:58:45.118] [D] [Pulse] Slow bot root: 100ms bot=Wholesome Auto Quest poi=None combat=False
[08:58:45.654] [D] Activity: Moving towards Son of Cenarius
[08:58:45.817] [D] [Pulse] Slow bot root: 200ms bot=Wholesome Auto Quest poi=None combat=False
[08:58:46.488] [D] [Pulse] Slow bot root: 168ms bot=Wholesome Auto Quest poi=None combat=False
[08:58:46.623] [D] [Pulse] Slow plugin: name=AutoEquip2 elapsed=93ms
[08:58:46.689] [D] [Pulse] Slow shared pulse: total=200ms movement=0 objects=0 lua=0 info=0 loot=1 targeting=40 events=0 plugins=158 routine=0
[08:58:47.260] [D] [Pulse] Slow bot root: 169ms bot=Wholesome Auto Quest poi=None combat=False
[08:58:47.827] [D] Activity: Setting Son of Cenarius at 22.5 yards as your target
[08:58:48.326] [D] Changed POI to: Type: Kill, Name: Son of Cenarius, Guid: F130000FD915623A, Entry: 4057, Location: (2487.86, 1526.22, 266.38)
[08:58:48.425] [D] [Singular-DEBUG] Switched targets!
[08:58:48.425] [D] [Singular-DEBUG] Melee Distance: 5
[08:58:48.425] [D] [Singular-DEBUG] Health: 100
[08:58:48.425] [D] [Singular-DEBUG] Level: 25
[08:58:49.128] [D] [Pulse] Slow bot root: 298ms bot=Wholesome Auto Quest poi=Kill combat=True
[08:58:49.762] [N] [Singular] Casting Judgement of Light on Son of Cenarius
[08:58:49.762] [D] Spell_C::CastSpell(20271, 0, 0xF130000FD915623A, 0)
[08:58:49.796] [D] [Pulse] Slow bot root: 134ms bot=Wholesome Auto Quest poi=Kill combat=True
[08:58:58.157] [N] [Singular] Casting Judgement of Light on Son of Cenarius
[08:58:58.157] [D] Spell_C::CastSpell(20271, 0, 0xF130000FD915623A, 0)
[08:59:06.456] [N] [Singular] Casting Judgement of Light on Son of Cenarius
[08:59:06.456] [D] Spell_C::CastSpell(20271, 0, 0xF130000FD915623A, 0)
[08:59:06.881] [D] [QuestRecovery] quest=1087, stage=Objective, old=Attempting, new=Eligible, reason=None, episode=0, attempt=0, retry=
[08:59:06.881] [N] [Wholesome Auto Quest] Quest 1087 objective completed; queuing one scheduler rebuild.
[08:59:06.992] [D] Cleared POI - Reason POI is dead from Combat
[08:59:06.992] [D] Cleared POI
[08:59:07.120] [D] Changed POI to: Type: Loot, Name: Son of Cenarius, Guid: F130000FD915623A, Entry: 4057, Location: (2489.43, 1523.15, 265.89)
[08:59:07.253] [D] [Interact] Interacting with object at 0x130C61A8
[08:59:07.258] [D] [Interact] Done interacting with object at 0x130C61A8
[08:59:07.781] [N] Looting Son of Cenarius Guid 0xF130000FD915623A
[08:59:07.812] [D] Cleared POI - Reason Waiting for loot flag
[08:59:07.812] [D] Cleared POI
[08:59:07.920] [D] Changed POI to: Type: Loot, Name: Son of Cenarius, Guid: F130000FD915623A, Entry: 4057, Location: (2489.43, 1523.15, 265.89)
[08:59:07.945] [D] [Singular-DEBUG] Switched targets!
[08:59:07.945] [D] [Singular-DEBUG] Melee Distance: 5
[08:59:07.945] [D] [Singular-DEBUG] Health: 0
[08:59:07.945] [D] [Singular-DEBUG] Level: 25
[08:59:08.016] [D] Cleared POI - Reason Already looted
[08:59:08.016] [D] Cleared POI
[08:59:08.107] [D] Changed POI to: Type: Loot, Name: Son of Cenarius, Guid: F130000FD915623A, Entry: 4057, Location: (2489.43, 1523.15, 265.89)
[08:59:08.198] [D] Cleared POI - Reason Already looted
[08:59:08.198] [D] Cleared POI
[08:59:08.290] [D] [FBE] Advancing past [ForcedQuestObjective Objective: [GrindObjective MobID: 4057, Count: 4]] (IsDone=true), remaining nodes: 1
[08:59:08.387] [D] [FBE] Advancing past Bots.Quest.QuestOrder.ForcedIf (IsDone=true), remaining nodes: 3
[08:59:08.387] [D] [If] Condition is true, executing If body
[08:59:08.405] [N] [Objective] Goal: Kill Daughter of Cenarius x 4
[08:59:08.405] [D] Goal: Goal: Kill Daughter of Cenarius x 4
[08:59:08.405] [D] [FBE] Advancing past [ForcedQuestObjective Objective: [GrindObjective MobID: 4053, Count: 4]] (IsDone=true), remaining nodes: 1
[08:59:08.503] [D] [FBE] Advancing past Bots.Quest.QuestOrder.ForcedIf (IsDone=true), remaining nodes: 2
[08:59:08.503] [D] [If] Condition is true, executing If body
[08:59:08.520] [N] [Objective] Goal: Kill Cenarion Botanist x 4
[08:59:08.520] [D] Goal: Goal: Kill Cenarion Botanist x 4
[08:59:08.520] [D] [GrindObjective] Using profile hotspots (2 points) for mob 4051
[08:59:08.534] [D] Activity: Moving to hotspot
[08:59:08.557] [D] [MeshNavigator] Skipped 2 path nodes
[08:59:08.814] [D] [Pulse] Slow bot root: 132ms bot=Wholesome Auto Quest poi=None combat=True
[08:59:09.104] [D] Activity: No eligible quest work; idle until 2026-09-08T01:11:23.7521711Z. excluded quest=104;stage=Pickup;npc=392;reason=outside-scan-radius;retry=context-change excluded quest=1062;stage=TurnIn;npc=4049;reason=outside-scan-radius;retry=context-change excluded quest=1069;stage=Pickup;npc=3446;reason=outside-scan-radius;retry=context-change excluded quest=1087;stage=Objective;scope=QuestStage;retry=context-change;state=Attempting. excluded quest=1093;stage=Objective;scope=Objective;objective=0;retry=2026-09-08T01:11:23.7521711Z;state=HalfOpen. excluded quest=11127;stage=Pickup;scope=QuestStage;retry=2026-09-08T01:11:23.7521711Z;state=HalfOpen. excluded quest=118;stage=Pickup;npc=415;reason=outside-scan-radius;retry=context-change excluded quest=1195;stage=Pickup;npc=4721;reason=outside-scan-radius;retry=context-change excluded quest=14106;stage=Pickup;scope=QuestStage;retry=2026-09-08T01:11:23.7521711Z;state=HalfOpen. excluded quest=1483;stage=Pickup;npc=3442;reason=outside-scan-radius;retry=context-change excluded quest=152;stage=Pickup;npc=392;reason=outside-scan-radius;retry=context-change excluded quest=2098;stage=Pickup;npc=6667;reason=outside-scan-radius;retry=context-change excluded quest=216;stage=Pickup;npc=12757;reason=outside-scan-radius;retry=context-change excluded quest=235;stage=Pickup;npc=10880;reason=outside-scan-radius;retry=context-change excluded quest=3281;stage=TurnIn;npc=3464;reason=outside-scan-radius;retry=context-change excluded quest=4542;stage=Pickup;npc=10079;reason=outside-scan-radius;retry=context-change excluded quest=470;stage=Pickup;npc=2111;reason=outside-scan-radius;retry=context-change excluded quest=472;stage=Pickup;npc=2097;reason=outside-scan-radius;retry=context-change excluded quest=4740;stage=Pickup;npc=175320;reason=outside-scan-radius;retry=context-change excluded quest=4921;stage=Objective;objective=0;reason=outside-scan-radius;retry=context-change. excluded quest=493;stage=Pickup;npc=1937;reason=outside-scan-radius;retry=context-change excluded quest=494;stage=Pickup;npc=2214;reason=outside-scan-radius;retry=context-change excluded quest=496;stage=Pickup;npc=2216;reason=outside-scan-radius;retry=context-change excluded quest=498;stage=Pickup;npc=2229;reason=outside-scan-radius;retry=context-change excluded quest=501;stage=Pickup;npc=2216;reason=outside-scan-radius;retry=context-change excluded quest=516;stage=Pickup;npc=2121;reason=outside-scan-radius;retry=context-change excluded quest=527;stage=Pickup;npc=2215;reason=outside-scan-radius;retry=context-change excluded quest=546;stage=Pickup;npc=2418;reason=outside-scan-radius;retry=context-change excluded quest=549;stage=Pickup;npc=1763;reason=outside-scan-radius;retry=context-change excluded quest=6381;stage=Pickup;npc=11864;reason=outside-scan-radius;retry=context-change excluded quest=6382;stage=Pickup;npc=3387;reason=outside-scan-radius;retry=context-change excluded quest=6383;stage=Pickup;npc=12696;reason=outside-scan-radius;retry=context-change excluded quest=6393;stage=Objective;scope=Objective;objective=0;retry=2026-09-08T01:11:23.7521711Z;state=HalfOpen. excluded quest=6442;stage=Pickup;npc=12719;reason=outside-scan-radius;retry=context-change excluded quest=6461;stage=TurnIn;npc=12816;reason=outside-scan-radius;retry=context-change excluded quest=6462;stage=Pickup;npc=12721;reason=outside-scan-radius;retry=context-change excluded quest=6503;stage=Pickup;npc=12867;reason=outside-scan-radius;retry=context-change excluded quest=6541;stage=Pickup;npc=3429;reason=outside-scan-radius;retry=context-change excluded quest=6542;stage=TurnIn;npc=8582;reason=outside-scan-radius;retry=context-change excluded quest=6543;stage=Pickup;npc=8582;reason=outside-scan-radius;retry=context-change excluded quest=742;stage=Pickup;npc=10881;reason=outside-scan-radius;retry=context-change excluded quest=747;stage=Objective;scope=Objective;objective=0;retry=2026-09-08T06:11:23.7477613Z;state=Quarantined. excluded quest=747;stage=Objective;scope=Objective;objective=1;retry=2026-09-08T06:11:23.7521590Z;state=Quarantined. excluded quest=7790;stage=Pickup;scope=QuestStage;retry=2026-09-08T01:11:23.7521711Z;state=HalfOpen. excluded quest=843;stage=Pickup;npc=3341;reason=outside-scan-radius;retry=context-change excluded quest=8487;stage=TurnIn;scope=QuestStage;retry=2026-09-08T01:11:23.7521711Z;state=HalfOpen. excluded quest=851;stage=Pickup;scope=QuestStage;retry=2026-09-08T01:11:23.7521711Z;state=HalfOpen. excluded quest=858;stage=Pickup;npc=3439;reason=outside-scan-radius;retry=context-change excluded quest=865;stage=Pickup;scope=QuestStage;retry=2026-09-08T01:11:23.7521711Z;state=HalfOpen. excluded quest=867;stage=Objective;scope=Objective;objective=0;retry=2026-09-08T06:11:23.7540047Z;state=Quarantined. excluded quest=868;stage=Pickup;npc=3428;reason=outside-scan-radius;retry=context-change excluded quest=878;stage=Pickup;npc=3430;reason=outside-scan-radius;retry=context-change excluded quest=8889;stage=Objective;objective=0;reason=outside-scan-radius;retry=context-change. excluded quest=8889;stage=Objective;objective=1;reason=outside-scan-radius;retry=context-change. excluded quest=8889;stage=Objective;objective=2;reason=outside-scan-radius;retry=context-change. excluded quest=891;stage=Objective;objective=0;reason=outside-scan-radius;retry=context-change. excluded quest=891;stage=Objective;objective=1;reason=outside-scan-radius;retry=context-change. excluded quest=891;stage=Objective;objective=2;reason=outside-scan-radius;retry=context-change. excluded quest=891;stage=Objective;scope=Objective;objective=3;retry=2026-09-08T06:11:23.7642927Z;state=Quarantined. excluded quest=893;stage=Pickup;npc=3433;reason=outside-scan-radius;retry=context-change excluded quest=894;stage=TurnIn;npc=4141;reason=outside-scan-radius;retry=context-change excluded quest=896;stage=Objective;scope=Objective;objective=0;retry=2026-09-08T06:11:23.7672564Z;state=Quarantined. excluded quest=9067;stage=Objective;scope=Objective;objective=0;retry=2026-09-08T01:11:23.7521711Z;state=HalfOpen. excluded quest=9151;stage=Pickup;npc=16199;reason=outside-scan-radius;retry=context-change excluded quest=9157;stage=TurnIn;scope=QuestStage;retry=2026-09-08T01:11:23.7521711Z;state=HalfOpen. excluded quest=9214;stage=Pickup;npc=16220;reason=outside-scan-radius;retry=context-change excluded quest=9218;stage=Pickup;npc=16205;reason=outside-scan-radius;retry=context-change excluded quest=9275;stage=Pickup;npc=16464;reason=outside-scan-radius;retry=context-change excluded quest=9276;stage=Pickup;npc=16463;reason=outside-scan-radius;retry=context-change excluded quest=9281;stage=Pickup;npc=16480;reason=outside-scan-radius;retry=context-change excluded quest=9388;stage=Pickup;scope=QuestStage;retry=2026-09-08T01:11:23.7521711Z;state=HalfOpen. excluded quest=9389;stage=Pickup;scope=QuestStage;retry=2026-09-08T01:11:23.7521711Z;state=HalfOpen. excluded quest=9425;stage=Pickup;npc=16287;reason=outside-scan-radius;retry=context-change excluded quest=9428;stage=Pickup;npc=17098;reason=outside-scan-radius;retry=context-change excluded quest=959;stage=Pickup;npc=3665;reason=outside-scan-radius;retry=context-change excluded quest=962;stage=Pickup;npc=3419;reason=outside-scan-radius;retry=context-change excluded quest=965;stage=Pickup;npc=3657;reason=outside-scan-radius;retry=context-change excluded quest=9749;stage=Pickup;scope=QuestStage;retry=2026-09-08T01:11:23.7521711Z;state=HalfOpen. Expanding scan radius from 250 to 500 yards before fallback.
[08:59:09.297] [D] Activity: No eligible quest work; idle until 2026-09-08T01:11:23.7521711Z. excluded quest=104;stage=Pickup;npc=392;reason=outside-scan-radius;retry=context-change excluded quest=1062;stage=TurnIn;npc=4049;reason=outside-scan-radius;retry=context-change excluded quest=1069;stage=Pickup;npc=3446;reason=outside-scan-radius;retry=context-change excluded quest=1087;stage=Objective;scope=QuestStage;retry=context-change;state=Attempting. excluded quest=1093;stage=Objective;scope=Objective;objective=0;retry=2026-09-08T01:11:23.7521711Z;state=HalfOpen. excluded quest=11127;stage=Pickup;scope=QuestStage;retry=2026-09-08T01:11:23.7521711Z;state=HalfOpen. excluded quest=118;stage=Pickup;npc=415;reason=outside-scan-radius;retry=context-change excluded quest=1195;stage=Pickup;npc=4721;reason=outside-scan-radius;retry=context-change excluded quest=14106;stage=Pickup;scope=QuestStage;retry=2026-09-08T01:11:23.7521711Z;state=HalfOpen. excluded quest=1483;stage=Pickup;npc=3442;reason=outside-scan-radius;retry=context-change excluded quest=152;stage=Pickup;npc=392;reason=outside-scan-radius;retry=context-change excluded quest=2098;stage=Pickup;npc=6667;reason=outside-scan-radius;retry=context-change excluded quest=216;stage=Pickup;npc=12757;reason=outside-scan-radius;retry=context-change excluded quest=235;stage=Pickup;npc=10880;reason=outside-scan-radius;retry=context-change excluded quest=3281;stage=TurnIn;npc=3464;reason=outside-scan-radius;retry=context-change excluded quest=4542;stage=Pickup;npc=10079;reason=outside-scan-radius;retry=context-change excluded quest=470;stage=Pickup;npc=2111;reason=outside-scan-radius;retry=context-change excluded quest=472;stage=Pickup;npc=2097;reason=outside-scan-radius;retry=context-change excluded quest=4740;stage=Pickup;npc=175320;reason=outside-scan-radius;retry=context-change excluded quest=4921;stage=Objective;objective=0;reason=outside-scan-radius;retry=context-change. excluded quest=493;stage=Pickup;npc=1937;reason=outside-scan-radius;retry=context-change excluded quest=494;stage=Pickup;npc=2214;reason=outside-scan-radius;retry=context-change excluded quest=496;stage=Pickup;npc=2216;reason=outside-scan-radius;retry=context-change excluded quest=498;stage=Pickup;npc=2229;reason=outside-scan-radius;retry=context-change excluded quest=501;stage=Pickup;npc=2216;reason=outside-scan-radius;retry=context-change excluded quest=516;stage=Pickup;npc=2121;reason=outside-scan-radius;retry=context-change excluded quest=527;stage=Pickup;npc=2215;reason=outside-scan-radius;retry=context-change excluded quest=546;stage=Pickup;npc=2418;reason=outside-scan-radius;retry=context-change excluded quest=549;stage=Pickup;npc=1763;reason=outside-scan-radius;retry=context-change excluded quest=6381;stage=Pickup;npc=11864;reason=outside-scan-radius;retry=context-change excluded quest=6382;stage=Pickup;npc=3387;reason=outside-scan-radius;retry=context-change excluded quest=6383;stage=Pickup;npc=12696;reason=outside-scan-radius;retry=context-change excluded quest=6393;stage=Objective;scope=Objective;objective=0;retry=2026-09-08T01:11:23.7521711Z;state=HalfOpen. excluded quest=6442;stage=Pickup;npc=12719;reason=outside-scan-radius;retry=context-change excluded quest=6461;stage=TurnIn;npc=12816;reason=outside-scan-radius;retry=context-change excluded quest=6462;stage=Pickup;npc=12721;reason=outside-scan-radius;retry=context-change excluded quest=6503;stage=Pickup;npc=12867;reason=outside-scan-radius;retry=context-change excluded quest=6541;stage=Pickup;npc=3429;reason=outside-scan-radius;retry=context-change excluded quest=6542;stage=TurnIn;npc=8582;reason=outside-scan-radius;retry=context-change excluded quest=6543;stage=Pickup;npc=8582;reason=outside-scan-radius;retry=context-change excluded quest=742;stage=Pickup;npc=10881;reason=outside-scan-radius;retry=context-change excluded quest=747;stage=Objective;scope=Objective;objective=0;retry=2026-09-08T06:11:23.7477613Z;state=Quarantined. excluded quest=747;stage=Objective;scope=Objective;objective=1;retry=2026-09-08T06:11:23.7521590Z;state=Quarantined. excluded quest=7790;stage=Pickup;scope=QuestStage;retry=2026-09-08T01:11:23.7521711Z;state=HalfOpen. excluded quest=843;stage=Pickup;npc=3341;reason=outside-scan-radius;retry=context-change excluded quest=8487;stage=TurnIn;scope=QuestStage;retry=2026-09-08T01:11:23.7521711Z;state=HalfOpen. excluded quest=851;stage=Pickup;scope=QuestStage;retry=2026-09-08T01:11:23.7521711Z;state=HalfOpen. excluded quest=858;stage=Pickup;npc=3439;reason=outside-scan-radius;retry=context-change excluded quest=865;stage=Pickup;scope=QuestStage;retry=2026-09-08T01:11:23.7521711Z;state=HalfOpen. excluded quest=867;stage=Objective;scope=Objective;objective=0;retry=2026-09-08T06:11:23.7540047Z;state=Quarantined. excluded quest=868;stage=Pickup;npc=3428;reason=outside-scan-radius;retry=context-change excluded quest=878;stage=Pickup;npc=3430;reason=outside-scan-radius;retry=context-change excluded quest=8889;stage=Objective;objective=0;reason=outside-scan-radius;retry=context-change. excluded quest=8889;stage=Objective;objective=1;reason=outside-scan-radius;retry=context-change. excluded quest=8889;stage=Objective;objective=2;reason=outside-scan-radius;retry=context-change. excluded quest=891;stage=Objective;objective=0;reason=outside-scan-radius;retry=context-change. excluded quest=891;stage=Objective;objective=1;reason=outside-scan-radius;retry=context-change. excluded quest=891;stage=Objective;objective=2;reason=outside-scan-radius;retry=context-change. excluded quest=891;stage=Objective;scope=Objective;objective=3;retry=2026-09-08T06:11:23.7642927Z;state=Quarantined. excluded quest=893;stage=Pickup;npc=3433;reason=outside-scan-radius;retry=context-change excluded quest=894;stage=TurnIn;npc=4141;reason=outside-scan-radius;retry=context-change excluded quest=896;stage=Objective;scope=Objective;objective=0;retry=2026-09-08T06:11:23.7672564Z;state=Quarantined. excluded quest=9067;stage=Objective;scope=Objective;objective=0;retry=2026-09-08T01:11:23.7521711Z;state=HalfOpen. excluded quest=9151;stage=Pickup;npc=16199;reason=outside-scan-radius;retry=context-change excluded quest=9157;stage=TurnIn;scope=QuestStage;retry=2026-09-08T01:11:23.7521711Z;state=HalfOpen. excluded quest=9214;stage=Pickup;npc=16220;reason=outside-scan-radius;retry=context-change excluded quest=9218;stage=Pickup;npc=16205;reason=outside-scan-radius;retry=context-change excluded quest=9275;stage=Pickup;npc=16464;reason=outside-scan-radius;retry=context-change excluded quest=9276;stage=Pickup;npc=16463;reason=outside-scan-radius;retry=context-change excluded quest=9281;stage=Pickup;npc=16480;reason=outside-scan-radius;retry=context-change excluded quest=9388;stage=Pickup;scope=QuestStage;retry=2026-09-08T01:11:23.7521711Z;state=HalfOpen. excluded quest=9389;stage=Pickup;scope=QuestStage;retry=2026-09-08T01:11:23.7521711Z;state=HalfOpen. excluded quest=9425;stage=Pickup;npc=16287;reason=outside-scan-radius;retry=context-change excluded quest=9428;stage=Pickup;npc=17098;reason=outside-scan-radius;retry=context-change excluded quest=959;stage=Pickup;npc=3665;reason=outside-scan-radius;retry=context-change excluded quest=962;stage=Pickup;npc=3419;reason=outside-scan-radius;retry=context-change excluded quest=965;stage=Pickup;npc=3657;reason=outside-scan-radius;retry=context-change excluded quest=9749;stage=Pickup;scope=QuestStage;retry=2026-09-08T01:11:23.7521711Z;state=HalfOpen. Expanding scan radius from 500 to 750 yards before fallback.
[08:59:09.508] [D] Activity: No eligible quest work; idle until 2026-09-08T01:11:23.7521711Z. excluded quest=104;stage=Pickup;npc=392;reason=outside-scan-radius;retry=context-change excluded quest=1062;stage=TurnIn;npc=4049;reason=outside-scan-radius;retry=context-change excluded quest=1069;stage=Pickup;npc=3446;reason=outside-scan-radius;retry=context-change excluded quest=1087;stage=Objective;scope=QuestStage;retry=context-change;state=Attempting. excluded quest=1093;stage=Objective;scope=Objective;objective=0;retry=2026-09-08T01:11:23.7521711Z;state=HalfOpen. excluded quest=11127;stage=Pickup;scope=QuestStage;retry=2026-09-08T01:11:23.7521711Z;state=HalfOpen. excluded quest=118;stage=Pickup;npc=415;reason=outside-scan-radius;retry=context-change excluded quest=1195;stage=Pickup;npc=4721;reason=outside-scan-radius;retry=context-change excluded quest=14106;stage=Pickup;scope=QuestStage;retry=2026-09-08T01:11:23.7521711Z;state=HalfOpen. excluded quest=1483;stage=Pickup;npc=3442;reason=outside-scan-radius;retry=context-change excluded quest=152;stage=Pickup;npc=392;reason=outside-scan-radius;retry=context-change excluded quest=2098;stage=Pickup;npc=6667;reason=outside-scan-radius;retry=context-change excluded quest=216;stage=Pickup;npc=12757;reason=outside-scan-radius;retry=context-change excluded quest=235;stage=Pickup;npc=10880;reason=outside-scan-radius;retry=context-change excluded quest=3281;stage=TurnIn;npc=3464;reason=outside-scan-radius;retry=context-change excluded quest=4542;stage=Pickup;npc=10079;reason=outside-scan-radius;retry=context-change excluded quest=470;stage=Pickup;npc=2111;reason=outside-scan-radius;retry=context-change excluded quest=472;stage=Pickup;npc=2097;reason=outside-scan-radius;retry=context-change excluded quest=4740;stage=Pickup;npc=175320;reason=outside-scan-radius;retry=context-change excluded quest=4921;stage=Objective;objective=0;reason=outside-scan-radius;retry=context-change. excluded quest=493;stage=Pickup;npc=1937;reason=outside-scan-radius;retry=context-change excluded quest=494;stage=Pickup;npc=2214;reason=outside-scan-radius;retry=context-change excluded quest=496;stage=Pickup;npc=2216;reason=outside-scan-radius;retry=context-change excluded quest=498;stage=Pickup;npc=2229;reason=outside-scan-radius;retry=context-change excluded quest=501;stage=Pickup;npc=2216;reason=outside-scan-radius;retry=context-change excluded quest=516;stage=Pickup;npc=2121;reason=outside-scan-radius;retry=context-change excluded quest=527;stage=Pickup;npc=2215;reason=outside-scan-radius;retry=context-change excluded quest=546;stage=Pickup;npc=2418;reason=outside-scan-radius;retry=context-change excluded quest=549;stage=Pickup;npc=1763;reason=outside-scan-radius;retry=context-change excluded quest=6381;stage=Pickup;npc=11864;reason=outside-scan-radius;retry=context-change excluded quest=6382;stage=Pickup;npc=3387;reason=outside-scan-radius;retry=context-change excluded quest=6383;stage=Pickup;npc=12696;reason=outside-scan-radius;retry=context-change excluded quest=6393;stage=Objective;scope=Objective;objective=0;retry=2026-09-08T01:11:23.7521711Z;state=HalfOpen. excluded quest=6442;stage=Pickup;npc=12719;reason=outside-scan-radius;retry=context-change excluded quest=6461;stage=TurnIn;npc=12816;reason=outside-scan-radius;retry=context-change excluded quest=6462;stage=Pickup;npc=12721;reason=outside-scan-radius;retry=context-change excluded quest=6503;stage=Pickup;npc=12867;reason=outside-scan-radius;retry=context-change excluded quest=6541;stage=Pickup;npc=3429;reason=outside-scan-radius;retry=context-change excluded quest=6542;stage=TurnIn;npc=8582;reason=outside-scan-radius;retry=context-change excluded quest=6543;stage=Pickup;npc=8582;reason=outside-scan-radius;retry=context-change excluded quest=742;stage=Pickup;npc=10881;reason=outside-scan-radius;retry=context-change excluded quest=747;stage=Objective;scope=Objective;objective=0;retry=2026-09-08T06:11:23.7477613Z;state=Quarantined. excluded quest=747;stage=Objective;scope=Objective;objective=1;retry=2026-09-08T06:11:23.7521590Z;state=Quarantined. excluded quest=7790;stage=Pickup;scope=QuestStage;retry=2026-09-08T01:11:23.7521711Z;state=HalfOpen. excluded quest=843;stage=Pickup;npc=3341;reason=outside-scan-radius;retry=context-change excluded quest=8487;stage=TurnIn;scope=QuestStage;retry=2026-09-08T01:11:23.7521711Z;state=HalfOpen. excluded quest=851;stage=Pickup;scope=QuestStage;retry=2026-09-08T01:11:23.7521711Z;state=HalfOpen. excluded quest=858;stage=Pickup;npc=3439;reason=outside-scan-radius;retry=context-change excluded quest=865;stage=Pickup;scope=QuestStage;retry=2026-09-08T01:11:23.7521711Z;state=HalfOpen. excluded quest=867;stage=Objective;scope=Objective;objective=0;retry=2026-09-08T06:11:23.7540047Z;state=Quarantined. excluded quest=868;stage=Pickup;npc=3428;reason=outside-scan-radius;retry=context-change excluded quest=878;stage=Pickup;npc=3430;reason=outside-scan-radius;retry=context-change excluded quest=8889;stage=Objective;objective=0;reason=outside-scan-radius;retry=context-change. excluded quest=8889;stage=Objective;objective=1;reason=outside-scan-radius;retry=context-change. excluded quest=8889;stage=Objective;objective=2;reason=outside-scan-radius;retry=context-change. excluded quest=891;stage=Objective;objective=0;reason=outside-scan-radius;retry=context-change. excluded quest=891;stage=Objective;objective=1;reason=outside-scan-radius;retry=context-change. excluded quest=891;stage=Objective;objective=2;reason=outside-scan-radius;retry=context-change. excluded quest=891;stage=Objective;scope=Objective;objective=3;retry=2026-09-08T06:11:23.7642927Z;state=Quarantined. excluded quest=893;stage=Pickup;npc=3433;reason=outside-scan-radius;retry=context-change excluded quest=894;stage=TurnIn;npc=4141;reason=outside-scan-radius;retry=context-change excluded quest=896;stage=Objective;scope=Objective;objective=0;retry=2026-09-08T06:11:23.7672564Z;state=Quarantined. excluded quest=9067;stage=Objective;scope=Objective;objective=0;retry=2026-09-08T01:11:23.7521711Z;state=HalfOpen. excluded quest=9151;stage=Pickup;npc=16199;reason=outside-scan-radius;retry=context-change excluded quest=9157;stage=TurnIn;scope=QuestStage;retry=2026-09-08T01:11:23.7521711Z;state=HalfOpen. excluded quest=9214;stage=Pickup;npc=16220;reason=outside-scan-radius;retry=context-change excluded quest=9218;stage=Pickup;npc=16205;reason=outside-scan-radius;retry=context-change excluded quest=9275;stage=Pickup;npc=16464;reason=outside-scan-radius;retry=context-change excluded quest=9276;stage=Pickup;npc=16463;reason=outside-scan-radius;retry=context-change excluded quest=9281;stage=Pickup;npc=16480;reason=outside-scan-radius;retry=context-change excluded quest=9388;stage=Pickup;scope=QuestStage;retry=2026-09-08T01:11:23.7521711Z;state=HalfOpen. excluded quest=9389;stage=Pickup;scope=QuestStage;retry=2026-09-08T01:11:23.7521711Z;state=HalfOpen. excluded quest=9425;stage=Pickup;npc=16287;reason=outside-scan-radius;retry=context-change excluded quest=9428;stage=Pickup;npc=17098;reason=outside-scan-radius;retry=context-change excluded quest=959;stage=Pickup;npc=3665;reason=outside-scan-radius;retry=context-change excluded quest=962;stage=Pickup;npc=3419;reason=outside-scan-radius;retry=context-change excluded quest=965;stage=Pickup;npc=3657;reason=outside-scan-radius;retry=context-change excluded quest=9749;stage=Pickup;scope=QuestStage;retry=2026-09-08T01:11:23.7521711Z;state=HalfOpen. Expanding scan radius from 750 to 1000 yards before fallback.
[08:59:09.896] [D] [Nav] Loaded 66 mesh tiles for one path query
[08:59:09.908] [D] Loading profile from D:\World of Warcraft 3.3.5a\CB\Bots\WholesomeAutoQuest\WHOLESOME_AUTOQUESTER.xml
[08:59:09.918] [D] [CompileBatch] Compiling 3 entries...
[08:59:10.002] [D] [CompileBatch] Compiled successfully.
[08:59:10.002] [N] Profile loaded: WholesomeAQ - Stonetalon Mountains
[08:59:10.011] [D] Selected sub-profile: WholesomeAQ - Stonetalon Mountains (L1-80)
[08:59:10.011] [N] [Wholesome Auto Quest] Profile refreshed - Selected 3 quest work candidate(s). selected quest=6442;stage=Pickup;state=Eligible. selected quest=6462;stage=Pickup;state=Eligible. selected quest=216;stage=Pickup;state=Eligible. excluded quest=104;stage=Pickup;npc=392;reason=outside-scan-radius;retry=context-change excluded quest=1062;stage=TurnIn;npc=4049;reason=outside-scan-radius;retry=context-change excluded quest=1069;stage=Pickup;npc=3446;reason=outside-scan-radius;retry=context-change excluded quest=1087;stage=Objective;scope=QuestStage;retry=context-change;state=Attempting. excluded quest=1093;stage=Objective;scope=Objective;objective=0;retry=2026-09-08T01:11:23.7521711Z;state=HalfOpen. excluded quest=11127;stage=Pickup;scope=QuestStage;retry=2026-09-08T01:11:23.7521711Z;state=HalfOpen. excluded quest=118;stage=Pickup;npc=415;reason=outside-scan-radius;retry=context-change excluded quest=1195;stage=Pickup;npc=4721;reason=outside-scan-radius;retry=context-change excluded quest=14106;stage=Pickup;scope=QuestStage;retry=2026-09-08T01:11:23.7521711Z;state=HalfOpen. excluded quest=1483;stage=Pickup;npc=3442;reason=outside-scan-radius;retry=context-change excluded quest=152;stage=Pickup;npc=392;reason=outside-scan-radius;retry=context-change excluded quest=2098;stage=Pickup;npc=6667;reason=outside-scan-radius;retry=context-change excluded quest=235;stage=Pickup;npc=10880;reason=outside-scan-radius;retry=context-change excluded quest=3281;stage=TurnIn;npc=3464;reason=outside-scan-radius;retry=context-change excluded quest=4542;stage=Pickup;npc=10079;reason=outside-scan-radius;retry=context-change excluded quest=470;stage=Pickup;npc=2111;reason=outside-scan-radius;retry=context-change excluded quest=472;stage=Pickup;npc=2097;reason=outside-scan-radius;retry=context-change excluded quest=4740;stage=Pickup;npc=175320;reason=outside-scan-radius;retry=context-change excluded quest=4921;stage=Objective;objective=0;reason=outside-scan-radius;retry=context-change. excluded quest=493;stage=Pickup;npc=1937;reason=outside-scan-radius;retry=context-change excluded quest=494;stage=Pickup;npc=2214;reason=outside-scan-radius;retry=context-change excluded quest=496;stage=Pickup;npc=2216;reason=outside-scan-radius;retry=context-change excluded quest=498;stage=Pickup;npc=2229;reason=outside-scan-radius;retry=context-change excluded quest=501;stage=Pickup;npc=2216;reason=outside-scan-radius;retry=context-change excluded quest=516;stage=Pickup;npc=2121;reason=outside-scan-radius;retry=context-change excluded quest=527;stage=Pickup;npc=2215;reason=outside-scan-radius;retry=context-change excluded quest=546;stage=Pickup;npc=2418;reason=outside-scan-radius;retry=context-change excluded quest=549;stage=Pickup;npc=1763;reason=outside-scan-radius;retry=context-change excluded quest=6381;stage=Pickup;npc=11864;reason=outside-scan-radius;retry=context-change excluded quest=6382;stage=Pickup;npc=3387;reason=outside-scan-radius;retry=context-change excluded quest=6383;stage=Pickup;npc=12696;reason=outside-scan-radius;retry=context-change excluded quest=6393;stage=Objective;scope=Objective;objective=0;retry=2026-09-08T01:11:23.7521711Z;state=HalfOpen. excluded quest=6461;stage=TurnIn;npc=12816;reason=outside-scan-radius;retry=context-change excluded quest=6503;stage=Pickup;npc=12867;reason=outside-scan-radius;retry=context-change excluded quest=6541;stage=Pickup;npc=3429;reason=outside-scan-radius;retry=context-change excluded quest=6542;stage=TurnIn;npc=8582;reason=outside-scan-radius;retry=context-change excluded quest=6543;stage=Pickup;npc=8582;reason=outside-scan-radius;retry=context-change excluded quest=742;stage=Pickup;npc=10881;reason=outside-scan-radius;retry=context-change excluded quest=747;stage=Objective;scope=Objective;objective=0;retry=2026-09-08T06:11:23.7477613Z;state=Quarantined. excluded quest=747;stage=Objective;scope=Objective;objective=1;retry=2026-09-08T06:11:23.7521590Z;state=Quarantined. excluded quest=7790;stage=Pickup;scope=QuestStage;retry=2026-09-08T01:11:23.7521711Z;state=HalfOpen. excluded quest=843;stage=Pickup;npc=3341;reason=outside-scan-radius;retry=context-change excluded quest=8487;stage=TurnIn;scope=QuestStage;retry=2026-09-08T01:11:23.7521711Z;state=HalfOpen. excluded quest=851;stage=Pickup;scope=QuestStage;retry=2026-09-08T01:11:23.7521711Z;state=HalfOpen. excluded quest=858;stage=Pickup;npc=3439;reason=outside-scan-radius;retry=context-change excluded quest=865;stage=Pickup;scope=QuestStage;retry=2026-09-08T01:11:23.7521711Z;state=HalfOpen. excluded quest=867;stage=Objective;scope=Objective;objective=0;retry=2026-09-08T06:11:23.7540047Z;state=Quarantined. excluded quest=868;stage=Pickup;npc=3428;reason=outside-scan-radius;retry=context-change excluded quest=878;stage=Pickup;npc=3430;reason=outside-scan-radius;retry=context-change excluded quest=8889;stage=Objective;objective=0;reason=outside-scan-radius;retry=context-change. excluded quest=8889;stage=Objective;objective=1;reason=outside-scan-radius;retry=context-change. excluded quest=8889;stage=Objective;objective=2;reason=outside-scan-radius;retry=context-change. excluded quest=891;stage=Objective;objective=0;reason=outside-scan-radius;retry=context-change. excluded quest=891;stage=Objective;objective=1;reason=outside-scan-radius;retry=context-change. excluded quest=891;stage=Objective;objective=2;reason=outside-scan-radius;retry=context-change. excluded quest=891;stage=Objective;scope=Objective;objective=3;retry=2026-09-08T06:11:23.7642927Z;state=Quarantined. excluded quest=893;stage=Pickup;npc=3433;reason=outside-scan-radius;retry=context-change excluded quest=894;stage=TurnIn;npc=4141;reason=outside-scan-radius;retry=context-change excluded quest=896;stage=Objective;scope=Objective;objective=0;retry=2026-09-08T06:11:23.7672564Z;state=Quarantined. excluded quest=9067;stage=Objective;scope=Objective;objective=0;retry=2026-09-08T01:11:23.7521711Z;state=HalfOpen. excluded quest=9151;stage=Pickup;npc=16199;reason=outside-scan-radius;retry=context-change excluded quest=9157;stage=TurnIn;scope=QuestStage;retry=2026-09-08T01:11:23.7521711Z;state=HalfOpen. excluded quest=9214;stage=Pickup;npc=16220;reason=outside-scan-radius;retry=context-change excluded quest=9218;stage=Pickup;npc=16205;reason=outside-scan-radius;retry=context-change excluded quest=9275;stage=Pickup;npc=16464;reason=outside-scan-radius;retry=context-change excluded quest=9276;stage=Pickup;npc=16463;reason=outside-scan-radius;retry=context-change excluded quest=9281;stage=Pickup;npc=16480;reason=outside-scan-radius;retry=context-change excluded quest=9388;stage=Pickup;scope=QuestStage;retry=2026-09-08T01:11:23.7521711Z;state=HalfOpen. excluded quest=9389;stage=Pickup;scope=QuestStage;retry=2026-09-08T01:11:23.7521711Z;state=HalfOpen. excluded quest=9425;stage=Pickup;npc=16287;reason=outside-scan-radius;retry=context-change excluded quest=9428;stage=Pickup;npc=17098;reason=outside-scan-radius;retry=context-change excluded quest=959;stage=Pickup;npc=3665;reason=outside-scan-radius;retry=context-change excluded quest=962;stage=Pickup;npc=3419;reason=outside-scan-radius;retry=context-change excluded quest=965;stage=Pickup;npc=3657;reason=outside-scan-radius;retry=context-change excluded quest=9749;stage=Pickup;scope=QuestStage;retry=2026-09-08T01:11:23.7521711Z;state=HalfOpen.
[08:59:10.104] [D] [If] Condition is true, executing If body
[08:59:10.124] [N] [PickUp] Picking up Naga at the Zoram Strand
[08:59:10.124] [D] Goal: Picking up Naga at the Zoram Strand
[08:59:10.138] [D] Changed POI to: Type: QuestPickUp, Name: Marukai, Guid: 0, Entry: 12719, Location: (3331.24, 1025.91, 6.36)
[08:59:10.166] [D] [QuestRecovery] quest=1087, stage=Objective, old=Attempting, new=Eligible, reason=None, episode=0, attempt=0, retry=
[08:59:10.276] [N] Moving to Type: QuestPickUp, Name: Marukai, Guid: 0, Entry: 12719, Location: (3331.24, 1025.91, 6.36)
[08:59:10.432] [D] [Pulse] Slow bot root: 162ms bot=Wholesome Auto Quest poi=QuestPickUp combat=False
[08:59:10.580] [D] Activity: Setting Daughter of Cenarius at 22.4 yards as your target
[08:59:10.963] [D] Changed POI to: Type: Kill, Name: Daughter of Cenarius, Guid: F130000FD5156291, Entry: 4053, Location: (2519.39, 1518.47, 267.24)
[08:59:10.998] [D] [Singular-DEBUG] Switched targets!
[08:59:10.998] [D] [Singular-DEBUG] Melee Distance: 5
[08:59:10.998] [D] [Singular-DEBUG] Health: 100
[08:59:10.998] [D] [Singular-DEBUG] Level: 23
[08:59:11.914] [D] [Pulse] Slow plugin: name=Tidy Bags 3 Reloaded elapsed=51ms
[08:59:14.794] [N] [Singular] Casting Judgement of Light on Daughter of Cenarius
[08:59:14.794] [D] Spell_C::CastSpell(20271, 0, 0xF130000FD5156291, 0)
[08:59:23.097] [N] [Singular] Casting Judgement of Light on Daughter of Cenarius
[08:59:23.097] [D] Spell_C::CastSpell(20271, 0, 0xF130000FD5156291, 0)
[08:59:24.840] [D] Cleared POI - Reason POI is dead from Combat
[08:59:24.840] [D] Cleared POI
[08:59:25.120] [N] Eating Bristle Whisker Catfish
[08:59:26.739] [D] [Pulse] Slow plugin: name=AutoEquip2 elapsed=41ms
[08:59:31.655] [N] [Singular] Casting Blessing of Kings on Myself
[08:59:31.656] [D] Spell_C::CastSpell(20217, 0, 0x6000000007EAB80, 0)
[08:59:31.770] [D] Changed POI to: Type: Loot, Name: Daughter of Cenarius, Guid: F130000FD5156291, Entry: 4053, Location: (2518.32, 1525.19, 267.46)
[08:59:31.891] [D] [Interact] Interacting with object at 0x130C75F8
[08:59:31.897] [D] [Interact] Done interacting with object at 0x130C75F8
[08:59:32.352] [N] Looting Daughter of Cenarius Guid 0xF130000FD5156291
[08:59:32.373] [D] Cleared POI - Reason Waiting for loot flag
[08:59:32.373] [D] Cleared POI
[08:59:32.531] [D] Changed POI to: Type: Loot, Name: Daughter of Cenarius, Guid: F130000FD5156291, Entry: 4053, Location: (2518.32, 1525.19, 267.46)
[08:59:32.556] [D] [Singular-DEBUG] Switched targets!
[08:59:32.556] [D] [Singular-DEBUG] Melee Distance: 5
[08:59:32.556] [D] [Singular-DEBUG] Health: 0
[08:59:32.556] [D] [Singular-DEBUG] Level: 23
[08:59:32.644] [D] Cleared POI - Reason Already looted
[08:59:32.644] [D] Cleared POI
[08:59:32.766] [D] Changed POI to: Type: Loot, Name: Daughter of Cenarius, Guid: F130000FD5156291, Entry: 4053, Location: (2518.32, 1525.19, 267.46)
[08:59:32.893] [D] Cleared POI - Reason Already looted
[08:59:32.893] [D] Cleared POI
[08:59:33.034] [D] Changed POI to: Type: QuestPickUp, Name: Marukai, Guid: 0, Entry: 12719, Location: (3331.24, 1025.91, 6.36)
[08:59:33.305] [D] [Pulse] Slow bot root: 152ms bot=Wholesome Auto Quest poi=QuestPickUp combat=False
[08:59:35.079] [N] Mounting: 34769
[08:59:37.129] [D] [Pulse] Slow bot root: 2148ms bot=Wholesome Auto Quest poi=QuestPickUp combat=False
[08:59:37.165] [D] [Pulse] Slow plugin: name=AutoEquip2 elapsed=21ms
[08:59:40.755] [D] [QuestLog] Loaded 69 completed quests from Lua fallback
[08:59:47.263] [D] [Pulse] Slow plugin: name=AutoEquip2 elapsed=23ms
[08:59:57.311] [D] [Pulse] Slow plugin: name=AutoEquip2 elapsed=20ms
[09:00:07.338] [D] [Pulse] Slow plugin: name=AutoEquip2 elapsed=22ms
[09:00:17.345] [D] [Pulse] Slow plugin: name=AutoEquip2 elapsed=22ms
[09:00:18.664] [N] Loading 1_29_30
[09:00:18.664] [N] Loading 1_29_29
[09:00:18.664] [N] Loading 1_29_31
[09:00:18.664] [N] Loading 1_27_27
[09:00:18.664] [N] Loading 1_28_31
[09:00:18.664] [N] Loading 1_29_28
[09:00:18.664] [N] Loading 1_30_30
[09:00:18.664] [N] Loading 1_30_31
[09:00:18.664] [N] Loading 1_30_29
[09:00:18.664] [N] Loading 1_30_28
[09:00:18.664] [N] Loading 1_31_31
[09:00:18.664] [N] Loading 1_31_29
[09:00:18.664] [N] Loading 1_31_28
[09:00:18.664] [N] Loading 1_31_30
[09:00:18.664] [N] Loading 1_30_32
[09:00:18.664] [N] Loading 1_29_32
[09:00:18.664] [N] Loading 1_28_32
[09:00:18.664] [N] Loading 1_31_32
[09:00:18.664] [N] Loading 1_32_31
[09:00:18.664] [N] Loading 1_29_33
[09:00:18.664] [N] Loading 1_30_33
[09:00:18.664] [N] Loading 1_32_28
[09:00:18.664] [N] Loading 1_32_32
[09:00:18.664] [N] Loading 1_28_33
[09:00:18.664] [N] Loading 1_31_27
[09:00:18.664] [N] Loading 1_32_29
[09:00:18.664] [N] Loading 1_31_33
[09:00:18.664] [N] Loading 1_32_33
[09:00:18.664] [N] Loading 1_32_30
[09:00:18.664] [N] Loading 1_27_33
[09:00:18.664] [N] Loading 1_27_32
[09:00:18.664] [N] Loading 1_33_28
[09:00:18.664] [N] Loading 1_33_29
[09:00:18.664] [N] Loading 1_28_34
[09:00:18.664] [N] Loading 1_32_27
[09:00:18.664] [N] Loading 1_27_34
[09:00:18.664] [N] Loading 1_27_31
[09:00:18.664] [N] Loading 1_26_32
[09:00:18.664] [N] Loading 1_26_33
[09:00:18.664] [N] Loading 1_33_27
[09:00:18.664] [N] Loading 1_33_30
[09:00:18.664] [N] Loading 1_25_32
[09:00:18.664] [N] Loading 1_26_34
[09:00:18.664] [N] Loading 1_32_34
[09:00:18.664] [N] Loading 1_25_33
[09:00:18.664] [N] Loading 1_32_26
[09:00:18.664] [N] Loading 1_31_34
[09:00:18.664] [N] Loading 1_33_33
[09:00:18.664] [N] Loading 1_34_28
[09:00:18.664] [N] Loading 1_34_29
[09:00:18.664] [N] Loading 1_33_31
[09:00:18.664] [N] Loading 1_27_35
[09:00:18.664] [N] Loading 1_33_26
[09:00:18.664] [N] Loading 1_28_35
[09:00:18.664] [N] Loading 1_31_26
[09:00:18.664] [N] Loading 1_34_27
[09:00:18.664] [N] Loading 1_34_30
[09:00:18.664] [N] Loading 1_26_35
[09:00:18.664] [N] Loading 1_33_34
[09:00:18.674] [D] [Pulse] Slow bot root: 213ms bot=Wholesome Auto Quest poi=QuestPickUp combat=False
[09:00:27.426] [D] [Pulse] Slow plugin: name=AutoEquip2 elapsed=21ms
[09:00:37.515] [D] [Pulse] Slow plugin: name=AutoEquip2 elapsed=21ms
[09:00:41.065] [D] [QuestLog] Loaded 69 completed quests from Lua fallback
[09:00:47.620] [D] [Pulse] Slow plugin: name=AutoEquip2 elapsed=21ms
[09:00:55.024] [D] Activity: Setting Sap Beast at 15.8 yards as your target
[09:00:55.024] [D] Dismounting for combat.
[09:00:55.024] [D] Stop and dismount. Reason: Combat
[09:00:55.358] [D] Changed POI to: Type: Kill, Name: Sap Beast, Guid: F130000FB4156927, Entry: 4020, Location: (1955.87, 952.62, 178.71)
[09:00:55.383] [D] [Singular-DEBUG] Switched targets!
[09:00:55.383] [D] [Singular-DEBUG] Melee Distance: 5
[09:00:55.383] [D] [Singular-DEBUG] Health: 100
[09:00:55.383] [D] [Singular-DEBUG] Level: 22
[09:00:55.509] [N] [Singular] Casting Exorcism on Sap Beast
[09:00:55.509] [D] Spell_C::CastSpell(879, 0, 0xF130000FB4156927, 0)
[09:00:57.094] [N] [Singular] Casting Judgement of Light on Sap Beast
[09:00:57.094] [D] Spell_C::CastSpell(20271, 0, 0xF130000FB4156927, 0)
[09:01:05.427] [N] [Singular] Casting Judgement of Light on Sap Beast
[09:01:05.427] [D] Spell_C::CastSpell(20271, 0, 0xF130000FB4156927, 0)
[09:01:06.645] [D] Cleared POI - Reason POI is dead from Combat
[09:01:06.645] [D] Cleared POI
[09:01:06.749] [D] Changed POI to: Type: Loot, Name: Sap Beast, Guid: F130000FB4156927, Entry: 4020, Location: (1959.73, 965.15, 180.12)
[09:01:06.852] [D] [Interact] Interacting with object at 0x130D0428
[09:01:06.864] [D] [Interact] Done interacting with object at 0x130D0428
[09:01:07.283] [N] Looting Sap Beast Guid 0xF130000FB4156927
[09:01:07.301] [D] Cleared POI - Reason Waiting for loot flag
[09:01:07.301] [D] Cleared POI
[09:01:07.435] [D] Changed POI to: Type: Loot, Name: Sap Beast, Guid: F130000FB4156927, Entry: 4020, Location: (1959.73, 965.15, 180.12)
[09:01:07.453] [D] [Singular-DEBUG] Switched targets!
[09:01:07.453] [D] [Singular-DEBUG] Melee Distance: 5
[09:01:07.453] [D] [Singular-DEBUG] Health: 0
[09:01:07.453] [D] [Singular-DEBUG] Level: 22
[09:01:07.684] [D] [Pulse] Slow plugin: name=AutoEquip2 elapsed=22ms
[09:01:09.895] [D] [Pulse] Slow plugin: name=Tidy Bags 3 Reloaded elapsed=41ms
[09:01:10.717] [D] Cleared POI - Reason Waiting for loot flag
[09:01:10.717] [D] Cleared POI
[09:01:10.839] [D] Changed POI to: Type: QuestPickUp, Name: Marukai, Guid: 0, Entry: 12719, Location: (3331.24, 1025.91, 6.36)
[09:01:11.095] [D] [Pulse] Slow bot root: 152ms bot=Wholesome Auto Quest poi=QuestPickUp combat=False
[09:01:16.793] [N] Mounting: 35022
[09:01:18.862] [D] [Pulse] Slow bot root: 2154ms bot=Wholesome Auto Quest poi=QuestPickUp combat=False
[09:01:18.893] [D] [Pulse] Slow plugin: name=AutoEquip2 elapsed=23ms
[09:01:26.270] [N] Loading 1_27_28
[09:01:26.270] [N] Loading 1_26_28
[09:01:26.270] [N] Loading 1_28_28
[09:01:26.270] [N] Loading 1_29_28
[09:01:26.270] [N] Loading 1_30_30
[09:01:26.270] [N] Loading 1_30_31
[09:01:26.270] [N] Loading 1_30_29
[09:01:26.270] [N] Loading 1_30_28
[09:01:26.270] [N] Loading 1_27_27
[09:01:26.270] [N] Loading 1_31_31
[09:01:26.270] [N] Loading 1_31_29
[09:01:26.270] [N] Loading 1_31_28
[09:01:26.270] [N] Loading 1_31_30
[09:01:26.270] [N] Loading 1_30_32
[09:01:26.270] [N] Loading 1_29_32
[09:01:26.270] [N] Loading 1_28_32
[09:01:26.270] [N] Loading 1_31_32
[09:01:26.270] [N] Loading 1_32_31
[09:01:26.270] [N] Loading 1_29_33
[09:01:26.270] [N] Loading 1_30_33
[09:01:26.270] [N] Loading 1_32_32
[09:01:26.270] [N] Loading 1_32_28
[09:01:26.270] [N] Loading 1_28_33
[09:01:26.270] [N] Loading 1_31_27
[09:01:26.270] [N] Loading 1_32_29
[09:01:26.270] [N] Loading 1_31_33
[09:01:26.270] [N] Loading 1_32_33
[09:01:26.270] [N] Loading 1_32_30
[09:01:26.270] [N] Loading 1_27_33
[09:01:26.270] [N] Loading 1_27_32
[09:01:26.270] [N] Loading 1_33_28
[09:01:26.270] [N] Loading 1_33_29
[09:01:26.270] [N] Loading 1_28_34
[09:01:26.270] [N] Loading 1_32_27
[09:01:26.270] [N] Loading 1_27_34
[09:01:26.270] [N] Loading 1_26_32
[09:01:26.270] [N] Loading 1_26_33
[09:01:26.270] [N] Loading 1_33_27
[09:01:26.270] [N] Loading 1_33_30
[09:01:26.270] [N] Loading 1_25_32
[09:01:26.270] [N] Loading 1_26_34
[09:01:26.270] [N] Loading 1_32_34
[09:01:26.270] [N] Loading 1_25_33
[09:01:26.270] [N] Loading 1_32_26
[09:01:26.270] [N] Loading 1_31_34
[09:01:26.270] [N] Loading 1_33_33
[09:01:26.270] [N] Loading 1_34_28
[09:01:26.270] [N] Loading 1_34_29
[09:01:26.270] [N] Loading 1_33_31
[09:01:26.270] [N] Loading 1_27_35
[09:01:26.270] [N] Loading 1_33_26
[09:01:26.270] [N] Loading 1_28_35
[09:01:26.270] [N] Loading 1_31_26
[09:01:26.270] [N] Loading 1_34_27
[09:01:26.270] [N] Loading 1_34_30
[09:01:26.270] [N] Loading 1_26_35
[09:01:26.270] [N] Loading 1_33_34
[09:01:26.281] [D] [Pulse] Slow bot root: 207ms bot=Wholesome Auto Quest poi=QuestPickUp combat=False
[09:01:27.720] [D] Activity: Setting Raging Cliff Stormer at 10.2 yards as your target
[09:01:27.720] [D] Dismounting for combat.
[09:01:27.720] [D] Stop and dismount. Reason: Combat
[09:01:28.053] [D] Changed POI to: Type: Kill, Name: Raging Cliff Stormer, Guid: F130000FA90F5ABF, Entry: 4009, Location: (1819.74, 936.13, 143.41)
[09:01:28.072] [D] [Singular-DEBUG] Switched targets!
[09:01:28.072] [D] [Singular-DEBUG] Melee Distance: 5
[09:01:28.072] [D] [Singular-DEBUG] Health: 100
[09:01:28.072] [D] [Singular-DEBUG] Level: 19
[09:01:28.198] [N] [Singular] Casting Exorcism on Raging Cliff Stormer
[09:01:28.199] [D] Spell_C::CastSpell(879, 0, 0xF130000FA90F5ABF, 0)
[09:01:29.806] [N] [Singular] Casting Judgement of Light on Raging Cliff Stormer
[09:01:29.806] [D] Spell_C::CastSpell(20271, 0, 0xF130000FA90F5ABF, 0)
[09:01:36.787] [D] Cleared POI - Reason POI is dead from Combat
[09:01:36.787] [D] Cleared POI
[09:01:36.897] [D] Changed POI to: Type: Loot, Name: Raging Cliff Stormer, Guid: F130000FA90F5ABF, Entry: 4009, Location: (1821.57, 934.35, 143.96)
[09:01:37.000] [D] [Interact] Interacting with object at 0x130CC738
[09:01:37.005] [D] [Interact] Done interacting with object at 0x130CC738
[09:01:37.425] [N] Looting Raging Cliff Stormer Guid 0xF130000FA90F5ABF
[09:01:37.443] [D] Cleared POI - Reason Waiting for loot flag
[09:01:37.443] [D] Cleared POI
[09:01:37.578] [D] Changed POI to: Type: Loot, Name: Raging Cliff Stormer, Guid: F130000FA90F5ABF, Entry: 4009, Location: (1821.57, 934.35, 143.96)
[09:01:37.657] [D] [Singular-DEBUG] Switched targets!
[09:01:37.657] [D] [Singular-DEBUG] Melee Distance: 5
[09:01:37.657] [D] [Singular-DEBUG] Health: 0
[09:01:37.657] [D] [Singular-DEBUG] Level: 19
[09:01:37.740] [D] Cleared POI - Reason Already looted
[09:01:37.740] [D] Cleared POI
[09:01:37.856] [D] Changed POI to: Type: QuestPickUp, Name: Marukai, Guid: 0, Entry: 12719, Location: (3331.24, 1025.91, 6.36)
[09:01:38.067] [D] [MeshNavigator] Skipped 2 path nodes
[09:01:38.074] [D] [Pulse] Slow bot root: 116ms bot=Wholesome Auto Quest poi=QuestPickUp combat=False
[09:01:39.022] [D] [Pulse] Slow plugin: name=AutoEquip2 elapsed=26ms
[09:01:41.396] [D] [QuestLog] Loaded 69 completed quests from Lua fallback
[09:01:41.596] [D] [Pulse] Slow bot root: 115ms bot=Wholesome Auto Quest poi=QuestPickUp combat=False
[09:01:46.937] [N] Mounting: 34769
[09:01:49.001] [D] [Pulse] Slow bot root: 2148ms bot=Wholesome Auto Quest poi=QuestPickUp combat=False
[09:01:49.044] [D] [Pulse] Slow plugin: name=AutoEquip2 elapsed=31ms
[09:01:52.408] [D] Activity: Setting Raging Cliff Stormer at 8.0 yards as your target
[09:01:52.408] [D] Dismounting for combat.
[09:01:52.408] [D] Stop and dismount. Reason: Combat
[09:01:52.747] [D] Changed POI to: Type: Kill, Name: Raging Cliff Stormer, Guid: F130000FA9140320, Entry: 4009, Location: (1739.69, 867.27, 129.53)
[09:01:52.768] [D] [Singular-DEBUG] Switched targets!
[09:01:52.769] [D] [Singular-DEBUG] Melee Distance: 5
[09:01:52.769] [D] [Singular-DEBUG] Health: 100
[09:01:52.769] [D] [Singular-DEBUG] Level: 18
[09:01:52.886] [N] [Singular] Casting Judgement of Light on Raging Cliff Stormer
[09:01:52.886] [D] Spell_C::CastSpell(20271, 0, 0xF130000FA9140320, 0)
[09:02:00.425] [D] Cleared POI - Reason POI is dead from Combat
[09:02:00.425] [D] Cleared POI
[09:02:00.533] [D] Changed POI to: Type: Loot, Name: Raging Cliff Stormer, Guid: F130000FA9140320, Entry: 4009, Location: (1740.51, 870.15, 129.29)
[09:02:00.638] [D] [Interact] Interacting with object at 0x130C61A8
[09:02:00.645] [D] [Interact] Done interacting with object at 0x130C61A8
[09:02:00.673] [D] [Singular-DEBUG] Switched targets!
[09:02:00.673] [D] [Singular-DEBUG] Melee Distance: 5
[09:02:00.674] [D] [Singular-DEBUG] Health: 100
[09:02:00.674] [D] [Singular-DEBUG] Level: 19
[09:02:01.186] [N] Looting Raging Cliff Stormer Guid 0xF130000FA9140320
[09:02:01.203] [D] Cleared POI - Reason Waiting for loot flag
[09:02:01.203] [D] Cleared POI
[09:02:01.262] [D] [Singular-DEBUG] Switched targets!
[09:02:01.262] [D] [Singular-DEBUG] Melee Distance: 5
[09:02:01.262] [D] [Singular-DEBUG] Health: 0
[09:02:01.262] [D] [Singular-DEBUG] Level: 18
[09:02:01.354] [D] Changed POI to: Type: Loot, Name: Raging Cliff Stormer, Guid: F130000FA9140320, Entry: 4009, Location: (1740.51, 870.15, 129.29)
[09:02:01.529] [D] Cleared POI - Reason Already looted
[09:02:01.529] [D] Cleared POI
[09:02:01.646] [D] Changed POI to: Type: QuestPickUp, Name: Marukai, Guid: 0, Entry: 12719, Location: (3331.24, 1025.91, 6.36)
[09:02:01.899] [D] [Pulse] Slow bot root: 146ms bot=Wholesome Auto Quest poi=QuestPickUp combat=False
[09:02:03.410] [D] [Pulse] Slow bot root: 115ms bot=Wholesome Auto Quest poi=QuestPickUp combat=False
[09:02:06.275] [D] Activity: Setting Raging Cliff Stormer at 9.1 yards as your target
[09:02:06.590] [D] Changed POI to: Type: Kill, Name: Raging Cliff Stormer, Guid: F130000FA90F5782, Entry: 4009, Location: (1713.54, 845.77, 125.29)
[09:02:06.610] [D] [Singular-DEBUG] Switched targets!
[09:02:06.611] [D] [Singular-DEBUG] Melee Distance: 5
[09:02:06.611] [D] [Singular-DEBUG] Health: 100
[09:02:06.611] [D] [Singular-DEBUG] Level: 19
[09:02:06.717] [N] [Singular] Casting Judgement of Light on Raging Cliff Stormer
[09:02:06.717] [D] Spell_C::CastSpell(20271, 0, 0xF130000FA90F5782, 0)
[09:02:14.154] [D] Cleared POI - Reason POI is dead from Combat
[09:02:14.155] [D] Cleared POI
[09:02:14.268] [D] Changed POI to: Type: Loot, Name: Raging Cliff Stormer, Guid: F130000FA90F5782, Entry: 4009, Location: (1713.54, 845.77, 125.29)
[09:02:14.371] [D] [Interact] Interacting with object at 0x130CB2E8
[09:02:14.376] [D] [Interact] Done interacting with object at 0x130CB2E8
[09:02:14.802] [N] Looting Raging Cliff Stormer Guid 0xF130000FA90F5782
[09:02:14.820] [D] Cleared POI - Reason Waiting for loot flag
[09:02:14.820] [D] Cleared POI
[09:02:14.960] [D] Changed POI to: Type: Loot, Name: Raging Cliff Stormer, Guid: F130000FA90F5782, Entry: 4009, Location: (1713.54, 845.77, 125.29)
[09:02:15.003] [D] [Singular-DEBUG] Switched targets!
[09:02:15.003] [D] [Singular-DEBUG] Melee Distance: 5
[09:02:15.003] [D] [Singular-DEBUG] Health: 0
[09:02:15.003] [D] [Singular-DEBUG] Level: 19
[09:02:15.087] [D] Cleared POI - Reason Already looted
[09:02:15.087] [D] Cleared POI
[09:02:15.197] [D] Changed POI to: Type: Loot, Name: Raging Cliff Stormer, Guid: F130000FA90F5782, Entry: 4009, Location: (1713.54, 845.77, 125.29)
[09:02:15.300] [D] Cleared POI - Reason Already looted
[09:02:15.300] [D] Cleared POI
[09:02:15.414] [D] Changed POI to: Type: QuestPickUp, Name: Marukai, Guid: 0, Entry: 12719, Location: (3331.24, 1025.91, 6.36)
[09:02:15.632] [D] [Pulse] Slow bot root: 115ms bot=Wholesome Auto Quest poi=QuestPickUp combat=False
[09:02:16.957] [D] [Pulse] Slow bot root: 109ms bot=Wholesome Auto Quest poi=QuestPickUp combat=False
[09:02:17.174] [D] [Pulse] Slow bot root: 114ms bot=Wholesome Auto Quest poi=QuestPickUp combat=False
[09:02:19.226] [D] [Pulse] Slow plugin: name=AutoEquip2 elapsed=25ms
[09:02:24.244] [N] Mounting: 34769
[09:02:26.332] [D] [Pulse] Slow bot root: 2226ms bot=Wholesome Auto Quest poi=QuestPickUp combat=False
[09:02:29.242] [D] [Pulse] Slow plugin: name=AutoEquip2 elapsed=26ms
[09:02:32.128] [N] Loading 1_30_30
[09:02:32.128] [N] Loading 1_27_28
[09:02:32.128] [N] Loading 1_26_28
[09:02:32.128] [N] Loading 1_30_31
[09:02:32.128] [N] Loading 1_29_28
[09:02:32.128] [N] Loading 1_30_29
[09:02:32.128] [N] Loading 1_28_28
[09:02:32.128] [N] Loading 1_30_28
[09:02:32.128] [N] Loading 1_31_31
[09:02:32.128] [N] Loading 1_27_27
[09:02:32.128] [N] Loading 1_31_29
[09:02:32.128] [N] Loading 1_31_30
[09:02:32.128] [N] Loading 1_30_32
[09:02:32.128] [N] Loading 1_29_32
[09:02:32.128] [N] Loading 1_31_28
[09:02:32.128] [N] Loading 1_28_32
[09:02:32.128] [N] Loading 1_31_32
[09:02:32.128] [N] Loading 1_32_31
[09:02:32.128] [N] Loading 1_29_33
[09:02:32.128] [N] Loading 1_30_33
[09:02:32.128] [N] Loading 1_32_32
[09:02:32.128] [N] Loading 1_28_33
[09:02:32.128] [N] Loading 1_32_28
[09:02:32.128] [N] Loading 1_31_27
[09:02:32.128] [N] Loading 1_32_29
[09:02:32.128] [N] Loading 1_31_33
[09:02:32.128] [N] Loading 1_32_33
[09:02:32.128] [N] Loading 1_27_33
[09:02:32.128] [N] Loading 1_27_32
[09:02:32.128] [N] Loading 1_32_30
[09:02:32.128] [N] Loading 1_28_34
[09:02:32.128] [N] Loading 1_27_34
[09:02:32.128] [N] Loading 1_26_32
[09:02:32.128] [N] Loading 1_26_33
[09:02:32.128] [N] Loading 1_33_28
[09:02:32.128] [N] Loading 1_33_29
[09:02:32.128] [N] Loading 1_32_27
[09:02:32.128] [N] Loading 1_25_32
[09:02:32.128] [N] Loading 1_26_34
[09:02:32.128] [N] Loading 1_32_34
[09:02:32.128] [N] Loading 1_33_27
[09:02:32.128] [N] Loading 1_33_30
[09:02:32.128] [N] Loading 1_25_33
[09:02:32.128] [N] Loading 1_31_34
[09:02:32.128] [N] Loading 1_33_33
[09:02:32.128] [N] Loading 1_27_35
[09:02:32.128] [N] Loading 1_28_35
[09:02:32.128] [N] Loading 1_32_26
[09:02:32.128] [N] Loading 1_26_35
[09:02:32.128] [N] Loading 1_33_34
[09:02:32.128] [N] Loading 1_34_28
[09:02:32.139] [D] [Pulse] Slow bot root: 194ms bot=Wholesome Auto Quest poi=QuestPickUp combat=False
[09:02:39.307] [D] [Pulse] Slow plugin: name=AutoEquip2 elapsed=29ms
[09:02:41.747] [D] [QuestLog] Loaded 69 completed quests from Lua fallback
[09:02:49.339] [D] [Pulse] Slow plugin: name=AutoEquip2 elapsed=25ms
[09:02:51.276] [D] [Singular-DEBUG] Switched targets!
[09:02:51.276] [D] [Singular-DEBUG] Melee Distance: 5
[09:02:51.276] [D] [Singular-DEBUG] Health: 98.25479930191972
[09:02:51.276] [D] [Singular-DEBUG] Level: 22
[09:03:03.504] [D] [Pulse] Slow plugin: name=Tidy Bags 3 Reloaded elapsed=45ms
[09:03:09.397] [D] [Pulse] Slow plugin: name=AutoEquip2 elapsed=28ms
[09:03:19.447] [D] [Pulse] Slow plugin: name=AutoEquip2 elapsed=27ms
[09:03:29.491] [D] [Pulse] Slow plugin: name=AutoEquip2 elapsed=28ms
[09:03:32.449] [N] Loading 1_30_32
[09:03:32.449] [N] Loading 1_29_32
[09:03:32.449] [N] Loading 1_29_28
[09:03:32.449] [N] Loading 1_27_28
[09:03:32.449] [N] Loading 1_26_28
[09:03:32.449] [N] Loading 1_28_32
[09:03:32.449] [N] Loading 1_30_28
[09:03:32.449] [N] Loading 1_28_28
[09:03:32.449] [N] Loading 1_31_32
[09:03:32.449] [N] Loading 1_31_28
[09:03:32.449] [N] Loading 1_32_31
[09:03:32.449] [N] Loading 1_29_33
[09:03:32.449] [N] Loading 1_30_33
[09:03:32.449] [N] Loading 1_32_32
[09:03:32.449] [N] Loading 1_28_33
[09:03:32.449] [N] Loading 1_27_27
[09:03:32.449] [N] Loading 1_31_33
[09:03:32.449] [N] Loading 1_32_33
[09:03:32.449] [N] Loading 1_27_33
[09:03:32.449] [N] Loading 1_27_32
[09:03:32.449] [N] Loading 1_32_30
[09:03:32.449] [N] Loading 1_32_28
[09:03:32.449] [N] Loading 1_31_27
[09:03:32.449] [N] Loading 1_28_34
[09:03:32.449] [N] Loading 1_32_29
[09:03:32.449] [N] Loading 1_27_34
[09:03:32.449] [N] Loading 1_26_32
[09:03:32.449] [N] Loading 1_26_33
[09:03:32.449] [N] Loading 1_25_32
[09:03:32.449] [N] Loading 1_26_34
[09:03:32.449] [N] Loading 1_32_34
[09:03:32.449] [N] Loading 1_33_28
[09:03:32.449] [N] Loading 1_33_29
[09:03:32.449] [N] Loading 1_25_33
[09:03:32.449] [N] Loading 1_31_34
[09:03:32.449] [N] Loading 1_32_27
[09:03:32.449] [N] Loading 1_33_33
[09:03:32.449] [N] Loading 1_27_35
[09:03:32.449] [N] Loading 1_28_35
[09:03:32.449] [N] Loading 1_33_27
[09:03:32.449] [N] Loading 1_33_30
[09:03:32.449] [N] Loading 1_26_35
[09:03:32.449] [N] Loading 1_33_34
[09:03:32.458] [D] [Pulse] Slow bot root: 172ms bot=Wholesome Auto Quest poi=QuestPickUp combat=False
[09:03:39.546] [D] [Pulse] Slow plugin: name=AutoEquip2 elapsed=27ms
[09:03:42.065] [D] [QuestLog] Loaded 69 completed quests from Lua fallback
[09:03:47.457] [N] Loading 1_27_30
[09:03:47.457] [N] Loading 1_27_29
[09:03:47.457] [N] Loading 1_27_31
[09:03:49.675] [D] [Pulse] Slow plugin: name=AutoEquip2 elapsed=28ms
[09:03:59.744] [D] [Pulse] Slow plugin: name=AutoEquip2 elapsed=28ms
[09:04:09.806] [D] [Pulse] Slow plugin: name=AutoEquip2 elapsed=27ms
[09:04:19.888] [D] [Pulse] Slow plugin: name=AutoEquip2 elapsed=27ms
[09:04:26.314] [D] Activity: Setting Deepmoss Venomspitter at 13.4 yards as your target
[09:04:26.314] [D] Dismounting for combat.
[09:04:26.314] [D] Stop and dismount. Reason: Combat
[09:04:26.648] [D] Changed POI to: Type: Kill, Name: Deepmoss Venomspitter, Guid: F130000FA714F91B, Entry: 4007, Location: (759.21, 232.81, 26.10)
[09:04:26.672] [D] [Singular-DEBUG] Switched targets!
[09:04:26.672] [D] [Singular-DEBUG] Melee Distance: 5
[09:04:26.672] [D] [Singular-DEBUG] Health: 100
[09:04:26.672] [D] [Singular-DEBUG] Level: 18
[09:04:26.793] [N] [Singular] Casting Exorcism on Deepmoss Venomspitter
[09:04:26.793] [D] Spell_C::CastSpell(879, 0, 0xF130000FA714F91B, 0)
[09:04:27.242] [D] Changed POI to: Type: QuestPickUp, Name: Marukai, Guid: 0, Entry: 12719, Location: (3331.24, 1025.91, 6.36)
[09:04:27.352] [D] Activity: Setting Deepmoss Venomspitter at 10.4 yards as your target
[09:04:27.352] [D] Changed POI to: Type: Kill, Name: Deepmoss Venomspitter, Guid: F130000FA714F91B, Entry: 4007, Location: (759.21, 232.81, 26.10)
[09:04:28.377] [N] [Singular] Casting Judgement of Light on Deepmoss Venomspitter
[09:04:28.377] [D] Spell_C::CastSpell(20271, 0, 0xF130000FA714F91B, 0)
[09:04:33.645] [N] [Singular] Casting Hammer of Justice on Deepmoss Venomspitter
[09:04:33.646] [D] Spell_C::CastSpell(5588, 0, 0xF130000FA714F91B, 0)
[09:04:35.520] [D] Cleared POI - Reason POI is dead from Combat
[09:04:35.520] [D] Cleared POI
[09:04:35.669] [D] Changed POI to: Type: QuestPickUp, Name: Marukai, Guid: 0, Entry: 12719, Location: (3331.24, 1025.91, 6.36)
[09:04:35.960] [N] Loading 1_28_31
[09:04:35.960] [N] Loading 1_28_32
[09:04:35.960] [N] Loading 1_28_30
[09:04:35.960] [N] Loading 1_29_33
[09:04:35.960] [N] Loading 1_30_33
[09:04:35.960] [N] Loading 1_28_29
[09:04:35.960] [N] Loading 1_28_33
[09:04:35.960] [N] Loading 1_32_31
[09:04:35.960] [N] Loading 1_32_32
[09:04:35.960] [N] Loading 1_29_28
[09:04:35.960] [N] Loading 1_27_33
[09:04:35.960] [N] Loading 1_27_32
[09:04:35.960] [N] Loading 1_27_28
[09:04:35.960] [N] Loading 1_26_28
[09:04:35.960] [N] Loading 1_30_28
[09:04:35.960] [N] Loading 1_31_33
[09:04:35.960] [N] Loading 1_28_34
[09:04:35.960] [N] Loading 1_27_34
[09:04:35.960] [N] Loading 1_32_33
[09:04:35.960] [N] Loading 1_31_28
[09:04:35.960] [N] Loading 1_28_28
[09:04:35.960] [N] Loading 1_32_30
[09:04:35.960] [N] Loading 1_26_32
[09:04:35.960] [N] Loading 1_26_33
[09:04:35.960] [N] Loading 1_25_32
[09:04:35.960] [N] Loading 1_26_34
[09:04:35.960] [N] Loading 1_25_33
[09:04:35.960] [N] Loading 1_27_35
[09:04:35.960] [N] Loading 1_27_27
[09:04:35.960] [N] Loading 1_32_34
[09:04:35.960] [N] Loading 1_28_35
[09:04:35.960] [N] Loading 1_32_28
[09:04:35.960] [N] Loading 1_31_34
[09:04:35.960] [N] Loading 1_33_33
[09:04:35.960] [N] Loading 1_26_35
[09:04:35.960] [N] Loading 1_31_27
[09:04:36.000] [D] [Pulse] Slow bot root: 230ms bot=Wholesome Auto Quest poi=QuestPickUp combat=True
[09:04:39.965] [D] [Pulse] Slow bot root: 116ms bot=Wholesome Auto Quest poi=QuestPickUp combat=False
[09:04:40.007] [D] [Pulse] Slow plugin: name=AutoEquip2 elapsed=29ms
[09:04:42.416] [D] [QuestLog] Loaded 69 completed quests from Lua fallback
[09:04:45.602] [N] Mounting: 35022
[09:04:47.678] [D] [Pulse] Slow bot root: 2154ms bot=Wholesome Auto Quest poi=QuestPickUp combat=False
[09:04:50.143] [D] [Pulse] Slow plugin: name=AutoEquip2 elapsed=30ms
[09:04:50.965] [N] Loading 1_30_29
[09:04:50.965] [N] Loading 1_29_29
[09:04:50.965] [N] Loading 1_27_30
[09:04:50.965] [N] Loading 1_27_29
[09:04:50.965] [N] Loading 1_31_29
[09:04:50.965] [N] Loading 1_27_31
[09:05:00.231] [D] [Pulse] Slow plugin: name=AutoEquip2 elapsed=27ms
[09:05:10.316] [D] [Pulse] Slow plugin: name=AutoEquip2 elapsed=30ms
[09:05:12.452] [D] Activity: Setting Venture Co. Deforester at 23.8 yards as your target
[09:05:12.452] [D] Dismounting for combat.
[09:05:12.452] [D] Stop and dismount. Reason: Combat
[09:05:12.797] [D] Changed POI to: Type: Kill, Name: Venture Co. Deforester, Guid: F130000F97128BF3, Entry: 3991, Location: (1020.62, 20.85, 14.42)
[09:05:12.817] [D] [Singular-DEBUG] Switched targets!
[09:05:12.817] [D] [Singular-DEBUG] Melee Distance: 5
[09:05:12.817] [D] [Singular-DEBUG] Health: 100
[09:05:12.818] [D] [Singular-DEBUG] Level: 20
[09:05:13.064] [N] [Singular] Casting Exorcism on Venture Co. Deforester
[09:05:13.064] [D] Spell_C::CastSpell(879, 0, 0xF130000F97128BF3, 0)
[09:05:13.368] [D] Changed POI to: Type: QuestPickUp, Name: Marukai, Guid: 0, Entry: 12719, Location: (3331.24, 1025.91, 6.36)
[09:05:13.484] [D] Activity: Setting Venture Co. Deforester at 22.0 yards as your target
[09:05:13.484] [D] Changed POI to: Type: Kill, Name: Venture Co. Deforester, Guid: F130000F97128BF3, Entry: 3991, Location: (1020.62, 20.85, 14.42)
[09:05:15.310] [N] [Singular] Casting Judgement of Light on Venture Co. Deforester
[09:05:15.310] [D] Spell_C::CastSpell(20271, 0, 0xF130000F97128BF3, 0)
[09:05:23.687] [N] [Singular] Casting Judgement of Light on Venture Co. Deforester
[09:05:23.687] [D] Spell_C::CastSpell(20271, 0, 0xF130000F97128BF3, 0)
[09:05:24.159] [D] Cleared POI - Reason POI is dead from Combat
[09:05:24.159] [D] Cleared POI
[09:05:24.262] [D] Changed POI to: Type: Loot, Name: Venture Co. Deforester, Guid: F130000F97128BF3, Entry: 3991, Location: (1017.70, 19.62, 14.65)
[09:05:24.367] [D] [Interact] Interacting with object at 0x130A5188
[09:05:24.373] [D] [Interact] Done interacting with object at 0x130A5188
[09:05:24.796] [N] Looting Venture Co. Deforester Guid 0xF130000F97128BF3
[09:05:24.815] [D] Cleared POI - Reason Waiting for loot flag
[09:05:24.815] [D] Cleared POI
[09:05:24.924] [D] Changed POI to: Type: Loot, Name: Venture Co. Deforester, Guid: F130000F97128BF3, Entry: 3991, Location: (1017.70, 19.62, 14.65)
[09:05:25.033] [D] Cleared POI - Reason Already looted
[09:05:25.033] [D] Cleared POI
[09:05:25.052] [D] [Singular-DEBUG] Switched targets!
[09:05:25.053] [D] [Singular-DEBUG] Melee Distance: 5
[09:05:25.053] [D] [Singular-DEBUG] Health: 0
[09:05:25.053] [D] [Singular-DEBUG] Level: 20
[09:05:25.137] [D] Changed POI to: Type: Loot, Name: Venture Co. Deforester, Guid: F130000F97128BF3, Entry: 3991, Location: (1017.70, 19.62, 14.65)
[09:05:25.239] [D] Cleared POI - Reason Already looted
[09:05:25.239] [D] Cleared POI
[09:05:25.349] [D] Changed POI to: Type: QuestPickUp, Name: Marukai, Guid: 0, Entry: 12719, Location: (3331.24, 1025.91, 6.36)
[09:05:25.579] [D] [Pulse] Slow bot root: 127ms bot=Wholesome Auto Quest poi=QuestPickUp combat=True
[09:05:29.880] [D] [Pulse] Slow plugin: name=Tidy Bags 3 Reloaded elapsed=37ms
[09:05:30.466] [D] [Pulse] Slow plugin: name=AutoEquip2 elapsed=30ms
[09:05:31.546] [D] Activity: Setting Venture Co. Deforester at 13.4 yards as your target
[09:05:31.874] [D] Changed POI to: Type: Kill, Name: Venture Co. Deforester, Guid: F130000F97152308, Entry: 3991, Location: (1029.60, -25.33, 11.27)
[09:05:31.899] [D] [Singular-DEBUG] Switched targets!
[09:05:31.900] [D] [Singular-DEBUG] Melee Distance: 5
[09:05:31.900] [D] [Singular-DEBUG] Health: 100
[09:05:31.900] [D] [Singular-DEBUG] Level: 19
[09:05:32.702] [N] [Singular] Casting Judgement of Light on Venture Co. Deforester
[09:05:32.702] [D] Spell_C::CastSpell(20271, 0, 0xF130000F97152308, 0)
[09:05:32.734] [D] [Pulse] Slow bot root: 166ms bot=Wholesome Auto Quest poi=Kill combat=True
[09:05:33.503] [D] [Pulse] Slow bot root: 202ms bot=Wholesome Auto Quest poi=Kill combat=True
[09:05:39.994] [D] [Pulse] Slow plugin: name=Tidy Bags 3 Reloaded elapsed=60ms
[09:05:40.474] [D] Cleared POI - Reason POI is dead from Combat
[09:05:40.474] [D] Cleared POI
[09:05:40.663] [D] [Pulse] Slow plugin: name=AutoEquip2 elapsed=158ms
[09:05:40.731] [D] [Pulse] Slow shared pulse: total=257ms movement=0 objects=0 lua=0 info=0 loot=0 targeting=29 events=0 plugins=226 routine=0
[09:05:41.233] [D] Changed POI to: Type: Loot, Name: Venture Co. Deforester, Guid: F130000F97152308, Entry: 3991, Location: (1029.60, -25.33, 11.27)
[09:05:41.836] [D] [Interact] Interacting with object at 0x130A1498
[09:05:41.870] [D] [Interact] Done interacting with object at 0x130A1498
[09:05:41.904] [D] [Pulse] Slow bot root: 101ms bot=Wholesome Auto Quest poi=Loot combat=False
[09:05:43.309] [D] [QuestLog] Loaded 69 completed quests from Lua fallback
[09:05:43.788] [N] Looting Venture Co. Deforester Guid 0xF130000F97152308
[09:05:43.889] [D] Cleared POI - Reason Waiting for loot flag
[09:05:43.889] [D] Cleared POI
[09:05:43.922] [D] [Pulse] Slow bot root: 134ms bot=Wholesome Auto Quest poi=None combat=False
[09:05:44.592] [D] Changed POI to: Type: QuestPickUp, Name: Marukai, Guid: 0, Entry: 12719, Location: (3331.24, 1025.91, 6.36)
[09:05:45.731] [N] Loading 1_28_31
[09:05:45.731] [N] Loading 1_28_32
[09:05:45.731] [N] Loading 1_28_33
[09:05:45.731] [N] Loading 1_28_30
[09:05:45.731] [N] Loading 1_27_33
[09:05:45.731] [N] Loading 1_27_32
[09:05:45.731] [N] Loading 1_28_29
[09:05:45.731] [N] Loading 1_28_34
[09:05:45.731] [N] Loading 1_27_34
[09:05:45.731] [N] Loading 1_32_31
[09:05:45.731] [N] Loading 1_26_32
[09:05:45.731] [N] Loading 1_26_33
[09:05:45.731] [N] Loading 1_32_32
[09:05:45.731] [N] Loading 1_25_32
[09:05:45.731] [N] Loading 1_26_34
[09:05:45.731] [N] Loading 1_29_28
[09:05:45.731] [N] Loading 1_27_28
[09:05:45.731] [N] Loading 1_26_28
[09:05:45.731] [N] Loading 1_25_33
[09:05:45.731] [N] Loading 1_30_28
[09:05:45.731] [N] Loading 1_27_35
[09:05:45.731] [N] Loading 1_32_33
[09:05:45.731] [N] Loading 1_31_28
[09:05:45.731] [N] Loading 1_28_35
[09:05:45.731] [N] Loading 1_28_28
[09:05:45.731] [N] Loading 1_32_30
[09:05:45.731] [N] Loading 1_26_35
[09:05:45.794] [D] [Pulse] Slow bot root: 633ms bot=Wholesome Auto Quest poi=QuestPickUp combat=False
[09:05:46.830] [D] [Pulse] Slow bot root: 469ms bot=Wholesome Auto Quest poi=QuestPickUp combat=False
[09:05:47.898] [D] [Pulse] Slow bot root: 498ms bot=Wholesome Auto Quest poi=QuestPickUp combat=False
[09:05:48.935] [D] [Pulse] Slow bot root: 467ms bot=Wholesome Auto Quest poi=QuestPickUp combat=False
[09:05:49.999] [D] [Pulse] Slow bot root: 465ms bot=Wholesome Auto Quest poi=QuestPickUp combat=False
[09:05:50.101] [D] [Pulse] Slow plugin: name=Tidy Bags 3 Reloaded elapsed=60ms
[09:05:51.039] [N] Mounting: 35022
[09:05:53.506] [D] [Pulse] Slow bot root: 2938ms bot=Wholesome Auto Quest poi=QuestPickUp combat=False
[09:05:53.708] [D] [Pulse] Slow plugin: name=AutoEquip2 elapsed=163ms
[09:05:53.774] [D] [Pulse] Slow shared pulse: total=268ms movement=0 objects=0 lua=0 info=0 loot=1 targeting=37 events=0 plugins=229 routine=0
[09:05:54.310] [D] Activity: Setting Venture Co. Deforester at 23.5 yards as your target
[09:05:54.310] [D] Dismounting for combat.
[09:05:54.310] [D] Stop and dismount. Reason: Combat
[09:05:54.443] [D] [Pulse] Slow bot root: 200ms bot=Wholesome Auto Quest poi=QuestPickUp combat=False
[09:05:55.045] [D] Changed POI to: Type: Kill, Name: Venture Co. Deforester, Guid: F130000F97133D14, Entry: 3991, Location: (1071.55, -51.31, 6.28)
[09:05:55.146] [D] [Singular-DEBUG] Switched targets!
[09:05:55.147] [D] [Singular-DEBUG] Melee Distance: 5
[09:05:55.147] [D] [Singular-DEBUG] Health: 100
[09:05:55.147] [D] [Singular-DEBUG] Level: 19
[09:05:55.750] [D] [Pulse] Slow bot root: 134ms bot=Wholesome Auto Quest poi=Kill combat=False
[09:05:56.522] [N] [Singular] Casting Exorcism on Venture Co. Deforester
[09:05:56.522] [D] Spell_C::CastSpell(879, 0, 0xF130000F97133D14, 0)
[09:05:56.555] [D] [Pulse] Slow bot root: 236ms bot=Wholesome Auto Quest poi=Kill combat=False
[09:05:57.223] [D] Changed POI to: Type: QuestPickUp, Name: Marukai, Guid: 0, Entry: 12719, Location: (3331.24, 1025.91, 6.36)
[09:05:57.223] [D] [Pulse] Slow bot root: 100ms bot=Wholesome Auto Quest poi=QuestPickUp combat=False
[09:05:58.228] [D] [Pulse] Slow bot root: 402ms bot=Wholesome Auto Quest poi=QuestPickUp combat=False
[09:05:59.206] [D] [Nav] Loaded 6 mesh tiles for one path query
[09:05:59.266] [D] [Pulse] Slow bot root: 468ms bot=Wholesome Auto Quest poi=QuestPickUp combat=True
[09:06:00.773] [D] [MeshNavigator] Skipped 2 path nodes
[09:06:00.838] [D] [Pulse] Slow bot root: 335ms bot=Wholesome Auto Quest poi=QuestPickUp combat=True
[09:06:00.938] [D] [Pulse] Slow plugin: name=Tidy Bags 3 Reloaded elapsed=61ms
[09:06:01.677] [D] [Pulse] Slow bot root: 266ms bot=Wholesome Auto Quest poi=QuestPickUp combat=True
[09:06:02.516] [D] [Pulse] Slow bot root: 269ms bot=Wholesome Auto Quest poi=QuestPickUp combat=True
[09:06:03.220] [N] [Singular] Casting Judgement of Light on Venture Co. Deforester
[09:06:03.220] [D] Spell_C::CastSpell(20271, 0, 0xF130000F97133D14, 0)
[09:06:03.253] [D] [Pulse] Slow bot root: 168ms bot=Wholesome Auto Quest poi=QuestPickUp combat=True
[09:06:04.020] [D] [Pulse] Slow bot root: 199ms bot=Wholesome Auto Quest poi=QuestPickUp combat=True
[09:06:05.408] [D] [Pulse] Slow bot root: 818ms bot=Wholesome Auto Quest poi=QuestPickUp combat=False
[09:06:06.030] [D] Changed POI to: Type: Loot, Name: Venture Co. Deforester, Guid: F130000F97133D14, Entry: 3991, Location: (1071.55, -51.31, 6.28)
[09:06:06.634] [D] [Interact] Interacting with object at 0x130C3908
[09:06:06.667] [D] [Interact] Done interacting with object at 0x130C3908
[09:06:07.500] [D] [Singular-DEBUG] Switched targets!
[09:06:07.500] [D] [Singular-DEBUG] Melee Distance: 5
[09:06:07.500] [D] [Singular-DEBUG] Health: 0
[09:06:07.500] [D] [Singular-DEBUG] Level: 19
[09:06:07.501] [D] [Pulse] Slow shared pulse: total=233ms movement=0 objects=0 lua=132 info=0 loot=1 targeting=37 events=0 plugins=60 routine=0
[09:06:07.975] [N] Looting Venture Co. Deforester Guid 0xF130000F97133D14
[09:06:08.076] [D] Cleared POI - Reason Waiting for loot flag
[09:06:08.076] [D] Cleared POI
[09:06:08.110] [D] [Pulse] Slow bot root: 134ms bot=Wholesome Auto Quest poi=None combat=False
[09:06:08.746] [D] Changed POI to: Type: QuestPickUp, Name: Marukai, Guid: 0, Entry: 12719, Location: (3331.24, 1025.91, 6.36)
[09:06:09.850] [D] [Pulse] Slow bot root: 536ms bot=Wholesome Auto Quest poi=QuestPickUp combat=False
[09:06:10.881] [D] [Pulse] Slow bot root: 465ms bot=Wholesome Auto Quest poi=QuestPickUp combat=False
[09:06:11.014] [D] [Pulse] Slow plugin: name=Tidy Bags 3 Reloaded elapsed=60ms
[09:06:11.954] [D] [Pulse] Slow bot root: 469ms bot=Wholesome Auto Quest poi=QuestPickUp combat=False
[09:06:12.985] [D] [Pulse] Slow bot root: 465ms bot=Wholesome Auto Quest poi=QuestPickUp combat=False
[09:06:14.049] [D] [Pulse] Slow bot root: 497ms bot=Wholesome Auto Quest poi=QuestPickUp combat=False
[09:06:14.251] [D] [Pulse] Slow plugin: name=AutoEquip2 elapsed=161ms
[09:06:15.251] [D] [Pulse] Slow bot root: 466ms bot=Wholesome Auto Quest poi=QuestPickUp combat=False
[09:06:16.286] [N] Mounting: 35022
[09:06:18.496] [D] [Pulse] Slow bot root: 2677ms bot=Wholesome Auto Quest poi=QuestPickUp combat=False
[09:06:19.268] [D] [Pulse] Slow bot root: 167ms bot=Wholesome Auto Quest poi=QuestPickUp combat=False
[09:06:20.003] [D] [Pulse] Slow bot root: 167ms bot=Wholesome Auto Quest poi=QuestPickUp combat=False
[09:06:20.738] [D] [Pulse] Slow bot root: 165ms bot=Wholesome Auto Quest poi=QuestPickUp combat=False
[09:06:21.476] [D] [Pulse] Slow bot root: 167ms bot=Wholesome Auto Quest poi=QuestPickUp combat=False
[09:06:21.577] [D] [Pulse] Slow plugin: name=Tidy Bags 3 Reloaded elapsed=57ms
[09:06:22.211] [D] [Pulse] Slow bot root: 167ms bot=Wholesome Auto Quest poi=QuestPickUp combat=False
[09:06:22.947] [D] [Pulse] Slow bot root: 169ms bot=Wholesome Auto Quest poi=QuestPickUp combat=False
[09:06:23.654] [D] [Pulse] Slow bot root: 135ms bot=Wholesome Auto Quest poi=QuestPickUp combat=False
[09:06:24.451] [D] [Pulse] Slow bot root: 199ms bot=Wholesome Auto Quest poi=QuestPickUp combat=False
[09:06:24.651] [D] [Pulse] Slow plugin: name=AutoEquip2 elapsed=155ms
[09:06:24.717] [D] [Pulse] Slow shared pulse: total=265ms movement=0 objects=0 lua=0 info=0 loot=1 targeting=42 events=0 plugins=221 routine=0
[09:06:25.351] [D] [Pulse] Slow bot root: 168ms bot=Wholesome Auto Quest poi=QuestPickUp combat=False
[09:06:26.088] [D] [Pulse] Slow bot root: 168ms bot=Wholesome Auto Quest poi=QuestPickUp combat=False
[09:06:26.723] [D] Activity: Setting Venture Co. Logger at 2.6 yards as your target
[09:06:26.723] [D] Dismounting for combat.
[09:06:26.723] [D] Stop and dismount. Reason: Combat
[09:06:26.855] [D] [Pulse] Slow bot root: 197ms bot=Wholesome Auto Quest poi=QuestPickUp combat=False
[09:06:27.423] [D] Changed POI to: Type: Kill, Name: Venture Co. Logger, Guid: F130000F95157A03, Entry: 3989, Location: (1147.89, -147.44, -1.68)
[09:06:27.524] [D] [Singular-DEBUG] Switched targets!
[09:06:27.524] [D] [Singular-DEBUG] Melee Distance: 5
[09:06:27.524] [D] [Singular-DEBUG] Health: 100
[09:06:27.524] [D] [Singular-DEBUG] Level: 18
[09:06:28.193] [N] [Singular] Casting Judgement of Light on Venture Co. Logger
[09:06:28.193] [D] Spell_C::CastSpell(20271, 0, 0xF130000F95157A03, 0)
[09:06:28.227] [D] [Pulse] Slow bot root: 198ms bot=Wholesome Auto Quest poi=Kill combat=True
[09:06:32.004] [D] [Pulse] Slow plugin: name=Tidy Bags 3 Reloaded elapsed=58ms
[09:06:33.276] [D] [Pulse] Slow bot root: 172ms bot=Wholesome Auto Quest poi=Kill combat=True
[09:06:34.009] [D] [Pulse] Slow bot root: 167ms bot=Wholesome Auto Quest poi=Kill combat=True
[09:06:34.774] [D] [Pulse] Slow bot root: 166ms bot=Wholesome Auto Quest poi=Kill combat=True
[09:06:35.947] [D] Cleared POI - Reason POI is dead from Combat
[09:06:35.947] [D] Cleared POI
[09:06:36.551] [D] Changed POI to: Type: Loot, Name: Venture Co. Logger, Guid: F130000F95157A03, Entry: 3989, Location: (1130.60, -149.52, 1.02)
[09:06:37.156] [D] [Interact] Interacting with object at 0x130D0428
[09:06:37.189] [D] [Interact] Done interacting with object at 0x130D0428
[09:06:37.224] [D] [Pulse] Slow bot root: 101ms bot=Wholesome Auto Quest poi=Loot combat=False
[09:06:38.291] [D] [Pulse] Slow shared pulse: total=499ms movement=0 objects=0 lua=399 info=0 loot=1 targeting=39 events=0 plugins=59 routine=0
[09:06:38.767] [N] Looting Venture Co. Logger Guid 0xF130000F95157A03
[09:06:38.862] [D] Cleared POI - Reason Waiting for loot flag
[09:06:38.862] [D] Cleared POI
[09:06:38.895] [D] [Pulse] Slow bot root: 127ms bot=Wholesome Auto Quest poi=None combat=False
[09:06:39.533] [D] Changed POI to: Type: QuestPickUp, Name: Marukai, Guid: 0, Entry: 12719, Location: (3331.24, 1025.91, 6.36)
[09:06:40.595] [N] Loading 1_29_30
[09:06:40.595] [N] Loading 1_30_30
[09:06:40.595] [N] Loading 1_31_30
[09:06:40.668] [D] [Pulse] Slow bot root: 533ms bot=Wholesome Auto Quest poi=QuestPickUp combat=False
[09:06:41.710] [D] [Pulse] Slow bot root: 471ms bot=Wholesome Auto Quest poi=QuestPickUp combat=False
[09:06:42.748] [D] [Pulse] Slow bot root: 468ms bot=Wholesome Auto Quest poi=QuestPickUp combat=False
[09:06:42.848] [D] [Pulse] Slow plugin: name=Tidy Bags 3 Reloaded elapsed=58ms
[09:06:43.817] [D] [QuestLog] Loaded 69 completed quests from Lua fallback
[09:06:44.254] [D] [Pulse] Slow bot root: 940ms bot=Wholesome Auto Quest poi=QuestPickUp combat=False
[09:06:45.296] [D] [Pulse] Slow bot root: 469ms bot=Wholesome Auto Quest poi=QuestPickUp combat=False
[09:06:45.530] [D] [Pulse] Slow plugin: name=AutoEquip2 elapsed=158ms
[09:06:46.132] [D] Activity: Setting Venture Co. Logger at 19.7 yards as your target
[09:06:46.705] [D] Changed POI to: Type: Kill, Name: Venture Co. Logger, Guid: F130000F95157C1B, Entry: 3989, Location: (1183.99, -156.32, -6.96)
[09:06:46.805] [D] [Singular-DEBUG] Switched targets!
[09:06:46.805] [D] [Singular-DEBUG] Melee Distance: 5
[09:06:46.805] [D] [Singular-DEBUG] Health: 100
[09:06:46.805] [D] [Singular-DEBUG] Level: 19
[09:06:47.645] [D] [Pulse] Slow bot root: 369ms bot=Wholesome Auto Quest poi=Kill combat=False
[09:06:48.519] [D] [Pulse] Slow bot root: 302ms bot=Wholesome Auto Quest poi=Kill combat=False
[09:06:49.187] [N] [Singular] Casting Judgement of Light on Venture Co. Logger
[09:06:49.187] [D] Spell_C::CastSpell(20271, 0, 0xF130000F95157C1B, 0)
[09:06:49.220] [D] [Pulse] Slow bot root: 135ms bot=Wholesome Auto Quest poi=Kill combat=True
[09:06:49.957] [D] [Pulse] Slow bot root: 167ms bot=Wholesome Auto Quest poi=Kill combat=True
[09:06:53.109] [D] [Pulse] Slow plugin: name=Tidy Bags 3 Reloaded elapsed=59ms
[09:06:57.224] [D] Cleared POI - Reason POI is dead from Combat
[09:06:57.225] [D] Cleared POI
[09:06:57.842] [D] Changed POI to: Type: Loot, Name: Venture Co. Logger, Guid: F130000F95157C1B, Entry: 3989, Location: (1184.63, -154.59, -7.51)
[09:06:58.477] [D] [Interact] Interacting with object at 0x130CEFD8
[09:06:58.509] [D] [Interact] Done interacting with object at 0x130CEFD8
[09:06:58.543] [D] [Pulse] Slow bot root: 100ms bot=Wholesome Auto Quest poi=Loot combat=False
[09:06:59.479] [D] [Pulse] Slow shared pulse: total=365ms movement=0 objects=0 lua=265 info=0 loot=1 targeting=37 events=0 plugins=60 routine=0
[09:06:59.977] [N] Looting Venture Co. Logger Guid 0xF130000F95157C1B
[09:07:00.051] [D] Cleared POI - Reason Waiting for loot flag
[09:07:00.051] [D] Cleared POI
[09:07:00.085] [D] [Pulse] Slow bot root: 108ms bot=Wholesome Auto Quest poi=None combat=False
[09:07:00.720] [D] Changed POI to: Type: QuestPickUp, Name: Marukai, Guid: 0, Entry: 12719, Location: (3331.24, 1025.91, 6.36)
[09:07:01.812] [N] Loading 1_27_33
[09:07:01.812] [N] Loading 1_27_32
[09:07:01.812] [N] Loading 1_28_34
[09:07:01.812] [N] Loading 1_27_34
[09:07:01.812] [N] Loading 1_27_31
[09:07:01.812] [N] Loading 1_28_30
[09:07:01.812] [N] Loading 1_30_29
[09:07:01.812] [N] Loading 1_26_32
[09:07:01.812] [N] Loading 1_29_29
[09:07:01.812] [N] Loading 1_26_33
[09:07:01.812] [N] Loading 1_28_29
[09:07:01.812] [N] Loading 1_25_32
[09:07:01.812] [N] Loading 1_27_30
[09:07:01.812] [N] Loading 1_32_31
[09:07:01.812] [N] Loading 1_27_29
[09:07:01.812] [N] Loading 1_26_34
[09:07:01.812] [N] Loading 1_32_32
[09:07:01.812] [N] Loading 1_25_33
[09:07:01.812] [N] Loading 1_31_29
[09:07:01.812] [N] Loading 1_27_35
[09:07:01.812] [N] Loading 1_29_28
[09:07:01.812] [N] Loading 1_28_35
[09:07:01.812] [N] Loading 1_27_28
[09:07:01.812] [N] Loading 1_26_28
[09:07:01.812] [N] Loading 1_26_35
[09:07:01.812] [N] Loading 1_30_28
[09:07:01.834] [D] [MeshNavigator] Skipped 2 path nodes
[09:07:01.888] [D] [Pulse] Slow bot root: 600ms bot=Wholesome Auto Quest poi=QuestPickUp combat=False
[09:07:02.993] [D] [Pulse] Slow bot root: 503ms bot=Wholesome Auto Quest poi=QuestPickUp combat=False
[09:07:04.062] [D] [Pulse] Slow bot root: 499ms bot=Wholesome Auto Quest poi=QuestPickUp combat=False
[09:07:04.163] [D] [Pulse] Slow plugin: name=Tidy Bags 3 Reloaded elapsed=59ms
[09:07:05.100] [D] [Pulse] Slow bot root: 472ms bot=Wholesome Auto Quest poi=QuestPickUp combat=False
[09:07:06.129] [D] [Nav] Loaded 2 mesh tiles for one path query
[09:07:06.136] [D] [Pulse] Slow bot root: 469ms bot=Wholesome Auto Quest poi=QuestPickUp combat=False
[09:07:06.337] [D] [Pulse] Slow plugin: name=AutoEquip2 elapsed=161ms
[09:07:07.065] [D] [Pulse] Slow bot root: 198ms bot=Wholesome Auto Quest poi=QuestPickUp combat=False
[09:07:07.900] [D] [Pulse] Slow bot root: 233ms bot=Wholesome Auto Quest poi=QuestPickUp combat=False
[09:07:08.700] [D] [Pulse] Slow bot root: 232ms bot=Wholesome Auto Quest poi=QuestPickUp combat=False
[09:07:09.503] [D] [Pulse] Slow bot root: 236ms bot=Wholesome Auto Quest poi=QuestPickUp combat=False
[09:07:10.301] [D] [Pulse] Slow bot root: 231ms bot=Wholesome Auto Quest poi=QuestPickUp combat=False
[09:07:11.103] [D] [Pulse] Slow bot root: 234ms bot=Wholesome Auto Quest poi=QuestPickUp combat=False
[09:07:11.907] [D] [Pulse] Slow bot root: 231ms bot=Wholesome Auto Quest poi=QuestPickUp combat=False
[09:07:12.708] [D] [Pulse] Slow bot root: 234ms bot=Wholesome Auto Quest poi=QuestPickUp combat=False
[09:07:13.541] [D] [Pulse] Slow bot root: 233ms bot=Wholesome Auto Quest poi=QuestPickUp combat=False
[09:07:14.351] [D] [Pulse] Slow bot root: 239ms bot=Wholesome Auto Quest poi=QuestPickUp combat=False
[09:07:14.446] [D] [Pulse] Slow plugin: name=Tidy Bags 3 Reloaded elapsed=58ms
[09:07:15.381] [N] Mounting: 34769
[09:07:17.558] [D] [MeshNavigator] Skipped 2 path nodes
[09:07:17.616] [D] [Pulse] Slow bot root: 2702ms bot=Wholesome Auto Quest poi=QuestPickUp combat=False
[09:07:17.817] [D] [Pulse] Slow plugin: name=AutoEquip2 elapsed=161ms
[09:07:17.883] [D] [Pulse] Slow shared pulse: total=267ms movement=0 objects=0 lua=0 info=0 loot=1 targeting=38 events=0 plugins=227 routine=0
[09:07:18.516] [D] [Pulse] Slow bot root: 167ms bot=Wholesome Auto Quest poi=QuestPickUp combat=False
[09:07:19.281] [D] [Pulse] Slow bot root: 166ms bot=Wholesome Auto Quest poi=QuestPickUp combat=False
[09:07:20.013] [D] [Pulse] Slow bot root: 165ms bot=Wholesome Auto Quest poi=QuestPickUp combat=False
[09:07:20.749] [D] [Pulse] Slow bot root: 168ms bot=Wholesome Auto Quest poi=QuestPickUp combat=False
[09:07:21.383] [D] Activity: Setting Venture Co. Logger at 5.3 yards as your target
[09:07:21.383] [D] Dismounting for combat.
[09:07:21.383] [D] Stop and dismount. Reason: Combat
[09:07:21.517] [D] [Pulse] Slow bot root: 200ms bot=Wholesome Auto Quest poi=QuestPickUp combat=False
[09:07:22.085] [D] Changed POI to: Type: Kill, Name: Venture Co. Logger, Guid: F130000F95157BDF, Entry: 3989, Location: (1278.51, -181.05, 2.15)
[09:07:22.183] [D] [Singular-DEBUG] Switched targets!
[09:07:22.184] [D] [Singular-DEBUG] Melee Distance: 5
[09:07:22.184] [D] [Singular-DEBUG] Health: 100
[09:07:22.184] [D] [Singular-DEBUG] Level: 18
[09:07:22.824] [N] [Singular] Casting Judgement of Light on Venture Co. Logger
[09:07:22.824] [D] Spell_C::CastSpell(20271, 0, 0xF130000F95157BDF, 0)
[09:07:22.857] [D] [Pulse] Slow bot root: 201ms bot=Wholesome Auto Quest poi=Kill combat=True
[09:07:24.828] [D] [Pulse] Slow plugin: name=Tidy Bags 3 Reloaded elapsed=59ms
[09:07:30.411] [D] [Pulse] Slow bot root: 167ms bot=Wholesome Auto Quest poi=Kill combat=True
[09:07:31.149] [D] [Pulse] Slow bot root: 167ms bot=Wholesome Auto Quest poi=Kill combat=True
[09:07:31.717] [D] Cleared POI - Reason POI is dead from Combat
[09:07:31.717] [D] Cleared POI
[09:07:32.320] [D] Changed POI to: Type: Loot, Name: Venture Co. Logger, Guid: F130000F95157BDF, Entry: 3989, Location: (1263.05, -173.24, -1.35)
[09:07:32.922] [D] [Interact] Interacting with object at 0x130E5D78
[09:07:32.954] [D] [Interact] Done interacting with object at 0x130E5D78
[09:07:32.988] [D] [Pulse] Slow bot root: 100ms bot=Wholesome Auto Quest poi=Loot combat=False
[09:07:33.859] [N] [AutoEquip]: Equipping Wrist "Grunt's Bracers" instead of "Brackwater Bracers" - it scored 15.790001 while the old scored 10.2
[09:07:34.060] [N] [AutoEquip]: Equipping Wrist "Grunt's Bracers" instead of "Brackwater Bracers" - it scored 15.790001 while the old scored 10.2
[09:07:34.193] [D] [Pulse] Slow shared pulse: total=633ms movement=0 objects=0 lua=535 info=0 loot=1 targeting=34 events=0 plugins=61 routine=0
[09:07:34.695] [N] Looting Venture Co. Logger Guid 0xF130000F95157BDF
[09:07:34.769] [D] Cleared POI - Reason Waiting for loot flag
[09:07:34.769] [D] Cleared POI
[09:07:34.802] [D] [Pulse] Slow bot root: 106ms bot=Wholesome Auto Quest poi=None combat=False
[09:07:34.935] [D] [Pulse] Slow plugin: name=Tidy Bags 3 Reloaded elapsed=59ms
[09:07:35.471] [D] Changed POI to: Type: QuestPickUp, Name: Marukai, Guid: 0, Entry: 12719, Location: (3331.24, 1025.91, 6.36)
[09:07:35.637] [N] [AutoEquip]: Equipping Wrist "Grunt's Bracers" instead of "Brackwater Bracers" - it scored 15.790001 while the old scored 10.2
[09:07:35.834] [N] [AutoEquip]: Equipping Wrist "Grunt's Bracers" instead of "Brackwater Bracers" - it scored 15.790001 while the old scored 10.2
[09:07:36.968] [D] [Pulse] Slow bot root: 531ms bot=Wholesome Auto Quest poi=QuestPickUp combat=False
[09:07:38.205] [D] [Pulse] Slow bot root: 501ms bot=Wholesome Auto Quest poi=QuestPickUp combat=False
[09:07:38.438] [D] [Pulse] Slow plugin: name=AutoEquip2 elapsed=193ms
[09:07:39.472] [D] [Pulse] Slow bot root: 501ms bot=Wholesome Auto Quest poi=QuestPickUp combat=False
[09:07:40.511] [D] [Pulse] Slow bot root: 469ms bot=Wholesome Auto Quest poi=QuestPickUp combat=False
[09:07:41.583] [D] [Pulse] Slow bot root: 471ms bot=Wholesome Auto Quest poi=QuestPickUp combat=False
[09:07:42.616] [N] Mounting: 35022
[09:07:44.855] [D] [Pulse] Slow bot root: 2705ms bot=Wholesome Auto Quest poi=QuestPickUp combat=False
[09:07:44.956] [D] [Pulse] Slow plugin: name=Tidy Bags 3 Reloaded elapsed=61ms
[09:07:45.391] [D] [QuestLog] Loaded 69 completed quests from Lua fallback
[09:07:46.093] [D] [Pulse] Slow bot root: 233ms bot=Wholesome Auto Quest poi=QuestPickUp combat=False
[09:07:46.866] [D] [Pulse] Slow bot root: 169ms bot=Wholesome Auto Quest poi=QuestPickUp combat=False
[09:07:47.598] [D] [Pulse] Slow bot root: 167ms bot=Wholesome Auto Quest poi=QuestPickUp combat=False
[09:07:48.334] [D] [Pulse] Slow bot root: 167ms bot=Wholesome Auto Quest poi=QuestPickUp combat=False
[09:07:48.566] [D] [Pulse] Slow plugin: name=AutoEquip2 elapsed=193ms
[09:07:48.633] [D] [Pulse] Slow shared pulse: total=299ms movement=0 objects=0 lua=0 info=0 loot=1 targeting=37 events=0 plugins=260 routine=0
[09:07:49.237] [D] [Pulse] Slow bot root: 134ms bot=Wholesome Auto Quest poi=QuestPickUp combat=False
[09:07:50.006] [D] [Pulse] Slow bot root: 200ms bot=Wholesome Auto Quest poi=QuestPickUp combat=False
[09:07:50.774] [D] [Pulse] Slow bot root: 197ms bot=Wholesome Auto Quest poi=QuestPickUp combat=False
[09:07:51.511] [D] [Pulse] Slow bot root: 168ms bot=Wholesome Auto Quest poi=QuestPickUp combat=False
[09:07:52.275] [N] Loading 1_29_30
[09:07:52.275] [N] Loading 1_30_30
[09:07:52.275] [N] Loading 1_31_30
[09:07:52.314] [D] [Pulse] Slow bot root: 201ms bot=Wholesome Auto Quest poi=QuestPickUp combat=False
[09:07:53.053] [D] [Pulse] Slow bot root: 167ms bot=Wholesome Auto Quest poi=QuestPickUp combat=False
[09:07:53.791] [D] [Pulse] Slow bot root: 164ms bot=Wholesome Auto Quest poi=QuestPickUp combat=False
[09:07:54.525] [D] [Pulse] Slow bot root: 167ms bot=Wholesome Auto Quest poi=QuestPickUp combat=False
[09:07:55.263] [D] [Pulse] Slow bot root: 167ms bot=Wholesome Auto Quest poi=QuestPickUp combat=False
[09:07:55.362] [D] [Pulse] Slow plugin: name=Tidy Bags 3 Reloaded elapsed=58ms
[09:07:55.994] [D] [Pulse] Slow bot root: 166ms bot=Wholesome Auto Quest poi=QuestPickUp combat=False
[09:07:56.730] [D] [Pulse] Slow bot root: 167ms bot=Wholesome Auto Quest poi=QuestPickUp combat=False
[09:07:57.500] [D] [Pulse] Slow bot root: 162ms bot=Wholesome Auto Quest poi=QuestPickUp combat=False
[09:07:58.235] [D] [Pulse] Slow bot root: 166ms bot=Wholesome Auto Quest poi=QuestPickUp combat=False
[09:07:58.968] [D] [Pulse] Slow bot root: 166ms bot=Wholesome Auto Quest poi=QuestPickUp combat=False
[09:07:59.205] [D] [Pulse] Slow plugin: name=AutoEquip2 elapsed=195ms
[09:07:59.271] [D] [Pulse] Slow shared pulse: total=303ms movement=0 objects=0 lua=0 info=0 loot=0 targeting=40 events=0 plugins=261 routine=0
[09:07:59.940] [D] [Pulse] Slow bot root: 167ms bot=Wholesome Auto Quest poi=QuestPickUp combat=False
[09:08:00.678] [D] [Pulse] Slow bot root: 166ms bot=Wholesome Auto Quest poi=QuestPickUp combat=False
[09:08:01.409] [D] [Pulse] Slow bot root: 166ms bot=Wholesome Auto Quest poi=QuestPickUp combat=False
[09:08:02.147] [D] [Pulse] Slow bot root: 165ms bot=Wholesome Auto Quest poi=QuestPickUp combat=False
[09:08:02.915] [D] [Pulse] Slow bot root: 164ms bot=Wholesome Auto Quest poi=QuestPickUp combat=False
[09:08:03.649] [D] [Pulse] Slow bot root: 164ms bot=Wholesome Auto Quest poi=QuestPickUp combat=False
[09:08:04.419] [D] [Pulse] Slow bot root: 202ms bot=Wholesome Auto Quest poi=QuestPickUp combat=False
[09:08:05.054] [D] Activity: Setting Deepmoss Webspinner at 12.9 yards as your target
[09:08:05.054] [D] Dismounting for combat.
[09:08:05.054] [D] Stop and dismount. Reason: Combat
[09:08:05.187] [D] [Pulse] Slow bot root: 200ms bot=Wholesome Auto Quest poi=QuestPickUp combat=False
[09:08:05.752] [D] Changed POI to: Type: Kill, Name: Deepmoss Webspinner, Guid: F130000FA60A73A8, Entry: 4006, Location: (1421.30, -385.24, 12.91)
[09:08:05.851] [D] [Pulse] Slow plugin: name=Tidy Bags 3 Reloaded elapsed=58ms
[09:08:05.851] [D] [Singular-DEBUG] Switched targets!
[09:08:05.851] [D] [Singular-DEBUG] Melee Distance: 5
[09:08:05.851] [D] [Singular-DEBUG] Health: 100
[09:08:05.851] [D] [Singular-DEBUG] Level: 20
[09:08:06.486] [N] [Singular] Casting Judgement of Light on Deepmoss Webspinner
[09:08:06.486] [D] Spell_C::CastSpell(20271, 0, 0xF130000FA60A73A8, 0)
[09:08:06.520] [D] [Pulse] Slow bot root: 201ms bot=Wholesome Auto Quest poi=Kill combat=True
[09:08:06.721] [N] Facing wrong way, rotating
[09:08:08.488] [N] [Singular] Casting Hand of Freedom on Myself
[09:08:08.488] [D] Spell_C::CastSpell(1044, 0, 0x6000000007EAB80, 0)
[09:08:15.235] [N] [Singular] Casting Judgement of Light on Deepmoss Webspinner
[09:08:15.235] [D] Spell_C::CastSpell(20271, 0, 0xF130000FA60A73A8, 0)
[09:08:15.268] [D] [Pulse] Slow bot root: 133ms bot=Wholesome Auto Quest poi=Kill combat=True
[09:08:16.002] [D] [Pulse] Slow plugin: name=Tidy Bags 3 Reloaded elapsed=58ms
[09:08:17.304] [N] Facing wrong way, rotating
[09:08:20.739] [D] Cleared POI - Reason POI is dead from Combat
[09:08:20.740] [D] Cleared POI
[09:08:21.308] [N] [Singular] Currect target is invalid. Switching to Deepmoss Webspinner!
[09:08:22.007] [D] [Singular-DEBUG] Switched targets!
[09:08:22.007] [D] [Singular-DEBUG] Melee Distance: 5
[09:08:22.007] [D] [Singular-DEBUG] Health: 85.53719008264463
[09:08:22.007] [D] [Singular-DEBUG] Level: 20
[09:08:22.612] [N] [Singular] Casting Divine Protection on Myself
[09:08:22.612] [D] Spell_C::CastSpell(498, 0, 0x6000000007EAB80, 0)
[09:08:22.645] [D] [Pulse] Slow bot root: 167ms bot=Wholesome Auto Quest poi=None combat=True
[09:08:23.950] [N] [Singular] Casting Judgement of Light on Deepmoss Webspinner
[09:08:23.950] [D] Spell_C::CastSpell(20271, 0, 0xF130000FA60A73E0, 0)
[09:08:23.984] [D] [Pulse] Slow bot root: 133ms bot=Wholesome Auto Quest poi=None combat=True
[09:08:26.523] [D] [Pulse] Slow plugin: name=Tidy Bags 3 Reloaded elapsed=60ms
[09:08:27.826] [N] Facing wrong way, rotating
[09:08:32.604] [N] [Singular] Casting Judgement of Light on Deepmoss Webspinner
[09:08:32.604] [D] Spell_C::CastSpell(20271, 0, 0xF130000FA60A73E0, 0)
[09:08:32.638] [D] [Pulse] Slow bot root: 134ms bot=Wholesome Auto Quest poi=None combat=True
[09:08:33.914] [D] [Pulse] Slow bot root: 706ms bot=Wholesome Auto Quest poi=None combat=True
[09:08:34.510] [D] Changed POI to: Type: Loot, Name: Deepmoss Webspinner, Guid: F130000FA60A73A8, Entry: 4006, Location: (1417.19, -386.21, 11.90)
[09:08:35.115] [D] [Interact] Interacting with object at 0x130A3D38
[09:08:35.146] [D] [Interact] Done interacting with object at 0x130A3D38
[09:08:36.345] [D] [Pulse] Slow shared pulse: total=597ms movement=0 objects=0 lua=495 info=0 loot=1 targeting=39 events=0 plugins=60 routine=0
[09:08:36.807] [N] Looting Deepmoss Webspinner Guid 0xF130000FA60A73A8
[09:08:36.906] [D] Cleared POI - Reason Waiting for loot flag
[09:08:36.906] [D] Cleared POI
[09:08:36.940] [D] [Pulse] Slow bot root: 132ms bot=Wholesome Auto Quest poi=None combat=False
[09:08:37.041] [D] [Pulse] Slow plugin: name=Tidy Bags 3 Reloaded elapsed=58ms
[09:08:37.540] [D] Changed POI to: Type: Loot, Name: Deepmoss Webspinner, Guid: F130000FA60A73E0, Entry: 4006, Location: (1415.36, -390.74, 11.98)
[09:08:38.155] [D] [Interact] Interacting with object at 0x130C3908
[09:08:38.186] [D] [Interact] Done interacting with object at 0x130C3908
[09:08:39.867] [N] Looting Deepmoss Webspinner Guid 0xF130000FA60A73E0
[09:08:39.968] [D] Cleared POI - Reason Waiting for loot flag
[09:08:39.968] [D] Cleared POI
[09:08:40.000] [D] [Pulse] Slow bot root: 132ms bot=Wholesome Auto Quest poi=None combat=False
[09:08:40.674] [D] Changed POI to: Type: QuestPickUp, Name: Marukai, Guid: 0, Entry: 12719, Location: (3331.24, 1025.91, 6.36)
[09:08:40.907] [D] [Pulse] Slow plugin: name=AutoEquip2 elapsed=193ms
[09:08:41.955] [N] Loading 1_27_33
[09:08:41.955] [N] Loading 1_27_32
[09:08:41.955] [N] Loading 1_28_34
[09:08:41.955] [N] Loading 1_27_34
[09:08:41.955] [N] Loading 1_27_31
[09:08:41.955] [N] Loading 1_26_32
[09:08:41.955] [N] Loading 1_26_33
[09:08:41.955] [N] Loading 1_31_31
[09:08:41.955] [N] Loading 1_25_32
[09:08:41.955] [N] Loading 1_27_30
[09:08:41.955] [N] Loading 1_26_34
[09:08:41.955] [N] Loading 1_25_33
[09:08:41.955] [N] Loading 1_27_35
[09:08:41.955] [N] Loading 1_28_30
[09:08:41.955] [N] Loading 1_30_29
[09:08:41.955] [N] Loading 1_28_35
[09:08:41.955] [N] Loading 1_29_29
[09:08:41.955] [N] Loading 1_28_29
[09:08:41.955] [N] Loading 1_26_35
[09:08:42.038] [D] [Pulse] Slow bot root: 600ms bot=Wholesome Auto Quest poi=QuestPickUp combat=False
[09:08:43.076] [D] [Pulse] Slow bot root: 469ms bot=Wholesome Auto Quest poi=QuestPickUp combat=False
[09:08:44.417] [N] Mounting: 35022
[09:08:46.593] [D] [Pulse] Slow bot root: 2945ms bot=Wholesome Auto Quest poi=QuestPickUp combat=False
[09:08:47.190] [D] [QuestLog] Loaded 69 completed quests from Lua fallback
[09:08:47.824] [D] [Pulse] Slow bot root: 168ms bot=Wholesome Auto Quest poi=QuestPickUp combat=False
[09:08:47.926] [D] [Pulse] Slow plugin: name=Tidy Bags 3 Reloaded elapsed=59ms
[09:08:48.564] [D] [Pulse] Slow bot root: 167ms bot=Wholesome Auto Quest poi=QuestPickUp combat=False
[09:08:49.300] [D] [Pulse] Slow bot root: 167ms bot=Wholesome Auto Quest poi=QuestPickUp combat=False
[09:08:50.034] [D] [Pulse] Slow bot root: 168ms bot=Wholesome Auto Quest poi=QuestPickUp combat=False
[09:08:50.808] [D] [Pulse] Slow bot root: 200ms bot=Wholesome Auto Quest poi=QuestPickUp combat=False
[09:08:51.043] [D] [Pulse] Slow plugin: name=AutoEquip2 elapsed=193ms
[09:08:51.108] [D] [Pulse] Slow shared pulse: total=300ms movement=0 objects=0 lua=0 info=0 loot=0 targeting=39 events=0 plugins=258 routine=0
[09:08:51.744] [D] [Pulse] Slow bot root: 167ms bot=Wholesome Auto Quest poi=QuestPickUp combat=False
[09:08:52.546] [D] [Pulse] Slow bot root: 203ms bot=Wholesome Auto Quest poi=QuestPickUp combat=False
[09:08:53.313] [D] [Pulse] Slow bot root: 202ms bot=Wholesome Auto Quest poi=QuestPickUp combat=False
[09:08:53.946] [D] Activity: Setting Deepmoss Webspinner at 18.9 yards as your target
[09:08:53.947] [D] Dismounting for combat.
[09:08:53.947] [D] Stop and dismount. Reason: Combat
[09:08:54.079] [D] [Pulse] Slow bot root: 200ms bot=Wholesome Auto Quest poi=QuestPickUp combat=False
[09:08:54.649] [D] Changed POI to: Type: Kill, Name: Deepmoss Webspinner, Guid: F130000FA60046EF, Entry: 4006, Location: (1468.97, -443.95, 23.39)
[09:08:54.750] [D] [Singular-DEBUG] Switched targets!
[09:08:54.751] [D] [Singular-DEBUG] Melee Distance: 5
[09:08:54.751] [D] [Singular-DEBUG] Health: 100
[09:08:54.751] [D] [Singular-DEBUG] Level: 19
[09:08:55.353] [D] [Pulse] Slow bot root: 133ms bot=Wholesome Auto Quest poi=Kill combat=False
[09:08:56.125] [N] [Singular] Casting Exorcism on Deepmoss Webspinner
[09:08:56.125] [D] Spell_C::CastSpell(879, 0, 0xF130000FA60046EF, 0)
[09:08:56.160] [D] [Pulse] Slow bot root: 237ms bot=Wholesome Auto Quest poi=Kill combat=False
[09:08:56.830] [D] Changed POI to: Type: QuestPickUp, Name: Marukai, Guid: 0, Entry: 12719, Location: (3331.24, 1025.91, 6.36)
[09:08:56.830] [D] [Pulse] Slow bot root: 100ms bot=Wholesome Auto Quest poi=QuestPickUp combat=False
[09:08:57.766] [N] Mounting: 35022
[09:08:58.222] [N] Loading 1_29_30
[09:08:58.222] [N] Loading 1_30_30
[09:08:58.222] [N] Loading 1_31_30
[09:08:58.297] [D] [Pulse] Slow bot root: 866ms bot=Wholesome Auto Quest poi=QuestPickUp combat=True
[09:08:58.396] [D] [Pulse] Slow plugin: name=Tidy Bags 3 Reloaded elapsed=57ms
[09:08:59.134] [D] [Pulse] Slow bot root: 265ms bot=Wholesome Auto Quest poi=QuestPickUp combat=True
[09:08:59.768] [N] [Singular] Casting Hand of Freedom on Myself
[09:08:59.768] [D] Spell_C::CastSpell(1044, 0, 0x6000000007EAB80, 0)
[09:09:01.140] [D] [Pulse] Slow bot root: 101ms bot=Wholesome Auto Quest poi=QuestPickUp combat=True
[09:09:01.808] [N] [Singular] Casting Judgement of Light on Deepmoss Webspinner
[09:09:01.808] [D] Spell_C::CastSpell(20271, 0, 0xF130000FA60046EF, 0)
[09:09:01.841] [D] [Pulse] Slow bot root: 134ms bot=Wholesome Auto Quest poi=QuestPickUp combat=True
[09:09:08.661] [D] [Pulse] Slow plugin: name=Tidy Bags 3 Reloaded elapsed=58ms
[09:09:10.699] [N] Mounting: 35022
[09:09:13.149] [D] [Pulse] Slow bot root: 2817ms bot=Wholesome Auto Quest poi=QuestPickUp combat=False
[09:09:13.418] [D] [Pulse] Slow plugin: name=AutoEquip2 elapsed=191ms
[09:09:13.484] [D] [Pulse] Slow shared pulse: total=335ms movement=0 objects=0 lua=34 info=0 loot=0 targeting=40 events=0 plugins=258 routine=0
[09:09:13.987] [D] Changed POI to: Type: Loot, Name: Deepmoss Webspinner, Guid: F130000FA60046EF, Entry: 4006, Location: (1465.68, -464.27, 23.85)
[09:09:14.592] [N] Moving to Type: Loot, Name: Deepmoss Webspinner, Guid: F130000FA60046EF, Entry: 4006, Location: (1465.68, -464.27, 23.85)
[09:09:14.727] [D] [Pulse] Slow bot root: 169ms bot=Wholesome Auto Quest poi=Loot combat=False
[09:09:15.396] [D] Dismount for interaction.
[09:09:15.396] [D] Stop and dismount. Reason: Near destination
[09:09:15.562] [D] [Pulse] Slow bot root: 266ms bot=Wholesome Auto Quest poi=Loot combat=False
[09:09:16.372] [D] [Interact] Interacting with object at 0x130D5568
[09:09:16.397] [D] [Interact] Done interacting with object at 0x130D5568
[09:09:16.430] [D] [Pulse] Slow bot root: 297ms bot=Wholesome Auto Quest poi=Loot combat=False
[09:09:17.897] [N] Looting Deepmoss Webspinner Guid 0xF130000FA60046EF
[09:09:17.999] [D] Cleared POI - Reason Waiting for loot flag
[09:09:17.999] [D] Cleared POI
[09:09:18.032] [D] [Pulse] Slow bot root: 135ms bot=Wholesome Auto Quest poi=None combat=False
[09:09:18.665] [D] Changed POI to: Type: QuestPickUp, Name: Marukai, Guid: 0, Entry: 12719, Location: (3331.24, 1025.91, 6.36)
[09:09:18.797] [D] [Pulse] Slow plugin: name=Tidy Bags 3 Reloaded elapsed=56ms
[09:09:19.801] [D] [Pulse] Slow bot root: 536ms bot=Wholesome Auto Quest poi=QuestPickUp combat=False
[09:09:20.839] [D] [Pulse] Slow bot root: 471ms bot=Wholesome Auto Quest poi=QuestPickUp combat=False
[09:09:21.909] [D] [Pulse] Slow bot root: 500ms bot=Wholesome Auto Quest poi=QuestPickUp combat=False
[09:09:22.940] [D] [Pulse] Slow bot root: 465ms bot=Wholesome Auto Quest poi=QuestPickUp combat=False
[09:09:23.975] [N] Mounting: 34769
[09:09:26.183] [D] [Pulse] Slow bot root: 2675ms bot=Wholesome Auto Quest poi=QuestPickUp combat=False
[09:09:26.452] [D] [Pulse] Slow plugin: name=AutoEquip2 elapsed=193ms
[09:09:26.519] [D] [Pulse] Slow shared pulse: total=335ms movement=0 objects=0 lua=34 info=0 loot=0 targeting=39 events=0 plugins=259 routine=0
[09:09:27.151] [D] [Pulse] Slow bot root: 168ms bot=Wholesome Auto Quest poi=QuestPickUp combat=False
[09:09:27.885] [D] [Pulse] Slow bot root: 166ms bot=Wholesome Auto Quest poi=QuestPickUp combat=False
[09:09:28.617] [D] [Pulse] Slow bot root: 161ms bot=Wholesome Auto Quest poi=QuestPickUp combat=False
[09:09:29.350] [D] [Pulse] Slow bot root: 166ms bot=Wholesome Auto Quest poi=QuestPickUp combat=False
[09:09:29.450] [D] [Pulse] Slow plugin: name=Tidy Bags 3 Reloaded elapsed=58ms
[09:09:30.084] [D] [Pulse] Slow bot root: 164ms bot=Wholesome Auto Quest poi=QuestPickUp combat=False
[09:09:30.889] [D] [Pulse] Slow bot root: 202ms bot=Wholesome Auto Quest poi=QuestPickUp combat=False
[09:09:31.658] [D] [Pulse] Slow bot root: 200ms bot=Wholesome Auto Quest poi=QuestPickUp combat=False
[09:09:32.396] [N] Loading 1_29_34
[09:09:32.398] [N] Loading 1_30_34
[09:09:32.459] [D] [Pulse] Slow bot root: 200ms bot=Wholesome Auto Quest poi=QuestPickUp combat=False
[09:09:33.193] [D] [Pulse] Slow bot root: 166ms bot=Wholesome Auto Quest poi=QuestPickUp combat=True
[09:09:33.904] [D] [Pulse] Slow bot root: 135ms bot=Wholesome Auto Quest poi=QuestPickUp combat=True
[09:09:34.005] [D] [Singular-DEBUG] Switched targets!
[09:09:34.005] [D] [Singular-DEBUG] Melee Distance: 5
[09:09:34.005] [D] [Singular-DEBUG] Health: 97.7728285077951
[09:09:34.005] [D] [Singular-DEBUG] Level: 19
[09:09:34.608] [D] [Pulse] Slow bot root: 133ms bot=Wholesome Auto Quest poi=QuestPickUp combat=True
[09:09:35.309] [D] [Pulse] Slow bot root: 133ms bot=Wholesome Auto Quest poi=QuestPickUp combat=True
[09:09:35.877] [D] Dismount for attacker.
[09:09:35.878] [D] Stop and dismount. Reason: Combat
[09:09:37.247] [N] [Singular] Casting Judgement of Light on Young Pridewing
[09:09:37.247] [D] Spell_C::CastSpell(20271, 0, 0xF130000FAB1251BD, 0)
[09:09:37.281] [D] [Pulse] Slow bot root: 167ms bot=Wholesome Auto Quest poi=QuestPickUp combat=True
[09:09:39.851] [D] [Pulse] Slow plugin: name=Tidy Bags 3 Reloaded elapsed=61ms
[09:09:44.622] [N] [Singular] Casting Blessing of Kings on Myself
[09:09:44.622] [D] Spell_C::CastSpell(20217, 0, 0x6000000007EAB80, 0)
[09:09:45.257] [D] Changed POI to: Type: Loot, Name: Young Pridewing, Guid: F130000FAB1251BD, Entry: 4011, Location: (1526.37, -565.26, 66.75)
[09:09:45.862] [D] [Interact] Interacting with object at 0x130DBAF8
[09:09:45.895] [D] [Interact] Done interacting with object at 0x130DBAF8
[09:09:45.929] [D] [Pulse] Slow bot root: 101ms bot=Wholesome Auto Quest poi=Loot combat=False
[09:09:46.593] [D] [Singular-DEBUG] Switched targets!
[09:09:46.593] [D] [Singular-DEBUG] Melee Distance: 5
[09:09:46.593] [D] [Singular-DEBUG] Health: 0
[09:09:46.593] [D] [Singular-DEBUG] Level: 19
[09:09:47.800] [D] [Pulse] Slow plugin: name=AutoEquip2 elapsed=195ms
[09:09:47.867] [D] [Pulse] Slow shared pulse: total=805ms movement=0 objects=0 lua=507 info=0 loot=1 targeting=34 events=0 plugins=261 routine=0
[09:09:48.335] [D] [QuestLog] Loaded 69 completed quests from Lua fallback
[09:09:48.802] [N] Looting Young Pridewing Guid 0xF130000FAB1251BD
[09:09:48.902] [D] Cleared POI - Reason Waiting for loot flag
[09:09:48.902] [D] Cleared POI
[09:09:48.934] [D] [Pulse] Slow bot root: 131ms bot=Wholesome Auto Quest poi=None combat=False
[09:09:49.571] [D] Changed POI to: Type: QuestPickUp, Name: Marukai, Guid: 0, Entry: 12719, Location: (3331.24, 1025.91, 6.36)
[09:09:50.646] [N] Loading 1_27_33
[09:09:50.646] [N] Loading 1_27_32
[09:09:50.646] [N] Loading 1_27_34
[09:09:50.646] [N] Loading 1_27_31
[09:09:50.646] [N] Loading 1_26_32
[09:09:50.646] [N] Loading 1_26_33
[09:09:50.646] [N] Loading 1_25_32
[09:09:50.646] [N] Loading 1_27_30
[09:09:50.646] [N] Loading 1_26_34
[09:09:50.646] [N] Loading 1_25_33
[09:09:50.646] [N] Loading 1_31_31
[09:09:50.646] [N] Loading 1_27_35
[09:09:50.646] [N] Loading 1_28_35
[09:09:50.646] [N] Loading 1_26_35
[09:09:50.708] [D] [Pulse] Slow bot root: 570ms bot=Wholesome Auto Quest poi=QuestPickUp combat=False
[09:09:50.809] [D] [Pulse] Slow plugin: name=Tidy Bags 3 Reloaded elapsed=62ms
[09:09:51.776] [D] [Pulse] Slow bot root: 502ms bot=Wholesome Auto Quest poi=QuestPickUp combat=False
[09:09:52.810] [D] [Pulse] Slow bot root: 467ms bot=Wholesome Auto Quest poi=QuestPickUp combat=False
[09:09:53.880] [D] [Pulse] Slow bot root: 501ms bot=Wholesome Auto Quest poi=QuestPickUp combat=False
[09:09:54.945] [D] [Pulse] Slow bot root: 466ms bot=Wholesome Auto Quest poi=QuestPickUp combat=False
[09:09:55.976] [D] [Pulse] Slow bot root: 466ms bot=Wholesome Auto Quest poi=QuestPickUp combat=False
[09:09:57.012] [D] [Pulse] Slow bot root: 471ms bot=Wholesome Auto Quest poi=QuestPickUp combat=False
[09:09:58.084] [D] [Pulse] Slow bot root: 503ms bot=Wholesome Auto Quest poi=QuestPickUp combat=False
[09:09:58.318] [D] [Pulse] Slow plugin: name=AutoEquip2 elapsed=198ms
[09:09:58.386] [D] [Pulse] Slow shared pulse: total=301ms movement=0 objects=0 lua=0 info=0 loot=0 targeting=34 events=0 plugins=265 routine=0
[09:09:59.354] [D] [Pulse] Slow bot root: 500ms bot=Wholesome Auto Quest poi=QuestPickUp combat=False
[09:10:00.423] [D] [Pulse] Slow bot root: 469ms bot=Wholesome Auto Quest poi=QuestPickUp combat=False
[09:10:01.491] [D] [Pulse] Slow bot root: 467ms bot=Wholesome Auto Quest poi=QuestPickUp combat=False
[09:10:01.591] [D] [Pulse] Slow plugin: name=Tidy Bags 3 Reloaded elapsed=63ms
[09:10:02.559] [D] [Pulse] Slow bot root: 502ms bot=Wholesome Auto Quest poi=QuestPickUp combat=False
[09:10:03.633] [D] [Pulse] Slow bot root: 504ms bot=Wholesome Auto Quest poi=QuestPickUp combat=False
[09:10:04.704] [D] [Pulse] Slow bot root: 502ms bot=Wholesome Auto Quest poi=QuestPickUp combat=False
[09:10:05.763] [N] Loading 1_29_30
[09:10:05.763] [N] Loading 1_30_30
[09:10:05.776] [D] [Pulse] Slow bot root: 471ms bot=Wholesome Auto Quest poi=QuestPickUp combat=False
[09:10:06.809] [D] [Pulse] Slow bot root: 465ms bot=Wholesome Auto Quest poi=QuestPickUp combat=False
[09:10:07.839] [D] [Pulse] Slow bot root: 465ms bot=Wholesome Auto Quest poi=QuestPickUp combat=False
[09:10:08.906] [D] [Pulse] Slow bot root: 498ms bot=Wholesome Auto Quest poi=QuestPickUp combat=False
[09:10:09.141] [D] [Pulse] Slow plugin: name=AutoEquip2 elapsed=199ms
[09:10:09.208] [D] [Pulse] Slow shared pulse: total=302ms movement=0 objects=0 lua=0 info=0 loot=0 targeting=33 events=0 plugins=267 routine=0
[09:10:10.144] [D] [Pulse] Slow bot root: 469ms bot=Wholesome Auto Quest poi=QuestPickUp combat=False
[09:10:11.243] [D] [Pulse] Slow bot root: 500ms bot=Wholesome Auto Quest poi=QuestPickUp combat=False
[09:10:12.283] [D] [Pulse] Slow bot root: 468ms bot=Wholesome Auto Quest poi=QuestPickUp combat=False
[09:10:12.386] [D] [Pulse] Slow plugin: name=Tidy Bags 3 Reloaded elapsed=65ms
[09:10:13.321] [D] [Pulse] Slow bot root: 467ms bot=Wholesome Auto Quest poi=QuestPickUp combat=False
[09:10:14.362] [D] [Pulse] Slow bot root: 469ms bot=Wholesome Auto Quest poi=QuestPickUp combat=False
[09:10:15.394] [D] [Pulse] Slow bot root: 467ms bot=Wholesome Auto Quest poi=QuestPickUp combat=False
[09:10:16.500] [D] [Pulse] Slow bot root: 504ms bot=Wholesome Auto Quest poi=QuestPickUp combat=False
[09:10:17.537] [D] [Pulse] Slow bot root: 469ms bot=Wholesome Auto Quest poi=QuestPickUp combat=False
[09:10:18.609] [D] [Pulse] Slow bot root: 502ms bot=Wholesome Auto Quest poi=QuestPickUp combat=False
[09:10:19.680] [D] [Pulse] Slow bot root: 502ms bot=Wholesome Auto Quest poi=QuestPickUp combat=False
[09:10:19.914] [D] [Pulse] Slow plugin: name=AutoEquip2 elapsed=198ms
[09:10:19.980] [D] [Pulse] Slow shared pulse: total=299ms movement=0 objects=0 lua=0 info=0 loot=0 targeting=34 events=0 plugins=264 routine=0
[09:10:20.914] [D] [Pulse] Slow bot root: 471ms bot=Wholesome Auto Quest poi=QuestPickUp combat=False
[09:10:21.988] [D] [Pulse] Slow bot root: 468ms bot=Wholesome Auto Quest poi=QuestPickUp combat=False
[09:10:35.247] [D] [Pulse] Slow bot root: 122ms bot=Wholesome Auto Quest poi=QuestPickUp combat=False
[09:10:36.065] [N] Loading 1_29_31
[09:10:36.066] [N] Loading 1_28_31
[09:10:36.066] [N] Loading 1_30_31
[09:10:36.067] [D] [Pulse] Slow bot root: 102ms bot=Wholesome Auto Quest poi=QuestPickUp combat=False
[09:10:39.893] [D] [Pulse] Slow plugin: name=AutoEquip2 elapsed=35ms
[09:10:48.750] [D] [QuestLog] Loaded 69 completed quests from Lua fallback
[09:10:49.912] [D] [Pulse] Slow plugin: name=AutoEquip2 elapsed=35ms
[09:10:51.105] [N] Loading 1_27_31
[09:10:51.105] [N] Loading 1_26_32
[09:10:51.105] [N] Loading 1_26_33
[09:10:51.105] [N] Loading 1_25_32
[09:10:51.105] [N] Loading 1_27_30
[09:10:51.105] [N] Loading 1_26_34
[09:10:51.105] [N] Loading 1_25_33
[09:10:51.105] [N] Loading 1_27_35
[09:10:51.105] [N] Loading 1_28_35
[09:10:51.105] [N] Loading 1_26_35
[09:10:51.106] [D] [Pulse] Slow bot root: 128ms bot=Wholesome Auto Quest poi=QuestPickUp combat=False
[09:11:00.027] [D] [Pulse] Slow plugin: name=AutoEquip2 elapsed=36ms
[09:11:01.969] [N] [Wholesome Auto Quest] Bot running but not moving for 30s
[09:11:06.199] [N] Loading 1_30_32
[09:11:06.199] [N] Loading 1_30_33
[09:11:06.199] [N] Loading 1_29_30
[09:11:06.202] [D] [Pulse] Slow bot root: 103ms bot=Wholesome Auto Quest poi=QuestPickUp combat=False
[09:11:10.123] [D] [Pulse] Slow plugin: name=AutoEquip2 elapsed=35ms
[09:11:15.621] [D] [Pulse] Slow bot root: 307ms bot=Wholesome Auto Quest poi=QuestPickUp combat=False
[09:11:15.722] [D] [Pulse] Slow plugin: name=Tidy Bags 3 Reloaded elapsed=65ms
[09:11:16.726] [D] [Pulse] Slow bot root: 471ms bot=Wholesome Auto Quest poi=QuestPickUp combat=False
[09:11:17.760] [D] [Pulse] Slow bot root: 465ms bot=Wholesome Auto Quest poi=QuestPickUp combat=False
[09:11:18.866] [D] [Pulse] Slow bot root: 503ms bot=Wholesome Auto Quest poi=QuestPickUp combat=False
[09:11:19.933] [D] [Pulse] Slow bot root: 502ms bot=Wholesome Auto Quest poi=QuestPickUp combat=False
[09:11:21.005] [D] [Pulse] Slow bot root: 502ms bot=Wholesome Auto Quest poi=QuestPickUp combat=False
[09:11:21.238] [D] [Pulse] Slow plugin: name=AutoEquip2 elapsed=199ms
[09:11:21.304] [D] [Pulse] Slow shared pulse: total=299ms movement=0 objects=0 lua=0 info=0 loot=0 targeting=34 events=0 plugins=265 routine=0
[09:11:22.279] [D] [Pulse] Slow bot root: 504ms bot=Wholesome Auto Quest poi=QuestPickUp combat=False
[09:11:23.348] [D] [Pulse] Slow bot root: 500ms bot=Wholesome Auto Quest poi=QuestPickUp combat=False
[09:11:24.447] [D] [Pulse] Slow bot root: 500ms bot=Wholesome Auto Quest poi=QuestPickUp combat=False
[09:11:24.548] [N] [Wholesome Auto Quest] Quest recovery retry is due; queuing one scheduler rebuild.
[09:11:25.094] [D] Activity: No eligible quest work; idle until 2026-09-08T01:11:27.0694535Z. excluded quest=104;stage=Pickup;npc=392;reason=outside-scan-radius;retry=context-change excluded quest=1062;stage=TurnIn;npc=4049;reason=outside-scan-radius;retry=context-change excluded quest=1069;stage=Pickup;npc=3446;reason=outside-scan-radius;retry=context-change excluded quest=1087;stage=Objective;objective=2;reason=outside-scan-radius;retry=context-change. excluded quest=1093;stage=Objective;objective=0;reason=no-known-hotspots;retry=context-change. excluded quest=11127;stage=Pickup;scope=QuestStage;retry=2026-09-08T01:11:27.0694535Z;state=HalfOpen. excluded quest=118;stage=Pickup;npc=415;reason=outside-scan-radius;retry=context-change excluded quest=1195;stage=Pickup;npc=4721;reason=outside-scan-radius;retry=context-change excluded quest=1483;stage=Pickup;npc=3442;reason=outside-scan-radius;retry=context-change excluded quest=152;stage=Pickup;npc=392;reason=outside-scan-radius;retry=context-change excluded quest=2098;stage=Pickup;npc=6667;reason=outside-scan-radius;retry=context-change excluded quest=216;stage=Pickup;npc=12757;reason=outside-scan-radius;retry=context-change excluded quest=235;stage=Pickup;npc=10880;reason=outside-scan-radius;retry=context-change excluded quest=3281;stage=TurnIn;npc=3464;reason=outside-scan-radius;retry=context-change excluded quest=4542;stage=Pickup;npc=10079;reason=outside-scan-radius;retry=context-change excluded quest=470;stage=Pickup;npc=2111;reason=outside-scan-radius;retry=context-change excluded quest=472;stage=Pickup;npc=2097;reason=outside-scan-radius;retry=context-change excluded quest=4740;stage=Pickup;npc=175320;reason=outside-scan-radius;retry=context-change excluded quest=4921;stage=Objective;objective=0;reason=outside-scan-radius;retry=context-change. excluded quest=493;stage=Pickup;npc=1937;reason=outside-scan-radius;retry=context-change excluded quest=494;stage=Pickup;npc=2214;reason=outside-scan-radius;retry=context-change excluded quest=496;stage=Pickup;npc=2216;reason=outside-scan-radius;retry=context-change excluded quest=498;stage=Pickup;npc=2229;reason=outside-scan-radius;retry=context-change excluded quest=501;stage=Pickup;npc=2216;reason=outside-scan-radius;retry=context-change excluded quest=516;stage=Pickup;npc=2121;reason=outside-scan-radius;retry=context-change excluded quest=527;stage=Pickup;npc=2215;reason=outside-scan-radius;retry=context-change excluded quest=546;stage=Pickup;npc=2418;reason=outside-scan-radius;retry=context-change excluded quest=549;stage=Pickup;npc=1763;reason=outside-scan-radius;retry=context-change excluded quest=6381;stage=Pickup;npc=11864;reason=outside-scan-radius;retry=context-change excluded quest=6382;stage=Pickup;npc=3387;reason=outside-scan-radius;retry=context-change excluded quest=6383;stage=Pickup;npc=12696;reason=outside-scan-radius;retry=context-change excluded quest=6393;stage=Objective;objective=0;reason=no-known-hotspots;retry=context-change. excluded quest=6442;stage=Pickup;scope=NpcRelation;npc=12719;retry=context-change;state=Attempting. excluded quest=6461;stage=TurnIn;npc=12816;reason=outside-scan-radius;retry=context-change excluded quest=6462;stage=Pickup;npc=12721;reason=outside-scan-radius;retry=context-change excluded quest=6503;stage=Pickup;npc=12867;reason=outside-scan-radius;retry=context-change excluded quest=6541;stage=Pickup;npc=3429;reason=outside-scan-radius;retry=context-change excluded quest=6542;stage=TurnIn;npc=8582;reason=outside-scan-radius;retry=context-change excluded quest=6543;stage=Pickup;npc=8582;reason=outside-scan-radius;retry=context-change excluded quest=742;stage=Pickup;npc=10881;reason=outside-scan-radius;retry=context-change excluded quest=747;stage=Objective;scope=Objective;objective=0;retry=2026-09-08T06:11:23.7477613Z;state=Quarantined. excluded quest=747;stage=Objective;scope=Objective;objective=1;retry=2026-09-08T06:11:23.7521590Z;state=Quarantined. excluded quest=843;stage=Pickup;npc=3341;reason=outside-scan-radius;retry=context-change excluded quest=8487;stage=TurnIn;npc=15402;reason=outside-scan-radius;retry=context-change excluded quest=851;stage=Pickup;scope=QuestStage;retry=2026-09-08T01:11:27.0694535Z;state=HalfOpen. excluded quest=858;stage=Pickup;npc=3439;reason=outside-scan-radius;retry=context-change excluded quest=865;stage=Pickup;scope=QuestStage;retry=2026-09-08T01:11:27.0694535Z;state=HalfOpen. excluded quest=867;stage=Objective;scope=Objective;objective=0;retry=2026-09-08T06:11:23.7540047Z;state=Quarantined. excluded quest=868;stage=Pickup;npc=3428;reason=outside-scan-radius;retry=context-change excluded quest=878;stage=Pickup;npc=3430;reason=outside-scan-radius;retry=context-change excluded quest=8889;stage=Objective;objective=0;reason=outside-scan-radius;retry=context-change. excluded quest=8889;stage=Objective;objective=1;reason=outside-scan-radius;retry=context-change. excluded quest=8889;stage=Objective;objective=2;reason=outside-scan-radius;retry=context-change. excluded quest=891;stage=Objective;objective=0;reason=outside-scan-radius;retry=context-change. excluded quest=891;stage=Objective;objective=1;reason=outside-scan-radius;retry=context-change. excluded quest=891;stage=Objective;objective=2;reason=outside-scan-radius;retry=context-change. excluded quest=891;stage=Objective;scope=Objective;objective=3;retry=2026-09-08T06:11:23.7642927Z;state=Quarantined. excluded quest=893;stage=Pickup;npc=3433;reason=outside-scan-radius;retry=context-change excluded quest=894;stage=TurnIn;npc=4141;reason=outside-scan-radius;retry=context-change excluded quest=896;stage=Objective;scope=Objective;objective=0;retry=2026-09-08T06:11:23.7672564Z;state=Quarantined. excluded quest=9067;stage=Objective;objective=0;reason=no-known-hotspots;retry=context-change. excluded quest=9151;stage=Pickup;npc=16199;reason=outside-scan-radius;retry=context-change excluded quest=9157;stage=TurnIn;npc=16201;reason=outside-scan-radius;retry=context-change excluded quest=9214;stage=Pickup;npc=16220;reason=outside-scan-radius;retry=context-change excluded quest=9218;stage=Pickup;npc=16205;reason=outside-scan-radius;retry=context-change excluded quest=9275;stage=Pickup;npc=16464;reason=outside-scan-radius;retry=context-change excluded quest=9276;stage=Pickup;npc=16463;reason=outside-scan-radius;retry=context-change excluded quest=9281;stage=Pickup;npc=16480;reason=outside-scan-radius;retry=context-change excluded quest=9388;stage=Pickup;scope=QuestStage;retry=2026-09-08T01:11:27.0694535Z;state=HalfOpen. excluded quest=9389;stage=Pickup;scope=QuestStage;retry=2026-09-08T01:11:27.0694535Z;state=HalfOpen. excluded quest=9425;stage=Pickup;npc=16287;reason=outside-scan-radius;retry=context-change excluded quest=9428;stage=Pickup;npc=17098;reason=outside-scan-radius;retry=context-change excluded quest=959;stage=Pickup;npc=3665;reason=outside-scan-radius;retry=context-change excluded quest=962;stage=Pickup;npc=3419;reason=outside-scan-radius;retry=context-change excluded quest=965;stage=Pickup;npc=3657;reason=outside-scan-radius;retry=context-change excluded quest=9749;stage=Pickup;scope=QuestStage;retry=2026-09-08T01:11:27.0694535Z;state=HalfOpen. Expanding scan radius from 250 to 500 yards before fallback.
[09:11:26.059] [D] Activity: No eligible quest work; idle until 2026-09-08T01:11:27.0694535Z. excluded quest=104;stage=Pickup;npc=392;reason=outside-scan-radius;retry=context-change excluded quest=1062;stage=TurnIn;npc=4049;reason=outside-scan-radius;retry=context-change excluded quest=1069;stage=Pickup;npc=3446;reason=outside-scan-radius;retry=context-change excluded quest=1087;stage=Objective;objective=2;reason=outside-scan-radius;retry=context-change. excluded quest=1093;stage=Objective;scope=Objective;objective=0;retry=2026-09-08T07:11:25.0895333Z;state=Quarantined. excluded quest=11127;stage=Pickup;scope=QuestStage;retry=2026-09-08T01:11:27.0694535Z;state=HalfOpen. excluded quest=118;stage=Pickup;npc=415;reason=outside-scan-radius;retry=context-change excluded quest=1195;stage=Pickup;npc=4721;reason=outside-scan-radius;retry=context-change excluded quest=14106;stage=Pickup;scope=QuestStage;retry=2026-09-08T07:11:25.0913566Z;state=Quarantined. excluded quest=1483;stage=Pickup;npc=3442;reason=outside-scan-radius;retry=context-change excluded quest=152;stage=Pickup;npc=392;reason=outside-scan-radius;retry=context-change excluded quest=2098;stage=Pickup;npc=6667;reason=outside-scan-radius;retry=context-change excluded quest=216;stage=Pickup;npc=12757;reason=outside-scan-radius;retry=context-change excluded quest=235;stage=Pickup;npc=10880;reason=outside-scan-radius;retry=context-change excluded quest=3281;stage=TurnIn;npc=3464;reason=outside-scan-radius;retry=context-change excluded quest=4542;stage=Pickup;npc=10079;reason=outside-scan-radius;retry=context-change excluded quest=470;stage=Pickup;npc=2111;reason=outside-scan-radius;retry=context-change excluded quest=472;stage=Pickup;npc=2097;reason=outside-scan-radius;retry=context-change excluded quest=4740;stage=Pickup;npc=175320;reason=outside-scan-radius;retry=context-change excluded quest=4921;stage=Objective;objective=0;reason=outside-scan-radius;retry=context-change. excluded quest=493;stage=Pickup;npc=1937;reason=outside-scan-radius;retry=context-change excluded quest=494;stage=Pickup;npc=2214;reason=outside-scan-radius;retry=context-change excluded quest=496;stage=Pickup;npc=2216;reason=outside-scan-radius;retry=context-change excluded quest=498;stage=Pickup;npc=2229;reason=outside-scan-radius;retry=context-change excluded quest=501;stage=Pickup;npc=2216;reason=outside-scan-radius;retry=context-change excluded quest=516;stage=Pickup;npc=2121;reason=outside-scan-radius;retry=context-change excluded quest=527;stage=Pickup;npc=2215;reason=outside-scan-radius;retry=context-change excluded quest=546;stage=Pickup;npc=2418;reason=outside-scan-radius;retry=context-change excluded quest=549;stage=Pickup;npc=1763;reason=outside-scan-radius;retry=context-change excluded quest=6381;stage=Pickup;npc=11864;reason=outside-scan-radius;retry=context-change excluded quest=6382;stage=Pickup;npc=3387;reason=outside-scan-radius;retry=context-change excluded quest=6383;stage=Pickup;npc=12696;reason=outside-scan-radius;retry=context-change excluded quest=6393;stage=Objective;scope=Objective;objective=0;retry=2026-09-08T07:11:25.0903366Z;state=Quarantined. excluded quest=6442;stage=Pickup;scope=NpcRelation;npc=12719;retry=context-change;state=Attempting. excluded quest=6461;stage=TurnIn;npc=12816;reason=outside-scan-radius;retry=context-change excluded quest=6462;stage=Pickup;npc=12721;reason=outside-scan-radius;retry=context-change excluded quest=6503;stage=Pickup;npc=12867;reason=outside-scan-radius;retry=context-change excluded quest=6541;stage=Pickup;npc=3429;reason=outside-scan-radius;retry=context-change excluded quest=6542;stage=TurnIn;npc=8582;reason=outside-scan-radius;retry=context-change excluded quest=6543;stage=Pickup;npc=8582;reason=outside-scan-radius;retry=context-change excluded quest=742;stage=Pickup;npc=10881;reason=outside-scan-radius;retry=context-change excluded quest=747;stage=Objective;scope=Objective;objective=0;retry=2026-09-08T06:11:23.7477613Z;state=Quarantined. excluded quest=747;stage=Objective;scope=Objective;objective=1;retry=2026-09-08T06:11:23.7521590Z;state=Quarantined. excluded quest=7790;stage=Pickup;scope=QuestStage;retry=2026-09-08T07:11:25.0913101Z;state=Quarantined. excluded quest=843;stage=Pickup;npc=3341;reason=outside-scan-radius;retry=context-change excluded quest=8487;stage=TurnIn;scope=QuestStage;retry=2026-09-08T01:11:27.0694535Z;state=HalfOpen. excluded quest=851;stage=Pickup;scope=QuestStage;retry=2026-09-08T01:11:27.0694535Z;state=HalfOpen. excluded quest=858;stage=Pickup;npc=3439;reason=outside-scan-radius;retry=context-change excluded quest=865;stage=Pickup;scope=QuestStage;retry=2026-09-08T01:11:27.0694535Z;state=HalfOpen. excluded quest=867;stage=Objective;scope=Objective;objective=0;retry=2026-09-08T06:11:23.7540047Z;state=Quarantined. excluded quest=868;stage=Pickup;npc=3428;reason=outside-scan-radius;retry=context-change excluded quest=878;stage=Pickup;npc=3430;reason=outside-scan-radius;retry=context-change excluded quest=8889;stage=Objective;objective=0;reason=outside-scan-radius;retry=context-change. excluded quest=8889;stage=Objective;objective=1;reason=outside-scan-radius;retry=context-change. excluded quest=8889;stage=Objective;objective=2;reason=outside-scan-radius;retry=context-change. excluded quest=891;stage=Objective;objective=0;reason=outside-scan-radius;retry=context-change. excluded quest=891;stage=Objective;objective=1;reason=outside-scan-radius;retry=context-change. excluded quest=891;stage=Objective;objective=2;reason=outside-scan-radius;retry=context-change. excluded quest=891;stage=Objective;scope=Objective;objective=3;retry=2026-09-08T06:11:23.7642927Z;state=Quarantined. excluded quest=893;stage=Pickup;npc=3433;reason=outside-scan-radius;retry=context-change excluded quest=894;stage=TurnIn;npc=4141;reason=outside-scan-radius;retry=context-change excluded quest=896;stage=Objective;scope=Objective;objective=0;retry=2026-09-08T06:11:23.7672564Z;state=Quarantined. excluded quest=9067;stage=Objective;scope=Objective;objective=0;retry=2026-09-08T07:11:25.0905503Z;state=Quarantined. excluded quest=9151;stage=Pickup;npc=16199;reason=outside-scan-radius;retry=context-change excluded quest=9157;stage=TurnIn;scope=QuestStage;retry=2026-09-08T01:11:27.0694535Z;state=HalfOpen. excluded quest=9214;stage=Pickup;npc=16220;reason=outside-scan-radius;retry=context-change excluded quest=9218;stage=Pickup;npc=16205;reason=outside-scan-radius;retry=context-change excluded quest=9275;stage=Pickup;npc=16464;reason=outside-scan-radius;retry=context-change excluded quest=9276;stage=Pickup;npc=16463;reason=outside-scan-radius;retry=context-change excluded quest=9281;stage=Pickup;npc=16480;reason=outside-scan-radius;retry=context-change excluded quest=9388;stage=Pickup;scope=QuestStage;retry=2026-09-08T01:11:27.0694535Z;state=HalfOpen. excluded quest=9389;stage=Pickup;scope=QuestStage;retry=2026-09-08T01:11:27.0694535Z;state=HalfOpen. excluded quest=9425;stage=Pickup;npc=16287;reason=outside-scan-radius;retry=context-change excluded quest=9428;stage=Pickup;npc=17098;reason=outside-scan-radius;retry=context-change excluded quest=959;stage=Pickup;npc=3665;reason=outside-scan-radius;retry=context-change excluded quest=962;stage=Pickup;npc=3419;reason=outside-scan-radius;retry=context-change excluded quest=965;stage=Pickup;npc=3657;reason=outside-scan-radius;retry=context-change excluded quest=9749;stage=Pickup;scope=QuestStage;retry=2026-09-08T01:11:27.0694535Z;state=HalfOpen. Expanding scan radius from 500 to 750 yards before fallback.
[09:11:26.521] [D] [Pulse] Slow plugin: name=Tidy Bags 3 Reloaded elapsed=62ms
[09:11:27.031] [D] Activity: No eligible quest work; idle until 2026-09-08T01:11:27.0694535Z. excluded quest=104;stage=Pickup;npc=392;reason=outside-scan-radius;retry=context-change excluded quest=1062;stage=TurnIn;npc=4049;reason=outside-scan-radius;retry=context-change excluded quest=1069;stage=Pickup;npc=3446;reason=outside-scan-radius;retry=context-change excluded quest=1087;stage=Objective;objective=2;reason=outside-scan-radius;retry=context-change. excluded quest=1093;stage=Objective;scope=Objective;objective=0;retry=2026-09-08T07:11:25.0895333Z;state=Quarantined. excluded quest=11127;stage=Pickup;scope=QuestStage;retry=2026-09-08T01:11:27.0694535Z;state=HalfOpen. excluded quest=118;stage=Pickup;npc=415;reason=outside-scan-radius;retry=context-change excluded quest=1195;stage=Pickup;npc=4721;reason=outside-scan-radius;retry=context-change excluded quest=14106;stage=Pickup;scope=QuestStage;retry=2026-09-08T07:11:25.0913566Z;state=Quarantined. excluded quest=1483;stage=Pickup;npc=3442;reason=outside-scan-radius;retry=context-change excluded quest=152;stage=Pickup;npc=392;reason=outside-scan-radius;retry=context-change excluded quest=2098;stage=Pickup;npc=6667;reason=outside-scan-radius;retry=context-change excluded quest=216;stage=Pickup;npc=12757;reason=outside-scan-radius;retry=context-change excluded quest=235;stage=Pickup;npc=10880;reason=outside-scan-radius;retry=context-change excluded quest=3281;stage=TurnIn;npc=3464;reason=outside-scan-radius;retry=context-change excluded quest=4542;stage=Pickup;npc=10079;reason=outside-scan-radius;retry=context-change excluded quest=470;stage=Pickup;npc=2111;reason=outside-scan-radius;retry=context-change excluded quest=472;stage=Pickup;npc=2097;reason=outside-scan-radius;retry=context-change excluded quest=4740;stage=Pickup;npc=175320;reason=outside-scan-radius;retry=context-change excluded quest=4921;stage=Objective;objective=0;reason=outside-scan-radius;retry=context-change. excluded quest=493;stage=Pickup;npc=1937;reason=outside-scan-radius;retry=context-change excluded quest=494;stage=Pickup;npc=2214;reason=outside-scan-radius;retry=context-change excluded quest=496;stage=Pickup;npc=2216;reason=outside-scan-radius;retry=context-change excluded quest=498;stage=Pickup;npc=2229;reason=outside-scan-radius;retry=context-change excluded quest=501;stage=Pickup;npc=2216;reason=outside-scan-radius;retry=context-change excluded quest=516;stage=Pickup;npc=2121;reason=outside-scan-radius;retry=context-change excluded quest=527;stage=Pickup;npc=2215;reason=outside-scan-radius;retry=context-change excluded quest=546;stage=Pickup;npc=2418;reason=outside-scan-radius;retry=context-change excluded quest=549;stage=Pickup;npc=1763;reason=outside-scan-radius;retry=context-change excluded quest=6381;stage=Pickup;npc=11864;reason=outside-scan-radius;retry=context-change excluded quest=6382;stage=Pickup;npc=3387;reason=outside-scan-radius;retry=context-change excluded quest=6383;stage=Pickup;npc=12696;reason=outside-scan-radius;retry=context-change excluded quest=6393;stage=Objective;scope=Objective;objective=0;retry=2026-09-08T07:11:25.0903366Z;state=Quarantined. excluded quest=6442;stage=Pickup;scope=NpcRelation;npc=12719;retry=context-change;state=Attempting. excluded quest=6461;stage=TurnIn;npc=12816;reason=outside-scan-radius;retry=context-change excluded quest=6462;stage=Pickup;npc=12721;reason=outside-scan-radius;retry=context-change excluded quest=6503;stage=Pickup;npc=12867;reason=outside-scan-radius;retry=context-change excluded quest=6541;stage=Pickup;npc=3429;reason=outside-scan-radius;retry=context-change excluded quest=6542;stage=TurnIn;npc=8582;reason=outside-scan-radius;retry=context-change excluded quest=6543;stage=Pickup;npc=8582;reason=outside-scan-radius;retry=context-change excluded quest=742;stage=Pickup;npc=10881;reason=outside-scan-radius;retry=context-change excluded quest=747;stage=Objective;scope=Objective;objective=0;retry=2026-09-08T06:11:23.7477613Z;state=Quarantined. excluded quest=747;stage=Objective;scope=Objective;objective=1;retry=2026-09-08T06:11:23.7521590Z;state=Quarantined. excluded quest=7790;stage=Pickup;scope=QuestStage;retry=2026-09-08T07:11:25.0913101Z;state=Quarantined. excluded quest=843;stage=Pickup;npc=3341;reason=outside-scan-radius;retry=context-change excluded quest=8487;stage=TurnIn;scope=QuestStage;retry=2026-09-08T01:11:27.0694535Z;state=HalfOpen. excluded quest=851;stage=Pickup;scope=QuestStage;retry=2026-09-08T01:11:27.0694535Z;state=HalfOpen. excluded quest=858;stage=Pickup;npc=3439;reason=outside-scan-radius;retry=context-change excluded quest=865;stage=Pickup;scope=QuestStage;retry=2026-09-08T01:11:27.0694535Z;state=HalfOpen. excluded quest=867;stage=Objective;scope=Objective;objective=0;retry=2026-09-08T06:11:23.7540047Z;state=Quarantined. excluded quest=868;stage=Pickup;npc=3428;reason=outside-scan-radius;retry=context-change excluded quest=878;stage=Pickup;npc=3430;reason=outside-scan-radius;retry=context-change excluded quest=8889;stage=Objective;objective=0;reason=outside-scan-radius;retry=context-change. excluded quest=8889;stage=Objective;objective=1;reason=outside-scan-radius;retry=context-change. excluded quest=8889;stage=Objective;objective=2;reason=outside-scan-radius;retry=context-change. excluded quest=891;stage=Objective;objective=0;reason=outside-scan-radius;retry=context-change. excluded quest=891;stage=Objective;objective=1;reason=outside-scan-radius;retry=context-change. excluded quest=891;stage=Objective;objective=2;reason=outside-scan-radius;retry=context-change. excluded quest=891;stage=Objective;scope=Objective;objective=3;retry=2026-09-08T06:11:23.7642927Z;state=Quarantined. excluded quest=893;stage=Pickup;npc=3433;reason=outside-scan-radius;retry=context-change excluded quest=894;stage=TurnIn;npc=4141;reason=outside-scan-radius;retry=context-change excluded quest=896;stage=Objective;scope=Objective;objective=0;retry=2026-09-08T06:11:23.7672564Z;state=Quarantined. excluded quest=9067;stage=Objective;scope=Objective;objective=0;retry=2026-09-08T07:11:25.0905503Z;state=Quarantined. excluded quest=9151;stage=Pickup;npc=16199;reason=outside-scan-radius;retry=context-change excluded quest=9157;stage=TurnIn;scope=QuestStage;retry=2026-09-08T01:11:27.0694535Z;state=HalfOpen. excluded quest=9214;stage=Pickup;npc=16220;reason=outside-scan-radius;retry=context-change excluded quest=9218;stage=Pickup;npc=16205;reason=outside-scan-radius;retry=context-change excluded quest=9275;stage=Pickup;npc=16464;reason=outside-scan-radius;retry=context-change excluded quest=9276;stage=Pickup;npc=16463;reason=outside-scan-radius;retry=context-change excluded quest=9281;stage=Pickup;npc=16480;reason=outside-scan-radius;retry=context-change excluded quest=9388;stage=Pickup;scope=QuestStage;retry=2026-09-08T01:11:27.0694535Z;state=HalfOpen. excluded quest=9389;stage=Pickup;scope=QuestStage;retry=2026-09-08T01:11:27.0694535Z;state=HalfOpen. excluded quest=9425;stage=Pickup;npc=16287;reason=outside-scan-radius;retry=context-change excluded quest=9428;stage=Pickup;npc=17098;reason=outside-scan-radius;retry=context-change excluded quest=959;stage=Pickup;npc=3665;reason=outside-scan-radius;retry=context-change excluded quest=962;stage=Pickup;npc=3419;reason=outside-scan-radius;retry=context-change excluded quest=965;stage=Pickup;npc=3657;reason=outside-scan-radius;retry=context-change excluded quest=9749;stage=Pickup;scope=QuestStage;retry=2026-09-08T01:11:27.0694535Z;state=HalfOpen. Expanding scan radius from 750 to 1000 yards before fallback.
[09:11:28.002] [D] Activity: No eligible quest work; idle until 2026-09-08T02:11:25.0901597Z. excluded quest=104;stage=Pickup;npc=392;reason=outside-scan-radius;retry=context-change excluded quest=1062;stage=TurnIn;npc=4049;reason=outside-scan-radius;retry=context-change excluded quest=1069;stage=Pickup;npc=3446;reason=outside-scan-radius;retry=context-change excluded quest=1087;stage=Objective;objective=2;reason=outside-scan-radius;retry=context-change. excluded quest=1093;stage=Objective;scope=Objective;objective=0;retry=2026-09-08T07:11:25.0895333Z;state=Quarantined. excluded quest=11127;stage=Pickup;scope=QuestStage;retry=2026-09-08T02:11:25.0901597Z;state=HalfOpen. excluded quest=118;stage=Pickup;npc=415;reason=outside-scan-radius;retry=context-change excluded quest=1195;stage=Pickup;npc=4721;reason=outside-scan-radius;retry=context-change excluded quest=14106;stage=Pickup;scope=QuestStage;retry=2026-09-08T07:11:25.0913566Z;state=Quarantined. excluded quest=1483;stage=Pickup;npc=3442;reason=outside-scan-radius;retry=context-change excluded quest=152;stage=Pickup;npc=392;reason=outside-scan-radius;retry=context-change excluded quest=2098;stage=Pickup;npc=6667;reason=outside-scan-radius;retry=context-change excluded quest=216;stage=Pickup;npc=12757;reason=outside-scan-radius;retry=context-change excluded quest=235;stage=Pickup;npc=10880;reason=outside-scan-radius;retry=context-change excluded quest=3281;stage=TurnIn;npc=3464;reason=outside-scan-radius;retry=context-change excluded quest=4542;stage=Pickup;npc=10079;reason=outside-scan-radius;retry=context-change excluded quest=470;stage=Pickup;npc=2111;reason=outside-scan-radius;retry=context-change excluded quest=472;stage=Pickup;npc=2097;reason=outside-scan-radius;retry=context-change excluded quest=4740;stage=Pickup;npc=175320;reason=outside-scan-radius;retry=context-change excluded quest=4921;stage=Objective;objective=0;reason=outside-scan-radius;retry=context-change. excluded quest=493;stage=Pickup;npc=1937;reason=outside-scan-radius;retry=context-change excluded quest=494;stage=Pickup;npc=2214;reason=outside-scan-radius;retry=context-change excluded quest=496;stage=Pickup;npc=2216;reason=outside-scan-radius;retry=context-change excluded quest=498;stage=Pickup;npc=2229;reason=outside-scan-radius;retry=context-change excluded quest=501;stage=Pickup;npc=2216;reason=outside-scan-radius;retry=context-change excluded quest=516;stage=Pickup;npc=2121;reason=outside-scan-radius;retry=context-change excluded quest=527;stage=Pickup;npc=2215;reason=outside-scan-radius;retry=context-change excluded quest=546;stage=Pickup;npc=2418;reason=outside-scan-radius;retry=context-change excluded quest=549;stage=Pickup;npc=1763;reason=outside-scan-radius;retry=context-change excluded quest=6381;stage=Pickup;npc=11864;reason=outside-scan-radius;retry=context-change excluded quest=6382;stage=Pickup;npc=3387;reason=outside-scan-radius;retry=context-change excluded quest=6383;stage=Pickup;npc=12696;reason=outside-scan-radius;retry=context-change excluded quest=6393;stage=Objective;scope=Objective;objective=0;retry=2026-09-08T07:11:25.0903366Z;state=Quarantined. excluded quest=6442;stage=Pickup;scope=NpcRelation;npc=12719;retry=context-change;state=Attempting. excluded quest=6461;stage=TurnIn;npc=12816;reason=outside-scan-radius;retry=context-change excluded quest=6462;stage=Pickup;npc=12721;reason=outside-scan-radius;retry=context-change excluded quest=6503;stage=Pickup;npc=12867;reason=outside-scan-radius;retry=context-change excluded quest=6541;stage=Pickup;npc=3429;reason=outside-scan-radius;retry=context-change excluded quest=6542;stage=TurnIn;npc=8582;reason=outside-scan-radius;retry=context-change excluded quest=6543;stage=Pickup;npc=8582;reason=outside-scan-radius;retry=context-change excluded quest=742;stage=Pickup;npc=10881;reason=outside-scan-radius;retry=context-change excluded quest=747;stage=Objective;scope=Objective;objective=0;retry=2026-09-08T06:11:23.7477613Z;state=Quarantined. excluded quest=747;stage=Objective;scope=Objective;objective=1;retry=2026-09-08T06:11:23.7521590Z;state=Quarantined. excluded quest=7790;stage=Pickup;scope=QuestStage;retry=2026-09-08T07:11:25.0913101Z;state=Quarantined. excluded quest=843;stage=Pickup;npc=3341;reason=outside-scan-radius;retry=context-change excluded quest=8487;stage=TurnIn;npc=15402;reason=outside-scan-radius;retry=context-change excluded quest=851;stage=Pickup;npc=3389;reason=outside-scan-radius;retry=context-change excluded quest=858;stage=Pickup;npc=3439;reason=outside-scan-radius;retry=context-change excluded quest=865;stage=Pickup;npc=3446;reason=outside-scan-radius;retry=context-change excluded quest=867;stage=Objective;scope=Objective;objective=0;retry=2026-09-08T06:11:23.7540047Z;state=Quarantined. excluded quest=868;stage=Pickup;npc=3428;reason=outside-scan-radius;retry=context-change excluded quest=878;stage=Pickup;npc=3430;reason=outside-scan-radius;retry=context-change excluded quest=8889;stage=Objective;objective=0;reason=outside-scan-radius;retry=context-change. excluded quest=8889;stage=Objective;objective=1;reason=outside-scan-radius;retry=context-change. excluded quest=8889;stage=Objective;objective=2;reason=outside-scan-radius;retry=context-change. excluded quest=891;stage=Objective;objective=0;reason=outside-scan-radius;retry=context-change. excluded quest=891;stage=Objective;objective=1;reason=outside-scan-radius;retry=context-change. excluded quest=891;stage=Objective;objective=2;reason=outside-scan-radius;retry=context-change. excluded quest=891;stage=Objective;scope=Objective;objective=3;retry=2026-09-08T06:11:23.7642927Z;state=Quarantined. excluded quest=893;stage=Pickup;npc=3433;reason=outside-scan-radius;retry=context-change excluded quest=894;stage=TurnIn;npc=4141;reason=outside-scan-radius;retry=context-change excluded quest=896;stage=Objective;scope=Objective;objective=0;retry=2026-09-08T06:11:23.7672564Z;state=Quarantined. excluded quest=9067;stage=Objective;scope=Objective;objective=0;retry=2026-09-08T07:11:25.0905503Z;state=Quarantined. excluded quest=9151;stage=Pickup;npc=16199;reason=outside-scan-radius;retry=context-change excluded quest=9157;stage=TurnIn;npc=16201;reason=outside-scan-radius;retry=context-change excluded quest=9214;stage=Pickup;npc=16220;reason=outside-scan-radius;retry=context-change excluded quest=9218;stage=Pickup;npc=16205;reason=outside-scan-radius;retry=context-change excluded quest=9275;stage=Pickup;npc=16464;reason=outside-scan-radius;retry=context-change excluded quest=9276;stage=Pickup;npc=16463;reason=outside-scan-radius;retry=context-change excluded quest=9281;stage=Pickup;npc=16480;reason=outside-scan-radius;retry=context-change excluded quest=9388;stage=Pickup;scope=QuestStage;retry=2026-09-08T02:11:25.0901597Z;state=HalfOpen. excluded quest=9389;stage=Pickup;scope=QuestStage;retry=2026-09-08T02:11:25.0901597Z;state=HalfOpen. excluded quest=9425;stage=Pickup;npc=16287;reason=outside-scan-radius;retry=context-change excluded quest=9428;stage=Pickup;npc=17098;reason=outside-scan-radius;retry=context-change excluded quest=959;stage=Pickup;npc=3665;reason=outside-scan-radius;retry=context-change excluded quest=962;stage=Pickup;npc=3419;reason=outside-scan-radius;retry=context-change excluded quest=965;stage=Pickup;npc=3657;reason=outside-scan-radius;retry=context-change Expanding scan radius from 1000 to 1250 yards before fallback.
[09:11:29.009] [D] Activity: No eligible quest work; idle until 2026-09-08T02:11:25.0901597Z. excluded quest=104;stage=Pickup;npc=392;reason=outside-scan-radius;retry=context-change excluded quest=1062;stage=TurnIn;npc=4049;reason=outside-scan-radius;retry=context-change excluded quest=1069;stage=Pickup;npc=3446;reason=outside-scan-radius;retry=context-change excluded quest=1087;stage=Objective;objective=2;reason=outside-scan-radius;retry=context-change. excluded quest=1093;stage=Objective;scope=Objective;objective=0;retry=2026-09-08T07:11:25.0895333Z;state=Quarantined. excluded quest=11127;stage=Pickup;scope=QuestStage;retry=2026-09-08T02:11:25.0901597Z;state=HalfOpen. excluded quest=118;stage=Pickup;npc=415;reason=outside-scan-radius;retry=context-change excluded quest=1195;stage=Pickup;npc=4721;reason=outside-scan-radius;retry=context-change excluded quest=14106;stage=Pickup;scope=QuestStage;retry=2026-09-08T07:11:25.0913566Z;state=Quarantined. excluded quest=1483;stage=Pickup;npc=3442;reason=outside-scan-radius;retry=context-change excluded quest=152;stage=Pickup;npc=392;reason=outside-scan-radius;retry=context-change excluded quest=2098;stage=Pickup;npc=6667;reason=outside-scan-radius;retry=context-change excluded quest=216;stage=Pickup;npc=12757;reason=outside-scan-radius;retry=context-change excluded quest=235;stage=Pickup;npc=10880;reason=outside-scan-radius;retry=context-change excluded quest=3281;stage=TurnIn;npc=3464;reason=outside-scan-radius;retry=context-change excluded quest=4542;stage=Pickup;npc=10079;reason=outside-scan-radius;retry=context-change excluded quest=470;stage=Pickup;npc=2111;reason=outside-scan-radius;retry=context-change excluded quest=472;stage=Pickup;npc=2097;reason=outside-scan-radius;retry=context-change excluded quest=4740;stage=Pickup;npc=175320;reason=outside-scan-radius;retry=context-change excluded quest=4921;stage=Objective;objective=0;reason=outside-scan-radius;retry=context-change. excluded quest=493;stage=Pickup;npc=1937;reason=outside-scan-radius;retry=context-change excluded quest=494;stage=Pickup;npc=2214;reason=outside-scan-radius;retry=context-change excluded quest=496;stage=Pickup;npc=2216;reason=outside-scan-radius;retry=context-change excluded quest=498;stage=Pickup;npc=2229;reason=outside-scan-radius;retry=context-change excluded quest=501;stage=Pickup;npc=2216;reason=outside-scan-radius;retry=context-change excluded quest=516;stage=Pickup;npc=2121;reason=outside-scan-radius;retry=context-change excluded quest=527;stage=Pickup;npc=2215;reason=outside-scan-radius;retry=context-change excluded quest=546;stage=Pickup;npc=2418;reason=outside-scan-radius;retry=context-change excluded quest=549;stage=Pickup;npc=1763;reason=outside-scan-radius;retry=context-change excluded quest=6381;stage=Pickup;npc=11864;reason=outside-scan-radius;retry=context-change excluded quest=6382;stage=Pickup;npc=3387;reason=outside-scan-radius;retry=context-change excluded quest=6383;stage=Pickup;npc=12696;reason=outside-scan-radius;retry=context-change excluded quest=6393;stage=Objective;scope=Objective;objective=0;retry=2026-09-08T07:11:25.0903366Z;state=Quarantined. excluded quest=6442;stage=Pickup;scope=NpcRelation;npc=12719;retry=context-change;state=Attempting. excluded quest=6461;stage=TurnIn;npc=12816;reason=outside-scan-radius;retry=context-change excluded quest=6462;stage=Pickup;npc=12721;reason=outside-scan-radius;retry=context-change excluded quest=6503;stage=Pickup;npc=12867;reason=outside-scan-radius;retry=context-change excluded quest=6541;stage=Pickup;npc=3429;reason=outside-scan-radius;retry=context-change excluded quest=6542;stage=TurnIn;npc=8582;reason=outside-scan-radius;retry=context-change excluded quest=6543;stage=Pickup;npc=8582;reason=outside-scan-radius;retry=context-change excluded quest=742;stage=Pickup;npc=10881;reason=outside-scan-radius;retry=context-change excluded quest=747;stage=Objective;scope=Objective;objective=0;retry=2026-09-08T06:11:23.7477613Z;state=Quarantined. excluded quest=747;stage=Objective;scope=Objective;objective=1;retry=2026-09-08T06:11:23.7521590Z;state=Quarantined. excluded quest=7790;stage=Pickup;scope=QuestStage;retry=2026-09-08T07:11:25.0913101Z;state=Quarantined. excluded quest=843;stage=Pickup;npc=3341;reason=outside-scan-radius;retry=context-change excluded quest=8487;stage=TurnIn;scope=QuestStage;retry=2026-09-08T02:11:25.0901597Z;state=HalfOpen. excluded quest=851;stage=Pickup;scope=QuestStage;retry=2026-09-08T02:11:25.0901597Z;state=HalfOpen. excluded quest=858;stage=Pickup;npc=3439;reason=outside-scan-radius;retry=context-change excluded quest=865;stage=Pickup;scope=QuestStage;retry=2026-09-08T02:11:25.0901597Z;state=HalfOpen. excluded quest=867;stage=Objective;scope=Objective;objective=0;retry=2026-09-08T06:11:23.7540047Z;state=Quarantined. excluded quest=868;stage=Pickup;npc=3428;reason=outside-scan-radius;retry=context-change excluded quest=878;stage=Pickup;npc=3430;reason=outside-scan-radius;retry=context-change excluded quest=8889;stage=Objective;objective=0;reason=outside-scan-radius;retry=context-change. excluded quest=8889;stage=Objective;objective=1;reason=outside-scan-radius;retry=context-change. excluded quest=8889;stage=Objective;objective=2;reason=outside-scan-radius;retry=context-change. excluded quest=891;stage=Objective;objective=0;reason=outside-scan-radius;retry=context-change. excluded quest=891;stage=Objective;objective=1;reason=outside-scan-radius;retry=context-change. excluded quest=891;stage=Objective;objective=2;reason=outside-scan-radius;retry=context-change. excluded quest=891;stage=Objective;scope=Objective;objective=3;retry=2026-09-08T06:11:23.7642927Z;state=Quarantined. excluded quest=893;stage=Pickup;npc=3433;reason=outside-scan-radius;retry=context-change excluded quest=894;stage=TurnIn;npc=4141;reason=outside-scan-radius;retry=context-change excluded quest=896;stage=Objective;scope=Objective;objective=0;retry=2026-09-08T06:11:23.7672564Z;state=Quarantined. excluded quest=9067;stage=Objective;scope=Objective;objective=0;retry=2026-09-08T07:11:25.0905503Z;state=Quarantined. excluded quest=9151;stage=Pickup;npc=16199;reason=outside-scan-radius;retry=context-change excluded quest=9157;stage=TurnIn;scope=QuestStage;retry=2026-09-08T02:11:25.0901597Z;state=HalfOpen. excluded quest=9214;stage=Pickup;npc=16220;reason=outside-scan-radius;retry=context-change excluded quest=9218;stage=Pickup;npc=16205;reason=outside-scan-radius;retry=context-change excluded quest=9275;stage=Pickup;npc=16464;reason=outside-scan-radius;retry=context-change excluded quest=9276;stage=Pickup;npc=16463;reason=outside-scan-radius;retry=context-change excluded quest=9281;stage=Pickup;npc=16480;reason=outside-scan-radius;retry=context-change excluded quest=9388;stage=Pickup;scope=QuestStage;retry=2026-09-08T02:11:25.0901597Z;state=HalfOpen. excluded quest=9389;stage=Pickup;scope=QuestStage;retry=2026-09-08T02:11:25.0901597Z;state=HalfOpen. excluded quest=9425;stage=Pickup;npc=16287;reason=outside-scan-radius;retry=context-change excluded quest=9428;stage=Pickup;npc=17098;reason=outside-scan-radius;retry=context-change excluded quest=959;stage=Pickup;npc=3665;reason=outside-scan-radius;retry=context-change excluded quest=962;stage=Pickup;npc=3419;reason=outside-scan-radius;retry=context-change excluded quest=965;stage=Pickup;npc=3657;reason=outside-scan-radius;retry=context-change excluded quest=9749;stage=Pickup;scope=QuestStage;retry=2026-09-08T07:11:28.0010409Z;state=Quarantined. Expanding scan radius from 1250 to 1500 yards before fallback.
[09:11:29.970] [D] [WholesomeAQ] Quest chain correction: ancestor=1093; descendant=1094.
[09:11:29.976] [D] Activity: No eligible quest work; idle until 2026-09-08T02:11:25.0901597Z. excluded quest=104;stage=Pickup;npc=392;reason=outside-scan-radius;retry=context-change excluded quest=1062;stage=TurnIn;npc=4049;reason=outside-scan-radius;retry=context-change excluded quest=1069;stage=Pickup;npc=3446;reason=outside-scan-radius;retry=context-change excluded quest=1087;stage=Objective;objective=2;reason=outside-scan-radius;retry=context-change. excluded quest=1093;stage=AncestorCorrection;scope=Objective;objective=0;retry=2026-09-08T07:11:25.0895333Z;state=Quarantined. excluded quest=11127;stage=Pickup;scope=QuestStage;retry=2026-09-08T02:11:25.0901597Z;state=HalfOpen. excluded quest=118;stage=Pickup;npc=415;reason=outside-scan-radius;retry=context-change excluded quest=1195;stage=Pickup;npc=4721;reason=outside-scan-radius;retry=context-change excluded quest=14106;stage=Pickup;scope=QuestStage;retry=2026-09-08T07:11:25.0913566Z;state=Quarantined. excluded quest=1483;stage=Pickup;npc=3442;reason=outside-scan-radius;retry=context-change excluded quest=152;stage=Pickup;npc=392;reason=outside-scan-radius;retry=context-change excluded quest=2098;stage=Pickup;npc=6667;reason=outside-scan-radius;retry=context-change excluded quest=216;stage=Pickup;npc=12757;reason=outside-scan-radius;retry=context-change excluded quest=235;stage=Pickup;npc=10880;reason=outside-scan-radius;retry=context-change excluded quest=3281;stage=TurnIn;npc=3464;reason=outside-scan-radius;retry=context-change excluded quest=4542;stage=Pickup;npc=10079;reason=outside-scan-radius;retry=context-change excluded quest=470;stage=Pickup;npc=2111;reason=outside-scan-radius;retry=context-change excluded quest=472;stage=Pickup;npc=2097;reason=outside-scan-radius;retry=context-change excluded quest=4740;stage=Pickup;npc=175320;reason=outside-scan-radius;retry=context-change excluded quest=4921;stage=Objective;objective=0;reason=outside-scan-radius;retry=context-change. excluded quest=493;stage=Pickup;npc=1937;reason=outside-scan-radius;retry=context-change excluded quest=494;stage=Pickup;npc=2214;reason=outside-scan-radius;retry=context-change excluded quest=496;stage=Pickup;npc=2216;reason=outside-scan-radius;retry=context-change excluded quest=498;stage=Pickup;npc=2229;reason=outside-scan-radius;retry=context-change excluded quest=501;stage=Pickup;npc=2216;reason=outside-scan-radius;retry=context-change excluded quest=516;stage=Pickup;npc=2121;reason=outside-scan-radius;retry=context-change excluded quest=527;stage=Pickup;npc=2215;reason=outside-scan-radius;retry=context-change excluded quest=546;stage=Pickup;npc=2418;reason=outside-scan-radius;retry=context-change excluded quest=549;stage=Pickup;npc=1763;reason=outside-scan-radius;retry=context-change excluded quest=6381;stage=Pickup;npc=11864;reason=outside-scan-radius;retry=context-change excluded quest=6382;stage=Pickup;npc=3387;reason=outside-scan-radius;retry=context-change excluded quest=6383;stage=Pickup;npc=12696;reason=outside-scan-radius;retry=context-change excluded quest=6393;stage=Objective;scope=Objective;objective=0;retry=2026-09-08T07:11:25.0903366Z;state=Quarantined. excluded quest=6442;stage=Pickup;scope=NpcRelation;npc=12719;retry=context-change;state=Attempting. excluded quest=6461;stage=TurnIn;npc=12816;reason=outside-scan-radius;retry=context-change excluded quest=6462;stage=Pickup;npc=12721;reason=outside-scan-radius;retry=context-change excluded quest=6503;stage=Pickup;npc=12867;reason=outside-scan-radius;retry=context-change excluded quest=6541;stage=Pickup;npc=3429;reason=outside-scan-radius;retry=context-change excluded quest=6542;stage=TurnIn;npc=8582;reason=outside-scan-radius;retry=context-change excluded quest=6543;stage=Pickup;npc=8582;reason=outside-scan-radius;retry=context-change excluded quest=742;stage=Pickup;npc=10881;reason=outside-scan-radius;retry=context-change excluded quest=747;stage=Objective;scope=Objective;objective=0;retry=2026-09-08T06:11:23.7477613Z;state=Quarantined. excluded quest=747;stage=Objective;scope=Objective;objective=1;retry=2026-09-08T06:11:23.7521590Z;state=Quarantined. excluded quest=7790;stage=Pickup;scope=QuestStage;retry=2026-09-08T07:11:25.0913101Z;state=Quarantined. excluded quest=843;stage=Pickup;npc=3341;reason=outside-scan-radius;retry=context-change excluded quest=8487;stage=TurnIn;scope=QuestStage;retry=2026-09-08T02:11:25.0901597Z;state=HalfOpen. excluded quest=851;stage=Pickup;scope=QuestStage;retry=2026-09-08T02:11:25.0901597Z;state=HalfOpen. excluded quest=858;stage=Pickup;npc=3439;reason=outside-scan-radius;retry=context-change excluded quest=865;stage=Pickup;scope=QuestStage;retry=2026-09-08T02:11:25.0901597Z;state=HalfOpen. excluded quest=867;stage=Objective;scope=Objective;objective=0;retry=2026-09-08T06:11:23.7540047Z;state=Quarantined. excluded quest=868;stage=Pickup;npc=3428;reason=outside-scan-radius;retry=context-change excluded quest=878;stage=Pickup;npc=3430;reason=outside-scan-radius;retry=context-change excluded quest=8889;stage=Objective;objective=0;reason=outside-scan-radius;retry=context-change. excluded quest=8889;stage=Objective;objective=1;reason=outside-scan-radius;retry=context-change. excluded quest=8889;stage=Objective;objective=2;reason=outside-scan-radius;retry=context-change. excluded quest=891;stage=Objective;objective=0;reason=outside-scan-radius;retry=context-change. excluded quest=891;stage=Objective;objective=1;reason=outside-scan-radius;retry=context-change. excluded quest=891;stage=Objective;objective=2;reason=outside-scan-radius;retry=context-change. excluded quest=891;stage=Objective;scope=Objective;objective=3;retry=2026-09-08T06:11:23.7642927Z;state=Quarantined. excluded quest=893;stage=Pickup;npc=3433;reason=outside-scan-radius;retry=context-change excluded quest=894;stage=TurnIn;npc=4141;reason=outside-scan-radius;retry=context-change excluded quest=896;stage=Objective;scope=Objective;objective=0;retry=2026-09-08T06:11:23.7672564Z;state=Quarantined. excluded quest=9067;stage=Objective;scope=Objective;objective=0;retry=2026-09-08T07:11:25.0905503Z;state=Quarantined. excluded quest=9151;stage=Pickup;npc=16199;reason=outside-scan-radius;retry=context-change excluded quest=9157;stage=TurnIn;scope=QuestStage;retry=2026-09-08T02:11:25.0901597Z;state=HalfOpen. excluded quest=9214;stage=Pickup;npc=16220;reason=outside-scan-radius;retry=context-change excluded quest=9218;stage=Pickup;npc=16205;reason=outside-scan-radius;retry=context-change excluded quest=9275;stage=Pickup;npc=16464;reason=outside-scan-radius;retry=context-change excluded quest=9276;stage=Pickup;npc=16463;reason=outside-scan-radius;retry=context-change excluded quest=9281;stage=Pickup;npc=16480;reason=outside-scan-radius;retry=context-change excluded quest=9388;stage=Pickup;scope=QuestStage;retry=2026-09-08T02:11:25.0901597Z;state=HalfOpen. excluded quest=9389;stage=Pickup;scope=QuestStage;retry=2026-09-08T02:11:25.0901597Z;state=HalfOpen. excluded quest=9425;stage=Pickup;npc=16287;reason=outside-scan-radius;retry=context-change excluded quest=9428;stage=Pickup;npc=17098;reason=outside-scan-radius;retry=context-change excluded quest=959;stage=Pickup;npc=3665;reason=outside-scan-radius;retry=context-change excluded quest=962;stage=Pickup;npc=3419;reason=outside-scan-radius;retry=context-change excluded quest=965;stage=Pickup;npc=3657;reason=outside-scan-radius;retry=context-change excluded quest=9749;stage=Pickup;scope=QuestStage;retry=2026-09-08T07:11:28.0010409Z;state=Quarantined. Expanding scan radius from 1500 to 1750 yards before fallback.
[09:11:30.941] [D] [WholesomeAQ] Quest chain correction: ancestor=1093; descendant=1094.
[09:11:30.979] [D] [Nav] Loaded 9 mesh tiles for one path query
[09:11:31.000] [D] [Nav] Loaded 6 mesh tiles for one path query
[09:11:31.001] [D] Loading profile from D:\World of Warcraft 3.3.5a\CB\Bots\WholesomeAutoQuest\WHOLESOME_AUTOQUESTER.xml
[09:11:31.009] [D] [CompileBatch] Compiling 3 entries...
[09:11:31.083] [D] [CompileBatch] Compiled successfully.
[09:11:31.083] [N] Profile loaded: WholesomeAQ - Stonetalon Mountains
[09:11:31.107] [D] Selected sub-profile: WholesomeAQ - Stonetalon Mountains (L1-80)
[09:11:31.107] [N] [Wholesome Auto Quest] Profile refreshed - Selected 3 quest work candidate(s). selected quest=6542;stage=TurnIn;state=Eligible. selected quest=6543;stage=Pickup;state=Eligible. selected quest=6381;stage=Pickup;state=Eligible. excluded quest=104;stage=Pickup;npc=392;reason=outside-scan-radius;retry=context-change excluded quest=1062;stage=TurnIn;npc=4049;reason=outside-scan-radius;retry=context-change excluded quest=1069;stage=Pickup;npc=3446;reason=outside-scan-radius;retry=context-change excluded quest=1087;stage=Objective;objective=2;reason=outside-scan-radius;retry=context-change. excluded quest=1093;stage=AncestorCorrection;scope=Objective;objective=0;retry=2026-09-08T07:11:25.0895333Z;state=Quarantined. excluded quest=11127;stage=Pickup;scope=QuestStage;retry=2026-09-08T02:11:25.0901597Z;state=HalfOpen. excluded quest=118;stage=Pickup;npc=415;reason=outside-scan-radius;retry=context-change excluded quest=1195;stage=Pickup;npc=4721;reason=outside-scan-radius;retry=context-change excluded quest=14106;stage=Pickup;scope=QuestStage;retry=2026-09-08T07:11:25.0913566Z;state=Quarantined. excluded quest=1483;stage=Pickup;npc=3442;reason=outside-scan-radius;retry=context-change excluded quest=152;stage=Pickup;npc=392;reason=outside-scan-radius;retry=context-change excluded quest=2098;stage=Pickup;npc=6667;reason=outside-scan-radius;retry=context-change excluded quest=216;stage=Pickup;npc=12757;reason=outside-scan-radius;retry=context-change excluded quest=235;stage=Pickup;npc=10880;reason=outside-scan-radius;retry=context-change excluded quest=3281;stage=TurnIn;npc=3464;reason=outside-scan-radius;retry=context-change excluded quest=4542;stage=Pickup;npc=10079;reason=outside-scan-radius;retry=context-change excluded quest=470;stage=Pickup;npc=2111;reason=outside-scan-radius;retry=context-change excluded quest=472;stage=Pickup;npc=2097;reason=outside-scan-radius;retry=context-change excluded quest=4740;stage=Pickup;npc=175320;reason=outside-scan-radius;retry=context-change excluded quest=4921;stage=Objective;objective=0;reason=outside-scan-radius;retry=context-change. excluded quest=493;stage=Pickup;npc=1937;reason=outside-scan-radius;retry=context-change excluded quest=494;stage=Pickup;npc=2214;reason=outside-scan-radius;retry=context-change excluded quest=496;stage=Pickup;npc=2216;reason=outside-scan-radius;retry=context-change excluded quest=498;stage=Pickup;npc=2229;reason=outside-scan-radius;retry=context-change excluded quest=501;stage=Pickup;npc=2216;reason=outside-scan-radius;retry=context-change excluded quest=516;stage=Pickup;npc=2121;reason=outside-scan-radius;retry=context-change excluded quest=527;stage=Pickup;npc=2215;reason=outside-scan-radius;retry=context-change excluded quest=546;stage=Pickup;npc=2418;reason=outside-scan-radius;retry=context-change excluded quest=549;stage=Pickup;npc=1763;reason=outside-scan-radius;retry=context-change excluded quest=6382;stage=Pickup;npc=3387;reason=outside-scan-radius;retry=context-change excluded quest=6383;stage=Pickup;npc=12696;reason=outside-scan-radius;retry=context-change excluded quest=6393;stage=Objective;scope=Objective;objective=0;retry=2026-09-08T07:11:25.0903366Z;state=Quarantined. excluded quest=6442;stage=Pickup;scope=NpcRelation;npc=12719;retry=context-change;state=Attempting. excluded quest=6461;stage=TurnIn;npc=12816;reason=outside-scan-radius;retry=context-change excluded quest=6462;stage=Pickup;npc=12721;reason=outside-scan-radius;retry=context-change excluded quest=6503;stage=Pickup;npc=12867;reason=outside-scan-radius;retry=context-change excluded quest=6541;stage=Pickup;npc=3429;reason=outside-scan-radius;retry=context-change excluded quest=742;stage=Pickup;npc=10881;reason=outside-scan-radius;retry=context-change excluded quest=747;stage=Objective;scope=Objective;objective=0;retry=2026-09-08T06:11:23.7477613Z;state=Quarantined. excluded quest=747;stage=Objective;scope=Objective;objective=1;retry=2026-09-08T06:11:23.7521590Z;state=Quarantined. excluded quest=7790;stage=Pickup;scope=QuestStage;retry=2026-09-08T07:11:25.0913101Z;state=Quarantined. excluded quest=843;stage=Pickup;npc=3341;reason=outside-scan-radius;retry=context-change excluded quest=8487;stage=TurnIn;scope=QuestStage;retry=2026-09-08T02:11:25.0901597Z;state=HalfOpen. excluded quest=851;stage=Pickup;scope=QuestStage;retry=2026-09-08T02:11:25.0901597Z;state=HalfOpen. excluded quest=858;stage=Pickup;npc=3439;reason=outside-scan-radius;retry=context-change excluded quest=865;stage=Pickup;scope=QuestStage;retry=2026-09-08T02:11:25.0901597Z;state=HalfOpen. excluded quest=867;stage=Objective;scope=Objective;objective=0;retry=2026-09-08T06:11:23.7540047Z;state=Quarantined. excluded quest=868;stage=Pickup;npc=3428;reason=outside-scan-radius;retry=context-change excluded quest=878;stage=Pickup;npc=3430;reason=outside-scan-radius;retry=context-change excluded quest=8889;stage=Objective;objective=0;reason=outside-scan-radius;retry=context-change. excluded quest=8889;stage=Objective;objective=1;reason=outside-scan-radius;retry=context-change. excluded quest=8889;stage=Objective;objective=2;reason=outside-scan-radius;retry=context-change. excluded quest=891;stage=Objective;objective=0;reason=outside-scan-radius;retry=context-change. excluded quest=891;stage=Objective;objective=1;reason=outside-scan-radius;retry=context-change. excluded quest=891;stage=Objective;objective=2;reason=outside-scan-radius;retry=context-change. excluded quest=891;stage=Objective;scope=Objective;objective=3;retry=2026-09-08T06:11:23.7642927Z;state=Quarantined. excluded quest=893;stage=Pickup;npc=3433;reason=outside-scan-radius;retry=context-change excluded quest=894;stage=TurnIn;npc=4141;reason=outside-scan-radius;retry=context-change excluded quest=896;stage=Objective;scope=Objective;objective=0;retry=2026-09-08T06:11:23.7672564Z;state=Quarantined. excluded quest=9067;stage=Objective;scope=Objective;objective=0;retry=2026-09-08T07:11:25.0905503Z;state=Quarantined. excluded quest=9151;stage=Pickup;npc=16199;reason=outside-scan-radius;retry=context-change excluded quest=9157;stage=TurnIn;scope=QuestStage;retry=2026-09-08T02:11:25.0901597Z;state=HalfOpen. excluded quest=9214;stage=Pickup;npc=16220;reason=outside-scan-radius;retry=context-change excluded quest=9218;stage=Pickup;npc=16205;reason=outside-scan-radius;retry=context-change excluded quest=9275;stage=Pickup;npc=16464;reason=outside-scan-radius;retry=context-change excluded quest=9276;stage=Pickup;npc=16463;reason=outside-scan-radius;retry=context-change excluded quest=9281;stage=Pickup;npc=16480;reason=outside-scan-radius;retry=context-change excluded quest=9388;stage=Pickup;scope=QuestStage;retry=2026-09-08T02:11:25.0901597Z;state=HalfOpen. excluded quest=9389;stage=Pickup;scope=QuestStage;retry=2026-09-08T02:11:25.0901597Z;state=HalfOpen. excluded quest=9425;stage=Pickup;npc=16287;reason=outside-scan-radius;retry=context-change excluded quest=9428;stage=Pickup;npc=17098;reason=outside-scan-radius;retry=context-change excluded quest=959;stage=Pickup;npc=3665;reason=outside-scan-radius;retry=context-change excluded quest=962;stage=Pickup;npc=3419;reason=outside-scan-radius;retry=context-change excluded quest=965;stage=Pickup;npc=3657;reason=outside-scan-radius;retry=context-change excluded quest=9749;stage=Pickup;scope=QuestStage;retry=2026-09-08T07:11:28.0010409Z;state=Quarantined.
[09:11:31.510] [D] [If] Condition is true, executing If body
[09:11:31.547] [N] [TurnIn] Turning in Report to Kadrak
[09:11:31.547] [D] Goal: Turning in Report to Kadrak
[09:11:31.548] [D] Changed POI to: Type: QuestTurnIn, Name: Kadrak, Guid: 0, Entry: 8582, Location: (1246.34, -2253.31, 108.37)
[09:11:31.775] [D] [Pulse] Slow plugin: name=AutoEquip2 elapsed=197ms
[09:11:31.842] [D] [Pulse] Slow shared pulse: total=293ms movement=0 objects=0 lua=0 info=0 loot=0 targeting=28 events=0 plugins=264 routine=0
[09:11:31.875] [D] [QuestRecovery] quest=6442, stage=Pickup, old=Attempting, new=Eligible, reason=None, episode=0, attempt=0, retry=
[09:11:32.320] [N] Moving to Type: QuestTurnIn, Name: Kadrak, Guid: 0, Entry: 8582, Location: (1246.34, -2253.31, 108.37)
[09:11:32.751] [D] [Pulse] Slow bot root: 472ms bot=Wholesome Auto Quest poi=QuestTurnIn combat=False
[09:11:33.686] [D] [Pulse] Slow bot root: 435ms bot=Wholesome Auto Quest poi=QuestTurnIn combat=False
[09:11:34.688] [D] [Pulse] Slow bot root: 469ms bot=Wholesome Auto Quest poi=QuestTurnIn combat=False
[09:11:35.659] [D] [Pulse] Slow bot root: 470ms bot=Wholesome Auto Quest poi=QuestTurnIn combat=False
[09:11:36.633] [D] [Pulse] Slow bot root: 473ms bot=Wholesome Auto Quest poi=QuestTurnIn combat=False
[09:11:36.733] [D] [Pulse] Slow plugin: name=Tidy Bags 3 Reloaded elapsed=65ms
[09:11:37.547] [N] Loading 1_28_31
[09:11:37.600] [D] [Pulse] Slow bot root: 467ms bot=Wholesome Auto Quest poi=QuestTurnIn combat=False
[09:11:38.569] [D] [Pulse] Slow bot root: 467ms bot=Wholesome Auto Quest poi=QuestTurnIn combat=False
[09:11:39.537] [D] [Pulse] Slow bot root: 465ms bot=Wholesome Auto Quest poi=QuestTurnIn combat=False
[09:11:40.532] [D] [Pulse] Slow bot root: 463ms bot=Wholesome Auto Quest poi=QuestTurnIn combat=False
[09:11:41.501] [D] [Pulse] Slow bot root: 468ms bot=Wholesome Auto Quest poi=QuestTurnIn combat=False
[09:11:42.467] [D] [Pulse] Slow bot root: 467ms bot=Wholesome Auto Quest poi=QuestTurnIn combat=False
[09:11:42.702] [D] [Pulse] Slow plugin: name=AutoEquip2 elapsed=200ms
[09:11:42.769] [D] [Pulse] Slow shared pulse: total=301ms movement=0 objects=0 lua=0 info=0 loot=0 targeting=34 events=0 plugins=266 routine=0
[09:11:43.636] [D] [Pulse] Slow bot root: 467ms bot=Wholesome Auto Quest poi=QuestTurnIn combat=False
[09:11:44.600] [D] [Pulse] Slow bot root: 466ms bot=Wholesome Auto Quest poi=QuestTurnIn combat=False
[09:11:45.605] [D] [Pulse] Slow bot root: 469ms bot=Wholesome Auto Quest poi=QuestTurnIn combat=False
[09:11:46.579] [D] [Pulse] Slow bot root: 470ms bot=Wholesome Auto Quest poi=QuestTurnIn combat=False
[09:11:47.544] [D] [Pulse] Slow bot root: 467ms bot=Wholesome Auto Quest poi=QuestTurnIn combat=False
[09:11:47.644] [D] [Pulse] Slow plugin: name=Tidy Bags 3 Reloaded elapsed=64ms
[09:11:47.745] [N] [Wholesome Auto Quest] Bot running but not moving for 31s
[09:11:48.576] [D] [Pulse] Slow bot root: 464ms bot=Wholesome Auto Quest poi=QuestTurnIn combat=False
[09:11:49.613] [D] [Pulse] Slow bot root: 468ms bot=Wholesome Auto Quest poi=QuestTurnIn combat=False
[09:11:50.213] [D] [QuestLog] Loaded 69 completed quests from Lua fallback
[09:11:51.154] [D] [Pulse] Slow bot root: 471ms bot=Wholesome Auto Quest poi=QuestTurnIn combat=False
[09:11:52.191] [D] [Pulse] Slow bot root: 468ms bot=Wholesome Auto Quest poi=QuestTurnIn combat=False
[09:11:53.195] [N] Loading 1_27_35
[09:11:53.196] [N] Loading 1_26_34
[09:11:53.196] [N] Loading 1_26_33
[09:11:53.196] [N] Loading 1_26_35
[09:11:53.196] [N] Loading 1_26_32
[09:11:53.196] [N] Loading 1_27_31
[09:11:53.258] [D] [Pulse] Slow bot root: 500ms bot=Wholesome Auto Quest poi=QuestTurnIn combat=False
[09:11:53.494] [D] [Pulse] Slow plugin: name=AutoEquip2 elapsed=201ms
[09:11:53.560] [D] [Pulse] Slow shared pulse: total=301ms movement=0 objects=0 lua=0 info=0 loot=0 targeting=34 events=0 plugins=266 routine=0
[09:11:54.494] [D] [Pulse] Slow bot root: 467ms bot=Wholesome Auto Quest poi=QuestTurnIn combat=False
[09:11:55.527] [D] [Pulse] Slow bot root: 468ms bot=Wholesome Auto Quest poi=QuestTurnIn combat=False
[09:11:56.599] [D] [Pulse] Slow bot root: 466ms bot=Wholesome Auto Quest poi=QuestTurnIn combat=False
[09:11:57.637] [D] [Pulse] Slow bot root: 469ms bot=Wholesome Auto Quest poi=QuestTurnIn combat=False
[09:11:57.738] [D] [Pulse] Slow plugin: name=Tidy Bags 3 Reloaded elapsed=64ms
[09:11:58.668] [D] [Pulse] Slow bot root: 463ms bot=Wholesome Auto Quest poi=QuestTurnIn combat=False
[09:11:59.703] [D] [Pulse] Slow bot root: 466ms bot=Wholesome Auto Quest poi=QuestTurnIn combat=False
[09:12:00.736] [D] [Pulse] Slow bot root: 463ms bot=Wholesome Auto Quest poi=QuestTurnIn combat=False
[09:12:01.804] [D] [Pulse] Slow bot root: 468ms bot=Wholesome Auto Quest poi=QuestTurnIn combat=False
[09:12:02.875] [D] [Pulse] Slow bot root: 465ms bot=Wholesome Auto Quest poi=QuestTurnIn combat=False
[09:12:03.914] [D] [Pulse] Slow bot root: 471ms bot=Wholesome Auto Quest poi=QuestTurnIn combat=False
[09:12:04.152] [D] [Pulse] Slow plugin: name=AutoEquip2 elapsed=202ms
[09:12:04.218] [D] [Pulse] Slow shared pulse: total=304ms movement=0 objects=0 lua=0 info=0 loot=0 targeting=34 events=0 plugins=268 routine=0
[09:12:05.150] [D] [Pulse] Slow bot root: 468ms bot=Wholesome Auto Quest poi=QuestTurnIn combat=False
[09:12:06.184] [D] [Pulse] Slow bot root: 467ms bot=Wholesome Auto Quest poi=QuestTurnIn combat=False
[09:12:07.257] [D] [Pulse] Slow bot root: 467ms bot=Wholesome Auto Quest poi=QuestTurnIn combat=False
[09:12:08.246] [N] Loading 1_30_33
[09:12:08.246] [N] Loading 1_30_32
[09:12:08.296] [D] [Pulse] Slow bot root: 473ms bot=Wholesome Auto Quest poi=QuestTurnIn combat=False
[09:12:08.397] [D] [Pulse] Slow plugin: name=Tidy Bags 3 Reloaded elapsed=64ms
[09:12:09.332] [D] [Pulse] Slow bot root: 470ms bot=Wholesome Auto Quest poi=QuestTurnIn combat=False
[09:12:10.366] [D] [Pulse] Slow bot root: 466ms bot=Wholesome Auto Quest poi=QuestTurnIn combat=False
[09:12:11.401] [D] [Pulse] Slow bot root: 464ms bot=Wholesome Auto Quest poi=QuestTurnIn combat=False
[09:12:12.466] [D] [Pulse] Slow bot root: 466ms bot=Wholesome Auto Quest poi=QuestTurnIn combat=False
[09:12:13.214] [D] [Pulse] Slow bot root: 178ms bot=Wholesome Auto Quest poi=QuestTurnIn combat=False
[09:12:14.411] [D] [Pulse] Slow bot root: 145ms bot=Wholesome Auto Quest poi=QuestTurnIn combat=False
[09:12:16.195] [D] [Pulse] Slow bot root: 223ms bot=Wholesome Auto Quest poi=QuestTurnIn combat=False
[09:12:17.229] [D] [Pulse] Slow bot root: 464ms bot=Wholesome Auto Quest poi=QuestTurnIn combat=False
[09:12:18.299] [D] [Pulse] Slow bot root: 466ms bot=Wholesome Auto Quest poi=QuestTurnIn combat=False
[09:12:18.399] [D] [Pulse] Slow plugin: name=Tidy Bags 3 Reloaded elapsed=63ms
[09:12:19.331] [D] [Pulse] Slow bot root: 467ms bot=Wholesome Auto Quest poi=QuestTurnIn combat=False
[09:12:20.374] [D] [Pulse] Slow bot root: 471ms bot=Wholesome Auto Quest poi=QuestTurnIn combat=False
[09:12:21.407] [D] [Pulse] Slow bot root: 465ms bot=Wholesome Auto Quest poi=QuestTurnIn combat=False
[09:12:22.441] [D] [Pulse] Slow bot root: 466ms bot=Wholesome Auto Quest poi=QuestTurnIn combat=False
[09:12:23.505] [D] [Pulse] Slow bot root: 466ms bot=Wholesome Auto Quest poi=QuestTurnIn combat=False
[09:12:24.542] [D] [Pulse] Slow bot root: 466ms bot=Wholesome Auto Quest poi=QuestTurnIn combat=False
[09:12:24.779] [D] [Pulse] Slow plugin: name=AutoEquip2 elapsed=202ms
[09:12:24.846] [D] [Pulse] Slow shared pulse: total=304ms movement=0 objects=0 lua=0 info=0 loot=0 targeting=34 events=0 plugins=269 routine=0
[09:12:25.781] [D] [Pulse] Slow bot root: 467ms bot=Wholesome Auto Quest poi=QuestTurnIn combat=False
[09:12:26.815] [D] [Pulse] Slow bot root: 464ms bot=Wholesome Auto Quest poi=QuestTurnIn combat=False
[09:12:27.852] [D] [Pulse] Slow bot root: 468ms bot=Wholesome Auto Quest poi=QuestTurnIn combat=False
[09:12:28.920] [D] [Pulse] Slow bot root: 465ms bot=Wholesome Auto Quest poi=QuestTurnIn combat=False
[09:12:29.021] [D] [Pulse] Slow plugin: name=Tidy Bags 3 Reloaded elapsed=65ms
[09:12:29.960] [D] [Pulse] Slow bot root: 470ms bot=Wholesome Auto Quest poi=QuestTurnIn combat=False
[09:12:30.996] [D] [Pulse] Slow bot root: 467ms bot=Wholesome Auto Quest poi=QuestTurnIn combat=False
[09:12:32.030] [D] [Pulse] Slow bot root: 467ms bot=Wholesome Auto Quest poi=QuestTurnIn combat=False
[09:12:33.102] [D] [Pulse] Slow bot root: 469ms bot=Wholesome Auto Quest poi=QuestTurnIn combat=False
[09:12:34.174] [D] [Pulse] Slow bot root: 468ms bot=Wholesome Auto Quest poi=QuestTurnIn combat=False
[09:12:35.208] [D] [Pulse] Slow bot root: 468ms bot=Wholesome Auto Quest poi=QuestTurnIn combat=False
[09:12:35.445] [D] [Pulse] Slow plugin: name=AutoEquip2 elapsed=201ms
[09:12:35.511] [D] [Pulse] Slow shared pulse: total=302ms movement=0 objects=0 lua=0 info=0 loot=0 targeting=33 events=0 plugins=267 routine=0
[09:12:36.449] [D] [Pulse] Slow bot root: 471ms bot=Wholesome Auto Quest poi=QuestTurnIn combat=False
[09:12:37.481] [D] [Pulse] Slow bot root: 464ms bot=Wholesome Auto Quest poi=QuestTurnIn combat=False
[09:12:38.481] [N] Loading 1_29_31
[09:12:38.481] [N] Loading 1_28_31
[09:12:38.481] [N] Loading 1_30_31
[09:12:38.481] [N] Loading 1_27_36
[09:12:38.519] [D] [Pulse] Slow bot root: 470ms bot=Wholesome Auto Quest poi=QuestTurnIn combat=False
[09:12:39.603] [D] [Pulse] Slow bot root: 485ms bot=Wholesome Auto Quest poi=QuestTurnIn combat=False
[09:12:39.704] [D] [Pulse] Slow plugin: name=Tidy Bags 3 Reloaded elapsed=63ms
[09:12:40.640] [D] [Pulse] Slow bot root: 468ms bot=Wholesome Auto Quest poi=QuestTurnIn combat=False
[09:12:41.673] [D] [Pulse] Slow bot root: 465ms bot=Wholesome Auto Quest poi=QuestTurnIn combat=False
[09:12:42.705] [D] [Pulse] Slow bot root: 466ms bot=Wholesome Auto Quest poi=QuestTurnIn combat=False
[09:12:43.739] [D] [Pulse] Slow bot root: 464ms bot=Wholesome Auto Quest poi=QuestTurnIn combat=False
[09:12:44.805] [D] [Pulse] Slow bot root: 466ms bot=Wholesome Auto Quest poi=QuestTurnIn combat=False
[09:12:45.848] [D] [Pulse] Slow bot root: 471ms bot=Wholesome Auto Quest poi=QuestTurnIn combat=False
[09:12:46.081] [D] [Pulse] Slow plugin: name=AutoEquip2 elapsed=198ms
[09:12:46.149] [D] [Pulse] Slow shared pulse: total=301ms movement=0 objects=0 lua=0 info=0 loot=0 targeting=34 events=0 plugins=266 routine=0
[09:12:47.087] [D] [Pulse] Slow bot root: 469ms bot=Wholesome Auto Quest poi=QuestTurnIn combat=False
[09:12:48.125] [D] [Pulse] Slow bot root: 468ms bot=Wholesome Auto Quest poi=QuestTurnIn combat=False
[09:12:49.159] [D] [Pulse] Slow bot root: 467ms bot=Wholesome Auto Quest poi=QuestTurnIn combat=False
[09:12:50.227] [D] [Pulse] Slow bot root: 470ms bot=Wholesome Auto Quest poi=QuestTurnIn combat=False
[09:12:50.328] [D] [Pulse] Slow plugin: name=Tidy Bags 3 Reloaded elapsed=64ms
[09:12:50.796] [D] [QuestLog] Loaded 69 completed quests from Lua fallback
[09:12:51.731] [D] [Pulse] Slow bot root: 465ms bot=Wholesome Auto Quest poi=QuestTurnIn combat=False
[09:12:52.768] [D] [Pulse] Slow bot root: 470ms bot=Wholesome Auto Quest poi=QuestTurnIn combat=False
[09:12:53.770] [N] Loading 1_27_35
[09:12:53.770] [N] Loading 1_26_34
[09:12:53.770] [N] Loading 1_26_33
[09:12:53.770] [N] Loading 1_26_35
[09:12:53.770] [N] Loading 1_26_32
[09:12:53.770] [N] Loading 1_27_31
[09:12:53.836] [D] [Pulse] Slow bot root: 502ms bot=Wholesome Auto Quest poi=QuestTurnIn combat=False
[09:12:54.873] [D] [Pulse] Slow bot root: 467ms bot=Wholesome Auto Quest poi=QuestTurnIn combat=False
[09:12:55.940] [D] [Pulse] Slow bot root: 465ms bot=Wholesome Auto Quest poi=QuestTurnIn combat=False
[09:12:56.175] [D] [Pulse] Slow plugin: name=AutoEquip2 elapsed=200ms
[09:12:56.241] [D] [Pulse] Slow shared pulse: total=300ms movement=0 objects=0 lua=0 info=0 loot=0 targeting=34 events=0 plugins=265 routine=0
[09:12:57.173] [D] [Pulse] Slow bot root: 465ms bot=Wholesome Auto Quest poi=QuestTurnIn combat=False
[09:12:58.205] [D] [Pulse] Slow bot root: 464ms bot=Wholesome Auto Quest poi=QuestTurnIn combat=False
[09:12:59.243] [D] [Pulse] Slow bot root: 468ms bot=Wholesome Auto Quest poi=QuestTurnIn combat=False
[09:13:00.279] [D] [Pulse] Slow bot root: 469ms bot=Wholesome Auto Quest poi=QuestTurnIn combat=False
[09:13:00.412] [D] [Pulse] Slow plugin: name=Tidy Bags 3 Reloaded elapsed=63ms
[09:13:01.346] [D] [Pulse] Slow bot root: 466ms bot=Wholesome Auto Quest poi=QuestTurnIn combat=False
[09:13:02.381] [D] [Pulse] Slow bot root: 467ms bot=Wholesome Auto Quest poi=QuestTurnIn combat=False
[09:13:03.449] [D] [Pulse] Slow bot root: 469ms bot=Wholesome Auto Quest poi=QuestTurnIn combat=False
[09:13:04.484] [D] [Pulse] Slow bot root: 466ms bot=Wholesome Auto Quest poi=QuestTurnIn combat=False
[09:13:05.517] [D] [Pulse] Slow bot root: 466ms bot=Wholesome Auto Quest poi=QuestTurnIn combat=False
[09:13:06.581] [D] [Pulse] Slow bot root: 462ms bot=Wholesome Auto Quest poi=QuestTurnIn combat=False
[09:13:06.815] [D] [Pulse] Slow plugin: name=AutoEquip2 elapsed=199ms
[09:13:06.883] [D] [Pulse] Slow shared pulse: total=301ms movement=0 objects=0 lua=0 info=0 loot=0 targeting=34 events=0 plugins=267 routine=0
[09:13:07.817] [D] [Pulse] Slow bot root: 468ms bot=Wholesome Auto Quest poi=QuestTurnIn combat=False
[09:13:08.801] [N] Loading 1_30_33
[09:13:08.801] [N] Loading 1_30_32
[09:13:08.852] [D] [Pulse] Slow bot root: 469ms bot=Wholesome Auto Quest poi=QuestTurnIn combat=False
[09:13:09.885] [D] [Pulse] Slow bot root: 467ms bot=Wholesome Auto Quest poi=QuestTurnIn combat=False
[09:13:10.921] [D] [Pulse] Slow bot root: 467ms bot=Wholesome Auto Quest poi=QuestTurnIn combat=False
[09:13:11.057] [D] [Pulse] Slow plugin: name=Tidy Bags 3 Reloaded elapsed=65ms
[09:13:11.991] [D] [Pulse] Slow bot root: 465ms bot=Wholesome Auto Quest poi=QuestTurnIn combat=False
[09:13:13.025] [D] [Pulse] Slow bot root: 468ms bot=Wholesome Auto Quest poi=QuestTurnIn combat=False
[09:13:14.059] [D] [Pulse] Slow bot root: 466ms bot=Wholesome Auto Quest poi=QuestTurnIn combat=False
[09:13:15.100] [D] [Pulse] Slow bot root: 470ms bot=Wholesome Auto Quest poi=QuestTurnIn combat=False
[09:13:16.141] [D] [Pulse] Slow bot root: 470ms bot=Wholesome Auto Quest poi=QuestTurnIn combat=False
[09:13:17.212] [D] [Pulse] Slow bot root: 469ms bot=Wholesome Auto Quest poi=QuestTurnIn combat=False
[09:13:17.448] [D] [Pulse] Slow plugin: name=AutoEquip2 elapsed=200ms
[09:13:17.514] [D] [Pulse] Slow shared pulse: total=301ms movement=0 objects=0 lua=0 info=0 loot=0 targeting=34 events=0 plugins=266 routine=0
[09:13:18.453] [D] [Pulse] Slow bot root: 469ms bot=Wholesome Auto Quest poi=QuestTurnIn combat=False
[09:13:19.492] [D] [Pulse] Slow bot root: 469ms bot=Wholesome Auto Quest poi=QuestTurnIn combat=False
[09:13:20.532] [D] [Pulse] Slow bot root: 467ms bot=Wholesome Auto Quest poi=QuestTurnIn combat=False
[09:13:21.566] [D] [Pulse] Slow bot root: 467ms bot=Wholesome Auto Quest poi=QuestTurnIn combat=False
[09:13:21.702] [D] [Pulse] Slow plugin: name=Tidy Bags 3 Reloaded elapsed=65ms
[09:13:22.641] [D] [Pulse] Slow bot root: 467ms bot=Wholesome Auto Quest poi=QuestTurnIn combat=False
[09:13:23.677] [D] [Pulse] Slow bot root: 465ms bot=Wholesome Auto Quest poi=QuestTurnIn combat=False
[09:13:24.719] [D] [Pulse] Slow bot root: 469ms bot=Wholesome Auto Quest poi=QuestTurnIn combat=False
[09:13:25.752] [D] [Pulse] Slow bot root: 464ms bot=Wholesome Auto Quest poi=QuestTurnIn combat=False
[09:13:26.793] [D] [Pulse] Slow bot root: 471ms bot=Wholesome Auto Quest poi=QuestTurnIn combat=False
[09:13:27.864] [D] [Pulse] Slow bot root: 469ms bot=Wholesome Auto Quest poi=QuestTurnIn combat=False
[09:13:28.098] [D] [Pulse] Slow plugin: name=AutoEquip2 elapsed=198ms
[09:13:28.204] [D] [Pulse] Slow shared pulse: total=339ms movement=0 objects=0 lua=0 info=0 loot=0 targeting=34 events=0 plugins=304 routine=0
[09:13:29.115] [D] [Pulse] Slow bot root: 469ms bot=Wholesome Auto Quest poi=QuestTurnIn combat=False
[09:13:30.150] [D] [Pulse] Slow bot root: 467ms bot=Wholesome Auto Quest poi=QuestTurnIn combat=False
[09:13:31.180] [D] [Pulse] Slow bot root: 463ms bot=Wholesome Auto Quest poi=QuestTurnIn combat=False
[09:13:32.217] [D] [Pulse] Slow bot root: 468ms bot=Wholesome Auto Quest poi=QuestTurnIn combat=False
[09:13:32.351] [D] [Pulse] Slow plugin: name=Tidy Bags 3 Reloaded elapsed=64ms
[09:13:33.285] [D] [Pulse] Slow bot root: 467ms bot=Wholesome Auto Quest poi=QuestTurnIn combat=False
[09:13:34.356] [D] [Pulse] Slow bot root: 466ms bot=Wholesome Auto Quest poi=QuestTurnIn combat=False
[09:13:35.387] [D] [Pulse] Slow bot root: 465ms bot=Wholesome Auto Quest poi=QuestTurnIn combat=False
[09:13:36.428] [D] [Pulse] Slow bot root: 473ms bot=Wholesome Auto Quest poi=QuestTurnIn combat=False
[09:13:37.462] [D] [Pulse] Slow bot root: 465ms bot=Wholesome Auto Quest poi=QuestTurnIn combat=False
[09:13:38.535] [D] [Pulse] Slow bot root: 467ms bot=Wholesome Auto Quest poi=QuestTurnIn combat=False
[09:13:38.769] [D] [Pulse] Slow plugin: name=AutoEquip2 elapsed=196ms
[09:13:38.836] [D] [Pulse] Slow shared pulse: total=300ms movement=0 objects=0 lua=0 info=0 loot=0 targeting=36 events=0 plugins=263 routine=0
[09:13:39.726] [N] Loading 1_29_31
[09:13:39.726] [N] Loading 1_28_31
[09:13:39.726] [N] Loading 1_30_31
[09:13:39.726] [N] Loading 1_27_36
[09:13:39.768] [D] [Pulse] Slow bot root: 467ms bot=Wholesome Auto Quest poi=QuestTurnIn combat=False
[09:13:40.803] [D] [Pulse] Slow bot root: 463ms bot=Wholesome Auto Quest poi=QuestTurnIn combat=False
[09:13:41.838] [D] [Pulse] Slow bot root: 467ms bot=Wholesome Auto Quest poi=QuestTurnIn combat=False
[09:13:42.874] [D] [Pulse] Slow bot root: 466ms bot=Wholesome Auto Quest poi=QuestTurnIn combat=False
[09:13:43.007] [D] [Pulse] Slow plugin: name=Tidy Bags 3 Reloaded elapsed=63ms
[09:13:43.937] [D] [Pulse] Slow bot root: 464ms bot=Wholesome Auto Quest poi=QuestTurnIn combat=False
[09:13:44.969] [D] [Pulse] Slow bot root: 467ms bot=Wholesome Auto Quest poi=QuestTurnIn combat=False
[09:13:46.000] [D] [Pulse] Slow bot root: 464ms bot=Wholesome Auto Quest poi=QuestTurnIn combat=False
[09:13:47.072] [D] [Pulse] Slow bot root: 499ms bot=Wholesome Auto Quest poi=QuestTurnIn combat=False
[09:13:48.106] [D] [Pulse] Slow bot root: 467ms bot=Wholesome Auto Quest poi=QuestTurnIn combat=False
[09:13:49.173] [D] [Pulse] Slow bot root: 466ms bot=Wholesome Auto Quest poi=QuestTurnIn combat=False
[09:13:49.410] [D] [Pulse] Slow plugin: name=AutoEquip2 elapsed=201ms
[09:13:49.475] [D] [Pulse] Slow shared pulse: total=301ms movement=0 objects=0 lua=0 info=0 loot=0 targeting=34 events=0 plugins=267 routine=0
[09:13:50.409] [D] [Pulse] Slow bot root: 468ms bot=Wholesome Auto Quest poi=QuestTurnIn combat=False
[09:13:51.441] [D] [Pulse] Slow bot root: 462ms bot=Wholesome Auto Quest poi=QuestTurnIn combat=False
[09:13:52.009] [D] [QuestLog] Loaded 69 completed quests from Lua fallback
[09:13:52.946] [D] [Pulse] Slow bot root: 467ms bot=Wholesome Auto Quest poi=QuestTurnIn combat=False
[09:13:53.047] [D] [Pulse] Slow plugin: name=Tidy Bags 3 Reloaded elapsed=65ms
[09:13:53.981] [D] [Pulse] Slow bot root: 467ms bot=Wholesome Auto Quest poi=QuestTurnIn combat=False
[09:13:55.018] [N] Loading 1_27_35
[09:13:55.018] [N] Loading 1_26_34
[09:13:55.018] [N] Loading 1_26_33
[09:13:55.018] [N] Loading 1_26_35
[09:13:55.018] [N] Loading 1_26_32
[09:13:55.018] [N] Loading 1_27_31
[09:13:55.085] [D] [Pulse] Slow bot root: 500ms bot=Wholesome Auto Quest poi=QuestTurnIn combat=False
[09:13:56.113] [D] [Pulse] Slow bot root: 466ms bot=Wholesome Auto Quest poi=QuestTurnIn combat=False
[09:13:57.147] [D] [Pulse] Slow bot root: 467ms bot=Wholesome Auto Quest poi=QuestTurnIn combat=False
[09:13:58.183] [D] [Pulse] Slow bot root: 464ms bot=Wholesome Auto Quest poi=QuestTurnIn combat=False
[09:13:59.214] [D] [Pulse] Slow bot root: 465ms bot=Wholesome Auto Quest poi=QuestTurnIn combat=False
[09:13:59.479] [D] [Pulse] Slow plugin: name=AutoEquip2 elapsed=197ms
[09:13:59.545] [D] [Pulse] Slow shared pulse: total=331ms movement=0 objects=0 lua=32 info=0 loot=0 targeting=34 events=0 plugins=263 routine=0
[09:14:00.479] [D] [Pulse] Slow bot root: 466ms bot=Wholesome Auto Quest poi=QuestTurnIn combat=False
[09:14:01.515] [D] [Pulse] Slow bot root: 470ms bot=Wholesome Auto Quest poi=QuestTurnIn combat=False
[09:14:02.548] [D] [Pulse] Slow bot root: 465ms bot=Wholesome Auto Quest poi=QuestTurnIn combat=False
[09:14:03.581] [D] [Pulse] Slow bot root: 463ms bot=Wholesome Auto Quest poi=QuestTurnIn combat=False
[09:14:03.681] [D] [Pulse] Slow plugin: name=Tidy Bags 3 Reloaded elapsed=64ms
[09:14:04.650] [D] [Pulse] Slow bot root: 468ms bot=Wholesome Auto Quest poi=QuestTurnIn combat=False
[09:14:05.719] [D] [Pulse] Slow bot root: 467ms bot=Wholesome Auto Quest poi=QuestTurnIn combat=False
[09:14:06.756] [D] [Pulse] Slow bot root: 464ms bot=Wholesome Auto Quest poi=QuestTurnIn combat=False
[09:14:07.789] [D] [Pulse] Slow bot root: 465ms bot=Wholesome Auto Quest poi=QuestTurnIn combat=False
[09:14:08.826] [D] [Pulse] Slow bot root: 467ms bot=Wholesome Auto Quest poi=QuestTurnIn combat=False
[09:14:09.856] [D] [Pulse] Slow bot root: 464ms bot=Wholesome Auto Quest poi=QuestTurnIn combat=False
[09:14:10.122] [D] [Pulse] Slow plugin: name=AutoEquip2 elapsed=198ms
[09:14:10.188] [D] [Pulse] Slow shared pulse: total=331ms movement=0 objects=0 lua=33 info=0 loot=0 targeting=34 events=0 plugins=263 routine=0
[09:14:11.069] [N] Loading 1_30_33
[09:14:11.069] [N] Loading 1_30_32
[09:14:11.122] [D] [Pulse] Slow bot root: 468ms bot=Wholesome Auto Quest poi=QuestTurnIn combat=False
[09:14:12.155] [D] [Pulse] Slow bot root: 467ms bot=Wholesome Auto Quest poi=QuestTurnIn combat=False
[09:14:13.191] [D] [Pulse] Slow bot root: 468ms bot=Wholesome Auto Quest poi=QuestTurnIn combat=False
[09:14:14.227] [D] [Pulse] Slow bot root: 466ms bot=Wholesome Auto Quest poi=QuestTurnIn combat=False
[09:14:14.328] [D] [Pulse] Slow plugin: name=Tidy Bags 3 Reloaded elapsed=65ms
[09:14:15.257] [D] [Pulse] Slow bot root: 465ms bot=Wholesome Auto Quest poi=QuestTurnIn combat=False
[09:14:16.322] [D] [Pulse] Slow bot root: 466ms bot=Wholesome Auto Quest poi=QuestTurnIn combat=False
[09:14:17.365] [D] [Pulse] Slow bot root: 470ms bot=Wholesome Auto Quest poi=QuestTurnIn combat=False
[09:14:18.400] [D] [Pulse] Slow bot root: 468ms bot=Wholesome Auto Quest poi=QuestTurnIn combat=False
[09:14:19.434] [D] [Pulse] Slow bot root: 467ms bot=Wholesome Auto Quest poi=QuestTurnIn combat=False
[09:14:20.470] [D] [Pulse] Slow bot root: 468ms bot=Wholesome Auto Quest poi=QuestTurnIn combat=False
[09:14:20.737] [D] [Pulse] Slow plugin: name=AutoEquip2 elapsed=198ms
[09:14:20.804] [D] [Pulse] Slow shared pulse: total=333ms movement=0 objects=0 lua=32 info=0 loot=0 targeting=35 events=0 plugins=264 routine=0
[09:14:21.737] [D] [Pulse] Slow bot root: 468ms bot=Wholesome Auto Quest poi=QuestTurnIn combat=False
[09:14:22.777] [D] [Pulse] Slow bot root: 471ms bot=Wholesome Auto Quest poi=QuestTurnIn combat=False
[09:14:23.816] [D] [Pulse] Slow bot root: 468ms bot=Wholesome Auto Quest poi=QuestTurnIn combat=False
[09:14:24.849] [D] [Pulse] Slow bot root: 465ms bot=Wholesome Auto Quest poi=QuestTurnIn combat=False
[09:14:24.948] [D] [Pulse] Slow plugin: name=Tidy Bags 3 Reloaded elapsed=63ms
[09:14:25.880] [D] [Pulse] Slow bot root: 465ms bot=Wholesome Auto Quest poi=QuestTurnIn combat=False
[09:14:26.950] [D] [Pulse] Slow bot root: 469ms bot=Wholesome Auto Quest poi=QuestTurnIn combat=False
[09:14:27.982] [D] [Pulse] Slow bot root: 466ms bot=Wholesome Auto Quest poi=QuestTurnIn combat=False
[09:14:29.017] [D] [Pulse] Slow bot root: 468ms bot=Wholesome Auto Quest poi=QuestTurnIn combat=False
[09:14:30.049] [D] [Pulse] Slow bot root: 465ms bot=Wholesome Auto Quest poi=QuestTurnIn combat=False
[09:14:31.084] [D] [Pulse] Slow bot root: 464ms bot=Wholesome Auto Quest poi=QuestTurnIn combat=False
[09:14:31.353] [D] [Pulse] Slow plugin: name=AutoEquip2 elapsed=199ms
[09:14:31.421] [D] [Pulse] Slow shared pulse: total=336ms movement=0 objects=0 lua=33 info=0 loot=0 targeting=34 events=0 plugins=267 routine=0
[09:14:32.354] [D] [Pulse] Slow bot root: 467ms bot=Wholesome Auto Quest poi=QuestTurnIn combat=False
[09:14:33.385] [D] [Pulse] Slow bot root: 466ms bot=Wholesome Auto Quest poi=QuestTurnIn combat=False
[09:14:34.421] [D] [Pulse] Slow bot root: 466ms bot=Wholesome Auto Quest poi=QuestTurnIn combat=False
[09:14:35.487] [D] [Pulse] Slow bot root: 467ms bot=Wholesome Auto Quest poi=QuestTurnIn combat=False
[09:14:35.587] [D] [Pulse] Slow plugin: name=Tidy Bags 3 Reloaded elapsed=64ms
[09:14:36.524] [D] [Pulse] Slow bot root: 468ms bot=Wholesome Auto Quest poi=QuestTurnIn combat=False
[09:14:37.591] [D] [Pulse] Slow bot root: 468ms bot=Wholesome Auto Quest poi=QuestTurnIn combat=False
[09:14:38.621] [D] [Pulse] Slow bot root: 466ms bot=Wholesome Auto Quest poi=QuestTurnIn combat=False
[09:14:39.654] [D] [Pulse] Slow bot root: 466ms bot=Wholesome Auto Quest poi=QuestTurnIn combat=False
[09:14:40.685] [D] [Pulse] Slow bot root: 465ms bot=Wholesome Auto Quest poi=QuestTurnIn combat=False
[09:14:41.721] [D] [Pulse] Slow bot root: 469ms bot=Wholesome Auto Quest poi=QuestTurnIn combat=False
[09:14:41.991] [D] [Pulse] Slow plugin: name=AutoEquip2 elapsed=199ms
[09:14:42.058] [D] [Pulse] Slow shared pulse: total=336ms movement=0 objects=0 lua=32 info=0 loot=0 targeting=37 events=0 plugins=266 routine=0
[09:14:42.951] [N] Loading 1_29_31
[09:14:42.951] [N] Loading 1_28_31
[09:14:42.951] [N] Loading 1_30_31
[09:14:42.951] [N] Loading 1_27_36
[09:14:42.993] [D] [Pulse] Slow bot root: 468ms bot=Wholesome Auto Quest poi=QuestTurnIn combat=False
[09:14:44.024] [D] [Pulse] Slow bot root: 464ms bot=Wholesome Auto Quest poi=QuestTurnIn combat=False
[09:14:45.058] [D] [Pulse] Slow bot root: 464ms bot=Wholesome Auto Quest poi=QuestTurnIn combat=False
[09:14:46.091] [D] [Pulse] Slow bot root: 464ms bot=Wholesome Auto Quest poi=QuestTurnIn combat=False
[09:14:46.192] [D] [Pulse] Slow plugin: name=Tidy Bags 3 Reloaded elapsed=64ms
[09:14:47.127] [D] [Pulse] Slow bot root: 468ms bot=Wholesome Auto Quest poi=QuestTurnIn combat=False
[09:14:48.197] [D] [Pulse] Slow bot root: 468ms bot=Wholesome Auto Quest poi=QuestTurnIn combat=False
[09:14:49.230] [D] [Pulse] Slow bot root: 465ms bot=Wholesome Auto Quest poi=QuestTurnIn combat=False
[09:14:50.267] [D] [Pulse] Slow bot root: 470ms bot=Wholesome Auto Quest poi=QuestTurnIn combat=False
[09:14:51.302] [D] [Pulse] Slow bot root: 465ms bot=Wholesome Auto Quest poi=QuestTurnIn combat=False
[09:14:52.334] [D] [Pulse] Slow bot root: 466ms bot=Wholesome Auto Quest poi=QuestTurnIn combat=False
[09:14:52.606] [D] [Pulse] Slow plugin: name=AutoEquip2 elapsed=203ms
[09:14:52.669] [D] [Pulse] Slow shared pulse: total=335ms movement=0 objects=0 lua=33 info=0 loot=0 targeting=34 events=0 plugins=266 routine=0
[09:14:53.137] [D] [QuestLog] Loaded 69 completed quests from Lua fallback
[09:14:54.068] [D] [Pulse] Slow bot root: 465ms bot=Wholesome Auto Quest poi=QuestTurnIn combat=False
[09:14:55.102] [D] [Pulse] Slow bot root: 468ms bot=Wholesome Auto Quest poi=QuestTurnIn combat=False
[09:14:56.140] [D] [Pulse] Slow bot root: 470ms bot=Wholesome Auto Quest poi=QuestTurnIn combat=False
[09:14:56.244] [D] [Pulse] Slow plugin: name=Tidy Bags 3 Reloaded elapsed=66ms
[09:14:57.178] [D] [Pulse] Slow bot root: 469ms bot=Wholesome Auto Quest poi=QuestTurnIn combat=False
[09:14:58.178] [N] Loading 1_27_35
[09:14:58.179] [N] Loading 1_26_34
[09:14:58.179] [N] Loading 1_26_33
[09:14:58.179] [N] Loading 1_26_35
[09:14:58.179] [N] Loading 1_26_32
[09:14:58.179] [N] Loading 1_27_31
[09:14:58.243] [D] [Pulse] Slow bot root: 499ms bot=Wholesome Auto Quest poi=QuestTurnIn combat=False
[09:14:59.316] [D] [Pulse] Slow bot root: 471ms bot=Wholesome Auto Quest poi=QuestTurnIn combat=False
[09:15:00.357] [D] [Pulse] Slow bot root: 471ms bot=Wholesome Auto Quest poi=QuestTurnIn combat=False
[09:15:01.393] [D] [Pulse] Slow bot root: 472ms bot=Wholesome Auto Quest poi=QuestTurnIn combat=False
[09:15:02.433] [D] [Pulse] Slow bot root: 468ms bot=Wholesome Auto Quest poi=QuestTurnIn combat=False
[09:15:02.665] [D] [Pulse] Slow plugin: name=AutoEquip2 elapsed=196ms
[09:15:02.732] [D] [Pulse] Slow shared pulse: total=298ms movement=0 objects=0 lua=0 info=0 loot=0 targeting=34 events=0 plugins=263 routine=0
[09:15:03.672] [D] [Pulse] Slow bot root: 471ms bot=Wholesome Auto Quest poi=QuestTurnIn combat=False
[09:15:04.742] [D] [Pulse] Slow bot root: 468ms bot=Wholesome Auto Quest poi=QuestTurnIn combat=False
[09:15:05.805] [D] [Pulse] Slow bot root: 465ms bot=Wholesome Auto Quest poi=QuestTurnIn combat=False
[09:15:06.841] [D] [Pulse] Slow bot root: 470ms bot=Wholesome Auto Quest poi=QuestTurnIn combat=False
[09:15:06.942] [D] [Pulse] Slow plugin: name=Tidy Bags 3 Reloaded elapsed=65ms
[09:15:07.881] [D] [Pulse] Slow bot root: 470ms bot=Wholesome Auto Quest poi=QuestTurnIn combat=False
[09:15:08.913] [D] [Pulse] Slow bot root: 467ms bot=Wholesome Auto Quest poi=QuestTurnIn combat=False
[09:15:09.985] [D] [Pulse] Slow bot root: 465ms bot=Wholesome Auto Quest poi=QuestTurnIn combat=False
[09:15:11.022] [D] [Pulse] Slow bot root: 471ms bot=Wholesome Auto Quest poi=QuestTurnIn combat=False
[09:15:12.064] [D] [Pulse] Slow bot root: 469ms bot=Wholesome Auto Quest poi=QuestTurnIn combat=False
[09:15:13.107] [D] [Pulse] Slow bot root: 472ms bot=Wholesome Auto Quest poi=QuestTurnIn combat=False
[09:15:13.341] [D] [Pulse] Slow plugin: name=AutoEquip2 elapsed=201ms
[09:15:13.407] [D] [Pulse] Slow shared pulse: total=299ms movement=0 objects=0 lua=0 info=0 loot=0 targeting=31 events=0 plugins=267 routine=0
[09:15:14.292] [N] Loading 1_30_33
[09:15:14.292] [N] Loading 1_30_32
[09:15:14.345] [D] [Pulse] Slow bot root: 464ms bot=Wholesome Auto Quest poi=QuestTurnIn combat=False
[09:15:15.411] [D] [Pulse] Slow bot root: 464ms bot=Wholesome Auto Quest poi=QuestTurnIn combat=False
[09:15:16.450] [D] [Pulse] Slow bot root: 469ms bot=Wholesome Auto Quest poi=QuestTurnIn combat=False
[09:15:17.493] [D] [Pulse] Slow bot root: 471ms bot=Wholesome Auto Quest poi=QuestTurnIn combat=False
[09:15:17.595] [D] [Pulse] Slow plugin: name=Tidy Bags 3 Reloaded elapsed=65ms
[09:15:18.539] [D] [Pulse] Slow bot root: 474ms bot=Wholesome Auto Quest poi=QuestTurnIn combat=False
[09:15:19.581] [D] [Pulse] Slow bot root: 471ms bot=Wholesome Auto Quest poi=QuestTurnIn combat=False
[09:15:20.650] [D] [Pulse] Slow bot root: 467ms bot=Wholesome Auto Quest poi=QuestTurnIn combat=False
[09:15:21.691] [D] [Pulse] Slow bot root: 470ms bot=Wholesome Auto Quest poi=QuestTurnIn combat=False
[09:15:22.721] [D] [Pulse] Slow bot root: 465ms bot=Wholesome Auto Quest poi=QuestTurnIn combat=False
[09:15:23.754] [D] [Pulse] Slow bot root: 462ms bot=Wholesome Auto Quest poi=QuestTurnIn combat=False
[09:15:23.990] [D] [Pulse] Slow plugin: name=AutoEquip2 elapsed=200ms
[09:15:24.056] [D] [Pulse] Slow shared pulse: total=301ms movement=0 objects=0 lua=0 info=0 loot=0 targeting=34 events=0 plugins=266 routine=0
[09:15:24.987] [D] [Pulse] Slow bot root: 465ms bot=Wholesome Auto Quest poi=QuestTurnIn combat=False
[09:15:26.059] [D] [Pulse] Slow bot root: 466ms bot=Wholesome Auto Quest poi=QuestTurnIn combat=False
[09:15:27.089] [D] [Pulse] Slow bot root: 464ms bot=Wholesome Auto Quest poi=QuestTurnIn combat=False
[09:15:28.125] [D] [Pulse] Slow bot root: 467ms bot=Wholesome Auto Quest poi=QuestTurnIn combat=False
[09:15:28.225] [D] [Pulse] Slow plugin: name=Tidy Bags 3 Reloaded elapsed=64ms
[09:15:29.163] [D] [Pulse] Slow bot root: 467ms bot=Wholesome Auto Quest poi=QuestTurnIn combat=False
[09:15:30.194] [D] [Pulse] Slow bot root: 467ms bot=Wholesome Auto Quest poi=QuestTurnIn combat=False
[09:15:31.260] [D] [Pulse] Slow bot root: 467ms bot=Wholesome Auto Quest poi=QuestTurnIn combat=False
[09:15:32.297] [D] [Pulse] Slow bot root: 466ms bot=Wholesome Auto Quest poi=QuestTurnIn combat=False
[09:15:33.332] [D] [Pulse] Slow bot root: 466ms bot=Wholesome Auto Quest poi=QuestTurnIn combat=False
[09:15:34.362] [D] [Pulse] Slow bot root: 466ms bot=Wholesome Auto Quest poi=QuestTurnIn combat=False
[09:15:34.597] [D] [Pulse] Slow plugin: name=AutoEquip2 elapsed=199ms
[09:15:34.663] [D] [Pulse] Slow shared pulse: total=300ms movement=0 objects=0 lua=0 info=0 loot=0 targeting=34 events=0 plugins=265 routine=0
[09:15:35.594] [D] [Pulse] Slow bot root: 466ms bot=Wholesome Auto Quest poi=QuestTurnIn combat=False
[09:15:36.706] [D] [Pulse] Slow bot root: 472ms bot=Wholesome Auto Quest poi=QuestTurnIn combat=False
[09:15:37.738] [D] [Pulse] Slow bot root: 464ms bot=Wholesome Auto Quest poi=QuestTurnIn combat=False
[09:15:38.782] [D] [Pulse] Slow bot root: 471ms bot=Wholesome Auto Quest poi=QuestTurnIn combat=False
[09:15:38.883] [D] [Pulse] Slow plugin: name=Tidy Bags 3 Reloaded elapsed=65ms
[09:15:39.855] [D] [Pulse] Slow bot root: 504ms bot=Wholesome Auto Quest poi=QuestTurnIn combat=False
[09:15:40.859] [D] [Pulse] Slow bot root: 465ms bot=Wholesome Auto Quest poi=QuestTurnIn combat=False
[09:15:41.925] [D] [Pulse] Slow bot root: 464ms bot=Wholesome Auto Quest poi=QuestTurnIn combat=False
[09:15:42.960] [D] [Pulse] Slow bot root: 459ms bot=Wholesome Auto Quest poi=QuestTurnIn combat=False
[09:15:43.997] [D] [Pulse] Slow bot root: 466ms bot=Wholesome Auto Quest poi=QuestTurnIn combat=False
[09:15:45.030] [D] [Pulse] Slow bot root: 465ms bot=Wholesome Auto Quest poi=QuestTurnIn combat=False
[09:15:45.264] [D] [Pulse] Slow plugin: name=AutoEquip2 elapsed=199ms
[09:15:45.331] [D] [Pulse] Slow shared pulse: total=301ms movement=0 objects=0 lua=0 info=0 loot=0 targeting=34 events=0 plugins=266 routine=0
[09:15:46.251] [N] Loading 1_29_31
[09:15:46.251] [N] Loading 1_28_31
[09:15:46.251] [N] Loading 1_30_31
[09:15:46.251] [N] Loading 1_27_36
[09:15:46.294] [D] [Pulse] Slow bot root: 499ms bot=Wholesome Auto Quest poi=QuestTurnIn combat=False
[09:15:47.369] [D] [Pulse] Slow bot root: 472ms bot=Wholesome Auto Quest poi=QuestTurnIn combat=False
[09:15:48.405] [D] [Pulse] Slow bot root: 470ms bot=Wholesome Auto Quest poi=QuestTurnIn combat=False
[09:15:49.446] [D] [Pulse] Slow bot root: 470ms bot=Wholesome Auto Quest poi=QuestTurnIn combat=False
[09:15:49.545] [D] [Pulse] Slow plugin: name=Tidy Bags 3 Reloaded elapsed=63ms
[09:15:50.480] [D] [Pulse] Slow bot root: 465ms bot=Wholesome Auto Quest poi=QuestTurnIn combat=False
[09:15:51.514] [D] [Pulse] Slow bot root: 463ms bot=Wholesome Auto Quest poi=QuestTurnIn combat=False
[09:15:52.584] [D] [Pulse] Slow bot root: 468ms bot=Wholesome Auto Quest poi=QuestTurnIn combat=False
[09:15:53.615] [D] [Pulse] Slow bot root: 463ms bot=Wholesome Auto Quest poi=QuestTurnIn combat=False
[09:15:54.180] [D] [QuestLog] Loaded 69 completed quests from Lua fallback
[09:15:55.116] [D] [Pulse] Slow bot root: 467ms bot=Wholesome Auto Quest poi=QuestTurnIn combat=False
[09:15:55.351] [D] [Pulse] Slow plugin: name=AutoEquip2 elapsed=200ms
[09:15:55.418] [D] [Pulse] Slow shared pulse: total=302ms movement=0 objects=0 lua=0 info=0 loot=0 targeting=34 events=0 plugins=267 routine=0
[09:15:56.353] [D] [Pulse] Slow bot root: 465ms bot=Wholesome Auto Quest poi=QuestTurnIn combat=False
[09:15:57.384] [D] [Pulse] Slow bot root: 464ms bot=Wholesome Auto Quest poi=QuestTurnIn combat=False
[09:15:58.462] [D] [Pulse] Slow bot root: 473ms bot=Wholesome Auto Quest poi=QuestTurnIn combat=False
[09:15:59.502] [D] [Pulse] Slow bot root: 465ms bot=Wholesome Auto Quest poi=QuestTurnIn combat=False
[09:15:59.602] [D] [Pulse] Slow plugin: name=Tidy Bags 3 Reloaded elapsed=63ms
[09:16:00.543] [D] [Pulse] Slow bot root: 473ms bot=Wholesome Auto Quest poi=QuestTurnIn combat=False
[09:16:01.542] [N] Loading 1_27_35
[09:16:01.542] [N] Loading 1_26_34
[09:16:01.542] [N] Loading 1_26_33
[09:16:01.542] [N] Loading 1_26_35
[09:16:01.542] [N] Loading 1_26_32
[09:16:01.542] [N] Loading 1_27_31
[09:16:01.609] [D] [Pulse] Slow bot root: 500ms bot=Wholesome Auto Quest poi=QuestTurnIn combat=False
[09:16:02.645] [D] [Pulse] Slow bot root: 467ms bot=Wholesome Auto Quest poi=QuestTurnIn combat=False
[09:16:03.722] [D] [Pulse] Slow bot root: 473ms bot=Wholesome Auto Quest poi=QuestTurnIn combat=False
[09:16:04.759] [D] [Pulse] Slow bot root: 469ms bot=Wholesome Auto Quest poi=QuestTurnIn combat=False
[09:16:05.795] [D] [Pulse] Slow bot root: 470ms bot=Wholesome Auto Quest poi=QuestTurnIn combat=False
[09:16:06.029] [D] [Pulse] Slow plugin: name=AutoEquip2 elapsed=198ms
[09:16:06.095] [D] [Pulse] Slow shared pulse: total=300ms movement=0 objects=0 lua=0 info=0 loot=0 targeting=34 events=0 plugins=264 routine=0
[09:16:07.063] [D] [Pulse] Slow bot root: 468ms bot=Wholesome Auto Quest poi=QuestTurnIn combat=False
[09:16:08.098] [D] [Pulse] Slow bot root: 467ms bot=Wholesome Auto Quest poi=QuestTurnIn combat=False
[09:16:09.165] [D] [Pulse] Slow bot root: 466ms bot=Wholesome Auto Quest poi=QuestTurnIn combat=False
[09:16:10.199] [D] [Pulse] Slow bot root: 466ms bot=Wholesome Auto Quest poi=QuestTurnIn combat=False
[09:16:10.299] [D] [Pulse] Slow plugin: name=Tidy Bags 3 Reloaded elapsed=63ms
[09:16:11.234] [D] [Pulse] Slow bot root: 470ms bot=Wholesome Auto Quest poi=QuestTurnIn combat=False
[09:16:12.277] [D] [Pulse] Slow bot root: 472ms bot=Wholesome Auto Quest poi=QuestTurnIn combat=False
[09:16:13.310] [D] [Pulse] Slow bot root: 466ms bot=Wholesome Auto Quest poi=QuestTurnIn combat=False
[09:16:14.381] [D] [Pulse] Slow bot root: 467ms bot=Wholesome Auto Quest poi=QuestTurnIn combat=False
[09:16:15.418] [D] [Pulse] Slow bot root: 466ms bot=Wholesome Auto Quest poi=QuestTurnIn combat=False
[09:16:16.459] [D] [Pulse] Slow bot root: 469ms bot=Wholesome Auto Quest poi=QuestTurnIn combat=False
[09:16:16.694] [D] [Pulse] Slow plugin: name=AutoEquip2 elapsed=199ms
[09:16:16.761] [D] [Pulse] Slow shared pulse: total=302ms movement=0 objects=0 lua=0 info=0 loot=0 targeting=35 events=0 plugins=266 routine=0
[09:16:17.651] [N] Loading 1_30_33
[09:16:17.651] [N] Loading 1_30_32
[09:16:17.701] [D] [Pulse] Slow bot root: 463ms bot=Wholesome Auto Quest poi=QuestTurnIn combat=False
[09:16:18.734] [D] [Pulse] Slow bot root: 467ms bot=Wholesome Auto Quest poi=QuestTurnIn combat=False
[09:16:19.808] [D] [Pulse] Slow bot root: 474ms bot=Wholesome Auto Quest poi=QuestTurnIn combat=False
[09:16:20.839] [D] [Pulse] Slow bot root: 463ms bot=Wholesome Auto Quest poi=QuestTurnIn combat=False
[09:16:20.941] [D] [Pulse] Slow plugin: name=Tidy Bags 3 Reloaded elapsed=65ms
[09:16:21.873] [D] [Pulse] Slow bot root: 467ms bot=Wholesome Auto Quest poi=QuestTurnIn combat=False
[09:16:22.909] [D] [Pulse] Slow bot root: 467ms bot=Wholesome Auto Quest poi=QuestTurnIn combat=False
[09:16:23.942] [D] [Pulse] Slow bot root: 468ms bot=Wholesome Auto Quest poi=QuestTurnIn combat=False
[09:16:25.015] [D] [Pulse] Slow bot root: 469ms bot=Wholesome Auto Quest poi=QuestTurnIn combat=False
[09:16:26.049] [D] [Pulse] Slow bot root: 466ms bot=Wholesome Auto Quest poi=QuestTurnIn combat=False
[09:16:27.084] [D] [Pulse] Slow bot root: 463ms bot=Wholesome Auto Quest poi=QuestTurnIn combat=False
[09:16:27.325] [D] [Pulse] Slow plugin: name=AutoEquip2 elapsed=206ms
[09:16:27.384] [D] [Pulse] Slow shared pulse: total=300ms movement=0 objects=0 lua=0 info=0 loot=0 targeting=33 events=0 plugins=266 routine=0
[09:16:28.320] [D] [Pulse] Slow bot root: 469ms bot=Wholesome Auto Quest poi=QuestTurnIn combat=False
[09:16:29.355] [D] [Pulse] Slow bot root: 467ms bot=Wholesome Auto Quest poi=QuestTurnIn combat=False
[09:16:30.426] [D] [Pulse] Slow bot root: 469ms bot=Wholesome Auto Quest poi=QuestTurnIn combat=False
[09:16:31.466] [D] [Pulse] Slow bot root: 468ms bot=Wholesome Auto Quest poi=QuestTurnIn combat=False
[09:16:31.567] [D] [Pulse] Slow plugin: name=Tidy Bags 3 Reloaded elapsed=64ms
[09:16:32.502] [D] [Pulse] Slow bot root: 466ms bot=Wholesome Auto Quest poi=QuestTurnIn combat=False
[09:16:33.545] [D] [Pulse] Slow bot root: 471ms bot=Wholesome Auto Quest poi=QuestTurnIn combat=False
[09:16:34.565] [N] Stopping the bot!
[09:16:34.568] [N] Bot stopping! Reason: User request
[09:16:34.584] [D] System.Threading.ThreadInterruptedException: Thread was interrupted from a waiting state.
   at System.Threading.WaitHandle.<WaitOneCore>g____PInvoke|0_0(IntPtr __waitHandle_native, Int32 __millisecondsTimeout_native, Int32 __useTrivialWaits_native)
   at System.Threading.WaitHandle.<WaitOneCore>g____PInvoke|0_0(IntPtr __waitHandle_native, Int32 __millisecondsTimeout_native, Int32 __useTrivialWaits_native)
   at GreenMagic.ExecutorRand.WaitForInjection(Int32 timeout)
   at GreenMagic.ExecutorRand.SharedExecuteLogicEnd(Int32 timeout)
   at GreenMagic.ExecutorRand.Execute()
   at System.Runtime.ExceptionServices.InternalCalls.<RhpSfiNext>g____PInvoke|1_0(StackFrameIterator* __pThis_native, UInt32* __uExCollideClauseIdx_native, Boolean* __fUnwoundReversePInvoke_native, Boolean* __fIsExceptionIntercepted_native)
   at Styx.WoWInternals.WoWMovement.CallClickToMove(ClickToMoveType clickToMoveType, UInt64 guid, WoWPoint clickPos, Single facing)
   at Styx.Logic.Pathing.ClickToMoveMover.MoveTowards(WoWPoint location)
   at Styx.Logic.Pathing.MeshNavigator.MoveToCore(WoWPoint destination, Single precision, String destinationName)
   at System.Runtime.ExceptionServices.InternalCalls.<RhpSfiNext>g____PInvoke|1_0(StackFrameIterator* __pThis_native, UInt32* __uExCollideClauseIdx_native, Boolean* __fUnwoundReversePInvoke_native, Boolean* __fIsExceptionIntercepted_native)
   at Styx.Logic.Pathing.MeshNavigator.MoveTo(WoWPoint destination, Single precision, String destinationName)
   at Styx.Logic.Pathing.Navigator.MoveTo(WoWPoint destination, Single precision, String destinationName)
   at System.Runtime.ExceptionServices.InternalCalls.<RhpSfiNext>g____PInvoke|1_0(StackFrameIterator* __pThis_native, UInt32* __uExCollideClauseIdx_native, Boolean* __fUnwoundReversePInvoke_native, Boolean* __fIsExceptionIntercepted_native)
   at Styx.Logic.Pathing.Flightor.MoveTo(WoWPoint destination, Single minHeight)
   at CommonBehaviors.Actions.ActionMoveToPoi.Run(Object context)
   at TreeSharp.Action.RunAction(Object context)
   at TreeSharp.Action.Execute(Object context)+MoveNext()
   at TreeSharp.Composite.Tick(Object context)
[09:16:34.585] [D] [Pulse] Slow bot root: 469ms bot=Wholesome Auto Quest poi=QuestTurnIn combat=False
[09:16:34.586] [D] [QuestRecovery] quest=6542, stage=TurnIn, old=Attempting, new=Eligible, reason=None, episode=0, attempt=0, retry=
[09:16:34.632] [D] Cleared POI
[09:16:34.634] [D] Worker thread exited cleanly
[09:16:43.842] [D] [Settings] Saved all settings
