[16:36:30.186] [N] CopilotBuddy v1.6.6 started. Original HonorBuddy by Apoc, raphus, highvoltz, bobby53, xanathos, chinajade. Ported to WotLK 3.3.5a by Likon69.
[16:36:30.596] [N] Searching for WoW process...
[16:36:30.719] [N] Please wait a few seconds while CopilotBuddy initializes.
[16:36:30.719] [D] Using WoW with process ID 14972
[16:36:30.719] [D] Platform: x86
[16:36:30.719] [D] Executable Path: D:\World of Warcraft 3.3.5a\CB\
[16:36:30.749] [D] [ObjectManager] WoW build 12340 detected - OK
[16:36:30.751] [D] [ObjectManager] D3DDevicePtr = 0x00C5DF88
[16:36:30.751] [D] [ObjectManager] devicePtrAddr = 0x052FCBD0
[16:36:30.751] [D] [ObjectManager] device = 0x0A4F5E00 (at 0x0530054C)
[16:36:30.751] [D] [ObjectManager] vtablePtr = 0x0A4F8D5C
[16:36:30.751] [D] [ObjectManager] endSceneAddr = 0x643348F0 (at 0x0A4F8E04)
[16:36:30.751] [D] [ObjectManager] D3D: Device=0x0A4F5E00, VTable=0x0A4F8D5C, EndScene=0x643348F0
[16:36:30.751] [D] [ObjectManager] Creating ExecutorRand...
[16:36:30.795] [D] [ObjectManager] ExecutorRand created, IsInitialized = True
[16:36:30.795] [D] [ObjectManager] EndScene hook succeeded
[16:36:30.800] [D] [ObjectManager] Initialized successfully
[16:36:30.805] [N] Attached to WoW with ID 14972
[16:36:30.807] [N] Character is a level 26 BloodElf Paladin
[16:36:30.809] [N] Current zone is The Barrens
[16:36:30.828] [D] [Settings] Loaded settings for character: Jeof
[16:36:30.829] [N] Initializing Combat Routines...
[16:36:30.832] [D] Looking for routines in: D:\World of Warcraft 3.3.5a\CB\Routines
[16:36:30.833] [D] Compiling Singular wotlk
[16:36:33.255] [N] Loaded routine: Singular Wotlk for class Paladin
[16:36:33.255] [N] Loaded 1 combat routine(s)
[16:36:33.262] [N] Chose Singular Wotlk as your combat class.
[16:36:33.262] [N] Confirmed Paladin as your class.
[16:36:33.262] [N] [Singular] Starting Singular v2.0.0.0
[16:36:33.262] [N] [Singular] Determining talent spec.
[16:36:33.845] [D] [Singular-DEBUG] [Talents] Best Tree: 16
[16:36:33.845] [N] [Singular] Current spec is  Retribution Paladin
[16:36:33.855] [D] [WoWDb] Loaded 237 DBC tables
[16:36:33.856] [D] [WoWDb]   Key=235 (0x000000EB) Rows=1893
[16:36:33.856] [D] [WoWDb]   Key=236 (0x000000EC) Rows=7655
[16:36:33.856] [D] [WoWDb]   Key=237 (0x000000ED) Rows=86
[16:36:33.856] [D] [WoWDb]   Key=238 (0x000000EE) Rows=506
[16:36:33.856] [D] [WoWDb]   Key=239 (0x000000EF) Rows=291
[16:36:33.856] [D] [WoWDb] Lock DBC lookup: FOUND (rows=388)
[16:36:33.856] [D] [WoWDb] ClientDb.Lock enum value = 356 (0x00000164)
[16:36:33.857] [D] [Singular-DEBUG] Creating Combat behavior.
[16:36:33.858] [N] [Singular] Building method list
[16:36:33.859] [N] [Singular] Added 450 methods
[16:36:33.861] [D] [Singular-DEBUG] CreateRetributionPaladinNormalPullAndCombat is a match!
[16:36:33.861] [N] [Singular]  Using CreateRetributionPaladinNormalPullAndCombat for Retribution Paladin - Combat (Priority: 0)
[16:36:33.874] [D] [Singular-DEBUG] Creating Pull behavior.
[16:36:33.875] [D] [Singular-DEBUG] CreateRetributionPaladinNormalPullAndCombat is a match!
[16:36:33.875] [N] [Singular]  Using CreateRetributionPaladinNormalPullAndCombat for Retribution Paladin - Pull (Priority: 0)
[16:36:33.876] [D] [Singular-DEBUG] Creating Rest behavior.
[16:36:33.877] [D] [Singular-DEBUG] CreateRetributionPaladinRest is a match!
[16:36:33.877] [N] [Singular]  Using CreateRetributionPaladinRest for Retribution Paladin - Rest (Priority: 0)
[16:36:33.879] [D] [Singular-DEBUG] Creating CombatBuffs behavior.
[16:36:33.881] [D] [Singular-DEBUG] Creating Heal behavior.
[16:36:33.882] [D] [Singular-DEBUG] CreateRetributionPaladinHeal is a match!
[16:36:33.882] [N] [Singular]  Using CreateRetributionPaladinHeal for Retribution Paladin - Heal (Priority: 0)
[16:36:33.882] [D] [Singular-DEBUG] CreateRetributionPaladinNormalPullAndCombat is a match!
[16:36:33.882] [N] [Singular]  Using CreateRetributionPaladinNormalPullAndCombat for Retribution Paladin - Heal (Priority: 0)
[16:36:33.883] [D] [Singular-DEBUG] Creating PullBuffs behavior.
[16:36:33.884] [D] [Singular-DEBUG] Creating PreCombatBuffs behavior.
[16:36:33.885] [D] [Singular-DEBUG] CreatePaladinPreCombatBuffs is a match!
[16:36:33.885] [N] [Singular]  Using CreatePaladinPreCombatBuffs for Retribution Paladin - PreCombatBuffs (Priority: 0)
[16:36:33.894] [N] [Singular] Behaviors created!
[16:36:33.909] [D] [Singular-DEBUG] Attached combat log
[16:36:33.909] [D] Routine initialized successfully
[16:36:33.910] [D] Loading built-in bots from assembly: CopilotBuddy
[16:36:33.933] [D] Found bot type: PartyBot.DiscoBot
[16:36:33.933] [N] New bot added: Party Bot
[16:36:33.933] [D] Loaded built-in bot: Party Bot
[16:36:33.933] [D] Found bot type: Bots.Quest.QuestBot
[16:36:33.933] [N] New bot added: Questing
[16:36:33.933] [D] Loaded built-in bot: Questing
[16:36:33.933] [D] Found bot type: Bots.Grind.LevelBot
[16:36:33.933] [N] New bot added: Grind
[16:36:33.933] [D] Loaded built-in bot: Grind
[16:36:33.933] [D] Found bot type: Bots.Gatherbuddy.GatherbuddyBot
[16:36:33.933] [N] New bot added: GatherBuddy
[16:36:33.933] [D] Loaded built-in bot: GatherBuddy
[16:36:33.933] [D] Found bot type: Bots.DungeonBuddy.DungeonBuddy
[16:36:33.934] [N] New bot added: DungeonBuddy
[16:36:33.934] [D] Loaded built-in bot: DungeonBuddy
[16:36:33.934] [D] Found bot type: Bots.BGBuddy.BGBuddy
[16:36:33.934] [N] New bot added: BGBuddy
[16:36:33.934] [D] Loaded built-in bot: BGBuddy
[16:36:33.934] [D] Built-in bot loading complete. 6 bots loaded.
[16:36:33.938] [N] Loading bots from: D:\World of Warcraft 3.3.5a\CB\Bots
[16:36:33.945] [N] Found 123 source files
[16:36:33.951] [N] Found 0 dll files
[16:36:33.952] [N] Compiling: CombatBot.cs
[16:36:34.117] [N] Compiled successfully: CombatBot.cs
[16:36:34.117] [N] Compiling directory: Auto Angler 2/ (23 files)
[16:36:34.408] [N] Compiled successfully: Auto Angler 2/
[16:36:34.408] [N] Compiling directory: LazyRaider/ (4 files)
[16:36:34.647] [N] Compiled successfully: LazyRaider/
[16:36:34.647] [N] Compiling directory: ProfessionBuddy/ (52 files)
[16:36:35.426] [N] Compiled successfully: ProfessionBuddy/
[16:36:35.426] [N] Compiling directory: Templar/ (27 files)
[16:36:35.804] [N] Compiled successfully: Templar/
[16:36:35.804] [N] Compiling directory: Tyrael/ (5 files)
[16:36:35.993] [N] Compiled successfully: Tyrael/
[16:36:35.993] [N] Compiling directory: WholesomeAutoQuest-master/ (11 files)
[16:36:36.597] [N] Compiled successfully: WholesomeAutoQuest-master/
[16:36:36.597] [N] ClassCollection contains 7 compiled bots
[16:36:36.597] [N] Adding bot: Combat Bot
[16:36:36.597] [N] New bot added: Combat Bot
[16:36:36.597] [N] Adding bot: AutoAngler
[16:36:36.597] [N] New bot added: AutoAngler
[16:36:36.597] [N] Adding bot: LazyRaider
[16:36:36.597] [N] New bot added: LazyRaider
[16:36:36.597] [N] Adding bot: ProfessionBuddy
[16:36:36.597] [N] New bot added: ProfessionBuddy
[16:36:36.598] [N] Adding bot: Templar
[16:36:36.598] [N] New bot added: Templar
[16:36:36.598] [N] Adding bot: Tyrael
[16:36:36.598] [N] New bot added: Tyrael
[16:36:36.598] [N] Adding bot: Wholesome Auto Quest
[16:36:36.598] [N] New bot added: Wholesome Auto Quest
[16:36:36.598] [N] Bot loading complete. 13 bots loaded.
[16:36:36.598] [N] Initializing Plugins...
[16:36:37.201] [D] [WeightSet] Selected weight set: Paladin-Holy
[16:36:38.349] [N] [DeathStallRecovery] Enabled. The bot will stop if corpse recovery makes no movement progress for 60 seconds.
[16:36:39.232] [D] Rarekiller: Loading config file: D:\World of Warcraft 3.3.5a\CB\Plugins\RareKiller\config\Rarekiller.config
[16:36:39.233] [D] Root element is missing.
[16:36:39.233] [N] Rarekiller: Continuing with Default Config Values
[16:36:39.234] [D] Rarekiller: Loading config file: D:\World of Warcraft 3.3.5a\CB\Plugins\RareKiller\config\Rarekiller.config
[16:36:39.234] [D] Root element is missing.
[16:36:39.234] [N] Rarekiller: Continuing with Default Config Values
[16:36:39.234] [N] Rare Mob Killer - Version 3.3 Loaded.
[16:36:39.234] [N] Rarekiller Part Tamer: I'm no Hunter. Deactivate the Tamer Part
[16:36:39.772] [N] [VendorRecovery] Enabled. Failed Sell/Repair vendors will be skipped after 35 seconds at the NPC.
[16:36:39.946] [N] Plugin loading complete. 16 plugins loaded.
[16:36:39.946] [N] Plugins refreshed successfully.
[16:36:39.949] [N] Changing current bot to: Wholesome Auto Quest
[16:36:46.187] [D] [Settings] Saved all settings
[16:36:46.187] [N] Starting the bot.
[16:36:46.188] [N] Currently Using BotBase : Wholesome Auto Quest
[16:36:46.189] [N] Character is a level 26 BloodElf Paladin
[16:36:46.189] [N] Current zone is The Barrens
[16:36:46.191] [D] Loading profile from D:\World of Warcraft 3.3.5a\CB\Bots\WholesomeAutoQuest\WHOLESOME_AUTOQUESTER.xml
[16:36:46.251] [D] [CompileBatch] Compiling 1 entries...
[16:36:46.349] [D] [CompileBatch] Compiled successfully.
[16:36:46.352] [N] Profile loaded: WholesomeAQ - The Barrens
[16:36:46.353] [D] Selected sub-profile: WholesomeAQ - The Barrens (L1-80)
[16:36:46.547] [D] [WholesomeAQ] Navigation fingerprint unknown: provider or mesh-root stamp unavailable.
[16:36:46.659] [N] [Wholesome Auto Quest] Loaded 1 blacklisted vendors
[16:36:47.122] [D] [QuestLog] Loaded 75 completed quests from Lua fallback
[16:36:47.155] [D] [ProfileBatchManager] Batch reset for new profile session.
[16:36:47.156] [N] [Wholesome Auto Quest] Class Paladin → PullDistance set to 24
[16:36:47.157] [N] [Wholesome Auto Quest] Initial scheduler build.
[16:36:47.785] [D] [WholesomeAQ] Quest chain correction: ancestor=843; descendant=846.
[16:36:47.785] [D] [WholesomeAQ] Quest chain correction: ancestor=843; descendant=849.
[16:36:47.809] [D] [QuestRecovery] quest=843, stage=Objective, old=Eligible, new=Quarantined, reason=InvalidQuestData, episode=1, attempt=1, retry=8/9/2026 2:36:47 PM
[16:36:47.841] [D] Activity: No eligible quest work; idle until 2026-09-08T09:10:22.7442338Z. excluded quest=104;stage=Pickup;npc=392;reason=outside-scan-radius;retry=context-change excluded quest=1058;stage=Pickup;npc=3995;reason=outside-scan-radius;retry=context-change excluded quest=1062;stage=TurnIn;npc=4049;reason=outside-scan-radius;retry=context-change excluded quest=1069;stage=Objective;objective=0;reason=outside-scan-radius;retry=context-change. excluded quest=1087;stage=Objective;objective=2;reason=outside-scan-radius;retry=context-change. excluded quest=1093;stage=Objective;scope=Objective;objective=0;retry=2026-09-08T09:10:22.7442338Z;state=HalfOpen. excluded quest=11127;stage=Pickup;scope=QuestStage;retry=2026-09-08T09:10:22.7442338Z;state=HalfOpen. excluded quest=1195;stage=Pickup;npc=4721;reason=outside-scan-radius;retry=context-change excluded quest=14106;stage=Pickup;scope=QuestStage;retry=2026-09-08T09:10:22.7442338Z;state=HalfOpen. excluded quest=1483;stage=Pickup;scope=NpcRelation;npc=3442;retry=2026-09-08T09:10:22.7442338Z;state=HalfOpen. excluded quest=152;stage=Pickup;npc=392;reason=outside-scan-radius;retry=context-change excluded quest=2098;stage=Pickup;npc=6667;reason=outside-scan-radius;retry=context-change excluded quest=216;stage=Pickup;npc=12757;reason=outside-scan-radius;retry=context-change excluded quest=235;stage=Pickup;npc=10880;reason=outside-scan-radius;retry=context-change excluded quest=4542;stage=Pickup;npc=10079;reason=outside-scan-radius;retry=context-change excluded quest=470;stage=Pickup;npc=2111;reason=outside-scan-radius;retry=context-change excluded quest=472;stage=Pickup;npc=2097;reason=outside-scan-radius;retry=context-change excluded quest=4821;stage=Pickup;npc=10539;reason=outside-scan-radius;retry=context-change excluded quest=4921;stage=Objective;scope=QuestStage;retry=2026-09-08T09:10:22.7442338Z;state=HalfOpen. excluded quest=493;stage=Pickup;npc=1937;reason=outside-scan-radius;retry=context-change excluded quest=494;stage=Pickup;npc=2214;reason=outside-scan-radius;retry=context-change excluded quest=496;stage=Pickup;npc=2216;reason=outside-scan-radius;retry=context-change excluded quest=498;stage=Pickup;npc=2229;reason=outside-scan-radius;retry=context-change excluded quest=501;stage=Pickup;npc=2216;reason=outside-scan-radius;retry=context-change excluded quest=516;stage=Pickup;npc=2121;reason=outside-scan-radius;retry=context-change excluded quest=527;stage=Pickup;npc=2215;reason=outside-scan-radius;retry=context-change excluded quest=546;stage=Pickup;npc=2418;reason=outside-scan-radius;retry=context-change excluded quest=549;stage=Pickup;npc=1763;reason=outside-scan-radius;retry=context-change excluded quest=6282;stage=Pickup;npc=11860;reason=outside-scan-radius;retry=context-change excluded quest=6381;stage=Pickup;npc=11864;reason=outside-scan-radius;retry=context-change excluded quest=6382;stage=TurnIn;npc=12696;reason=outside-scan-radius;retry=context-change excluded quest=6383;stage=Pickup;scope=NpcRelation;npc=12696;retry=2026-09-08T09:10:22.7442338Z;state=HalfOpen. excluded quest=6393;stage=Objective;scope=Objective;objective=0;retry=2026-09-08T09:10:22.7442338Z;state=HalfOpen. excluded quest=6441;stage=Objective;scope=Objective;objective=0;retry=2026-09-08T11:53:44.3110653Z;state=Quarantined. excluded quest=6442;stage=Pickup;npc=12719;reason=outside-scan-radius;retry=context-change excluded quest=6461;stage=TurnIn;npc=12816;reason=outside-scan-radius;retry=context-change excluded quest=6462;stage=Pickup;npc=12721;reason=outside-scan-radius;retry=context-change excluded quest=6541;stage=Pickup;scope=NpcRelation;npc=3429;retry=2026-09-08T09:10:22.7442338Z;state=HalfOpen. excluded quest=6543;stage=Objective;scope=Objective;objective=0;retry=2026-09-08T11:57:53.5602004Z;state=Quarantined. excluded quest=742;stage=Pickup;npc=10881;reason=outside-scan-radius;retry=context-change excluded quest=747;stage=Objective;scope=Objective;objective=0;retry=2026-09-08T13:06:01.2335671Z;state=Quarantined. excluded quest=747;stage=Objective;scope=Objective;objective=1;retry=2026-09-08T13:30:35.1661766Z;state=Quarantined. excluded quest=7790;stage=Pickup;scope=QuestStage;retry=2026-09-08T09:10:22.7442338Z;state=HalfOpen. excluded quest=843;stage=AncestorCorrection;objective=0;reason=outside-scan-radius;retry=context-change. excluded quest=843;stage=AncestorCorrection;objective=1;reason=outside-scan-radius;retry=context-change. excluded quest=843;stage=AncestorCorrection;objective=2;reason=no-known-hotspots;retry=context-change. excluded quest=8487;stage=TurnIn;scope=QuestStage;retry=2026-09-08T09:10:22.7442338Z;state=HalfOpen. excluded quest=867;stage=Objective;scope=Objective;objective=0;retry=2026-09-08T13:46:19.0888015Z;state=Quarantined. excluded quest=868;stage=TurnIn;npc=3428;reason=outside-scan-radius;retry=context-change excluded quest=879;stage=Objective;scope=Objective;objective=0;retry=2026-09-08T14:12:05.6037548Z;state=Quarantined. excluded quest=879;stage=Objective;scope=Objective;objective=1;retry=2026-09-08T14:12:05.6038234Z;state=Quarantined. excluded quest=879;stage=Objective;scope=Objective;objective=2;retry=2026-09-08T14:12:05.6038609Z;state=Quarantined. excluded quest=8889;stage=Objective;objective=0;reason=outside-scan-radius;retry=context-change. excluded quest=8889;stage=Objective;objective=1;reason=outside-scan-radius;retry=context-change. excluded quest=8889;stage=Objective;objective=2;reason=outside-scan-radius;retry=context-change. excluded quest=891;stage=Objective;scope=QuestStage;retry=2026-09-08T09:10:22.7442338Z;state=HalfOpen. excluded quest=893;stage=Objective;scope=Objective;objective=0;retry=2026-09-08T12:48:05.9519603Z;state=Quarantined. excluded quest=893;stage=Objective;scope=Objective;objective=1;retry=2026-09-08T12:48:05.9520521Z;state=Quarantined. excluded quest=893;stage=Objective;scope=Objective;objective=2;retry=2026-09-08T12:48:05.9520844Z;state=Quarantined. excluded quest=896;stage=Objective;scope=Objective;objective=0;retry=2026-09-08T13:55:41.1186828Z;state=Quarantined. excluded quest=9067;stage=Objective;scope=Objective;objective=0;retry=2026-09-08T09:10:22.7442338Z;state=HalfOpen. excluded quest=9151;stage=Pickup;npc=16199;reason=outside-scan-radius;retry=context-change excluded quest=9157;stage=TurnIn;scope=QuestStage;retry=2026-09-08T09:10:22.7442338Z;state=HalfOpen. excluded quest=9275;stage=Pickup;npc=16464;reason=outside-scan-radius;retry=context-change excluded quest=9388;stage=Pickup;scope=QuestStage;retry=2026-09-08T09:10:22.7442338Z;state=HalfOpen. excluded quest=9389;stage=Pickup;scope=QuestStage;retry=2026-09-08T09:10:22.7442338Z;state=HalfOpen. excluded quest=9425;stage=Pickup;npc=16287;reason=outside-scan-radius;retry=context-change excluded quest=9428;stage=Pickup;npc=17098;reason=outside-scan-radius;retry=context-change excluded quest=9749;stage=Pickup;scope=QuestStage;retry=2026-09-08T09:10:22.7442338Z;state=HalfOpen. Expanding scan radius from 250 to 500 yards before fallback.
[16:36:47.841] [N] [Wholesome Auto Quest] Started with quest data loaded.
[16:36:47.876] [N] [SpellDb] Loaded 49816 spells from Spells.bin
[16:36:47.923] [D] Setting CVars: autoSelfCast=1, autoLootDefault=1
[16:36:47.990] [D] Cleared POI
[16:36:47.998] [D] Refresh() called. LastCount=0, CurrentCount=34
[16:36:47.998] [N] Building spell book
[16:36:47.999] [D] Found 34 spells from LocalPlayer.KnownSpells
[16:36:47.999] [N] Adding Arcane Affinity
[16:36:47.999] [N] Adding Arcane Torrent
[16:36:47.999] [N] Adding Auto Attack
[16:36:48.000] [N] Adding Block
[16:36:48.000] [N] Adding Dodge
[16:36:48.000] [N] Adding Magic Resistance
[16:36:48.001] [N] Adding Parry
[16:36:48.001] [N] Adding Blessing of Wisdom
[16:36:48.001] [N] Adding Concentration Aura
[16:36:48.001] [N] Adding Consecration
[16:36:48.002] [N] Adding Exorcism
[16:36:48.002] [N] Adding Flash of Light
[16:36:48.002] [N] Adding Holy Light
[16:36:48.003] [N] Adding Lay on Hands
[16:36:48.003] [N] Adding Purify
[16:36:48.003] [N] Adding Seal of Righteousness
[16:36:48.004] [N] Adding Sense Undead
[16:36:48.004] [N] Adding Turn Evil
[16:36:48.004] [N] Adding Blessing of Kings
[16:36:48.005] [N] Adding Devotion Aura
[16:36:48.005] [N] Adding Divine Protection
[16:36:48.005] [N] Adding Hammer of Justice
[16:36:48.006] [N] Adding Hand of Freedom
[16:36:48.006] [N] Adding Hand of Protection
[16:36:48.006] [N] Adding Hand of Reckoning
[16:36:48.007] [N] Adding Hand of Salvation
[16:36:48.007] [N] Adding Righteous Defense
[16:36:48.007] [N] Adding Righteous Fury
[16:36:48.008] [N] Adding Seal of Justice
[16:36:48.008] [N] Adding Blessing of Might
[16:36:48.008] [N] Adding Judgement of Light
[16:36:48.009] [N] Adding Judgement of Wisdom
[16:36:48.009] [N] Adding Retribution Aura
[16:36:48.009] [N] Adding Seal of Command
[16:36:48.010] [N] Spell book built
[16:36:48.018] [D] [SpellManager] Initialize — subscribed to BotEvents.OnBotStart
[16:36:48.641] [D] [Pulse] Slow plugin: name=AutoEquip2 elapsed=500ms
[16:36:48.674] [D] [Talented] SelectMajorTalentTree called but not needed in WotLK 3.3.5a
[16:36:48.689] [D] [Pulse] Slow plugin: name=Talented elapsed=47ms
[16:36:48.740] [D] [Pulse] Slow plugin: name=Tidy Bags 3 Reloaded elapsed=50ms
[16:36:48.745] [D] [Pulse] Slow shared pulse: total=683ms movement=0 objects=1 lua=0 info=0 loot=12 targeting=60 events=1 plugins=601 routine=5
[16:36:49.345] [D] [WholesomeAQ] Quest chain correction: ancestor=843; descendant=846.
[16:36:49.345] [D] [WholesomeAQ] Quest chain correction: ancestor=843; descendant=849.
[16:36:49.355] [D] Activity: No eligible quest work; idle until 2026-09-08T09:10:22.7442338Z. excluded quest=104;stage=Pickup;npc=392;reason=outside-scan-radius;retry=context-change excluded quest=1058;stage=Pickup;npc=3995;reason=outside-scan-radius;retry=context-change excluded quest=1062;stage=TurnIn;npc=4049;reason=outside-scan-radius;retry=context-change excluded quest=1069;stage=Objective;objective=0;reason=outside-scan-radius;retry=context-change. excluded quest=1087;stage=Objective;objective=2;reason=outside-scan-radius;retry=context-change. excluded quest=1093;stage=Objective;scope=Objective;objective=0;retry=2026-09-08T09:10:22.7442338Z;state=HalfOpen. excluded quest=11127;stage=Pickup;scope=QuestStage;retry=2026-09-08T09:10:22.7442338Z;state=HalfOpen. excluded quest=1195;stage=Pickup;npc=4721;reason=outside-scan-radius;retry=context-change excluded quest=14106;stage=Pickup;scope=QuestStage;retry=2026-09-08T09:10:22.7442338Z;state=HalfOpen. excluded quest=1483;stage=Pickup;scope=NpcRelation;npc=3442;retry=2026-09-08T09:10:22.7442338Z;state=HalfOpen. excluded quest=152;stage=Pickup;npc=392;reason=outside-scan-radius;retry=context-change excluded quest=2098;stage=Pickup;npc=6667;reason=outside-scan-radius;retry=context-change excluded quest=216;stage=Pickup;npc=12757;reason=outside-scan-radius;retry=context-change excluded quest=235;stage=Pickup;npc=10880;reason=outside-scan-radius;retry=context-change excluded quest=4542;stage=Pickup;npc=10079;reason=outside-scan-radius;retry=context-change excluded quest=470;stage=Pickup;npc=2111;reason=outside-scan-radius;retry=context-change excluded quest=472;stage=Pickup;npc=2097;reason=outside-scan-radius;retry=context-change excluded quest=4821;stage=Pickup;npc=10539;reason=outside-scan-radius;retry=context-change excluded quest=4921;stage=Objective;scope=QuestStage;retry=2026-09-08T09:10:22.7442338Z;state=HalfOpen. excluded quest=493;stage=Pickup;npc=1937;reason=outside-scan-radius;retry=context-change excluded quest=494;stage=Pickup;npc=2214;reason=outside-scan-radius;retry=context-change excluded quest=496;stage=Pickup;npc=2216;reason=outside-scan-radius;retry=context-change excluded quest=498;stage=Pickup;npc=2229;reason=outside-scan-radius;retry=context-change excluded quest=501;stage=Pickup;npc=2216;reason=outside-scan-radius;retry=context-change excluded quest=516;stage=Pickup;npc=2121;reason=outside-scan-radius;retry=context-change excluded quest=527;stage=Pickup;npc=2215;reason=outside-scan-radius;retry=context-change excluded quest=546;stage=Pickup;npc=2418;reason=outside-scan-radius;retry=context-change excluded quest=549;stage=Pickup;npc=1763;reason=outside-scan-radius;retry=context-change excluded quest=6282;stage=Pickup;npc=11860;reason=outside-scan-radius;retry=context-change excluded quest=6381;stage=Pickup;npc=11864;reason=outside-scan-radius;retry=context-change excluded quest=6382;stage=TurnIn;npc=12696;reason=outside-scan-radius;retry=context-change excluded quest=6383;stage=Pickup;scope=NpcRelation;npc=12696;retry=2026-09-08T09:10:22.7442338Z;state=HalfOpen. excluded quest=6393;stage=Objective;scope=Objective;objective=0;retry=2026-09-08T09:10:22.7442338Z;state=HalfOpen. excluded quest=6441;stage=Objective;scope=Objective;objective=0;retry=2026-09-08T11:53:44.3110653Z;state=Quarantined. excluded quest=6442;stage=Pickup;npc=12719;reason=outside-scan-radius;retry=context-change excluded quest=6461;stage=TurnIn;npc=12816;reason=outside-scan-radius;retry=context-change excluded quest=6462;stage=Pickup;npc=12721;reason=outside-scan-radius;retry=context-change excluded quest=6541;stage=Pickup;scope=NpcRelation;npc=3429;retry=2026-09-08T09:10:22.7442338Z;state=HalfOpen. excluded quest=6543;stage=Objective;scope=Objective;objective=0;retry=2026-09-08T11:57:53.5602004Z;state=Quarantined. excluded quest=742;stage=Pickup;npc=10881;reason=outside-scan-radius;retry=context-change excluded quest=747;stage=Objective;scope=Objective;objective=0;retry=2026-09-08T13:06:01.2335671Z;state=Quarantined. excluded quest=747;stage=Objective;scope=Objective;objective=1;retry=2026-09-08T13:30:35.1661766Z;state=Quarantined. excluded quest=7790;stage=Pickup;scope=QuestStage;retry=2026-09-08T09:10:22.7442338Z;state=HalfOpen. excluded quest=843;stage=AncestorCorrection;objective=0;reason=outside-scan-radius;retry=context-change. excluded quest=843;stage=AncestorCorrection;objective=1;reason=outside-scan-radius;retry=context-change. excluded quest=843;stage=AncestorCorrection;scope=Objective;objective=2;retry=2026-09-08T14:36:47.8045680Z;state=Quarantined. excluded quest=8487;stage=TurnIn;scope=QuestStage;retry=2026-09-08T09:10:22.7442338Z;state=HalfOpen. excluded quest=867;stage=Objective;scope=Objective;objective=0;retry=2026-09-08T13:46:19.0888015Z;state=Quarantined. excluded quest=868;stage=TurnIn;npc=3428;reason=outside-scan-radius;retry=context-change excluded quest=879;stage=Objective;scope=Objective;objective=0;retry=2026-09-08T14:12:05.6037548Z;state=Quarantined. excluded quest=879;stage=Objective;scope=Objective;objective=1;retry=2026-09-08T14:12:05.6038234Z;state=Quarantined. excluded quest=879;stage=Objective;scope=Objective;objective=2;retry=2026-09-08T14:12:05.6038609Z;state=Quarantined. excluded quest=8889;stage=Objective;objective=0;reason=outside-scan-radius;retry=context-change. excluded quest=8889;stage=Objective;objective=1;reason=outside-scan-radius;retry=context-change. excluded quest=8889;stage=Objective;objective=2;reason=outside-scan-radius;retry=context-change. excluded quest=891;stage=Objective;scope=QuestStage;retry=2026-09-08T09:10:22.7442338Z;state=HalfOpen. excluded quest=893;stage=Objective;scope=Objective;objective=0;retry=2026-09-08T12:48:05.9519603Z;state=Quarantined. excluded quest=893;stage=Objective;scope=Objective;objective=1;retry=2026-09-08T12:48:05.9520521Z;state=Quarantined. excluded quest=893;stage=Objective;scope=Objective;objective=2;retry=2026-09-08T12:48:05.9520844Z;state=Quarantined. excluded quest=896;stage=Objective;scope=Objective;objective=0;retry=2026-09-08T13:55:41.1186828Z;state=Quarantined. excluded quest=9067;stage=Objective;scope=Objective;objective=0;retry=2026-09-08T09:10:22.7442338Z;state=HalfOpen. excluded quest=9151;stage=Pickup;npc=16199;reason=outside-scan-radius;retry=context-change excluded quest=9157;stage=TurnIn;scope=QuestStage;retry=2026-09-08T09:10:22.7442338Z;state=HalfOpen. excluded quest=9275;stage=Pickup;npc=16464;reason=outside-scan-radius;retry=context-change excluded quest=9388;stage=Pickup;scope=QuestStage;retry=2026-09-08T09:10:22.7442338Z;state=HalfOpen. excluded quest=9389;stage=Pickup;scope=QuestStage;retry=2026-09-08T09:10:22.7442338Z;state=HalfOpen. excluded quest=9425;stage=Pickup;npc=16287;reason=outside-scan-radius;retry=context-change excluded quest=9428;stage=Pickup;npc=17098;reason=outside-scan-radius;retry=context-change excluded quest=9749;stage=Pickup;scope=QuestStage;retry=2026-09-08T09:10:22.7442338Z;state=HalfOpen. Expanding scan radius from 500 to 750 yards before fallback.
[16:36:50.585] [D] [WholesomeAQ] Quest chain correction: ancestor=843; descendant=846.
[16:36:50.585] [D] [WholesomeAQ] Quest chain correction: ancestor=843; descendant=849.
[16:36:50.608] [N] Loaded 0 global blackspots
[16:36:50.639] [D] [Blackspot] Area cost initialized: area 17 = 60x
[16:36:50.645] [D] [Nav] Loaded 14 mesh tiles for one path query
[16:36:50.649] [D] [Nav] Loaded 1 mesh tiles for one path query
[16:36:50.675] [D] Loading profile from D:\World of Warcraft 3.3.5a\CB\Bots\WholesomeAutoQuest\WHOLESOME_AUTOQUESTER.xml
[16:36:50.691] [D] [CompileBatch] Compiling 2 entries...
[16:36:50.758] [D] [CompileBatch] Compiled successfully.
[16:36:50.758] [N] Profile loaded: WholesomeAQ - The Barrens
[16:36:50.773] [D] Selected sub-profile: WholesomeAQ - The Barrens (L1-80)
[16:36:50.773] [N] [Wholesome Auto Quest] Profile refreshed - Selected 1 quest work candidate(s). selected quest=843;stage=AncestorCorrection;state=Eligible. excluded quest=104;stage=Pickup;npc=392;reason=outside-scan-radius;retry=context-change excluded quest=1058;stage=Pickup;npc=3995;reason=outside-scan-radius;retry=context-change excluded quest=1062;stage=TurnIn;npc=4049;reason=outside-scan-radius;retry=context-change excluded quest=1069;stage=Objective;objective=0;reason=outside-scan-radius;retry=context-change. excluded quest=1087;stage=Objective;objective=2;reason=outside-scan-radius;retry=context-change. excluded quest=1093;stage=Objective;scope=Objective;objective=0;retry=2026-09-08T09:10:22.7442338Z;state=HalfOpen. excluded quest=11127;stage=Pickup;scope=QuestStage;retry=2026-09-08T09:10:22.7442338Z;state=HalfOpen. excluded quest=1195;stage=Pickup;npc=4721;reason=outside-scan-radius;retry=context-change excluded quest=14106;stage=Pickup;scope=QuestStage;retry=2026-09-08T09:10:22.7442338Z;state=HalfOpen. excluded quest=1483;stage=Pickup;scope=NpcRelation;npc=3442;retry=2026-09-08T09:10:22.7442338Z;state=HalfOpen. excluded quest=152;stage=Pickup;npc=392;reason=outside-scan-radius;retry=context-change excluded quest=2098;stage=Pickup;npc=6667;reason=outside-scan-radius;retry=context-change excluded quest=216;stage=Pickup;npc=12757;reason=outside-scan-radius;retry=context-change excluded quest=235;stage=Pickup;npc=10880;reason=outside-scan-radius;retry=context-change excluded quest=4542;stage=Pickup;npc=10079;reason=outside-scan-radius;retry=context-change excluded quest=470;stage=Pickup;npc=2111;reason=outside-scan-radius;retry=context-change excluded quest=472;stage=Pickup;npc=2097;reason=outside-scan-radius;retry=context-change excluded quest=4821;stage=Pickup;npc=10539;reason=outside-scan-radius;retry=context-change excluded quest=4921;stage=Objective;scope=QuestStage;retry=2026-09-08T09:10:22.7442338Z;state=HalfOpen. excluded quest=493;stage=Pickup;npc=1937;reason=outside-scan-radius;retry=context-change excluded quest=494;stage=Pickup;npc=2214;reason=outside-scan-radius;retry=context-change excluded quest=496;stage=Pickup;npc=2216;reason=outside-scan-radius;retry=context-change excluded quest=498;stage=Pickup;npc=2229;reason=outside-scan-radius;retry=context-change excluded quest=501;stage=Pickup;npc=2216;reason=outside-scan-radius;retry=context-change excluded quest=516;stage=Pickup;npc=2121;reason=outside-scan-radius;retry=context-change excluded quest=527;stage=Pickup;npc=2215;reason=outside-scan-radius;retry=context-change excluded quest=546;stage=Pickup;npc=2418;reason=outside-scan-radius;retry=context-change excluded quest=549;stage=Pickup;npc=1763;reason=outside-scan-radius;retry=context-change excluded quest=6282;stage=Pickup;npc=11860;reason=outside-scan-radius;retry=context-change excluded quest=6381;stage=Pickup;npc=11864;reason=outside-scan-radius;retry=context-change excluded quest=6382;stage=TurnIn;npc=12696;reason=outside-scan-radius;retry=context-change excluded quest=6383;stage=Pickup;scope=NpcRelation;npc=12696;retry=2026-09-08T09:10:22.7442338Z;state=HalfOpen. excluded quest=6393;stage=Objective;scope=Objective;objective=0;retry=2026-09-08T09:10:22.7442338Z;state=HalfOpen. excluded quest=6441;stage=Objective;scope=Objective;objective=0;retry=2026-09-08T11:53:44.3110653Z;state=Quarantined. excluded quest=6442;stage=Pickup;npc=12719;reason=outside-scan-radius;retry=context-change excluded quest=6461;stage=TurnIn;npc=12816;reason=outside-scan-radius;retry=context-change excluded quest=6462;stage=Pickup;npc=12721;reason=outside-scan-radius;retry=context-change excluded quest=6541;stage=Pickup;scope=NpcRelation;npc=3429;retry=2026-09-08T09:10:22.7442338Z;state=HalfOpen. excluded quest=6543;stage=Objective;scope=Objective;objective=0;retry=2026-09-08T11:57:53.5602004Z;state=Quarantined. excluded quest=742;stage=Pickup;npc=10881;reason=outside-scan-radius;retry=context-change excluded quest=747;stage=Objective;scope=Objective;objective=0;retry=2026-09-08T13:06:01.2335671Z;state=Quarantined. excluded quest=747;stage=Objective;scope=Objective;objective=1;retry=2026-09-08T13:30:35.1661766Z;state=Quarantined. excluded quest=7790;stage=Pickup;scope=QuestStage;retry=2026-09-08T09:10:22.7442338Z;state=HalfOpen. excluded quest=843;stage=AncestorCorrection;scope=Objective;objective=2;retry=2026-09-08T14:36:47.8045680Z;state=Quarantined. excluded quest=8487;stage=TurnIn;scope=QuestStage;retry=2026-09-08T09:10:22.7442338Z;state=HalfOpen. excluded quest=867;stage=Objective;scope=Objective;objective=0;retry=2026-09-08T13:46:19.0888015Z;state=Quarantined. excluded quest=868;stage=TurnIn;npc=3428;reason=outside-scan-radius;retry=context-change excluded quest=879;stage=Objective;scope=Objective;objective=0;retry=2026-09-08T14:12:05.6037548Z;state=Quarantined. excluded quest=879;stage=Objective;scope=Objective;objective=1;retry=2026-09-08T14:12:05.6038234Z;state=Quarantined. excluded quest=879;stage=Objective;scope=Objective;objective=2;retry=2026-09-08T14:12:05.6038609Z;state=Quarantined. excluded quest=8889;stage=Objective;objective=0;reason=outside-scan-radius;retry=context-change. excluded quest=8889;stage=Objective;objective=1;reason=outside-scan-radius;retry=context-change. excluded quest=8889;stage=Objective;objective=2;reason=outside-scan-radius;retry=context-change. excluded quest=891;stage=Objective;scope=QuestStage;retry=2026-09-08T09:10:22.7442338Z;state=HalfOpen. excluded quest=893;stage=Objective;scope=Objective;objective=0;retry=2026-09-08T12:48:05.9519603Z;state=Quarantined. excluded quest=893;stage=Objective;scope=Objective;objective=1;retry=2026-09-08T12:48:05.9520521Z;state=Quarantined. excluded quest=893;stage=Objective;scope=Objective;objective=2;retry=2026-09-08T12:48:05.9520844Z;state=Quarantined. excluded quest=896;stage=Objective;scope=Objective;objective=0;retry=2026-09-08T13:55:41.1186828Z;state=Quarantined. excluded quest=9067;stage=Objective;scope=Objective;objective=0;retry=2026-09-08T09:10:22.7442338Z;state=HalfOpen. excluded quest=9151;stage=Pickup;npc=16199;reason=outside-scan-radius;retry=context-change excluded quest=9157;stage=TurnIn;scope=QuestStage;retry=2026-09-08T09:10:22.7442338Z;state=HalfOpen. excluded quest=9275;stage=Pickup;npc=16464;reason=outside-scan-radius;retry=context-change excluded quest=9388;stage=Pickup;scope=QuestStage;retry=2026-09-08T09:10:22.7442338Z;state=HalfOpen. excluded quest=9389;stage=Pickup;scope=QuestStage;retry=2026-09-08T09:10:22.7442338Z;state=HalfOpen. excluded quest=9425;stage=Pickup;npc=16287;reason=outside-scan-radius;retry=context-change excluded quest=9428;stage=Pickup;npc=17098;reason=outside-scan-radius;retry=context-change excluded quest=9749;stage=Pickup;scope=QuestStage;retry=2026-09-08T09:10:22.7442338Z;state=HalfOpen.
[16:36:51.407] [N] [Singular] Casting Seal of Righteousness on Myself
[16:36:51.407] [D] Spell_C::CastSpell(21084, 0, 0x6000000007EAB80, 0)
[16:36:51.440] [D] [Pulse] Slow bot root: 134ms bot=Wholesome Auto Quest poi=None combat=False
[16:36:52.149] [D] [If] Condition is true, executing If body
[16:36:52.250] [N] [Objective] Goal: Kill Bael'dun Excavator x 15
[16:36:52.250] [D] Goal: Goal: Kill Bael'dun Excavator x 15
[16:36:52.251] [D] [GrindObjective] Using profile hotspots (23 points) for mob 3374
[16:36:52.504] [N] Mounting: 35022
[16:36:54.619] [D] Activity: Moving to hotspot
[16:36:54.655] [D] [MeshNavigator] Skipped 11 path nodes
[16:36:54.708] [D] [Pulse] Slow bot root: 2637ms bot=Wholesome Auto Quest poi=None combat=False
[16:36:56.280] [D] [Pulse] Slow bot root: 100ms bot=Wholesome Auto Quest poi=None combat=False
[16:36:57.050] [D] [Pulse] Slow bot root: 100ms bot=Wholesome Auto Quest poi=None combat=False
[16:36:57.819] [D] [Pulse] Slow bot root: 101ms bot=Wholesome Auto Quest poi=None combat=False
[16:36:58.891] [D] [Pulse] Slow plugin: name=AutoEquip2 elapsed=262ms
[16:36:58.957] [D] [Pulse] Slow plugin: name=Tidy Bags 3 Reloaded elapsed=65ms
[16:36:58.957] [D] [Pulse] Slow shared pulse: total=369ms movement=0 objects=0 lua=0 info=0 loot=0 targeting=39 events=0 plugins=329 routine=0
[16:37:01.994] [D] [Pulse] Slow bot root: 100ms bot=Wholesome Auto Quest poi=None combat=False
[16:37:02.768] [D] [Pulse] Slow bot root: 100ms bot=Wholesome Auto Quest poi=None combat=False
[16:37:03.535] [D] [Pulse] Slow bot root: 101ms bot=Wholesome Auto Quest poi=None combat=False
[16:37:04.303] [D] [Pulse] Slow bot root: 100ms bot=Wholesome Auto Quest poi=None combat=False
[16:37:05.074] [D] [Pulse] Slow bot root: 100ms bot=Wholesome Auto Quest poi=None combat=False
[16:37:05.843] [D] [Pulse] Slow bot root: 101ms bot=Wholesome Auto Quest poi=None combat=False
[16:37:06.649] [D] [Pulse] Slow bot root: 101ms bot=Wholesome Auto Quest poi=None combat=False
[16:37:07.417] [D] [Pulse] Slow bot root: 100ms bot=Wholesome Auto Quest poi=None combat=False
[16:37:09.254] [D] [Pulse] Slow plugin: name=AutoEquip2 elapsed=263ms
[16:37:09.320] [D] [Pulse] Slow plugin: name=Tidy Bags 3 Reloaded elapsed=65ms
[16:37:09.321] [D] [Pulse] Slow shared pulse: total=368ms movement=0 objects=0 lua=0 info=0 loot=0 targeting=37 events=0 plugins=329 routine=0
[16:37:09.985] [D] [Pulse] Slow bot root: 100ms bot=Wholesome Auto Quest poi=None combat=False
[16:37:10.754] [D] [Pulse] Slow bot root: 100ms bot=Wholesome Auto Quest poi=None combat=False
[16:37:11.522] [D] [Pulse] Slow bot root: 100ms bot=Wholesome Auto Quest poi=None combat=False
[16:37:14.627] [D] [Pulse] Slow bot root: 100ms bot=Wholesome Auto Quest poi=None combat=False
[16:37:16.928] [D] [Pulse] Slow bot root: 100ms bot=Wholesome Auto Quest poi=None combat=False
[16:37:17.732] [D] [Pulse] Slow bot root: 101ms bot=Wholesome Auto Quest poi=None combat=False
[16:37:18.500] [D] [Pulse] Slow bot root: 100ms bot=Wholesome Auto Quest poi=None combat=False
[16:37:19.273] [D] [Pulse] Slow bot root: 102ms bot=Wholesome Auto Quest poi=None combat=False
[16:37:19.572] [D] [Pulse] Slow plugin: name=AutoEquip2 elapsed=258ms
[16:37:19.637] [D] [Pulse] Slow plugin: name=Tidy Bags 3 Reloaded elapsed=63ms
[16:37:19.637] [D] [Pulse] Slow shared pulse: total=363ms movement=0 objects=0 lua=0 info=0 loot=0 targeting=39 events=0 plugins=323 routine=0
[16:37:20.343] [D] Activity: Setting Hecklefang Stalker at 22.2 yards as your target
[16:37:20.343] [D] Dismounting for combat.
[16:37:20.343] [D] Stop and dismount. Reason: Combat
[16:37:20.477] [D] [Pulse] Slow bot root: 269ms bot=Wholesome Auto Quest poi=None combat=False
[16:37:21.148] [D] Changed POI to: Type: Kill, Name: Hecklefang Stalker, Guid: F130001020001C77, Entry: 4128, Location: (-3856.80, -2083.56, 92.02)
[16:37:21.246] [D] [Singular-DEBUG] Switched targets!
[16:37:21.247] [D] [Singular-DEBUG] Melee Distance: 5
[16:37:21.247] [D] [Singular-DEBUG] Health: 100
[16:37:21.247] [D] [Singular-DEBUG] Level: 22
[16:37:21.883] [D] Activity: Moving towards Hecklefang Stalker
[16:37:22.049] [D] [Pulse] Slow bot root: 236ms bot=Wholesome Auto Quest poi=Kill combat=False
[16:37:23.196] [D] [Pulse] Slow bot root: 442ms bot=Wholesome Auto Quest poi=Kill combat=False
[16:37:24.190] [D] [Pulse] Slow bot root: 325ms bot=Wholesome Auto Quest poi=Kill combat=False
[16:37:25.130] [D] [Pulse] Slow bot root: 268ms bot=Wholesome Auto Quest poi=Kill combat=False
[16:37:25.901] [N] [Singular] Casting Judgement of Light on Hecklefang Stalker
[16:37:25.902] [D] Spell_C::CastSpell(20271, 0, 0xF130001020001C77, 0)
[16:37:25.937] [D] [Pulse] Slow bot root: 136ms bot=Wholesome Auto Quest poi=Kill combat=True
[16:37:26.707] [D] [Pulse] Slow bot root: 102ms bot=Wholesome Auto Quest poi=Kill combat=True
[16:37:27.475] [N] [Singular] Casting Exorcism on Hecklefang Stalker
[16:37:27.475] [D] Spell_C::CastSpell(879, 0, 0xF130001020001C77, 0)
[16:37:27.510] [D] [Pulse] Slow bot root: 135ms bot=Wholesome Auto Quest poi=Kill combat=True
[16:37:29.752] [D] [Pulse] Slow plugin: name=Tidy Bags 3 Reloaded elapsed=62ms
[16:37:34.729] [N] [Singular] Casting Judgement of Light on Hecklefang Stalker
[16:37:34.729] [D] Spell_C::CastSpell(20271, 0, 0xF130001020001C77, 0)
[16:37:34.762] [D] [Pulse] Slow bot root: 132ms bot=Wholesome Auto Quest poi=Kill combat=True
[16:37:36.874] [D] Cleared POI - Reason POI is dead from Combat
[16:37:36.874] [D] Cleared POI
[16:37:37.545] [D] Changed POI to: Type: Loot, Name: Hecklefang Stalker, Guid: F130001020001C77, Entry: 4128, Location: (-3861.80, -2090.59, 92.08)
[16:37:38.277] [D] [Interact] Interacting with object at 0x33EDA7E8
[16:37:38.310] [D] [Interact] Done interacting with object at 0x33EDA7E8
[16:37:38.345] [D] [Pulse] Slow bot root: 102ms bot=Wholesome Auto Quest poi=Loot combat=False
[16:37:39.112] [D] [Singular-DEBUG] Switched targets!
[16:37:39.113] [D] [Singular-DEBUG] Melee Distance: 5
[16:37:39.113] [D] [Singular-DEBUG] Health: 0
[16:37:39.113] [D] [Singular-DEBUG] Level: 22
[16:37:39.679] [N] Looting Hecklefang Stalker Guid 0xF130001020001C77
[16:37:39.779] [D] Cleared POI - Reason Waiting for loot flag
[16:37:39.779] [D] Cleared POI
[16:37:39.812] [D] [Pulse] Slow bot root: 133ms bot=Wholesome Auto Quest poi=None combat=False
[16:37:41.059] [D] [Pulse] Slow plugin: name=AutoEquip2 elapsed=271ms
[16:37:41.125] [D] [Pulse] Slow plugin: name=Tidy Bags 3 Reloaded elapsed=64ms
[16:37:41.125] [D] [Pulse] Slow shared pulse: total=1312ms movement=0 objects=0 lua=938 info=0 loot=2 targeting=34 events=0 plugins=336 routine=0
[16:37:41.894] [D] Activity: Moving to hotspot
[16:37:42.093] [D] [Pulse] Slow bot root: 399ms bot=Wholesome Auto Quest poi=None combat=False
[16:37:43.054] [D] [Pulse] Slow bot root: 292ms bot=Wholesome Auto Quest poi=None combat=False
[16:37:46.945] [N] Mounting: 35022
[16:37:49.027] [D] [Pulse] Slow bot root: 2148ms bot=Wholesome Auto Quest poi=None combat=False
[16:37:49.359] [D] [QuestLog] Loaded 75 completed quests from Lua fallback
[16:38:00.941] [D] [Pulse] Slow plugin: name=AutoEquip2 elapsed=48ms
[16:38:10.997] [D] [Pulse] Slow plugin: name=AutoEquip2 elapsed=47ms
[16:38:14.966] [D] Activity: Setting Bael'dun Foreman at 21.7 yards as your target
[16:38:14.966] [D] Dismounting for combat.
[16:38:14.966] [D] Stop and dismount. Reason: Combat
[16:38:15.269] [D] Changed POI to: Type: Kill, Name: Bael'dun Foreman, Guid: F130000D2F001BF7, Entry: 3375, Location: (-4135.51, -2158.88, 50.70)
[16:38:15.304] [D] [Singular-DEBUG] Switched targets!
[16:38:15.304] [D] [Singular-DEBUG] Melee Distance: 5
[16:38:15.304] [D] [Singular-DEBUG] Health: 100
[16:38:15.304] [D] [Singular-DEBUG] Level: 23
[16:38:15.487] [N] [Singular] Casting Exorcism on Bael'dun Foreman
[16:38:15.487] [D] Spell_C::CastSpell(879, 0, 0xF130000D2F001BF7, 0)
[16:38:17.419] [N] [Singular] Casting Judgement of Light on Bael'dun Foreman
[16:38:17.419] [D] Spell_C::CastSpell(20271, 0, 0xF130000D2F001BF7, 0)
[16:38:19.095] [N] [Singular] Casting Exorcism on Bael'dun Foreman
[16:38:19.095] [D] Spell_C::CastSpell(879, 0, 0xF130000D2F001BF7, 0)
[16:38:21.256] [N] [Singular] Casting Consecration on Bael'dun Foreman
[16:38:21.256] [D] Spell_C::CastSpell(26573, 0, 0xF130000D2F001BF7, 0)
[16:38:23.638] [N] [Singular] Casting Hand of Freedom on Myself
[16:38:23.638] [D] Spell_C::CastSpell(1044, 0, 0x6000000007EAB80, 0)
[16:38:25.253] [D] [Pulse] Slow plugin: name=Tidy Bags 3 Reloaded elapsed=20ms
[16:38:25.760] [N] [Singular] Casting Judgement of Light on Bael'dun Foreman
[16:38:25.760] [D] Spell_C::CastSpell(20271, 0, 0xF130000D2F001BF7, 0)
[16:38:26.326] [D] Cleared POI - Reason POI is dead from Combat
[16:38:26.326] [D] Cleared POI
[16:38:26.364] [D] [QuestRecovery] quest=843, stage=Objective, old=Attempting, new=Eligible, reason=None, episode=0, attempt=0, retry=
[16:38:26.489] [N] [Singular] Current target is not the best target. Switching to Bael'dun Excavator!
[16:38:26.537] [D] [Singular-DEBUG] Switched targets!
[16:38:26.537] [D] [Singular-DEBUG] Melee Distance: 5
[16:38:26.537] [D] [Singular-DEBUG] Health: 100
[16:38:26.537] [D] [Singular-DEBUG] Level: 21
[16:38:26.939] [D] [Singular-DEBUG] Switched targets!
[16:38:26.939] [D] [Singular-DEBUG] Melee Distance: 5
[16:38:26.939] [D] [Singular-DEBUG] Health: 79.05759162303664
[16:38:26.939] [D] [Singular-DEBUG] Level: 22
[16:38:26.946] [N] Facing wrong way, rotating
[16:38:29.781] [N] [Singular] Casting Divine Protection on Myself
[16:38:29.781] [D] Spell_C::CastSpell(498, 0, 0x6000000007EAB80, 0)
[16:38:34.187] [N] [Singular] Casting Judgement of Light on Bael'dun Excavator
[16:38:34.187] [D] Spell_C::CastSpell(20271, 0, 0xF130000D2E001BDF, 0)
[16:38:34.618] [N] [Singular] Currect target is invalid. Switching to Bael'dun Excavator!
[16:38:34.626] [D] [Pulse] Slow bot root: 129ms bot=Wholesome Auto Quest poi=None combat=True
[16:38:34.667] [D] [QuestRecovery] quest=843, stage=Objective, old=Attempting, new=Eligible, reason=None, episode=0, attempt=0, retry=
[16:38:34.932] [D] [Singular-DEBUG] Switched targets!
[16:38:34.932] [D] [Singular-DEBUG] Melee Distance: 5
[16:38:34.933] [D] [Singular-DEBUG] Health: 57.89473684210526
[16:38:34.933] [D] [Singular-DEBUG] Level: 21
[16:38:35.226] [N] [Singular] Casting Judgement of Light on Bael'dun Excavator
[16:38:35.226] [D] Spell_C::CastSpell(20271, 0, 0xF130000D2E001BDD, 0)
[16:38:35.284] [D] [Pulse] Slow plugin: name=Tidy Bags 3 Reloaded elapsed=27ms
[16:38:36.767] [N] [Singular] Casting Exorcism on Bael'dun Excavator
[16:38:36.767] [D] Spell_C::CastSpell(879, 0, 0xF130000D2E001BDD, 0)
[16:38:42.551] [N] Eating Bristle Whisker Catfish
[16:38:43.025] [D] [QuestRecovery] quest=843, stage=Objective, old=Attempting, new=Eligible, reason=None, episode=0, attempt=0, retry=
[16:38:43.497] [N] [Singular] Currect target is invalid. Switching to Bael'dun Excavator!
[16:38:43.870] [D] [Singular-DEBUG] Switched targets!
[16:38:43.870] [D] [Singular-DEBUG] Melee Distance: 5
[16:38:43.870] [D] [Singular-DEBUG] Health: 100
[16:38:43.870] [D] [Singular-DEBUG] Level: 21
[16:38:44.027] [N] [Singular] Casting Judgement of Light on Bael'dun Excavator
[16:38:44.027] [D] Spell_C::CastSpell(20271, 0, 0xF130000D2E001BE9, 0)
[16:38:45.563] [D] [Pulse] Slow plugin: name=Tidy Bags 3 Reloaded elapsed=48ms
[16:38:49.761] [D] [QuestLog] Loaded 75 completed quests from Lua fallback
[16:38:50.525] [N] [Singular] Casting Holy Light on Myself
[16:38:50.525] [D] Spell_C::CastSpell(1026, 0, 0x6000000007EAB80, 0)
[16:38:54.573] [N] [Singular] Casting Judgement of Light on Bael'dun Excavator
[16:38:54.574] [D] Spell_C::CastSpell(20271, 0, 0xF130000D2E001BE9, 0)
[16:38:56.474] [N] [Singular] Casting Exorcism on Bael'dun Excavator
[16:38:56.474] [D] Spell_C::CastSpell(879, 0, 0xF130000D2E001BE9, 0)
[16:38:57.781] [N] [Singular] Currect target is invalid. Switching to Bael'dun Excavator!
[16:38:58.084] [D] [Singular-DEBUG] Switched targets!
[16:38:58.084] [D] [Singular-DEBUG] Melee Distance: 5
[16:38:58.084] [D] [Singular-DEBUG] Health: 90.6015037593985
[16:38:58.084] [D] [Singular-DEBUG] Level: 21
[16:38:59.529] [N] [Singular] Casting Exorcism on Bael'dun Excavator
[16:38:59.529] [D] Spell_C::CastSpell(879, 0, 0xF130000D2E001BDE, 0)
[16:38:59.753] [D] [QuestRecovery] quest=843, stage=Objective, old=Attempting, new=Eligible, reason=None, episode=0, attempt=0, retry=
[16:39:02.972] [N] [Singular] Casting Judgement of Light on Bael'dun Excavator
[16:39:02.972] [D] Spell_C::CastSpell(20271, 0, 0xF130000D2E001BDE, 0)
[16:39:08.758] [N] [Singular] Currect target is invalid. Switching to Bael'dun Foreman!
[16:39:09.063] [D] [Singular-DEBUG] Switched targets!
[16:39:09.063] [D] [Singular-DEBUG] Melee Distance: 5
[16:39:09.063] [D] [Singular-DEBUG] Health: 100
[16:39:09.063] [D] [Singular-DEBUG] Level: 23
[16:39:10.211] [D] [QuestRecovery] quest=843, stage=Objective, old=Attempting, new=Eligible, reason=None, episode=0, attempt=0, retry=
[16:39:11.321] [N] [Singular] Casting Judgement of Light on Bael'dun Foreman
[16:39:11.321] [D] Spell_C::CastSpell(20271, 0, 0xF130000D2F001BF8, 0)
[16:39:16.936] [N] [Singular] Casting Exorcism on Bael'dun Foreman
[16:39:16.936] [D] Spell_C::CastSpell(879, 0, 0xF130000D2F001BF8, 0)
[16:39:19.616] [N] [Singular] Casting Judgement of Light on Bael'dun Foreman
[16:39:19.616] [D] Spell_C::CastSpell(20271, 0, 0xF130000D2F001BF8, 0)
[16:39:27.915] [N] [Singular] Casting Judgement of Light on Bael'dun Foreman
[16:39:27.915] [D] Spell_C::CastSpell(20271, 0, 0xF130000D2F001BF8, 0)
[16:39:28.535] [N] [Singular] Currect target is invalid. Switching to Bael'dun Foreman!
[16:39:28.541] [D] [Pulse] Slow bot root: 128ms bot=Wholesome Auto Quest poi=None combat=True
[16:39:28.577] [D] [Singular-DEBUG] Switched targets!
[16:39:28.577] [D] [Singular-DEBUG] Melee Distance: 5
[16:39:28.578] [D] [Singular-DEBUG] Health: 100
[16:39:28.578] [D] [Singular-DEBUG] Level: 23
[16:39:28.906] [D] [QuestRecovery] quest=843, stage=Objective, old=Attempting, new=Eligible, reason=None, episode=0, attempt=0, retry=
[16:39:33.835] [N] [Singular] Casting Exorcism on Bael'dun Foreman
[16:39:33.835] [D] Spell_C::CastSpell(879, 0, 0xF130000D2F001BF3, 0)
[16:39:36.315] [N] [Singular] Casting Judgement of Light on Bael'dun Foreman
[16:39:36.316] [D] Spell_C::CastSpell(20271, 0, 0xF130000D2F001BF3, 0)
[16:39:39.425] [D] [QuestRecovery] quest=843, stage=Objective, old=Attempting, new=Eligible, reason=None, episode=0, attempt=0, retry=
[16:39:39.532] [N] Eating Bristle Whisker Catfish
[16:39:39.576] [D] [Singular-DEBUG] Switched targets!
[16:39:39.576] [D] [Singular-DEBUG] Melee Distance: 5
[16:39:39.576] [D] [Singular-DEBUG] Health: 100
[16:39:39.576] [D] [Singular-DEBUG] Level: 22
[16:39:39.968] [N] Drinking Melon Juice
[16:39:42.236] [D] [Pulse] Slow plugin: name=Tidy Bags 3 Reloaded elapsed=53ms
[16:39:44.644] [N] [Singular] Casting Judgement of Light on Bael'dun Foreman
[16:39:44.644] [D] Spell_C::CastSpell(20271, 0, 0xF130000D2F001BF6, 0)
[16:39:48.249] [N] [Singular] Casting Hammer of Justice on Bael'dun Foreman
[16:39:48.249] [D] Spell_C::CastSpell(5588, 0, 0xF130000D2F001BF6, 0)
[16:39:50.162] [D] [QuestLog] Loaded 75 completed quests from Lua fallback
[16:39:50.768] [N] [Singular] Casting Exorcism on Bael'dun Foreman
[16:39:50.768] [D] Spell_C::CastSpell(879, 0, 0xF130000D2F001BF6, 0)
[16:39:54.008] [D] [QuestRecovery] quest=843, stage=Objective, old=Attempting, new=Eligible, reason=None, episode=0, attempt=0, retry=
[16:39:54.111] [N] Eating Bristle Whisker Catfish
[16:39:54.534] [N] Drinking Melon Juice
[16:39:57.045] [D] [Pulse] Slow plugin: name=Tidy Bags 3 Reloaded elapsed=50ms
[16:40:01.949] [D] [Pulse] Slow plugin: name=AutoEquip2 elapsed=47ms
[16:40:12.017] [D] [Pulse] Slow plugin: name=AutoEquip2 elapsed=45ms
[16:40:18.035] [D] Changed POI to: Type: Loot, Name: Bael'dun Foreman, Guid: F130000D2F001BF3, Entry: 3375, Location: (-4139.92, -2201.35, 50.18)
[16:40:18.174] [D] [LB] DNTFT -> S
[16:40:18.175] [D] [Interact] Interacting with object at 0x33EFE0A8
[16:40:18.180] [D] [Interact] Done interacting with object at 0x33EFE0A8
[16:40:18.604] [N] Looting Bael'dun Foreman Guid 0xF130000D2F001BF3
[16:40:18.624] [D] Cleared POI - Reason Waiting for loot flag
[16:40:18.624] [D] Cleared POI
[16:40:18.817] [D] Changed POI to: Type: Loot, Name: Bael'dun Foreman, Guid: F130000D2F001BF3, Entry: 3375, Location: (-4139.92, -2201.35, 50.18)
[16:40:18.849] [D] [Singular-DEBUG] Switched targets!
[16:40:18.849] [D] [Singular-DEBUG] Melee Distance: 5
[16:40:18.849] [D] [Singular-DEBUG] Health: 0
[16:40:18.849] [D] [Singular-DEBUG] Level: 23
[16:40:18.952] [D] Cleared POI - Reason Already looted
[16:40:18.952] [D] Cleared POI
[16:40:19.096] [D] Changed POI to: Type: Loot, Name: Bael'dun Foreman, Guid: F130000D2F001BF6, Entry: 3375, Location: (-4141.90, -2201.43, 50.18)
[16:40:19.237] [D] [Interact] Interacting with object at 0x33F0E8B8
[16:40:19.242] [D] [Interact] Done interacting with object at 0x33F0E8B8
[16:40:19.655] [N] Looting Bael'dun Foreman Guid 0xF130000D2F001BF6
[16:40:19.673] [D] Cleared POI - Reason Waiting for loot flag
[16:40:19.673] [D] Cleared POI
[16:40:19.863] [D] Changed POI to: Type: Loot, Name: Bael'dun Foreman, Guid: F130000D2F001BF6, Entry: 3375, Location: (-4141.90, -2201.43, 50.18)
[16:40:19.940] [D] [Singular-DEBUG] Switched targets!
[16:40:19.940] [D] [Singular-DEBUG] Melee Distance: 5
[16:40:19.940] [D] [Singular-DEBUG] Health: 0
[16:40:19.940] [D] [Singular-DEBUG] Level: 22
[16:40:20.044] [D] Cleared POI - Reason Already looted
[16:40:20.044] [D] Cleared POI
[16:40:20.183] [D] Changed POI to: Type: Loot, Name: Bael'dun Foreman, Guid: F130000D2F001BF8, Entry: 3375, Location: (-4126.97, -2198.84, 50.18)
[16:40:20.317] [N] Moving to Type: Loot, Name: Bael'dun Foreman, Guid: F130000D2F001BF8, Entry: 3375, Location: (-4126.97, -2198.84, 50.18)
[16:40:21.918] [D] [Interact] Interacting with object at 0x33EE0D78
[16:40:21.921] [D] [Interact] Done interacting with object at 0x33EE0D78
[16:40:21.927] [D] [Pulse] Slow bot root: 144ms bot=Wholesome Auto Quest poi=Loot combat=False
[16:40:22.129] [D] [Pulse] Slow plugin: name=AutoEquip2 elapsed=45ms
[16:40:22.377] [N] Looting Bael'dun Foreman Guid 0xF130000D2F001BF8
[16:40:22.394] [D] Cleared POI - Reason Waiting for loot flag
[16:40:22.394] [D] Cleared POI
[16:40:22.589] [D] Changed POI to: Type: Loot, Name: Bael'dun Foreman, Guid: F130000D2F001BF8, Entry: 3375, Location: (-4126.97, -2198.84, 50.18)
[16:40:22.622] [D] [Singular-DEBUG] Switched targets!
[16:40:22.622] [D] [Singular-DEBUG] Melee Distance: 5
[16:40:22.622] [D] [Singular-DEBUG] Health: 0
[16:40:22.622] [D] [Singular-DEBUG] Level: 23
[16:40:22.728] [D] Cleared POI - Reason Already looted
[16:40:22.728] [D] Cleared POI
[16:40:22.869] [D] Changed POI to: Type: Loot, Name: Bael'dun Excavator, Guid: F130000D2E001BDE, Entry: 3374, Location: (-4124.74, -2186.20, 50.37)
[16:40:23.008] [N] Moving to Type: Loot, Name: Bael'dun Excavator, Guid: F130000D2E001BDE, Entry: 3374, Location: (-4124.74, -2186.20, 50.37)
[16:40:24.615] [D] [Interact] Interacting with object at 0x33F0C018
[16:40:24.617] [D] [Interact] Done interacting with object at 0x33F0C018
[16:40:24.623] [D] [Pulse] Slow bot root: 138ms bot=Wholesome Auto Quest poi=Loot combat=False
[16:40:25.047] [N] Looting Bael'dun Excavator Guid 0xF130000D2E001BDE
[16:40:25.065] [D] Cleared POI - Reason Waiting for loot flag
[16:40:25.065] [D] Cleared POI
[16:40:25.261] [D] Changed POI to: Type: Loot, Name: Bael'dun Excavator, Guid: F130000D2E001BDE, Entry: 3374, Location: (-4124.74, -2186.20, 50.37)
[16:40:25.443] [D] Cleared POI - Reason Already looted
[16:40:25.444] [D] Cleared POI
[16:40:25.588] [D] Changed POI to: Type: Loot, Name: Bael'dun Excavator, Guid: F130000D2E001BE9, Entry: 3374, Location: (-4125.54, -2182.83, 50.18)
[16:40:25.724] [N] Moving to Type: Loot, Name: Bael'dun Excavator, Guid: F130000D2E001BE9, Entry: 3374, Location: (-4125.54, -2182.83, 50.18)
[16:40:26.283] [D] [Interact] Interacting with object at 0x33EE8758
[16:40:26.287] [D] [Interact] Done interacting with object at 0x33EE8758
[16:40:26.293] [D] [Pulse] Slow bot root: 148ms bot=Wholesome Auto Quest poi=Loot combat=False
[16:40:26.751] [N] Looting Bael'dun Excavator Guid 0xF130000D2E001BE9
[16:40:26.770] [D] Cleared POI - Reason Waiting for loot flag
[16:40:26.770] [D] Cleared POI
[16:40:26.822] [D] [Singular-DEBUG] Switched targets!
[16:40:26.822] [D] [Singular-DEBUG] Melee Distance: 5
[16:40:26.822] [D] [Singular-DEBUG] Health: 0
[16:40:26.822] [D] [Singular-DEBUG] Level: 21
[16:40:26.938] [D] Changed POI to: Type: Loot, Name: Bael'dun Excavator, Guid: F130000D2E001BE9, Entry: 3374, Location: (-4125.54, -2182.83, 50.18)
[16:40:27.145] [D] Cleared POI - Reason Already looted
[16:40:27.145] [D] Cleared POI
[16:40:27.351] [D] Changed POI to: Type: Loot, Name: Bael'dun Excavator, Guid: F130000D2E001BDD, Entry: 3374, Location: (-4126.27, -2169.09, 50.67)
[16:40:27.491] [N] Moving to Type: Loot, Name: Bael'dun Excavator, Guid: F130000D2E001BDD, Entry: 3374, Location: (-4126.27, -2169.09, 50.67)
[16:40:29.665] [D] [Interact] Interacting with object at 0x33F0FD08
[16:40:29.669] [D] [Interact] Done interacting with object at 0x33F0FD08
[16:40:29.675] [D] [Pulse] Slow bot root: 145ms bot=Wholesome Auto Quest poi=Loot combat=False
[16:40:30.247] [D] [Singular-DEBUG] Switched targets!
[16:40:30.247] [D] [Singular-DEBUG] Melee Distance: 5
[16:40:30.247] [D] [Singular-DEBUG] Health: 0
[16:40:30.247] [D] [Singular-DEBUG] Level: 21
[16:40:30.349] [N] Looting Bael'dun Excavator Guid 0xF130000D2E001BDD
[16:40:30.368] [D] Cleared POI - Reason Waiting for loot flag
[16:40:30.368] [D] Cleared POI
[16:40:30.568] [D] Changed POI to: Type: Loot, Name: Bael'dun Excavator, Guid: F130000D2E001BDD, Entry: 3374, Location: (-4126.27, -2169.09, 50.67)
[16:40:30.793] [D] Cleared POI - Reason Already looted
[16:40:30.793] [D] Cleared POI
[16:40:30.926] [D] Changed POI to: Type: Loot, Name: Bael'dun Foreman, Guid: F130000D2F001BF7, Entry: 3375, Location: (-4129.95, -2160.69, 50.84)
[16:40:31.065] [N] Moving to Type: Loot, Name: Bael'dun Foreman, Guid: F130000D2F001BF7, Entry: 3375, Location: (-4129.95, -2160.69, 50.84)
[16:40:32.291] [D] [Pulse] Slow plugin: name=AutoEquip2 elapsed=44ms
[16:40:32.535] [D] [Interact] Interacting with object at 0x33F04638
[16:40:32.539] [D] [Interact] Done interacting with object at 0x33F04638
[16:40:32.545] [D] [Pulse] Slow bot root: 139ms bot=Wholesome Auto Quest poi=Loot combat=False
[16:40:32.946] [N] Looting Bael'dun Foreman Guid 0xF130000D2F001BF7
[16:40:32.965] [D] Cleared POI - Reason Waiting for loot flag
[16:40:32.965] [D] Cleared POI
[16:40:33.178] [D] Changed POI to: Type: Loot, Name: Bael'dun Foreman, Guid: F130000D2F001BF7, Entry: 3375, Location: (-4129.95, -2160.69, 50.84)
[16:40:33.214] [D] [Singular-DEBUG] Switched targets!
[16:40:33.215] [D] [Singular-DEBUG] Melee Distance: 5
[16:40:33.215] [D] [Singular-DEBUG] Health: 0
[16:40:33.215] [D] [Singular-DEBUG] Level: 23
[16:40:33.327] [D] Cleared POI - Reason Already looted
[16:40:33.327] [D] Cleared POI
[16:40:33.475] [D] Changed POI to: Type: Loot, Name: Bael'dun Excavator, Guid: F130000D2E001BDF, Entry: 3374, Location: (-4133.33, -2154.80, 50.35)
[16:40:33.622] [N] Moving to Type: Loot, Name: Bael'dun Excavator, Guid: F130000D2E001BDF, Entry: 3374, Location: (-4133.33, -2154.80, 50.35)
[16:40:34.703] [D] [Interact] Interacting with object at 0x33EF0138
[16:40:34.709] [D] [Interact] Done interacting with object at 0x33EF0138
[16:40:34.715] [D] [Pulse] Slow bot root: 145ms bot=Wholesome Auto Quest poi=Loot combat=False
[16:40:35.249] [N] Looting Bael'dun Excavator Guid 0xF130000D2E001BDF
[16:40:35.267] [D] Cleared POI - Reason Waiting for loot flag
[16:40:35.267] [D] Cleared POI
[16:40:35.347] [D] [Singular-DEBUG] Switched targets!
[16:40:35.347] [D] [Singular-DEBUG] Melee Distance: 5
[16:40:35.347] [D] [Singular-DEBUG] Health: 0
[16:40:35.347] [D] [Singular-DEBUG] Level: 22
[16:40:35.456] [D] Changed POI to: Type: Loot, Name: Bael'dun Excavator, Guid: F130000D2E001BDF, Entry: 3374, Location: (-4133.33, -2154.80, 50.35)
[16:40:35.589] [D] Cleared POI - Reason Already looted
[16:40:35.589] [D] Cleared POI
[16:40:35.747] [D] Activity: Moving to hotspot
[16:40:37.126] [D] Activity: Setting Bael'dun Excavator at 20.6 yards as your target
[16:40:37.431] [D] [Singular-DEBUG] Switched targets!
[16:40:37.431] [D] [Singular-DEBUG] Melee Distance: 5
[16:40:37.431] [D] [Singular-DEBUG] Health: 100
[16:40:37.431] [D] [Singular-DEBUG] Level: 21
[16:40:37.532] [D] Changed POI to: Type: Kill, Name: Bael'dun Excavator, Guid: F130000D2E001BDC, Entry: 3374, Location: (-4151.90, -2179.89, 50.59)
[16:40:38.748] [N] [Singular] Casting Judgement of Light on Bael'dun Excavator
[16:40:38.748] [D] Spell_C::CastSpell(20271, 0, 0xF130000D2E001BDC, 0)
[16:40:40.333] [N] [Singular] Casting Exorcism on Bael'dun Excavator
[16:40:40.334] [D] Spell_C::CastSpell(879, 0, 0xF130000D2E001BDC, 0)
[16:40:43.218] [N] [Singular] Casting Consecration on Bael'dun Excavator
[16:40:43.218] [D] Spell_C::CastSpell(26573, 0, 0xF130000D2E001BDC, 0)
[16:40:47.097] [N] [Singular] Casting Judgement of Light on Bael'dun Excavator
[16:40:47.097] [D] Spell_C::CastSpell(20271, 0, 0xF130000D2E001BDC, 0)
[16:40:47.460] [D] Cleared POI - Reason POI is dead from Combat
[16:40:47.460] [D] Cleared POI
[16:40:47.607] [N] [Singular] Currect target is invalid. Switching to Bael'dun Foreman!
[16:40:47.800] [D] [QuestRecovery] quest=843, stage=Objective, old=Attempting, new=Eligible, reason=None, episode=0, attempt=0, retry=
[16:40:47.947] [D] [Singular-DEBUG] Switched targets!
[16:40:47.947] [D] [Singular-DEBUG] Melee Distance: 5
[16:40:47.947] [D] [Singular-DEBUG] Health: 83.97212543554006
[16:40:47.947] [D] [Singular-DEBUG] Level: 22
[16:40:48.327] [D] [Pulse] Slow plugin: name=Tidy Bags 3 Reloaded elapsed=25ms
[16:40:48.832] [N] [Singular] Casting Hammer of Justice on Bael'dun Foreman
[16:40:48.832] [D] Spell_C::CastSpell(5588, 0, 0xF130000D2F001BF2, 0)
[16:40:50.538] [D] [QuestLog] Loaded 75 completed quests from Lua fallback
[16:40:55.484] [N] [Singular] Casting Judgement of Light on Bael'dun Foreman
[16:40:55.484] [D] Spell_C::CastSpell(20271, 0, 0xF130000D2F001BF2, 0)
[16:40:56.713] [N] Facing wrong way, rotating
[16:40:57.163] [N] [Singular] Currect target is invalid. Switching to Bael'dun Foreman!
[16:40:57.496] [D] [Singular-DEBUG] Switched targets!
[16:40:57.496] [D] [Singular-DEBUG] Melee Distance: 5
[16:40:57.497] [D] [Singular-DEBUG] Health: 67.94425087108014
[16:40:57.497] [D] [Singular-DEBUG] Level: 22
[16:40:58.167] [N] [Singular] Casting Exorcism on Bael'dun Foreman
[16:40:58.167] [D] Spell_C::CastSpell(879, 0, 0xF130000D2F001BF5, 0)
[16:40:58.211] [D] [QuestRecovery] quest=843, stage=Objective, old=Attempting, new=Eligible, reason=None, episode=0, attempt=0, retry=
[16:41:03.851] [N] [Singular] Casting Judgement of Light on Bael'dun Foreman
[16:41:03.851] [D] Spell_C::CastSpell(20271, 0, 0xF130000D2F001BF5, 0)
[16:41:07.163] [N] [Singular] Casting Holy Light on Myself
[16:41:07.163] [D] Spell_C::CastSpell(1026, 0, 0x6000000007EAB80, 0)
[16:41:09.785] [N] [Singular] Casting Holy Light on Myself
[16:41:09.785] [D] Spell_C::CastSpell(1026, 0, 0x6000000007EAB80, 0)
[16:41:13.812] [N] [Singular] Casting Judgement of Light on Bael'dun Foreman
[16:41:13.812] [D] Spell_C::CastSpell(20271, 0, 0xF130000D2F001BF5, 0)
[16:41:14.325] [N] [Singular] Currect target is invalid. Switching to Bael'dun Excavator!
[16:41:14.631] [D] [Singular-DEBUG] Switched targets!
[16:41:14.631] [D] [Singular-DEBUG] Melee Distance: 5
[16:41:14.631] [D] [Singular-DEBUG] Health: 96.50959860383944
[16:41:14.631] [D] [Singular-DEBUG] Level: 22
[16:41:15.560] [N] [Singular] Casting Exorcism on Bael'dun Excavator
[16:41:15.560] [D] Spell_C::CastSpell(879, 0, 0xF130000D2E001BE6, 0)
[16:41:22.140] [N] [Singular] Casting Judgement of Light on Bael'dun Excavator
[16:41:22.140] [D] Spell_C::CastSpell(20271, 0, 0xF130000D2E001BE6, 0)
[16:41:28.560] [N] Drinking Melon Juice
[16:41:28.980] [N] [Singular] Currect target is invalid. Switching to Bael'dun Excavator!
[16:41:29.287] [D] [Singular-DEBUG] Switched targets!
[16:41:29.287] [D] [Singular-DEBUG] Melee Distance: 5
[16:41:29.287] [D] [Singular-DEBUG] Health: 100
[16:41:29.287] [D] [Singular-DEBUG] Level: 22
[16:41:29.669] [D] [QuestRecovery] quest=843, stage=Objective, old=Attempting, new=Eligible, reason=None, episode=0, attempt=0, retry=
[16:41:30.167] [N] [Singular] Casting Divine Protection on Myself
[16:41:30.167] [D] Spell_C::CastSpell(498, 0, 0x6000000007EAB80, 0)
[16:41:30.534] [N] [Singular] Casting Judgement of Light on Bael'dun Excavator
[16:41:30.534] [D] Spell_C::CastSpell(20271, 0, 0xF130000D2E001BEC, 0)
[16:41:32.966] [N] [Singular] Casting Exorcism on Bael'dun Excavator
[16:41:32.966] [D] Spell_C::CastSpell(879, 0, 0xF130000D2E001BEC, 0)
[16:41:38.969] [N] [Singular] Casting Judgement of Light on Bael'dun Excavator
[16:41:38.969] [D] Spell_C::CastSpell(20271, 0, 0xF130000D2E001BEC, 0)
[16:41:42.340] [D] [QuestRecovery] quest=843, stage=Objective, old=Attempting, new=Eligible, reason=None, episode=0, attempt=0, retry=
[16:41:42.439] [N] Eating Bristle Whisker Catfish
[16:41:42.778] [D] [Pulse] Slow plugin: name=AutoEquip2 elapsed=47ms
[16:41:42.900] [N] Drinking Melon Juice
[16:41:46.063] [D] [Pulse] Slow plugin: name=Tidy Bags 3 Reloaded elapsed=42ms
[16:41:50.950] [D] [QuestLog] Loaded 75 completed quests from Lua fallback
[16:41:52.919] [D] [Pulse] Slow plugin: name=AutoEquip2 elapsed=54ms
[16:42:00.840] [N] [Singular] Casting Blessing of Kings on Myself
[16:42:00.840] [D] Spell_C::CastSpell(20217, 0, 0x6000000007EAB80, 0)
[16:42:01.005] [D] Changed POI to: Type: Loot, Name: Bael'dun Excavator, Guid: F130000D2E001BEC, Entry: 3374, Location: (-4177.78, -2184.92, 50.18)
[16:42:01.165] [D] [LB] DNTFT -> S
[16:42:01.170] [D] [LB] SetTarget Finished. Waiting.
[16:42:01.484] [D] [LB] Finished waiting, we got a target.
[16:42:01.484] [D] Changed POI to: Type: Kill, Name: Bael'dun Excavator, Guid: F130000D2E001BD8, Entry: 3374, Location: (-4183.39, -2194.91, 50.18)
[16:42:01.520] [D] [Singular-DEBUG] Switched targets!
[16:42:01.520] [D] [Singular-DEBUG] Melee Distance: 5
[16:42:01.520] [D] [Singular-DEBUG] Health: 100
[16:42:01.520] [D] [Singular-DEBUG] Level: 21
[16:42:02.899] [N] [Singular] Casting Judgement of Light on Bael'dun Excavator
[16:42:02.899] [D] Spell_C::CastSpell(20271, 0, 0xF130000D2E001BD8, 0)
[16:42:02.973] [D] [Pulse] Slow plugin: name=AutoEquip2 elapsed=45ms
[16:42:04.416] [N] [Singular] Casting Exorcism on Bael'dun Excavator
[16:42:04.416] [D] Spell_C::CastSpell(879, 0, 0xF130000D2E001BD8, 0)
[16:42:07.654] [D] [Pulse] Slow plugin: name=Tidy Bags 3 Reloaded elapsed=23ms
[16:42:10.138] [D] Cleared POI - Reason POI is dead from Combat
[16:42:10.138] [D] Cleared POI
[16:42:10.282] [D] Changed POI to: Type: Loot, Name: Bael'dun Excavator, Guid: F130000D2E001BD8, Entry: 3374, Location: (-4183.39, -2194.91, 50.18)
[16:42:10.416] [D] [LB] DNTFT -> S
[16:42:10.416] [D] [Interact] Interacting with object at 0x33ED19B8
[16:42:10.421] [D] [Interact] Done interacting with object at 0x33ED19B8
[16:42:10.838] [N] Looting Bael'dun Excavator Guid 0xF130000D2E001BD8
[16:42:10.861] [D] Cleared POI - Reason Waiting for loot flag
[16:42:10.861] [D] Cleared POI
[16:42:11.151] [D] Changed POI to: Type: Loot, Name: Bael'dun Excavator, Guid: F130000D2E001BD8, Entry: 3374, Location: (-4183.39, -2194.91, 50.18)
[16:42:11.301] [D] [LB] DNTFT -> S
[16:42:11.301] [D] Cleared POI - Reason Already looted
[16:42:11.302] [D] Cleared POI
[16:42:11.338] [D] [QuestRecovery] quest=843, stage=Objective, old=Attempting, new=Eligible, reason=None, episode=0, attempt=0, retry=
[16:42:11.467] [D] Changed POI to: Type: Loot, Name: Bael'dun Excavator, Guid: F130000D2E001BEC, Entry: 3374, Location: (-4177.78, -2184.92, 50.18)
[16:42:11.629] [N] Moving to Type: Loot, Name: Bael'dun Excavator, Guid: F130000D2E001BEC, Entry: 3374, Location: (-4177.78, -2184.92, 50.18)
[16:42:12.183] [D] [Interact] Interacting with object at 0x33ED9398
[16:42:12.188] [D] [Interact] Done interacting with object at 0x33ED9398
[16:42:12.194] [D] [Pulse] Slow bot root: 150ms bot=Wholesome Auto Quest poi=Loot combat=False
[16:42:12.861] [N] Looting Bael'dun Excavator Guid 0xF130000D2E001BEC
[16:42:12.879] [D] Cleared POI - Reason Waiting for loot flag
[16:42:12.879] [D] Cleared POI
[16:42:12.996] [D] [Pulse] Slow plugin: name=AutoEquip2 elapsed=49ms
[16:42:13.007] [D] [Singular-DEBUG] Switched targets!
[16:42:13.007] [D] [Singular-DEBUG] Melee Distance: 5
[16:42:13.007] [D] [Singular-DEBUG] Health: 0
[16:42:13.007] [D] [Singular-DEBUG] Level: 22
[16:42:13.153] [D] Changed POI to: Type: Loot, Name: Bael'dun Excavator, Guid: F130000D2E001BEC, Entry: 3374, Location: (-4177.78, -2184.92, 50.18)
[16:42:13.335] [D] Cleared POI - Reason Already looted
[16:42:13.335] [D] Cleared POI
[16:42:13.469] [D] Changed POI to: Type: Loot, Name: Bael'dun Excavator, Guid: F130000D2E001BE6, Entry: 3374, Location: (-4173.53, -2170.33, 51.74)
[16:42:13.614] [N] Moving to Type: Loot, Name: Bael'dun Excavator, Guid: F130000D2E001BE6, Entry: 3374, Location: (-4173.53, -2170.33, 51.74)
[16:42:15.765] [D] [Interact] Interacting with object at 0x33ED4258
[16:42:15.769] [D] [Interact] Done interacting with object at 0x33ED4258
[16:42:15.774] [D] [Pulse] Slow bot root: 139ms bot=Wholesome Auto Quest poi=Loot combat=False
[16:42:16.309] [N] Looting Bael'dun Excavator Guid 0xF130000D2E001BE6
[16:42:16.327] [D] Cleared POI - Reason Waiting for loot flag
[16:42:16.327] [D] Cleared POI
[16:42:16.406] [D] [Singular-DEBUG] Switched targets!
[16:42:16.406] [D] [Singular-DEBUG] Melee Distance: 5
[16:42:16.406] [D] [Singular-DEBUG] Health: 0
[16:42:16.406] [D] [Singular-DEBUG] Level: 22
[16:42:16.515] [D] Changed POI to: Type: Loot, Name: Bael'dun Excavator, Guid: F130000D2E001BE6, Entry: 3374, Location: (-4173.53, -2170.33, 51.74)
[16:42:16.649] [D] Cleared POI - Reason Already looted
[16:42:16.649] [D] Cleared POI
[16:42:16.788] [D] Changed POI to: Type: Loot, Name: Bael'dun Foreman, Guid: F130000D2F001BF5, Entry: 3375, Location: (-4160.93, -2178.33, 50.88)
[16:42:16.922] [N] Moving to Type: Loot, Name: Bael'dun Foreman, Guid: F130000D2F001BF5, Entry: 3375, Location: (-4160.93, -2178.33, 50.88)
[16:42:18.507] [D] [Interact] Interacting with object at 0x33ECF118
[16:42:18.512] [D] [Interact] Done interacting with object at 0x33ECF118
[16:42:18.519] [D] [Pulse] Slow bot root: 140ms bot=Wholesome Auto Quest poi=Loot combat=False
[16:42:19.201] [N] Looting Bael'dun Foreman Guid 0xF130000D2F001BF5
[16:42:19.223] [D] Cleared POI - Reason Waiting for loot flag
[16:42:19.223] [D] Cleared POI
[16:42:19.318] [D] [Singular-DEBUG] Switched targets!
[16:42:19.318] [D] [Singular-DEBUG] Melee Distance: 5
[16:42:19.318] [D] [Singular-DEBUG] Health: 0
[16:42:19.318] [D] [Singular-DEBUG] Level: 22
[16:42:19.442] [D] Changed POI to: Type: Loot, Name: Bael'dun Foreman, Guid: F130000D2F001BF5, Entry: 3375, Location: (-4160.93, -2178.33, 50.88)
[16:42:19.630] [D] Cleared POI - Reason Already looted
[16:42:19.630] [D] Cleared POI
[16:42:19.776] [D] Changed POI to: Type: Loot, Name: Bael'dun Foreman, Guid: F130000D2F001BF2, Entry: 3375, Location: (-4156.57, -2180.14, 50.71)
[16:42:19.910] [N] Moving to Type: Loot, Name: Bael'dun Foreman, Guid: F130000D2F001BF2, Entry: 3375, Location: (-4156.57, -2180.14, 50.71)
[16:42:20.652] [D] [Interact] Interacting with object at 0x33F08328
[16:42:20.656] [D] [Interact] Done interacting with object at 0x33F08328
[16:42:20.662] [D] [Pulse] Slow bot root: 149ms bot=Wholesome Auto Quest poi=Loot combat=False
[16:42:21.208] [N] Looting Bael'dun Foreman Guid 0xF130000D2F001BF2
[16:42:21.227] [D] Cleared POI - Reason Waiting for loot flag
[16:42:21.227] [D] Cleared POI
[16:42:21.306] [D] [Singular-DEBUG] Switched targets!
[16:42:21.306] [D] [Singular-DEBUG] Melee Distance: 5
[16:42:21.307] [D] [Singular-DEBUG] Health: 0
[16:42:21.307] [D] [Singular-DEBUG] Level: 22
[16:42:21.416] [D] Changed POI to: Type: Loot, Name: Bael'dun Foreman, Guid: F130000D2F001BF2, Entry: 3375, Location: (-4156.57, -2180.14, 50.71)
[16:42:21.550] [D] Cleared POI - Reason Already looted
[16:42:21.550] [D] Cleared POI
[16:42:21.690] [D] Changed POI to: Type: Loot, Name: Bael'dun Excavator, Guid: F130000D2E001BDC, Entry: 3374, Location: (-4155.04, -2178.69, 50.90)
[16:42:21.823] [N] Moving to Type: Loot, Name: Bael'dun Excavator, Guid: F130000D2E001BDC, Entry: 3374, Location: (-4155.04, -2178.69, 50.90)
[16:42:22.138] [D] [Interact] Interacting with object at 0x33EDBC38
[16:42:22.143] [D] [Interact] Done interacting with object at 0x33EDBC38
[16:42:22.149] [D] [Pulse] Slow bot root: 145ms bot=Wholesome Auto Quest poi=Loot combat=False
[16:42:22.550] [N] Looting Bael'dun Excavator Guid 0xF130000D2E001BDC
[16:42:22.569] [D] Cleared POI - Reason Waiting for loot flag
[16:42:22.569] [D] Cleared POI
[16:42:22.759] [D] Changed POI to: Type: Loot, Name: Bael'dun Excavator, Guid: F130000D2E001BDC, Entry: 3374, Location: (-4155.04, -2178.69, 50.90)
[16:42:22.831] [D] [Singular-DEBUG] Switched targets!
[16:42:22.831] [D] [Singular-DEBUG] Melee Distance: 5
[16:42:22.831] [D] [Singular-DEBUG] Health: 0
[16:42:22.831] [D] [Singular-DEBUG] Level: 21
[16:42:22.941] [D] Cleared POI - Reason Already looted
[16:42:22.941] [D] Cleared POI
[16:42:23.009] [D] [Pulse] Slow plugin: name=AutoEquip2 elapsed=48ms
[16:42:23.140] [D] Activity: Moving to hotspot
[16:42:24.150] [D] Activity: Moving towards Bael'dun Excavator
[16:42:27.104] [D] Activity: Setting Bael'dun Excavator at 22.8 yards as your target
[16:42:27.398] [D] Changed POI to: Type: Kill, Name: Bael'dun Excavator, Guid: F130000D2E001BD7, Entry: 3374, Location: (-4159.34, -2221.48, 51.20)
[16:42:27.432] [D] [Singular-DEBUG] Switched targets!
[16:42:27.432] [D] [Singular-DEBUG] Melee Distance: 5
[16:42:27.432] [D] [Singular-DEBUG] Health: 100
[16:42:27.432] [D] [Singular-DEBUG] Level: 22
[16:42:29.320] [N] [Singular] Casting Judgement of Light on Bael'dun Excavator
[16:42:29.320] [D] Spell_C::CastSpell(20271, 0, 0xF130000D2E001BD7, 0)
[16:42:29.679] [N] [Singular] Casting Judgement of Light on Bael'dun Excavator
[16:42:29.679] [D] Spell_C::CastSpell(20271, 0, 0xF130000D2E001BD7, 0)
[16:42:30.049] [N] [Singular] Casting Judgement of Light on Bael'dun Excavator
[16:42:30.049] [D] Spell_C::CastSpell(20271, 0, 0xF130000D2E001BD7, 0)
[16:42:30.390] [N] [Singular] Casting Judgement of Light on Bael'dun Excavator
[16:42:30.390] [D] Spell_C::CastSpell(20271, 0, 0xF130000D2E001BD7, 0)
[16:42:31.991] [N] [Singular] Casting Exorcism on Bael'dun Excavator
[16:42:31.991] [D] Spell_C::CastSpell(879, 0, 0xF130000D2E001BD7, 0)
[16:42:38.706] [N] [Singular] Casting Judgement of Light on Bael'dun Excavator
[16:42:38.706] [D] Spell_C::CastSpell(20271, 0, 0xF130000D2E001BD7, 0)
[16:42:41.548] [D] Cleared POI - Reason POI is dead from Combat
[16:42:41.548] [D] Cleared POI
[16:42:42.076] [D] Changed POI to: Type: Loot, Name: Bael'dun Excavator, Guid: F130000D2E001BD7, Entry: 3374, Location: (-4150.70, -2231.43, 50.80)
[16:42:42.107] [D] [Singular-DEBUG] Switched targets!
[16:42:42.107] [D] [Singular-DEBUG] Melee Distance: 5
[16:42:42.107] [D] [Singular-DEBUG] Health: 100
[16:42:42.107] [D] [Singular-DEBUG] Level: 21
[16:42:42.216] [D] [LB] DNTFT -> S
[16:42:42.216] [D] [Interact] Interacting with object at 0x33F1C828
[16:42:42.221] [D] [Interact] Done interacting with object at 0x33F1C828
[16:42:42.443] [D] [QuestRecovery] quest=843, stage=Objective, old=Attempting, new=Eligible, reason=None, episode=0, attempt=0, retry=
[16:42:42.686] [N] Looting Bael'dun Excavator Guid 0xF130000D2E001BD7
[16:42:42.711] [D] Cleared POI - Reason Waiting for loot flag
[16:42:42.711] [D] Cleared POI
[16:42:42.799] [D] [Singular-DEBUG] Switched targets!
[16:42:42.799] [D] [Singular-DEBUG] Melee Distance: 5
[16:42:42.799] [D] [Singular-DEBUG] Health: 0
[16:42:42.799] [D] [Singular-DEBUG] Level: 22
[16:42:42.909] [D] Changed POI to: Type: Loot, Name: Bael'dun Excavator, Guid: F130000D2E001BD7, Entry: 3374, Location: (-4150.70, -2231.43, 50.80)
[16:42:43.087] [D] [LB] DNTFT -> S
[16:42:43.087] [D] Cleared POI - Reason Already looted
[16:42:43.087] [D] Cleared POI
[16:42:43.156] [D] [Pulse] Slow plugin: name=AutoEquip2 elapsed=47ms
[16:42:43.552] [D] Changed POI to: Type: Kill, Name: Bael'dun Excavator, Guid: F130000D2E001BE5, Entry: 3374, Location: (-4143.26, -2243.15, 53.08)
[16:42:43.582] [D] [Singular-DEBUG] Switched targets!
[16:42:43.583] [D] [Singular-DEBUG] Melee Distance: 5
[16:42:43.583] [D] [Singular-DEBUG] Health: 100
[16:42:43.583] [D] [Singular-DEBUG] Level: 21
[16:42:47.085] [N] [Singular] Casting Judgement of Light on Bael'dun Excavator
[16:42:47.085] [D] Spell_C::CastSpell(20271, 0, 0xF130000D2E001BE5, 0)
[16:42:49.370] [N] [Singular] Casting Exorcism on Bael'dun Excavator
[16:42:49.370] [D] Spell_C::CastSpell(879, 0, 0xF130000D2E001BE5, 0)
[16:42:51.192] [D] Cleared POI - Reason POI is dead from Combat
[16:42:51.192] [D] Cleared POI
[16:42:51.281] [D] [Pulse] Slow plugin: name=Tidy Bags 3 Reloaded elapsed=48ms
[16:42:51.714] [D] [QuestLog] Loaded 75 completed quests from Lua fallback
[16:42:53.094] [D] [Pulse] Slow bot root: 808ms bot=Wholesome Auto Quest poi=None combat=True
[16:42:53.181] [D] [QuestRecovery] quest=843, stage=Objective, old=Attempting, new=Eligible, reason=None, episode=0, attempt=0, retry=
[16:42:54.483] [D] Changed POI to: Type: Loot, Name: Bael'dun Excavator, Guid: F130000D2E001BE5, Entry: 3374, Location: (-4143.26, -2243.15, 53.08)
[16:42:55.218] [D] [LB] DNTFT -> S
[16:42:55.218] [D] [Interact] Interacting with object at 0x33EE4A68
[16:42:55.251] [D] [Interact] Done interacting with object at 0x33EE4A68
[16:42:56.294] [D] [Pulse] Slow shared pulse: total=335ms movement=0 objects=0 lua=233 info=0 loot=2 targeting=45 events=0 plugins=53 routine=0
[16:42:56.861] [N] Looting Bael'dun Excavator Guid 0xF130000D2E001BE5
[16:42:56.996] [D] Cleared POI - Reason Waiting for loot flag
[16:42:56.996] [D] Cleared POI
[16:42:57.002] [D] [Pulse] Slow bot root: 141ms bot=Wholesome Auto Quest poi=None combat=False
[16:42:58.405] [D] Changed POI to: Type: Kill, Name: Bael'dun Excavator, Guid: F130000D2E001BE4, Entry: 3374, Location: (-4162.53, -2246.74, 59.31)
[16:42:58.505] [D] [Singular-DEBUG] Switched targets!
[16:42:58.505] [D] [Singular-DEBUG] Melee Distance: 5
[16:42:58.505] [D] [Singular-DEBUG] Health: 100
[16:42:58.505] [D] [Singular-DEBUG] Level: 22
[16:42:59.205] [D] [Pulse] Slow bot root: 132ms bot=Wholesome Auto Quest poi=Kill combat=False
[16:43:00.276] [D] [Pulse] Slow bot root: 404ms bot=Wholesome Auto Quest poi=Kill combat=False
[16:43:01.279] [D] [Pulse] Slow bot root: 299ms bot=Wholesome Auto Quest poi=Kill combat=False
[16:43:01.380] [D] [Pulse] Slow plugin: name=Tidy Bags 3 Reloaded elapsed=51ms
[16:43:02.047] [N] [Singular] Casting Judgement of Light on Bael'dun Excavator
[16:43:02.047] [D] Spell_C::CastSpell(20271, 0, 0xF130000D2E001BE4, 0)
[16:43:02.082] [D] [Pulse] Slow bot root: 133ms bot=Wholesome Auto Quest poi=Kill combat=True
[16:43:06.457] [N] [Singular] Casting Exorcism on Bael'dun Excavator
[16:43:06.457] [D] Spell_C::CastSpell(879, 0, 0xF130000D2E001BE4, 0)
[16:43:06.490] [D] [Pulse] Slow bot root: 134ms bot=Wholesome Auto Quest poi=Kill combat=True
[16:43:10.816] [N] [Singular] Casting Judgement of Light on Bael'dun Excavator
[16:43:10.816] [D] Spell_C::CastSpell(20271, 0, 0xF130000D2E001BE4, 0)
[16:43:10.849] [D] [Pulse] Slow bot root: 133ms bot=Wholesome Auto Quest poi=Kill combat=True
[16:43:11.721] [D] [Pulse] Slow plugin: name=Tidy Bags 3 Reloaded elapsed=53ms
[16:43:12.287] [D] Cleared POI - Reason POI is dead from Combat
[16:43:12.287] [D] Cleared POI
[16:43:13.054] [D] [Pulse] Slow bot root: 100ms bot=Wholesome Auto Quest poi=None combat=True
[16:43:13.923] [D] [Pulse] Slow bot root: 198ms bot=Wholesome Auto Quest poi=None combat=True
[16:43:14.027] [D] [Singular-DEBUG] Switched targets!
[16:43:14.028] [D] [Singular-DEBUG] Melee Distance: 5
[16:43:14.028] [D] [Singular-DEBUG] Health: 100
[16:43:14.028] [D] [Singular-DEBUG] Level: 22
[16:43:14.028] [D] [QuestRecovery] quest=843, stage=Objective, old=Attempting, new=Eligible, reason=None, episode=0, attempt=0, retry=
[16:43:14.592] [D] Changed POI to: Type: Loot, Name: Bael'dun Excavator, Guid: F130000D2E001BE4, Entry: 3374, Location: (-4164.51, -2248.20, 58.99)
[16:43:15.293] [D] [LB] DNTFT -> S
[16:43:15.293] [N] Moving to Type: Loot, Name: Bael'dun Excavator, Guid: F130000D2E001BE4, Entry: 3374, Location: (-4164.51, -2248.20, 58.99)
[16:43:15.566] [D] [Pulse] Slow bot root: 307ms bot=Wholesome Auto Quest poi=Loot combat=False
[16:43:16.261] [D] [LB] DNTFT -> S
[16:43:16.463] [D] [Interact] Interacting with object at 0x33EED898
[16:43:16.492] [D] [Interact] Done interacting with object at 0x33EED898
[16:43:16.526] [D] [Pulse] Slow bot root: 298ms bot=Wholesome Auto Quest poi=Loot combat=False
[16:43:17.566] [D] [Pulse] Slow shared pulse: total=334ms movement=0 objects=0 lua=234 info=0 loot=2 targeting=41 events=0 plugins=54 routine=0
[16:43:18.137] [N] Looting Bael'dun Excavator Guid 0xF130000D2E001BE4
[16:43:18.237] [D] Cleared POI - Reason Waiting for loot flag
[16:43:18.237] [D] Cleared POI
[16:43:18.271] [D] [Pulse] Slow bot root: 133ms bot=Wholesome Auto Quest poi=None combat=False
[16:43:19.680] [D] Changed POI to: Type: Kill, Name: Bael'dun Excavator, Guid: F130000D2E001BE3, Entry: 3374, Location: (-4184.92, -2262.35, 50.95)
[16:43:19.781] [D] [Singular-DEBUG] Switched targets!
[16:43:19.781] [D] [Singular-DEBUG] Melee Distance: 5
[16:43:19.781] [D] [Singular-DEBUG] Health: 100
[16:43:19.781] [D] [Singular-DEBUG] Level: 22
[16:43:20.482] [D] [Pulse] Slow bot root: 134ms bot=Wholesome Auto Quest poi=Kill combat=False
[16:43:21.518] [D] [Pulse] Slow bot root: 369ms bot=Wholesome Auto Quest poi=Kill combat=False
[16:43:22.452] [D] [Pulse] Slow bot root: 268ms bot=Wholesome Auto Quest poi=Kill combat=False
[16:43:22.585] [D] [Pulse] Slow plugin: name=Tidy Bags 3 Reloaded elapsed=54ms
[16:43:23.418] [N] [Singular] Casting Exorcism on Bael'dun Excavator
[16:43:23.418] [D] Spell_C::CastSpell(879, 0, 0xF130000D2E001BE3, 0)
[16:43:23.451] [D] [Pulse] Slow bot root: 298ms bot=Wholesome Auto Quest poi=Kill combat=False
[16:43:24.486] [D] [Pulse] Slow plugin: name=AutoEquip2 elapsed=256ms
[16:43:26.151] [D] [Pulse] Slow bot root: 302ms bot=Wholesome Auto Quest poi=Kill combat=True
[16:43:26.921] [N] [Singular] Casting Judgement of Light on Bael'dun Excavator
[16:43:26.922] [D] Spell_C::CastSpell(20271, 0, 0xF130000D2E001BE3, 0)
[16:43:26.956] [D] [Pulse] Slow bot root: 134ms bot=Wholesome Auto Quest poi=Kill combat=True
[16:43:32.827] [D] [Pulse] Slow plugin: name=Tidy Bags 3 Reloaded elapsed=57ms
[16:43:33.629] [D] [Pulse] Slow bot root: 198ms bot=Wholesome Auto Quest poi=Kill combat=True
[16:43:34.434] [D] [Pulse] Slow bot root: 134ms bot=Wholesome Auto Quest poi=Kill combat=True
[16:43:35.277] [D] [Pulse] Slow bot root: 167ms bot=Wholesome Auto Quest poi=Kill combat=True
[16:43:36.046] [N] [Singular] Casting Judgement of Light on Bael'dun Excavator
[16:43:36.046] [D] Spell_C::CastSpell(20271, 0, 0xF130000D2E001BE3, 0)
[16:43:36.080] [D] [Pulse] Slow bot root: 132ms bot=Wholesome Auto Quest poi=Kill combat=True
[16:43:37.484] [D] Cleared POI - Reason POI is dead from Combat
[16:43:37.484] [D] Cleared POI
[16:43:38.156] [N] [Singular] Currect target is invalid. Switching to Bael'dun Excavator!
[16:43:38.315] [D] [QuestRecovery] quest=843, stage=Objective, old=Attempting, new=Eligible, reason=None, episode=0, attempt=0, retry=
[16:43:38.952] [D] [Singular-DEBUG] Switched targets!
[16:43:38.952] [D] [Singular-DEBUG] Melee Distance: 5
[16:43:38.952] [D] [Singular-DEBUG] Health: 98.1203007518797
[16:43:38.952] [D] [Singular-DEBUG] Level: 21
[16:43:40.360] [N] [Singular] Casting Exorcism on Bael'dun Excavator
[16:43:40.360] [D] Spell_C::CastSpell(879, 0, 0xF130000D2E001BEB, 0)
[16:43:40.393] [D] [Pulse] Slow bot root: 132ms bot=Wholesome Auto Quest poi=None combat=True
[16:43:43.336] [D] [Pulse] Slow plugin: name=Tidy Bags 3 Reloaded elapsed=51ms
[16:43:44.744] [N] [Singular] Casting Judgement of Light on Bael'dun Excavator
[16:43:44.744] [D] Spell_C::CastSpell(20271, 0, 0xF130000D2E001BEB, 0)
[16:43:44.775] [D] [Pulse] Slow bot root: 133ms bot=Wholesome Auto Quest poi=None combat=True
[16:43:49.807] [N] Drinking Melon Juice
[16:43:49.841] [D] [Pulse] Slow bot root: 100ms bot=Wholesome Auto Quest poi=None combat=False
[16:43:51.314] [D] [QuestRecovery] quest=843, stage=Objective, old=Attempting, new=Eligible, reason=None, episode=0, attempt=0, retry=
[16:43:52.426] [D] [QuestLog] Loaded 75 completed quests from Lua fallback
[16:43:53.867] [D] [Pulse] Slow plugin: name=Tidy Bags 3 Reloaded elapsed=52ms
[16:43:55.472] [D] [Pulse] Slow plugin: name=AutoEquip2 elapsed=255ms
[16:43:55.536] [D] [Pulse] Slow shared pulse: total=366ms movement=0 objects=0 lua=0 info=0 loot=2 targeting=43 events=0 plugins=319 routine=0
[16:44:02.491] [D] Changed POI to: Type: Loot, Name: Bael'dun Excavator, Guid: F130000D2E001BEB, Entry: 3374, Location: (-4194.35, -2244.30, 50.20)
[16:44:03.195] [D] [Interact] Interacting with object at 0x33ED0568
[16:44:03.227] [D] [Interact] Done interacting with object at 0x33ED0568
[16:44:03.260] [D] [Pulse] Slow bot root: 100ms bot=Wholesome Auto Quest poi=Loot combat=False
[16:44:04.099] [D] [Pulse] Slow plugin: name=Tidy Bags 3 Reloaded elapsed=51ms
[16:44:04.099] [D] [Singular-DEBUG] Switched targets!
[16:44:04.099] [D] [Singular-DEBUG] Melee Distance: 5
[16:44:04.099] [D] [Singular-DEBUG] Health: 0
[16:44:04.099] [D] [Singular-DEBUG] Level: 21
[16:44:05.564] [N] Looting Bael'dun Excavator Guid 0xF130000D2E001BEB
[16:44:05.663] [D] Cleared POI - Reason Waiting for loot flag
[16:44:05.663] [D] Cleared POI
[16:44:05.696] [D] [Pulse] Slow bot root: 132ms bot=Wholesome Auto Quest poi=None combat=False
[16:44:05.996] [D] [Pulse] Slow plugin: name=AutoEquip2 elapsed=252ms
[16:44:06.062] [D] [Pulse] Slow shared pulse: total=365ms movement=0 objects=0 lua=0 info=0 loot=2 targeting=44 events=0 plugins=317 routine=0
[16:44:06.661] [D] Changed POI to: Type: Loot, Name: Bael'dun Excavator, Guid: F130000D2E001BE3, Entry: 3374, Location: (-4194.55, -2244.14, 50.22)
[16:44:07.360] [D] [Interact] Interacting with object at 0x33F06ED8
[16:44:07.393] [D] [Interact] Done interacting with object at 0x33F06ED8
[16:44:07.427] [D] [Pulse] Slow bot root: 100ms bot=Wholesome Auto Quest poi=Loot combat=False
[16:44:08.992] [N] Looting Bael'dun Excavator Guid 0xF130000D2E001BE3
[16:44:09.092] [D] Cleared POI - Reason Waiting for loot flag
[16:44:09.092] [D] Cleared POI
[16:44:09.125] [D] [Pulse] Slow bot root: 133ms bot=Wholesome Auto Quest poi=None combat=False
[16:44:09.896] [D] Activity: Moving towards Bael'dun Excavator
[16:44:10.065] [D] [Pulse] Slow bot root: 236ms bot=Wholesome Auto Quest poi=None combat=False
[16:44:10.901] [D] [Pulse] Slow bot root: 165ms bot=Wholesome Auto Quest poi=None combat=False
[16:44:11.735] [D] [Pulse] Slow bot root: 165ms bot=Wholesome Auto Quest poi=None combat=False
[16:44:12.465] [D] Activity: Setting Bael'dun Excavator at 19.4 yards as your target
[16:44:13.132] [D] Changed POI to: Type: Kill, Name: Bael'dun Excavator, Guid: F130000D2E001BEA, Entry: 3374, Location: (-4223.21, -2260.73, 53.31)
[16:44:13.232] [D] [Singular-DEBUG] Switched targets!
[16:44:13.233] [D] [Singular-DEBUG] Melee Distance: 5
[16:44:13.233] [D] [Singular-DEBUG] Health: 100
[16:44:13.233] [D] [Singular-DEBUG] Level: 21
[16:44:13.935] [N] [Singular] Casting Judgement of Light on Bael'dun Excavator
[16:44:13.935] [D] Spell_C::CastSpell(20271, 0, 0xF130000D2E001BEA, 0)
[16:44:13.968] [D] [Pulse] Slow bot root: 165ms bot=Wholesome Auto Quest poi=Kill combat=True
[16:44:14.805] [D] [Pulse] Slow bot root: 164ms bot=Wholesome Auto Quest poi=Kill combat=True
[16:44:14.939] [D] [Pulse] Slow plugin: name=Tidy Bags 3 Reloaded elapsed=58ms
[16:44:15.605] [N] [Singular] Casting Exorcism on Bael'dun Excavator
[16:44:15.605] [D] Spell_C::CastSpell(879, 0, 0xF130000D2E001BEA, 0)
[16:44:15.638] [D] [Pulse] Slow bot root: 134ms bot=Wholesome Auto Quest poi=Kill combat=True
[16:44:22.781] [N] [Singular] Casting Judgement of Light on Bael'dun Excavator
[16:44:22.781] [D] Spell_C::CastSpell(20271, 0, 0xF130000D2E001BEA, 0)
[16:44:22.814] [D] [Pulse] Slow bot root: 133ms bot=Wholesome Auto Quest poi=Kill combat=True
[16:44:24.951] [D] Cleared POI - Reason POI is dead from Combat
[16:44:24.951] [D] Cleared POI
[16:44:25.083] [D] [Pulse] Slow plugin: name=Tidy Bags 3 Reloaded elapsed=57ms
[16:44:26.044] [D] [Pulse] Slow bot root: 394ms bot=Wholesome Auto Quest poi=None combat=False
[16:44:26.118] [D] [QuestRecovery] quest=843, stage=Objective, old=Attempting, new=Eligible, reason=None, episode=0, attempt=0, retry=
[16:44:26.684] [D] Changed POI to: Type: Loot, Name: Bael'dun Excavator, Guid: F130000D2E001BEA, Entry: 3374, Location: (-4224.03, -2258.60, 55.31)
[16:44:26.982] [D] [Pulse] Slow plugin: name=AutoEquip2 elapsed=256ms
[16:44:27.048] [D] [Pulse] Slow shared pulse: total=364ms movement=0 objects=0 lua=0 info=0 loot=2 targeting=38 events=0 plugins=322 routine=0
[16:44:27.651] [D] [LB] DNTFT -> S
[16:44:27.652] [D] [Interact] Interacting with object at 0x33EE5EB8
[16:44:27.685] [D] [Interact] Done interacting with object at 0x33EE5EB8
[16:44:29.286] [N] Looting Bael'dun Excavator Guid 0xF130000D2E001BEA
[16:44:29.385] [D] Cleared POI - Reason Waiting for loot flag
[16:44:29.385] [D] Cleared POI
[16:44:29.420] [D] [Pulse] Slow bot root: 134ms bot=Wholesome Auto Quest poi=None combat=False
[16:44:30.863] [D] Changed POI to: Type: Kill, Name: Bael'dun Excavator, Guid: F130000D2E001BED, Entry: 3374, Location: (-4219.26, -2282.07, 52.31)
[16:44:30.963] [D] [Singular-DEBUG] Switched targets!
[16:44:30.963] [D] [Singular-DEBUG] Melee Distance: 5
[16:44:30.963] [D] [Singular-DEBUG] Health: 100
[16:44:30.963] [D] [Singular-DEBUG] Level: 22
[16:44:31.666] [D] [Pulse] Slow bot root: 135ms bot=Wholesome Auto Quest poi=Kill combat=False
[16:44:32.703] [D] [Pulse] Slow bot root: 368ms bot=Wholesome Auto Quest poi=Kill combat=False
[16:44:33.676] [D] [Pulse] Slow bot root: 301ms bot=Wholesome Auto Quest poi=Kill combat=False
[16:44:34.709] [D] [Pulse] Slow bot root: 332ms bot=Wholesome Auto Quest poi=Kill combat=False
[16:44:35.451] [D] Activity: Moving towards Bael'dun Excavator
[16:44:35.583] [D] [Pulse] Slow bot root: 200ms bot=Wholesome Auto Quest poi=Kill combat=False
[16:44:35.716] [D] [Pulse] Slow plugin: name=Tidy Bags 3 Reloaded elapsed=56ms
[16:44:36.485] [D] [Pulse] Slow bot root: 202ms bot=Wholesome Auto Quest poi=Kill combat=False
[16:44:37.387] [D] [Pulse] Slow bot root: 235ms bot=Wholesome Auto Quest poi=Kill combat=True
[16:44:38.054] [N] [Singular] Current target is not the best target. Switching to Bael'dun Excavator!
[16:44:38.923] [D] [Singular-DEBUG] Switched targets!
[16:44:38.923] [D] [Singular-DEBUG] Melee Distance: 5
[16:44:38.923] [D] [Singular-DEBUG] Health: 100
[16:44:38.923] [D] [Singular-DEBUG] Level: 21
[16:44:39.593] [N] [Singular] Casting Judgement of Light on Bael'dun Excavator
[16:44:39.593] [D] Spell_C::CastSpell(20271, 0, 0xF130000D2E001BF0, 0)
[16:44:39.626] [D] [Pulse] Slow bot root: 133ms bot=Wholesome Auto Quest poi=Kill combat=True
[16:44:40.428] [D] [Pulse] Slow bot root: 135ms bot=Wholesome Auto Quest poi=Kill combat=True
[16:44:41.199] [N] [Singular] Casting Exorcism on Bael'dun Excavator
[16:44:41.199] [D] Spell_C::CastSpell(879, 0, 0xF130000D2E001BF0, 0)
[16:44:41.232] [D] [Pulse] Slow bot root: 134ms bot=Wholesome Auto Quest poi=Kill combat=True
[16:44:44.089] [N] [Singular] Casting Consecration on Bael'dun Excavator
[16:44:44.089] [D] Spell_C::CastSpell(26573, 0, 0xF130000D2E001BF0, 0)
[16:44:44.861] [N] [Singular] Casting Divine Protection on Myself
[16:44:44.861] [D] Spell_C::CastSpell(498, 0, 0x6000000007EAB80, 0)
[16:44:44.895] [D] [Pulse] Slow bot root: 101ms bot=Wholesome Auto Quest poi=Kill combat=True
[16:44:45.766] [D] [Pulse] Slow plugin: name=Tidy Bags 3 Reloaded elapsed=55ms
[16:44:47.768] [N] [Singular] Currect target is invalid. Switching to Bael'dun Excavator!
[16:44:47.905] [D] [QuestRecovery] quest=843, stage=Objective, old=Attempting, new=Eligible, reason=None, episode=0, attempt=0, retry=
[16:44:47.905] [N] [Wholesome Auto Quest] Quest 843 objective completed; queuing one scheduler rebuild.
[16:44:48.537] [D] [Singular-DEBUG] Switched targets!
[16:44:48.537] [D] [Singular-DEBUG] Melee Distance: 5
[16:44:48.537] [D] [Singular-DEBUG] Health: 80.45375218150087
[16:44:48.537] [D] [Singular-DEBUG] Level: 22
[16:44:49.904] [N] [Singular] Casting Judgement of Light on Bael'dun Excavator
[16:44:49.904] [D] Spell_C::CastSpell(20271, 0, 0xF130000D2E001BED, 0)
[16:44:49.938] [D] [Pulse] Slow bot root: 165ms bot=Wholesome Auto Quest poi=Kill combat=True
[16:44:56.134] [D] [Pulse] Slow plugin: name=Tidy Bags 3 Reloaded elapsed=51ms
[16:44:57.457] [D] [Pulse] Slow bot root: 116ms bot=Wholesome Auto Quest poi=Kill combat=True
[16:44:58.103] [D] Cleared POI - Reason POI is dead from Combat
[16:44:58.103] [D] Cleared POI
[16:44:58.205] [D] [Singular-DEBUG] Switched targets!
[16:44:58.205] [D] [Singular-DEBUG] Melee Distance: 5
[16:44:58.205] [D] [Singular-DEBUG] Health: 62.666666666666664
[16:44:58.205] [D] [Singular-DEBUG] Level: 24
[16:44:59.540] [N] [Singular] Casting Judgement of Light on Prospector Khazgorm
[16:44:59.540] [D] Spell_C::CastSpell(20271, 0, 0xF130000D40001C24, 0)
[16:44:59.573] [D] [Pulse] Slow bot root: 131ms bot=Wholesome Auto Quest poi=None combat=True
[16:45:00.317] [D] [Pulse] Slow bot root: 106ms bot=Wholesome Auto Quest poi=None combat=True
[16:45:01.711] [N] [Singular] Casting Exorcism on Prospector Khazgorm
[16:45:01.711] [D] Spell_C::CastSpell(879, 0, 0xF130000D40001C24, 0)
[16:45:01.745] [D] [Pulse] Slow bot root: 134ms bot=Wholesome Auto Quest poi=None combat=True
[16:45:04.517] [N] [Singular] Casting Holy Light on Myself
[16:45:04.517] [D] Spell_C::CastSpell(1026, 0, 0x6000000007EAB80, 0)
[16:45:06.552] [D] [Pulse] Slow plugin: name=Tidy Bags 3 Reloaded elapsed=56ms
[16:45:09.130] [N] [Singular] Casting Judgement of Light on Prospector Khazgorm
[16:45:09.130] [D] Spell_C::CastSpell(20271, 0, 0xF130000D40001C24, 0)
[16:45:09.163] [D] [Pulse] Slow bot root: 131ms bot=Wholesome Auto Quest poi=None combat=True
[16:45:09.902] [D] [Pulse] Slow bot root: 106ms bot=Wholesome Auto Quest poi=None combat=True
[16:45:11.977] [D] [Pulse] Slow bot root: 116ms bot=Wholesome Auto Quest poi=None combat=True
[16:45:12.851] [D] [QuestLog] Loaded 75 completed quests from Lua fallback
[16:45:12.865] [D] Activity: No eligible quest work; idle until 2026-09-08T09:10:22.7442338Z. excluded quest=104;stage=Pickup;npc=392;reason=outside-scan-radius;retry=context-change excluded quest=1058;stage=Pickup;npc=3995;reason=outside-scan-radius;retry=context-change excluded quest=1062;stage=TurnIn;npc=4049;reason=outside-scan-radius;retry=context-change excluded quest=1069;stage=Objective;objective=0;reason=outside-scan-radius;retry=context-change. excluded quest=1087;stage=Objective;objective=2;reason=outside-scan-radius;retry=context-change. excluded quest=1093;stage=Objective;scope=Objective;objective=0;retry=2026-09-08T09:10:22.7442338Z;state=HalfOpen. excluded quest=11127;stage=Pickup;scope=QuestStage;retry=2026-09-08T09:10:22.7442338Z;state=HalfOpen. excluded quest=1195;stage=Pickup;npc=4721;reason=outside-scan-radius;retry=context-change excluded quest=14106;stage=Pickup;scope=QuestStage;retry=2026-09-08T09:10:22.7442338Z;state=HalfOpen. excluded quest=1483;stage=Pickup;scope=NpcRelation;npc=3442;retry=2026-09-08T09:10:22.7442338Z;state=HalfOpen. excluded quest=152;stage=Pickup;npc=392;reason=outside-scan-radius;retry=context-change excluded quest=2098;stage=Pickup;npc=6667;reason=outside-scan-radius;retry=context-change excluded quest=216;stage=Pickup;npc=12757;reason=outside-scan-radius;retry=context-change excluded quest=235;stage=Pickup;npc=10880;reason=outside-scan-radius;retry=context-change excluded quest=4542;stage=Pickup;npc=10079;reason=outside-scan-radius;retry=context-change excluded quest=470;stage=Pickup;npc=2111;reason=outside-scan-radius;retry=context-change excluded quest=472;stage=Pickup;npc=2097;reason=outside-scan-radius;retry=context-change excluded quest=4821;stage=Pickup;npc=10539;reason=outside-scan-radius;retry=context-change excluded quest=4921;stage=Objective;scope=QuestStage;retry=2026-09-08T09:10:22.7442338Z;state=HalfOpen. excluded quest=493;stage=Pickup;npc=1937;reason=outside-scan-radius;retry=context-change excluded quest=494;stage=Pickup;npc=2214;reason=outside-scan-radius;retry=context-change excluded quest=496;stage=Pickup;npc=2216;reason=outside-scan-radius;retry=context-change excluded quest=498;stage=Pickup;npc=2229;reason=outside-scan-radius;retry=context-change excluded quest=501;stage=Pickup;npc=2216;reason=outside-scan-radius;retry=context-change excluded quest=516;stage=Pickup;npc=2121;reason=outside-scan-radius;retry=context-change excluded quest=527;stage=Pickup;npc=2215;reason=outside-scan-radius;retry=context-change excluded quest=546;stage=Pickup;npc=2418;reason=outside-scan-radius;retry=context-change excluded quest=549;stage=Pickup;npc=1763;reason=outside-scan-radius;retry=context-change excluded quest=6282;stage=Pickup;npc=11860;reason=outside-scan-radius;retry=context-change excluded quest=6381;stage=Pickup;npc=11864;reason=outside-scan-radius;retry=context-change excluded quest=6382;stage=TurnIn;npc=12696;reason=outside-scan-radius;retry=context-change excluded quest=6383;stage=Pickup;scope=NpcRelation;npc=12696;retry=2026-09-08T09:10:22.7442338Z;state=HalfOpen. excluded quest=6393;stage=Objective;scope=Objective;objective=0;retry=2026-09-08T09:10:22.7442338Z;state=HalfOpen. excluded quest=6441;stage=Objective;scope=Objective;objective=0;retry=2026-09-08T11:53:44.3110653Z;state=Quarantined. excluded quest=6442;stage=Pickup;npc=12719;reason=outside-scan-radius;retry=context-change excluded quest=6461;stage=TurnIn;npc=12816;reason=outside-scan-radius;retry=context-change excluded quest=6462;stage=Pickup;npc=12721;reason=outside-scan-radius;retry=context-change excluded quest=6541;stage=Pickup;scope=NpcRelation;npc=3429;retry=2026-09-08T09:10:22.7442338Z;state=HalfOpen. excluded quest=6543;stage=Objective;scope=Objective;objective=0;retry=2026-09-08T11:57:53.5602004Z;state=Quarantined. excluded quest=742;stage=Pickup;npc=10881;reason=outside-scan-radius;retry=context-change excluded quest=747;stage=Objective;scope=Objective;objective=0;retry=2026-09-08T13:06:01.2335671Z;state=Quarantined. excluded quest=747;stage=Objective;scope=Objective;objective=1;retry=2026-09-08T13:30:35.1661766Z;state=Quarantined. excluded quest=7790;stage=Pickup;scope=QuestStage;retry=2026-09-08T09:10:22.7442338Z;state=HalfOpen. excluded quest=843;stage=Objective;scope=Objective;objective=2;retry=2026-09-08T14:36:47.8045680Z;state=Quarantined. excluded quest=8487;stage=TurnIn;scope=QuestStage;retry=2026-09-08T09:10:22.7442338Z;state=HalfOpen. excluded quest=867;stage=Objective;scope=Objective;objective=0;retry=2026-09-08T13:46:19.0888015Z;state=Quarantined. excluded quest=868;stage=TurnIn;npc=3428;reason=outside-scan-radius;retry=context-change excluded quest=879;stage=Objective;scope=Objective;objective=0;retry=2026-09-08T14:12:05.6037548Z;state=Quarantined. excluded quest=879;stage=Objective;scope=Objective;objective=1;retry=2026-09-08T14:12:05.6038234Z;state=Quarantined. excluded quest=879;stage=Objective;scope=Objective;objective=2;retry=2026-09-08T14:12:05.6038609Z;state=Quarantined. excluded quest=8889;stage=Objective;objective=0;reason=outside-scan-radius;retry=context-change. excluded quest=8889;stage=Objective;objective=1;reason=outside-scan-radius;retry=context-change. excluded quest=8889;stage=Objective;objective=2;reason=outside-scan-radius;retry=context-change. excluded quest=891;stage=Objective;scope=QuestStage;retry=2026-09-08T09:10:22.7442338Z;state=HalfOpen. excluded quest=893;stage=Objective;scope=Objective;objective=0;retry=2026-09-08T12:48:05.9519603Z;state=Quarantined. excluded quest=893;stage=Objective;scope=Objective;objective=1;retry=2026-09-08T12:48:05.9520521Z;state=Quarantined. excluded quest=893;stage=Objective;scope=Objective;objective=2;retry=2026-09-08T12:48:05.9520844Z;state=Quarantined. excluded quest=896;stage=Objective;scope=Objective;objective=0;retry=2026-09-08T13:55:41.1186828Z;state=Quarantined. excluded quest=9067;stage=Objective;scope=Objective;objective=0;retry=2026-09-08T09:10:22.7442338Z;state=HalfOpen. excluded quest=9151;stage=Pickup;npc=16199;reason=outside-scan-radius;retry=context-change excluded quest=9157;stage=TurnIn;scope=QuestStage;retry=2026-09-08T09:10:22.7442338Z;state=HalfOpen. excluded quest=9275;stage=Pickup;npc=16464;reason=outside-scan-radius;retry=context-change excluded quest=9388;stage=Pickup;scope=QuestStage;retry=2026-09-08T09:10:22.7442338Z;state=HalfOpen. excluded quest=9389;stage=Pickup;scope=QuestStage;retry=2026-09-08T09:10:22.7442338Z;state=HalfOpen. excluded quest=9425;stage=Pickup;npc=16287;reason=outside-scan-radius;retry=context-change excluded quest=9428;stage=Pickup;npc=17098;reason=outside-scan-radius;retry=context-change excluded quest=9749;stage=Pickup;scope=QuestStage;retry=2026-09-08T09:10:22.7442338Z;state=HalfOpen. Expanding scan radius from 250 to 500 yards before fallback.
[16:45:13.108] [D] Activity: No eligible quest work; idle until 2026-09-08T09:10:22.7442338Z. excluded quest=104;stage=Pickup;npc=392;reason=outside-scan-radius;retry=context-change excluded quest=1058;stage=Pickup;npc=3995;reason=outside-scan-radius;retry=context-change excluded quest=1062;stage=TurnIn;npc=4049;reason=outside-scan-radius;retry=context-change excluded quest=1069;stage=Objective;objective=0;reason=outside-scan-radius;retry=context-change. excluded quest=1087;stage=Objective;objective=2;reason=outside-scan-radius;retry=context-change. excluded quest=1093;stage=Objective;scope=Objective;objective=0;retry=2026-09-08T09:10:22.7442338Z;state=HalfOpen. excluded quest=11127;stage=Pickup;scope=QuestStage;retry=2026-09-08T09:10:22.7442338Z;state=HalfOpen. excluded quest=1195;stage=Pickup;npc=4721;reason=outside-scan-radius;retry=context-change excluded quest=14106;stage=Pickup;scope=QuestStage;retry=2026-09-08T09:10:22.7442338Z;state=HalfOpen. excluded quest=1483;stage=Pickup;scope=NpcRelation;npc=3442;retry=2026-09-08T09:10:22.7442338Z;state=HalfOpen. excluded quest=152;stage=Pickup;npc=392;reason=outside-scan-radius;retry=context-change excluded quest=2098;stage=Pickup;npc=6667;reason=outside-scan-radius;retry=context-change excluded quest=216;stage=Pickup;npc=12757;reason=outside-scan-radius;retry=context-change excluded quest=235;stage=Pickup;npc=10880;reason=outside-scan-radius;retry=context-change excluded quest=4542;stage=Pickup;npc=10079;reason=outside-scan-radius;retry=context-change excluded quest=470;stage=Pickup;npc=2111;reason=outside-scan-radius;retry=context-change excluded quest=472;stage=Pickup;npc=2097;reason=outside-scan-radius;retry=context-change excluded quest=4821;stage=Pickup;npc=10539;reason=outside-scan-radius;retry=context-change excluded quest=4921;stage=Objective;scope=QuestStage;retry=2026-09-08T09:10:22.7442338Z;state=HalfOpen. excluded quest=493;stage=Pickup;npc=1937;reason=outside-scan-radius;retry=context-change excluded quest=494;stage=Pickup;npc=2214;reason=outside-scan-radius;retry=context-change excluded quest=496;stage=Pickup;npc=2216;reason=outside-scan-radius;retry=context-change excluded quest=498;stage=Pickup;npc=2229;reason=outside-scan-radius;retry=context-change excluded quest=501;stage=Pickup;npc=2216;reason=outside-scan-radius;retry=context-change excluded quest=516;stage=Pickup;npc=2121;reason=outside-scan-radius;retry=context-change excluded quest=527;stage=Pickup;npc=2215;reason=outside-scan-radius;retry=context-change excluded quest=546;stage=Pickup;npc=2418;reason=outside-scan-radius;retry=context-change excluded quest=549;stage=Pickup;npc=1763;reason=outside-scan-radius;retry=context-change excluded quest=6282;stage=Pickup;npc=11860;reason=outside-scan-radius;retry=context-change excluded quest=6381;stage=Pickup;npc=11864;reason=outside-scan-radius;retry=context-change excluded quest=6382;stage=TurnIn;npc=12696;reason=outside-scan-radius;retry=context-change excluded quest=6383;stage=Pickup;scope=NpcRelation;npc=12696;retry=2026-09-08T09:10:22.7442338Z;state=HalfOpen. excluded quest=6393;stage=Objective;scope=Objective;objective=0;retry=2026-09-08T09:10:22.7442338Z;state=HalfOpen. excluded quest=6441;stage=Objective;scope=Objective;objective=0;retry=2026-09-08T11:53:44.3110653Z;state=Quarantined. excluded quest=6442;stage=Pickup;npc=12719;reason=outside-scan-radius;retry=context-change excluded quest=6461;stage=TurnIn;npc=12816;reason=outside-scan-radius;retry=context-change excluded quest=6462;stage=Pickup;npc=12721;reason=outside-scan-radius;retry=context-change excluded quest=6541;stage=Pickup;scope=NpcRelation;npc=3429;retry=2026-09-08T09:10:22.7442338Z;state=HalfOpen. excluded quest=6543;stage=Objective;scope=Objective;objective=0;retry=2026-09-08T11:57:53.5602004Z;state=Quarantined. excluded quest=742;stage=Pickup;npc=10881;reason=outside-scan-radius;retry=context-change excluded quest=747;stage=Objective;scope=Objective;objective=0;retry=2026-09-08T13:06:01.2335671Z;state=Quarantined. excluded quest=747;stage=Objective;scope=Objective;objective=1;retry=2026-09-08T13:30:35.1661766Z;state=Quarantined. excluded quest=7790;stage=Pickup;scope=QuestStage;retry=2026-09-08T09:10:22.7442338Z;state=HalfOpen. excluded quest=843;stage=Objective;scope=Objective;objective=2;retry=2026-09-08T14:36:47.8045680Z;state=Quarantined. excluded quest=8487;stage=TurnIn;scope=QuestStage;retry=2026-09-08T09:10:22.7442338Z;state=HalfOpen. excluded quest=867;stage=Objective;scope=Objective;objective=0;retry=2026-09-08T13:46:19.0888015Z;state=Quarantined. excluded quest=868;stage=TurnIn;npc=3428;reason=outside-scan-radius;retry=context-change excluded quest=879;stage=Objective;scope=Objective;objective=0;retry=2026-09-08T14:12:05.6037548Z;state=Quarantined. excluded quest=879;stage=Objective;scope=Objective;objective=1;retry=2026-09-08T14:12:05.6038234Z;state=Quarantined. excluded quest=879;stage=Objective;scope=Objective;objective=2;retry=2026-09-08T14:12:05.6038609Z;state=Quarantined. excluded quest=8889;stage=Objective;objective=0;reason=outside-scan-radius;retry=context-change. excluded quest=8889;stage=Objective;objective=1;reason=outside-scan-radius;retry=context-change. excluded quest=8889;stage=Objective;objective=2;reason=outside-scan-radius;retry=context-change. excluded quest=891;stage=Objective;scope=QuestStage;retry=2026-09-08T09:10:22.7442338Z;state=HalfOpen. excluded quest=893;stage=Objective;scope=Objective;objective=0;retry=2026-09-08T12:48:05.9519603Z;state=Quarantined. excluded quest=893;stage=Objective;scope=Objective;objective=1;retry=2026-09-08T12:48:05.9520521Z;state=Quarantined. excluded quest=893;stage=Objective;scope=Objective;objective=2;retry=2026-09-08T12:48:05.9520844Z;state=Quarantined. excluded quest=896;stage=Objective;scope=Objective;objective=0;retry=2026-09-08T13:55:41.1186828Z;state=Quarantined. excluded quest=9067;stage=Objective;scope=Objective;objective=0;retry=2026-09-08T09:10:22.7442338Z;state=HalfOpen. excluded quest=9151;stage=Pickup;npc=16199;reason=outside-scan-radius;retry=context-change excluded quest=9157;stage=TurnIn;scope=QuestStage;retry=2026-09-08T09:10:22.7442338Z;state=HalfOpen. excluded quest=9275;stage=Pickup;npc=16464;reason=outside-scan-radius;retry=context-change excluded quest=9388;stage=Pickup;scope=QuestStage;retry=2026-09-08T09:10:22.7442338Z;state=HalfOpen. excluded quest=9389;stage=Pickup;scope=QuestStage;retry=2026-09-08T09:10:22.7442338Z;state=HalfOpen. excluded quest=9425;stage=Pickup;npc=16287;reason=outside-scan-radius;retry=context-change excluded quest=9428;stage=Pickup;npc=17098;reason=outside-scan-radius;retry=context-change excluded quest=9749;stage=Pickup;scope=QuestStage;retry=2026-09-08T09:10:22.7442338Z;state=HalfOpen. Expanding scan radius from 500 to 750 yards before fallback.
[16:45:13.341] [D] [WholesomeAQ] Quest chain correction: ancestor=843; descendant=846.
[16:45:13.341] [D] [WholesomeAQ] Quest chain correction: ancestor=843; descendant=849.
[16:45:13.380] [D] [Nav] Loaded 5 mesh tiles for one path query
[16:45:13.387] [D] Loading profile from D:\World of Warcraft 3.3.5a\CB\Bots\WholesomeAutoQuest\WHOLESOME_AUTOQUESTER.xml
[16:45:13.396] [D] [CompileBatch] Compiling 1 entries...
[16:45:13.477] [D] [CompileBatch] Compiled successfully.
[16:45:13.477] [N] Profile loaded: WholesomeAQ - The Barrens
[16:45:13.482] [D] Selected sub-profile: WholesomeAQ - The Barrens (L1-80)
[16:45:13.482] [N] [Wholesome Auto Quest] Profile refreshed - Selected 1 quest work candidate(s). selected quest=4542;stage=Pickup;state=Eligible. excluded quest=104;stage=Pickup;npc=392;reason=outside-scan-radius;retry=context-change excluded quest=1058;stage=Pickup;npc=3995;reason=outside-scan-radius;retry=context-change excluded quest=1062;stage=TurnIn;npc=4049;reason=outside-scan-radius;retry=context-change excluded quest=1069;stage=Objective;objective=0;reason=outside-scan-radius;retry=context-change. excluded quest=1087;stage=Objective;objective=2;reason=outside-scan-radius;retry=context-change. excluded quest=1093;stage=Objective;scope=Objective;objective=0;retry=2026-09-08T09:10:22.7442338Z;state=HalfOpen. excluded quest=11127;stage=Pickup;scope=QuestStage;retry=2026-09-08T09:10:22.7442338Z;state=HalfOpen. excluded quest=1195;stage=Pickup;npc=4721;reason=outside-scan-radius;retry=context-change excluded quest=14106;stage=Pickup;scope=QuestStage;retry=2026-09-08T09:10:22.7442338Z;state=HalfOpen. excluded quest=1483;stage=Pickup;scope=NpcRelation;npc=3442;retry=2026-09-08T09:10:22.7442338Z;state=HalfOpen. excluded quest=152;stage=Pickup;npc=392;reason=outside-scan-radius;retry=context-change excluded quest=2098;stage=Pickup;npc=6667;reason=outside-scan-radius;retry=context-change excluded quest=216;stage=Pickup;npc=12757;reason=outside-scan-radius;retry=context-change excluded quest=235;stage=Pickup;npc=10880;reason=outside-scan-radius;retry=context-change excluded quest=470;stage=Pickup;npc=2111;reason=outside-scan-radius;retry=context-change excluded quest=472;stage=Pickup;npc=2097;reason=outside-scan-radius;retry=context-change excluded quest=4821;stage=Pickup;npc=10539;reason=outside-scan-radius;retry=context-change excluded quest=4921;stage=Objective;scope=QuestStage;retry=2026-09-08T09:10:22.7442338Z;state=HalfOpen. excluded quest=493;stage=Pickup;npc=1937;reason=outside-scan-radius;retry=context-change excluded quest=494;stage=Pickup;npc=2214;reason=outside-scan-radius;retry=context-change excluded quest=496;stage=Pickup;npc=2216;reason=outside-scan-radius;retry=context-change excluded quest=498;stage=Pickup;npc=2229;reason=outside-scan-radius;retry=context-change excluded quest=501;stage=Pickup;npc=2216;reason=outside-scan-radius;retry=context-change excluded quest=516;stage=Pickup;npc=2121;reason=outside-scan-radius;retry=context-change excluded quest=527;stage=Pickup;npc=2215;reason=outside-scan-radius;retry=context-change excluded quest=546;stage=Pickup;npc=2418;reason=outside-scan-radius;retry=context-change excluded quest=549;stage=Pickup;npc=1763;reason=outside-scan-radius;retry=context-change excluded quest=6282;stage=Pickup;npc=11860;reason=outside-scan-radius;retry=context-change excluded quest=6381;stage=Pickup;npc=11864;reason=outside-scan-radius;retry=context-change excluded quest=6382;stage=TurnIn;npc=12696;reason=outside-scan-radius;retry=context-change excluded quest=6383;stage=Pickup;scope=NpcRelation;npc=12696;retry=2026-09-08T09:10:22.7442338Z;state=HalfOpen. excluded quest=6393;stage=Objective;scope=Objective;objective=0;retry=2026-09-08T09:10:22.7442338Z;state=HalfOpen. excluded quest=6441;stage=Objective;scope=Objective;objective=0;retry=2026-09-08T11:53:44.3110653Z;state=Quarantined. excluded quest=6442;stage=Pickup;npc=12719;reason=outside-scan-radius;retry=context-change excluded quest=6461;stage=TurnIn;npc=12816;reason=outside-scan-radius;retry=context-change excluded quest=6462;stage=Pickup;npc=12721;reason=outside-scan-radius;retry=context-change excluded quest=6541;stage=Pickup;scope=NpcRelation;npc=3429;retry=2026-09-08T09:10:22.7442338Z;state=HalfOpen. excluded quest=6543;stage=Objective;scope=Objective;objective=0;retry=2026-09-08T11:57:53.5602004Z;state=Quarantined. excluded quest=742;stage=Pickup;npc=10881;reason=outside-scan-radius;retry=context-change excluded quest=747;stage=Objective;scope=Objective;objective=0;retry=2026-09-08T13:06:01.2335671Z;state=Quarantined. excluded quest=747;stage=Objective;scope=Objective;objective=1;retry=2026-09-08T13:30:35.1661766Z;state=Quarantined. excluded quest=7790;stage=Pickup;scope=QuestStage;retry=2026-09-08T09:10:22.7442338Z;state=HalfOpen. excluded quest=843;stage=AncestorCorrection;scope=Objective;objective=2;retry=2026-09-08T14:36:47.8045680Z;state=Quarantined. excluded quest=8487;stage=TurnIn;scope=QuestStage;retry=2026-09-08T09:10:22.7442338Z;state=HalfOpen. excluded quest=867;stage=Objective;scope=Objective;objective=0;retry=2026-09-08T13:46:19.0888015Z;state=Quarantined. excluded quest=868;stage=TurnIn;npc=3428;reason=outside-scan-radius;retry=context-change excluded quest=879;stage=Objective;scope=Objective;objective=0;retry=2026-09-08T14:12:05.6037548Z;state=Quarantined. excluded quest=879;stage=Objective;scope=Objective;objective=1;retry=2026-09-08T14:12:05.6038234Z;state=Quarantined. excluded quest=879;stage=Objective;scope=Objective;objective=2;retry=2026-09-08T14:12:05.6038609Z;state=Quarantined. excluded quest=8889;stage=Objective;objective=0;reason=outside-scan-radius;retry=context-change. excluded quest=8889;stage=Objective;objective=1;reason=outside-scan-radius;retry=context-change. excluded quest=8889;stage=Objective;objective=2;reason=outside-scan-radius;retry=context-change. excluded quest=891;stage=Objective;scope=QuestStage;retry=2026-09-08T09:10:22.7442338Z;state=HalfOpen. excluded quest=893;stage=Objective;scope=Objective;objective=0;retry=2026-09-08T12:48:05.9519603Z;state=Quarantined. excluded quest=893;stage=Objective;scope=Objective;objective=1;retry=2026-09-08T12:48:05.9520521Z;state=Quarantined. excluded quest=893;stage=Objective;scope=Objective;objective=2;retry=2026-09-08T12:48:05.9520844Z;state=Quarantined. excluded quest=896;stage=Objective;scope=Objective;objective=0;retry=2026-09-08T13:55:41.1186828Z;state=Quarantined. excluded quest=9067;stage=Objective;scope=Objective;objective=0;retry=2026-09-08T09:10:22.7442338Z;state=HalfOpen. excluded quest=9151;stage=Pickup;npc=16199;reason=outside-scan-radius;retry=context-change excluded quest=9157;stage=TurnIn;scope=QuestStage;retry=2026-09-08T09:10:22.7442338Z;state=HalfOpen. excluded quest=9275;stage=Pickup;npc=16464;reason=outside-scan-radius;retry=context-change excluded quest=9388;stage=Pickup;scope=QuestStage;retry=2026-09-08T09:10:22.7442338Z;state=HalfOpen. excluded quest=9389;stage=Pickup;scope=QuestStage;retry=2026-09-08T09:10:22.7442338Z;state=HalfOpen. excluded quest=9425;stage=Pickup;npc=16287;reason=outside-scan-radius;retry=context-change excluded quest=9428;stage=Pickup;npc=17098;reason=outside-scan-radius;retry=context-change excluded quest=9749;stage=Pickup;scope=QuestStage;retry=2026-09-08T09:10:22.7442338Z;state=HalfOpen.
[16:45:13.976] [N] Drinking Melon Juice
[16:45:14.011] [D] [Pulse] Slow bot root: 101ms bot=Wholesome Auto Quest poi=None combat=False
[16:45:16.788] [D] [Pulse] Slow plugin: name=Tidy Bags 3 Reloaded elapsed=58ms
[16:45:18.993] [D] [Pulse] Slow plugin: name=AutoEquip2 elapsed=260ms
[16:45:19.061] [D] [Pulse] Slow shared pulse: total=370ms movement=0 objects=0 lua=0 info=0 loot=2 targeting=38 events=0 plugins=328 routine=0
[16:45:27.131] [D] [Pulse] Slow plugin: name=Tidy Bags 3 Reloaded elapsed=57ms
[16:45:29.331] [D] [Pulse] Slow plugin: name=AutoEquip2 elapsed=260ms
[16:45:29.396] [D] [Pulse] Slow shared pulse: total=367ms movement=0 objects=0 lua=0 info=0 loot=2 targeting=38 events=0 plugins=325 routine=0
[16:45:30.636] [D] Changed POI to: Type: Loot, Name: Bael'dun Excavator, Guid: F130000D2E001BF0, Entry: 3374, Location: (-4202.60, -2277.31, 50.97)
[16:45:31.334] [D] [Interact] Interacting with object at 0x33EFCC58
[16:45:31.368] [D] [Interact] Done interacting with object at 0x33EFCC58
[16:45:31.401] [D] [Pulse] Slow bot root: 101ms bot=Wholesome Auto Quest poi=Loot combat=False
[16:45:32.906] [N] Looting Bael'dun Excavator Guid 0xF130000D2E001BF0
[16:45:33.006] [D] Cleared POI - Reason Waiting for loot flag
[16:45:33.006] [D] Cleared POI
[16:45:33.039] [D] [Pulse] Slow bot root: 133ms bot=Wholesome Auto Quest poi=None combat=False
[16:45:33.709] [D] Changed POI to: Type: Loot, Name: Prospector Khazgorm, Guid: F130000D40001C24, Entry: 3392, Location: (-4200.67, -2270.86, 50.21)
[16:45:34.377] [D] [Interact] Interacting with object at 0x33F125A8
[16:45:34.409] [D] [Interact] Done interacting with object at 0x33F125A8
[16:45:34.443] [D] [Pulse] Slow bot root: 101ms bot=Wholesome Auto Quest poi=Loot combat=False
[16:45:36.382] [N] Looting Prospector Khazgorm Guid 0xF130000D40001C24
[16:45:36.484] [D] Cleared POI - Reason Waiting for loot flag
[16:45:36.484] [D] Cleared POI
[16:45:36.517] [D] [Pulse] Slow bot root: 134ms bot=Wholesome Auto Quest poi=None combat=False
[16:45:37.184] [D] Changed POI to: Type: Loot, Name: Bael'dun Excavator, Guid: F130000D2E001BED, Entry: 3374, Location: (-4208.20, -2275.53, 50.30)
[16:45:37.285] [D] [Pulse] Slow plugin: name=Tidy Bags 3 Reloaded elapsed=58ms
[16:45:37.817] [D] [Interact] Interacting with object at 0x33F16298
[16:45:37.850] [D] [Interact] Done interacting with object at 0x33F16298
[16:45:37.884] [D] [Pulse] Slow bot root: 101ms bot=Wholesome Auto Quest poi=Loot combat=False
[16:45:39.486] [D] [Pulse] Slow plugin: name=AutoEquip2 elapsed=261ms
[16:45:39.553] [D] [Pulse] Slow shared pulse: total=1069ms movement=0 objects=0 lua=701 info=0 loot=2 targeting=37 events=0 plugins=327 routine=0
[16:45:40.053] [N] Looting Bael'dun Excavator Guid 0xF130000D2E001BED
[16:45:40.153] [D] Cleared POI - Reason Waiting for loot flag
[16:45:40.153] [D] Cleared POI
[16:45:40.187] [D] [Pulse] Slow bot root: 134ms bot=Wholesome Auto Quest poi=None combat=False
[16:45:40.822] [D] Changed POI to: Type: Loot, Name: Dig Rat, Guid: F130000D74001C29, Entry: 3444, Location: (-4210.65, -2276.38, 50.19)
[16:45:41.458] [N] Moving to Type: Loot, Name: Dig Rat, Guid: F130000D74001C29, Entry: 3444, Location: (-4210.65, -2276.38, 50.19)
[16:45:41.724] [D] [Pulse] Slow bot root: 300ms bot=Wholesome Auto Quest poi=Loot combat=False
[16:45:42.605] [D] [Interact] Interacting with object at 0x33F1B3D8
[16:45:42.631] [D] [Interact] Done interacting with object at 0x33F1B3D8
[16:45:42.666] [D] [Pulse] Slow bot root: 301ms bot=Wholesome Auto Quest poi=Loot combat=False
[16:45:44.336] [N] Looting Dig Rat Guid 0xF130000D74001C29
[16:45:44.435] [D] Cleared POI - Reason Waiting for loot flag
[16:45:44.435] [D] Cleared POI
[16:45:44.468] [D] [Pulse] Slow bot root: 132ms bot=Wholesome Auto Quest poi=None combat=False
[16:45:45.137] [N] [Database] Data.bin loaded successfully
[16:45:45.160] [D] Changed POI to: Type: Sell, Name: Prospector Khazgorm, Guid: 0, Entry: 3392, Location: (-4200.67, -2270.86, 50.21)
[16:45:45.274] [D] [Pulse] Slow plugin: name=Vendor Recovery elapsed=33ms
[16:45:45.808] [N] Moving to Type: Sell, Name: Prospector Khazgorm, Guid: 0, Entry: 3392, Location: (-4200.67, -2270.86, 50.21)
[16:45:46.075] [D] [Pulse] Slow bot root: 300ms bot=Wholesome Auto Quest poi=Sell combat=False
[16:45:46.977] [D] [Pulse] Slow bot root: 266ms bot=Wholesome Auto Quest poi=Sell combat=False
[16:45:47.144] [N] [VendorRecovery] Reached Prospector Khazgorm (3392); waiting for the merchant window.
[16:45:47.960] [D] [Interact] Interacting with object at 0x33F125A8
[16:45:47.981] [D] [Interact] Done interacting with object at 0x33F125A8
[16:45:48.148] [D] [Pulse] Slow bot root: 498ms bot=Wholesome Auto Quest poi=Sell combat=False
[16:45:48.248] [D] [Pulse] Slow plugin: name=Tidy Bags 3 Reloaded elapsed=57ms
[16:45:48.953] [D] [Pulse] Slow bot root: 170ms bot=Wholesome Auto Quest poi=Sell combat=False
[16:45:49.753] [D] [Pulse] Slow bot root: 165ms bot=Wholesome Auto Quest poi=Sell combat=False
[16:45:50.054] [D] [Pulse] Slow plugin: name=AutoEquip2 elapsed=259ms
[16:45:50.153] [D] [Pulse] Slow shared pulse: total=399ms movement=0 objects=0 lua=0 info=0 loot=2 targeting=38 events=0 plugins=357 routine=0
[16:45:50.825] [D] [Pulse] Slow bot root: 168ms bot=Wholesome Auto Quest poi=Sell combat=False
[16:45:51.622] [D] [Pulse] Slow bot root: 166ms bot=Wholesome Auto Quest poi=Sell combat=False
[16:45:53.310] [D] [Interact] Interacting with object at 0x33F125A8
[16:45:53.313] [D] [Interact] Done interacting with object at 0x33F125A8
[16:45:53.343] [D] [Pulse] Slow bot root: 176ms bot=Wholesome Auto Quest poi=Sell combat=False
[16:45:55.930] [D] [Pulse] Slow bot root: 168ms bot=Wholesome Auto Quest poi=Sell combat=False
[16:45:56.063] [D] [Pulse] Slow plugin: name=Vendor Recovery elapsed=32ms
[16:45:56.731] [D] [Pulse] Slow bot root: 164ms bot=Wholesome Auto Quest poi=Sell combat=False
[16:45:57.533] [D] [Pulse] Slow bot root: 161ms bot=Wholesome Auto Quest poi=Sell combat=False
[16:45:58.367] [D] [Pulse] Slow bot root: 166ms bot=Wholesome Auto Quest poi=Sell combat=False
[16:45:58.468] [D] [Pulse] Slow plugin: name=Tidy Bags 3 Reloaded elapsed=55ms
[16:45:59.947] [D] [Interact] Interacting with object at 0x33F125A8
[16:45:59.979] [D] [Interact] Done interacting with object at 0x33F125A8
[16:46:00.148] [D] [Pulse] Slow bot root: 504ms bot=Wholesome Auto Quest poi=Sell combat=False
[16:46:00.351] [D] [Pulse] Slow plugin: name=AutoEquip2 elapsed=154ms
[16:46:00.382] [D] [Pulse] Slow shared pulse: total=233ms movement=0 objects=0 lua=0 info=0 loot=2 targeting=45 events=0 plugins=185 routine=0
[16:46:05.282] [D] [Interact] Interacting with object at 0x33F125A8
[16:46:05.288] [D] [Interact] Done interacting with object at 0x33F125A8
[16:46:05.318] [D] [Pulse] Slow bot root: 181ms bot=Wholesome Auto Quest poi=Sell combat=False
[16:46:10.363] [D] [Pulse] Slow plugin: name=AutoEquip2 elapsed=44ms
[16:46:10.737] [D] [Interact] Interacting with object at 0x33F125A8
[16:46:10.744] [D] [Interact] Done interacting with object at 0x33F125A8
[16:46:10.775] [D] [Pulse] Slow bot root: 182ms bot=Wholesome Auto Quest poi=Sell combat=False
[16:46:16.087] [D] [Interact] Interacting with object at 0x33F125A8
[16:46:16.088] [D] [Interact] Done interacting with object at 0x33F125A8
[16:46:16.119] [D] [Pulse] Slow bot root: 176ms bot=Wholesome Auto Quest poi=Sell combat=False
[16:46:18.290] [N] [Wholesome Auto Quest] Blacklisted vendor Prospector Khazgorm (Entry:3392) — stuck for 30s, forcing re-scan
[16:46:18.290] [D] Cleared POI - Reason Wholesome vendor endpoint failed
[16:46:18.290] [D] Cleared POI
[16:46:18.290] [N] [Wholesome Auto Quest] Vendor endpoint failed; queuing one scheduler rebuild.
[16:46:18.849] [D] [QuestLog] Loaded 75 completed quests from Lua fallback
[16:46:18.862] [D] Activity: No eligible quest work; idle until 2026-09-08T09:10:22.7442338Z. excluded quest=104;stage=Pickup;npc=392;reason=outside-scan-radius;retry=context-change excluded quest=1058;stage=Pickup;npc=3995;reason=outside-scan-radius;retry=context-change excluded quest=1062;stage=TurnIn;npc=4049;reason=outside-scan-radius;retry=context-change excluded quest=1069;stage=Objective;objective=0;reason=outside-scan-radius;retry=context-change. excluded quest=1087;stage=Objective;objective=2;reason=outside-scan-radius;retry=context-change. excluded quest=1093;stage=Objective;scope=Objective;objective=0;retry=2026-09-08T09:10:22.7442338Z;state=HalfOpen. excluded quest=11127;stage=Pickup;scope=QuestStage;retry=2026-09-08T09:10:22.7442338Z;state=HalfOpen. excluded quest=1195;stage=Pickup;npc=4721;reason=outside-scan-radius;retry=context-change excluded quest=14106;stage=Pickup;scope=QuestStage;retry=2026-09-08T09:10:22.7442338Z;state=HalfOpen. excluded quest=1483;stage=Pickup;scope=NpcRelation;npc=3442;retry=2026-09-08T09:10:22.7442338Z;state=HalfOpen. excluded quest=152;stage=Pickup;npc=392;reason=outside-scan-radius;retry=context-change excluded quest=2098;stage=Pickup;npc=6667;reason=outside-scan-radius;retry=context-change excluded quest=216;stage=Pickup;npc=12757;reason=outside-scan-radius;retry=context-change excluded quest=235;stage=Pickup;npc=10880;reason=outside-scan-radius;retry=context-change excluded quest=4542;stage=Pickup;npc=10079;reason=outside-scan-radius;retry=context-change excluded quest=470;stage=Pickup;npc=2111;reason=outside-scan-radius;retry=context-change excluded quest=472;stage=Pickup;npc=2097;reason=outside-scan-radius;retry=context-change excluded quest=4821;stage=Pickup;npc=10539;reason=outside-scan-radius;retry=context-change excluded quest=4921;stage=Objective;scope=QuestStage;retry=2026-09-08T09:10:22.7442338Z;state=HalfOpen. excluded quest=493;stage=Pickup;npc=1937;reason=outside-scan-radius;retry=context-change excluded quest=494;stage=Pickup;npc=2214;reason=outside-scan-radius;retry=context-change excluded quest=496;stage=Pickup;npc=2216;reason=outside-scan-radius;retry=context-change excluded quest=498;stage=Pickup;npc=2229;reason=outside-scan-radius;retry=context-change excluded quest=501;stage=Pickup;npc=2216;reason=outside-scan-radius;retry=context-change excluded quest=516;stage=Pickup;npc=2121;reason=outside-scan-radius;retry=context-change excluded quest=527;stage=Pickup;npc=2215;reason=outside-scan-radius;retry=context-change excluded quest=546;stage=Pickup;npc=2418;reason=outside-scan-radius;retry=context-change excluded quest=549;stage=Pickup;npc=1763;reason=outside-scan-radius;retry=context-change excluded quest=6282;stage=Pickup;npc=11860;reason=outside-scan-radius;retry=context-change excluded quest=6381;stage=Pickup;npc=11864;reason=outside-scan-radius;retry=context-change excluded quest=6382;stage=TurnIn;npc=12696;reason=outside-scan-radius;retry=context-change excluded quest=6383;stage=Pickup;scope=NpcRelation;npc=12696;retry=2026-09-08T09:10:22.7442338Z;state=HalfOpen. excluded quest=6393;stage=Objective;scope=Objective;objective=0;retry=2026-09-08T09:10:22.7442338Z;state=HalfOpen. excluded quest=6441;stage=Objective;scope=Objective;objective=0;retry=2026-09-08T11:53:44.3110653Z;state=Quarantined. excluded quest=6442;stage=Pickup;npc=12719;reason=outside-scan-radius;retry=context-change excluded quest=6461;stage=TurnIn;npc=12816;reason=outside-scan-radius;retry=context-change excluded quest=6462;stage=Pickup;npc=12721;reason=outside-scan-radius;retry=context-change excluded quest=6541;stage=Pickup;scope=NpcRelation;npc=3429;retry=2026-09-08T09:10:22.7442338Z;state=HalfOpen. excluded quest=6543;stage=Objective;scope=Objective;objective=0;retry=2026-09-08T11:57:53.5602004Z;state=Quarantined. excluded quest=742;stage=Pickup;npc=10881;reason=outside-scan-radius;retry=context-change excluded quest=747;stage=Objective;scope=Objective;objective=0;retry=2026-09-08T13:06:01.2335671Z;state=Quarantined. excluded quest=747;stage=Objective;scope=Objective;objective=1;retry=2026-09-08T13:30:35.1661766Z;state=Quarantined. excluded quest=7790;stage=Pickup;scope=QuestStage;retry=2026-09-08T09:10:22.7442338Z;state=HalfOpen. excluded quest=843;stage=TurnIn;npc=3341;reason=outside-scan-radius;retry=context-change excluded quest=8487;stage=TurnIn;scope=QuestStage;retry=2026-09-08T09:10:22.7442338Z;state=HalfOpen. excluded quest=867;stage=Objective;scope=Objective;objective=0;retry=2026-09-08T13:46:19.0888015Z;state=Quarantined. excluded quest=868;stage=TurnIn;npc=3428;reason=outside-scan-radius;retry=context-change excluded quest=879;stage=Objective;scope=Objective;objective=0;retry=2026-09-08T14:12:05.6037548Z;state=Quarantined. excluded quest=879;stage=Objective;scope=Objective;objective=1;retry=2026-09-08T14:12:05.6038234Z;state=Quarantined. excluded quest=879;stage=Objective;scope=Objective;objective=2;retry=2026-09-08T14:12:05.6038609Z;state=Quarantined. excluded quest=8889;stage=Objective;objective=0;reason=outside-scan-radius;retry=context-change. excluded quest=8889;stage=Objective;objective=1;reason=outside-scan-radius;retry=context-change. excluded quest=8889;stage=Objective;objective=2;reason=outside-scan-radius;retry=context-change. excluded quest=891;stage=Objective;scope=QuestStage;retry=2026-09-08T09:10:22.7442338Z;state=HalfOpen. excluded quest=893;stage=Objective;scope=Objective;objective=0;retry=2026-09-08T12:48:05.9519603Z;state=Quarantined. excluded quest=893;stage=Objective;scope=Objective;objective=1;retry=2026-09-08T12:48:05.9520521Z;state=Quarantined. excluded quest=893;stage=Objective;scope=Objective;objective=2;retry=2026-09-08T12:48:05.9520844Z;state=Quarantined. excluded quest=896;stage=Objective;scope=Objective;objective=0;retry=2026-09-08T13:55:41.1186828Z;state=Quarantined. excluded quest=9067;stage=Objective;scope=Objective;objective=0;retry=2026-09-08T09:10:22.7442338Z;state=HalfOpen. excluded quest=9151;stage=Pickup;npc=16199;reason=outside-scan-radius;retry=context-change excluded quest=9157;stage=TurnIn;scope=QuestStage;retry=2026-09-08T09:10:22.7442338Z;state=HalfOpen. excluded quest=9275;stage=Pickup;npc=16464;reason=outside-scan-radius;retry=context-change excluded quest=9388;stage=Pickup;scope=QuestStage;retry=2026-09-08T09:10:22.7442338Z;state=HalfOpen. excluded quest=9389;stage=Pickup;scope=QuestStage;retry=2026-09-08T09:10:22.7442338Z;state=HalfOpen. excluded quest=9425;stage=Pickup;npc=16287;reason=outside-scan-radius;retry=context-change excluded quest=9428;stage=Pickup;npc=17098;reason=outside-scan-radius;retry=context-change excluded quest=9749;stage=Pickup;scope=QuestStage;retry=2026-09-08T09:10:22.7442338Z;state=HalfOpen. Expanding scan radius from 250 to 500 yards before fallback.
[16:46:19.093] [D] Activity: No eligible quest work; idle until 2026-09-08T09:10:22.7442338Z. excluded quest=104;stage=Pickup;npc=392;reason=outside-scan-radius;retry=context-change excluded quest=1058;stage=Pickup;npc=3995;reason=outside-scan-radius;retry=context-change excluded quest=1062;stage=TurnIn;npc=4049;reason=outside-scan-radius;retry=context-change excluded quest=1069;stage=Objective;objective=0;reason=outside-scan-radius;retry=context-change. excluded quest=1087;stage=Objective;objective=2;reason=outside-scan-radius;retry=context-change. excluded quest=1093;stage=Objective;scope=Objective;objective=0;retry=2026-09-08T09:10:22.7442338Z;state=HalfOpen. excluded quest=11127;stage=Pickup;scope=QuestStage;retry=2026-09-08T09:10:22.7442338Z;state=HalfOpen. excluded quest=1195;stage=Pickup;npc=4721;reason=outside-scan-radius;retry=context-change excluded quest=14106;stage=Pickup;scope=QuestStage;retry=2026-09-08T09:10:22.7442338Z;state=HalfOpen. excluded quest=1483;stage=Pickup;scope=NpcRelation;npc=3442;retry=2026-09-08T09:10:22.7442338Z;state=HalfOpen. excluded quest=152;stage=Pickup;npc=392;reason=outside-scan-radius;retry=context-change excluded quest=2098;stage=Pickup;npc=6667;reason=outside-scan-radius;retry=context-change excluded quest=216;stage=Pickup;npc=12757;reason=outside-scan-radius;retry=context-change excluded quest=235;stage=Pickup;npc=10880;reason=outside-scan-radius;retry=context-change excluded quest=4542;stage=Pickup;npc=10079;reason=outside-scan-radius;retry=context-change excluded quest=470;stage=Pickup;npc=2111;reason=outside-scan-radius;retry=context-change excluded quest=472;stage=Pickup;npc=2097;reason=outside-scan-radius;retry=context-change excluded quest=4821;stage=Pickup;npc=10539;reason=outside-scan-radius;retry=context-change excluded quest=4921;stage=Objective;scope=QuestStage;retry=2026-09-08T09:10:22.7442338Z;state=HalfOpen. excluded quest=493;stage=Pickup;npc=1937;reason=outside-scan-radius;retry=context-change excluded quest=494;stage=Pickup;npc=2214;reason=outside-scan-radius;retry=context-change excluded quest=496;stage=Pickup;npc=2216;reason=outside-scan-radius;retry=context-change excluded quest=498;stage=Pickup;npc=2229;reason=outside-scan-radius;retry=context-change excluded quest=501;stage=Pickup;npc=2216;reason=outside-scan-radius;retry=context-change excluded quest=516;stage=Pickup;npc=2121;reason=outside-scan-radius;retry=context-change excluded quest=527;stage=Pickup;npc=2215;reason=outside-scan-radius;retry=context-change excluded quest=546;stage=Pickup;npc=2418;reason=outside-scan-radius;retry=context-change excluded quest=549;stage=Pickup;npc=1763;reason=outside-scan-radius;retry=context-change excluded quest=6282;stage=Pickup;npc=11860;reason=outside-scan-radius;retry=context-change excluded quest=6381;stage=Pickup;npc=11864;reason=outside-scan-radius;retry=context-change excluded quest=6382;stage=TurnIn;npc=12696;reason=outside-scan-radius;retry=context-change excluded quest=6383;stage=Pickup;scope=NpcRelation;npc=12696;retry=2026-09-08T09:10:22.7442338Z;state=HalfOpen. excluded quest=6393;stage=Objective;scope=Objective;objective=0;retry=2026-09-08T09:10:22.7442338Z;state=HalfOpen. excluded quest=6441;stage=Objective;scope=Objective;objective=0;retry=2026-09-08T11:53:44.3110653Z;state=Quarantined. excluded quest=6442;stage=Pickup;npc=12719;reason=outside-scan-radius;retry=context-change excluded quest=6461;stage=TurnIn;npc=12816;reason=outside-scan-radius;retry=context-change excluded quest=6462;stage=Pickup;npc=12721;reason=outside-scan-radius;retry=context-change excluded quest=6541;stage=Pickup;scope=NpcRelation;npc=3429;retry=2026-09-08T09:10:22.7442338Z;state=HalfOpen. excluded quest=6543;stage=Objective;scope=Objective;objective=0;retry=2026-09-08T11:57:53.5602004Z;state=Quarantined. excluded quest=742;stage=Pickup;npc=10881;reason=outside-scan-radius;retry=context-change excluded quest=747;stage=Objective;scope=Objective;objective=0;retry=2026-09-08T13:06:01.2335671Z;state=Quarantined. excluded quest=747;stage=Objective;scope=Objective;objective=1;retry=2026-09-08T13:30:35.1661766Z;state=Quarantined. excluded quest=7790;stage=Pickup;scope=QuestStage;retry=2026-09-08T09:10:22.7442338Z;state=HalfOpen. excluded quest=843;stage=TurnIn;npc=3341;reason=outside-scan-radius;retry=context-change excluded quest=8487;stage=TurnIn;scope=QuestStage;retry=2026-09-08T09:10:22.7442338Z;state=HalfOpen. excluded quest=867;stage=Objective;scope=Objective;objective=0;retry=2026-09-08T13:46:19.0888015Z;state=Quarantined. excluded quest=868;stage=TurnIn;npc=3428;reason=outside-scan-radius;retry=context-change excluded quest=879;stage=Objective;scope=Objective;objective=0;retry=2026-09-08T14:12:05.6037548Z;state=Quarantined. excluded quest=879;stage=Objective;scope=Objective;objective=1;retry=2026-09-08T14:12:05.6038234Z;state=Quarantined. excluded quest=879;stage=Objective;scope=Objective;objective=2;retry=2026-09-08T14:12:05.6038609Z;state=Quarantined. excluded quest=8889;stage=Objective;objective=0;reason=outside-scan-radius;retry=context-change. excluded quest=8889;stage=Objective;objective=1;reason=outside-scan-radius;retry=context-change. excluded quest=8889;stage=Objective;objective=2;reason=outside-scan-radius;retry=context-change. excluded quest=891;stage=Objective;scope=QuestStage;retry=2026-09-08T09:10:22.7442338Z;state=HalfOpen. excluded quest=893;stage=Objective;scope=Objective;objective=0;retry=2026-09-08T12:48:05.9519603Z;state=Quarantined. excluded quest=893;stage=Objective;scope=Objective;objective=1;retry=2026-09-08T12:48:05.9520521Z;state=Quarantined. excluded quest=893;stage=Objective;scope=Objective;objective=2;retry=2026-09-08T12:48:05.9520844Z;state=Quarantined. excluded quest=896;stage=Objective;scope=Objective;objective=0;retry=2026-09-08T13:55:41.1186828Z;state=Quarantined. excluded quest=9067;stage=Objective;scope=Objective;objective=0;retry=2026-09-08T09:10:22.7442338Z;state=HalfOpen. excluded quest=9151;stage=Pickup;npc=16199;reason=outside-scan-radius;retry=context-change excluded quest=9157;stage=TurnIn;scope=QuestStage;retry=2026-09-08T09:10:22.7442338Z;state=HalfOpen. excluded quest=9275;stage=Pickup;npc=16464;reason=outside-scan-radius;retry=context-change excluded quest=9388;stage=Pickup;scope=QuestStage;retry=2026-09-08T09:10:22.7442338Z;state=HalfOpen. excluded quest=9389;stage=Pickup;scope=QuestStage;retry=2026-09-08T09:10:22.7442338Z;state=HalfOpen. excluded quest=9425;stage=Pickup;npc=16287;reason=outside-scan-radius;retry=context-change excluded quest=9428;stage=Pickup;npc=17098;reason=outside-scan-radius;retry=context-change excluded quest=9749;stage=Pickup;scope=QuestStage;retry=2026-09-08T09:10:22.7442338Z;state=HalfOpen. Expanding scan radius from 500 to 750 yards before fallback.
[16:46:19.327] [D] [Nav] Loaded 4 mesh tiles for one path query
[16:46:19.338] [D] [Nav] Loaded 4 mesh tiles for one path query
[16:46:19.341] [D] Loading profile from D:\World of Warcraft 3.3.5a\CB\Bots\WholesomeAutoQuest\WHOLESOME_AUTOQUESTER.xml
[16:46:19.349] [D] [CompileBatch] Compiling 2 entries...
[16:46:19.428] [D] [CompileBatch] Compiled successfully.
[16:46:19.428] [N] Profile loaded: WholesomeAQ - The Barrens
[16:46:19.432] [D] Selected sub-profile: WholesomeAQ - The Barrens (L1-80)
[16:46:19.432] [N] [Wholesome Auto Quest] Profile refreshed - Selected 2 quest work candidate(s). selected quest=843;stage=TurnIn;state=Eligible. selected quest=4542;stage=Pickup;state=Eligible. excluded quest=104;stage=Pickup;npc=392;reason=outside-scan-radius;retry=context-change excluded quest=1058;stage=Pickup;npc=3995;reason=outside-scan-radius;retry=context-change excluded quest=1062;stage=TurnIn;npc=4049;reason=outside-scan-radius;retry=context-change excluded quest=1069;stage=Objective;objective=0;reason=outside-scan-radius;retry=context-change. excluded quest=1087;stage=Objective;objective=2;reason=outside-scan-radius;retry=context-change. excluded quest=1093;stage=Objective;scope=Objective;objective=0;retry=2026-09-08T09:10:22.7442338Z;state=HalfOpen. excluded quest=11127;stage=Pickup;scope=QuestStage;retry=2026-09-08T09:10:22.7442338Z;state=HalfOpen. excluded quest=1195;stage=Pickup;npc=4721;reason=outside-scan-radius;retry=context-change excluded quest=14106;stage=Pickup;scope=QuestStage;retry=2026-09-08T09:10:22.7442338Z;state=HalfOpen. excluded quest=1483;stage=Pickup;scope=NpcRelation;npc=3442;retry=2026-09-08T09:10:22.7442338Z;state=HalfOpen. excluded quest=152;stage=Pickup;npc=392;reason=outside-scan-radius;retry=context-change excluded quest=2098;stage=Pickup;npc=6667;reason=outside-scan-radius;retry=context-change excluded quest=216;stage=Pickup;npc=12757;reason=outside-scan-radius;retry=context-change excluded quest=235;stage=Pickup;npc=10880;reason=outside-scan-radius;retry=context-change excluded quest=470;stage=Pickup;npc=2111;reason=outside-scan-radius;retry=context-change excluded quest=472;stage=Pickup;npc=2097;reason=outside-scan-radius;retry=context-change excluded quest=4821;stage=Pickup;npc=10539;reason=outside-scan-radius;retry=context-change excluded quest=4921;stage=Objective;scope=QuestStage;retry=2026-09-08T09:10:22.7442338Z;state=HalfOpen. excluded quest=493;stage=Pickup;npc=1937;reason=outside-scan-radius;retry=context-change excluded quest=494;stage=Pickup;npc=2214;reason=outside-scan-radius;retry=context-change excluded quest=496;stage=Pickup;npc=2216;reason=outside-scan-radius;retry=context-change excluded quest=498;stage=Pickup;npc=2229;reason=outside-scan-radius;retry=context-change excluded quest=501;stage=Pickup;npc=2216;reason=outside-scan-radius;retry=context-change excluded quest=516;stage=Pickup;npc=2121;reason=outside-scan-radius;retry=context-change excluded quest=527;stage=Pickup;npc=2215;reason=outside-scan-radius;retry=context-change excluded quest=546;stage=Pickup;npc=2418;reason=outside-scan-radius;retry=context-change excluded quest=549;stage=Pickup;npc=1763;reason=outside-scan-radius;retry=context-change excluded quest=6282;stage=Pickup;npc=11860;reason=outside-scan-radius;retry=context-change excluded quest=6381;stage=Pickup;npc=11864;reason=outside-scan-radius;retry=context-change excluded quest=6382;stage=TurnIn;npc=12696;reason=outside-scan-radius;retry=context-change excluded quest=6383;stage=Pickup;scope=NpcRelation;npc=12696;retry=2026-09-08T09:10:22.7442338Z;state=HalfOpen. excluded quest=6393;stage=Objective;scope=Objective;objective=0;retry=2026-09-08T09:10:22.7442338Z;state=HalfOpen. excluded quest=6441;stage=Objective;scope=Objective;objective=0;retry=2026-09-08T11:53:44.3110653Z;state=Quarantined. excluded quest=6442;stage=Pickup;npc=12719;reason=outside-scan-radius;retry=context-change excluded quest=6461;stage=TurnIn;npc=12816;reason=outside-scan-radius;retry=context-change excluded quest=6462;stage=Pickup;npc=12721;reason=outside-scan-radius;retry=context-change excluded quest=6541;stage=Pickup;scope=NpcRelation;npc=3429;retry=2026-09-08T09:10:22.7442338Z;state=HalfOpen. excluded quest=6543;stage=Objective;scope=Objective;objective=0;retry=2026-09-08T11:57:53.5602004Z;state=Quarantined. excluded quest=742;stage=Pickup;npc=10881;reason=outside-scan-radius;retry=context-change excluded quest=747;stage=Objective;scope=Objective;objective=0;retry=2026-09-08T13:06:01.2335671Z;state=Quarantined. excluded quest=747;stage=Objective;scope=Objective;objective=1;retry=2026-09-08T13:30:35.1661766Z;state=Quarantined. excluded quest=7790;stage=Pickup;scope=QuestStage;retry=2026-09-08T09:10:22.7442338Z;state=HalfOpen. excluded quest=8487;stage=TurnIn;scope=QuestStage;retry=2026-09-08T09:10:22.7442338Z;state=HalfOpen. excluded quest=867;stage=Objective;scope=Objective;objective=0;retry=2026-09-08T13:46:19.0888015Z;state=Quarantined. excluded quest=868;stage=TurnIn;npc=3428;reason=outside-scan-radius;retry=context-change excluded quest=879;stage=Objective;scope=Objective;objective=0;retry=2026-09-08T14:12:05.6037548Z;state=Quarantined. excluded quest=879;stage=Objective;scope=Objective;objective=1;retry=2026-09-08T14:12:05.6038234Z;state=Quarantined. excluded quest=879;stage=Objective;scope=Objective;objective=2;retry=2026-09-08T14:12:05.6038609Z;state=Quarantined. excluded quest=8889;stage=Objective;objective=0;reason=outside-scan-radius;retry=context-change. excluded quest=8889;stage=Objective;objective=1;reason=outside-scan-radius;retry=context-change. excluded quest=8889;stage=Objective;objective=2;reason=outside-scan-radius;retry=context-change. excluded quest=891;stage=Objective;scope=QuestStage;retry=2026-09-08T09:10:22.7442338Z;state=HalfOpen. excluded quest=893;stage=Objective;scope=Objective;objective=0;retry=2026-09-08T12:48:05.9519603Z;state=Quarantined. excluded quest=893;stage=Objective;scope=Objective;objective=1;retry=2026-09-08T12:48:05.9520521Z;state=Quarantined. excluded quest=893;stage=Objective;scope=Objective;objective=2;retry=2026-09-08T12:48:05.9520844Z;state=Quarantined. excluded quest=896;stage=Objective;scope=Objective;objective=0;retry=2026-09-08T13:55:41.1186828Z;state=Quarantined. excluded quest=9067;stage=Objective;scope=Objective;objective=0;retry=2026-09-08T09:10:22.7442338Z;state=HalfOpen. excluded quest=9151;stage=Pickup;npc=16199;reason=outside-scan-radius;retry=context-change excluded quest=9157;stage=TurnIn;scope=QuestStage;retry=2026-09-08T09:10:22.7442338Z;state=HalfOpen. excluded quest=9275;stage=Pickup;npc=16464;reason=outside-scan-radius;retry=context-change excluded quest=9388;stage=Pickup;scope=QuestStage;retry=2026-09-08T09:10:22.7442338Z;state=HalfOpen. excluded quest=9389;stage=Pickup;scope=QuestStage;retry=2026-09-08T09:10:22.7442338Z;state=HalfOpen. excluded quest=9425;stage=Pickup;npc=16287;reason=outside-scan-radius;retry=context-change excluded quest=9428;stage=Pickup;npc=17098;reason=outside-scan-radius;retry=context-change excluded quest=9749;stage=Pickup;scope=QuestStage;retry=2026-09-08T09:10:22.7442338Z;state=HalfOpen.
[16:46:19.536] [D] Changed POI to: Type: Sell, Name: Prospector Khazgorm, Guid: 0, Entry: 3392, Location: (-4200.67, -2270.86, 50.21)
[16:46:19.574] [N] [VendorRecovery] Reached Prospector Khazgorm (3392); waiting for the merchant window.
[16:46:19.798] [D] [Interact] Interacting with object at 0x33F125A8
[16:46:19.802] [D] [Interact] Done interacting with object at 0x33F125A8
[16:46:19.832] [D] [Pulse] Slow bot root: 170ms bot=Wholesome Auto Quest poi=Sell combat=False
[16:46:20.495] [D] [Pulse] Slow plugin: name=AutoEquip2 elapsed=44ms
[16:46:24.311] [D] [Pulse] Slow bot root: 137ms bot=Wholesome Auto Quest poi=Sell combat=False
[16:46:24.412] [D] [Pulse] Slow plugin: name=Tidy Bags 3 Reloaded elapsed=54ms
[16:46:24.446] [D] [Pulse] Slow plugin: name=Vendor Recovery elapsed=33ms
[16:46:25.890] [D] [Interact] Interacting with object at 0x33F125A8
[16:46:25.918] [D] [Interact] Done interacting with object at 0x33F125A8
[16:46:26.086] [D] [Pulse] Slow bot root: 505ms bot=Wholesome Auto Quest poi=Sell combat=False
[16:46:26.885] [D] [Pulse] Slow bot root: 167ms bot=Wholesome Auto Quest poi=Sell combat=False
[16:46:27.691] [D] [Pulse] Slow bot root: 169ms bot=Wholesome Auto Quest poi=Sell combat=False
[16:46:28.493] [D] [Pulse] Slow bot root: 167ms bot=Wholesome Auto Quest poi=Sell combat=False
[16:46:29.327] [D] [Pulse] Slow bot root: 166ms bot=Wholesome Auto Quest poi=Sell combat=False
[16:46:30.131] [D] [Pulse] Slow bot root: 168ms bot=Wholesome Auto Quest poi=Sell combat=False
[16:46:30.939] [D] [Pulse] Slow bot root: 169ms bot=Wholesome Auto Quest poi=Sell combat=False
[16:46:31.241] [D] [Pulse] Slow plugin: name=AutoEquip2 elapsed=257ms
[16:46:31.341] [D] [Pulse] Slow shared pulse: total=402ms movement=0 objects=0 lua=0 info=0 loot=2 targeting=41 events=0 plugins=357 routine=0
[16:46:32.797] [D] [Interact] Interacting with object at 0x33F125A8
[16:46:32.818] [D] [Interact] Done interacting with object at 0x33F125A8
[16:46:32.987] [D] [Pulse] Slow bot root: 506ms bot=Wholesome Auto Quest poi=Sell combat=False
[16:46:33.790] [D] [Pulse] Slow bot root: 168ms bot=Wholesome Auto Quest poi=Sell combat=False
[16:46:34.628] [D] [Pulse] Slow bot root: 169ms bot=Wholesome Auto Quest poi=Sell combat=False
[16:46:34.729] [D] [Pulse] Slow plugin: name=Tidy Bags 3 Reloaded elapsed=56ms
[16:46:34.762] [D] [Pulse] Slow plugin: name=Vendor Recovery elapsed=32ms
[16:46:35.464] [D] [Pulse] Slow bot root: 165ms bot=Wholesome Auto Quest poi=Sell combat=False
[16:46:36.263] [D] [Pulse] Slow bot root: 168ms bot=Wholesome Auto Quest poi=Sell combat=False
[16:46:37.064] [D] [Pulse] Slow bot root: 164ms bot=Wholesome Auto Quest poi=Sell combat=False
[16:46:37.865] [D] [Pulse] Slow bot root: 168ms bot=Wholesome Auto Quest poi=Sell combat=False
[16:46:39.441] [D] [Interact] Interacting with object at 0x33F125A8
[16:46:39.472] [D] [Interact] Done interacting with object at 0x33F125A8
[16:46:39.640] [D] [Pulse] Slow bot root: 503ms bot=Wholesome Auto Quest poi=Sell combat=False
[16:46:40.480] [D] [Pulse] Slow bot root: 167ms bot=Wholesome Auto Quest poi=Sell combat=False
[16:46:41.286] [D] [Pulse] Slow bot root: 166ms bot=Wholesome Auto Quest poi=Sell combat=False
[16:46:41.587] [D] [Pulse] Slow plugin: name=AutoEquip2 elapsed=260ms
[16:46:41.686] [D] [Pulse] Slow shared pulse: total=399ms movement=0 objects=0 lua=0 info=0 loot=2 targeting=38 events=0 plugins=358 routine=0
[16:46:42.352] [D] [Pulse] Slow bot root: 166ms bot=Wholesome Auto Quest poi=Sell combat=False
[16:46:43.152] [D] [Pulse] Slow bot root: 169ms bot=Wholesome Auto Quest poi=Sell combat=False
[16:46:43.955] [D] [Pulse] Slow bot root: 165ms bot=Wholesome Auto Quest poi=Sell combat=False
[16:46:45.525] [D] [Interact] Interacting with object at 0x33F125A8
[16:46:45.557] [D] [Interact] Done interacting with object at 0x33F125A8
[16:46:45.723] [D] [Pulse] Slow bot root: 501ms bot=Wholesome Auto Quest poi=Sell combat=False
[16:46:45.857] [D] [Pulse] Slow plugin: name=Tidy Bags 3 Reloaded elapsed=56ms
[16:46:45.890] [D] [Pulse] Slow plugin: name=Vendor Recovery elapsed=32ms
[16:46:46.559] [D] [Pulse] Slow bot root: 166ms bot=Wholesome Auto Quest poi=Sell combat=False
[16:46:47.361] [D] [Pulse] Slow bot root: 167ms bot=Wholesome Auto Quest poi=Sell combat=False
[16:46:48.167] [D] [Pulse] Slow bot root: 167ms bot=Wholesome Auto Quest poi=Sell combat=False
[16:46:48.968] [D] [Pulse] Slow bot root: 169ms bot=Wholesome Auto Quest poi=Sell combat=False
[16:46:49.768] [D] [Pulse] Slow bot root: 167ms bot=Wholesome Auto Quest poi=Sell combat=False
[16:46:50.575] [D] [Pulse] Slow bot root: 167ms bot=Wholesome Auto Quest poi=Sell combat=False
[16:46:52.179] [D] [Interact] Interacting with object at 0x33F125A8
[16:46:52.211] [D] [Interact] Done interacting with object at 0x33F125A8
[16:46:52.377] [D] [Pulse] Slow bot root: 502ms bot=Wholesome Auto Quest poi=Sell combat=False
[16:46:52.680] [D] [Pulse] Slow plugin: name=AutoEquip2 elapsed=259ms
[16:46:52.780] [D] [Pulse] Slow shared pulse: total=403ms movement=0 objects=0 lua=0 info=0 loot=2 targeting=40 events=0 plugins=359 routine=0
[16:46:53.450] [D] [Pulse] Slow bot root: 167ms bot=Wholesome Auto Quest poi=Sell combat=False
[16:46:54.255] [D] [Pulse] Slow bot root: 169ms bot=Wholesome Auto Quest poi=Sell combat=False
[16:46:55.057] [D] [Pulse] Slow bot root: 168ms bot=Wholesome Auto Quest poi=Sell combat=False
[16:46:55.226] [N] [VendorRecovery] Merchant window did not open for Prospector Khazgorm (3392) after 35 seconds. Blacklisting it for this profile session and trying the next vendor.
[16:46:55.226] [D] Cleared POI - Reason Vendor Recovery timed out
[16:46:55.226] [D] Cleared POI
[16:46:55.912] [D] [Pulse] Slow bot root: 165ms bot=Wholesome Auto Quest poi=None combat=False
[16:46:56.013] [D] [Pulse] Slow plugin: name=Tidy Bags 3 Reloaded elapsed=57ms
[16:46:56.679] [D] [Pulse] Slow bot root: 168ms bot=Wholesome Auto Quest poi=None combat=False
[16:46:57.957] [D] Changed POI to: Type: Sell, Name: Malgin Barleybrew, Guid: 0, Entry: 5848, Location: (-4084.18, -2403.32, 125.30)
[16:46:58.082] [D] [Pulse] Slow plugin: name=Vendor Recovery elapsed=33ms
[16:46:58.614] [N] Moving to Type: Sell, Name: Malgin Barleybrew, Guid: 0, Entry: 5848, Location: (-4084.18, -2403.32, 125.30)
[16:46:58.914] [N] Mounting: 35022
[16:47:01.086] [D] [Pulse] Slow bot root: 2506ms bot=Wholesome Auto Quest poi=Sell combat=False
[16:47:01.888] [D] [Pulse] Slow bot root: 169ms bot=Wholesome Auto Quest poi=Sell combat=False
[16:47:02.718] [D] [Pulse] Slow bot root: 168ms bot=Wholesome Auto Quest poi=Sell combat=False
[16:47:03.021] [D] [Pulse] Slow plugin: name=AutoEquip2 elapsed=261ms
[16:47:03.121] [D] [Pulse] Slow shared pulse: total=403ms movement=0 objects=0 lua=0 info=0 loot=2 targeting=39 events=0 plugins=361 routine=0
[16:47:03.793] [D] [Pulse] Slow bot root: 170ms bot=Wholesome Auto Quest poi=Sell combat=False
[16:47:04.561] [D] [Pulse] Slow bot root: 133ms bot=Wholesome Auto Quest poi=Sell combat=False
[16:47:05.334] [D] [Pulse] Slow bot root: 134ms bot=Wholesome Auto Quest poi=Sell combat=False
[16:47:06.137] [D] [Pulse] Slow bot root: 135ms bot=Wholesome Auto Quest poi=Sell combat=False
[16:47:06.238] [D] [Pulse] Slow plugin: name=Tidy Bags 3 Reloaded elapsed=52ms
[16:47:06.906] [D] [Pulse] Slow bot root: 134ms bot=Wholesome Auto Quest poi=Sell combat=False
[16:47:07.710] [D] [Pulse] Slow bot root: 134ms bot=Wholesome Auto Quest poi=Sell combat=False
[16:47:08.497] [D] [Pulse] Slow bot root: 133ms bot=Wholesome Auto Quest poi=Sell combat=False
[16:47:08.631] [D] [Pulse] Slow plugin: name=Vendor Recovery elapsed=32ms
[16:47:09.297] [D] [Pulse] Slow bot root: 166ms bot=Wholesome Auto Quest poi=Sell combat=False
[16:47:10.094] [D] [Pulse] Slow bot root: 165ms bot=Wholesome Auto Quest poi=Sell combat=False
[16:47:10.863] [D] [Pulse] Slow bot root: 134ms bot=Wholesome Auto Quest poi=Sell combat=False
[16:47:11.669] [D] [Pulse] Slow bot root: 135ms bot=Wholesome Auto Quest poi=Sell combat=False
[16:47:12.438] [D] [Pulse] Slow bot root: 132ms bot=Wholesome Auto Quest poi=Sell combat=True
[16:47:12.607] [D] [Singular-DEBUG] Switched targets!
[16:47:12.607] [D] [Singular-DEBUG] Melee Distance: 5
[16:47:12.607] [D] [Singular-DEBUG] Health: 98.37925445705024
[16:47:12.607] [D] [Singular-DEBUG] Level: 23
[16:47:13.208] [D] [Pulse] Slow bot root: 101ms bot=Wholesome Auto Quest poi=Sell combat=True
[16:47:13.975] [D] [Pulse] Slow bot root: 133ms bot=Wholesome Auto Quest poi=Sell combat=True
[16:47:15.448] [D] [Pulse] Slow bot root: 100ms bot=Wholesome Auto Quest poi=Sell combat=True
[16:47:16.186] [D] [Pulse] Slow bot root: 100ms bot=Wholesome Auto Quest poi=Sell combat=True
[16:47:16.285] [D] [Pulse] Slow plugin: name=Tidy Bags 3 Reloaded elapsed=47ms
[16:47:16.822] [D] Dismount for attacker.
[16:47:16.822] [D] Stop and dismount. Reason: Combat
[16:47:18.427] [N] [Singular] Casting Exorcism on Bael'dun Foreman
[16:47:18.427] [D] Spell_C::CastSpell(879, 0, 0xF130000D2F0085C4, 0)
[16:47:18.460] [D] [Pulse] Slow bot root: 230ms bot=Wholesome Auto Quest poi=Sell combat=True
[16:47:19.269] [D] [Pulse] Slow plugin: name=Vendor Recovery elapsed=35ms
[16:47:21.243] [N] [Singular] Casting Judgement of Light on Bael'dun Foreman
[16:47:21.243] [D] Spell_C::CastSpell(20271, 0, 0xF130000D2F0085C4, 0)
[16:47:21.276] [D] [Pulse] Slow bot root: 167ms bot=Wholesome Auto Quest poi=Sell combat=True
[16:47:22.871] [N] [Singular] Casting Holy Light on Myself
[16:47:22.871] [D] Spell_C::CastSpell(1026, 0, 0x6000000007EAB80, 0)
[16:47:24.612] [D] [Pulse] Slow plugin: name=DrinkPotions elapsed=116ms
[16:47:26.366] [N] [Singular] Casting Consecration on Bael'dun Foreman
[16:47:26.367] [D] Spell_C::CastSpell(26573, 0, 0xF130000D2F0085C4, 0)
[16:47:27.889] [N] [Singular] Casting Holy Light on Myself
[16:47:27.889] [D] Spell_C::CastSpell(1026, 0, 0x6000000007EAB80, 0)
[16:47:31.543] [N] [Singular] Casting Judgement of Light on Bael'dun Foreman
[16:47:31.543] [D] Spell_C::CastSpell(20271, 0, 0xF130000D2F0085C4, 0)
[16:47:33.462] [N] [Singular] Casting Holy Light on Myself
[16:47:33.463] [D] Spell_C::CastSpell(1026, 0, 0x6000000007EAB80, 0)
[16:47:35.715] [D] [Pulse] Slow plugin: name=DrinkPotions elapsed=109ms
[16:47:37.409] [N] [Singular] Casting Exorcism on Bael'dun Foreman
[16:47:37.409] [D] Spell_C::CastSpell(879, 0, 0xF130000D2F0085C4, 0)
[16:47:39.493] [N] [Singular] Casting Hand of Freedom on Myself
[16:47:39.493] [D] Spell_C::CastSpell(1044, 0, 0x6000000007EAB80, 0)
[16:47:40.921] [N] [Singular] Currect target is invalid. Switching to Bael'dun Excavator!
[16:47:41.104] [D] [Singular-DEBUG] Switched targets!
[16:47:41.104] [D] [Singular-DEBUG] Melee Distance: 5
[16:47:41.104] [D] [Singular-DEBUG] Health: 64.45993031358886
[16:47:41.104] [D] [Singular-DEBUG] Level: 22
[16:47:41.376] [D] [Singular-DEBUG] Switched targets!
[16:47:41.376] [D] [Singular-DEBUG] Melee Distance: 5
[16:47:41.376] [D] [Singular-DEBUG] Health: 55.67190226876091
[16:47:41.376] [D] [Singular-DEBUG] Level: 22
[16:47:41.709] [N] [Singular] Casting Lay on Hands on Myself
[16:47:41.709] [D] Spell_C::CastSpell(633, 0, 0x6000000007EAB80, 0)
[16:47:43.299] [N] [Singular] Casting Judgement of Light on Bael'dun Excavator
[16:47:43.299] [D] Spell_C::CastSpell(20271, 0, 0xF130000D2E00854A, 0)
[16:47:44.940] [N] [Singular] Casting Exorcism on Bael'dun Excavator
[16:47:44.940] [D] Spell_C::CastSpell(879, 0, 0xF130000D2E00854A, 0)
[16:47:47.135] [N] [Singular] Casting Holy Light on Myself
[16:47:47.135] [D] Spell_C::CastSpell(1026, 0, 0x6000000007EAB80, 0)
[16:47:47.955] [D] [Singular-DEBUG] Switched targets!
[16:47:47.955] [D] [Singular-DEBUG] Melee Distance: 5
[16:47:47.955] [D] [Singular-DEBUG] Health: 44.73684210526316
[16:47:47.955] [D] [Singular-DEBUG] Level: 21
[16:47:49.822] [D] [Pulse] Slow plugin: name=DrinkPotions elapsed=129ms
[16:47:50.452] [D] [Pulse] Slow shared pulse: total=273ms movement=0 objects=0 lua=0 info=0 loot=1 targeting=22 events=0 plugins=248 routine=0
[16:47:51.629] [N] [Singular] Casting Judgement of Light on Bael'dun Excavator
[16:47:51.629] [D] Spell_C::CastSpell(20271, 0, 0xF130000D2E008540, 0)
[16:47:55.908] [N] [Singular] Currect target is invalid. Switching to Bael'dun Excavator!
[16:47:56.307] [D] [Singular-DEBUG] Switched targets!
[16:47:56.307] [D] [Singular-DEBUG] Melee Distance: 5
[16:47:56.307] [D] [Singular-DEBUG] Health: 39.96509598603839
[16:47:56.307] [D] [Singular-DEBUG] Level: 22
[16:48:00.041] [D] [Pulse] Slow plugin: name=DrinkPotions elapsed=228ms
[16:48:00.526] [D] Activity: Releasing from corpse
[16:48:00.526] [N] I died.
[16:48:00.558] [D] Cleared POI
[16:48:00.558] [N] [DeathStallRecovery] Death detected at (-4129.82, -2155.39, 50.45); monitoring corpse-recovery movement.
[16:48:00.998] [D] [Pulse] Slow plugin: name=Tidy Bags 3 Reloaded elapsed=187ms
[16:48:00.998] [D] [Pulse] Slow shared pulse: total=202ms movement=0 objects=0 lua=0 info=0 loot=1 targeting=11 events=0 plugins=188 routine=0
[16:48:01.151] [D] [Pulse] Slow bot root: 110ms bot=Wholesome Auto Quest poi=None combat=False
[16:48:01.177] [D] Activity: Moving to corpse
[16:48:01.374] [D] [Nav] Loaded 3 mesh tiles for one path query
[16:48:01.374] [D] [MeshNavigator] Skipped 3 path nodes
[16:48:01.515] [D] Generating new path because we are not on the old path anymore!
[16:48:22.807] [N] There are 22 hostile mobs near our corpse.
[16:48:24.782] [N] Loading 1_41_35
[16:48:24.782] [N] Loading 1_41_36
[16:48:24.782] [N] Loading 1_37_35
[16:48:24.782] [N] Loading 1_37_36
[16:48:24.782] [N] Loading 1_37_34
[16:48:24.782] [N] Loading 1_37_37
[16:48:24.782] [N] Loading 1_39_38
[16:48:24.782] [N] Loading 1_38_38
[16:48:24.782] [N] Loading 1_36_35
[16:48:24.782] [N] Loading 1_36_36
[16:48:24.782] [N] Loading 1_40_38
[16:48:24.782] [N] Loading 1_37_38
[16:48:24.782] [N] Loading 1_41_37
[16:48:24.782] [N] Loading 1_36_34
[16:48:24.782] [N] Loading 1_36_37
[16:48:24.782] [N] Loading 1_41_34
[16:48:24.782] [N] Loading 1_39_39
[16:48:24.782] [N] Loading 1_38_39
[16:48:24.782] [N] Loading 1_41_38
[16:48:24.782] [N] Loading 1_42_35
[16:48:24.782] [N] Loading 1_35_36
[16:48:24.782] [N] Loading 1_35_35
[16:48:24.782] [N] Loading 1_36_38
[16:48:24.782] [N] Loading 1_40_39
[16:48:24.782] [N] Loading 1_42_34
[16:48:24.782] [N] Loading 1_35_34
[16:48:24.782] [N] Loading 1_42_36
[16:48:24.782] [N] Loading 1_37_39
[16:48:24.782] [N] Loading 1_35_37
[16:48:24.782] [N] Loading 1_36_33
[16:48:24.782] [N] Loading 1_40_33
[16:48:24.782] [N] Loading 1_41_39
[16:48:24.782] [N] Loading 1_41_33
[16:48:24.782] [N] Loading 1_36_39
[16:48:24.782] [N] Loading 1_37_33
[16:48:24.782] [N] Loading 1_34_36
[16:48:24.782] [N] Loading 1_42_37
[16:48:24.782] [N] Loading 1_34_35
[16:48:24.782] [N] Loading 1_35_33
[16:48:24.782] [N] Loading 1_35_38
[16:48:24.782] [N] Loading 1_39_33
[16:48:24.782] [N] Loading 1_34_37
[16:48:24.782] [N] Loading 1_39_40
[16:48:24.782] [N] Loading 1_38_40
[16:48:24.782] [N] Loading 1_37_40
[16:48:24.782] [N] Loading 1_34_34
[16:48:24.782] [N] Loading 1_43_36
[16:48:24.782] [N] Loading 1_40_40
[16:48:24.782] [N] Loading 1_36_32
[16:48:24.782] [N] Loading 1_37_32
[16:48:24.782] [N] Loading 1_36_40
[16:48:24.782] [N] Loading 1_35_39
[16:48:24.782] [N] Loading 1_40_32
[16:48:24.782] [N] Loading 1_35_32
[16:48:24.782] [N] Loading 1_42_38
[16:48:24.782] [N] Loading 1_34_38
[16:48:24.782] [N] Loading 1_39_32
[16:48:24.782] [N] Loading 1_33_36
[16:48:24.782] [N] Loading 1_34_33
[16:48:24.782] [N] Loading 1_33_35
[16:48:24.782] [N] Loading 1_33_37
[16:48:24.782] [N] Loading 1_43_37
[16:48:24.782] [N] Loading 1_36_31
[16:48:24.782] [N] Loading 1_39_41
[16:48:24.782] [N] Loading 1_37_31
[16:48:24.782] [N] Loading 1_33_34
[16:48:24.782] [N] Loading 1_35_40
[16:48:24.782] [N] Loading 1_34_32
[16:48:24.782] [N] Loading 1_43_38
[16:48:24.782] [N] Loading 1_38_41
[16:48:24.782] [N] Loading 1_33_38
[16:48:24.782] [N] Loading 1_35_31
[16:48:24.782] [N] Loading 1_41_32
[16:48:24.782] [N] Loading 1_34_39
[16:48:24.782] [N] Loading 1_37_41
[16:48:24.782] [N] Loading 1_40_31
[16:48:24.782] [N] Loading 1_39_31
[16:48:24.782] [N] Loading 1_40_41
[16:48:24.782] [N] Loading 1_42_39
[16:48:24.782] [N] Loading 1_32_36
[16:48:24.782] [N] Loading 1_36_41
[16:48:24.782] [N] Loading 1_33_33
[16:48:24.782] [N] Loading 1_32_37
[16:48:24.782] [N] Loading 1_38_31
[16:48:24.782] [N] Loading 1_32_35
[16:48:24.782] [N] Loading 1_38_32
[16:48:24.782] [N] Loading 1_43_39
[16:48:24.782] [N] Loading 1_34_31
[16:48:24.782] [N] Loading 1_32_34
[16:48:24.782] [N] Loading 1_33_32
[16:48:24.782] [N] Loading 1_33_39
[16:48:24.782] [N] Loading 1_38_33
[16:48:24.782] [N] Loading 1_41_31
[16:48:24.782] [N] Loading 1_32_38
[16:48:24.782] [N] Loading 1_36_30
[16:48:24.782] [N] Loading 1_34_40
[16:48:24.782] [N] Loading 1_35_41
[16:48:24.782] [N] Loading 1_35_30
[16:48:24.782] [N] Loading 1_44_38
[16:48:24.782] [N] Loading 1_42_40
[16:48:24.782] [N] Loading 1_39_30
[16:48:24.782] [N] Loading 1_40_30
[16:48:24.782] [N] Loading 1_33_31
[16:48:24.782] [N] Loading 1_44_39
[16:48:24.782] [N] Loading 1_39_42
[16:48:24.782] [N] Loading 1_44_37
[16:48:24.782] [N] Loading 1_31_37
[16:48:24.782] [N] Loading 1_31_36
[16:48:24.782] [N] Loading 1_32_39
[16:48:24.782] [N] Loading 1_38_42
[16:48:24.782] [N] Loading 1_32_33
[16:48:24.782] [N] Loading 1_31_35
[16:48:24.782] [N] Loading 1_41_30
[16:48:24.782] [N] Loading 1_43_40
[16:48:24.782] [N] Loading 1_41_40
[16:48:24.782] [N] Loading 1_41_41
[16:48:24.782] [N] Loading 1_31_34
[16:48:24.782] [N] Loading 1_32_32
[16:48:24.782] [N] Loading 1_37_42
[16:48:24.782] [N] Loading 1_34_30
[16:48:24.782] [N] Loading 1_40_42
[16:48:24.782] [N] Loading 1_42_31
[16:48:24.782] [N] Loading 1_31_33
[16:48:24.782] [N] Loading 1_33_40
[16:48:24.782] [N] Loading 1_42_32
[16:48:24.782] [N] Loading 1_31_38
[16:48:24.782] [N] Loading 1_34_41
[16:48:24.782] [N] Loading 1_44_40
[16:48:24.782] [N] Loading 1_33_30
[16:48:24.782] [N] Loading 1_42_30
[16:48:24.782] [N] Loading 1_32_31
[16:48:24.782] [N] Loading 1_36_42
[16:48:24.782] [N] Loading 1_45_38
[16:48:24.782] [N] Loading 1_45_39
[16:48:24.782] [N] Loading 1_30_36
[16:48:24.782] [N] Loading 1_30_37
[16:48:24.782] [N] Loading 1_40_29
[16:48:24.782] [N] Loading 1_30_35
[16:48:24.782] [N] Loading 1_41_42
[16:48:24.782] [N] Loading 1_35_42
[16:48:24.782] [N] Loading 1_31_39
[16:48:24.782] [N] Loading 1_30_34
[16:48:24.782] [N] Loading 1_31_32
[16:48:24.782] [N] Loading 1_30_38
[16:48:24.782] [N] Loading 1_41_29
[16:48:24.782] [N] Loading 1_42_41
[16:48:24.782] [N] Loading 1_39_43
[16:48:24.782] [N] Loading 1_45_37
[16:48:24.782] [N] Loading 1_38_43
[16:48:24.782] [N] Loading 1_32_40
[16:48:24.782] [N] Loading 1_31_40
[16:48:24.782] [N] Loading 1_33_41
[16:48:24.782] [N] Loading 1_30_33
[16:48:24.782] [N] Loading 1_30_39
[16:48:24.782] [N] Loading 1_29_36
[16:48:24.782] [N] Loading 1_29_37
[16:48:24.782] [N] Loading 1_46_38
[16:48:24.782] [N] Loading 1_37_43
[16:48:24.782] [N] Loading 1_46_39
[16:48:24.782] [N] Loading 1_40_43
[16:48:24.782] [N] Loading 1_34_42
[16:48:24.782] [N] Loading 1_45_40
[16:48:24.782] [N] Loading 1_31_31
[16:48:24.782] [N] Loading 1_29_35
[16:48:24.782] [N] Loading 1_44_36
[16:48:24.782] [N] Loading 1_45_36
[16:48:24.782] [N] Loading 1_42_29
[16:48:24.782] [N] Loading 1_46_37
[16:48:24.782] [N] Loading 1_39_29
[16:48:24.782] [N] Loading 1_41_28
[16:48:24.782] [N] Loading 1_40_28
[16:48:24.782] [N] Loading 1_36_43
[16:48:24.782] [N] Loading 1_29_34
[16:48:24.782] [N] Loading 1_42_42
[16:48:24.782] [N] Loading 1_29_38
[16:48:24.782] [N] Loading 1_30_40
[16:48:24.782] [N] Loading 1_46_40
[16:48:24.782] [N] Loading 1_32_41
[16:48:24.782] [N] Loading 1_31_41
[16:48:24.782] [N] Loading 1_46_36
[16:48:24.782] [N] Loading 1_33_42
[16:48:24.782] [N] Loading 1_35_43
[16:48:24.782] [N] Loading 1_42_28
[16:48:24.782] [N] Loading 1_29_39
[16:48:24.782] [N] Loading 1_44_41
[16:48:24.782] [N] Loading 1_45_41
[16:48:24.782] [N] Loading 1_28_36
[16:48:24.782] [N] Loading 1_43_41
[16:48:24.782] [N] Loading 1_47_38
[16:48:24.782] [N] Loading 1_47_39
[16:48:24.782] [N] Loading 1_28_35
[16:48:24.782] [N] Loading 1_38_30
[16:48:24.782] [N] Loading 1_30_41
[16:48:24.782] [N] Loading 1_38_29
[16:48:24.782] [N] Loading 1_47_37
[16:48:24.782] [N] Loading 1_32_30
[16:48:24.782] [N] Loading 1_31_30
[16:48:24.782] [N] Loading 1_28_37
[16:48:24.782] [N] Loading 1_39_44
[16:48:24.782] [N] Loading 1_43_29
[16:48:24.782] [N] Loading 1_30_31
[16:48:24.782] [N] Loading 1_43_30
[16:48:24.782] [N] Loading 1_46_41
[16:48:24.782] [N] Loading 1_38_44
[16:48:24.782] [N] Loading 1_32_42
[16:48:24.782] [N] Loading 1_34_43
[16:48:24.782] [N] Loading 1_28_38
[16:48:24.782] [N] Loading 1_40_27
[16:48:24.782] [N] Loading 1_29_40
[16:48:24.782] [N] Loading 1_41_27
[16:48:24.782] [N] Loading 1_47_40
[16:48:24.782] [N] Loading 1_43_28
[16:48:24.782] [N] Loading 1_37_44
[16:48:24.782] [N] Loading 1_47_36
[16:48:24.782] [N] Loading 1_31_42
[16:48:24.782] [N] Loading 1_40_44
[16:48:24.782] [N] Loading 1_43_42
[16:48:24.782] [N] Loading 1_33_43
[16:48:24.782] [N] Loading 1_30_30
[16:48:24.782] [N] Loading 1_39_28
[16:48:24.782] [N] Loading 1_28_34
[16:48:24.782] [N] Loading 1_39_27
[16:48:24.782] [N] Loading 1_28_39
[16:48:24.782] [N] Loading 1_48_38
[16:48:24.782] [N] Loading 1_27_36
[16:48:24.782] [N] Loading 1_48_39
[16:48:24.782] [N] Loading 1_36_44
[16:48:24.782] [N] Loading 1_27_35
[16:48:24.782] [N] Loading 1_48_37
[16:48:24.782] [N] Loading 1_46_35
[16:48:24.782] [N] Loading 1_29_41
[16:48:24.782] [N] Loading 1_44_42
[16:48:24.782] [N] Loading 1_45_42
[16:48:24.782] [N] Loading 1_27_37
[16:48:24.782] [N] Loading 1_30_32
[16:48:24.782] [N] Loading 1_30_42
[16:48:24.782] [N] Loading 1_47_35
[16:48:24.782] [N] Loading 1_42_27
[16:48:24.782] [N] Loading 1_47_41
[16:48:24.782] [N] Loading 1_38_28
[16:48:24.782] [N] Loading 1_29_31
[16:48:24.782] [N] Loading 1_48_40
[16:48:24.782] [N] Loading 1_35_44
[16:48:24.782] [N] Loading 1_28_40
[16:48:24.782] [N] Loading 1_38_27
[16:48:24.782] [N] Loading 1_27_34
[16:48:24.782] [N] Loading 1_32_43
[16:48:24.782] [N] Loading 1_48_36
[16:48:24.782] [N] Loading 1_29_32
[16:48:24.782] [N] Loading 1_46_42
[16:48:24.782] [N] Loading 1_29_30
[16:48:24.782] [N] Loading 1_40_26
[16:48:24.783] [N] Loading 1_41_26
[16:48:24.783] [N] Loading 1_39_26
[16:48:24.783] [N] Loading 1_29_42
[16:48:24.783] [N] Loading 1_27_38
[16:48:24.783] [N] Loading 1_28_41
[16:48:24.783] [N] Loading 1_47_42
[16:48:24.783] [N] Loading 1_28_33
[16:48:24.783] [N] Loading 1_34_44
[16:48:24.783] [N] Loading 1_49_38
[16:48:24.783] [N] Loading 1_49_39
[16:48:24.783] [N] Loading 1_37_28
[16:48:24.783] [N] Loading 1_48_35
[16:48:24.783] [N] Loading 1_48_41
[16:48:24.783] [N] Loading 1_29_33
[16:48:24.783] [N] Loading 1_30_29
[16:48:24.783] [N] Loading 1_26_35
[16:48:24.783] [N] Loading 1_49_37
[16:48:24.783] [N] Loading 1_31_43
[16:48:24.783] [N] Loading 1_26_37
[16:48:24.783] [N] Loading 1_26_36
[16:48:24.783] [N] Loading 1_37_27
[16:48:24.783] [N] Loading 1_26_34
[16:48:24.783] [N] Loading 1_33_44
[16:48:24.783] [N] Loading 1_29_29
[16:48:24.783] [N] Loading 1_27_39
[16:48:24.783] [N] Loading 1_27_33
[16:48:24.783] [N] Loading 1_43_27
[16:48:24.783] [N] Loading 1_28_31
[16:48:24.783] [N] Loading 1_37_29
[16:48:24.783] [N] Loading 1_49_40
[16:48:24.783] [N] Loading 1_28_32
[16:48:24.783] [N] Loading 1_42_26
[16:48:24.783] [N] Loading 1_38_26
[16:48:24.783] [N] Loading 1_49_36
[16:48:24.783] [N] Loading 1_30_43
[16:48:24.783] [N] Loading 1_26_33
[16:48:24.783] [N] Loading 1_26_38
[16:48:24.783] [N] Loading 1_31_29
[16:48:24.783] [N] Loading 1_27_40
[16:48:24.783] [N] Loading 1_28_30
[16:48:24.783] [N] Loading 1_45_43
[16:48:24.783] [N] Loading 1_44_43
[16:48:24.783] [N] Loading 1_45_35
[16:48:24.783] [N] Loading 1_36_28
[16:48:24.783] [N] Loading 1_37_26
[16:48:24.783] [N] Loading 1_36_27
[16:48:24.783] [N] Loading 1_49_35
[16:48:24.783] [N] Loading 1_39_25
[16:48:24.783] [N] Loading 1_48_42
[16:48:24.783] [N] Loading 1_28_42
[16:48:24.783] [N] Loading 1_27_41
[16:48:24.783] [N] Loading 1_50_38
[16:48:24.783] [N] Loading 1_50_39
[16:48:24.783] [N] Loading 1_32_44
[16:48:24.783] [N] Loading 1_46_34
[16:48:24.783] [N] Loading 1_49_41
[16:48:24.783] [N] Loading 1_43_26
[16:48:24.783] [N] Loading 1_27_32
[16:48:24.783] [N] Loading 1_36_29
[16:48:24.783] [N] Loading 1_44_35
[16:48:24.783] [N] Loading 1_46_43
[16:48:24.783] [N] Loading 1_45_34
[16:48:24.783] [N] Loading 1_25_35
[16:48:24.783] [N] Loading 1_47_43
[16:48:24.783] [N] Loading 1_28_29
[16:48:24.783] [N] Loading 1_50_37
[16:48:24.783] [N] Loading 1_30_28
[16:48:24.783] [N] Loading 1_47_34
[16:48:24.783] [N] Loading 1_31_28
[16:48:24.783] [N] Loading 1_40_25
[16:48:24.783] [N] Loading 1_29_43
[16:48:24.783] [N] Loading 1_25_34
[16:48:24.783] [N] Loading 1_26_32
[16:48:24.783] [N] Loading 1_38_25
[16:48:24.783] [N] Loading 1_44_34
[16:48:24.783] [N] Loading 1_26_39
[16:48:24.783] [N] Loading 1_41_25
[16:48:24.783] [N] Loading 1_43_35
[16:48:24.783] [N] Loading 1_50_36
[16:48:24.783] [N] Loading 1_25_38
[16:48:24.783] [N] Loading 1_36_26
[16:48:24.783] [N] Loading 1_29_28
[16:48:24.783] [N] Loading 1_43_34
[16:48:24.783] [N] Loading 1_25_37
[16:48:24.783] [N] Loading 1_31_44
[16:48:24.783] [N] Loading 1_45_33
[16:48:24.783] [N] Loading 1_46_33
[16:48:24.783] [N] Loading 1_27_31
[16:48:24.783] [N] Loading 1_25_33
[16:48:24.783] [N] Loading 1_44_27
[16:48:24.783] [N] Loading 1_44_33
[16:48:24.783] [N] Loading 1_27_30
[16:48:24.783] [N] Loading 1_35_27
[16:48:24.783] [N] Loading 1_47_33
[16:48:24.783] [N] Loading 1_42_25
[16:48:24.783] [N] Loading 1_48_43
[16:48:24.783] [N] Loading 1_32_28
[16:48:24.783] [N] Loading 1_43_33
[16:48:24.783] [N] Loading 1_26_31
[16:48:24.783] [N] Loading 1_24_34
[16:48:24.783] [N] Loading 1_35_28
[16:48:24.783] [N] Loading 1_27_42
[16:48:24.783] [N] Loading 1_24_35
[16:48:24.783] [N] Loading 1_25_39
[16:48:24.783] [N] Loading 1_30_44
[16:48:24.783] [N] Loading 1_26_40
[16:48:24.783] [N] Loading 1_32_29
[16:48:24.783] [N] Loading 1_27_29
[16:48:24.783] [D] Changed POI to: Type: Corpse, Name: Unknown, Guid: 0, Entry: 0, Location: (-4129.82, -2190.39, 52.58)
[16:48:24.784] [D] Activity: Moving to instance portal, since we died inside.
[16:48:24.784] [D] [Pulse] Slow bot root: 2040ms bot=Wholesome Auto Quest poi=Corpse combat=False
[16:48:34.539] [D] [Pulse] Slow plugin: name=Tidy Bags 3 Reloaded elapsed=53ms
[16:48:41.082] [N] [Singular] Casting Holy Light on Myself
[16:48:41.083] [D] Spell_C::CastSpell(1026, 0, 0x6000000007EAB80, 0)
[16:48:42.977] [N] Eating Bristle Whisker Catfish
[16:48:43.335] [N] Drinking Melon Juice
[16:48:45.222] [D] [Pulse] Slow plugin: name=AutoEquip2 elapsed=44ms
[16:48:53.067] [D] [Pulse] Slow plugin: name=Tidy Bags 3 Reloaded elapsed=53ms
[16:48:55.843] [D] [Pulse] Slow plugin: name=AutoEquip2 elapsed=256ms
[16:48:55.910] [D] [Pulse] Slow shared pulse: total=403ms movement=0 objects=0 lua=33 info=0 loot=1 targeting=45 events=0 plugins=323 routine=0
[16:49:03.571] [D] [Pulse] Slow plugin: name=Tidy Bags 3 Reloaded elapsed=55ms
[16:49:06.349] [D] [Pulse] Slow plugin: name=AutoEquip2 elapsed=254ms
[16:49:06.416] [D] [Pulse] Slow shared pulse: total=399ms movement=0 objects=0 lua=32 info=0 loot=1 targeting=44 events=0 plugins=321 routine=0
[16:49:07.657] [N] [Singular] Casting Blessing of Kings on Myself
[16:49:07.657] [D] Spell_C::CastSpell(20217, 0, 0x6000000007EAB80, 0)
[16:49:07.692] [D] [Pulse] Slow bot root: 102ms bot=Wholesome Auto Quest poi=Corpse combat=False
[16:49:08.359] [D] Changed POI to: Type: Loot, Name: Bael'dun Excavator, Guid: F130000D2E008540, Entry: 3374, Location: (-4129.14, -2152.33, 50.53)
[16:49:08.991] [D] [LB] DNTFT -> S
[16:49:08.991] [N] Moving to Type: Loot, Name: Bael'dun Excavator, Guid: F130000D2E008540, Entry: 3374, Location: (-4129.14, -2152.33, 50.53)
[16:49:09.224] [D] [MeshNavigator] Skipped 2 path nodes
[16:49:09.290] [D] [Pulse] Slow bot root: 332ms bot=Wholesome Auto Quest poi=Loot combat=False
[16:49:09.960] [N] [Singular] Casting Seal of Righteousness on Myself
[16:49:09.961] [D] Spell_C::CastSpell(21084, 0, 0x6000000007EAB80, 0)
[16:49:10.629] [D] [LB] DNTFT -> S
[16:49:10.662] [D] [LB] SetTarget Finished. Waiting.
[16:49:11.268] [D] [LB] Finished waiting, we got a target.
[16:49:11.268] [D] Changed POI to: Type: Kill, Name: Bael'dun Foreman, Guid: F130000D2F00852D, Entry: 3375, Location: (-4135.51, -2158.88, 50.70)
[16:49:11.401] [D] [Singular-DEBUG] Switched targets!
[16:49:11.401] [D] [Singular-DEBUG] Melee Distance: 5
[16:49:11.401] [D] [Singular-DEBUG] Health: 100
[16:49:11.401] [D] [Singular-DEBUG] Level: 22
[16:49:12.038] [N] [Singular] Casting Judgement of Light on Bael'dun Foreman
[16:49:12.039] [D] Spell_C::CastSpell(20271, 0, 0xF130000D2F00852D, 0)
[16:49:12.072] [D] [Pulse] Slow bot root: 161ms bot=Wholesome Auto Quest poi=Kill combat=True
[16:49:12.774] [D] [Pulse] Slow bot root: 101ms bot=Wholesome Auto Quest poi=Kill combat=True
[16:49:14.110] [N] [Singular] Casting Exorcism on Bael'dun Foreman
[16:49:14.111] [D] Spell_C::CastSpell(879, 0, 0xF130000D2F00852D, 0)
[16:49:14.143] [D] [Pulse] Slow bot root: 134ms bot=Wholesome Auto Quest poi=Kill combat=True
[16:49:14.243] [D] [Pulse] Slow plugin: name=Tidy Bags 3 Reloaded elapsed=54ms
[16:49:20.670] [N] [Singular] Casting Judgement of Light on Bael'dun Foreman
[16:49:20.670] [D] Spell_C::CastSpell(20271, 0, 0xF130000D2F00852D, 0)
[16:49:20.703] [D] [Pulse] Slow bot root: 168ms bot=Wholesome Auto Quest poi=Kill combat=True
[16:49:21.407] [D] [Pulse] Slow bot root: 102ms bot=Wholesome Auto Quest poi=Kill combat=True
[16:49:22.015] [D] Cleared POI - Reason POI is dead from Combat
[16:49:22.015] [D] Cleared POI
[16:49:22.672] [D] Changed POI to: Type: Loot, Name: Bael'dun Excavator, Guid: F130000D2E008540, Entry: 3374, Location: (-4129.14, -2152.33, 50.53)
[16:49:23.307] [D] [Interact] Interacting with object at 0x2A8CF5A0
[16:49:23.340] [D] [Interact] Done interacting with object at 0x2A8CF5A0
[16:49:24.540] [D] [Pulse] Slow plugin: name=Tidy Bags 3 Reloaded elapsed=54ms
[16:49:24.540] [D] [Pulse] Slow shared pulse: total=566ms movement=0 objects=0 lua=465 info=0 loot=1 targeting=43 events=0 plugins=55 routine=0
[16:49:25.054] [N] Looting Bael'dun Excavator Guid 0xF130000D2E008540
[16:49:25.155] [D] Cleared POI - Reason Waiting for loot flag
[16:49:25.155] [D] Cleared POI
[16:49:25.189] [D] [Pulse] Slow bot root: 134ms bot=Wholesome Auto Quest poi=None combat=False
[16:49:25.826] [D] Changed POI to: Type: Loot, Name: Bael'dun Foreman, Guid: F130000D2F00852D, Entry: 3375, Location: (-4133.54, -2154.28, 50.31)
[16:49:26.464] [D] [Interact] Interacting with object at 0x2A8D3290
[16:49:26.497] [D] [Interact] Done interacting with object at 0x2A8D3290
[16:49:26.530] [D] [Pulse] Slow bot root: 100ms bot=Wholesome Auto Quest poi=Loot combat=False
[16:49:27.465] [D] [Pulse] Slow plugin: name=AutoEquip2 elapsed=254ms
[16:49:29.146] [N] Looting Bael'dun Foreman Guid 0xF130000D2F00852D
[16:49:29.245] [D] Cleared POI - Reason Waiting for loot flag
[16:49:29.245] [D] Cleared POI
[16:49:29.282] [D] [Pulse] Slow bot root: 135ms bot=Wholesome Auto Quest poi=None combat=False
[16:49:29.474] [D] Changed POI to: Type: Loot, Name: Bael'dun Excavator, Guid: F130000D2E00854A, Entry: 3374, Location: (-4131.42, -2159.62, 50.75)
[16:49:29.615] [N] Moving to Type: Loot, Name: Bael'dun Excavator, Guid: F130000D2E00854A, Entry: 3374, Location: (-4131.42, -2159.62, 50.75)
[16:49:29.745] [D] [Pulse] Slow bot root: 130ms bot=Wholesome Auto Quest poi=Loot combat=False
[16:49:30.592] [D] [Interact] Interacting with object at 0x2A8C7BC0
[16:49:30.619] [D] [Interact] Done interacting with object at 0x2A8C7BC0
[16:49:30.653] [D] [Pulse] Slow bot root: 299ms bot=Wholesome Auto Quest poi=Loot combat=False
[16:49:32.091] [N] Looting Bael'dun Excavator Guid 0xF130000D2E00854A
[16:49:32.196] [D] Cleared POI - Reason Waiting for loot flag
[16:49:32.196] [D] Cleared POI
[16:49:32.226] [D] [Pulse] Slow bot root: 134ms bot=Wholesome Auto Quest poi=None combat=False
[16:49:32.899] [D] Changed POI to: Type: Loot, Name: Bael'dun Foreman, Guid: F130000D2F0085C4, Entry: 3375, Location: (-4127.54, -2165.30, 51.00)
[16:49:33.533] [N] Moving to Type: Loot, Name: Bael'dun Foreman, Guid: F130000D2F0085C4, Entry: 3375, Location: (-4127.54, -2165.30, 51.00)
[16:49:33.835] [D] [Pulse] Slow bot root: 335ms bot=Wholesome Auto Quest poi=Loot combat=False
[16:49:34.700] [D] [Pulse] Slow bot root: 266ms bot=Wholesome Auto Quest poi=Loot combat=False
[16:49:34.800] [D] [Pulse] Slow plugin: name=Tidy Bags 3 Reloaded elapsed=55ms
[16:49:35.543] [D] [Interact] Interacting with object at 0x2A8BD940
[16:49:35.568] [D] [Interact] Done interacting with object at 0x2A8BD940
[16:49:35.600] [D] [Pulse] Slow bot root: 299ms bot=Wholesome Auto Quest poi=Loot combat=False
[16:49:36.305] [D] [Singular-DEBUG] Switched targets!
[16:49:36.305] [D] [Singular-DEBUG] Melee Distance: 5
[16:49:36.305] [D] [Singular-DEBUG] Health: 0
[16:49:36.305] [D] [Singular-DEBUG] Level: 23
[16:49:37.566] [D] [Pulse] Slow plugin: name=AutoEquip2 elapsed=256ms
[16:49:37.632] [D] [Pulse] Slow shared pulse: total=832ms movement=0 objects=0 lua=465 info=0 loot=1 targeting=42 events=0 plugins=322 routine=0
[16:49:38.168] [N] Looting Bael'dun Foreman Guid 0xF130000D2F0085C4
[16:49:38.269] [D] Cleared POI - Reason Waiting for loot flag
[16:49:38.269] [D] Cleared POI
[16:49:38.303] [D] [Pulse] Slow bot root: 134ms bot=Wholesome Auto Quest poi=None combat=False
[16:49:38.975] [D] Changed POI to: Type: Sell, Name: Malgin Barleybrew, Guid: 0, Entry: 5848, Location: (-4084.18, -2403.32, 125.30)
[16:49:39.102] [D] [Pulse] Slow plugin: name=Vendor Recovery elapsed=33ms
[16:49:39.934] [N] Mounting: 35022
[16:49:42.135] [D] [Pulse] Slow bot root: 2532ms bot=Wholesome Auto Quest poi=Sell combat=False
[16:49:42.906] [D] [Pulse] Slow bot root: 132ms bot=Wholesome Auto Quest poi=Sell combat=False
[16:49:43.675] [D] [Pulse] Slow bot root: 134ms bot=Wholesome Auto Quest poi=Sell combat=False
[16:49:44.509] [D] [Pulse] Slow bot root: 167ms bot=Wholesome Auto Quest poi=Sell combat=False
[16:49:45.309] [D] [Pulse] Slow bot root: 166ms bot=Wholesome Auto Quest poi=Sell combat=False
[16:49:45.409] [D] [Pulse] Slow plugin: name=Tidy Bags 3 Reloaded elapsed=53ms
[16:49:46.043] [N] Loading 1_38_34
[16:49:46.044] [N] Loading 1_39_34
[16:49:46.045] [N] Loading 1_40_34
[16:49:46.075] [D] [Pulse] Slow bot root: 132ms bot=Wholesome Auto Quest poi=Sell combat=False
[16:49:46.844] [D] [Pulse] Slow bot root: 134ms bot=Wholesome Auto Quest poi=Sell combat=False
[16:49:47.612] [D] [Pulse] Slow bot root: 133ms bot=Wholesome Auto Quest poi=Sell combat=False
[16:49:47.911] [D] [Pulse] Slow plugin: name=AutoEquip2 elapsed=255ms
[16:49:48.011] [D] [Pulse] Slow shared pulse: total=399ms movement=0 objects=0 lua=0 info=0 loot=1 targeting=42 events=0 plugins=354 routine=0
[16:49:48.679] [D] [Pulse] Slow bot root: 164ms bot=Wholesome Auto Quest poi=Sell combat=False
[16:49:49.511] [D] [Pulse] Slow bot root: 166ms bot=Wholesome Auto Quest poi=Sell combat=False
[16:49:49.645] [D] [Pulse] Slow plugin: name=Vendor Recovery elapsed=34ms
[16:49:50.314] [D] [Pulse] Slow bot root: 167ms bot=Wholesome Auto Quest poi=Sell combat=False
[16:49:51.087] [D] [Pulse] Slow bot root: 135ms bot=Wholesome Auto Quest poi=Sell combat=False
[16:49:51.920] [D] [Pulse] Slow bot root: 167ms bot=Wholesome Auto Quest poi=Sell combat=False
[16:49:52.721] [D] [Pulse] Slow bot root: 166ms bot=Wholesome Auto Quest poi=Sell combat=False
[16:49:53.490] [D] [Pulse] Slow bot root: 131ms bot=Wholesome Auto Quest poi=Sell combat=False
[16:49:54.258] [D] [Pulse] Slow bot root: 134ms bot=Wholesome Auto Quest poi=Sell combat=False
[16:49:55.059] [D] [Pulse] Slow bot root: 133ms bot=Wholesome Auto Quest poi=Sell combat=False
[16:49:55.826] [D] [Pulse] Slow bot root: 133ms bot=Wholesome Auto Quest poi=Sell combat=False
[16:49:55.926] [D] [Pulse] Slow plugin: name=Tidy Bags 3 Reloaded elapsed=60ms
[16:49:56.592] [D] [Pulse] Slow bot root: 132ms bot=Wholesome Auto Quest poi=Sell combat=False
[16:49:57.393] [D] [Pulse] Slow bot root: 167ms bot=Wholesome Auto Quest poi=Sell combat=False
[16:49:58.159] [D] [Pulse] Slow bot root: 134ms bot=Wholesome Auto Quest poi=Sell combat=False
[16:49:58.460] [D] [Pulse] Slow plugin: name=AutoEquip2 elapsed=259ms
[16:49:58.558] [D] [Pulse] Slow shared pulse: total=398ms movement=0 objects=0 lua=0 info=0 loot=1 targeting=39 events=0 plugins=357 routine=0
[16:49:59.228] [D] [Pulse] Slow bot root: 169ms bot=Wholesome Auto Quest poi=Sell combat=False
[16:50:00.030] [D] [Pulse] Slow bot root: 165ms bot=Wholesome Auto Quest poi=Sell combat=False
[16:50:00.198] [D] [Pulse] Slow plugin: name=Vendor Recovery elapsed=33ms
[16:50:00.835] [D] [Pulse] Slow bot root: 135ms bot=Wholesome Auto Quest poi=Sell combat=False
[16:50:01.598] [D] [Pulse] Slow bot root: 132ms bot=Wholesome Auto Quest poi=Sell combat=False
[16:50:02.401] [D] [Pulse] Slow bot root: 166ms bot=Wholesome Auto Quest poi=Sell combat=False
[16:50:03.169] [D] [Pulse] Slow bot root: 133ms bot=Wholesome Auto Quest poi=Sell combat=True
[16:50:03.802] [D] Dismount for attacker.
[16:50:03.802] [D] Stop and dismount. Reason: Combat
[16:50:03.968] [D] [Singular-DEBUG] Switched targets!
[16:50:03.968] [D] [Singular-DEBUG] Melee Distance: 5
[16:50:03.968] [D] [Singular-DEBUG] Health: 98.1203007518797
[16:50:03.968] [D] [Singular-DEBUG] Level: 21
[16:50:05.339] [N] [Singular] Casting Judgement of Light on Bael'dun Excavator
[16:50:05.339] [D] Spell_C::CastSpell(20271, 0, 0xF130000D2E0086FE, 0)
[16:50:05.373] [D] [Pulse] Slow bot root: 201ms bot=Wholesome Auto Quest poi=Sell combat=True
[16:50:06.144] [D] [Pulse] Slow bot root: 102ms bot=Wholesome Auto Quest poi=Sell combat=True
[16:50:06.242] [D] [Pulse] Slow plugin: name=Tidy Bags 3 Reloaded elapsed=60ms
[16:50:06.276] [N] Facing wrong way, rotating
[16:50:06.911] [N] [Singular] Casting Exorcism on Bael'dun Excavator
[16:50:06.912] [D] Spell_C::CastSpell(879, 0, 0xF130000D2E0086FE, 0)
[16:50:06.945] [D] [Pulse] Slow bot root: 132ms bot=Wholesome Auto Quest poi=Sell combat=True
[16:50:10.494] [D] [Pulse] Slow plugin: name=Vendor Recovery elapsed=33ms
[16:50:13.377] [N] Mounting: 34769
[16:50:15.591] [D] [Pulse] Slow bot root: 2549ms bot=Wholesome Auto Quest poi=Sell combat=False
[16:50:16.403] [D] [Pulse] Slow bot root: 168ms bot=Wholesome Auto Quest poi=Sell combat=False
[16:50:16.536] [D] [Pulse] Slow plugin: name=Tidy Bags 3 Reloaded elapsed=57ms
[16:50:17.204] [D] [Pulse] Slow bot root: 131ms bot=Wholesome Auto Quest poi=Sell combat=False
[16:50:17.975] [D] [Pulse] Slow bot root: 135ms bot=Wholesome Auto Quest poi=Sell combat=False
[16:50:18.746] [D] [Pulse] Slow bot root: 135ms bot=Wholesome Auto Quest poi=Sell combat=False
[16:50:19.047] [D] [Pulse] Slow plugin: name=AutoEquip2 elapsed=261ms
[16:50:19.147] [D] [Pulse] Slow shared pulse: total=400ms movement=0 objects=0 lua=0 info=0 loot=1 targeting=38 events=0 plugins=360 routine=0
[16:50:19.814] [D] [Pulse] Slow bot root: 168ms bot=Wholesome Auto Quest poi=Sell combat=False
[16:50:20.617] [D] [Pulse] Slow bot root: 167ms bot=Wholesome Auto Quest poi=Sell combat=False
[16:50:20.750] [D] [Pulse] Slow plugin: name=Vendor Recovery elapsed=32ms
[16:50:21.382] [D] [Pulse] Slow bot root: 132ms bot=Wholesome Auto Quest poi=Sell combat=False
[16:50:22.148] [D] [Pulse] Slow bot root: 131ms bot=Wholesome Auto Quest poi=Sell combat=False
[16:50:22.952] [D] [Pulse] Slow bot root: 133ms bot=Wholesome Auto Quest poi=Sell combat=False
[16:50:23.719] [D] [Pulse] Slow bot root: 133ms bot=Wholesome Auto Quest poi=Sell combat=False
[16:50:24.487] [D] [Pulse] Slow bot root: 135ms bot=Wholesome Auto Quest poi=Sell combat=False
[16:50:25.261] [D] [Pulse] Slow bot root: 134ms bot=Wholesome Auto Quest poi=Sell combat=False
[16:50:26.062] [D] [Pulse] Slow bot root: 169ms bot=Wholesome Auto Quest poi=Sell combat=False
[16:50:26.836] [D] [Pulse] Slow bot root: 134ms bot=Wholesome Auto Quest poi=Sell combat=False
[16:50:26.940] [D] [Pulse] Slow plugin: name=Tidy Bags 3 Reloaded elapsed=51ms
[16:50:27.610] [D] [Pulse] Slow bot root: 134ms bot=Wholesome Auto Quest poi=Sell combat=False
[16:50:28.413] [D] [Pulse] Slow bot root: 134ms bot=Wholesome Auto Quest poi=Sell combat=False
[16:50:29.184] [D] [Pulse] Slow bot root: 135ms bot=Wholesome Auto Quest poi=Sell combat=False
[16:50:29.485] [D] [Pulse] Slow plugin: name=AutoEquip2 elapsed=241ms
[16:50:29.585] [D] [Pulse] Slow shared pulse: total=400ms movement=0 objects=0 lua=0 info=0 loot=2 targeting=55 events=0 plugins=340 routine=0
[16:50:30.205] [N] [Singular] Casting Hand of Freedom on Myself
[16:50:30.205] [D] Spell_C::CastSpell(1044, 0, 0x6000000007EAB80, 0)
[16:50:30.217] [D] [Pulse] Slow bot root: 130ms bot=Wholesome Auto Quest poi=Sell combat=True
[16:50:30.350] [D] [Singular-DEBUG] Switched targets!
[16:50:30.350] [D] [Singular-DEBUG] Melee Distance: 5
[16:50:30.350] [D] [Singular-DEBUG] Health: 98.49397590361446
[16:50:30.350] [D] [Singular-DEBUG] Level: 24
[16:50:30.351] [N] Facing wrong way, rotating
[16:50:31.054] [D] [Pulse] Slow bot root: 169ms bot=Wholesome Auto Quest poi=Sell combat=True
[16:50:31.188] [D] [Pulse] Slow plugin: name=Vendor Recovery elapsed=33ms
[16:50:31.790] [N] [Singular] Casting Judgement of Light on Bael'dun Soldier
[16:50:31.791] [D] Spell_C::CastSpell(20271, 0, 0xF130000D30007956, 0)
[16:50:31.825] [D] [Pulse] Slow bot root: 132ms bot=Wholesome Auto Quest poi=Sell combat=True
[16:50:32.569] [D] [Pulse] Slow bot root: 107ms bot=Wholesome Auto Quest poi=Sell combat=True
[16:50:34.000] [N] [Singular] Casting Exorcism on Bael'dun Soldier
[16:50:34.000] [D] Spell_C::CastSpell(879, 0, 0xF130000D30007956, 0)
[16:50:34.038] [D] [Pulse] Slow bot root: 136ms bot=Wholesome Auto Quest poi=Sell combat=True
[16:50:37.508] [D] [Pulse] Slow plugin: name=Tidy Bags 3 Reloaded elapsed=43ms
[16:50:38.811] [N] [Singular] Casting Divine Protection on Myself
[16:50:38.811] [D] Spell_C::CastSpell(498, 0, 0x6000000007EAB80, 0)
[16:50:38.846] [D] [Pulse] Slow bot root: 101ms bot=Wholesome Auto Quest poi=Sell combat=True
[16:50:40.279] [N] [Singular] Casting Judgement of Light on Bael'dun Soldier
[16:50:40.280] [D] Spell_C::CastSpell(20271, 0, 0xF130000D30007956, 0)
[16:50:40.313] [D] [Pulse] Slow bot root: 132ms bot=Wholesome Auto Quest poi=Sell combat=True
[16:50:40.445] [N] Facing wrong way, rotating
[16:50:41.788] [D] [Pulse] Slow bot root: 108ms bot=Wholesome Auto Quest poi=Sell combat=True
[16:50:41.915] [D] [Pulse] Slow plugin: name=Vendor Recovery elapsed=34ms
[16:50:42.583] [D] [Pulse] Slow bot root: 168ms bot=Wholesome Auto Quest poi=Sell combat=True
[16:50:43.382] [D] [Pulse] Slow bot root: 166ms bot=Wholesome Auto Quest poi=Sell combat=True
[16:50:44.187] [D] [Pulse] Slow bot root: 169ms bot=Wholesome Auto Quest poi=Sell combat=True
[16:50:45.023] [D] [Pulse] Slow bot root: 166ms bot=Wholesome Auto Quest poi=Sell combat=True
[16:50:45.790] [D] [Pulse] Slow bot root: 132ms bot=Wholesome Auto Quest poi=Sell combat=True
[16:50:46.462] [N] [Singular] Casting Holy Light on Myself
[16:50:46.462] [D] Spell_C::CastSpell(1026, 0, 0x6000000007EAB80, 0)
[16:50:47.860] [D] [Pulse] Slow plugin: name=Tidy Bags 3 Reloaded elapsed=42ms
[16:50:51.073] [N] [Singular] Casting Judgement of Light on Bael'dun Soldier
[16:50:51.073] [D] Spell_C::CastSpell(20271, 0, 0xF130000D30007956, 0)
[16:50:51.105] [D] [Pulse] Slow bot root: 134ms bot=Wholesome Auto Quest poi=Sell combat=True
[16:50:53.012] [N] [Singular] Currect target is invalid. Switching to Bael'dun Officer!
[16:50:53.045] [D] [Pulse] Slow bot root: 1304ms bot=Wholesome Auto Quest poi=Sell combat=True
[16:50:53.179] [D] [Pulse] Slow plugin: name=Vendor Recovery elapsed=34ms
[16:50:53.180] [D] [Singular-DEBUG] Switched targets!
[16:50:53.180] [D] [Singular-DEBUG] Melee Distance: 5
[16:50:53.180] [D] [Singular-DEBUG] Health: 100
[16:50:53.180] [D] [Singular-DEBUG] Level: 25
[16:50:53.814] [D] [Singular-DEBUG] Switched targets!
[16:50:53.814] [D] [Singular-DEBUG] Melee Distance: 5
[16:50:53.814] [D] [Singular-DEBUG] Health: 84.77157360406092
[16:50:53.814] [D] [Singular-DEBUG] Level: 26
[16:50:55.247] [N] [Singular] Casting Exorcism on Bael'dun Officer
[16:50:55.247] [D] Spell_C::CastSpell(879, 0, 0xF130000D32007A7A, 0)
[16:50:55.282] [D] [Pulse] Slow bot root: 267ms bot=Wholesome Auto Quest poi=Sell combat=True
[16:50:57.988] [N] [Singular] Casting Holy Light on Myself
[16:50:57.988] [D] Spell_C::CastSpell(1026, 0, 0x6000000007EAB80, 0)
[16:50:58.122] [D] [Pulse] Slow plugin: name=Tidy Bags 3 Reloaded elapsed=44ms
[16:51:01.962] [N] [Singular] Casting Judgement of Light on Bael'dun Officer
[16:51:01.962] [D] Spell_C::CastSpell(20271, 0, 0xF130000D32007A7A, 0)
[16:51:01.995] [D] [Pulse] Slow bot root: 134ms bot=Wholesome Auto Quest poi=Sell combat=True
[16:51:02.737] [D] [Pulse] Slow bot root: 105ms bot=Wholesome Auto Quest poi=Sell combat=True
[16:51:03.533] [D] [Pulse] Slow plugin: name=Vendor Recovery elapsed=32ms
[16:51:06.243] [D] [Pulse] Slow bot root: 167ms bot=Wholesome Auto Quest poi=Sell combat=True
[16:51:07.084] [D] [Pulse] Slow bot root: 168ms bot=Wholesome Auto Quest poi=Sell combat=True
[16:51:07.888] [D] [Pulse] Slow bot root: 168ms bot=Wholesome Auto Quest poi=Sell combat=True
[16:51:08.757] [D] [Pulse] Slow bot root: 233ms bot=Wholesome Auto Quest poi=Sell combat=True
[16:51:08.859] [D] [Pulse] Slow plugin: name=Tidy Bags 3 Reloaded elapsed=46ms
[16:51:08.892] [D] [Singular-DEBUG] Switched targets!
[16:51:08.893] [D] [Singular-DEBUG] Melee Distance: 5
[16:51:08.893] [D] [Singular-DEBUG] Health: 100
[16:51:08.893] [D] [Singular-DEBUG] Level: 25
[16:51:09.593] [D] [Pulse] Slow bot root: 166ms bot=Wholesome Auto Quest poi=Sell combat=True
[16:51:10.331] [N] [Singular] Casting Judgement of Light on Bael'dun Rifleman
[16:51:10.331] [D] Spell_C::CastSpell(20271, 0, 0xF130000D31007AB9, 0)
[16:51:10.364] [D] [Pulse] Slow bot root: 131ms bot=Wholesome Auto Quest poi=Sell combat=True
[16:51:11.198] [D] [Pulse] Slow bot root: 200ms bot=Wholesome Auto Quest poi=Sell combat=True
[16:51:11.867] [N] [Singular] Casting Holy Light on Myself
[16:51:11.867] [D] Spell_C::CastSpell(1026, 0, 0x6000000007EAB80, 0)
[16:51:13.870] [D] [Pulse] Slow plugin: name=DrinkPotions elapsed=608ms
[16:51:13.969] [D] [Pulse] Slow plugin: name=Vendor Recovery elapsed=32ms
[16:51:13.970] [D] [Pulse] Slow shared pulse: total=768ms movement=0 objects=0 lua=0 info=0 loot=3 targeting=56 events=0 plugins=707 routine=0
[16:51:16.484] [N] [Singular] Casting Exorcism on Bael'dun Rifleman
[16:51:16.484] [D] Spell_C::CastSpell(879, 0, 0xF130000D31007AB9, 0)
[16:51:16.517] [D] [Pulse] Slow bot root: 135ms bot=Wholesome Auto Quest poi=Sell combat=True
[16:51:19.258] [N] [Singular] Casting Flash of Light on Myself
[16:51:19.258] [D] Spell_C::CastSpell(19939, 0, 0x6000000007EAB80, 0)
[16:51:20.665] [D] [Pulse] Slow plugin: name=Tidy Bags 3 Reloaded elapsed=66ms
[16:51:24.453] [D] [Pulse] Slow plugin: name=DrinkPotions elapsed=1247ms
[16:51:24.553] [D] [Pulse] Slow plugin: name=Vendor Recovery elapsed=33ms
[16:51:24.553] [D] [Pulse] Slow shared pulse: total=1441ms movement=0 objects=0 lua=32 info=0 loot=3 targeting=56 events=0 plugins=1348 routine=0
[16:51:25.056] [D] Activity: Releasing from corpse
[16:51:25.056] [N] I died.
[16:51:25.179] [D] Cleared POI
[16:51:25.179] [N] [DeathStallRecovery] Death detected at (-4095.96, -2318.32, 126.05); monitoring corpse-recovery movement.
[16:51:25.532] [D] [Pulse] Slow bot root: 103ms bot=Wholesome Auto Quest poi=None combat=False
[16:51:25.682] [D] Activity: Moving to corpse
[16:51:25.912] [D] [Nav] Loaded 3 mesh tiles for one path query
[16:51:25.974] [D] [Pulse] Slow bot root: 195ms bot=Wholesome Auto Quest poi=None combat=False
[16:51:26.243] [D] [Pulse] Slow bot root: 155ms bot=Wholesome Auto Quest poi=None combat=False
[16:51:26.509] [D] [Pulse] Slow bot root: 165ms bot=Wholesome Auto Quest poi=None combat=False
[16:51:26.810] [D] [Pulse] Slow bot root: 198ms bot=Wholesome Auto Quest poi=None combat=False
[16:51:27.110] [D] [Pulse] Slow bot root: 199ms bot=Wholesome Auto Quest poi=None combat=False
[16:51:27.411] [D] [Pulse] Slow bot root: 199ms bot=Wholesome Auto Quest poi=None combat=False
[16:51:27.681] [D] [Pulse] Slow bot root: 167ms bot=Wholesome Auto Quest poi=None combat=False
[16:51:27.994] [D] [Pulse] Slow bot root: 214ms bot=Wholesome Auto Quest poi=None combat=False
[16:51:28.259] [D] [Pulse] Slow bot root: 165ms bot=Wholesome Auto Quest poi=None combat=False
[16:51:28.560] [D] [Pulse] Slow bot root: 167ms bot=Wholesome Auto Quest poi=None combat=False
[16:51:28.827] [D] [Pulse] Slow bot root: 168ms bot=Wholesome Auto Quest poi=None combat=False
[16:51:29.094] [D] [Pulse] Slow bot root: 166ms bot=Wholesome Auto Quest poi=None combat=False
[16:51:29.362] [D] [Pulse] Slow bot root: 166ms bot=Wholesome Auto Quest poi=None combat=False
[16:51:29.630] [D] [Pulse] Slow bot root: 166ms bot=Wholesome Auto Quest poi=None combat=False
[16:51:29.901] [D] [Pulse] Slow bot root: 169ms bot=Wholesome Auto Quest poi=None combat=False
[16:51:30.171] [D] [Pulse] Slow bot root: 168ms bot=Wholesome Auto Quest poi=None combat=False
[16:51:30.436] [D] [Pulse] Slow bot root: 165ms bot=Wholesome Auto Quest poi=None combat=False
[16:51:30.705] [D] [Pulse] Slow bot root: 167ms bot=Wholesome Auto Quest poi=None combat=False
[16:51:30.806] [D] [Pulse] Slow plugin: name=Tidy Bags 3 Reloaded elapsed=64ms
[16:51:30.973] [D] [Pulse] Slow bot root: 166ms bot=Wholesome Auto Quest poi=None combat=False
[16:51:31.241] [D] [Pulse] Slow bot root: 168ms bot=Wholesome Auto Quest poi=None combat=False
[16:51:31.541] [D] [Pulse] Slow bot root: 201ms bot=Wholesome Auto Quest poi=None combat=False
[16:51:31.808] [D] [Pulse] Slow bot root: 165ms bot=Wholesome Auto Quest poi=None combat=False
[16:51:32.085] [D] [Pulse] Slow bot root: 177ms bot=Wholesome Auto Quest poi=None combat=False
[16:51:32.354] [D] [Pulse] Slow bot root: 166ms bot=Wholesome Auto Quest poi=None combat=False
[16:51:32.622] [D] [Pulse] Slow bot root: 168ms bot=Wholesome Auto Quest poi=None combat=False
[16:51:32.892] [D] [Pulse] Slow bot root: 167ms bot=Wholesome Auto Quest poi=None combat=False
[16:51:33.161] [D] [Pulse] Slow bot root: 168ms bot=Wholesome Auto Quest poi=None combat=False
[16:51:33.429] [D] [Pulse] Slow bot root: 167ms bot=Wholesome Auto Quest poi=None combat=False
[16:51:33.730] [D] [Pulse] Slow bot root: 165ms bot=Wholesome Auto Quest poi=None combat=False
[16:51:33.996] [D] [Pulse] Slow bot root: 167ms bot=Wholesome Auto Quest poi=None combat=False
[16:51:34.264] [D] [Pulse] Slow bot root: 166ms bot=Wholesome Auto Quest poi=None combat=False
[16:51:34.529] [D] [Pulse] Slow bot root: 164ms bot=Wholesome Auto Quest poi=None combat=False
[16:51:34.797] [D] [Pulse] Slow bot root: 167ms bot=Wholesome Auto Quest poi=None combat=False
[16:51:35.064] [D] [Pulse] Slow bot root: 145ms bot=Wholesome Auto Quest poi=None combat=False
[16:51:35.332] [D] [Pulse] Slow bot root: 165ms bot=Wholesome Auto Quest poi=None combat=False
[16:51:35.599] [D] [Pulse] Slow bot root: 166ms bot=Wholesome Auto Quest poi=None combat=False
[16:51:35.865] [D] [Pulse] Slow bot root: 165ms bot=Wholesome Auto Quest poi=None combat=False
[16:51:36.135] [D] [Pulse] Slow bot root: 167ms bot=Wholesome Auto Quest poi=None combat=False
[16:51:36.403] [D] [Pulse] Slow bot root: 165ms bot=Wholesome Auto Quest poi=None combat=False
[16:51:36.673] [D] [Pulse] Slow bot root: 165ms bot=Wholesome Auto Quest poi=None combat=False
[16:51:36.938] [D] [Pulse] Slow bot root: 165ms bot=Wholesome Auto Quest poi=None combat=False
[16:51:37.207] [D] [Pulse] Slow bot root: 169ms bot=Wholesome Auto Quest poi=None combat=False
[16:51:37.474] [D] [Pulse] Slow bot root: 166ms bot=Wholesome Auto Quest poi=None combat=False
[16:51:37.743] [D] [Pulse] Slow bot root: 166ms bot=Wholesome Auto Quest poi=None combat=False
[16:51:38.016] [D] [Pulse] Slow bot root: 173ms bot=Wholesome Auto Quest poi=None combat=False
[16:51:38.283] [D] [Pulse] Slow bot root: 166ms bot=Wholesome Auto Quest poi=None combat=False
[16:51:38.549] [D] [Pulse] Slow bot root: 166ms bot=Wholesome Auto Quest poi=None combat=False
[16:51:38.852] [D] [Pulse] Slow bot root: 168ms bot=Wholesome Auto Quest poi=None combat=False
[16:51:39.186] [D] [Pulse] Slow bot root: 199ms bot=Wholesome Auto Quest poi=None combat=False
[16:51:39.486] [D] [Pulse] Slow bot root: 198ms bot=Wholesome Auto Quest poi=None combat=False
[16:51:39.754] [D] [Pulse] Slow bot root: 167ms bot=Wholesome Auto Quest poi=None combat=False
[16:51:40.023] [D] [Pulse] Slow bot root: 168ms bot=Wholesome Auto Quest poi=None combat=False
[16:51:40.324] [D] [Pulse] Slow bot root: 201ms bot=Wholesome Auto Quest poi=None combat=False
[16:51:40.594] [D] [Pulse] Slow bot root: 166ms bot=Wholesome Auto Quest poi=None combat=False
[16:51:40.862] [D] [Pulse] Slow bot root: 167ms bot=Wholesome Auto Quest poi=None combat=False
[16:51:40.962] [D] [Pulse] Slow plugin: name=Tidy Bags 3 Reloaded elapsed=61ms
[16:51:41.126] [D] [Pulse] Slow bot root: 164ms bot=Wholesome Auto Quest poi=None combat=False
[16:51:41.394] [D] [Pulse] Slow bot root: 165ms bot=Wholesome Auto Quest poi=None combat=False
[16:51:41.662] [D] [Pulse] Slow bot root: 153ms bot=Wholesome Auto Quest poi=None combat=False
[16:51:41.928] [D] [Pulse] Slow bot root: 166ms bot=Wholesome Auto Quest poi=None combat=False
[16:51:42.194] [D] [Pulse] Slow bot root: 165ms bot=Wholesome Auto Quest poi=None combat=False
[16:51:42.460] [D] [Pulse] Slow bot root: 166ms bot=Wholesome Auto Quest poi=None combat=False
[16:51:42.726] [D] [Pulse] Slow bot root: 165ms bot=Wholesome Auto Quest poi=None combat=False
[16:51:42.995] [D] [Pulse] Slow bot root: 167ms bot=Wholesome Auto Quest poi=None combat=False
[16:51:43.262] [D] [Pulse] Slow bot root: 166ms bot=Wholesome Auto Quest poi=None combat=False
[16:51:43.531] [D] [Pulse] Slow bot root: 167ms bot=Wholesome Auto Quest poi=None combat=False
[16:51:43.796] [D] [Pulse] Slow bot root: 165ms bot=Wholesome Auto Quest poi=None combat=False
[16:51:44.099] [D] [Pulse] Slow bot root: 167ms bot=Wholesome Auto Quest poi=None combat=False
[16:51:44.366] [D] [Pulse] Slow bot root: 167ms bot=Wholesome Auto Quest poi=None combat=False
[16:51:44.632] [D] [Pulse] Slow bot root: 165ms bot=Wholesome Auto Quest poi=None combat=False
[16:51:44.900] [D] [Pulse] Slow bot root: 167ms bot=Wholesome Auto Quest poi=None combat=False
[16:51:45.168] [D] [Pulse] Slow bot root: 166ms bot=Wholesome Auto Quest poi=None combat=False
[16:51:45.433] [D] [Pulse] Slow bot root: 166ms bot=Wholesome Auto Quest poi=None combat=False
[16:51:45.733] [D] [Pulse] Slow bot root: 199ms bot=Wholesome Auto Quest poi=None combat=False
[16:51:46.003] [D] [Pulse] Slow bot root: 167ms bot=Wholesome Auto Quest poi=None combat=False
[16:51:46.272] [D] [Pulse] Slow bot root: 167ms bot=Wholesome Auto Quest poi=None combat=False
[16:51:46.541] [D] [Pulse] Slow bot root: 168ms bot=Wholesome Auto Quest poi=None combat=False
[16:51:46.808] [D] [Pulse] Slow bot root: 167ms bot=Wholesome Auto Quest poi=None combat=False
[16:51:47.073] [D] [Pulse] Slow bot root: 166ms bot=Wholesome Auto Quest poi=None combat=False
[16:51:47.340] [D] [Pulse] Slow bot root: 165ms bot=Wholesome Auto Quest poi=None combat=False
[16:51:47.605] [D] [Pulse] Slow bot root: 165ms bot=Wholesome Auto Quest poi=None combat=False
[16:51:47.870] [D] [Pulse] Slow bot root: 165ms bot=Wholesome Auto Quest poi=None combat=False
[16:51:48.139] [D] [Pulse] Slow bot root: 166ms bot=Wholesome Auto Quest poi=None combat=False
[16:51:48.439] [D] [Pulse] Slow bot root: 165ms bot=Wholesome Auto Quest poi=None combat=False
[16:51:48.707] [D] [Pulse] Slow bot root: 166ms bot=Wholesome Auto Quest poi=None combat=False
[16:51:48.972] [D] [Pulse] Slow bot root: 165ms bot=Wholesome Auto Quest poi=None combat=False
[16:51:49.270] [D] [Pulse] Slow bot root: 165ms bot=Wholesome Auto Quest poi=None combat=False
[16:51:49.538] [D] [Pulse] Slow bot root: 165ms bot=Wholesome Auto Quest poi=None combat=False
[16:51:49.804] [D] [Pulse] Slow bot root: 165ms bot=Wholesome Auto Quest poi=None combat=False
[16:51:50.071] [D] [Pulse] Slow bot root: 166ms bot=Wholesome Auto Quest poi=None combat=False
[16:51:50.336] [D] [Pulse] Slow bot root: 164ms bot=Wholesome Auto Quest poi=None combat=False
[16:51:50.603] [D] [Pulse] Slow bot root: 166ms bot=Wholesome Auto Quest poi=None combat=False
[16:51:50.871] [D] [Pulse] Slow bot root: 168ms bot=Wholesome Auto Quest poi=None combat=False
[16:51:50.969] [D] [Pulse] Slow plugin: name=Tidy Bags 3 Reloaded elapsed=54ms
[16:51:51.139] [D] [Pulse] Slow bot root: 168ms bot=Wholesome Auto Quest poi=None combat=False
[16:51:51.407] [D] [Pulse] Slow bot root: 167ms bot=Wholesome Auto Quest poi=None combat=False
[16:51:51.672] [D] [Pulse] Slow bot root: 164ms bot=Wholesome Auto Quest poi=None combat=False
[16:51:51.874] [D] [Pulse] Slow bot root: 100ms bot=Wholesome Auto Quest poi=None combat=False
[16:51:52.106] [D] [Pulse] Slow bot root: 131ms bot=Wholesome Auto Quest poi=None combat=False
[16:51:52.537] [D] [Pulse] Slow bot root: 132ms bot=Wholesome Auto Quest poi=None combat=False
[16:51:53.004] [D] [Pulse] Slow bot root: 134ms bot=Wholesome Auto Quest poi=None combat=False
[16:51:53.206] [D] [Pulse] Slow bot root: 101ms bot=Wholesome Auto Quest poi=None combat=False
[16:51:53.436] [D] [Pulse] Slow bot root: 131ms bot=Wholesome Auto Quest poi=None combat=False
[16:51:53.639] [D] [Pulse] Slow bot root: 100ms bot=Wholesome Auto Quest poi=None combat=False
[16:51:53.905] [D] [Pulse] Slow bot root: 131ms bot=Wholesome Auto Quest poi=None combat=False
[16:51:54.107] [D] [Pulse] Slow bot root: 100ms bot=Wholesome Auto Quest poi=None combat=False
[16:51:54.374] [D] [Pulse] Slow bot root: 133ms bot=Wholesome Auto Quest poi=None combat=False
[16:51:54.576] [D] [Pulse] Slow bot root: 101ms bot=Wholesome Auto Quest poi=None combat=False
[16:51:56.550] [N] There are 59 hostile mobs near our corpse.
[16:51:57.578] [N] Loading 1_37_36
[16:51:57.578] [N] Loading 1_37_35
[16:51:57.578] [N] Loading 1_41_35
[16:51:57.578] [N] Loading 1_41_36
[16:51:57.578] [N] Loading 1_37_37
[16:51:57.578] [N] Loading 1_39_38
[16:51:57.578] [N] Loading 1_38_38
[16:51:57.578] [N] Loading 1_37_34
[16:51:57.578] [N] Loading 1_40_38
[16:51:57.578] [N] Loading 1_37_38
[16:51:57.578] [N] Loading 1_36_35
[16:51:57.578] [N] Loading 1_36_36
[16:51:57.578] [N] Loading 1_41_37
[16:51:57.578] [N] Loading 1_36_37
[16:51:57.578] [N] Loading 1_39_39
[16:51:57.578] [N] Loading 1_38_39
[16:51:57.578] [N] Loading 1_41_38
[16:51:57.578] [N] Loading 1_36_34
[16:51:57.578] [N] Loading 1_36_38
[16:51:57.578] [N] Loading 1_40_39
[16:51:57.578] [N] Loading 1_35_36
[16:51:57.578] [N] Loading 1_35_35
[16:51:57.578] [N] Loading 1_37_39
[16:51:57.578] [N] Loading 1_41_34
[16:51:57.578] [N] Loading 1_42_35
[16:51:57.578] [N] Loading 1_35_34
[16:51:57.578] [N] Loading 1_41_39
[16:51:57.578] [N] Loading 1_36_39
[16:51:57.578] [N] Loading 1_35_37
[16:51:57.578] [N] Loading 1_42_34
[16:51:57.578] [N] Loading 1_42_36
[16:51:57.578] [N] Loading 1_36_33
[16:51:57.578] [N] Loading 1_37_33
[16:51:57.578] [N] Loading 1_39_40
[16:51:57.578] [N] Loading 1_38_40
[16:51:57.578] [N] Loading 1_34_36
[16:51:57.578] [N] Loading 1_37_40
[16:51:57.578] [N] Loading 1_35_38
[16:51:57.578] [N] Loading 1_40_40
[16:51:57.578] [N] Loading 1_40_33
[16:51:57.578] [N] Loading 1_41_33
[16:51:57.578] [N] Loading 1_34_35
[16:51:57.578] [N] Loading 1_35_33
[16:51:57.578] [N] Loading 1_42_37
[16:51:57.578] [N] Loading 1_34_37
[16:51:57.578] [N] Loading 1_36_40
[16:51:57.578] [N] Loading 1_34_34
[16:51:57.578] [N] Loading 1_35_39
[16:51:57.578] [N] Loading 1_39_33
[16:51:57.578] [N] Loading 1_36_32
[16:51:57.578] [N] Loading 1_43_36
[16:51:57.578] [N] Loading 1_37_32
[16:51:57.578] [N] Loading 1_34_38
[16:51:57.578] [N] Loading 1_35_32
[16:51:57.578] [N] Loading 1_33_36
[16:51:57.578] [N] Loading 1_39_41
[16:51:57.578] [N] Loading 1_33_35
[16:51:57.578] [N] Loading 1_34_33
[16:51:57.578] [N] Loading 1_35_40
[16:51:57.578] [N] Loading 1_42_38
[16:51:57.578] [N] Loading 1_40_32
[16:51:57.578] [N] Loading 1_38_41
[16:51:57.578] [N] Loading 1_33_37
[16:51:57.578] [N] Loading 1_39_32
[16:51:57.578] [N] Loading 1_33_34
[16:51:57.578] [N] Loading 1_37_41
[16:51:57.578] [N] Loading 1_36_31
[16:51:57.578] [N] Loading 1_37_31
[16:51:57.578] [N] Loading 1_34_39
[16:51:57.578] [N] Loading 1_34_32
[16:51:57.578] [N] Loading 1_43_37
[16:51:57.578] [N] Loading 1_40_41
[16:51:57.578] [N] Loading 1_33_38
[16:51:57.578] [N] Loading 1_43_38
[16:51:57.578] [N] Loading 1_36_41
[16:51:57.578] [N] Loading 1_35_31
[16:51:57.578] [N] Loading 1_41_32
[16:51:57.578] [N] Loading 1_32_36
[16:51:57.578] [N] Loading 1_32_37
[16:51:57.578] [N] Loading 1_33_33
[16:51:57.578] [N] Loading 1_32_35
[16:51:57.578] [N] Loading 1_42_39
[16:51:57.578] [N] Loading 1_40_31
[16:51:57.578] [N] Loading 1_39_31
[16:51:57.578] [N] Loading 1_38_31
[16:51:57.578] [N] Loading 1_38_32
[16:51:57.578] [N] Loading 1_32_34
[16:51:57.578] [N] Loading 1_34_31
[16:51:57.578] [N] Loading 1_34_40
[16:51:57.578] [N] Loading 1_35_41
[16:51:57.578] [N] Loading 1_33_39
[16:51:57.578] [N] Loading 1_33_32
[16:51:57.578] [N] Loading 1_43_39
[16:51:57.578] [N] Loading 1_32_38
[16:51:57.578] [N] Loading 1_38_33
[16:51:57.578] [N] Loading 1_36_30
[16:51:57.578] [N] Loading 1_39_42
[16:51:57.578] [N] Loading 1_38_42
[16:51:57.578] [N] Loading 1_41_31
[16:51:57.578] [N] Loading 1_41_40
[16:51:57.578] [N] Loading 1_35_30
[16:51:57.578] [N] Loading 1_41_41
[16:51:57.578] [N] Loading 1_44_38
[16:51:57.578] [N] Loading 1_33_31
[16:51:57.578] [N] Loading 1_31_37
[16:51:57.578] [N] Loading 1_37_42
[16:51:57.578] [N] Loading 1_42_40
[16:51:57.578] [N] Loading 1_31_36
[16:51:57.578] [N] Loading 1_32_39
[16:51:57.578] [N] Loading 1_40_42
[16:51:57.578] [N] Loading 1_31_35
[16:51:57.578] [N] Loading 1_32_33
[16:51:57.578] [N] Loading 1_44_39
[16:51:57.578] [N] Loading 1_44_37
[16:51:57.578] [N] Loading 1_39_30
[16:51:57.578] [N] Loading 1_40_30
[16:51:57.578] [N] Loading 1_31_34
[16:51:57.578] [N] Loading 1_43_40
[16:51:57.578] [N] Loading 1_33_40
[16:51:57.578] [N] Loading 1_32_32
[16:51:57.578] [N] Loading 1_34_41
[16:51:57.578] [N] Loading 1_41_30
[16:51:57.578] [N] Loading 1_34_30
[16:51:57.578] [N] Loading 1_36_42
[16:51:57.578] [N] Loading 1_31_38
[16:51:57.578] [N] Loading 1_31_33
[16:51:57.578] [N] Loading 1_42_31
[16:51:57.578] [N] Loading 1_33_30
[16:51:57.578] [N] Loading 1_32_31
[16:51:57.578] [N] Loading 1_41_42
[16:51:57.578] [N] Loading 1_44_40
[16:51:57.578] [N] Loading 1_35_42
[16:51:57.578] [N] Loading 1_42_32
[16:51:57.578] [N] Loading 1_30_36
[16:51:57.578] [N] Loading 1_30_37
[16:51:57.578] [N] Loading 1_42_30
[16:51:57.578] [N] Loading 1_45_39
[16:51:57.578] [N] Loading 1_45_38
[16:51:57.578] [N] Loading 1_30_35
[16:51:57.578] [N] Loading 1_31_39
[16:51:57.578] [N] Loading 1_42_41
[16:51:57.578] [N] Loading 1_30_34
[16:51:57.578] [N] Loading 1_39_43
[16:51:57.578] [N] Loading 1_38_43
[16:51:57.578] [N] Loading 1_30_38
[16:51:57.578] [N] Loading 1_31_32
[16:51:57.578] [N] Loading 1_40_29
[16:51:57.578] [N] Loading 1_33_41
[16:51:57.578] [N] Loading 1_37_43
[16:51:57.578] [N] Loading 1_40_43
[16:51:57.578] [N] Loading 1_34_42
[16:51:57.578] [N] Loading 1_32_40
[16:51:57.578] [N] Loading 1_41_29
[16:51:57.578] [N] Loading 1_31_40
[16:51:57.578] [N] Loading 1_30_33
[16:51:57.578] [N] Loading 1_30_39
[16:51:57.578] [N] Loading 1_45_37
[16:51:57.578] [N] Loading 1_29_37
[16:51:57.578] [N] Loading 1_29_36
[16:51:57.578] [N] Loading 1_36_43
[16:51:57.578] [N] Loading 1_42_42
[16:51:57.578] [N] Loading 1_29_35
[16:51:57.578] [N] Loading 1_31_31
[16:51:57.578] [N] Loading 1_46_38
[16:51:57.578] [N] Loading 1_46_39
[16:51:57.578] [N] Loading 1_45_40
[16:51:57.578] [N] Loading 1_32_41
[16:51:57.578] [N] Loading 1_29_34
[16:51:57.578] [N] Loading 1_29_38
[16:51:57.578] [N] Loading 1_44_36
[16:51:57.578] [N] Loading 1_35_43
[16:51:57.578] [N] Loading 1_33_42
[16:51:57.578] [N] Loading 1_45_36
[16:51:57.578] [N] Loading 1_46_37
[16:51:57.578] [N] Loading 1_30_40
[16:51:57.578] [N] Loading 1_42_29
[16:51:57.578] [N] Loading 1_43_41
[16:51:57.578] [N] Loading 1_39_29
[16:51:57.578] [N] Loading 1_41_28
[16:51:57.578] [N] Loading 1_40_28
[16:51:57.578] [N] Loading 1_46_40
[16:51:57.578] [N] Loading 1_31_41
[16:51:57.578] [N] Loading 1_29_39
[16:51:57.578] [N] Loading 1_39_44
[16:51:57.578] [N] Loading 1_28_36
[16:51:57.578] [N] Loading 1_38_44
[16:51:57.578] [N] Loading 1_46_36
[16:51:57.578] [N] Loading 1_34_43
[16:51:57.578] [N] Loading 1_32_42
[16:51:57.578] [N] Loading 1_28_35
[16:51:57.578] [N] Loading 1_44_41
[16:51:57.578] [N] Loading 1_45_41
[16:51:57.578] [N] Loading 1_30_41
[16:51:57.578] [N] Loading 1_42_28
[16:51:57.578] [N] Loading 1_47_38
[16:51:57.578] [N] Loading 1_47_39
[16:51:57.578] [N] Loading 1_32_30
[16:51:57.578] [N] Loading 1_28_37
[16:51:57.578] [N] Loading 1_31_30
[16:51:57.578] [N] Loading 1_37_44
[16:51:57.578] [N] Loading 1_40_44
[16:51:57.578] [N] Loading 1_43_42
[16:51:57.578] [N] Loading 1_30_31
[16:51:57.578] [N] Loading 1_33_43
[16:51:57.578] [N] Loading 1_47_37
[16:51:57.578] [N] Loading 1_28_38
[16:51:57.578] [N] Loading 1_29_40
[16:51:57.578] [N] Loading 1_38_30
[16:51:57.578] [N] Loading 1_38_29
[16:51:57.578] [N] Loading 1_46_41
[16:51:57.578] [N] Loading 1_43_29
[16:51:57.578] [N] Loading 1_43_30
[16:51:57.578] [N] Loading 1_36_44
[16:51:57.578] [N] Loading 1_31_42
[16:51:57.578] [N] Loading 1_47_40
[16:51:57.578] [N] Loading 1_40_27
[16:51:57.578] [N] Loading 1_30_30
[16:51:57.578] [N] Loading 1_41_27
[16:51:57.579] [N] Loading 1_28_34
[16:51:57.579] [N] Loading 1_47_36
[16:51:57.579] [N] Loading 1_43_28
[16:51:57.579] [N] Loading 1_28_39
[16:51:57.579] [N] Loading 1_27_36
[16:51:57.579] [N] Loading 1_27_35
[16:51:57.579] [N] Loading 1_35_44
[16:51:57.579] [N] Loading 1_39_28
[16:51:57.579] [N] Loading 1_29_41
[16:51:57.579] [N] Loading 1_32_43
[16:51:57.579] [N] Loading 1_27_37
[16:51:57.579] [N] Loading 1_48_38
[16:51:57.579] [N] Loading 1_48_39
[16:51:57.579] [N] Loading 1_39_27
[16:51:57.579] [N] Loading 1_30_42
[16:51:57.579] [N] Loading 1_30_32
[16:51:57.579] [N] Loading 1_44_42
[16:51:57.579] [N] Loading 1_45_42
[16:51:57.579] [N] Loading 1_48_37
[16:51:57.579] [N] Loading 1_46_35
[16:51:57.579] [N] Loading 1_29_31
[16:51:57.579] [N] Loading 1_28_40
[16:51:57.579] [N] Loading 1_47_41
[16:51:57.579] [N] Loading 1_47_35
[16:51:57.579] [N] Loading 1_27_34
[16:51:57.579] [N] Loading 1_48_40
[16:51:57.579] [N] Loading 1_29_32
[16:51:57.579] [N] Loading 1_42_27
[16:51:57.579] [N] Loading 1_29_30
[16:51:57.579] [N] Loading 1_34_44
[16:51:57.579] [N] Loading 1_38_28
[16:51:57.579] [N] Loading 1_46_42
[16:51:57.579] [N] Loading 1_48_36
[16:51:57.579] [N] Loading 1_29_42
[16:51:57.579] [N] Loading 1_27_38
[16:51:57.579] [N] Loading 1_38_27
[16:51:57.579] [N] Loading 1_28_41
[16:51:57.579] [N] Loading 1_33_44
[16:51:57.579] [N] Loading 1_40_26
[16:51:57.579] [N] Loading 1_28_33
[16:51:57.579] [N] Loading 1_41_26
[16:51:57.579] [N] Loading 1_29_33
[16:51:57.579] [N] Loading 1_39_26
[16:51:57.579] [N] Loading 1_30_29
[16:51:57.579] [N] Loading 1_47_42
[16:51:57.579] [N] Loading 1_26_35
[16:51:57.579] [N] Loading 1_31_43
[16:51:57.579] [N] Loading 1_26_37
[16:51:57.579] [N] Loading 1_26_36
[16:51:57.579] [N] Loading 1_48_41
[16:51:57.579] [N] Loading 1_49_38
[16:51:57.579] [N] Loading 1_49_39
[16:51:57.579] [N] Loading 1_48_35
[16:51:57.579] [N] Loading 1_26_34
[16:51:57.579] [N] Loading 1_27_39
[16:51:57.579] [N] Loading 1_37_28
[16:51:57.579] [N] Loading 1_27_33
[16:51:57.579] [N] Loading 1_49_37
[16:51:57.579] [N] Loading 1_29_29
[16:51:57.579] [N] Loading 1_28_31
[16:51:57.579] [N] Loading 1_28_32
[16:51:57.579] [N] Loading 1_37_27
[16:51:57.579] [N] Loading 1_30_43
[16:51:57.579] [N] Loading 1_49_40
[16:51:57.579] [N] Loading 1_26_38
[16:51:57.579] [N] Loading 1_27_40
[16:51:57.579] [N] Loading 1_26_33
[16:51:57.579] [N] Loading 1_49_36
[16:51:57.579] [N] Loading 1_43_27
[16:51:57.579] [N] Loading 1_32_44
[16:51:57.579] [N] Loading 1_37_29
[16:51:57.579] [N] Loading 1_31_29
[16:51:57.579] [N] Loading 1_28_30
[16:51:57.579] [N] Loading 1_42_26
[16:51:57.579] [N] Loading 1_38_26
[16:51:57.579] [N] Loading 1_44_43
[16:51:57.579] [N] Loading 1_45_43
[16:51:57.579] [N] Loading 1_28_42
[16:51:57.579] [N] Loading 1_27_41
[16:51:57.579] [N] Loading 1_45_35
[16:51:57.579] [N] Loading 1_27_32
[16:51:57.579] [N] Loading 1_36_28
[16:51:57.579] [N] Loading 1_25_35
[16:51:57.579] [N] Loading 1_37_26
[16:51:57.579] [N] Loading 1_49_35
[16:51:57.579] [N] Loading 1_48_42
[16:51:57.579] [N] Loading 1_28_29
[16:51:57.579] [N] Loading 1_50_38
[16:51:57.579] [N] Loading 1_50_39
[16:51:57.579] [N] Loading 1_46_43
[16:51:57.579] [N] Loading 1_49_41
[16:51:57.579] [N] Loading 1_36_27
[16:51:57.579] [N] Loading 1_47_43
[16:51:57.579] [N] Loading 1_29_43
[16:51:57.579] [N] Loading 1_46_34
[16:51:57.579] [N] Loading 1_39_25
[16:51:57.579] [N] Loading 1_30_28
[16:51:57.579] [N] Loading 1_44_35
[16:51:57.579] [N] Loading 1_26_39
[16:51:57.579] [N] Loading 1_45_34
[16:51:57.579] [N] Loading 1_31_28
[16:51:57.579] [N] Loading 1_25_34
[16:51:57.579] [N] Loading 1_26_32
[16:51:57.579] [N] Loading 1_36_29
[16:51:57.579] [N] Loading 1_43_26
[16:51:57.579] [N] Loading 1_50_37
[16:51:57.579] [N] Loading 1_47_34
[16:51:57.579] [N] Loading 1_25_38
[16:51:57.579] [N] Loading 1_31_44
[16:51:57.579] [N] Loading 1_44_34
[16:51:57.579] [N] Loading 1_43_35
[16:51:57.579] [N] Loading 1_40_25
[16:51:57.579] [N] Loading 1_50_36
[16:51:57.579] [N] Loading 1_29_28
[16:51:57.579] [N] Loading 1_38_25
[16:51:57.579] [N] Loading 1_41_25
[16:51:57.579] [N] Loading 1_25_37
[16:51:57.579] [N] Loading 1_27_31
[16:51:57.579] [N] Loading 1_43_34
[16:51:57.579] [N] Loading 1_25_33
[16:51:57.579] [N] Loading 1_36_26
[16:51:57.579] [N] Loading 1_27_30
[16:51:57.579] [N] Loading 1_45_33
[16:51:57.579] [N] Loading 1_46_33
[16:51:57.579] [N] Loading 1_27_42
[16:51:57.579] [N] Loading 1_30_44
[16:51:57.579] [N] Loading 1_24_34
[16:51:57.579] [N] Loading 1_25_39
[16:51:57.579] [N] Loading 1_26_31
[16:51:57.579] [N] Loading 1_26_40
[16:51:57.579] [N] Loading 1_24_35
[16:51:57.579] [N] Loading 1_32_28
[16:51:57.579] [N] Loading 1_48_43
[16:51:57.579] [N] Loading 1_44_33
[16:51:57.579] [N] Loading 1_47_33
[16:51:57.579] [N] Loading 1_44_27
[16:51:57.579] [N] Loading 1_28_43
[16:51:57.579] [N] Loading 1_27_29
[16:51:57.579] [N] Loading 1_32_29
[16:51:57.579] [N] Loading 1_35_27
[16:51:57.579] [N] Loading 1_25_32
[16:51:57.579] [N] Loading 1_42_25
[16:52:00.259] [D] Changed POI to: Type: Corpse, Name: Unknown, Guid: 0, Entry: 0, Location: (-4086.90, -2284.51, 128.19)
[16:52:00.259] [D] Activity: Moving to instance portal, since we died inside.
[16:52:00.259] [D] [Pulse] Slow bot root: 5083ms bot=Wholesome Auto Quest poi=Corpse combat=False
[16:52:00.987] [D] [Pulse] Slow plugin: name=Tidy Bags 3 Reloaded elapsed=46ms
[16:52:06.335] [D] Activity: SafeRes timer expired - Grabbing our corpse where we are.
[16:52:06.369] [N] Clicking corpse popup...
[16:52:07.006] [D] Cleared POI - Reason Res timer expired. Grabbed our corpse.
[16:52:07.006] [D] Cleared POI
[16:52:07.006] [D] Activity: Moving to instance portal, since we died inside.
[16:52:07.040] [N] [Singular] Casting Holy Light on Myself
[16:52:07.040] [D] Spell_C::CastSpell(1026, 0, 0x6000000007EAB80, 0)
[16:52:07.778] [D] [Singular-DEBUG] Switched targets!
[16:52:07.778] [D] [Singular-DEBUG] Melee Distance: 5
[16:52:07.778] [D] [Singular-DEBUG] Health: 98.38187702265373
[16:52:07.778] [D] [Singular-DEBUG] Level: 23
[16:52:11.310] [N] [Singular] Casting Exorcism on Bael'dun Soldier
[16:52:11.310] [D] Spell_C::CastSpell(879, 0, 0xF130000D30007A2C, 0)
[16:52:18.842] [D] [Pulse] Slow plugin: name=Tidy Bags 3 Reloaded elapsed=45ms
[16:52:20.727] [N] [Singular] Casting Holy Light on Myself
[16:52:20.727] [D] Spell_C::CastSpell(1026, 0, 0x6000000007EAB80, 0)
[16:52:25.066] [D] [Pulse] Slow plugin: name=DrinkPotions elapsed=612ms
[16:52:25.132] [D] [Pulse] Slow shared pulse: total=731ms movement=0 objects=0 lua=0 info=0 loot=3 targeting=49 events=0 plugins=678 routine=0
[16:52:29.078] [D] [Pulse] Slow plugin: name=Tidy Bags 3 Reloaded elapsed=64ms
[16:52:31.015] [N] [Singular] Casting Exorcism on Bael'dun Soldier
[16:52:31.015] [D] Spell_C::CastSpell(879, 0, 0xF130000D30007A2C, 0)
[16:52:31.049] [D] [Pulse] Slow bot root: 166ms bot=Wholesome Auto Quest poi=None combat=True
[16:52:33.649] [N] [Singular] Casting Flash of Light on Myself
[16:52:33.649] [D] Spell_C::CastSpell(19939, 0, 0x6000000007EAB80, 0)
[16:52:34.421] [D] [Singular-DEBUG] Switched targets!
[16:52:34.421] [D] [Singular-DEBUG] Melee Distance: 5
[16:52:34.421] [D] [Singular-DEBUG] Health: 83.43373493975903
[16:52:34.421] [D] [Singular-DEBUG] Level: 24
[16:52:35.589] [D] [Pulse] Slow plugin: name=DrinkPotions elapsed=614ms
[16:52:35.656] [D] [Pulse] Slow shared pulse: total=736ms movement=0 objects=0 lua=0 info=0 loot=3 targeting=50 events=0 plugins=681 routine=0
[16:52:38.795] [N] [Singular] Casting Flash of Light on Myself
[16:52:38.795] [D] Spell_C::CastSpell(19939, 0, 0x6000000007EAB80, 0)
[16:52:38.830] [D] [Pulse] Slow bot root: 101ms bot=Wholesome Auto Quest poi=None combat=True
[16:52:39.562] [D] [Pulse] Slow plugin: name=Tidy Bags 3 Reloaded elapsed=64ms
[16:52:44.038] [D] [Pulse] Slow bot root: 205ms bot=Wholesome Auto Quest poi=None combat=True
[16:52:45.436] [D] [Pulse] Slow bot root: 171ms bot=Wholesome Auto Quest poi=None combat=True
[16:52:46.733] [D] [Pulse] Slow plugin: name=DrinkPotions elapsed=1246ms
[16:52:46.799] [D] [Pulse] Slow shared pulse: total=1362ms movement=0 objects=0 lua=0 info=0 loot=3 targeting=46 events=0 plugins=1311 routine=0
[16:52:47.436] [D] [Pulse] Slow bot root: 140ms bot=Wholesome Auto Quest poi=None combat=True
[16:52:49.473] [D] [Pulse] Slow bot root: 174ms bot=Wholesome Auto Quest poi=None combat=True
[16:52:50.770] [D] [Pulse] Slow plugin: name=Tidy Bags 3 Reloaded elapsed=64ms
[16:52:50.836] [N] [Wholesome Auto Quest] Bot running but not moving for 50s
[16:52:51.335] [D] Activity: Releasing from corpse
[16:52:51.335] [N] I died.
[16:52:51.463] [D] Cleared POI
[16:52:51.463] [N] [DeathStallRecovery] Death detected at (-4095.75, -2317.88, 126.00); monitoring corpse-recovery movement.
[16:52:51.812] [D] [Pulse] Slow bot root: 103ms bot=Wholesome Auto Quest poi=None combat=False
[16:52:51.970] [D] Activity: Moving to corpse
[16:52:52.268] [D] [Pulse] Slow bot root: 199ms bot=Wholesome Auto Quest poi=None combat=False
[16:52:52.532] [D] [Pulse] Slow bot root: 165ms bot=Wholesome Auto Quest poi=None combat=False
[16:52:52.798] [D] [Pulse] Slow bot root: 165ms bot=Wholesome Auto Quest poi=None combat=False
[16:52:53.036] [D] [Pulse] Slow bot root: 135ms bot=Wholesome Auto Quest poi=None combat=False
[16:52:53.300] [D] [Pulse] Slow bot root: 164ms bot=Wholesome Auto Quest poi=None combat=False
[16:52:53.611] [D] [Pulse] Slow bot root: 211ms bot=Wholesome Auto Quest poi=None combat=False
[16:52:53.913] [D] [Pulse] Slow bot root: 201ms bot=Wholesome Auto Quest poi=None combat=False
[16:52:54.183] [D] [Pulse] Slow bot root: 166ms bot=Wholesome Auto Quest poi=None combat=False
[16:52:54.483] [D] [Pulse] Slow bot root: 199ms bot=Wholesome Auto Quest poi=None combat=False
[16:52:54.816] [D] [Pulse] Slow bot root: 200ms bot=Wholesome Auto Quest poi=None combat=False
[16:52:55.083] [D] [Pulse] Slow bot root: 166ms bot=Wholesome Auto Quest poi=None combat=False
[16:52:55.353] [D] [Pulse] Slow bot root: 168ms bot=Wholesome Auto Quest poi=None combat=False
[16:52:55.656] [D] [Pulse] Slow bot root: 200ms bot=Wholesome Auto Quest poi=None combat=False
[16:52:55.925] [D] [Pulse] Slow bot root: 168ms bot=Wholesome Auto Quest poi=None combat=False
[16:52:56.195] [D] [Pulse] Slow bot root: 169ms bot=Wholesome Auto Quest poi=None combat=False
[16:52:56.457] [D] [Pulse] Slow bot root: 164ms bot=Wholesome Auto Quest poi=None combat=False
[16:52:56.726] [D] [Pulse] Slow bot root: 165ms bot=Wholesome Auto Quest poi=None combat=False
[16:52:56.994] [D] [Pulse] Slow bot root: 168ms bot=Wholesome Auto Quest poi=None combat=False
[16:52:57.260] [D] [Pulse] Slow bot root: 164ms bot=Wholesome Auto Quest poi=None combat=False
[16:52:57.527] [D] [Pulse] Slow bot root: 166ms bot=Wholesome Auto Quest poi=None combat=False
[16:52:57.795] [D] [Pulse] Slow bot root: 167ms bot=Wholesome Auto Quest poi=None combat=False
[16:52:58.094] [D] [Pulse] Slow bot root: 198ms bot=Wholesome Auto Quest poi=None combat=False
[16:52:58.362] [D] [Pulse] Slow bot root: 168ms bot=Wholesome Auto Quest poi=None combat=False
[16:52:58.631] [D] [Pulse] Slow bot root: 170ms bot=Wholesome Auto Quest poi=None combat=False
[16:52:58.899] [D] [Pulse] Slow bot root: 168ms bot=Wholesome Auto Quest poi=None combat=False
[16:52:59.167] [D] [Pulse] Slow bot root: 166ms bot=Wholesome Auto Quest poi=None combat=False
[16:52:59.436] [D] [Pulse] Slow bot root: 168ms bot=Wholesome Auto Quest poi=None combat=False
[16:52:59.703] [D] [Pulse] Slow bot root: 164ms bot=Wholesome Auto Quest poi=None combat=False
[16:53:00.004] [D] [Pulse] Slow bot root: 167ms bot=Wholesome Auto Quest poi=None combat=False
[16:53:00.272] [D] [Pulse] Slow bot root: 167ms bot=Wholesome Auto Quest poi=None combat=False
[16:53:00.537] [D] [Pulse] Slow bot root: 166ms bot=Wholesome Auto Quest poi=None combat=False
[16:53:00.804] [D] [Pulse] Slow bot root: 167ms bot=Wholesome Auto Quest poi=None combat=False
[16:53:00.904] [D] [Pulse] Slow plugin: name=Tidy Bags 3 Reloaded elapsed=63ms
[16:53:01.069] [D] [Pulse] Slow bot root: 164ms bot=Wholesome Auto Quest poi=None combat=False
[16:53:01.335] [D] [Pulse] Slow bot root: 165ms bot=Wholesome Auto Quest poi=None combat=False
[16:53:01.605] [D] [Pulse] Slow bot root: 170ms bot=Wholesome Auto Quest poi=None combat=False
[16:53:01.874] [D] [Pulse] Slow bot root: 168ms bot=Wholesome Auto Quest poi=None combat=False
[16:53:02.140] [D] [Pulse] Slow bot root: 166ms bot=Wholesome Auto Quest poi=None combat=False
[16:53:02.407] [D] [Pulse] Slow bot root: 166ms bot=Wholesome Auto Quest poi=None combat=False
[16:53:02.673] [D] [Pulse] Slow bot root: 165ms bot=Wholesome Auto Quest poi=None combat=False
[16:53:02.939] [D] [Pulse] Slow bot root: 166ms bot=Wholesome Auto Quest poi=None combat=False
[16:53:03.208] [D] [Pulse] Slow bot root: 167ms bot=Wholesome Auto Quest poi=None combat=False
[16:53:03.475] [D] [Pulse] Slow bot root: 166ms bot=Wholesome Auto Quest poi=None combat=False
[16:53:03.743] [D] [Pulse] Slow bot root: 168ms bot=Wholesome Auto Quest poi=None combat=False
[16:53:04.010] [D] [Pulse] Slow bot root: 166ms bot=Wholesome Auto Quest poi=None combat=False
[16:53:04.280] [D] [Pulse] Slow bot root: 169ms bot=Wholesome Auto Quest poi=None combat=False
[16:53:04.544] [D] [Pulse] Slow bot root: 166ms bot=Wholesome Auto Quest poi=None combat=False
[16:53:04.811] [D] [Pulse] Slow bot root: 165ms bot=Wholesome Auto Quest poi=None combat=False
[16:53:05.112] [D] [Pulse] Slow bot root: 167ms bot=Wholesome Auto Quest poi=None combat=False
[16:53:05.380] [D] [Pulse] Slow bot root: 167ms bot=Wholesome Auto Quest poi=None combat=False
[16:53:05.650] [D] [Pulse] Slow bot root: 167ms bot=Wholesome Auto Quest poi=None combat=False
[16:53:05.949] [D] [Pulse] Slow bot root: 198ms bot=Wholesome Auto Quest poi=None combat=False
[16:53:06.215] [D] [Pulse] Slow bot root: 166ms bot=Wholesome Auto Quest poi=None combat=False
[16:53:06.484] [D] [Pulse] Slow bot root: 167ms bot=Wholesome Auto Quest poi=None combat=False
[16:53:06.752] [D] [Pulse] Slow bot root: 167ms bot=Wholesome Auto Quest poi=None combat=False
[16:53:07.022] [D] [Pulse] Slow bot root: 168ms bot=Wholesome Auto Quest poi=None combat=False
[16:53:07.290] [D] [Pulse] Slow bot root: 167ms bot=Wholesome Auto Quest poi=None combat=False
[16:53:07.559] [D] [Pulse] Slow bot root: 167ms bot=Wholesome Auto Quest poi=None combat=False
[16:53:07.829] [D] [Pulse] Slow bot root: 168ms bot=Wholesome Auto Quest poi=None combat=False
[16:53:08.097] [D] [Pulse] Slow bot root: 166ms bot=Wholesome Auto Quest poi=None combat=False
[16:53:08.366] [D] [Pulse] Slow bot root: 167ms bot=Wholesome Auto Quest poi=None combat=False
[16:53:08.635] [D] [Pulse] Slow bot root: 167ms bot=Wholesome Auto Quest poi=None combat=False
[16:53:08.900] [D] [Pulse] Slow bot root: 165ms bot=Wholesome Auto Quest poi=None combat=False
[16:53:09.167] [D] [Pulse] Slow bot root: 166ms bot=Wholesome Auto Quest poi=None combat=False
[16:53:09.435] [D] [Pulse] Slow bot root: 166ms bot=Wholesome Auto Quest poi=None combat=False
[16:53:09.703] [D] [Pulse] Slow bot root: 166ms bot=Wholesome Auto Quest poi=None combat=False
[16:53:10.003] [D] [Pulse] Slow bot root: 167ms bot=Wholesome Auto Quest poi=None combat=False
[16:53:10.337] [D] [Pulse] Slow bot root: 199ms bot=Wholesome Auto Quest poi=None combat=False
[16:53:10.605] [D] [Pulse] Slow bot root: 167ms bot=Wholesome Auto Quest poi=None combat=False
[16:53:10.875] [D] [Pulse] Slow bot root: 169ms bot=Wholesome Auto Quest poi=None combat=False
[16:53:10.973] [D] [Pulse] Slow plugin: name=Tidy Bags 3 Reloaded elapsed=62ms
[16:53:11.141] [D] [Pulse] Slow bot root: 167ms bot=Wholesome Auto Quest poi=None combat=False
[16:53:11.409] [D] [Pulse] Slow bot root: 168ms bot=Wholesome Auto Quest poi=None combat=False
[16:53:11.708] [D] [Pulse] Slow bot root: 198ms bot=Wholesome Auto Quest poi=None combat=False
[16:53:12.009] [D] [Pulse] Slow bot root: 201ms bot=Wholesome Auto Quest poi=None combat=False
[16:53:12.278] [D] [Pulse] Slow bot root: 167ms bot=Wholesome Auto Quest poi=None combat=False
[16:53:12.545] [D] [Pulse] Slow bot root: 164ms bot=Wholesome Auto Quest poi=None combat=False
[16:53:12.812] [D] [Pulse] Slow bot root: 165ms bot=Wholesome Auto Quest poi=None combat=False
[16:53:13.081] [D] [Pulse] Slow bot root: 167ms bot=Wholesome Auto Quest poi=None combat=False
[16:53:13.347] [D] [Pulse] Slow bot root: 165ms bot=Wholesome Auto Quest poi=None combat=False
[16:53:13.617] [D] [Pulse] Slow bot root: 169ms bot=Wholesome Auto Quest poi=None combat=False
[16:53:13.882] [D] [Pulse] Slow bot root: 165ms bot=Wholesome Auto Quest poi=None combat=False
[16:53:14.150] [D] [Pulse] Slow bot root: 167ms bot=Wholesome Auto Quest poi=None combat=False
[16:53:14.418] [D] [Pulse] Slow bot root: 165ms bot=Wholesome Auto Quest poi=None combat=False
[16:53:14.687] [D] [Pulse] Slow bot root: 167ms bot=Wholesome Auto Quest poi=None combat=False
[16:53:14.953] [D] [Pulse] Slow bot root: 165ms bot=Wholesome Auto Quest poi=None combat=False
[16:53:15.222] [D] [Pulse] Slow bot root: 166ms bot=Wholesome Auto Quest poi=None combat=False
[16:53:15.524] [D] [Pulse] Slow bot root: 168ms bot=Wholesome Auto Quest poi=None combat=False
[16:53:15.791] [D] [Pulse] Slow bot root: 166ms bot=Wholesome Auto Quest poi=None combat=False
[16:53:16.059] [D] [Pulse] Slow bot root: 167ms bot=Wholesome Auto Quest poi=None combat=False
[16:53:16.327] [D] [Pulse] Slow bot root: 165ms bot=Wholesome Auto Quest poi=None combat=False
[16:53:16.596] [D] [Pulse] Slow bot root: 169ms bot=Wholesome Auto Quest poi=None combat=False
[16:53:16.862] [D] [Pulse] Slow bot root: 167ms bot=Wholesome Auto Quest poi=None combat=False
[16:53:17.129] [D] [Pulse] Slow bot root: 167ms bot=Wholesome Auto Quest poi=None combat=False
[16:53:17.394] [D] [Pulse] Slow bot root: 165ms bot=Wholesome Auto Quest poi=None combat=False
[16:53:17.664] [D] [Pulse] Slow bot root: 168ms bot=Wholesome Auto Quest poi=None combat=False
[16:53:17.933] [D] [Pulse] Slow bot root: 168ms bot=Wholesome Auto Quest poi=None combat=False
[16:53:18.204] [D] [Pulse] Slow bot root: 170ms bot=Wholesome Auto Quest poi=None combat=False
[16:53:18.402] [D] [Pulse] Slow bot root: 100ms bot=Wholesome Auto Quest poi=None combat=False
[16:53:18.637] [D] [Pulse] Slow bot root: 134ms bot=Wholesome Auto Quest poi=None combat=False
[16:53:19.070] [D] [Pulse] Slow bot root: 134ms bot=Wholesome Auto Quest poi=None combat=False
[16:53:19.339] [D] [Pulse] Slow bot root: 134ms bot=Wholesome Auto Quest poi=None combat=False
[16:53:19.540] [D] [Pulse] Slow bot root: 100ms bot=Wholesome Auto Quest poi=None combat=False
[16:53:19.772] [D] [Pulse] Slow bot root: 133ms bot=Wholesome Auto Quest poi=None combat=False
[16:53:20.208] [D] [Pulse] Slow bot root: 135ms bot=Wholesome Auto Quest poi=None combat=False
[16:53:20.475] [D] [Pulse] Slow bot root: 132ms bot=Wholesome Auto Quest poi=None combat=False
[16:53:20.741] [D] [Pulse] Slow bot root: 132ms bot=Wholesome Auto Quest poi=None combat=False
[16:53:20.942] [D] [Pulse] Slow bot root: 100ms bot=Wholesome Auto Quest poi=None combat=False
[16:53:21.042] [D] [Pulse] Slow plugin: name=Tidy Bags 3 Reloaded elapsed=52ms
[16:53:21.174] [D] [Pulse] Slow bot root: 131ms bot=Wholesome Auto Quest poi=None combat=False
[16:53:23.213] [N] There are 61 hostile mobs near our corpse.
[16:53:24.313] [N] Loading 1_37_36
[16:53:24.313] [N] Loading 1_37_35
[16:53:24.313] [N] Loading 1_41_35
[16:53:24.313] [N] Loading 1_41_36
[16:53:24.313] [N] Loading 1_37_37
[16:53:24.313] [N] Loading 1_39_38
[16:53:24.313] [N] Loading 1_38_38
[16:53:24.313] [N] Loading 1_37_34
[16:53:24.313] [N] Loading 1_40_38
[16:53:24.313] [N] Loading 1_37_38
[16:53:24.313] [N] Loading 1_36_35
[16:53:24.313] [N] Loading 1_36_36
[16:53:24.313] [N] Loading 1_41_37
[16:53:24.313] [N] Loading 1_36_37
[16:53:24.313] [N] Loading 1_39_39
[16:53:24.313] [N] Loading 1_38_39
[16:53:24.313] [N] Loading 1_41_38
[16:53:24.313] [N] Loading 1_36_34
[16:53:24.313] [N] Loading 1_36_38
[16:53:24.313] [N] Loading 1_40_39
[16:53:24.313] [N] Loading 1_35_36
[16:53:24.313] [N] Loading 1_35_35
[16:53:24.313] [N] Loading 1_37_39
[16:53:24.313] [N] Loading 1_41_34
[16:53:24.313] [N] Loading 1_42_35
[16:53:24.313] [N] Loading 1_35_34
[16:53:24.314] [N] Loading 1_41_39
[16:53:24.314] [N] Loading 1_36_39
[16:53:24.314] [N] Loading 1_35_37
[16:53:24.314] [N] Loading 1_42_34
[16:53:24.314] [N] Loading 1_42_36
[16:53:24.314] [N] Loading 1_36_33
[16:53:24.314] [N] Loading 1_37_33
[16:53:24.314] [N] Loading 1_39_40
[16:53:24.314] [N] Loading 1_38_40
[16:53:24.314] [N] Loading 1_34_36
[16:53:24.314] [N] Loading 1_37_40
[16:53:24.314] [N] Loading 1_35_38
[16:53:24.314] [N] Loading 1_40_40
[16:53:24.314] [N] Loading 1_40_33
[16:53:24.314] [N] Loading 1_41_33
[16:53:24.314] [N] Loading 1_34_35
[16:53:24.314] [N] Loading 1_35_33
[16:53:24.314] [N] Loading 1_42_37
[16:53:24.314] [N] Loading 1_34_37
[16:53:24.314] [N] Loading 1_36_40
[16:53:24.314] [N] Loading 1_34_34
[16:53:24.314] [N] Loading 1_35_39
[16:53:24.314] [N] Loading 1_39_33
[16:53:24.314] [N] Loading 1_36_32
[16:53:24.314] [N] Loading 1_43_36
[16:53:24.314] [N] Loading 1_37_32
[16:53:24.314] [N] Loading 1_34_38
[16:53:24.314] [N] Loading 1_35_32
[16:53:24.314] [N] Loading 1_33_36
[16:53:24.314] [N] Loading 1_39_41
[16:53:24.314] [N] Loading 1_33_35
[16:53:24.314] [N] Loading 1_34_33
[16:53:24.314] [N] Loading 1_35_40
[16:53:24.314] [N] Loading 1_42_38
[16:53:24.314] [N] Loading 1_40_32
[16:53:24.314] [N] Loading 1_38_41
[16:53:24.314] [N] Loading 1_33_37
[16:53:24.314] [N] Loading 1_39_32
[16:53:24.314] [N] Loading 1_33_34
[16:53:24.314] [N] Loading 1_37_41
[16:53:24.314] [N] Loading 1_36_31
[16:53:24.314] [N] Loading 1_37_31
[16:53:24.314] [N] Loading 1_34_39
[16:53:24.314] [N] Loading 1_34_32
[16:53:24.314] [N] Loading 1_43_37
[16:53:24.314] [N] Loading 1_40_41
[16:53:24.314] [N] Loading 1_33_38
[16:53:24.314] [N] Loading 1_43_38
[16:53:24.314] [N] Loading 1_36_41
[16:53:24.314] [N] Loading 1_35_31
[16:53:24.314] [N] Loading 1_41_32
[16:53:24.314] [N] Loading 1_32_36
[16:53:24.314] [N] Loading 1_32_37
[16:53:24.314] [N] Loading 1_33_33
[16:53:24.314] [N] Loading 1_32_35
[16:53:24.314] [N] Loading 1_42_39
[16:53:24.314] [N] Loading 1_40_31
[16:53:24.314] [N] Loading 1_39_31
[16:53:24.314] [N] Loading 1_38_31
[16:53:24.314] [N] Loading 1_38_32
[16:53:24.314] [N] Loading 1_32_34
[16:53:24.314] [N] Loading 1_34_31
[16:53:24.314] [N] Loading 1_34_40
[16:53:24.314] [N] Loading 1_35_41
[16:53:24.314] [N] Loading 1_33_39
[16:53:24.314] [N] Loading 1_33_32
[16:53:24.314] [N] Loading 1_43_39
[16:53:24.314] [N] Loading 1_32_38
[16:53:24.314] [N] Loading 1_38_33
[16:53:24.314] [N] Loading 1_36_30
[16:53:24.314] [N] Loading 1_39_42
[16:53:24.314] [N] Loading 1_38_42
[16:53:24.314] [N] Loading 1_41_31
[16:53:24.314] [N] Loading 1_41_40
[16:53:24.314] [N] Loading 1_35_30
[16:53:24.314] [N] Loading 1_41_41
[16:53:24.314] [N] Loading 1_44_38
[16:53:24.314] [N] Loading 1_33_31
[16:53:24.314] [N] Loading 1_31_37
[16:53:24.314] [N] Loading 1_37_42
[16:53:24.314] [N] Loading 1_42_40
[16:53:24.314] [N] Loading 1_31_36
[16:53:24.314] [N] Loading 1_32_39
[16:53:24.314] [N] Loading 1_40_42
[16:53:24.314] [N] Loading 1_31_35
[16:53:24.314] [N] Loading 1_32_33
[16:53:24.314] [N] Loading 1_44_39
[16:53:24.314] [N] Loading 1_44_37
[16:53:24.314] [N] Loading 1_39_30
[16:53:24.314] [N] Loading 1_40_30
[16:53:24.314] [N] Loading 1_31_34
[16:53:24.314] [N] Loading 1_43_40
[16:53:24.314] [N] Loading 1_33_40
[16:53:24.314] [N] Loading 1_32_32
[16:53:24.314] [N] Loading 1_34_41
[16:53:24.314] [N] Loading 1_41_30
[16:53:24.314] [N] Loading 1_34_30
[16:53:24.314] [N] Loading 1_36_42
[16:53:24.314] [N] Loading 1_31_38
[16:53:24.314] [N] Loading 1_31_33
[16:53:24.314] [N] Loading 1_42_31
[16:53:24.314] [N] Loading 1_33_30
[16:53:24.314] [N] Loading 1_32_31
[16:53:24.314] [N] Loading 1_44_40
[16:53:24.314] [N] Loading 1_41_42
[16:53:24.314] [N] Loading 1_35_42
[16:53:24.314] [N] Loading 1_42_32
[16:53:24.314] [N] Loading 1_30_36
[16:53:24.314] [N] Loading 1_30_37
[16:53:24.314] [N] Loading 1_42_30
[16:53:24.314] [N] Loading 1_45_39
[16:53:24.314] [N] Loading 1_45_38
[16:53:24.314] [N] Loading 1_30_35
[16:53:24.314] [N] Loading 1_31_39
[16:53:24.314] [N] Loading 1_42_41
[16:53:24.314] [N] Loading 1_30_34
[16:53:24.314] [N] Loading 1_39_43
[16:53:24.314] [N] Loading 1_38_43
[16:53:24.314] [N] Loading 1_30_38
[16:53:24.314] [N] Loading 1_31_32
[16:53:24.314] [N] Loading 1_40_29
[16:53:24.314] [N] Loading 1_33_41
[16:53:24.314] [N] Loading 1_37_43
[16:53:24.314] [N] Loading 1_40_43
[16:53:24.314] [N] Loading 1_34_42
[16:53:24.314] [N] Loading 1_32_40
[16:53:24.314] [N] Loading 1_41_29
[16:53:24.314] [N] Loading 1_31_40
[16:53:24.314] [N] Loading 1_30_33
[16:53:24.314] [N] Loading 1_30_39
[16:53:24.314] [N] Loading 1_45_37
[16:53:24.314] [N] Loading 1_29_37
[16:53:24.314] [N] Loading 1_29_36
[16:53:24.314] [N] Loading 1_36_43
[16:53:24.314] [N] Loading 1_42_42
[16:53:24.314] [N] Loading 1_29_35
[16:53:24.314] [N] Loading 1_31_31
[16:53:24.314] [N] Loading 1_46_38
[16:53:24.314] [N] Loading 1_46_39
[16:53:24.314] [N] Loading 1_45_40
[16:53:24.314] [N] Loading 1_32_41
[16:53:24.314] [N] Loading 1_29_34
[16:53:24.314] [N] Loading 1_29_38
[16:53:24.314] [N] Loading 1_44_36
[16:53:24.314] [N] Loading 1_35_43
[16:53:24.314] [N] Loading 1_33_42
[16:53:24.314] [N] Loading 1_45_36
[16:53:24.314] [N] Loading 1_46_37
[16:53:24.314] [N] Loading 1_30_40
[16:53:24.314] [N] Loading 1_42_29
[16:53:24.314] [N] Loading 1_39_29
[16:53:24.314] [N] Loading 1_43_41
[16:53:24.314] [N] Loading 1_41_28
[16:53:24.314] [N] Loading 1_40_28
[16:53:24.314] [N] Loading 1_46_40
[16:53:24.314] [N] Loading 1_31_41
[16:53:24.314] [N] Loading 1_29_39
[16:53:24.314] [N] Loading 1_39_44
[16:53:24.314] [N] Loading 1_28_36
[16:53:24.314] [N] Loading 1_38_44
[16:53:24.314] [N] Loading 1_46_36
[16:53:24.314] [N] Loading 1_34_43
[16:53:24.314] [N] Loading 1_32_42
[16:53:24.314] [N] Loading 1_28_35
[16:53:24.314] [N] Loading 1_44_41
[16:53:24.314] [N] Loading 1_45_41
[16:53:24.314] [N] Loading 1_30_41
[16:53:24.314] [N] Loading 1_42_28
[16:53:24.314] [N] Loading 1_47_38
[16:53:24.314] [N] Loading 1_47_39
[16:53:24.314] [N] Loading 1_32_30
[16:53:24.314] [N] Loading 1_28_37
[16:53:24.314] [N] Loading 1_31_30
[16:53:24.314] [N] Loading 1_37_44
[16:53:24.314] [N] Loading 1_40_44
[16:53:24.314] [N] Loading 1_30_31
[16:53:24.314] [N] Loading 1_33_43
[16:53:24.314] [N] Loading 1_43_42
[16:53:24.314] [N] Loading 1_47_37
[16:53:24.314] [N] Loading 1_28_38
[16:53:24.314] [N] Loading 1_29_40
[16:53:24.314] [N] Loading 1_38_30
[16:53:24.314] [N] Loading 1_38_29
[16:53:24.314] [N] Loading 1_46_41
[16:53:24.314] [N] Loading 1_43_29
[16:53:24.314] [N] Loading 1_43_30
[16:53:24.314] [N] Loading 1_36_44
[16:53:24.314] [N] Loading 1_31_42
[16:53:24.314] [N] Loading 1_47_40
[16:53:24.314] [N] Loading 1_40_27
[16:53:24.314] [N] Loading 1_30_30
[16:53:24.314] [N] Loading 1_41_27
[16:53:24.314] [N] Loading 1_28_34
[16:53:24.314] [N] Loading 1_47_36
[16:53:24.314] [N] Loading 1_43_28
[16:53:24.314] [N] Loading 1_28_39
[16:53:24.314] [N] Loading 1_27_36
[16:53:24.314] [N] Loading 1_27_35
[16:53:24.314] [N] Loading 1_35_44
[16:53:24.314] [N] Loading 1_39_28
[16:53:24.314] [N] Loading 1_29_41
[16:53:24.314] [N] Loading 1_32_43
[16:53:24.314] [N] Loading 1_27_37
[16:53:24.314] [N] Loading 1_48_38
[16:53:24.314] [N] Loading 1_48_39
[16:53:24.314] [N] Loading 1_39_27
[16:53:24.314] [N] Loading 1_30_42
[16:53:24.314] [N] Loading 1_30_32
[16:53:24.314] [N] Loading 1_44_42
[16:53:24.314] [N] Loading 1_45_42
[16:53:24.314] [N] Loading 1_48_37
[16:53:24.314] [N] Loading 1_46_35
[16:53:24.314] [N] Loading 1_29_31
[16:53:24.314] [N] Loading 1_28_40
[16:53:24.314] [N] Loading 1_47_41
[16:53:24.314] [N] Loading 1_47_35
[16:53:24.314] [N] Loading 1_27_34
[16:53:24.314] [N] Loading 1_48_40
[16:53:24.314] [N] Loading 1_29_32
[16:53:24.314] [N] Loading 1_42_27
[16:53:24.314] [N] Loading 1_29_30
[16:53:24.314] [N] Loading 1_34_44
[16:53:24.314] [N] Loading 1_38_28
[16:53:24.314] [N] Loading 1_46_42
[16:53:24.314] [N] Loading 1_48_36
[16:53:24.314] [N] Loading 1_29_42
[16:53:24.314] [N] Loading 1_27_38
[16:53:24.314] [N] Loading 1_38_27
[16:53:24.314] [N] Loading 1_28_41
[16:53:24.314] [N] Loading 1_33_44
[16:53:24.314] [N] Loading 1_40_26
[16:53:24.314] [N] Loading 1_28_33
[16:53:24.314] [N] Loading 1_41_26
[16:53:24.314] [N] Loading 1_29_33
[16:53:24.314] [N] Loading 1_39_26
[16:53:24.314] [N] Loading 1_30_29
[16:53:24.314] [N] Loading 1_47_42
[16:53:24.314] [N] Loading 1_26_35
[16:53:24.314] [N] Loading 1_31_43
[16:53:24.314] [N] Loading 1_26_37
[16:53:24.314] [N] Loading 1_26_36
[16:53:24.314] [N] Loading 1_48_41
[16:53:24.314] [N] Loading 1_49_38
[16:53:24.314] [N] Loading 1_49_39
[16:53:24.314] [N] Loading 1_48_35
[16:53:24.314] [N] Loading 1_26_34
[16:53:24.314] [N] Loading 1_27_39
[16:53:24.314] [N] Loading 1_37_28
[16:53:24.314] [N] Loading 1_27_33
[16:53:24.314] [N] Loading 1_49_37
[16:53:24.314] [N] Loading 1_29_29
[16:53:24.314] [N] Loading 1_28_31
[16:53:24.314] [N] Loading 1_28_32
[16:53:24.314] [N] Loading 1_37_27
[16:53:24.314] [N] Loading 1_30_43
[16:53:24.314] [N] Loading 1_49_40
[16:53:24.314] [N] Loading 1_26_38
[16:53:24.314] [N] Loading 1_27_40
[16:53:24.314] [N] Loading 1_26_33
[16:53:24.314] [N] Loading 1_43_27
[16:53:24.314] [N] Loading 1_49_36
[16:53:24.314] [N] Loading 1_32_44
[16:53:24.314] [N] Loading 1_37_29
[16:53:24.314] [N] Loading 1_31_29
[16:53:24.314] [N] Loading 1_28_30
[16:53:24.314] [N] Loading 1_42_26
[16:53:24.314] [N] Loading 1_38_26
[16:53:24.314] [N] Loading 1_44_43
[16:53:24.314] [N] Loading 1_45_43
[16:53:24.314] [N] Loading 1_28_42
[16:53:24.314] [N] Loading 1_27_41
[16:53:24.314] [N] Loading 1_45_35
[16:53:24.314] [N] Loading 1_27_32
[16:53:24.314] [N] Loading 1_36_28
[16:53:24.314] [N] Loading 1_25_35
[16:53:24.314] [N] Loading 1_37_26
[16:53:24.314] [N] Loading 1_49_35
[16:53:24.314] [N] Loading 1_48_42
[16:53:24.314] [N] Loading 1_28_29
[16:53:24.314] [N] Loading 1_50_38
[16:53:24.314] [N] Loading 1_50_39
[16:53:24.314] [N] Loading 1_46_43
[16:53:24.314] [N] Loading 1_49_41
[16:53:24.314] [N] Loading 1_36_27
[16:53:24.314] [N] Loading 1_47_43
[16:53:24.314] [N] Loading 1_29_43
[16:53:24.314] [N] Loading 1_46_34
[16:53:24.315] [N] Loading 1_39_25
[16:53:24.315] [N] Loading 1_30_28
[16:53:24.315] [N] Loading 1_44_35
[16:53:24.315] [N] Loading 1_26_39
[16:53:24.315] [N] Loading 1_45_34
[16:53:24.315] [N] Loading 1_31_28
[16:53:24.315] [N] Loading 1_25_34
[16:53:24.315] [N] Loading 1_26_32
[16:53:24.315] [N] Loading 1_36_29
[16:53:24.315] [N] Loading 1_43_26
[16:53:24.315] [N] Loading 1_50_37
[16:53:24.315] [N] Loading 1_47_34
[16:53:24.315] [N] Loading 1_25_38
[16:53:24.315] [N] Loading 1_31_44
[16:53:24.315] [N] Loading 1_44_34
[16:53:24.315] [N] Loading 1_43_35
[16:53:24.315] [N] Loading 1_40_25
[16:53:24.315] [N] Loading 1_50_36
[16:53:24.315] [N] Loading 1_29_28
[16:53:24.315] [N] Loading 1_38_25
[16:53:24.315] [N] Loading 1_41_25
[16:53:24.315] [N] Loading 1_25_37
[16:53:24.315] [N] Loading 1_27_31
[16:53:24.315] [N] Loading 1_43_34
[16:53:24.315] [N] Loading 1_25_33
[16:53:24.315] [N] Loading 1_36_26
[16:53:24.315] [N] Loading 1_27_30
[16:53:24.315] [N] Loading 1_45_33
[16:53:24.315] [N] Loading 1_46_33
[16:53:24.315] [N] Loading 1_27_42
[16:53:24.315] [N] Loading 1_30_44
[16:53:24.315] [N] Loading 1_24_34
[16:53:24.315] [N] Loading 1_25_39
[16:53:24.315] [N] Loading 1_26_31
[16:53:24.315] [N] Loading 1_26_40
[16:53:24.315] [N] Loading 1_24_35
[16:53:24.315] [N] Loading 1_32_28
[16:53:24.315] [N] Loading 1_48_43
[16:53:24.315] [N] Loading 1_44_33
[16:53:24.315] [N] Loading 1_47_33
[16:53:24.315] [N] Loading 1_44_27
[16:53:24.315] [N] Loading 1_28_43
[16:53:24.315] [N] Loading 1_27_29
[16:53:24.315] [N] Loading 1_32_29
[16:53:24.315] [N] Loading 1_35_27
[16:53:24.315] [N] Loading 1_25_32
[16:53:24.315] [N] Loading 1_42_25
[16:53:25.299] [D] Changed POI to: Type: Corpse, Name: Unknown, Guid: 0, Entry: 0, Location: (-4086.69, -2284.07, 128.13)
[16:53:25.299] [D] Activity: Moving to instance portal, since we died inside.
[16:53:25.299] [D] [Pulse] Slow bot root: 3523ms bot=Wholesome Auto Quest poi=Corpse combat=False
[16:53:31.511] [D] [Pulse] Slow plugin: name=Tidy Bags 3 Reloaded elapsed=50ms
[16:53:41.826] [D] [Pulse] Slow plugin: name=Tidy Bags 3 Reloaded elapsed=44ms
[16:53:52.097] [D] [Pulse] Slow plugin: name=Tidy Bags 3 Reloaded elapsed=48ms
[16:53:55.808] [N] [Wholesome Auto Quest] Bot running but not moving for 30s
[16:54:02.470] [D] [Pulse] Slow plugin: name=Tidy Bags 3 Reloaded elapsed=47ms
[16:54:06.427] [D] Activity: SafeRes timer expired - Grabbing our corpse where we are.
[16:54:06.461] [N] Clicking corpse popup...
[16:54:07.164] [D] Cleared POI - Reason Res timer expired. Grabbed our corpse.
[16:54:07.164] [D] Cleared POI
[16:54:07.164] [D] Activity: Moving to instance portal, since we died inside.
[16:54:07.198] [N] [Singular] Casting Holy Light on Myself
[16:54:07.198] [D] Spell_C::CastSpell(1026, 0, 0x6000000007EAB80, 0)
[16:54:08.544] [D] [Singular-DEBUG] Switched targets!
[16:54:08.544] [D] [Singular-DEBUG] Melee Distance: 5
[16:54:08.544] [D] [Singular-DEBUG] Health: 98.49397590361446
[16:54:08.544] [D] [Singular-DEBUG] Level: 24
[16:54:12.309] [N] [Singular] Casting Exorcism on Bael'dun Soldier
[16:54:12.309] [D] Spell_C::CastSpell(879, 0, 0xF130000D30007A05, 0)
[16:54:12.342] [D] [Pulse] Slow bot root: 233ms bot=Wholesome Auto Quest poi=None combat=True
[16:54:13.077] [D] [Pulse] Slow plugin: name=Tidy Bags 3 Reloaded elapsed=48ms
[16:54:15.655] [D] [Pulse] Slow bot root: 106ms bot=Wholesome Auto Quest poi=None combat=True
[16:54:23.122] [D] [Pulse] Slow plugin: name=Tidy Bags 3 Reloaded elapsed=49ms
[16:54:26.390] [N] [Singular] Casting Divine Protection on Myself
[16:54:26.390] [D] Spell_C::CastSpell(498, 0, 0x6000000007EAB80, 0)
[16:54:29.823] [N] [Singular] Casting Exorcism on Bael'dun Soldier
[16:54:29.823] [D] Spell_C::CastSpell(879, 0, 0xF130000D30007A05, 0)
[16:54:29.857] [D] [Pulse] Slow bot root: 166ms bot=Wholesome Auto Quest poi=None combat=True
[16:54:32.434] [D] Changed POI to: Type: Sell, Name: Malgin Barleybrew, Guid: 0, Entry: 5848, Location: (-4084.18, -2403.32, 125.30)
[16:54:32.561] [D] [Pulse] Slow plugin: name=Vendor Recovery elapsed=33ms
[16:54:33.596] [D] [Pulse] Slow bot root: 536ms bot=Wholesome Auto Quest poi=Sell combat=True
[16:54:33.695] [D] [Pulse] Slow plugin: name=Tidy Bags 3 Reloaded elapsed=49ms
[16:54:34.631] [D] [Pulse] Slow bot root: 401ms bot=Wholesome Auto Quest poi=Sell combat=True
[16:54:35.534] [D] [Pulse] Slow bot root: 267ms bot=Wholesome Auto Quest poi=Sell combat=True
[16:54:36.409] [D] [Pulse] Slow bot root: 209ms bot=Wholesome Auto Quest poi=Sell combat=True
[16:54:38.710] [D] [Nav] Loaded 363 mesh tiles for one path query
[16:54:38.710] [D] [Nav] Slow path generation: 1036ms map=1 from=(-4097.15, -2332.66, 126.13) to=(-4108.50, -2319.08, 128.66) status=Success
[16:54:38.715] [D] [Pulse] Slow bot root: 1089ms bot=Wholesome Auto Quest poi=Sell combat=True
[16:54:39.254] [D] [Pulse] Slow bot root: 401ms bot=Wholesome Auto Quest poi=Sell combat=True
[16:54:39.999] [N] [Singular] Currect target is invalid. Switching to Bael'dun Soldier!
[16:54:40.314] [D] [Singular-DEBUG] Switched targets!
[16:54:40.314] [D] [Singular-DEBUG] Melee Distance: 5
[16:54:40.314] [D] [Singular-DEBUG] Health: 98.49397590361446
[16:54:40.314] [D] [Singular-DEBUG] Level: 24
[16:54:40.545] [N] [Singular] Casting Holy Light on Myself
[16:54:40.545] [D] Spell_C::CastSpell(1026, 0, 0x6000000007EAB80, 0)
[16:54:44.313] [D] [Pulse] Slow plugin: name=DrinkPotions elapsed=145ms
[16:54:44.337] [D] [Pulse] Slow shared pulse: total=200ms movement=0 objects=0 lua=0 info=0 loot=3 targeting=26 events=0 plugins=169 routine=0
[16:54:46.835] [N] [Singular] Casting Exorcism on Bael'dun Soldier
[16:54:46.835] [D] Spell_C::CastSpell(879, 0, 0xF130000D300079C1, 0)
[16:54:50.289] [N] [Singular] Casting Flash of Light on Myself
[16:54:50.289] [D] Spell_C::CastSpell(19939, 0, 0x6000000007EAB80, 0)
[16:54:54.458] [D] [Pulse] Slow plugin: name=DrinkPotions elapsed=111ms
[16:55:02.007] [D] [Pulse] Slow shared pulse: total=270ms movement=0 objects=0 lua=0 info=0 loot=3 targeting=19 events=0 plugins=247 routine=0
[16:55:03.349] [N] [Singular] Casting Flash of Light on Myself
[16:55:03.349] [D] Spell_C::CastSpell(19939, 0, 0x6000000007EAB80, 0)
[16:55:04.459] [D] Cleared POI
[16:55:04.459] [N] [DeathStallRecovery] Death detected at (-4103.84, -2322.20, 126.09); monitoring corpse-recovery movement.
[16:55:04.556] [D] Activity: Releasing from corpse
[16:55:04.556] [N] I died.
[16:55:04.957] [D] [Pulse] Slow bot root: 101ms bot=Wholesome Auto Quest poi=None combat=False
[16:55:05.066] [D] Activity: Moving to corpse
[16:55:09.892] [D] [Pulse] Slow plugin: name=Tidy Bags 3 Reloaded elapsed=63ms
[16:55:10.059] [D] [Pulse] Slow bot root: 167ms bot=Wholesome Auto Quest poi=None combat=False
[16:55:10.361] [D] [Pulse] Slow bot root: 201ms bot=Wholesome Auto Quest poi=None combat=False
[16:55:10.695] [D] [Pulse] Slow bot root: 199ms bot=Wholesome Auto Quest poi=None combat=False
[16:55:10.962] [D] [Pulse] Slow bot root: 166ms bot=Wholesome Auto Quest poi=None combat=False
[16:55:11.264] [D] [Pulse] Slow bot root: 200ms bot=Wholesome Auto Quest poi=None combat=False
[16:55:11.599] [D] [Pulse] Slow bot root: 199ms bot=Wholesome Auto Quest poi=None combat=False
[16:55:11.868] [D] [Pulse] Slow bot root: 164ms bot=Wholesome Auto Quest poi=None combat=False
[16:55:12.135] [D] [Pulse] Slow bot root: 166ms bot=Wholesome Auto Quest poi=None combat=False
[16:55:12.440] [D] [Pulse] Slow bot root: 202ms bot=Wholesome Auto Quest poi=None combat=False
[16:55:12.708] [D] [Pulse] Slow bot root: 166ms bot=Wholesome Auto Quest poi=None combat=False
[16:55:12.978] [D] [Pulse] Slow bot root: 168ms bot=Wholesome Auto Quest poi=None combat=False
[16:55:13.244] [D] [Pulse] Slow bot root: 164ms bot=Wholesome Auto Quest poi=None combat=False
[16:55:13.511] [D] [Pulse] Slow bot root: 165ms bot=Wholesome Auto Quest poi=None combat=False
[16:55:13.781] [D] [Pulse] Slow bot root: 167ms bot=Wholesome Auto Quest poi=None combat=False
[16:55:14.046] [D] [Pulse] Slow bot root: 164ms bot=Wholesome Auto Quest poi=None combat=False
[16:55:14.315] [D] [Pulse] Slow bot root: 168ms bot=Wholesome Auto Quest poi=None combat=False
[16:55:14.582] [D] [Pulse] Slow bot root: 165ms bot=Wholesome Auto Quest poi=None combat=False
[16:55:14.846] [D] [Pulse] Slow bot root: 164ms bot=Wholesome Auto Quest poi=None combat=False
[16:55:15.116] [D] [Pulse] Slow bot root: 167ms bot=Wholesome Auto Quest poi=None combat=False
[16:55:15.381] [D] [Pulse] Slow bot root: 165ms bot=Wholesome Auto Quest poi=None combat=False
[16:55:15.650] [D] [Pulse] Slow bot root: 169ms bot=Wholesome Auto Quest poi=None combat=False
[16:55:15.919] [D] [Pulse] Slow bot root: 167ms bot=Wholesome Auto Quest poi=None combat=False
[16:55:16.186] [D] [Pulse] Slow bot root: 165ms bot=Wholesome Auto Quest poi=None combat=False
[16:55:16.453] [D] [Pulse] Slow bot root: 166ms bot=Wholesome Auto Quest poi=None combat=False
[16:55:16.753] [D] [Pulse] Slow bot root: 166ms bot=Wholesome Auto Quest poi=None combat=False
[16:55:17.019] [D] [Pulse] Slow bot root: 166ms bot=Wholesome Auto Quest poi=None combat=False
[16:55:17.287] [D] [Pulse] Slow bot root: 168ms bot=Wholesome Auto Quest poi=None combat=False
[16:55:17.555] [D] [Pulse] Slow bot root: 169ms bot=Wholesome Auto Quest poi=None combat=False
[16:55:17.823] [D] [Pulse] Slow bot root: 167ms bot=Wholesome Auto Quest poi=None combat=False
[16:55:18.086] [D] [Pulse] Slow bot root: 164ms bot=Wholesome Auto Quest poi=None combat=False
[16:55:18.356] [D] [Pulse] Slow bot root: 169ms bot=Wholesome Auto Quest poi=None combat=False
[16:55:18.622] [D] [Pulse] Slow bot root: 165ms bot=Wholesome Auto Quest poi=None combat=False
[16:55:18.922] [D] [Pulse] Slow bot root: 199ms bot=Wholesome Auto Quest poi=None combat=False
[16:55:19.186] [D] [Pulse] Slow bot root: 165ms bot=Wholesome Auto Quest poi=None combat=False
[16:55:19.454] [D] [Pulse] Slow bot root: 165ms bot=Wholesome Auto Quest poi=None combat=False
[16:55:19.720] [D] [Pulse] Slow bot root: 165ms bot=Wholesome Auto Quest poi=None combat=False
[16:55:19.988] [D] [Pulse] Slow bot root: 166ms bot=Wholesome Auto Quest poi=None combat=False
[16:55:20.089] [D] [Pulse] Slow plugin: name=Tidy Bags 3 Reloaded elapsed=61ms
[16:55:20.254] [D] [Pulse] Slow bot root: 165ms bot=Wholesome Auto Quest poi=None combat=False
[16:55:20.520] [D] [Pulse] Slow bot root: 165ms bot=Wholesome Auto Quest poi=None combat=False
[16:55:20.788] [D] [Pulse] Slow bot root: 167ms bot=Wholesome Auto Quest poi=None combat=False
[16:55:21.056] [D] [Pulse] Slow bot root: 166ms bot=Wholesome Auto Quest poi=None combat=False
[16:55:21.325] [D] [Pulse] Slow bot root: 168ms bot=Wholesome Auto Quest poi=None combat=False
[16:55:21.601] [D] [Pulse] Slow bot root: 166ms bot=Wholesome Auto Quest poi=None combat=False
[16:55:21.902] [D] [Pulse] Slow bot root: 168ms bot=Wholesome Auto Quest poi=None combat=False
[16:55:22.172] [D] [Pulse] Slow bot root: 167ms bot=Wholesome Auto Quest poi=None combat=False
[16:55:22.437] [D] [Pulse] Slow bot root: 166ms bot=Wholesome Auto Quest poi=None combat=False
[16:55:22.706] [D] [Pulse] Slow bot root: 168ms bot=Wholesome Auto Quest poi=None combat=False
[16:55:22.973] [D] [Pulse] Slow bot root: 165ms bot=Wholesome Auto Quest poi=None combat=False
[16:55:23.240] [D] [Pulse] Slow bot root: 166ms bot=Wholesome Auto Quest poi=None combat=False
[16:55:23.509] [D] [Pulse] Slow bot root: 169ms bot=Wholesome Auto Quest poi=None combat=False
[16:55:23.773] [D] [Pulse] Slow bot root: 166ms bot=Wholesome Auto Quest poi=None combat=False
[16:55:24.037] [D] [Pulse] Slow bot root: 166ms bot=Wholesome Auto Quest poi=None combat=False
[16:55:24.302] [D] [Pulse] Slow bot root: 164ms bot=Wholesome Auto Quest poi=None combat=False
[16:55:24.570] [D] [Pulse] Slow bot root: 168ms bot=Wholesome Auto Quest poi=None combat=False
[16:55:24.838] [D] [Pulse] Slow bot root: 167ms bot=Wholesome Auto Quest poi=None combat=False
[16:55:25.137] [D] [Pulse] Slow bot root: 199ms bot=Wholesome Auto Quest poi=None combat=False
[16:55:25.404] [D] [Pulse] Slow bot root: 168ms bot=Wholesome Auto Quest poi=None combat=False
[16:55:25.674] [D] [Pulse] Slow bot root: 169ms bot=Wholesome Auto Quest poi=None combat=False
[16:55:25.942] [D] [Pulse] Slow bot root: 166ms bot=Wholesome Auto Quest poi=None combat=False
[16:55:26.208] [D] [Pulse] Slow bot root: 167ms bot=Wholesome Auto Quest poi=None combat=False
[16:55:26.476] [D] [Pulse] Slow bot root: 167ms bot=Wholesome Auto Quest poi=None combat=False
[16:55:26.744] [D] [Pulse] Slow bot root: 166ms bot=Wholesome Auto Quest poi=None combat=False
[16:55:27.044] [D] [Pulse] Slow bot root: 167ms bot=Wholesome Auto Quest poi=None combat=False
[16:55:27.311] [D] [Pulse] Slow bot root: 167ms bot=Wholesome Auto Quest poi=None combat=False
[16:55:27.576] [D] [Pulse] Slow bot root: 166ms bot=Wholesome Auto Quest poi=None combat=False
[16:55:27.842] [D] [Pulse] Slow bot root: 166ms bot=Wholesome Auto Quest poi=None combat=False
[16:55:28.109] [D] [Pulse] Slow bot root: 165ms bot=Wholesome Auto Quest poi=None combat=False
[16:55:28.377] [D] [Pulse] Slow bot root: 166ms bot=Wholesome Auto Quest poi=None combat=False
[16:55:28.645] [D] [Pulse] Slow bot root: 166ms bot=Wholesome Auto Quest poi=None combat=False
[16:55:28.912] [D] [Pulse] Slow bot root: 167ms bot=Wholesome Auto Quest poi=None combat=False
[16:55:29.177] [D] [Pulse] Slow bot root: 165ms bot=Wholesome Auto Quest poi=None combat=False
[16:55:29.444] [D] [Pulse] Slow bot root: 166ms bot=Wholesome Auto Quest poi=None combat=False
[16:55:29.712] [D] [Pulse] Slow bot root: 167ms bot=Wholesome Auto Quest poi=None combat=False
[16:55:29.979] [D] [Pulse] Slow bot root: 166ms bot=Wholesome Auto Quest poi=None combat=False
[16:55:30.243] [D] [Pulse] Slow bot root: 164ms bot=Wholesome Auto Quest poi=None combat=False
[16:55:30.342] [D] [Pulse] Slow plugin: name=Tidy Bags 3 Reloaded elapsed=53ms
[16:55:30.508] [D] [Pulse] Slow bot root: 165ms bot=Wholesome Auto Quest poi=None combat=False
[16:55:30.774] [D] [Pulse] Slow bot root: 164ms bot=Wholesome Auto Quest poi=None combat=False
[16:55:31.044] [D] [Pulse] Slow bot root: 167ms bot=Wholesome Auto Quest poi=None combat=False
[16:55:31.312] [D] [Pulse] Slow bot root: 167ms bot=Wholesome Auto Quest poi=None combat=False
[16:55:31.579] [D] [Pulse] Slow bot root: 167ms bot=Wholesome Auto Quest poi=None combat=False
[16:55:31.848] [D] [Pulse] Slow bot root: 169ms bot=Wholesome Auto Quest poi=None combat=False
[16:55:32.115] [D] [Pulse] Slow bot root: 133ms bot=Wholesome Auto Quest poi=None combat=False
[16:55:32.319] [D] [Pulse] Slow bot root: 101ms bot=Wholesome Auto Quest poi=None combat=False
[16:55:33.091] [D] [Pulse] Slow bot root: 168ms bot=Wholesome Auto Quest poi=None combat=False
[16:55:33.894] [D] [Pulse] Slow bot root: 166ms bot=Wholesome Auto Quest poi=None combat=False
[16:55:34.684] [D] [Pulse] Slow bot root: 165ms bot=Wholesome Auto Quest poi=None combat=False
[16:55:36.578] [N] There are 60 hostile mobs near our corpse.
[16:55:38.505] [N] Loading 1_37_36
[16:55:38.505] [N] Loading 1_37_35
[16:55:38.505] [N] Loading 1_41_35
[16:55:38.505] [N] Loading 1_41_36
[16:55:38.505] [N] Loading 1_37_37
[16:55:38.505] [N] Loading 1_39_38
[16:55:38.505] [N] Loading 1_38_38
[16:55:38.505] [N] Loading 1_37_34
[16:55:38.505] [N] Loading 1_40_38
[16:55:38.505] [N] Loading 1_37_38
[16:55:38.505] [N] Loading 1_36_35
[16:55:38.505] [N] Loading 1_36_36
[16:55:38.505] [N] Loading 1_41_37
[16:55:38.505] [N] Loading 1_36_37
[16:55:38.505] [N] Loading 1_39_39
[16:55:38.505] [N] Loading 1_38_39
[16:55:38.505] [N] Loading 1_41_38
[16:55:38.505] [N] Loading 1_36_34
[16:55:38.505] [N] Loading 1_36_38
[16:55:38.505] [N] Loading 1_40_39
[16:55:38.505] [N] Loading 1_35_36
[16:55:38.505] [N] Loading 1_35_35
[16:55:38.505] [N] Loading 1_37_39
[16:55:38.505] [N] Loading 1_41_34
[16:55:38.505] [N] Loading 1_42_35
[16:55:38.505] [N] Loading 1_41_39
[16:55:38.505] [N] Loading 1_35_34
[16:55:38.505] [N] Loading 1_36_39
[16:55:38.505] [N] Loading 1_35_37
[16:55:38.505] [N] Loading 1_42_34
[16:55:38.505] [N] Loading 1_42_36
[16:55:38.505] [N] Loading 1_36_33
[16:55:38.505] [N] Loading 1_37_33
[16:55:38.505] [N] Loading 1_39_40
[16:55:38.505] [N] Loading 1_38_40
[16:55:38.505] [N] Loading 1_34_36
[16:55:38.505] [N] Loading 1_37_40
[16:55:38.505] [N] Loading 1_35_38
[16:55:38.505] [N] Loading 1_40_40
[16:55:38.505] [N] Loading 1_40_33
[16:55:38.505] [N] Loading 1_41_33
[16:55:38.505] [N] Loading 1_34_35
[16:55:38.505] [N] Loading 1_35_33
[16:55:38.505] [N] Loading 1_42_37
[16:55:38.505] [N] Loading 1_34_37
[16:55:38.505] [N] Loading 1_36_40
[16:55:38.505] [N] Loading 1_34_34
[16:55:38.505] [N] Loading 1_35_39
[16:55:38.505] [N] Loading 1_39_33
[16:55:38.505] [N] Loading 1_43_36
[16:55:38.505] [N] Loading 1_36_32
[16:55:38.505] [N] Loading 1_37_32
[16:55:38.505] [N] Loading 1_34_38
[16:55:38.505] [N] Loading 1_35_32
[16:55:38.505] [N] Loading 1_33_36
[16:55:38.505] [N] Loading 1_39_41
[16:55:38.505] [N] Loading 1_33_35
[16:55:38.505] [N] Loading 1_34_33
[16:55:38.505] [N] Loading 1_42_38
[16:55:38.505] [N] Loading 1_35_40
[16:55:38.505] [N] Loading 1_40_32
[16:55:38.505] [N] Loading 1_38_41
[16:55:38.505] [N] Loading 1_33_37
[16:55:38.505] [N] Loading 1_39_32
[16:55:38.505] [N] Loading 1_33_34
[16:55:38.505] [N] Loading 1_37_41
[16:55:38.505] [N] Loading 1_36_31
[16:55:38.505] [N] Loading 1_37_31
[16:55:38.505] [N] Loading 1_34_39
[16:55:38.505] [N] Loading 1_43_37
[16:55:38.505] [N] Loading 1_34_32
[16:55:38.505] [N] Loading 1_40_41
[16:55:38.505] [N] Loading 1_33_38
[16:55:38.505] [N] Loading 1_43_38
[16:55:38.505] [N] Loading 1_36_41
[16:55:38.505] [N] Loading 1_35_31
[16:55:38.505] [N] Loading 1_41_32
[16:55:38.505] [N] Loading 1_32_36
[16:55:38.505] [N] Loading 1_32_37
[16:55:38.505] [N] Loading 1_33_33
[16:55:38.505] [N] Loading 1_32_35
[16:55:38.505] [N] Loading 1_42_39
[16:55:38.505] [N] Loading 1_40_31
[16:55:38.505] [N] Loading 1_39_31
[16:55:38.505] [N] Loading 1_38_31
[16:55:38.505] [N] Loading 1_38_32
[16:55:38.505] [N] Loading 1_32_34
[16:55:38.505] [N] Loading 1_34_31
[16:55:38.505] [N] Loading 1_34_40
[16:55:38.505] [N] Loading 1_35_41
[16:55:38.505] [N] Loading 1_33_39
[16:55:38.505] [N] Loading 1_33_32
[16:55:38.505] [N] Loading 1_43_39
[16:55:38.505] [N] Loading 1_32_38
[16:55:38.505] [N] Loading 1_38_33
[16:55:38.505] [N] Loading 1_36_30
[16:55:38.505] [N] Loading 1_39_42
[16:55:38.505] [N] Loading 1_38_42
[16:55:38.505] [N] Loading 1_41_31
[16:55:38.505] [N] Loading 1_41_40
[16:55:38.505] [N] Loading 1_41_41
[16:55:38.505] [N] Loading 1_35_30
[16:55:38.505] [N] Loading 1_44_38
[16:55:38.505] [N] Loading 1_33_31
[16:55:38.505] [N] Loading 1_42_40
[16:55:38.505] [N] Loading 1_31_37
[16:55:38.505] [N] Loading 1_37_42
[16:55:38.505] [N] Loading 1_31_36
[16:55:38.505] [N] Loading 1_32_39
[16:55:38.505] [N] Loading 1_40_42
[16:55:38.505] [N] Loading 1_44_39
[16:55:38.505] [N] Loading 1_31_35
[16:55:38.505] [N] Loading 1_32_33
[16:55:38.506] [N] Loading 1_44_37
[16:55:38.506] [N] Loading 1_39_30
[16:55:38.506] [N] Loading 1_40_30
[16:55:39.277] [N] Loading 1_31_34
[16:55:39.277] [N] Loading 1_43_40
[16:55:39.277] [N] Loading 1_33_40
[16:55:39.277] [N] Loading 1_32_32
[16:55:39.277] [N] Loading 1_34_41
[16:55:39.277] [N] Loading 1_41_30
[16:55:39.277] [N] Loading 1_34_30
[16:55:39.277] [N] Loading 1_36_42
[16:55:39.277] [N] Loading 1_31_38
[16:55:39.277] [N] Loading 1_31_33
[16:55:39.277] [N] Loading 1_42_31
[16:55:39.277] [N] Loading 1_33_30
[16:55:39.277] [N] Loading 1_32_31
[16:55:39.277] [N] Loading 1_41_42
[16:55:39.277] [N] Loading 1_44_40
[16:55:39.277] [N] Loading 1_35_42
[16:55:39.277] [N] Loading 1_42_32
[16:55:39.277] [N] Loading 1_30_36
[16:55:39.277] [N] Loading 1_30_37
[16:55:39.277] [N] Loading 1_42_30
[16:55:39.277] [N] Loading 1_45_39
[16:55:39.277] [N] Loading 1_45_38
[16:55:39.277] [N] Loading 1_30_35
[16:55:39.277] [N] Loading 1_42_41
[16:55:39.277] [N] Loading 1_31_39
[16:55:39.277] [N] Loading 1_39_43
[16:55:39.277] [N] Loading 1_30_34
[16:55:39.277] [N] Loading 1_38_43
[16:55:39.277] [N] Loading 1_30_38
[16:55:39.277] [N] Loading 1_31_32
[16:55:39.277] [N] Loading 1_40_29
[16:55:39.277] [N] Loading 1_33_41
[16:55:39.277] [N] Loading 1_37_43
[16:55:39.277] [N] Loading 1_40_43
[16:55:39.277] [N] Loading 1_34_42
[16:55:39.277] [N] Loading 1_41_29
[16:55:39.277] [N] Loading 1_32_40
[16:55:39.277] [N] Loading 1_31_40
[16:55:39.277] [N] Loading 1_30_33
[16:55:39.277] [N] Loading 1_45_37
[16:55:39.277] [N] Loading 1_30_39
[16:55:39.277] [N] Loading 1_29_37
[16:55:39.277] [N] Loading 1_29_36
[16:55:39.277] [N] Loading 1_36_43
[16:55:39.277] [N] Loading 1_42_42
[16:55:39.277] [N] Loading 1_29_35
[16:55:39.277] [N] Loading 1_31_31
[16:55:39.277] [N] Loading 1_46_38
[16:55:39.277] [N] Loading 1_46_39
[16:55:39.277] [N] Loading 1_45_40
[16:55:39.277] [N] Loading 1_32_41
[16:55:39.277] [N] Loading 1_44_36
[16:55:39.277] [N] Loading 1_29_34
[16:55:39.277] [N] Loading 1_45_36
[16:55:39.277] [N] Loading 1_35_43
[16:55:39.277] [N] Loading 1_33_42
[16:55:39.277] [N] Loading 1_29_38
[16:55:39.277] [N] Loading 1_46_37
[16:55:39.277] [N] Loading 1_30_40
[16:55:39.277] [N] Loading 1_43_41
[16:55:39.277] [N] Loading 1_42_29
[16:55:39.277] [N] Loading 1_39_29
[16:55:39.277] [N] Loading 1_41_28
[16:55:39.277] [N] Loading 1_40_28
[16:55:39.277] [N] Loading 1_46_40
[16:55:39.277] [N] Loading 1_31_41
[16:55:39.277] [N] Loading 1_29_39
[16:55:39.277] [N] Loading 1_39_44
[16:55:39.277] [N] Loading 1_28_36
[16:55:39.277] [N] Loading 1_38_44
[16:55:39.277] [N] Loading 1_46_36
[16:55:39.277] [N] Loading 1_34_43
[16:55:39.277] [N] Loading 1_32_42
[16:55:39.277] [N] Loading 1_28_35
[16:55:39.277] [N] Loading 1_44_41
[16:55:39.277] [N] Loading 1_45_41
[16:55:39.277] [N] Loading 1_30_41
[16:55:39.277] [N] Loading 1_42_28
[16:55:39.277] [N] Loading 1_47_38
[16:55:39.277] [N] Loading 1_47_39
[16:55:39.277] [N] Loading 1_32_30
[16:55:39.277] [N] Loading 1_28_37
[16:55:39.277] [N] Loading 1_37_44
[16:55:39.277] [N] Loading 1_31_30
[16:55:39.277] [N] Loading 1_40_44
[16:55:39.277] [N] Loading 1_43_42
[16:55:39.277] [N] Loading 1_47_37
[16:55:39.277] [N] Loading 1_33_43
[16:55:39.277] [N] Loading 1_30_31
[16:55:39.277] [N] Loading 1_28_38
[16:55:39.277] [N] Loading 1_29_40
[16:55:39.277] [N] Loading 1_38_30
[16:55:39.277] [N] Loading 1_38_29
[16:55:39.277] [N] Loading 1_46_41
[16:55:39.277] [N] Loading 1_43_29
[16:55:39.277] [N] Loading 1_43_30
[16:55:39.277] [N] Loading 1_36_44
[16:55:39.277] [N] Loading 1_47_40
[16:55:39.277] [N] Loading 1_31_42
[16:55:39.277] [N] Loading 1_40_27
[16:55:39.277] [N] Loading 1_30_30
[16:55:39.277] [N] Loading 1_41_27
[16:55:39.277] [N] Loading 1_28_34
[16:55:39.277] [N] Loading 1_47_36
[16:55:39.277] [N] Loading 1_43_28
[16:55:39.277] [N] Loading 1_28_39
[16:55:39.277] [N] Loading 1_27_36
[16:55:39.277] [N] Loading 1_27_35
[16:55:39.277] [N] Loading 1_35_44
[16:55:39.277] [N] Loading 1_39_28
[16:55:39.277] [N] Loading 1_29_41
[16:55:39.277] [N] Loading 1_48_38
[16:55:39.277] [N] Loading 1_48_39
[16:55:39.277] [N] Loading 1_32_43
[16:55:39.277] [N] Loading 1_27_37
[16:55:39.277] [N] Loading 1_39_27
[16:55:39.277] [N] Loading 1_30_42
[16:55:39.277] [N] Loading 1_30_32
[16:55:39.277] [N] Loading 1_44_42
[16:55:39.277] [N] Loading 1_45_42
[16:55:39.277] [N] Loading 1_48_37
[16:55:39.277] [N] Loading 1_46_35
[16:55:39.277] [N] Loading 1_29_31
[16:55:39.277] [N] Loading 1_28_40
[16:55:39.277] [N] Loading 1_47_41
[16:55:39.277] [N] Loading 1_47_35
[16:55:39.277] [N] Loading 1_27_34
[16:55:39.277] [N] Loading 1_48_40
[16:55:39.277] [N] Loading 1_29_32
[16:55:39.277] [N] Loading 1_42_27
[16:55:39.277] [N] Loading 1_34_44
[16:55:39.277] [N] Loading 1_29_30
[16:55:39.277] [N] Loading 1_38_28
[16:55:39.277] [N] Loading 1_46_42
[16:55:39.277] [N] Loading 1_48_36
[16:55:39.277] [N] Loading 1_38_27
[16:55:39.277] [N] Loading 1_29_42
[16:55:39.277] [N] Loading 1_27_38
[16:55:39.277] [N] Loading 1_28_41
[16:55:39.277] [N] Loading 1_33_44
[16:55:39.277] [N] Loading 1_40_26
[16:55:39.277] [N] Loading 1_28_33
[16:55:39.277] [N] Loading 1_41_26
[16:55:39.277] [N] Loading 1_29_33
[16:55:39.277] [N] Loading 1_39_26
[16:55:39.277] [N] Loading 1_47_42
[16:55:39.277] [N] Loading 1_30_29
[16:55:39.277] [N] Loading 1_26_35
[16:55:39.277] [N] Loading 1_31_43
[16:55:39.277] [N] Loading 1_48_41
[16:55:39.277] [N] Loading 1_49_38
[16:55:39.277] [N] Loading 1_49_39
[16:55:39.277] [N] Loading 1_26_37
[16:55:39.277] [N] Loading 1_26_36
[16:55:39.277] [N] Loading 1_48_35
[16:55:39.277] [N] Loading 1_26_34
[16:55:39.277] [N] Loading 1_27_39
[16:55:39.277] [N] Loading 1_37_28
[16:55:39.277] [N] Loading 1_49_37
[16:55:39.277] [N] Loading 1_27_33
[16:55:39.277] [N] Loading 1_29_29
[16:55:39.277] [N] Loading 1_28_31
[16:55:39.278] [N] Loading 1_28_32
[16:55:39.278] [N] Loading 1_37_27
[16:55:39.278] [N] Loading 1_49_40
[16:55:39.278] [N] Loading 1_30_43
[16:55:39.278] [N] Loading 1_26_38
[16:55:39.278] [N] Loading 1_27_40
[16:55:39.278] [N] Loading 1_49_36
[16:55:39.278] [N] Loading 1_43_27
[16:55:39.278] [N] Loading 1_26_33
[16:55:39.278] [N] Loading 1_37_29
[16:55:39.278] [N] Loading 1_32_44
[16:55:39.278] [N] Loading 1_31_29
[16:55:39.278] [N] Loading 1_28_30
[16:55:39.278] [N] Loading 1_42_26
[16:55:39.278] [N] Loading 1_38_26
[16:55:39.278] [N] Loading 1_44_43
[16:55:39.278] [N] Loading 1_45_43
[16:55:39.278] [N] Loading 1_28_42
[16:55:39.278] [N] Loading 1_27_41
[16:55:39.278] [N] Loading 1_45_35
[16:55:39.278] [N] Loading 1_36_28
[16:55:39.278] [N] Loading 1_27_32
[16:55:39.278] [N] Loading 1_25_35
[16:55:39.278] [N] Loading 1_49_35
[16:55:39.278] [N] Loading 1_48_42
[16:55:39.278] [N] Loading 1_37_26
[16:55:39.278] [N] Loading 1_28_29
[16:55:39.278] [N] Loading 1_50_38
[16:55:39.278] [N] Loading 1_50_39
[16:55:39.278] [N] Loading 1_46_43
[16:55:39.278] [N] Loading 1_49_41
[16:55:39.278] [N] Loading 1_47_43
[16:55:39.278] [N] Loading 1_36_27
[16:55:39.278] [N] Loading 1_46_34
[16:55:39.288] [D] Changed POI to: Type: Corpse, Name: Unknown, Guid: 0, Entry: 0, Location: (-4089.35, -2318.31, 128.22)
[16:55:39.288] [D] Activity: Moving to instance portal, since we died inside.
[16:55:39.288] [D] [Pulse] Slow bot root: 3973ms bot=Wholesome Auto Quest poi=Corpse combat=False
[16:55:40.655] [D] [Pulse] Slow plugin: name=Tidy Bags 3 Reloaded elapsed=46ms
[16:55:51.029] [D] [Pulse] Slow plugin: name=Tidy Bags 3 Reloaded elapsed=43ms
[16:56:01.384] [D] [Pulse] Slow plugin: name=Tidy Bags 3 Reloaded elapsed=44ms
[16:56:09.927] [N] [Wholesome Auto Quest] Bot running but not moving for 30s
[16:56:11.939] [D] [Pulse] Slow plugin: name=Tidy Bags 3 Reloaded elapsed=41ms
[16:56:20.575] [D] Activity: SafeRes timer expired - Grabbing our corpse where we are.
[16:56:20.608] [N] Clicking corpse popup...
[16:56:21.310] [D] Cleared POI - Reason Res timer expired. Grabbed our corpse.
[16:56:21.310] [D] Cleared POI
[16:56:21.310] [D] Activity: Moving to instance portal, since we died inside.
[16:56:21.343] [N] [Singular] Casting Holy Light on Myself
[16:56:21.343] [D] Spell_C::CastSpell(1026, 0, 0x6000000007EAB80, 0)
[16:56:21.476] [D] [Singular-DEBUG] Switched targets!
[16:56:21.476] [D] [Singular-DEBUG] Melee Distance: 5
[16:56:21.476] [D] [Singular-DEBUG] Health: 100
[16:56:21.476] [D] [Singular-DEBUG] Level: 25
[16:56:22.074] [D] [Pulse] Slow plugin: name=Tidy Bags 3 Reloaded elapsed=43ms
[16:56:26.769] [N] [Singular] Casting Exorcism on Bael'dun Rifleman
[16:56:26.769] [D] Spell_C::CastSpell(879, 0, 0xF130000D31007AB9, 0)
[16:56:29.828] [N] [Singular] Casting Exorcism on Bael'dun Rifleman
[16:56:29.828] [D] Spell_C::CastSpell(879, 0, 0xF130000D31007AB9, 0)
[16:56:36.879] [N] [Singular] Casting Holy Light on Myself
[16:56:36.879] [D] Spell_C::CastSpell(1026, 0, 0x6000000007EAB80, 0)
[16:56:40.868] [D] [Pulse] Slow plugin: name=DrinkPotions elapsed=111ms
[16:56:44.402] [D] [Pulse] Slow shared pulse: total=219ms movement=0 objects=0 lua=0 info=0 loot=3 targeting=27 events=0 plugins=187 routine=0
[16:56:47.432] [N] [Singular] Casting Exorcism on Bael'dun Rifleman
[16:56:47.432] [D] Spell_C::CastSpell(879, 0, 0xF130000D31007AB9, 0)
[16:56:50.751] [N] [Singular] Casting Flash of Light on Myself
[16:56:50.751] [D] Spell_C::CastSpell(19939, 0, 0x6000000007EAB80, 0)
[16:56:50.899] [D] [Pulse] Slow plugin: name=DrinkPotions elapsed=112ms
[16:56:56.916] [D] [Pulse] Slow bot root: 128ms bot=Wholesome Auto Quest poi=None combat=True
[16:56:58.397] [N] [Singular] Casting Flash of Light on Myself
[16:56:58.397] [D] Spell_C::CastSpell(19939, 0, 0x6000000007EAB80, 0)
[16:57:01.148] [D] [Pulse] Slow plugin: name=DrinkPotions elapsed=110ms
[16:57:04.003] [N] [Singular] Currect target is invalid. Switching to Bael'dun Soldier!
[16:57:04.009] [D] [Pulse] Slow bot root: 114ms bot=Wholesome Auto Quest poi=None combat=True
[16:57:04.397] [D] [Singular-DEBUG] Switched targets!
[16:57:04.398] [D] [Singular-DEBUG] Melee Distance: 5
[16:57:04.398] [D] [Singular-DEBUG] Health: 72.89156626506023
[16:57:04.398] [D] [Singular-DEBUG] Level: 24
[16:57:08.321] [N] [Singular] Casting Flash of Light on Myself
[16:57:08.321] [D] Spell_C::CastSpell(19939, 0, 0x6000000007EAB80, 0)
[16:57:08.843] [D] [Pulse] Slow shared pulse: total=273ms movement=0 objects=0 lua=5 info=0 loot=3 targeting=23 events=0 plugins=239 routine=0
[16:57:11.183] [D] [Pulse] Slow plugin: name=DrinkPotions elapsed=124ms
[16:57:18.664] [D] Activity: Releasing from corpse
[16:57:18.664] [N] I died.
[16:57:18.705] [D] Cleared POI
[16:57:18.705] [N] [DeathStallRecovery] Death detected at (-4090.05, -2335.37, 126.13); monitoring corpse-recovery movement.
[16:57:19.089] [D] [Pulse] Slow bot root: 106ms bot=Wholesome Auto Quest poi=None combat=False
[16:57:19.185] [D] [Pulse] Slow plugin: name=Tidy Bags 3 Reloaded elapsed=22ms
[16:57:19.185] [D] Activity: Moving to corpse
[16:57:19.318] [D] [Nav] Loaded 3 mesh tiles for one path query
[16:57:34.600] [D] [Pulse] Slow bot root: 165ms bot=Wholesome Auto Quest poi=None combat=False
[16:57:34.699] [D] [Pulse] Slow plugin: name=Tidy Bags 3 Reloaded elapsed=60ms
[16:57:34.899] [D] [Pulse] Slow bot root: 199ms bot=Wholesome Auto Quest poi=None combat=False
[16:57:35.202] [D] [Pulse] Slow bot root: 201ms bot=Wholesome Auto Quest poi=None combat=False
[16:57:35.505] [D] [Pulse] Slow bot root: 202ms bot=Wholesome Auto Quest poi=None combat=False
[16:57:35.775] [D] [Pulse] Slow bot root: 168ms bot=Wholesome Auto Quest poi=None combat=False
[16:57:36.041] [D] [Pulse] Slow bot root: 166ms bot=Wholesome Auto Quest poi=None combat=False
[16:57:36.307] [D] [Pulse] Slow bot root: 165ms bot=Wholesome Auto Quest poi=None combat=False
[16:57:36.576] [D] [Pulse] Slow bot root: 167ms bot=Wholesome Auto Quest poi=None combat=False
[16:57:36.845] [D] [Pulse] Slow bot root: 168ms bot=Wholesome Auto Quest poi=None combat=False
[16:57:37.113] [D] [Pulse] Slow bot root: 167ms bot=Wholesome Auto Quest poi=None combat=False
[16:57:37.381] [D] [Pulse] Slow bot root: 167ms bot=Wholesome Auto Quest poi=None combat=False
[16:57:37.649] [D] [Pulse] Slow bot root: 166ms bot=Wholesome Auto Quest poi=None combat=False
[16:57:37.917] [D] [Pulse] Slow bot root: 169ms bot=Wholesome Auto Quest poi=None combat=False
[16:57:38.186] [D] [Pulse] Slow bot root: 166ms bot=Wholesome Auto Quest poi=None combat=False
[16:57:38.451] [D] [Pulse] Slow bot root: 165ms bot=Wholesome Auto Quest poi=None combat=False
[16:57:38.719] [D] [Pulse] Slow bot root: 165ms bot=Wholesome Auto Quest poi=None combat=False
[16:57:39.021] [D] [Pulse] Slow bot root: 198ms bot=Wholesome Auto Quest poi=None combat=False
[16:57:39.320] [D] [Pulse] Slow bot root: 164ms bot=Wholesome Auto Quest poi=None combat=False
[16:57:39.588] [D] [Pulse] Slow bot root: 168ms bot=Wholesome Auto Quest poi=None combat=False
[16:57:39.855] [D] [Pulse] Slow bot root: 166ms bot=Wholesome Auto Quest poi=None combat=False
[16:57:40.120] [D] [Pulse] Slow bot root: 162ms bot=Wholesome Auto Quest poi=None combat=False
[16:57:40.386] [D] [Pulse] Slow bot root: 165ms bot=Wholesome Auto Quest poi=None combat=False
[16:57:40.651] [D] [Pulse] Slow bot root: 165ms bot=Wholesome Auto Quest poi=None combat=False
[16:57:40.924] [D] [Pulse] Slow bot root: 170ms bot=Wholesome Auto Quest poi=None combat=False
[16:57:41.189] [D] [Pulse] Slow bot root: 165ms bot=Wholesome Auto Quest poi=None combat=False
[16:57:41.455] [D] [Pulse] Slow bot root: 166ms bot=Wholesome Auto Quest poi=None combat=False
[16:57:41.757] [D] [Pulse] Slow bot root: 165ms bot=Wholesome Auto Quest poi=None combat=False
[16:57:42.054] [D] [Pulse] Slow bot root: 164ms bot=Wholesome Auto Quest poi=None combat=False
[16:57:42.324] [D] [Pulse] Slow bot root: 168ms bot=Wholesome Auto Quest poi=None combat=False
[16:57:42.590] [D] [Pulse] Slow bot root: 164ms bot=Wholesome Auto Quest poi=None combat=False
[16:57:42.859] [D] [Pulse] Slow bot root: 166ms bot=Wholesome Auto Quest poi=None combat=False
[16:57:43.129] [D] [Pulse] Slow bot root: 169ms bot=Wholesome Auto Quest poi=None combat=False
[16:57:43.399] [D] [Pulse] Slow bot root: 169ms bot=Wholesome Auto Quest poi=None combat=False
[16:57:43.667] [D] [Pulse] Slow bot root: 166ms bot=Wholesome Auto Quest poi=None combat=False
[16:57:43.936] [D] [Pulse] Slow bot root: 169ms bot=Wholesome Auto Quest poi=None combat=False
[16:57:44.201] [D] [Pulse] Slow bot root: 165ms bot=Wholesome Auto Quest poi=None combat=False
[16:57:44.502] [D] [Pulse] Slow bot root: 165ms bot=Wholesome Auto Quest poi=None combat=False
[16:57:44.772] [D] [Pulse] Slow bot root: 167ms bot=Wholesome Auto Quest poi=None combat=False
[16:57:44.872] [D] [Pulse] Slow plugin: name=Tidy Bags 3 Reloaded elapsed=55ms
[16:57:45.039] [D] [Pulse] Slow bot root: 166ms bot=Wholesome Auto Quest poi=None combat=False
[16:57:45.306] [D] [Pulse] Slow bot root: 167ms bot=Wholesome Auto Quest poi=None combat=False
[16:57:45.573] [D] [Pulse] Slow bot root: 166ms bot=Wholesome Auto Quest poi=None combat=False
[16:57:45.840] [D] [Pulse] Slow bot root: 166ms bot=Wholesome Auto Quest poi=None combat=False
[16:57:46.105] [D] [Pulse] Slow bot root: 165ms bot=Wholesome Auto Quest poi=None combat=False
[16:57:46.375] [D] [Pulse] Slow bot root: 167ms bot=Wholesome Auto Quest poi=None combat=False
[16:57:46.576] [D] [Pulse] Slow bot root: 100ms bot=Wholesome Auto Quest poi=None combat=False
[16:57:46.810] [D] [Pulse] Slow bot root: 133ms bot=Wholesome Auto Quest poi=None combat=False
[16:57:47.244] [D] [Pulse] Slow bot root: 133ms bot=Wholesome Auto Quest poi=None combat=False
[16:57:47.678] [D] [Pulse] Slow bot root: 132ms bot=Wholesome Auto Quest poi=None combat=False
[16:57:48.109] [D] [Pulse] Slow bot root: 130ms bot=Wholesome Auto Quest poi=None combat=False
[16:57:48.546] [D] [Pulse] Slow bot root: 135ms bot=Wholesome Auto Quest poi=None combat=False
[16:57:48.747] [D] [Pulse] Slow bot root: 101ms bot=Wholesome Auto Quest poi=None combat=False
[16:57:49.016] [D] [Pulse] Slow bot root: 134ms bot=Wholesome Auto Quest poi=None combat=False
[16:57:49.218] [D] [Pulse] Slow bot root: 101ms bot=Wholesome Auto Quest poi=None combat=False
[16:57:49.486] [D] [Pulse] Slow bot root: 132ms bot=Wholesome Auto Quest poi=None combat=False
[16:57:49.689] [D] [Pulse] Slow bot root: 101ms bot=Wholesome Auto Quest poi=None combat=False
[16:57:49.922] [D] [Pulse] Slow bot root: 132ms bot=Wholesome Auto Quest poi=None combat=False
[16:57:50.856] [N] There are 51 hostile mobs near our corpse.
[16:57:51.865] [N] Loading 1_37_36
[16:57:51.865] [N] Loading 1_37_35
[16:57:51.865] [N] Loading 1_41_35
[16:57:51.865] [N] Loading 1_41_36
[16:57:51.865] [N] Loading 1_37_37
[16:57:51.865] [N] Loading 1_39_38
[16:57:51.865] [N] Loading 1_38_38
[16:57:51.865] [N] Loading 1_37_34
[16:57:51.865] [N] Loading 1_40_38
[16:57:51.865] [N] Loading 1_37_38
[16:57:51.865] [N] Loading 1_36_35
[16:57:51.865] [N] Loading 1_36_36
[16:57:51.865] [N] Loading 1_41_37
[16:57:51.865] [N] Loading 1_36_37
[16:57:51.865] [N] Loading 1_39_39
[16:57:51.865] [N] Loading 1_38_39
[16:57:51.865] [N] Loading 1_41_38
[16:57:51.865] [N] Loading 1_36_34
[16:57:51.865] [N] Loading 1_36_38
[16:57:51.865] [N] Loading 1_40_39
[16:57:51.865] [N] Loading 1_35_36
[16:57:51.865] [N] Loading 1_35_35
[16:57:51.865] [N] Loading 1_37_39
[16:57:51.865] [N] Loading 1_41_34
[16:57:51.865] [N] Loading 1_42_35
[16:57:51.865] [N] Loading 1_35_34
[16:57:51.865] [N] Loading 1_41_39
[16:57:51.865] [N] Loading 1_36_39
[16:57:51.865] [N] Loading 1_35_37
[16:57:51.865] [N] Loading 1_42_34
[16:57:51.865] [N] Loading 1_42_36
[16:57:51.865] [N] Loading 1_36_33
[16:57:51.865] [N] Loading 1_37_33
[16:57:51.865] [N] Loading 1_39_40
[16:57:51.865] [N] Loading 1_38_40
[16:57:51.865] [N] Loading 1_34_36
[16:57:51.865] [N] Loading 1_37_40
[16:57:51.865] [N] Loading 1_35_38
[16:57:51.865] [N] Loading 1_40_40
[16:57:51.865] [N] Loading 1_40_33
[16:57:51.865] [N] Loading 1_41_33
[16:57:51.865] [N] Loading 1_34_35
[16:57:51.865] [N] Loading 1_35_33
[16:57:51.865] [N] Loading 1_42_37
[16:57:51.865] [N] Loading 1_34_37
[16:57:51.865] [N] Loading 1_36_40
[16:57:51.865] [N] Loading 1_34_34
[16:57:51.865] [N] Loading 1_35_39
[16:57:51.865] [N] Loading 1_39_33
[16:57:51.865] [N] Loading 1_36_32
[16:57:51.865] [N] Loading 1_43_36
[16:57:51.865] [N] Loading 1_37_32
[16:57:51.865] [N] Loading 1_34_38
[16:57:51.865] [N] Loading 1_35_32
[16:57:51.865] [N] Loading 1_33_36
[16:57:51.865] [N] Loading 1_39_41
[16:57:51.865] [N] Loading 1_33_35
[16:57:51.865] [N] Loading 1_34_33
[16:57:51.865] [N] Loading 1_35_40
[16:57:51.865] [N] Loading 1_42_38
[16:57:51.865] [N] Loading 1_40_32
[16:57:51.865] [N] Loading 1_38_41
[16:57:51.865] [N] Loading 1_33_37
[16:57:51.865] [N] Loading 1_39_32
[16:57:51.865] [N] Loading 1_33_34
[16:57:51.865] [N] Loading 1_37_41
[16:57:51.865] [N] Loading 1_36_31
[16:57:51.865] [N] Loading 1_37_31
[16:57:51.865] [N] Loading 1_34_39
[16:57:51.865] [N] Loading 1_34_32
[16:57:51.865] [N] Loading 1_43_37
[16:57:51.865] [N] Loading 1_40_41
[16:57:51.865] [N] Loading 1_33_38
[16:57:51.865] [N] Loading 1_43_38
[16:57:51.865] [N] Loading 1_36_41
[16:57:51.865] [N] Loading 1_35_31
[16:57:51.865] [N] Loading 1_41_32
[16:57:51.865] [N] Loading 1_32_36
[16:57:51.865] [N] Loading 1_32_37
[16:57:51.865] [N] Loading 1_33_33
[16:57:51.865] [N] Loading 1_32_35
[16:57:51.865] [N] Loading 1_42_39
[16:57:51.866] [N] Loading 1_40_31
[16:57:51.866] [N] Loading 1_39_31
[16:57:51.866] [N] Loading 1_38_31
[16:57:51.866] [N] Loading 1_38_32
[16:57:51.866] [N] Loading 1_32_34
[16:57:51.866] [N] Loading 1_34_40
[16:57:51.866] [N] Loading 1_34_31
[16:57:51.866] [N] Loading 1_35_41
[16:57:51.866] [N] Loading 1_33_39
[16:57:51.866] [N] Loading 1_33_32
[16:57:51.866] [N] Loading 1_43_39
[16:57:51.866] [N] Loading 1_32_38
[16:57:51.866] [N] Loading 1_38_33
[16:57:51.866] [N] Loading 1_36_30
[16:57:51.866] [N] Loading 1_39_42
[16:57:51.866] [N] Loading 1_38_42
[16:57:51.866] [N] Loading 1_41_31
[16:57:51.866] [N] Loading 1_41_40
[16:57:51.866] [N] Loading 1_35_30
[16:57:51.866] [N] Loading 1_41_41
[16:57:51.866] [N] Loading 1_44_38
[16:57:51.866] [N] Loading 1_33_31
[16:57:51.866] [N] Loading 1_37_42
[16:57:51.866] [N] Loading 1_31_37
[16:57:51.866] [N] Loading 1_42_40
[16:57:51.866] [N] Loading 1_31_36
[16:57:51.866] [N] Loading 1_32_39
[16:57:51.866] [N] Loading 1_40_42
[16:57:51.866] [N] Loading 1_31_35
[16:57:51.866] [N] Loading 1_32_33
[16:57:51.866] [N] Loading 1_44_39
[16:57:51.866] [N] Loading 1_44_37
[16:57:51.866] [N] Loading 1_39_30
[16:57:51.866] [N] Loading 1_40_30
[16:57:51.866] [N] Loading 1_31_34
[16:57:51.866] [N] Loading 1_43_40
[16:57:51.866] [N] Loading 1_33_40
[16:57:51.866] [N] Loading 1_32_32
[16:57:51.866] [N] Loading 1_34_41
[16:57:51.866] [N] Loading 1_41_30
[16:57:51.866] [N] Loading 1_34_30
[16:57:51.866] [N] Loading 1_36_42
[16:57:51.866] [N] Loading 1_31_38
[16:57:51.866] [N] Loading 1_31_33
[16:57:51.866] [N] Loading 1_42_31
[16:57:51.866] [N] Loading 1_33_30
[16:57:51.866] [N] Loading 1_32_31
[16:57:51.866] [N] Loading 1_41_42
[16:57:51.866] [N] Loading 1_44_40
[16:57:51.866] [N] Loading 1_35_42
[16:57:51.866] [N] Loading 1_42_32
[16:57:51.866] [N] Loading 1_30_36
[16:57:51.866] [N] Loading 1_30_37
[16:57:51.866] [N] Loading 1_42_30
[16:57:51.866] [N] Loading 1_45_39
[16:57:51.866] [N] Loading 1_45_38
[16:57:51.866] [N] Loading 1_30_35
[16:57:51.866] [N] Loading 1_31_39
[16:57:51.866] [N] Loading 1_42_41
[16:57:51.866] [N] Loading 1_39_43
[16:57:51.866] [N] Loading 1_30_34
[16:57:51.866] [N] Loading 1_38_43
[16:57:51.866] [N] Loading 1_30_38
[16:57:51.866] [N] Loading 1_31_32
[16:57:51.866] [N] Loading 1_40_29
[16:57:51.866] [N] Loading 1_33_41
[16:57:51.866] [N] Loading 1_37_43
[16:57:51.866] [N] Loading 1_40_43
[16:57:51.866] [N] Loading 1_34_42
[16:57:51.866] [N] Loading 1_32_40
[16:57:51.866] [N] Loading 1_41_29
[16:57:51.866] [N] Loading 1_31_40
[16:57:51.866] [N] Loading 1_30_33
[16:57:51.866] [N] Loading 1_45_37
[16:57:51.866] [N] Loading 1_30_39
[16:57:51.866] [N] Loading 1_29_37
[16:57:51.866] [N] Loading 1_29_36
[16:57:51.866] [N] Loading 1_36_43
[16:57:51.866] [N] Loading 1_42_42
[16:57:51.866] [N] Loading 1_29_35
[16:57:51.866] [N] Loading 1_31_31
[16:57:51.866] [N] Loading 1_46_38
[16:57:51.866] [N] Loading 1_46_39
[16:57:51.866] [N] Loading 1_45_40
[16:57:51.866] [N] Loading 1_32_41
[16:57:51.866] [N] Loading 1_29_34
[16:57:51.866] [N] Loading 1_44_36
[16:57:51.866] [N] Loading 1_35_43
[16:57:51.866] [N] Loading 1_29_38
[16:57:51.866] [N] Loading 1_33_42
[16:57:51.866] [N] Loading 1_45_36
[16:57:51.866] [N] Loading 1_46_37
[16:57:51.866] [N] Loading 1_30_40
[16:57:51.866] [N] Loading 1_42_29
[16:57:51.866] [N] Loading 1_43_41
[16:57:51.866] [N] Loading 1_39_29
[16:57:51.866] [N] Loading 1_41_28
[16:57:51.866] [N] Loading 1_40_28
[16:57:51.866] [N] Loading 1_46_40
[16:57:51.866] [N] Loading 1_31_41
[16:57:51.866] [N] Loading 1_29_39
[16:57:51.866] [N] Loading 1_39_44
[16:57:51.866] [N] Loading 1_28_36
[16:57:51.866] [N] Loading 1_38_44
[16:57:51.866] [N] Loading 1_46_36
[16:57:51.866] [N] Loading 1_34_43
[16:57:51.866] [N] Loading 1_32_42
[16:57:51.866] [N] Loading 1_28_35
[16:57:51.866] [N] Loading 1_44_41
[16:57:51.866] [N] Loading 1_45_41
[16:57:51.866] [N] Loading 1_30_41
[16:57:51.866] [N] Loading 1_42_28
[16:57:51.866] [N] Loading 1_47_38
[16:57:51.866] [N] Loading 1_47_39
[16:57:51.866] [N] Loading 1_32_30
[16:57:51.866] [N] Loading 1_28_37
[16:57:51.866] [N] Loading 1_31_30
[16:57:51.866] [N] Loading 1_37_44
[16:57:51.866] [N] Loading 1_40_44
[16:57:51.866] [N] Loading 1_43_42
[16:57:51.866] [N] Loading 1_30_31
[16:57:51.866] [N] Loading 1_33_43
[16:57:51.866] [N] Loading 1_47_37
[16:57:51.866] [N] Loading 1_28_38
[16:57:51.866] [N] Loading 1_29_40
[16:57:51.866] [N] Loading 1_38_30
[16:57:51.866] [N] Loading 1_38_29
[16:57:51.866] [N] Loading 1_46_41
[16:57:51.866] [N] Loading 1_43_29
[16:57:51.866] [N] Loading 1_43_30
[16:57:51.866] [N] Loading 1_36_44
[16:57:51.866] [N] Loading 1_31_42
[16:57:51.866] [N] Loading 1_47_40
[16:57:51.866] [N] Loading 1_40_27
[16:57:51.866] [N] Loading 1_30_30
[16:57:51.866] [N] Loading 1_41_27
[16:57:51.866] [N] Loading 1_28_34
[16:57:51.866] [N] Loading 1_47_36
[16:57:51.866] [N] Loading 1_43_28
[16:57:51.866] [N] Loading 1_28_39
[16:57:51.866] [N] Loading 1_27_36
[16:57:51.866] [N] Loading 1_27_35
[16:57:51.866] [N] Loading 1_39_28
[16:57:51.866] [N] Loading 1_35_44
[16:57:51.866] [N] Loading 1_29_41
[16:57:51.866] [N] Loading 1_32_43
[16:57:51.866] [N] Loading 1_27_37
[16:57:51.866] [N] Loading 1_48_38
[16:57:51.866] [N] Loading 1_48_39
[16:57:51.866] [N] Loading 1_39_27
[16:57:51.866] [N] Loading 1_30_42
[16:57:51.866] [N] Loading 1_30_32
[16:57:51.866] [N] Loading 1_44_42
[16:57:51.866] [N] Loading 1_45_42
[16:57:51.866] [N] Loading 1_48_37
[16:57:51.866] [N] Loading 1_46_35
[16:57:51.866] [N] Loading 1_29_31
[16:57:51.866] [N] Loading 1_28_40
[16:57:51.866] [N] Loading 1_47_41
[16:57:51.866] [N] Loading 1_47_35
[16:57:51.866] [N] Loading 1_27_34
[16:57:51.866] [N] Loading 1_48_40
[16:57:51.866] [N] Loading 1_29_32
[16:57:51.866] [N] Loading 1_42_27
[16:57:51.866] [N] Loading 1_29_30
[16:57:51.866] [N] Loading 1_34_44
[16:57:51.866] [N] Loading 1_38_28
[16:57:51.866] [N] Loading 1_46_42
[16:57:51.866] [N] Loading 1_48_36
[16:57:51.866] [N] Loading 1_29_42
[16:57:51.866] [N] Loading 1_38_27
[16:57:51.866] [N] Loading 1_27_38
[16:57:51.866] [N] Loading 1_28_41
[16:57:51.866] [N] Loading 1_33_44
[16:57:51.866] [N] Loading 1_40_26
[16:57:51.866] [N] Loading 1_28_33
[16:57:51.866] [N] Loading 1_41_26
[16:57:51.866] [N] Loading 1_29_33
[16:57:51.866] [N] Loading 1_39_26
[16:57:51.866] [N] Loading 1_30_29
[16:57:51.866] [N] Loading 1_47_42
[16:57:51.866] [N] Loading 1_26_35
[16:57:51.866] [N] Loading 1_31_43
[16:57:51.866] [N] Loading 1_26_37
[16:57:51.866] [N] Loading 1_26_36
[16:57:51.866] [N] Loading 1_49_38
[16:57:51.866] [N] Loading 1_48_41
[16:57:51.866] [N] Loading 1_49_39
[16:57:51.866] [N] Loading 1_48_35
[16:57:51.866] [N] Loading 1_26_34
[16:57:51.866] [N] Loading 1_27_39
[16:57:51.866] [N] Loading 1_37_28
[16:57:51.866] [N] Loading 1_49_37
[16:57:51.866] [N] Loading 1_27_33
[16:57:51.866] [N] Loading 1_29_29
[16:57:51.866] [N] Loading 1_28_31
[16:57:51.866] [N] Loading 1_28_32
[16:57:51.866] [N] Loading 1_37_27
[16:57:51.866] [N] Loading 1_30_43
[16:57:51.866] [N] Loading 1_49_40
[16:57:51.866] [N] Loading 1_26_38
[16:57:51.866] [N] Loading 1_27_40
[16:57:51.866] [N] Loading 1_43_27
[16:57:51.866] [N] Loading 1_26_33
[16:57:51.866] [N] Loading 1_49_36
[16:57:51.866] [N] Loading 1_32_44
[16:57:51.866] [N] Loading 1_37_29
[16:57:51.866] [N] Loading 1_31_29
[16:57:51.866] [N] Loading 1_28_30
[16:57:51.866] [N] Loading 1_42_26
[16:57:51.866] [N] Loading 1_38_26
[16:57:51.866] [N] Loading 1_44_43
[16:57:51.866] [N] Loading 1_45_43
[16:57:51.866] [N] Loading 1_28_42
[16:57:51.866] [N] Loading 1_27_41
[16:57:51.866] [N] Loading 1_45_35
[16:57:51.866] [N] Loading 1_36_28
[16:57:51.866] [N] Loading 1_27_32
[16:57:51.866] [N] Loading 1_25_35
[16:57:51.866] [N] Loading 1_37_26
[16:57:51.866] [N] Loading 1_49_35
[16:57:51.866] [N] Loading 1_48_42
[16:57:51.866] [N] Loading 1_28_29
[16:57:51.866] [N] Loading 1_50_38
[16:57:51.866] [N] Loading 1_50_39
[16:57:51.866] [N] Loading 1_46_43
[16:57:51.866] [N] Loading 1_49_41
[16:57:51.866] [N] Loading 1_36_27
[16:57:51.866] [N] Loading 1_47_43
[16:57:51.866] [N] Loading 1_46_34
[16:57:51.866] [N] Loading 1_29_43
[16:57:51.866] [N] Loading 1_39_25
[16:57:51.866] [N] Loading 1_30_28
[16:57:51.866] [N] Loading 1_44_35
[16:57:51.866] [N] Loading 1_26_39
[16:57:51.866] [N] Loading 1_45_34
[16:57:51.866] [N] Loading 1_31_28
[16:57:51.866] [N] Loading 1_25_34
[16:57:51.866] [N] Loading 1_26_32
[16:57:51.866] [N] Loading 1_43_26
[16:57:51.866] [N] Loading 1_36_29
[16:57:51.866] [N] Loading 1_50_37
[16:57:51.866] [N] Loading 1_47_34
[16:57:51.866] [N] Loading 1_25_38
[16:57:51.866] [N] Loading 1_31_44
[16:57:51.866] [N] Loading 1_44_34
[16:57:51.866] [N] Loading 1_43_35
[16:57:51.866] [N] Loading 1_40_25
[16:57:51.866] [N] Loading 1_50_36
[16:57:51.866] [N] Loading 1_29_28
[16:57:51.866] [N] Loading 1_38_25
[16:57:51.866] [N] Loading 1_41_25
[16:57:51.866] [N] Loading 1_25_37
[16:57:51.866] [N] Loading 1_27_31
[16:57:51.866] [N] Loading 1_43_34
[16:57:51.866] [N] Loading 1_36_26
[16:57:51.866] [N] Loading 1_25_33
[16:57:51.866] [N] Loading 1_27_30
[16:57:51.866] [N] Loading 1_45_33
[16:57:51.866] [N] Loading 1_46_33
[16:57:51.866] [N] Loading 1_27_42
[16:57:51.866] [N] Loading 1_30_44
[16:57:51.866] [N] Loading 1_24_34
[16:57:51.866] [N] Loading 1_25_39
[16:57:51.866] [N] Loading 1_26_31
[16:57:51.866] [N] Loading 1_24_35
[16:57:51.866] [N] Loading 1_26_40
[16:57:51.866] [N] Loading 1_32_28
[16:57:51.866] [N] Loading 1_48_43
[16:57:51.866] [N] Loading 1_44_33
[16:57:51.866] [N] Loading 1_47_33
[16:57:51.866] [N] Loading 1_44_27
[16:57:51.866] [N] Loading 1_27_29
[16:57:51.866] [N] Loading 1_28_43
[16:57:51.866] [N] Loading 1_32_29
[16:57:51.866] [N] Loading 1_35_27
[16:57:51.866] [N] Loading 1_25_32
[16:57:51.866] [N] Loading 1_42_25
[16:57:52.514] [D] Changed POI to: Type: Corpse, Name: Unknown, Guid: 0, Entry: 0, Location: (-4107.55, -2305.06, 128.26)
[16:57:52.514] [D] Activity: Moving to instance portal, since we died inside.
[16:57:52.514] [D] [Pulse] Slow bot root: 2458ms bot=Wholesome Auto Quest poi=Corpse combat=False
[16:57:55.046] [D] [Pulse] Slow plugin: name=Tidy Bags 3 Reloaded elapsed=48ms
[16:58:05.334] [D] [Pulse] Slow plugin: name=Tidy Bags 3 Reloaded elapsed=48ms
[16:58:15.649] [D] [Pulse] Slow plugin: name=Tidy Bags 3 Reloaded elapsed=48ms
[16:58:23.007] [N] [Wholesome Auto Quest] Bot running but not moving for 30s
[16:58:26.276] [D] [Pulse] Slow plugin: name=Tidy Bags 3 Reloaded elapsed=43ms
[16:58:33.591] [D] Activity: SafeRes timer expired - Grabbing our corpse where we are.
[16:58:33.624] [N] Clicking corpse popup...
[16:58:34.327] [D] Cleared POI - Reason Res timer expired. Grabbed our corpse.
[16:58:34.327] [D] Cleared POI
[16:58:34.327] [D] Activity: Moving to instance portal, since we died inside.
[16:58:34.360] [N] [Singular] Casting Holy Light on Myself
[16:58:34.360] [D] Spell_C::CastSpell(1026, 0, 0x6000000007EAB80, 0)
[16:58:35.795] [N] Eating Bristle Whisker Catfish
[16:58:36.599] [D] [Pulse] Slow plugin: name=Tidy Bags 3 Reloaded elapsed=50ms
[16:58:37.203] [N] Drinking Melon Juice
[16:58:44.645] [D] [Pulse] Slow plugin: name=AutoEquip2 elapsed=249ms
[16:58:44.712] [D] [Pulse] Slow shared pulse: total=366ms movement=0 objects=0 lua=0 info=0 loot=2 targeting=46 events=0 plugins=315 routine=0
[16:58:46.822] [D] [Pulse] Slow plugin: name=Tidy Bags 3 Reloaded elapsed=49ms
[16:58:51.023] [N] [Singular] Casting Blessing of Kings on Myself
[16:58:51.023] [D] Spell_C::CastSpell(20217, 0, 0x6000000007EAB80, 0)
[16:58:51.058] [D] [Pulse] Slow bot root: 101ms bot=Wholesome Auto Quest poi=None combat=False
[16:58:51.799] [D] Changed POI to: Type: Sell, Name: Malgin Barleybrew, Guid: 0, Entry: 5848, Location: (-4084.18, -2403.32, 125.30)
[16:58:51.924] [D] [Pulse] Slow plugin: name=Vendor Recovery elapsed=33ms
[16:58:51.925] [N] [Wholesome Auto Quest] Blacklisted vendor Malgin Barleybrew (Entry:5848) — stuck for 59s, forcing re-scan
[16:58:51.925] [D] Cleared POI - Reason Wholesome vendor endpoint failed
[16:58:51.925] [D] Cleared POI
[16:58:51.925] [N] [Wholesome Auto Quest] Vendor endpoint failed; queuing one scheduler rebuild.
[16:58:52.462] [D] Changed POI to: Type: Sell, Name: Malgin Barleybrew, Guid: 0, Entry: 5848, Location: (-4084.18, -2403.32, 125.30)
[16:58:53.595] [D] [QuestLog] Loaded 75 completed quests from Lua fallback
[16:58:53.636] [D] Activity: No eligible quest work; idle until 2026-09-08T09:10:22.7442338Z. excluded quest=104;stage=Pickup;npc=392;reason=outside-scan-radius;retry=context-change excluded quest=1058;stage=Pickup;npc=3995;reason=outside-scan-radius;retry=context-change excluded quest=1062;stage=TurnIn;npc=4049;reason=outside-scan-radius;retry=context-change excluded quest=1069;stage=Objective;objective=0;reason=outside-scan-radius;retry=context-change. excluded quest=1087;stage=Objective;objective=2;reason=outside-scan-radius;retry=context-change. excluded quest=1093;stage=Objective;scope=Objective;objective=0;retry=2026-09-08T09:10:22.7442338Z;state=HalfOpen. excluded quest=11127;stage=Pickup;scope=QuestStage;retry=2026-09-08T09:10:22.7442338Z;state=HalfOpen. excluded quest=1195;stage=Pickup;npc=4721;reason=outside-scan-radius;retry=context-change excluded quest=14106;stage=Pickup;scope=QuestStage;retry=2026-09-08T09:10:22.7442338Z;state=HalfOpen. excluded quest=1483;stage=Pickup;scope=NpcRelation;npc=3442;retry=2026-09-08T09:10:22.7442338Z;state=HalfOpen. excluded quest=152;stage=Pickup;npc=392;reason=outside-scan-radius;retry=context-change excluded quest=2098;stage=Pickup;npc=6667;reason=outside-scan-radius;retry=context-change excluded quest=216;stage=Pickup;npc=12757;reason=outside-scan-radius;retry=context-change excluded quest=235;stage=Pickup;npc=10880;reason=outside-scan-radius;retry=context-change excluded quest=4542;stage=Pickup;npc=10079;reason=outside-scan-radius;retry=context-change excluded quest=470;stage=Pickup;npc=2111;reason=outside-scan-radius;retry=context-change excluded quest=472;stage=Pickup;npc=2097;reason=outside-scan-radius;retry=context-change excluded quest=4821;stage=Pickup;npc=10539;reason=outside-scan-radius;retry=context-change excluded quest=4921;stage=Objective;scope=QuestStage;retry=2026-09-08T09:10:22.7442338Z;state=HalfOpen. excluded quest=493;stage=Pickup;npc=1937;reason=outside-scan-radius;retry=context-change excluded quest=494;stage=Pickup;npc=2214;reason=outside-scan-radius;retry=context-change excluded quest=496;stage=Pickup;npc=2216;reason=outside-scan-radius;retry=context-change excluded quest=498;stage=Pickup;npc=2229;reason=outside-scan-radius;retry=context-change excluded quest=501;stage=Pickup;npc=2216;reason=outside-scan-radius;retry=context-change excluded quest=516;stage=Pickup;npc=2121;reason=outside-scan-radius;retry=context-change excluded quest=527;stage=Pickup;npc=2215;reason=outside-scan-radius;retry=context-change excluded quest=546;stage=Pickup;npc=2418;reason=outside-scan-radius;retry=context-change excluded quest=549;stage=Pickup;npc=1763;reason=outside-scan-radius;retry=context-change excluded quest=6282;stage=Pickup;npc=11860;reason=outside-scan-radius;retry=context-change excluded quest=6381;stage=Pickup;npc=11864;reason=outside-scan-radius;retry=context-change excluded quest=6382;stage=TurnIn;npc=12696;reason=outside-scan-radius;retry=context-change excluded quest=6383;stage=Pickup;scope=NpcRelation;npc=12696;retry=2026-09-08T09:10:22.7442338Z;state=HalfOpen. excluded quest=6393;stage=Objective;scope=Objective;objective=0;retry=2026-09-08T09:10:22.7442338Z;state=HalfOpen. excluded quest=6441;stage=Objective;scope=Objective;objective=0;retry=2026-09-08T11:53:44.3110653Z;state=Quarantined. excluded quest=6442;stage=Pickup;npc=12719;reason=outside-scan-radius;retry=context-change excluded quest=6461;stage=TurnIn;npc=12816;reason=outside-scan-radius;retry=context-change excluded quest=6462;stage=Pickup;npc=12721;reason=outside-scan-radius;retry=context-change excluded quest=6541;stage=Pickup;scope=NpcRelation;npc=3429;retry=2026-09-08T09:10:22.7442338Z;state=HalfOpen. excluded quest=6543;stage=Objective;scope=Objective;objective=0;retry=2026-09-08T11:57:53.5602004Z;state=Quarantined. excluded quest=742;stage=Pickup;npc=10881;reason=outside-scan-radius;retry=context-change excluded quest=747;stage=Objective;scope=Objective;objective=0;retry=2026-09-08T13:06:01.2335671Z;state=Quarantined. excluded quest=747;stage=Objective;scope=Objective;objective=1;retry=2026-09-08T13:30:35.1661766Z;state=Quarantined. excluded quest=7790;stage=Pickup;scope=QuestStage;retry=2026-09-08T09:10:22.7442338Z;state=HalfOpen. excluded quest=843;stage=TurnIn;npc=3341;reason=outside-scan-radius;retry=context-change excluded quest=8487;stage=TurnIn;scope=QuestStage;retry=2026-09-08T09:10:22.7442338Z;state=HalfOpen. excluded quest=867;stage=Objective;scope=Objective;objective=0;retry=2026-09-08T13:46:19.0888015Z;state=Quarantined. excluded quest=868;stage=TurnIn;npc=3428;reason=outside-scan-radius;retry=context-change excluded quest=879;stage=Objective;scope=Objective;objective=0;retry=2026-09-08T14:12:05.6037548Z;state=Quarantined. excluded quest=879;stage=Objective;scope=Objective;objective=1;retry=2026-09-08T14:12:05.6038234Z;state=Quarantined. excluded quest=879;stage=Objective;scope=Objective;objective=2;retry=2026-09-08T14:12:05.6038609Z;state=Quarantined. excluded quest=8889;stage=Objective;objective=0;reason=outside-scan-radius;retry=context-change. excluded quest=8889;stage=Objective;objective=1;reason=outside-scan-radius;retry=context-change. excluded quest=8889;stage=Objective;objective=2;reason=outside-scan-radius;retry=context-change. excluded quest=891;stage=Objective;scope=QuestStage;retry=2026-09-08T09:10:22.7442338Z;state=HalfOpen. excluded quest=893;stage=Objective;scope=Objective;objective=0;retry=2026-09-08T12:48:05.9519603Z;state=Quarantined. excluded quest=893;stage=Objective;scope=Objective;objective=1;retry=2026-09-08T12:48:05.9520521Z;state=Quarantined. excluded quest=893;stage=Objective;scope=Objective;objective=2;retry=2026-09-08T12:48:05.9520844Z;state=Quarantined. excluded quest=896;stage=Objective;scope=Objective;objective=0;retry=2026-09-08T13:55:41.1186828Z;state=Quarantined. excluded quest=9067;stage=Objective;scope=Objective;objective=0;retry=2026-09-08T09:10:22.7442338Z;state=HalfOpen. excluded quest=9151;stage=Pickup;npc=16199;reason=outside-scan-radius;retry=context-change excluded quest=9157;stage=TurnIn;scope=QuestStage;retry=2026-09-08T09:10:22.7442338Z;state=HalfOpen. excluded quest=9275;stage=Pickup;npc=16464;reason=outside-scan-radius;retry=context-change excluded quest=9388;stage=Pickup;scope=QuestStage;retry=2026-09-08T09:10:22.7442338Z;state=HalfOpen. excluded quest=9389;stage=Pickup;scope=QuestStage;retry=2026-09-08T09:10:22.7442338Z;state=HalfOpen. excluded quest=9425;stage=Pickup;npc=16287;reason=outside-scan-radius;retry=context-change excluded quest=9428;stage=Pickup;npc=17098;reason=outside-scan-radius;retry=context-change excluded quest=9749;stage=Pickup;scope=QuestStage;retry=2026-09-08T09:10:22.7442338Z;state=HalfOpen. Expanding scan radius from 250 to 500 yards before fallback.
[16:58:54.844] [D] Activity: No eligible quest work; idle until 2026-09-08T09:10:22.7442338Z. excluded quest=104;stage=Pickup;npc=392;reason=outside-scan-radius;retry=context-change excluded quest=1058;stage=Pickup;npc=3995;reason=outside-scan-radius;retry=context-change excluded quest=1062;stage=TurnIn;npc=4049;reason=outside-scan-radius;retry=context-change excluded quest=1069;stage=Objective;objective=0;reason=outside-scan-radius;retry=context-change. excluded quest=1087;stage=Objective;objective=2;reason=outside-scan-radius;retry=context-change. excluded quest=1093;stage=Objective;scope=Objective;objective=0;retry=2026-09-08T09:10:22.7442338Z;state=HalfOpen. excluded quest=11127;stage=Pickup;scope=QuestStage;retry=2026-09-08T09:10:22.7442338Z;state=HalfOpen. excluded quest=1195;stage=Pickup;npc=4721;reason=outside-scan-radius;retry=context-change excluded quest=14106;stage=Pickup;scope=QuestStage;retry=2026-09-08T09:10:22.7442338Z;state=HalfOpen. excluded quest=1483;stage=Pickup;scope=NpcRelation;npc=3442;retry=2026-09-08T09:10:22.7442338Z;state=HalfOpen. excluded quest=152;stage=Pickup;npc=392;reason=outside-scan-radius;retry=context-change excluded quest=2098;stage=Pickup;npc=6667;reason=outside-scan-radius;retry=context-change excluded quest=216;stage=Pickup;npc=12757;reason=outside-scan-radius;retry=context-change excluded quest=235;stage=Pickup;npc=10880;reason=outside-scan-radius;retry=context-change excluded quest=4542;stage=Pickup;npc=10079;reason=outside-scan-radius;retry=context-change excluded quest=470;stage=Pickup;npc=2111;reason=outside-scan-radius;retry=context-change excluded quest=472;stage=Pickup;npc=2097;reason=outside-scan-radius;retry=context-change excluded quest=4821;stage=Pickup;npc=10539;reason=outside-scan-radius;retry=context-change excluded quest=4921;stage=Objective;scope=QuestStage;retry=2026-09-08T09:10:22.7442338Z;state=HalfOpen. excluded quest=493;stage=Pickup;npc=1937;reason=outside-scan-radius;retry=context-change excluded quest=494;stage=Pickup;npc=2214;reason=outside-scan-radius;retry=context-change excluded quest=496;stage=Pickup;npc=2216;reason=outside-scan-radius;retry=context-change excluded quest=498;stage=Pickup;npc=2229;reason=outside-scan-radius;retry=context-change excluded quest=501;stage=Pickup;npc=2216;reason=outside-scan-radius;retry=context-change excluded quest=516;stage=Pickup;npc=2121;reason=outside-scan-radius;retry=context-change excluded quest=527;stage=Pickup;npc=2215;reason=outside-scan-radius;retry=context-change excluded quest=546;stage=Pickup;npc=2418;reason=outside-scan-radius;retry=context-change excluded quest=549;stage=Pickup;npc=1763;reason=outside-scan-radius;retry=context-change excluded quest=6282;stage=Pickup;npc=11860;reason=outside-scan-radius;retry=context-change excluded quest=6381;stage=Pickup;npc=11864;reason=outside-scan-radius;retry=context-change excluded quest=6382;stage=TurnIn;npc=12696;reason=outside-scan-radius;retry=context-change excluded quest=6383;stage=Pickup;scope=NpcRelation;npc=12696;retry=2026-09-08T09:10:22.7442338Z;state=HalfOpen. excluded quest=6393;stage=Objective;scope=Objective;objective=0;retry=2026-09-08T09:10:22.7442338Z;state=HalfOpen. excluded quest=6441;stage=Objective;scope=Objective;objective=0;retry=2026-09-08T11:53:44.3110653Z;state=Quarantined. excluded quest=6442;stage=Pickup;npc=12719;reason=outside-scan-radius;retry=context-change excluded quest=6461;stage=TurnIn;npc=12816;reason=outside-scan-radius;retry=context-change excluded quest=6462;stage=Pickup;npc=12721;reason=outside-scan-radius;retry=context-change excluded quest=6541;stage=Pickup;scope=NpcRelation;npc=3429;retry=2026-09-08T09:10:22.7442338Z;state=HalfOpen. excluded quest=6543;stage=Objective;scope=Objective;objective=0;retry=2026-09-08T11:57:53.5602004Z;state=Quarantined. excluded quest=742;stage=Pickup;npc=10881;reason=outside-scan-radius;retry=context-change excluded quest=747;stage=Objective;scope=Objective;objective=0;retry=2026-09-08T13:06:01.2335671Z;state=Quarantined. excluded quest=747;stage=Objective;scope=Objective;objective=1;retry=2026-09-08T13:30:35.1661766Z;state=Quarantined. excluded quest=7790;stage=Pickup;scope=QuestStage;retry=2026-09-08T09:10:22.7442338Z;state=HalfOpen. excluded quest=843;stage=TurnIn;npc=3341;reason=outside-scan-radius;retry=context-change excluded quest=8487;stage=TurnIn;scope=QuestStage;retry=2026-09-08T09:10:22.7442338Z;state=HalfOpen. excluded quest=867;stage=Objective;scope=Objective;objective=0;retry=2026-09-08T13:46:19.0888015Z;state=Quarantined. excluded quest=868;stage=TurnIn;npc=3428;reason=outside-scan-radius;retry=context-change excluded quest=879;stage=Objective;scope=Objective;objective=0;retry=2026-09-08T14:12:05.6037548Z;state=Quarantined. excluded quest=879;stage=Objective;scope=Objective;objective=1;retry=2026-09-08T14:12:05.6038234Z;state=Quarantined. excluded quest=879;stage=Objective;scope=Objective;objective=2;retry=2026-09-08T14:12:05.6038609Z;state=Quarantined. excluded quest=8889;stage=Objective;objective=0;reason=outside-scan-radius;retry=context-change. excluded quest=8889;stage=Objective;objective=1;reason=outside-scan-radius;retry=context-change. excluded quest=8889;stage=Objective;objective=2;reason=outside-scan-radius;retry=context-change. excluded quest=891;stage=Objective;scope=QuestStage;retry=2026-09-08T09:10:22.7442338Z;state=HalfOpen. excluded quest=893;stage=Objective;scope=Objective;objective=0;retry=2026-09-08T12:48:05.9519603Z;state=Quarantined. excluded quest=893;stage=Objective;scope=Objective;objective=1;retry=2026-09-08T12:48:05.9520521Z;state=Quarantined. excluded quest=893;stage=Objective;scope=Objective;objective=2;retry=2026-09-08T12:48:05.9520844Z;state=Quarantined. excluded quest=896;stage=Objective;scope=Objective;objective=0;retry=2026-09-08T13:55:41.1186828Z;state=Quarantined. excluded quest=9067;stage=Objective;scope=Objective;objective=0;retry=2026-09-08T09:10:22.7442338Z;state=HalfOpen. excluded quest=9151;stage=Pickup;npc=16199;reason=outside-scan-radius;retry=context-change excluded quest=9157;stage=TurnIn;scope=QuestStage;retry=2026-09-08T09:10:22.7442338Z;state=HalfOpen. excluded quest=9275;stage=Pickup;npc=16464;reason=outside-scan-radius;retry=context-change excluded quest=9388;stage=Pickup;scope=QuestStage;retry=2026-09-08T09:10:22.7442338Z;state=HalfOpen. excluded quest=9389;stage=Pickup;scope=QuestStage;retry=2026-09-08T09:10:22.7442338Z;state=HalfOpen. excluded quest=9425;stage=Pickup;npc=16287;reason=outside-scan-radius;retry=context-change excluded quest=9428;stage=Pickup;npc=17098;reason=outside-scan-radius;retry=context-change excluded quest=9749;stage=Pickup;scope=QuestStage;retry=2026-09-08T09:10:22.7442338Z;state=HalfOpen. Expanding scan radius from 500 to 750 yards before fallback.
[16:58:55.635] [D] [Pulse] Slow plugin: name=AutoEquip2 elapsed=252ms
[16:58:55.734] [D] [Pulse] Slow shared pulse: total=400ms movement=0 objects=0 lua=0 info=0 loot=2 targeting=46 events=0 plugins=350 routine=0
[16:58:56.395] [D] [Nav] Loaded 4 mesh tiles for one path query
[16:58:56.396] [D] Loading profile from D:\World of Warcraft 3.3.5a\CB\Bots\WholesomeAutoQuest\WHOLESOME_AUTOQUESTER.xml
[16:58:56.398] [D] [CompileBatch] Compiling 2 entries...
[16:58:56.476] [D] [CompileBatch] Compiled successfully.
[16:58:56.476] [N] Profile loaded: WholesomeAQ - The Barrens
[16:58:56.498] [D] Selected sub-profile: WholesomeAQ - The Barrens (L1-80)
[16:58:56.498] [N] [Wholesome Auto Quest] Profile refreshed - Selected 2 quest work candidate(s). selected quest=843;stage=TurnIn;state=Eligible. selected quest=4542;stage=Pickup;state=Eligible. excluded quest=104;stage=Pickup;npc=392;reason=outside-scan-radius;retry=context-change excluded quest=1058;stage=Pickup;npc=3995;reason=outside-scan-radius;retry=context-change excluded quest=1062;stage=TurnIn;npc=4049;reason=outside-scan-radius;retry=context-change excluded quest=1069;stage=Objective;objective=0;reason=outside-scan-radius;retry=context-change. excluded quest=1087;stage=Objective;objective=2;reason=outside-scan-radius;retry=context-change. excluded quest=1093;stage=Objective;scope=Objective;objective=0;retry=2026-09-08T09:10:22.7442338Z;state=HalfOpen. excluded quest=11127;stage=Pickup;scope=QuestStage;retry=2026-09-08T09:10:22.7442338Z;state=HalfOpen. excluded quest=1195;stage=Pickup;npc=4721;reason=outside-scan-radius;retry=context-change excluded quest=14106;stage=Pickup;scope=QuestStage;retry=2026-09-08T09:10:22.7442338Z;state=HalfOpen. excluded quest=1483;stage=Pickup;scope=NpcRelation;npc=3442;retry=2026-09-08T09:10:22.7442338Z;state=HalfOpen. excluded quest=152;stage=Pickup;npc=392;reason=outside-scan-radius;retry=context-change excluded quest=2098;stage=Pickup;npc=6667;reason=outside-scan-radius;retry=context-change excluded quest=216;stage=Pickup;npc=12757;reason=outside-scan-radius;retry=context-change excluded quest=235;stage=Pickup;npc=10880;reason=outside-scan-radius;retry=context-change excluded quest=470;stage=Pickup;npc=2111;reason=outside-scan-radius;retry=context-change excluded quest=472;stage=Pickup;npc=2097;reason=outside-scan-radius;retry=context-change excluded quest=4821;stage=Pickup;npc=10539;reason=outside-scan-radius;retry=context-change excluded quest=4921;stage=Objective;scope=QuestStage;retry=2026-09-08T09:10:22.7442338Z;state=HalfOpen. excluded quest=493;stage=Pickup;npc=1937;reason=outside-scan-radius;retry=context-change excluded quest=494;stage=Pickup;npc=2214;reason=outside-scan-radius;retry=context-change excluded quest=496;stage=Pickup;npc=2216;reason=outside-scan-radius;retry=context-change excluded quest=498;stage=Pickup;npc=2229;reason=outside-scan-radius;retry=context-change excluded quest=501;stage=Pickup;npc=2216;reason=outside-scan-radius;retry=context-change excluded quest=516;stage=Pickup;npc=2121;reason=outside-scan-radius;retry=context-change excluded quest=527;stage=Pickup;npc=2215;reason=outside-scan-radius;retry=context-change excluded quest=546;stage=Pickup;npc=2418;reason=outside-scan-radius;retry=context-change excluded quest=549;stage=Pickup;npc=1763;reason=outside-scan-radius;retry=context-change excluded quest=6282;stage=Pickup;npc=11860;reason=outside-scan-radius;retry=context-change excluded quest=6381;stage=Pickup;npc=11864;reason=outside-scan-radius;retry=context-change excluded quest=6382;stage=TurnIn;npc=12696;reason=outside-scan-radius;retry=context-change excluded quest=6383;stage=Pickup;scope=NpcRelation;npc=12696;retry=2026-09-08T09:10:22.7442338Z;state=HalfOpen. excluded quest=6393;stage=Objective;scope=Objective;objective=0;retry=2026-09-08T09:10:22.7442338Z;state=HalfOpen. excluded quest=6441;stage=Objective;scope=Objective;objective=0;retry=2026-09-08T11:53:44.3110653Z;state=Quarantined. excluded quest=6442;stage=Pickup;npc=12719;reason=outside-scan-radius;retry=context-change excluded quest=6461;stage=TurnIn;npc=12816;reason=outside-scan-radius;retry=context-change excluded quest=6462;stage=Pickup;npc=12721;reason=outside-scan-radius;retry=context-change excluded quest=6541;stage=Pickup;scope=NpcRelation;npc=3429;retry=2026-09-08T09:10:22.7442338Z;state=HalfOpen. excluded quest=6543;stage=Objective;scope=Objective;objective=0;retry=2026-09-08T11:57:53.5602004Z;state=Quarantined. excluded quest=742;stage=Pickup;npc=10881;reason=outside-scan-radius;retry=context-change excluded quest=747;stage=Objective;scope=Objective;objective=0;retry=2026-09-08T13:06:01.2335671Z;state=Quarantined. excluded quest=747;stage=Objective;scope=Objective;objective=1;retry=2026-09-08T13:30:35.1661766Z;state=Quarantined. excluded quest=7790;stage=Pickup;scope=QuestStage;retry=2026-09-08T09:10:22.7442338Z;state=HalfOpen. excluded quest=8487;stage=TurnIn;scope=QuestStage;retry=2026-09-08T09:10:22.7442338Z;state=HalfOpen. excluded quest=867;stage=Objective;scope=Objective;objective=0;retry=2026-09-08T13:46:19.0888015Z;state=Quarantined. excluded quest=868;stage=TurnIn;npc=3428;reason=outside-scan-radius;retry=context-change excluded quest=879;stage=Objective;scope=Objective;objective=0;retry=2026-09-08T14:12:05.6037548Z;state=Quarantined. excluded quest=879;stage=Objective;scope=Objective;objective=1;retry=2026-09-08T14:12:05.6038234Z;state=Quarantined. excluded quest=879;stage=Objective;scope=Objective;objective=2;retry=2026-09-08T14:12:05.6038609Z;state=Quarantined. excluded quest=8889;stage=Objective;objective=0;reason=outside-scan-radius;retry=context-change. excluded quest=8889;stage=Objective;objective=1;reason=outside-scan-radius;retry=context-change. excluded quest=8889;stage=Objective;objective=2;reason=outside-scan-radius;retry=context-change. excluded quest=891;stage=Objective;scope=QuestStage;retry=2026-09-08T09:10:22.7442338Z;state=HalfOpen. excluded quest=893;stage=Objective;scope=Objective;objective=0;retry=2026-09-08T12:48:05.9519603Z;state=Quarantined. excluded quest=893;stage=Objective;scope=Objective;objective=1;retry=2026-09-08T12:48:05.9520521Z;state=Quarantined. excluded quest=893;stage=Objective;scope=Objective;objective=2;retry=2026-09-08T12:48:05.9520844Z;state=Quarantined. excluded quest=896;stage=Objective;scope=Objective;objective=0;retry=2026-09-08T13:55:41.1186828Z;state=Quarantined. excluded quest=9067;stage=Objective;scope=Objective;objective=0;retry=2026-09-08T09:10:22.7442338Z;state=HalfOpen. excluded quest=9151;stage=Pickup;npc=16199;reason=outside-scan-radius;retry=context-change excluded quest=9157;stage=TurnIn;scope=QuestStage;retry=2026-09-08T09:10:22.7442338Z;state=HalfOpen. excluded quest=9275;stage=Pickup;npc=16464;reason=outside-scan-radius;retry=context-change excluded quest=9388;stage=Pickup;scope=QuestStage;retry=2026-09-08T09:10:22.7442338Z;state=HalfOpen. excluded quest=9389;stage=Pickup;scope=QuestStage;retry=2026-09-08T09:10:22.7442338Z;state=HalfOpen. excluded quest=9425;stage=Pickup;npc=16287;reason=outside-scan-radius;retry=context-change excluded quest=9428;stage=Pickup;npc=17098;reason=outside-scan-radius;retry=context-change excluded quest=9749;stage=Pickup;scope=QuestStage;retry=2026-09-08T09:10:22.7442338Z;state=HalfOpen.
[16:58:57.064] [N] [Singular] Casting Seal of Righteousness on Myself
[16:58:57.064] [D] Spell_C::CastSpell(21084, 0, 0x6000000007EAB80, 0)
[16:58:57.099] [D] [Pulse] Slow bot root: 102ms bot=Wholesome Auto Quest poi=Sell combat=False
[16:58:57.199] [D] [Pulse] Slow plugin: name=Tidy Bags 3 Reloaded elapsed=50ms
[16:58:58.071] [N] Mounting: 35022
[16:59:00.273] [D] [Pulse] Slow bot root: 2537ms bot=Wholesome Auto Quest poi=Sell combat=False
[16:59:01.113] [D] [Pulse] Slow bot root: 168ms bot=Wholesome Auto Quest poi=Sell combat=False
[16:59:01.848] [D] [Pulse] Slow bot root: 100ms bot=Wholesome Auto Quest poi=Sell combat=True
[16:59:01.982] [D] [Pulse] Slow plugin: name=Vendor Recovery elapsed=33ms
[16:59:02.584] [D] [Pulse] Slow bot root: 100ms bot=Wholesome Auto Quest poi=Sell combat=True
[16:59:02.716] [D] [Singular-DEBUG] Switched targets!
[16:59:02.717] [D] [Singular-DEBUG] Melee Distance: 5
[16:59:02.717] [D] [Singular-DEBUG] Health: 100
[16:59:02.717] [D] [Singular-DEBUG] Level: 24
[16:59:03.325] [D] [Pulse] Slow bot root: 101ms bot=Wholesome Auto Quest poi=Sell combat=True
[16:59:04.027] [D] Dismount for attacker.
[16:59:04.027] [D] Stop and dismount. Reason: Near destination
[16:59:04.092] [D] [Pulse] Slow bot root: 132ms bot=Wholesome Auto Quest poi=Sell combat=True
[16:59:05.570] [N] [Singular] Casting Judgement of Light on Bael'dun Soldier
[16:59:05.570] [D] Spell_C::CastSpell(20271, 0, 0xF130000D30008C44, 0)
[16:59:05.604] [D] [Pulse] Slow bot root: 168ms bot=Wholesome Auto Quest poi=Sell combat=True
[16:59:06.378] [D] [Pulse] Slow bot root: 105ms bot=Wholesome Auto Quest poi=Sell combat=True
[16:59:07.232] [N] [Singular] Casting Exorcism on Bael'dun Soldier
[16:59:07.232] [D] Spell_C::CastSpell(879, 0, 0xF130000D30008C44, 0)
[16:59:14.001] [N] [Singular] Casting Judgement of Light on Bael'dun Soldier
[16:59:14.001] [D] Spell_C::CastSpell(20271, 0, 0xF130000D30008C44, 0)
[16:59:16.550] [N] [Singular] Casting Divine Protection on Myself
[16:59:16.551] [D] Spell_C::CastSpell(498, 0, 0x6000000007EAB80, 0)
[16:59:20.148] [D] [Pulse] Slow plugin: name=Tidy Bags 3 Reloaded elapsed=36ms
[16:59:21.319] [N] [Singular] Currect target is invalid. Switching to Bael'dun Soldier!
[16:59:21.351] [D] [Pulse] Slow bot root: 702ms bot=Wholesome Auto Quest poi=Sell combat=True
[16:59:21.516] [D] [Pulse] Slow plugin: name=Vendor Recovery elapsed=33ms
[16:59:21.516] [D] [Singular-DEBUG] Switched targets!
[16:59:21.516] [D] [Singular-DEBUG] Melee Distance: 5
[16:59:21.516] [D] [Singular-DEBUG] Health: 100
[16:59:21.516] [D] [Singular-DEBUG] Level: 25
[16:59:22.154] [D] [Singular-DEBUG] Switched targets!
[16:59:22.154] [D] [Singular-DEBUG] Melee Distance: 5
[16:59:22.154] [D] [Singular-DEBUG] Health: 98.38187702265373
[16:59:22.154] [D] [Singular-DEBUG] Level: 23
[16:59:22.785] [N] [Singular] Casting Judgement of Light on Bael'dun Soldier
[16:59:22.785] [D] Spell_C::CastSpell(20271, 0, 0xF130000D30008D4F, 0)
[16:59:22.820] [D] [Pulse] Slow bot root: 167ms bot=Wholesome Auto Quest poi=Sell combat=True
[16:59:25.595] [N] [Singular] Casting Exorcism on Bael'dun Soldier
[16:59:25.595] [D] Spell_C::CastSpell(879, 0, 0xF130000D30008D4F, 0)
[16:59:25.630] [D] [Pulse] Slow bot root: 135ms bot=Wholesome Auto Quest poi=Sell combat=True
[16:59:29.491] [N] [Singular] Casting Holy Light on Myself
[16:59:29.492] [D] Spell_C::CastSpell(1026, 0, 0x6000000007EAB80, 0)
[16:59:33.523] [N] [Singular] Casting Judgement of Light on Bael'dun Soldier
[16:59:33.523] [D] Spell_C::CastSpell(20271, 0, 0xF130000D30008D4F, 0)
[16:59:40.853] [N] [Singular] Currect target is invalid. Switching to Bael'dun Rifleman!
[16:59:41.145] [D] [Singular-DEBUG] Switched targets!
[16:59:41.145] [D] [Singular-DEBUG] Melee Distance: 5
[16:59:41.145] [D] [Singular-DEBUG] Health: 100
[16:59:41.145] [D] [Singular-DEBUG] Level: 25
[16:59:43.918] [N] [Singular] Casting Judgement of Light on Bael'dun Rifleman
[16:59:43.918] [D] Spell_C::CastSpell(20271, 0, 0xF130000D31007B0E, 0)
[16:59:45.577] [N] [Singular] Casting Exorcism on Bael'dun Rifleman
[16:59:45.577] [D] Spell_C::CastSpell(879, 0, 0xF130000D31007B0E, 0)
[16:59:52.250] [N] [Singular] Casting Judgement of Light on Bael'dun Rifleman
[16:59:52.250] [D] Spell_C::CastSpell(20271, 0, 0xF130000D31007B0E, 0)
[17:00:01.280] [N] [Singular] Casting Judgement of Light on Bael'dun Rifleman
[17:00:01.280] [D] Spell_C::CastSpell(20271, 0, 0xF130000D31007B0E, 0)
[17:00:02.434] [N] [Singular] Currect target is invalid. Switching to Bael'dun Soldier!
[17:00:02.733] [D] [Singular-DEBUG] Switched targets!
[17:00:02.733] [D] [Singular-DEBUG] Melee Distance: 5
[17:00:02.733] [D] [Singular-DEBUG] Health: 96.76375404530744
[17:00:02.733] [D] [Singular-DEBUG] Level: 23
[17:00:03.127] [N] [Singular] Casting Exorcism on Bael'dun Soldier
[17:00:03.127] [D] Spell_C::CastSpell(879, 0, 0xF130000D30007B68, 0)
[17:00:05.951] [N] [Singular] Casting Holy Light on Myself
[17:00:05.951] [D] Spell_C::CastSpell(1026, 0, 0x6000000007EAB80, 0)
[17:00:09.655] [N] [Singular] Casting Judgement of Light on Bael'dun Soldier
[17:00:09.655] [D] Spell_C::CastSpell(20271, 0, 0xF130000D30007B68, 0)
[17:00:18.016] [N] [Singular] Casting Judgement of Light on Bael'dun Soldier
[17:00:18.016] [D] Spell_C::CastSpell(20271, 0, 0xF130000D30007B68, 0)
[17:00:18.484] [D] [Pulse] Slow plugin: name=DrinkPotions elapsed=118ms
[17:00:18.594] [N] [Singular] Currect target is invalid. Switching to Bael'dun Soldier!
[17:00:18.988] [D] [Singular-DEBUG] Switched targets!
[17:00:18.988] [D] [Singular-DEBUG] Melee Distance: 5
[17:00:18.988] [D] [Singular-DEBUG] Health: 87.05501618122977
[17:00:18.988] [D] [Singular-DEBUG] Level: 23
[17:00:21.028] [N] [Singular] Casting Exorcism on Bael'dun Soldier
[17:00:21.028] [D] Spell_C::CastSpell(879, 0, 0xF130000D30007B39, 0)
[17:00:26.366] [N] [Singular] Casting Judgement of Light on Bael'dun Soldier
[17:00:26.366] [D] Spell_C::CastSpell(20271, 0, 0xF130000D30007B39, 0)
[17:00:27.424] [D] [Pulse] Slow plugin: name=Tidy Bags 3 Reloaded elapsed=65ms
[17:00:27.458] [D] [Pulse] Slow plugin: name=Vendor Recovery elapsed=34ms
[17:00:27.459] [D] [Pulse] Slow shared pulse: total=760ms movement=0 objects=0 lua=0 info=0 loot=3 targeting=39 events=0 plugins=716 routine=0
[17:00:28.694] [D] [Pulse] Slow plugin: name=DrinkPotions elapsed=618ms
[17:00:32.214] [D] [Pulse] Slow bot root: 300ms bot=Wholesome Auto Quest poi=Sell combat=True
[17:00:33.754] [D] [Pulse] Slow bot root: 266ms bot=Wholesome Auto Quest poi=Sell combat=True
[17:00:35.327] [D] [Pulse] Slow bot root: 268ms bot=Wholesome Auto Quest poi=Sell combat=True
[17:00:36.902] [D] [Pulse] Slow bot root: 303ms bot=Wholesome Auto Quest poi=Sell combat=True
[17:00:37.637] [D] [Pulse] Slow plugin: name=Tidy Bags 3 Reloaded elapsed=65ms
[17:00:37.671] [D] [Pulse] Slow plugin: name=Vendor Recovery elapsed=34ms
[17:00:37.671] [D] [Pulse] Slow shared pulse: total=769ms movement=0 objects=0 lua=0 info=0 loot=3 targeting=46 events=0 plugins=718 routine=0
[17:00:37.671] [N] Facing wrong way, rotating
[17:00:38.506] [D] [Pulse] Slow bot root: 299ms bot=Wholesome Auto Quest poi=Sell combat=False
[17:00:38.809] [D] [Pulse] Slow plugin: name=AutoEquip2 elapsed=250ms
[17:00:39.549] [D] [Pulse] Slow bot root: 132ms bot=Wholesome Auto Quest poi=Sell combat=False
[17:00:40.255] [N] Eating Bristle Whisker Catfish
[17:00:41.609] [N] Drinking Melon Juice
[17:00:48.303] [D] [Pulse] Slow plugin: name=Tidy Bags 3 Reloaded elapsed=51ms
[17:00:48.332] [D] [Pulse] Slow plugin: name=Vendor Recovery elapsed=28ms
[17:00:49.171] [D] [Pulse] Slow plugin: name=AutoEquip2 elapsed=251ms
[17:00:49.270] [D] [Pulse] Slow shared pulse: total=403ms movement=0 objects=0 lua=0 info=0 loot=3 targeting=48 events=0 plugins=350 routine=0
[17:00:58.649] [D] [Pulse] Slow plugin: name=Tidy Bags 3 Reloaded elapsed=47ms
[17:00:58.682] [D] [Pulse] Slow plugin: name=Vendor Recovery elapsed=32ms
[17:00:59.513] [D] [Pulse] Slow plugin: name=AutoEquip2 elapsed=246ms
[17:00:59.613] [D] [Pulse] Slow shared pulse: total=399ms movement=0 objects=0 lua=0 info=0 loot=3 targeting=48 events=0 plugins=345 routine=0
[17:01:06.490] [D] [Pulse] Slow bot root: 330ms bot=Wholesome Auto Quest poi=Sell combat=False
[17:01:07.491] [D] [Pulse] Slow bot root: 331ms bot=Wholesome Auto Quest poi=Sell combat=False
[17:01:08.427] [D] [Pulse] Slow bot root: 301ms bot=Wholesome Auto Quest poi=Sell combat=False
[17:01:09.392] [D] [Pulse] Slow bot root: 333ms bot=Wholesome Auto Quest poi=Sell combat=False
[17:01:09.692] [D] [Pulse] Slow plugin: name=AutoEquip2 elapsed=249ms
[17:01:09.758] [D] [Pulse] Slow plugin: name=Tidy Bags 3 Reloaded elapsed=64ms
[17:01:09.791] [D] [Pulse] Slow plugin: name=Vendor Recovery elapsed=32ms
[17:01:09.791] [D] [Pulse] Slow shared pulse: total=399ms movement=0 objects=0 lua=0 info=0 loot=3 targeting=47 events=0 plugins=347 routine=0
[17:01:10.594] [D] [Pulse] Slow bot root: 300ms bot=Wholesome Auto Quest poi=Sell combat=False
[17:01:11.226] [N] [Singular] Currect target is invalid. Switching to Bael'dun Soldier!
[17:01:12.061] [D] [Singular-DEBUG] Switched targets!
[17:01:12.061] [D] [Singular-DEBUG] Melee Distance: 5
[17:01:12.061] [D] [Singular-DEBUG] Health: 98.38187702265373
[17:01:12.061] [D] [Singular-DEBUG] Level: 23
[17:01:12.697] [N] [Singular] Casting Judgement of Light on Bael'dun Soldier
[17:01:12.698] [D] Spell_C::CastSpell(20271, 0, 0xF130000D30007BB6, 0)
[17:01:12.731] [D] [Pulse] Slow bot root: 168ms bot=Wholesome Auto Quest poi=Sell combat=True
[17:01:13.595] [N] Facing wrong way, rotating
[17:01:14.236] [D] [Pulse] Slow bot root: 105ms bot=Wholesome Auto Quest poi=Sell combat=True
[17:01:14.963] [N] [Singular] Casting Exorcism on Bael'dun Soldier
[17:01:14.963] [D] Spell_C::CastSpell(879, 0, 0xF130000D30007BB6, 0)
[17:01:14.999] [D] [Pulse] Slow bot root: 135ms bot=Wholesome Auto Quest poi=Sell combat=True
[17:01:18.100] [N] [Singular] Casting Hand of Freedom on Myself
[17:01:18.100] [D] Spell_C::CastSpell(1044, 0, 0x6000000007EAB80, 0)
[17:01:21.008] [N] [Singular] Casting Judgement of Light on Bael'dun Soldier
[17:01:21.008] [D] Spell_C::CastSpell(20271, 0, 0xF130000D30007BB6, 0)
[17:01:23.644] [N] Facing wrong way, rotating
[17:01:27.888] [N] [Singular] Currect target is invalid. Switching to Bael'dun Officer!
[17:01:28.296] [D] [Singular-DEBUG] Switched targets!
[17:01:28.296] [D] [Singular-DEBUG] Melee Distance: 5
[17:01:28.296] [D] [Singular-DEBUG] Health: 91.11675126903553
[17:01:28.296] [D] [Singular-DEBUG] Level: 26
[17:01:29.309] [N] [Singular] Casting Judgement of Light on Bael'dun Officer
[17:01:29.309] [D] Spell_C::CastSpell(20271, 0, 0xF130000D32007BF4, 0)
[17:01:29.846] [D] [Pulse] Slow plugin: name=Tidy Bags 3 Reloaded elapsed=47ms
[17:01:30.465] [D] [Pulse] Slow bot root: 117ms bot=Wholesome Auto Quest poi=Sell combat=True
[17:01:30.581] [D] [Pulse] Slow plugin: name=Vendor Recovery elapsed=33ms
[17:01:31.113] [N] [Singular] Casting Holy Light on Myself
[17:01:31.113] [D] Spell_C::CastSpell(1026, 0, 0x6000000007EAB80, 0)
[17:01:33.853] [N] Facing wrong way, rotating
[17:01:35.759] [N] [Singular] Casting Exorcism on Bael'dun Officer
[17:01:35.759] [D] Spell_C::CastSpell(879, 0, 0xF130000D32007BF4, 0)
[17:01:35.790] [D] [Pulse] Slow bot root: 132ms bot=Wholesome Auto Quest poi=Sell combat=True
[17:01:37.991] [N] [Singular] Casting Judgement of Light on Bael'dun Officer
[17:01:37.991] [D] Spell_C::CastSpell(20271, 0, 0xF130000D32007BF4, 0)
[17:01:38.025] [D] [Pulse] Slow bot root: 133ms bot=Wholesome Auto Quest poi=Sell combat=True
[17:01:40.236] [D] [Pulse] Slow plugin: name=Tidy Bags 3 Reloaded elapsed=51ms
[17:01:40.934] [D] [Pulse] Slow plugin: name=Vendor Recovery elapsed=33ms
[17:01:44.341] [N] Facing wrong way, rotating
[17:01:46.509] [D] [Pulse] Slow bot root: 296ms bot=Wholesome Auto Quest poi=Sell combat=True
[17:01:47.453] [D] [Pulse] Slow bot root: 302ms bot=Wholesome Auto Quest poi=Sell combat=True
[17:01:48.354] [D] [Pulse] Slow bot root: 265ms bot=Wholesome Auto Quest poi=Sell combat=True
[17:01:49.253] [D] [Pulse] Slow bot root: 266ms bot=Wholesome Auto Quest poi=Sell combat=True
[17:01:50.158] [D] [Pulse] Slow bot root: 232ms bot=Wholesome Auto Quest poi=Sell combat=True
[17:01:50.258] [D] [Pulse] Slow plugin: name=Tidy Bags 3 Reloaded elapsed=49ms
[17:01:50.791] [N] Could not find vendor Malgin Barleybrew[5848], blacklisting.
[17:01:50.791] [D] Cleared POI - Reason Vendor/mailbox was blacklisted
[17:01:50.791] [D] Cleared POI
[17:01:51.399] [D] Changed POI to: Type: Sell, Name: Prospector Khazgorm, Guid: 0, Entry: 3392, Location: (-4212.91, -2274.40, 50.19)
[17:01:51.526] [D] [Pulse] Slow plugin: name=Vendor Recovery elapsed=33ms
[17:01:52.028] [N] Moving to Type: Sell, Name: Prospector Khazgorm, Guid: 0, Entry: 3392, Location: (-4212.91, -2274.40, 50.19)
[17:01:52.463] [D] [Pulse] Slow bot root: 435ms bot=Wholesome Auto Quest poi=Sell combat=True
[17:01:53.362] [D] [Pulse] Slow bot root: 267ms bot=Wholesome Auto Quest poi=Sell combat=True
[17:01:54.236] [D] [Pulse] Slow bot root: 234ms bot=Wholesome Auto Quest poi=Sell combat=True
[17:01:55.099] [D] [Pulse] Slow bot root: 232ms bot=Wholesome Auto Quest poi=Sell combat=True
[17:01:55.864] [N] [Singular] Casting Judgement of Light on Bael'dun Officer
[17:01:55.864] [D] Spell_C::CastSpell(20271, 0, 0xF130000D32007BF4, 0)
[17:01:55.897] [D] [Pulse] Slow bot root: 133ms bot=Wholesome Auto Quest poi=Sell combat=True
[17:01:56.635] [D] [Pulse] Slow bot root: 104ms bot=Wholesome Auto Quest poi=Sell combat=True
[17:01:57.682] [D] [Pulse] Slow bot root: 418ms bot=Wholesome Auto Quest poi=Sell combat=True
[17:01:58.330] [N] Drinking Melon Juice
[17:02:00.670] [D] [Pulse] Slow plugin: name=AutoEquip2 elapsed=251ms
[17:02:00.735] [D] [Pulse] Slow plugin: name=Tidy Bags 3 Reloaded elapsed=64ms
[17:02:00.770] [D] [Pulse] Slow shared pulse: total=434ms movement=0 objects=0 lua=33 info=0 loot=3 targeting=47 events=0 plugins=350 routine=0
[17:02:02.128] [D] [Pulse] Slow plugin: name=Vendor Recovery elapsed=34ms
[17:02:11.149] [D] [Pulse] Slow bot root: 467ms bot=Wholesome Auto Quest poi=Sell combat=False
[17:02:11.481] [D] [Pulse] Slow plugin: name=AutoEquip2 elapsed=245ms
[17:02:11.547] [D] [Pulse] Slow plugin: name=Tidy Bags 3 Reloaded elapsed=65ms
[17:02:11.580] [D] [Pulse] Slow shared pulse: total=430ms movement=0 objects=0 lua=32 info=0 loot=3 targeting=49 events=0 plugins=344 routine=0
[17:02:12.520] [D] [Pulse] Slow bot root: 436ms bot=Wholesome Auto Quest poi=Sell combat=False
[17:02:12.653] [D] [Pulse] Slow plugin: name=Vendor Recovery elapsed=32ms
[17:02:13.587] [D] [Pulse] Slow bot root: 434ms bot=Wholesome Auto Quest poi=Sell combat=False
[17:02:14.686] [D] [Pulse] Slow bot root: 433ms bot=Wholesome Auto Quest poi=Sell combat=False
[17:02:15.757] [D] [Pulse] Slow bot root: 433ms bot=Wholesome Auto Quest poi=Sell combat=False
[17:02:16.861] [D] [Pulse] Slow bot root: 467ms bot=Wholesome Auto Quest poi=Sell combat=True
[17:02:17.028] [D] [Singular-DEBUG] Switched targets!
[17:02:17.028] [D] [Singular-DEBUG] Melee Distance: 5
[17:02:17.028] [D] [Singular-DEBUG] Health: 100
[17:02:17.028] [D] [Singular-DEBUG] Level: 24
[17:02:17.729] [N] [Singular] Casting Exorcism on Bael'dun Rifleman
[17:02:17.730] [D] Spell_C::CastSpell(879, 0, 0xF130000D31008EB3, 0)
[17:02:17.764] [D] [Pulse] Slow bot root: 231ms bot=Wholesome Auto Quest poi=Sell combat=True
[17:02:20.680] [D] [Pulse] Slow bot root: 269ms bot=Wholesome Auto Quest poi=Sell combat=True
[17:02:21.421] [N] [Singular] Casting Judgement of Light on Bael'dun Rifleman
[17:02:21.421] [D] Spell_C::CastSpell(20271, 0, 0xF130000D31008EB3, 0)
[17:02:21.455] [D] [Pulse] Slow bot root: 134ms bot=Wholesome Auto Quest poi=Sell combat=True
[17:02:21.554] [D] [Pulse] Slow plugin: name=Tidy Bags 3 Reloaded elapsed=46ms
[17:02:22.257] [D] [Pulse] Slow bot root: 170ms bot=Wholesome Auto Quest poi=Sell combat=True
[17:02:23.124] [D] [Pulse] Slow plugin: name=Vendor Recovery elapsed=35ms
[17:02:24.364] [N] [Singular] Casting Divine Protection on Myself
[17:02:24.364] [D] Spell_C::CastSpell(498, 0, 0x6000000007EAB80, 0)
[17:02:24.397] [D] [Pulse] Slow bot root: 100ms bot=Wholesome Auto Quest poi=Sell combat=True
[17:02:29.842] [N] [Singular] Casting Judgement of Light on Bael'dun Rifleman
[17:02:29.842] [D] Spell_C::CastSpell(20271, 0, 0xF130000D31008EB3, 0)
[17:02:29.876] [D] [Pulse] Slow bot root: 133ms bot=Wholesome Auto Quest poi=Sell combat=True
[17:02:30.875] [D] [Pulse] Slow bot root: 367ms bot=Wholesome Auto Quest poi=Sell combat=True
[17:02:31.871] [D] [Pulse] Slow bot root: 365ms bot=Wholesome Auto Quest poi=Sell combat=True
[17:02:31.972] [D] [Pulse] Slow plugin: name=Tidy Bags 3 Reloaded elapsed=48ms
[17:02:32.006] [D] [Singular-DEBUG] Switched targets!
[17:02:32.006] [D] [Singular-DEBUG] Melee Distance: 5
[17:02:32.006] [D] [Singular-DEBUG] Health: 100
[17:02:32.006] [D] [Singular-DEBUG] Level: 25
[17:02:32.937] [D] [Pulse] Slow bot root: 433ms bot=Wholesome Auto Quest poi=Sell combat=False
[17:02:34.004] [D] [Pulse] Slow bot root: 399ms bot=Wholesome Auto Quest poi=Sell combat=False
[17:02:34.137] [D] [Pulse] Slow plugin: name=Vendor Recovery elapsed=33ms
[17:02:35.088] [D] [Pulse] Slow bot root: 444ms bot=Wholesome Auto Quest poi=Sell combat=False
[17:02:36.158] [D] [Pulse] Slow bot root: 430ms bot=Wholesome Auto Quest poi=Sell combat=False
[17:02:37.233] [D] [Pulse] Slow bot root: 438ms bot=Wholesome Auto Quest poi=Sell combat=False
[17:02:38.332] [D] [Pulse] Slow bot root: 466ms bot=Wholesome Auto Quest poi=Sell combat=False
[17:02:39.469] [D] [Pulse] Slow bot root: 469ms bot=Wholesome Auto Quest poi=Sell combat=False
[17:02:40.104] [N] [Singular] Current target is not the best target. Switching to Bael'dun Officer!
[17:02:40.907] [N] [Singular] Casting Judgement of Light on Bael'dun Officer
[17:02:40.907] [D] Spell_C::CastSpell(20271, 0, 0xF130000D32008EB2, 0)
[17:02:40.940] [D] [Pulse] Slow bot root: 169ms bot=Wholesome Auto Quest poi=Sell combat=True
[17:02:41.072] [D] [Singular-DEBUG] Switched targets!
[17:02:41.072] [D] [Singular-DEBUG] Melee Distance: 5
[17:02:41.072] [D] [Singular-DEBUG] Health: 96.19289340101523
[17:02:41.072] [D] [Singular-DEBUG] Level: 26
[17:02:41.073] [N] Facing wrong way, rotating
[17:02:41.771] [D] [Pulse] Slow bot root: 164ms bot=Wholesome Auto Quest poi=Sell combat=True
[17:02:42.298] [N] [Singular] Casting Exorcism on Bael'dun Officer
[17:02:42.298] [D] Spell_C::CastSpell(879, 0, 0xF130000D32008EB2, 0)
[17:02:44.059] [D] [Pulse] Slow plugin: name=Tidy Bags 3 Reloaded elapsed=46ms
[17:02:44.761] [D] [Pulse] Slow plugin: name=Vendor Recovery elapsed=33ms
[17:02:46.027] [N] [Singular] Casting Exorcism on Bael'dun Officer
[17:02:46.027] [D] Spell_C::CastSpell(879, 0, 0xF130000D32008EB2, 0)
[17:02:46.062] [D] [Pulse] Slow bot root: 135ms bot=Wholesome Auto Quest poi=Sell combat=True
[17:02:49.434] [N] [Singular] Casting Holy Light on Myself
[17:02:49.435] [D] Spell_C::CastSpell(1026, 0, 0x6000000007EAB80, 0)
[17:02:54.005] [N] [Singular] Casting Judgement of Light on Bael'dun Officer
[17:02:54.005] [D] Spell_C::CastSpell(20271, 0, 0xF130000D32008EB2, 0)
[17:02:54.038] [D] [Pulse] Slow bot root: 134ms bot=Wholesome Auto Quest poi=Sell combat=True
[17:02:54.170] [D] [Pulse] Slow plugin: name=Tidy Bags 3 Reloaded elapsed=48ms
[17:02:54.814] [D] [Pulse] Slow bot root: 106ms bot=Wholesome Auto Quest poi=Sell combat=True
[17:02:54.941] [D] [Pulse] Slow plugin: name=Vendor Recovery elapsed=33ms
[17:03:01.692] [D] [Pulse] Slow bot root: 166ms bot=Wholesome Auto Quest poi=Sell combat=True
[17:03:02.429] [N] [Singular] Casting Judgement of Light on Bael'dun Officer
[17:03:02.429] [D] Spell_C::CastSpell(20271, 0, 0xF130000D32008EB2, 0)
[17:03:02.463] [D] [Pulse] Slow bot root: 131ms bot=Wholesome Auto Quest poi=Sell combat=True
[17:03:03.095] [N] [Singular] Currect target is invalid. Switching to Bael'dun Rifleman!
[17:03:03.894] [D] [Singular-DEBUG] Switched targets!
[17:03:03.894] [D] [Singular-DEBUG] Melee Distance: 5
[17:03:03.894] [D] [Singular-DEBUG] Health: 100
[17:03:03.894] [D] [Singular-DEBUG] Level: 25
[17:03:04.561] [D] [Pulse] Slow plugin: name=Tidy Bags 3 Reloaded elapsed=49ms
[17:03:05.264] [N] [Singular] Casting Exorcism on Bael'dun Rifleman
[17:03:05.264] [D] Spell_C::CastSpell(879, 0, 0xF130000D31008E9C, 0)
[17:03:05.297] [D] [Pulse] Slow bot root: 199ms bot=Wholesome Auto Quest poi=Sell combat=True
[17:03:05.464] [D] [Pulse] Slow plugin: name=Vendor Recovery elapsed=34ms
[17:03:08.008] [N] [Singular] Casting Holy Light on Myself
[17:03:08.009] [D] Spell_C::CastSpell(1026, 0, 0x6000000007EAB80, 0)
[17:03:12.826] [D] [Pulse] Slow bot root: 302ms bot=Wholesome Auto Quest poi=Sell combat=True
[17:03:13.667] [D] [Pulse] Slow bot root: 202ms bot=Wholesome Auto Quest poi=Sell combat=True
[17:03:14.435] [N] [Singular] Casting Judgement of Light on Bael'dun Rifleman
[17:03:14.436] [D] Spell_C::CastSpell(20271, 0, 0xF130000D31008E9C, 0)
[17:03:14.468] [D] [Pulse] Slow bot root: 134ms bot=Wholesome Auto Quest poi=Sell combat=True
[17:03:14.569] [D] [Pulse] Slow plugin: name=Tidy Bags 3 Reloaded elapsed=48ms
[17:03:16.009] [D] [Pulse] Slow plugin: name=Vendor Recovery elapsed=32ms
[17:03:20.586] [N] [Singular] Casting Hand of Freedom on Myself
[17:03:20.587] [D] Spell_C::CastSpell(1044, 0, 0x6000000007EAB80, 0)
[17:03:20.621] [D] [Pulse] Slow bot root: 100ms bot=Wholesome Auto Quest poi=Sell combat=True
[17:03:22.722] [N] [Singular] Casting Exorcism on Bael'dun Rifleman
[17:03:22.722] [D] Spell_C::CastSpell(879, 0, 0xF130000D31008E9C, 0)
[17:03:22.755] [D] [Pulse] Slow bot root: 134ms bot=Wholesome Auto Quest poi=Sell combat=True
[17:03:24.856] [D] [Pulse] Slow plugin: name=Tidy Bags 3 Reloaded elapsed=45ms
[17:03:26.091] [N] [Singular] Casting Holy Light on Myself
[17:03:26.091] [D] Spell_C::CastSpell(1026, 0, 0x6000000007EAB80, 0)
[17:03:26.262] [D] [Pulse] Slow plugin: name=Vendor Recovery elapsed=34ms
[17:03:30.335] [D] [Pulse] Slow bot root: 366ms bot=Wholesome Auto Quest poi=Sell combat=True
[17:03:31.072] [N] [Singular] Casting Judgement of Light on Bael'dun Rifleman
[17:03:31.073] [D] Spell_C::CastSpell(20271, 0, 0xF130000D31008E9C, 0)
[17:03:31.106] [D] [Pulse] Slow bot root: 134ms bot=Wholesome Auto Quest poi=Sell combat=True
[17:03:31.841] [N] [Singular] Casting Judgement of Light on Bael'dun Rifleman
[17:03:31.841] [D] Spell_C::CastSpell(20271, 0, 0xF130000D31008E9C, 0)
[17:03:31.874] [D] [Pulse] Slow bot root: 132ms bot=Wholesome Auto Quest poi=Sell combat=True
[17:03:32.545] [N] [Singular] Currect target is invalid. Switching to Bael'dun Soldier!
[17:03:32.712] [D] [Singular-DEBUG] Switched targets!
[17:03:32.712] [D] [Singular-DEBUG] Melee Distance: 5
[17:03:32.712] [D] [Singular-DEBUG] Health: 78.91566265060241
[17:03:32.712] [D] [Singular-DEBUG] Level: 24
[17:03:34.655] [D] [Pulse] Slow bot root: 106ms bot=Wholesome Auto Quest poi=Sell combat=True
[17:03:35.412] [D] [Pulse] Slow plugin: name=Tidy Bags 3 Reloaded elapsed=49ms
[17:03:36.777] [D] [Pulse] Slow plugin: name=Vendor Recovery elapsed=33ms
[17:03:40.761] [N] [Singular] Casting Judgement of Light on Bael'dun Soldier
[17:03:40.761] [D] Spell_C::CastSpell(20271, 0, 0xF130000D30008E70, 0)
[17:03:40.794] [D] [Pulse] Slow bot root: 132ms bot=Wholesome Auto Quest poi=Sell combat=True
[17:03:41.535] [D] [Pulse] Slow bot root: 105ms bot=Wholesome Auto Quest poi=Sell combat=True
[17:03:42.495] [D] [MeshNavigator] Skipped 2 path nodes
[17:03:42.562] [D] [Pulse] Slow bot root: 401ms bot=Wholesome Auto Quest poi=Sell combat=True
[17:03:43.603] [D] [Pulse] Slow bot root: 367ms bot=Wholesome Auto Quest poi=Sell combat=True
[17:03:44.372] [D] [Pulse] Slow bot root: 134ms bot=Wholesome Auto Quest poi=Sell combat=False
[17:03:45.106] [N] Drinking Melon Juice
[17:03:45.139] [D] [Pulse] Slow bot root: 100ms bot=Wholesome Auto Quest poi=Sell combat=False
[17:03:45.442] [D] [Pulse] Slow plugin: name=AutoEquip2 elapsed=252ms
[17:03:45.507] [D] [Pulse] Slow plugin: name=Tidy Bags 3 Reloaded elapsed=63ms
[17:03:45.540] [D] [Pulse] Slow shared pulse: total=400ms movement=0 objects=0 lua=0 info=0 loot=2 targeting=46 events=0 plugins=350 routine=0
[17:03:46.845] [D] [Pulse] Slow plugin: name=Vendor Recovery elapsed=32ms
[17:03:55.785] [D] [Pulse] Slow plugin: name=AutoEquip2 elapsed=250ms
[17:03:55.850] [D] [Pulse] Slow plugin: name=Tidy Bags 3 Reloaded elapsed=64ms
[17:03:55.883] [D] [Pulse] Slow shared pulse: total=399ms movement=0 objects=0 lua=0 info=0 loot=2 targeting=47 events=0 plugins=348 routine=0
[17:03:57.223] [D] [Pulse] Slow plugin: name=Vendor Recovery elapsed=33ms
[17:04:06.145] [D] [Pulse] Slow plugin: name=AutoEquip2 elapsed=252ms
[17:04:06.214] [D] [Pulse] Slow plugin: name=Tidy Bags 3 Reloaded elapsed=67ms
[17:04:06.246] [D] [Pulse] Slow shared pulse: total=402ms movement=0 objects=0 lua=0 info=0 loot=2 targeting=45 events=0 plugins=352 routine=0
[17:04:07.590] [D] [Pulse] Slow plugin: name=Vendor Recovery elapsed=33ms
[17:04:09.759] [N] Mounting: 35022
[17:04:11.963] [D] [Pulse] Slow bot root: 2538ms bot=Wholesome Auto Quest poi=Sell combat=False
[17:04:12.767] [D] [Pulse] Slow bot root: 133ms bot=Wholesome Auto Quest poi=Sell combat=False
[17:04:13.535] [D] [Pulse] Slow bot root: 135ms bot=Wholesome Auto Quest poi=Sell combat=False
[17:04:14.299] [D] [Pulse] Slow bot root: 134ms bot=Wholesome Auto Quest poi=Sell combat=False
[17:04:15.071] [D] [Pulse] Slow bot root: 135ms bot=Wholesome Auto Quest poi=Sell combat=False
[17:04:15.876] [D] [Pulse] Slow bot root: 132ms bot=Wholesome Auto Quest poi=Sell combat=False
[17:04:16.176] [D] [Pulse] Slow plugin: name=AutoEquip2 elapsed=254ms
[17:04:16.242] [D] [Pulse] Slow plugin: name=Tidy Bags 3 Reloaded elapsed=65ms
[17:04:16.277] [D] [Pulse] Slow shared pulse: total=401ms movement=0 objects=0 lua=0 info=0 loot=2 targeting=42 events=0 plugins=355 routine=0
[17:04:16.909] [D] [Pulse] Slow bot root: 133ms bot=Wholesome Auto Quest poi=Sell combat=False
[17:04:17.677] [D] [Pulse] Slow bot root: 133ms bot=Wholesome Auto Quest poi=Sell combat=False
[17:04:17.844] [D] [Pulse] Slow plugin: name=Vendor Recovery elapsed=33ms
[17:04:18.483] [D] [Pulse] Slow bot root: 135ms bot=Wholesome Auto Quest poi=Sell combat=False
[17:04:19.257] [D] [Pulse] Slow bot root: 134ms bot=Wholesome Auto Quest poi=Sell combat=False
[17:04:20.031] [D] [Pulse] Slow bot root: 136ms bot=Wholesome Auto Quest poi=Sell combat=False
[17:04:20.803] [D] [Pulse] Slow bot root: 133ms bot=Wholesome Auto Quest poi=Sell combat=False
[17:04:21.574] [D] [Pulse] Slow bot root: 135ms bot=Wholesome Auto Quest poi=Sell combat=False
[17:04:22.342] [D] [Pulse] Slow bot root: 132ms bot=Wholesome Auto Quest poi=Sell combat=False
[17:04:23.145] [D] [Pulse] Slow bot root: 166ms bot=Wholesome Auto Quest poi=Sell combat=False
[17:04:23.945] [D] [Pulse] Slow bot root: 133ms bot=Wholesome Auto Quest poi=Sell combat=False
[17:04:24.713] [D] [Pulse] Slow bot root: 133ms bot=Wholesome Auto Quest poi=Sell combat=False
[17:04:25.386] [N] Moving to Type: Sell, Name: Prospector Khazgorm, Guid: 0, Entry: 3392, Location: (-4212.91, -2274.40, 50.19)
[17:04:25.482] [D] [Pulse] Slow bot root: 133ms bot=Wholesome Auto Quest poi=Sell combat=False
[17:04:26.282] [D] [Pulse] Slow bot root: 167ms bot=Wholesome Auto Quest poi=Sell combat=False
[17:04:26.582] [D] [Pulse] Slow plugin: name=AutoEquip2 elapsed=256ms
[17:04:26.648] [D] [Pulse] Slow plugin: name=Tidy Bags 3 Reloaded elapsed=64ms
[17:04:26.682] [D] [Pulse] Slow shared pulse: total=399ms movement=0 objects=0 lua=0 info=0 loot=1 targeting=40 events=0 plugins=356 routine=0
[17:04:27.352] [D] [Pulse] Slow bot root: 167ms bot=Wholesome Auto Quest poi=Sell combat=False
[17:04:28.124] [D] [Pulse] Slow bot root: 134ms bot=Wholesome Auto Quest poi=Sell combat=False
[17:04:28.258] [D] [Pulse] Slow plugin: name=Vendor Recovery elapsed=34ms
[17:04:28.893] [D] [Pulse] Slow bot root: 132ms bot=Wholesome Auto Quest poi=Sell combat=False
[17:04:29.729] [D] [Pulse] Slow bot root: 166ms bot=Wholesome Auto Quest poi=Sell combat=False
[17:04:30.469] [N] Loading 1_38_34
[17:04:30.470] [N] Loading 1_39_34
[17:04:30.471] [N] Loading 1_40_34
[17:04:30.501] [D] [Pulse] Slow bot root: 133ms bot=Wholesome Auto Quest poi=Sell combat=False
[17:04:31.303] [D] [Pulse] Slow bot root: 167ms bot=Wholesome Auto Quest poi=Sell combat=False
[17:04:32.107] [D] [Pulse] Slow bot root: 165ms bot=Wholesome Auto Quest poi=Sell combat=False
[17:04:32.879] [D] [Pulse] Slow bot root: 134ms bot=Wholesome Auto Quest poi=Sell combat=False
[17:04:33.679] [D] [Pulse] Slow bot root: 166ms bot=Wholesome Auto Quest poi=Sell combat=False
[17:04:34.445] [D] [Pulse] Slow bot root: 134ms bot=Wholesome Auto Quest poi=Sell combat=False
[17:04:35.249] [D] [Pulse] Slow bot root: 133ms bot=Wholesome Auto Quest poi=Sell combat=False
[17:04:36.020] [D] [Pulse] Slow bot root: 132ms bot=Wholesome Auto Quest poi=Sell combat=False
[17:04:36.790] [D] [Pulse] Slow bot root: 134ms bot=Wholesome Auto Quest poi=Sell combat=False
[17:04:37.102] [D] [Pulse] Slow plugin: name=AutoEquip2 elapsed=268ms
[17:04:37.167] [D] [Pulse] Slow plugin: name=Tidy Bags 3 Reloaded elapsed=63ms
[17:04:37.201] [D] [Pulse] Slow shared pulse: total=410ms movement=0 objects=0 lua=0 info=0 loot=1 targeting=41 events=0 plugins=367 routine=0
[17:04:37.831] [D] [Pulse] Slow bot root: 132ms bot=Wholesome Auto Quest poi=Sell combat=False
[17:04:38.628] [D] [Pulse] Slow bot root: 166ms bot=Wholesome Auto Quest poi=Sell combat=False
[17:04:38.760] [D] [Pulse] Slow plugin: name=Vendor Recovery elapsed=32ms
[17:04:39.431] [D] [Pulse] Slow bot root: 167ms bot=Wholesome Auto Quest poi=Sell combat=False
[17:04:40.202] [D] [Pulse] Slow bot root: 137ms bot=Wholesome Auto Quest poi=Sell combat=False
[17:04:41.035] [D] [Pulse] Slow bot root: 166ms bot=Wholesome Auto Quest poi=Sell combat=False
[17:04:41.840] [D] [Pulse] Slow bot root: 168ms bot=Wholesome Auto Quest poi=Sell combat=False
[17:04:42.604] [D] [Pulse] Slow bot root: 133ms bot=Wholesome Auto Quest poi=Sell combat=False
[17:04:43.409] [D] [Pulse] Slow bot root: 168ms bot=Wholesome Auto Quest poi=Sell combat=False
[17:04:44.172] [D] [Pulse] Slow bot root: 131ms bot=Wholesome Auto Quest poi=Sell combat=False
[17:04:44.936] [D] [Pulse] Slow bot root: 136ms bot=Wholesome Auto Quest poi=Sell combat=False
[17:04:45.603] [N] Moving to Type: Sell, Name: Prospector Khazgorm, Guid: 0, Entry: 3392, Location: (-4212.91, -2274.40, 50.19)
[17:04:45.703] [D] [Pulse] Slow bot root: 134ms bot=Wholesome Auto Quest poi=Sell combat=False
[17:04:46.513] [D] Dismount for attacker.
[17:04:46.513] [D] Stop and dismount. Reason: Near destination
[17:04:46.607] [D] [Pulse] Slow bot root: 202ms bot=Wholesome Auto Quest poi=Sell combat=True
[17:04:47.242] [N] [Singular] Currect target is invalid. Switching to Bael'dun Foreman!
[17:04:47.375] [D] [Pulse] Slow plugin: name=Tidy Bags 3 Reloaded elapsed=49ms
[17:04:47.409] [D] [Singular-DEBUG] Switched targets!
[17:04:47.409] [D] [Singular-DEBUG] Melee Distance: 5
[17:04:47.409] [D] [Singular-DEBUG] Health: 98.25783972125436
[17:04:47.409] [D] [Singular-DEBUG] Level: 22
[17:04:48.670] [N] [Singular] Casting Judgement of Light on Bael'dun Foreman
[17:04:48.670] [D] Spell_C::CastSpell(20271, 0, 0xF130000D2F008AD5, 0)
[17:04:48.703] [D] [Pulse] Slow bot root: 166ms bot=Wholesome Auto Quest poi=Sell combat=True
[17:04:48.835] [D] [Pulse] Slow plugin: name=Vendor Recovery elapsed=32ms
[17:04:49.573] [D] [Pulse] Slow bot root: 235ms bot=Wholesome Auto Quest poi=Sell combat=True
[17:04:50.310] [N] [Singular] Casting Exorcism on Bael'dun Foreman
[17:04:50.310] [D] Spell_C::CastSpell(879, 0, 0xF130000D2F008AD5, 0)
[17:04:50.343] [D] [Pulse] Slow bot root: 132ms bot=Wholesome Auto Quest poi=Sell combat=True
[17:04:53.778] [N] [Singular] Casting Hand of Freedom on Myself
[17:04:53.778] [D] Spell_C::CastSpell(1044, 0, 0x6000000007EAB80, 0)
[17:04:54.548] [D] [Pulse] Slow bot root: 101ms bot=Wholesome Auto Quest poi=Sell combat=True
[17:04:56.018] [N] [Singular] Casting Exorcism on Bael'dun Foreman
[17:04:56.018] [D] Spell_C::CastSpell(879, 0, 0xF130000D2F008AD5, 0)
[17:04:56.052] [D] [Pulse] Slow bot root: 167ms bot=Wholesome Auto Quest poi=Sell combat=True
[17:04:57.522] [D] [Pulse] Slow plugin: name=Tidy Bags 3 Reloaded elapsed=48ms
[17:04:58.857] [N] [Singular] Casting Judgement of Light on Bael'dun Foreman
[17:04:58.857] [D] Spell_C::CastSpell(20271, 0, 0xF130000D2F008AD5, 0)
[17:04:58.893] [D] [Pulse] Slow bot root: 169ms bot=Wholesome Auto Quest poi=Sell combat=True
[17:04:59.025] [D] [Pulse] Slow plugin: name=Vendor Recovery elapsed=33ms
[17:04:59.526] [N] [Singular] Currect target is invalid. Switching to Bael'dun Excavator!
[17:05:00.326] [D] [Singular-DEBUG] Switched targets!
[17:05:00.326] [D] [Singular-DEBUG] Melee Distance: 5
[17:05:00.326] [D] [Singular-DEBUG] Health: 88.7218045112782
[17:05:00.326] [D] [Singular-DEBUG] Level: 21
[17:05:00.859] [N] [Singular] Casting Holy Light on Myself
[17:05:00.860] [D] Spell_C::CastSpell(1026, 0, 0x6000000007EAB80, 0)
[17:05:06.215] [D] [Pulse] Slow bot root: 138ms bot=Wholesome Auto Quest poi=Sell combat=True
[17:05:07.648] [N] [Singular] Casting Judgement of Light on Bael'dun Excavator
[17:05:07.648] [D] Spell_C::CastSpell(20271, 0, 0xF130000D2E0089E2, 0)
[17:05:07.681] [D] [Pulse] Slow bot root: 132ms bot=Wholesome Auto Quest poi=Sell combat=True
[17:05:07.781] [D] [Pulse] Slow plugin: name=Tidy Bags 3 Reloaded elapsed=48ms
[17:05:09.214] [D] [Pulse] Slow plugin: name=Vendor Recovery elapsed=32ms
[17:05:13.862] [N] [Singular] Casting Exorcism on Bael'dun Excavator
[17:05:13.862] [D] Spell_C::CastSpell(879, 0, 0xF130000D2E0089E2, 0)
[17:05:13.895] [D] [Pulse] Slow bot root: 134ms bot=Wholesome Auto Quest poi=Sell combat=True
[17:05:16.668] [N] [Singular] Casting Judgement of Light on Bael'dun Excavator
[17:05:16.668] [D] Spell_C::CastSpell(20271, 0, 0xF130000D2E0089E2, 0)
[17:05:16.701] [D] [Pulse] Slow bot root: 134ms bot=Wholesome Auto Quest poi=Sell combat=True
[17:05:17.338] [N] [Singular] Currect target is invalid. Switching to Bael'dun Excavator!
[17:05:18.138] [D] [Pulse] Slow plugin: name=Tidy Bags 3 Reloaded elapsed=50ms
[17:05:18.172] [D] [Singular-DEBUG] Switched targets!
[17:05:18.172] [D] [Singular-DEBUG] Melee Distance: 5
[17:05:18.172] [D] [Singular-DEBUG] Health: 75.56390977443608
[17:05:18.172] [D] [Singular-DEBUG] Level: 21
[17:05:18.706] [N] [Singular] Casting Holy Light on Myself
[17:05:18.706] [D] Spell_C::CastSpell(1026, 0, 0x6000000007EAB80, 0)
[17:05:19.501] [D] [Pulse] Slow plugin: name=Vendor Recovery elapsed=34ms
[17:05:24.051] [D] [Pulse] Slow bot root: 139ms bot=Wholesome Auto Quest poi=Sell combat=True
[17:05:25.445] [N] [Singular] Casting Judgement of Light on Bael'dun Excavator
[17:05:25.446] [D] Spell_C::CastSpell(20271, 0, 0xF130000D2E0089D8, 0)
[17:05:25.478] [D] [Pulse] Slow bot root: 134ms bot=Wholesome Auto Quest poi=Sell combat=True
[17:05:28.282] [D] [Pulse] Slow plugin: name=Tidy Bags 3 Reloaded elapsed=51ms
[17:05:29.683] [D] [Pulse] Slow plugin: name=Vendor Recovery elapsed=32ms
[17:05:31.616] [N] [Singular] Casting Exorcism on Bael'dun Excavator
[17:05:31.616] [D] Spell_C::CastSpell(879, 0, 0xF130000D2E0089D8, 0)
[17:05:31.650] [D] [Pulse] Slow bot root: 133ms bot=Wholesome Auto Quest poi=Sell combat=True
[17:05:34.385] [N] [Singular] Casting Judgement of Light on Bael'dun Excavator
[17:05:34.385] [D] Spell_C::CastSpell(20271, 0, 0xF130000D2E0089D8, 0)
[17:05:34.419] [D] [Pulse] Slow bot root: 134ms bot=Wholesome Auto Quest poi=Sell combat=True
[17:05:35.556] [D] [Pulse] Slow bot root: 463ms bot=Wholesome Auto Quest poi=Sell combat=True
[17:05:36.329] [D] [Pulse] Slow bot root: 132ms bot=Wholesome Auto Quest poi=Sell combat=False
[17:05:37.030] [N] Drinking Melon Juice
[17:05:37.064] [D] [Pulse] Slow bot root: 100ms bot=Wholesome Auto Quest poi=Sell combat=False
[17:05:38.669] [D] [Pulse] Slow plugin: name=AutoEquip2 elapsed=252ms
[17:05:38.737] [D] [Pulse] Slow plugin: name=Tidy Bags 3 Reloaded elapsed=67ms
[17:05:38.771] [D] [Pulse] Slow shared pulse: total=403ms movement=0 objects=0 lua=0 info=0 loot=1 targeting=46 events=0 plugins=354 routine=0
[17:05:40.152] [D] [Pulse] Slow plugin: name=Vendor Recovery elapsed=33ms
[17:05:49.072] [D] [Pulse] Slow plugin: name=AutoEquip2 elapsed=250ms
[17:05:49.138] [D] [Pulse] Slow plugin: name=Tidy Bags 3 Reloaded elapsed=65ms
[17:05:49.171] [D] [Pulse] Slow shared pulse: total=400ms movement=0 objects=0 lua=0 info=0 loot=1 targeting=49 events=0 plugins=349 routine=0
[17:05:50.543] [D] [Pulse] Slow plugin: name=Vendor Recovery elapsed=33ms
[17:05:55.396] [N] Mounting: 34769
[17:05:57.603] [D] [Pulse] Slow bot root: 2539ms bot=Wholesome Auto Quest poi=Sell combat=False
[17:05:58.436] [D] [Pulse] Slow bot root: 166ms bot=Wholesome Auto Quest poi=Sell combat=False
[17:05:59.208] [D] [Pulse] Slow bot root: 134ms bot=Wholesome Auto Quest poi=Sell combat=True
[17:05:59.309] [D] [Pulse] Slow plugin: name=Tidy Bags 3 Reloaded elapsed=51ms
[17:05:59.948] [D] [Pulse] Slow bot root: 102ms bot=Wholesome Auto Quest poi=Sell combat=True
[17:06:00.082] [D] [Singular-DEBUG] Switched targets!
[17:06:00.082] [D] [Singular-DEBUG] Melee Distance: 5
[17:06:00.082] [D] [Singular-DEBUG] Health: 98.25479930191972
[17:06:00.082] [D] [Singular-DEBUG] Level: 22
[17:06:00.816] [D] [Pulse] Slow plugin: name=Vendor Recovery elapsed=33ms
[17:06:01.315] [D] Dismount for attacker.
[17:06:01.315] [D] Stop and dismount. Reason: Combat
[17:06:02.818] [N] [Singular] Casting Judgement of Light on Bael'dun Excavator
[17:06:02.818] [D] Spell_C::CastSpell(20271, 0, 0xF130000D2E00865A, 0)
[17:06:02.852] [D] [Pulse] Slow bot root: 166ms bot=Wholesome Auto Quest poi=Sell combat=True
[17:06:03.693] [D] [Pulse] Slow bot root: 167ms bot=Wholesome Auto Quest poi=Sell combat=True
[17:06:04.394] [N] [Singular] Casting Hand of Freedom on Myself
[17:06:04.394] [D] Spell_C::CastSpell(1044, 0, 0x6000000007EAB80, 0)
[17:06:04.428] [D] [Pulse] Slow bot root: 101ms bot=Wholesome Auto Quest poi=Sell combat=True
[17:06:05.129] [N] [Singular] Casting Divine Protection on Myself
[17:06:05.129] [D] Spell_C::CastSpell(498, 0, 0x6000000007EAB80, 0)
[17:06:05.898] [D] [Pulse] Slow bot root: 102ms bot=Wholesome Auto Quest poi=Sell combat=True
[17:06:06.637] [N] [Singular] Casting Exorcism on Bael'dun Excavator
[17:06:06.637] [D] Spell_C::CastSpell(879, 0, 0xF130000D2E00865A, 0)
[17:06:06.669] [D] [Pulse] Slow bot root: 133ms bot=Wholesome Auto Quest poi=Sell combat=True
[17:06:09.475] [D] [Pulse] Slow plugin: name=Tidy Bags 3 Reloaded elapsed=45ms
[17:06:10.161] [N] [Singular] Casting Consecration on Bael'dun Excavator
[17:06:10.161] [D] Spell_C::CastSpell(26573, 0, 0xF130000D2E00865A, 0)
[17:06:10.195] [D] [Pulse] Slow bot root: 165ms bot=Wholesome Auto Quest poi=Sell combat=True
[17:06:11.064] [D] [Pulse] Slow bot root: 233ms bot=Wholesome Auto Quest poi=Sell combat=True
[17:06:11.198] [D] [Pulse] Slow plugin: name=Vendor Recovery elapsed=32ms
[17:06:12.538] [N] [Singular] Casting Judgement of Light on Bael'dun Excavator
[17:06:12.538] [D] Spell_C::CastSpell(20271, 0, 0xF130000D2E00865A, 0)
[17:06:12.573] [D] [Pulse] Slow bot root: 169ms bot=Wholesome Auto Quest poi=Sell combat=True
[17:06:13.206] [N] [Singular] Currect target is invalid. Switching to Bael'dun Excavator!
[17:06:14.043] [D] [Singular-DEBUG] Switched targets!
[17:06:14.043] [D] [Singular-DEBUG] Melee Distance: 5
[17:06:14.043] [D] [Singular-DEBUG] Health: 80.45112781954887
[17:06:14.043] [D] [Singular-DEBUG] Level: 21
[17:06:14.577] [N] [Singular] Casting Holy Light on Myself
[17:06:14.577] [D] Spell_C::CastSpell(1026, 0, 0x6000000007EAB80, 0)
[17:06:19.291] [N] [Singular] Casting Consecration on Bael'dun Excavator
[17:06:19.291] [D] Spell_C::CastSpell(26573, 0, 0xF130000D2E0086A6, 0)
[17:06:19.325] [D] [Pulse] Slow bot root: 201ms bot=Wholesome Auto Quest poi=Sell combat=True
[17:06:20.130] [D] [Pulse] Slow plugin: name=Tidy Bags 3 Reloaded elapsed=50ms
[17:06:21.466] [N] [Singular] Casting Judgement of Light on Bael'dun Excavator
[17:06:21.466] [D] Spell_C::CastSpell(20271, 0, 0xF130000D2E0086A6, 0)
[17:06:21.501] [D] [Pulse] Slow bot root: 169ms bot=Wholesome Auto Quest poi=Sell combat=True
[17:06:21.639] [D] [Pulse] Slow plugin: name=Vendor Recovery elapsed=36ms
[17:06:24.951] [N] [Singular] Currect target is invalid. Switching to Bael'dun Foreman!
[17:06:24.984] [D] [Pulse] Slow bot root: 772ms bot=Wholesome Auto Quest poi=Sell combat=True
[17:06:25.754] [D] [Singular-DEBUG] Switched targets!
[17:06:25.755] [D] [Singular-DEBUG] Melee Distance: 5
[17:06:25.755] [D] [Singular-DEBUG] Health: 42.1602787456446
[17:06:25.755] [D] [Singular-DEBUG] Level: 22
[17:06:26.290] [N] [Singular] Casting Holy Light on Myself
[17:06:26.290] [D] Spell_C::CastSpell(1026, 0, 0x6000000007EAB80, 0)
[17:06:30.263] [D] [Pulse] Slow plugin: name=Tidy Bags 3 Reloaded elapsed=49ms
[17:06:31.603] [N] [Singular] Casting Hand of Freedom on Myself
[17:06:31.603] [D] Spell_C::CastSpell(1044, 0, 0x6000000007EAB80, 0)
[17:06:31.635] [D] [Pulse] Slow bot root: 133ms bot=Wholesome Auto Quest poi=Sell combat=True
[17:06:31.768] [D] [Pulse] Slow plugin: name=Vendor Recovery elapsed=31ms
[17:06:32.401] [D] [Pulse] Slow bot root: 132ms bot=Wholesome Auto Quest poi=Sell combat=True
[17:06:33.221] [N] [Singular] Casting Judgement of Light on Bael'dun Foreman
[17:06:33.221] [D] Spell_C::CastSpell(20271, 0, 0xF130000D2F008672, 0)
[17:06:38.525] [N] [Singular] Casting Exorcism on Bael'dun Foreman
[17:06:38.525] [D] Spell_C::CastSpell(879, 0, 0xF130000D2F008672, 0)
[17:06:38.856] [N] [Singular] Currect target is invalid. Switching to Bael'dun Foreman!
[17:06:39.219] [D] [Singular-DEBUG] Switched targets!
[17:06:39.219] [D] [Singular-DEBUG] Melee Distance: 5
[17:06:39.219] [D] [Singular-DEBUG] Health: 25.43554006968641
[17:06:39.219] [D] [Singular-DEBUG] Level: 22
[17:06:39.334] [N] [Singular] Casting Holy Light on Myself
[17:06:39.334] [D] Spell_C::CastSpell(1026, 0, 0x6000000007EAB80, 0)
[17:06:43.065] [D] [Pulse] Slow plugin: name=DrinkPotions elapsed=128ms
[17:06:43.835] [N] [Singular] Casting Judgement of Light on Bael'dun Foreman
[17:06:43.835] [D] Spell_C::CastSpell(20271, 0, 0xF130000D2F008C78, 0)
[17:06:46.984] [D] [Pulse] Slow bot root: 135ms bot=Wholesome Auto Quest poi=Sell combat=True
[17:06:47.721] [D] [Pulse] Slow plugin: name=Tidy Bags 3 Reloaded elapsed=66ms
[17:06:47.761] [D] [Pulse] Slow plugin: name=Vendor Recovery elapsed=39ms
[17:06:47.761] [D] [Pulse] Slow shared pulse: total=776ms movement=0 objects=0 lua=0 info=0 loot=1 targeting=45 events=0 plugins=727 routine=0
[17:06:48.253] [N] [Singular] Currect target is invalid. Switching to Bael'dun Foreman!
[17:06:49.058] [D] [Singular-DEBUG] Switched targets!
[17:06:49.058] [D] [Singular-DEBUG] Melee Distance: 5
[17:06:49.058] [D] [Singular-DEBUG] Health: 20.209059233449477
[17:06:49.058] [D] [Singular-DEBUG] Level: 22
[17:06:52.345] [N] [Singular] Casting Judgement of Light on Bael'dun Foreman
[17:06:52.346] [D] Spell_C::CastSpell(20271, 0, 0xF130000D2F00868D, 0)
[17:06:52.379] [D] [Pulse] Slow bot root: 166ms bot=Wholesome Auto Quest poi=Sell combat=True
[17:06:53.682] [N] [Singular] Currect target is invalid. Switching to Bael'dun Foreman!
[17:06:54.388] [D] [Pulse] Slow plugin: name=DrinkPotions elapsed=625ms
[17:06:54.489] [D] [Singular-DEBUG] Switched targets!
[17:06:54.489] [D] [Singular-DEBUG] Melee Distance: 5
[17:06:54.489] [D] [Singular-DEBUG] Health: 93.03135888501743
[17:06:54.489] [D] [Singular-DEBUG] Level: 22
[17:06:56.357] [N] [Singular] Casting Flash of Light on Myself
[17:06:56.357] [D] Spell_C::CastSpell(19939, 0, 0x6000000007EAB80, 0)
[17:06:56.391] [D] [Pulse] Slow bot root: 101ms bot=Wholesome Auto Quest poi=Sell combat=True
[17:06:58.401] [D] [Pulse] Slow plugin: name=Tidy Bags 3 Reloaded elapsed=65ms
[17:06:58.433] [D] [Pulse] Slow plugin: name=Vendor Recovery elapsed=32ms
[17:06:58.434] [D] [Pulse] Slow shared pulse: total=769ms movement=0 objects=0 lua=0 info=0 loot=1 targeting=45 events=0 plugins=721 routine=0
[17:07:00.278] [N] [Singular] Casting Flash of Light on Myself
[17:07:00.279] [D] Spell_C::CastSpell(19939, 0, 0x6000000007EAB80, 0)
[17:07:00.312] [D] [Pulse] Slow bot root: 101ms bot=Wholesome Auto Quest poi=Sell combat=True
[17:07:04.325] [D] [Pulse] Slow bot root: 138ms bot=Wholesome Auto Quest poi=Sell combat=True
[17:07:04.988] [D] [Pulse] Slow plugin: name=DrinkPotions elapsed=617ms
[17:07:05.797] [D] [Pulse] Slow bot root: 204ms bot=Wholesome Auto Quest poi=Sell combat=True
[17:07:07.270] [D] [Pulse] Slow bot root: 172ms bot=Wholesome Auto Quest poi=Sell combat=True
[17:07:08.704] [D] [Pulse] Slow bot root: 170ms bot=Wholesome Auto Quest poi=Sell combat=True
[17:07:09.438] [D] [Pulse] Slow plugin: name=Tidy Bags 3 Reloaded elapsed=66ms
[17:07:09.472] [D] [Pulse] Slow plugin: name=Vendor Recovery elapsed=34ms
[17:07:09.472] [D] [Pulse] Slow shared pulse: total=768ms movement=0 objects=0 lua=0 info=0 loot=1 targeting=40 events=0 plugins=724 routine=0
[17:07:10.144] [D] [Pulse] Slow bot root: 168ms bot=Wholesome Auto Quest poi=Sell combat=True
[17:07:12.250] [N] [Singular] Casting Judgement of Light on Bael'dun Foreman
[17:07:12.250] [D] Spell_C::CastSpell(20271, 0, 0xF130000D2F008B66, 0)
[17:07:12.283] [D] [Pulse] Slow bot root: 234ms bot=Wholesome Auto Quest poi=Sell combat=True
[17:07:15.370] [D] [Pulse] Slow plugin: name=DrinkPotions elapsed=228ms
[17:07:16.701] [N] [Singular] Currect target is invalid. Switching to Bael'dun Foreman!
[17:07:17.337] [D] [Singular-DEBUG] Switched targets!
[17:07:17.337] [D] [Singular-DEBUG] Melee Distance: 5
[17:07:17.337] [D] [Singular-DEBUG] Health: 80.55105348460292
[17:07:17.337] [D] [Singular-DEBUG] Level: 23
[17:07:19.789] [D] [Pulse] Slow shared pulse: total=266ms movement=0 objects=0 lua=0 info=0 loot=2 targeting=17 events=0 plugins=245 routine=0
[17:07:19.890] [D] Activity: Releasing from corpse
[17:07:19.890] [N] I died.
[17:07:19.921] [D] Cleared POI
[17:07:19.921] [N] [DeathStallRecovery] Death detected at (-4120.79, -2207.73, 50.18); monitoring corpse-recovery movement.
[17:07:20.281] [D] [Pulse] Slow bot root: 104ms bot=Wholesome Auto Quest poi=None combat=False
[17:07:20.394] [D] [Pulse] Slow plugin: name=Tidy Bags 3 Reloaded elapsed=32ms
[17:07:20.395] [D] Activity: Moving to corpse
[17:07:20.535] [D] [Nav] Loaded 3 mesh tiles for one path query
[17:07:20.536] [D] [MeshNavigator] Skipped 3 path nodes
[17:07:23.875] [D] [Pulse] Slow bot root: 200ms bot=Wholesome Auto Quest poi=None combat=False
[17:07:24.177] [D] [Pulse] Slow bot root: 201ms bot=Wholesome Auto Quest poi=None combat=False
[17:07:24.479] [D] [Pulse] Slow bot root: 200ms bot=Wholesome Auto Quest poi=None combat=False
[17:07:24.744] [D] [Pulse] Slow bot root: 165ms bot=Wholesome Auto Quest poi=None combat=False
[17:07:25.010] [D] [Pulse] Slow bot root: 167ms bot=Wholesome Auto Quest poi=None combat=False
[17:07:25.275] [D] [Pulse] Slow bot root: 166ms bot=Wholesome Auto Quest poi=None combat=False
[17:07:25.543] [D] [Pulse] Slow bot root: 166ms bot=Wholesome Auto Quest poi=None combat=False
[17:07:25.812] [D] [Pulse] Slow bot root: 166ms bot=Wholesome Auto Quest poi=None combat=False
[17:07:26.077] [D] [Pulse] Slow bot root: 166ms bot=Wholesome Auto Quest poi=None combat=False
[17:07:26.344] [D] [Pulse] Slow bot root: 167ms bot=Wholesome Auto Quest poi=None combat=False
[17:07:26.610] [D] [Pulse] Slow bot root: 165ms bot=Wholesome Auto Quest poi=None combat=False
[17:07:26.874] [D] [Pulse] Slow bot root: 165ms bot=Wholesome Auto Quest poi=None combat=False
[17:07:27.140] [D] [Pulse] Slow bot root: 165ms bot=Wholesome Auto Quest poi=None combat=False
[17:07:27.408] [D] [Pulse] Slow bot root: 168ms bot=Wholesome Auto Quest poi=None combat=False
[17:07:27.675] [D] [Pulse] Slow bot root: 166ms bot=Wholesome Auto Quest poi=None combat=False
[17:07:27.981] [D] [Pulse] Slow bot root: 170ms bot=Wholesome Auto Quest poi=None combat=False
[17:07:28.246] [D] [Pulse] Slow bot root: 167ms bot=Wholesome Auto Quest poi=None combat=False
[17:07:28.513] [D] [Pulse] Slow bot root: 167ms bot=Wholesome Auto Quest poi=None combat=False
[17:07:28.782] [D] [Pulse] Slow bot root: 166ms bot=Wholesome Auto Quest poi=None combat=False
[17:07:29.052] [D] [Pulse] Slow bot root: 168ms bot=Wholesome Auto Quest poi=None combat=False
[17:07:29.353] [D] [Pulse] Slow bot root: 200ms bot=Wholesome Auto Quest poi=None combat=False
[17:07:29.620] [D] [Pulse] Slow bot root: 168ms bot=Wholesome Auto Quest poi=None combat=False
[17:07:29.890] [D] [Pulse] Slow bot root: 169ms bot=Wholesome Auto Quest poi=None combat=False
[17:07:30.157] [D] [Pulse] Slow bot root: 166ms bot=Wholesome Auto Quest poi=None combat=False
[17:07:30.423] [D] [Pulse] Slow bot root: 165ms bot=Wholesome Auto Quest poi=None combat=False
[17:07:30.524] [D] [Pulse] Slow plugin: name=Tidy Bags 3 Reloaded elapsed=63ms
[17:07:30.694] [D] [Pulse] Slow bot root: 169ms bot=Wholesome Auto Quest poi=None combat=False
[17:07:30.960] [D] [Pulse] Slow bot root: 166ms bot=Wholesome Auto Quest poi=None combat=False
[17:07:31.228] [D] [Pulse] Slow bot root: 167ms bot=Wholesome Auto Quest poi=None combat=False
[17:07:31.496] [D] [Pulse] Slow bot root: 167ms bot=Wholesome Auto Quest poi=None combat=False
[17:07:31.763] [D] [Pulse] Slow bot root: 167ms bot=Wholesome Auto Quest poi=None combat=False
[17:07:32.031] [D] [Pulse] Slow bot root: 167ms bot=Wholesome Auto Quest poi=None combat=False
[17:07:32.300] [D] [Pulse] Slow bot root: 167ms bot=Wholesome Auto Quest poi=None combat=False
[17:07:32.567] [D] [Pulse] Slow bot root: 167ms bot=Wholesome Auto Quest poi=None combat=False
[17:07:32.835] [D] [Pulse] Slow bot root: 167ms bot=Wholesome Auto Quest poi=None combat=False
[17:07:33.169] [D] [Pulse] Slow bot root: 199ms bot=Wholesome Auto Quest poi=None combat=False
[17:07:33.435] [D] [Pulse] Slow bot root: 164ms bot=Wholesome Auto Quest poi=None combat=False
[17:07:33.701] [D] [Pulse] Slow bot root: 166ms bot=Wholesome Auto Quest poi=None combat=False
[17:07:33.966] [D] [Pulse] Slow bot root: 165ms bot=Wholesome Auto Quest poi=None combat=False
[17:07:34.233] [D] [Pulse] Slow bot root: 165ms bot=Wholesome Auto Quest poi=None combat=False
[17:07:34.498] [D] [Pulse] Slow bot root: 164ms bot=Wholesome Auto Quest poi=None combat=False
[17:07:34.763] [D] [Pulse] Slow bot root: 165ms bot=Wholesome Auto Quest poi=None combat=False
[17:07:35.031] [D] [Pulse] Slow bot root: 167ms bot=Wholesome Auto Quest poi=None combat=False
[17:07:35.299] [D] [Pulse] Slow bot root: 168ms bot=Wholesome Auto Quest poi=None combat=False
[17:07:35.567] [D] [Pulse] Slow bot root: 166ms bot=Wholesome Auto Quest poi=None combat=False
[17:07:35.866] [D] [Pulse] Slow bot root: 200ms bot=Wholesome Auto Quest poi=None combat=False
[17:07:36.131] [D] [Pulse] Slow bot root: 163ms bot=Wholesome Auto Quest poi=None combat=False
[17:07:36.402] [D] [Pulse] Slow bot root: 169ms bot=Wholesome Auto Quest poi=None combat=False
[17:07:36.672] [D] [Pulse] Slow bot root: 168ms bot=Wholesome Auto Quest poi=None combat=False
[17:07:36.940] [D] [Pulse] Slow bot root: 166ms bot=Wholesome Auto Quest poi=None combat=False
[17:07:37.207] [D] [Pulse] Slow bot root: 166ms bot=Wholesome Auto Quest poi=None combat=False
[17:07:37.476] [D] [Pulse] Slow bot root: 168ms bot=Wholesome Auto Quest poi=None combat=False
[17:07:37.743] [D] [Pulse] Slow bot root: 168ms bot=Wholesome Auto Quest poi=None combat=False
[17:07:38.012] [D] [Pulse] Slow bot root: 167ms bot=Wholesome Auto Quest poi=None combat=False
[17:07:38.311] [D] [Pulse] Slow bot root: 166ms bot=Wholesome Auto Quest poi=None combat=False
[17:07:38.576] [D] [Pulse] Slow bot root: 165ms bot=Wholesome Auto Quest poi=None combat=False
[17:07:38.841] [D] [Pulse] Slow bot root: 165ms bot=Wholesome Auto Quest poi=None combat=False
[17:07:39.141] [D] [Pulse] Slow bot root: 199ms bot=Wholesome Auto Quest poi=None combat=False
[17:07:39.407] [D] [Pulse] Slow bot root: 165ms bot=Wholesome Auto Quest poi=None combat=False
[17:07:39.640] [D] [Pulse] Slow bot root: 133ms bot=Wholesome Auto Quest poi=None combat=False
[17:07:39.909] [D] [Pulse] Slow bot root: 167ms bot=Wholesome Auto Quest poi=None combat=False
[17:07:40.143] [D] [Pulse] Slow bot root: 133ms bot=Wholesome Auto Quest poi=None combat=False
[17:07:40.377] [D] [Pulse] Slow bot root: 133ms bot=Wholesome Auto Quest poi=None combat=False
[17:07:40.643] [D] [Pulse] Slow bot root: 165ms bot=Wholesome Auto Quest poi=None combat=False
[17:07:40.743] [D] [Pulse] Slow plugin: name=Tidy Bags 3 Reloaded elapsed=55ms
[17:07:40.942] [D] [Pulse] Slow bot root: 199ms bot=Wholesome Auto Quest poi=None combat=False
[17:07:41.242] [D] [Pulse] Slow bot root: 200ms bot=Wholesome Auto Quest poi=None combat=False
[17:07:41.510] [D] [Pulse] Slow bot root: 167ms bot=Wholesome Auto Quest poi=None combat=False
[17:07:41.777] [D] [Pulse] Slow bot root: 166ms bot=Wholesome Auto Quest poi=None combat=False
[17:07:42.045] [D] [Pulse] Slow bot root: 166ms bot=Wholesome Auto Quest poi=None combat=False
[17:07:42.316] [D] [Pulse] Slow bot root: 169ms bot=Wholesome Auto Quest poi=None combat=False
[17:07:42.584] [D] [Pulse] Slow bot root: 166ms bot=Wholesome Auto Quest poi=None combat=False
[17:07:42.885] [D] [Pulse] Slow bot root: 168ms bot=Wholesome Auto Quest poi=None combat=False
[17:07:43.150] [D] [Pulse] Slow bot root: 166ms bot=Wholesome Auto Quest poi=None combat=False
[17:07:43.415] [D] [Pulse] Slow bot root: 130ms bot=Wholesome Auto Quest poi=None combat=False
[17:07:43.650] [D] [Pulse] Slow bot root: 133ms bot=Wholesome Auto Quest poi=None combat=False
[17:07:43.886] [D] [Pulse] Slow bot root: 133ms bot=Wholesome Auto Quest poi=None combat=False
[17:07:44.089] [D] [Pulse] Slow bot root: 101ms bot=Wholesome Auto Quest poi=None combat=False
[17:07:44.356] [D] [Pulse] Slow bot root: 166ms bot=Wholesome Auto Quest poi=None combat=False
[17:07:44.622] [D] [Pulse] Slow bot root: 166ms bot=Wholesome Auto Quest poi=None combat=False
[17:07:45.022] [D] [Pulse] Slow bot root: 100ms bot=Wholesome Auto Quest poi=None combat=False
[17:07:45.288] [D] [Pulse] Slow bot root: 164ms bot=Wholesome Auto Quest poi=None combat=False
[17:07:45.552] [D] [Pulse] Slow bot root: 165ms bot=Wholesome Auto Quest poi=None combat=False
[17:07:45.786] [D] [Pulse] Slow bot root: 133ms bot=Wholesome Auto Quest poi=None combat=False
[17:07:45.986] [D] [Pulse] Slow bot root: 100ms bot=Wholesome Auto Quest poi=None combat=False
[17:07:46.754] [D] [Pulse] Slow bot root: 169ms bot=Wholesome Auto Quest poi=None combat=False
[17:07:47.816] [N] There are 34 hostile mobs near our corpse.
[17:07:47.858] [D] Changed POI to: Type: Corpse, Name: Unknown, Guid: 0, Entry: 0, Location: (-4151.10, -2190.23, 52.32)
[17:07:47.858] [D] Activity: Moving to instance portal, since we died inside.
[17:07:47.858] [D] [Pulse] Slow bot root: 474ms bot=Wholesome Auto Quest poi=Corpse combat=False
[17:07:51.161] [D] [Pulse] Slow plugin: name=Tidy Bags 3 Reloaded elapsed=47ms
[17:08:01.460] [D] [Pulse] Slow plugin: name=Tidy Bags 3 Reloaded elapsed=52ms
[17:08:11.745] [D] [Pulse] Slow plugin: name=Tidy Bags 3 Reloaded elapsed=51ms
[17:08:20.898] [N] [Wholesome Auto Quest] Bot running but not moving for 30s
[17:08:22.202] [D] [Pulse] Slow plugin: name=Tidy Bags 3 Reloaded elapsed=52ms
[17:08:29.483] [D] Activity: SafeRes timer expired - Grabbing our corpse where we are.
[17:08:29.516] [N] Clicking corpse popup...
[17:08:30.217] [D] Cleared POI - Reason Res timer expired. Grabbed our corpse.
[17:08:30.217] [D] Cleared POI
[17:08:30.217] [D] Activity: Moving to instance portal, since we died inside.
[17:08:30.251] [N] [Singular] Casting Holy Light on Myself
[17:08:30.251] [D] Spell_C::CastSpell(1026, 0, 0x6000000007EAB80, 0)
[17:08:31.586] [D] [Singular-DEBUG] Switched targets!
[17:08:31.586] [D] [Singular-DEBUG] Melee Distance: 5
[17:08:31.586] [D] [Singular-DEBUG] Health: 98.37925445705024
[17:08:31.586] [D] [Singular-DEBUG] Level: 23
[17:08:32.219] [D] [Pulse] Slow plugin: name=Tidy Bags 3 Reloaded elapsed=50ms
[17:08:35.356] [N] [Singular] Casting Exorcism on Bael'dun Foreman
[17:08:35.356] [D] Spell_C::CastSpell(879, 0, 0xF130000D2F008A0D, 0)
[17:08:35.390] [D] [Pulse] Slow bot root: 199ms bot=Wholesome Auto Quest poi=None combat=True
[17:08:37.366] [D] [Pulse] Slow bot root: 104ms bot=Wholesome Auto Quest poi=None combat=True
[17:08:38.106] [D] [Pulse] Slow bot root: 106ms bot=Wholesome Auto Quest poi=None combat=True
[17:08:38.840] [D] [Pulse] Slow bot root: 139ms bot=Wholesome Auto Quest poi=None combat=True
[17:08:39.544] [D] [Pulse] Slow bot root: 107ms bot=Wholesome Auto Quest poi=None combat=True
[17:08:42.314] [D] [Pulse] Slow plugin: name=Tidy Bags 3 Reloaded elapsed=51ms
[17:08:48.367] [D] [Pulse] Slow bot root: 106ms bot=Wholesome Auto Quest poi=None combat=True
[17:08:49.136] [D] [Pulse] Slow bot root: 105ms bot=Wholesome Auto Quest poi=None combat=True
[17:08:49.941] [D] [Pulse] Slow bot root: 204ms bot=Wholesome Auto Quest poi=None combat=True
[17:08:50.549] [D] Changed POI to: Type: Sell, Name: Prospector Khazgorm, Guid: 0, Entry: 3392, Location: (-4212.91, -2274.40, 50.19)
[17:08:50.678] [D] [Pulse] Slow plugin: name=Vendor Recovery elapsed=33ms
[17:08:51.619] [D] [Pulse] Slow bot root: 439ms bot=Wholesome Auto Quest poi=Sell combat=True
[17:08:52.657] [D] [Pulse] Slow bot root: 402ms bot=Wholesome Auto Quest poi=Sell combat=True
[17:08:52.757] [D] [Pulse] Slow plugin: name=Tidy Bags 3 Reloaded elapsed=52ms
[17:08:53.693] [D] [Pulse] Slow bot root: 400ms bot=Wholesome Auto Quest poi=Sell combat=True
[17:08:54.592] [D] [Pulse] Slow bot root: 230ms bot=Wholesome Auto Quest poi=Sell combat=True
[17:08:55.461] [D] [Pulse] Slow bot root: 234ms bot=Wholesome Auto Quest poi=Sell combat=True
[17:08:57.777] [N] [Singular] Currect target is invalid. Switching to Bael'dun Excavator!
[17:08:57.777] [D] [Pulse] Slow bot root: 1674ms bot=Wholesome Auto Quest poi=Sell combat=True
[17:08:57.910] [D] [Singular-DEBUG] Switched targets!
[17:08:57.910] [D] [Singular-DEBUG] Melee Distance: 5
[17:08:57.910] [D] [Singular-DEBUG] Health: 100
[17:08:57.910] [D] [Singular-DEBUG] Level: 21
[17:08:58.576] [N] [Singular] Casting Exorcism on Bael'dun Excavator
[17:08:58.576] [D] Spell_C::CastSpell(879, 0, 0xF130000D2E008B43, 0)
[17:08:58.611] [D] [Pulse] Slow bot root: 200ms bot=Wholesome Auto Quest poi=Sell combat=True
[17:09:00.871] [D] [Pulse] Slow plugin: name=Vendor Recovery elapsed=112ms
[17:09:00.871] [D] [Pulse] Slow shared pulse: total=215ms movement=0 objects=0 lua=0 info=0 loot=2 targeting=43 events=0 plugins=168 routine=0
[17:09:02.181] [D] [Pulse] Slow bot root: 108ms bot=Wholesome Auto Quest poi=Sell combat=True
[17:09:02.974] [D] [Pulse] Slow plugin: name=Tidy Bags 3 Reloaded elapsed=51ms
[17:09:05.712] [N] [Singular] Casting Divine Protection on Myself
[17:09:05.712] [D] Spell_C::CastSpell(498, 0, 0x6000000007EAB80, 0)
[17:09:11.520] [D] [Pulse] Slow plugin: name=Vendor Recovery elapsed=32ms
[17:09:13.590] [D] [Pulse] Slow plugin: name=Tidy Bags 3 Reloaded elapsed=52ms
[17:09:16.394] [N] [Singular] Casting Exorcism on Bael'dun Excavator
[17:09:16.394] [D] Spell_C::CastSpell(879, 0, 0xF130000D2E008B43, 0)
[17:09:16.428] [D] [Pulse] Slow bot root: 167ms bot=Wholesome Auto Quest poi=Sell combat=True
[17:09:18.094] [D] [Pulse] Slow bot root: 369ms bot=Wholesome Auto Quest poi=Sell combat=True
[17:09:19.160] [D] [Pulse] Slow bot root: 435ms bot=Wholesome Auto Quest poi=Sell combat=True
[17:09:20.230] [D] [Pulse] Slow bot root: 402ms bot=Wholesome Auto Quest poi=Sell combat=False
[17:09:21.000] [D] [Pulse] Slow bot root: 133ms bot=Wholesome Auto Quest poi=Sell combat=False
[17:09:21.704] [N] Eating Bristle Whisker Catfish
[17:09:21.869] [D] [Pulse] Slow plugin: name=Vendor Recovery elapsed=33ms
[17:09:23.054] [N] Drinking Melon Juice
[17:09:23.819] [D] [Pulse] Slow plugin: name=Tidy Bags 3 Reloaded elapsed=50ms
[17:09:27.391] [D] [Pulse] Slow plugin: name=AutoEquip2 elapsed=252ms
[17:09:27.492] [D] [Pulse] Slow shared pulse: total=399ms movement=0 objects=0 lua=0 info=0 loot=2 targeting=43 events=0 plugins=353 routine=0
[17:09:32.198] [D] [Pulse] Slow plugin: name=Vendor Recovery elapsed=36ms
[17:09:34.160] [D] [Pulse] Slow plugin: name=Tidy Bags 3 Reloaded elapsed=49ms
[17:09:37.738] [D] [Pulse] Slow plugin: name=AutoEquip2 elapsed=251ms
[17:09:37.836] [D] [Pulse] Slow shared pulse: total=433ms movement=0 objects=0 lua=33 info=0 loot=2 targeting=47 events=0 plugins=349 routine=0
[17:09:42.511] [D] [Pulse] Slow plugin: name=Vendor Recovery elapsed=33ms
[17:09:43.082] [N] [Singular] Casting Blessing of Kings on Myself
[17:09:43.082] [D] Spell_C::CastSpell(20217, 0, 0x6000000007EAB80, 0)
[17:09:43.115] [D] [Pulse] Slow bot root: 100ms bot=Wholesome Auto Quest poi=Sell combat=False
[17:09:44.158] [N] Mounting: 35022
[17:09:46.368] [D] [Pulse] Slow bot root: 2579ms bot=Wholesome Auto Quest poi=Sell combat=False
[17:09:46.470] [D] [Pulse] Slow plugin: name=Tidy Bags 3 Reloaded elapsed=52ms
[17:09:47.167] [D] [Pulse] Slow bot root: 165ms bot=Wholesome Auto Quest poi=Sell combat=False
[17:09:47.938] [D] [Pulse] Slow bot root: 134ms bot=Wholesome Auto Quest poi=Sell combat=False
[17:09:48.275] [D] [Pulse] Slow plugin: name=AutoEquip2 elapsed=255ms
[17:09:48.380] [D] [Pulse] Slow shared pulse: total=441ms movement=0 objects=0 lua=0 info=0 loot=32 targeting=48 events=0 plugins=360 routine=0
[17:09:49.008] [D] [Pulse] Slow bot root: 133ms bot=Wholesome Auto Quest poi=Sell combat=False
[17:09:49.807] [D] [Pulse] Slow bot root: 100ms bot=Wholesome Auto Quest poi=Sell combat=True
[17:09:49.942] [D] [Singular-DEBUG] Switched targets!
[17:09:49.942] [D] [Singular-DEBUG] Melee Distance: 5
[17:09:49.942] [D] [Singular-DEBUG] Health: 98.1203007518797
[17:09:49.942] [D] [Singular-DEBUG] Level: 21
[17:09:50.579] [D] [Pulse] Slow bot root: 100ms bot=Wholesome Auto Quest poi=Sell combat=True
[17:09:52.056] [D] [Pulse] Slow bot root: 101ms bot=Wholesome Auto Quest poi=Sell combat=True
[17:09:52.793] [D] [Pulse] Slow bot root: 100ms bot=Wholesome Auto Quest poi=Sell combat=True
[17:09:52.925] [D] [Pulse] Slow plugin: name=Vendor Recovery elapsed=32ms
[17:09:53.428] [D] Dismount for attacker.
[17:09:53.428] [D] Stop and dismount. Reason: Combat
[17:09:55.004] [N] [Singular] Casting Exorcism on Bael'dun Excavator
[17:09:55.004] [D] Spell_C::CastSpell(879, 0, 0xF130000D2E008D6F, 0)
[17:09:55.029] [D] [Pulse] Slow bot root: 193ms bot=Wholesome Auto Quest poi=Sell combat=True
[17:09:57.136] [D] [Pulse] Slow plugin: name=Tidy Bags 3 Reloaded elapsed=52ms
[17:09:58.504] [N] [Singular] Casting Exorcism on Bael'dun Excavator
[17:09:58.504] [D] Spell_C::CastSpell(879, 0, 0xF130000D2E008D6F, 0)
[17:09:58.538] [D] [Pulse] Slow bot root: 169ms bot=Wholesome Auto Quest poi=Sell combat=True
[17:10:02.045] [N] [Singular] Casting Consecration on Bael'dun Excavator
[17:10:02.045] [D] Spell_C::CastSpell(26573, 0, 0xF130000D2E008D6F, 0)
[17:10:02.078] [D] [Pulse] Slow bot root: 198ms bot=Wholesome Auto Quest poi=Sell combat=True
[17:10:02.817] [D] [Pulse] Slow bot root: 100ms bot=Wholesome Auto Quest poi=Sell combat=True
[17:10:02.949] [D] [Pulse] Slow plugin: name=Vendor Recovery elapsed=33ms
[17:10:04.852] [N] [Singular] Casting Holy Light on Myself
[17:10:04.852] [D] Spell_C::CastSpell(1026, 0, 0x6000000007EAB80, 0)
[17:10:07.550] [D] [Pulse] Slow plugin: name=Tidy Bags 3 Reloaded elapsed=52ms
[17:10:10.885] [N] [Singular] Casting Consecration on Bael'dun Excavator
[17:10:10.885] [D] Spell_C::CastSpell(26573, 0, 0xF130000D2E008D6F, 0)
[17:10:10.918] [D] [Pulse] Slow bot root: 134ms bot=Wholesome Auto Quest poi=Sell combat=True
[17:10:13.031] [N] [Singular] Casting Hand of Freedom on Myself
[17:10:13.031] [D] Spell_C::CastSpell(1044, 0, 0x6000000007EAB80, 0)
[17:10:13.066] [D] [Pulse] Slow bot root: 102ms bot=Wholesome Auto Quest poi=Sell combat=True
[17:10:13.210] [D] [Pulse] Slow plugin: name=Vendor Recovery elapsed=42ms
[17:10:13.700] [N] [Singular] Currect target is invalid. Switching to Bael'dun Excavator!
[17:10:14.499] [D] [Singular-DEBUG] Switched targets!
[17:10:14.499] [D] [Singular-DEBUG] Melee Distance: 5
[17:10:14.499] [D] [Singular-DEBUG] Health: 47.744360902255636
[17:10:14.499] [D] [Singular-DEBUG] Level: 21
[17:10:15.809] [D] [Pulse] Slow bot root: 105ms bot=Wholesome Auto Quest poi=Sell combat=True
[17:10:16.636] [N] [Singular] Casting Exorcism on Bael'dun Excavator
[17:10:16.637] [D] Spell_C::CastSpell(879, 0, 0xF130000D2E008D60, 0)
[17:10:16.672] [D] [Pulse] Slow bot root: 201ms bot=Wholesome Auto Quest poi=Sell combat=True
[17:10:18.137] [D] [Pulse] Slow plugin: name=Tidy Bags 3 Reloaded elapsed=52ms
[17:10:18.667] [N] [Singular] Currect target is invalid. Switching to Bael'dun Excavator!
[17:10:19.463] [D] [Singular-DEBUG] Switched targets!
[17:10:19.463] [D] [Singular-DEBUG] Melee Distance: 5
[17:10:19.463] [D] [Singular-DEBUG] Health: 23.30827067669173
[17:10:19.463] [D] [Singular-DEBUG] Level: 21
[17:10:20.843] [D] [Pulse] Slow bot root: 140ms bot=Wholesome Auto Quest poi=Sell combat=True
[17:10:23.206] [D] [Pulse] Slow bot root: 299ms bot=Wholesome Auto Quest poi=Sell combat=True
[17:10:23.342] [D] [Pulse] Slow plugin: name=Vendor Recovery elapsed=33ms
[17:10:23.343] [N] [Wholesome Auto Quest] Quest recovery retry is due; queuing one scheduler rebuild.
[17:10:24.173] [D] [Pulse] Slow bot root: 300ms bot=Wholesome Auto Quest poi=Sell combat=True
[17:10:25.106] [D] [Pulse] Slow bot root: 299ms bot=Wholesome Auto Quest poi=Sell combat=True
[17:10:26.638] [D] [Pulse] Slow bot root: 199ms bot=Wholesome Auto Quest poi=Sell combat=True
[17:10:27.570] [D] [Pulse] Slow bot root: 264ms bot=Wholesome Auto Quest poi=Sell combat=True
[17:10:28.473] [D] [Pulse] Slow bot root: 265ms bot=Wholesome Auto Quest poi=Sell combat=True
[17:10:28.574] [D] [Pulse] Slow plugin: name=Tidy Bags 3 Reloaded elapsed=53ms
[17:10:30.010] [D] [Pulse] Slow bot root: 200ms bot=Wholesome Auto Quest poi=Sell combat=True
[17:10:30.677] [N] [Singular] Casting Holy Light on Myself
[17:10:30.677] [D] Spell_C::CastSpell(1026, 0, 0x6000000007EAB80, 0)
[17:10:30.845] [D] [Singular-DEBUG] Switched targets!
[17:10:30.846] [D] [Singular-DEBUG] Melee Distance: 5
[17:10:30.846] [D] [Singular-DEBUG] Health: 95
[17:10:30.846] [D] [Singular-DEBUG] Level: 24
[17:10:33.415] [D] [Pulse] Slow plugin: name=Vendor Recovery elapsed=32ms
[17:10:36.052] [N] [Singular] Casting Exorcism on Prospector Khazgorm
[17:10:36.053] [D] Spell_C::CastSpell(879, 0, 0xF130000D40008DEC, 0)
[17:10:36.086] [D] [Pulse] Slow bot root: 203ms bot=Wholesome Auto Quest poi=Sell combat=True
[17:10:38.900] [D] [Pulse] Slow plugin: name=Tidy Bags 3 Reloaded elapsed=55ms
[17:10:39.567] [N] [Singular] Casting Consecration on Prospector Khazgorm
[17:10:39.567] [D] Spell_C::CastSpell(26573, 0, 0xF130000D40008DEC, 0)
[17:10:39.602] [D] [Pulse] Slow bot root: 168ms bot=Wholesome Auto Quest poi=Sell combat=True
[17:10:40.339] [D] [Pulse] Slow bot root: 101ms bot=Wholesome Auto Quest poi=Sell combat=True
[17:10:41.008] [D] [Pulse] Slow plugin: name=DrinkPotions elapsed=622ms
[17:10:41.112] [D] [Pulse] Slow shared pulse: total=772ms movement=0 objects=0 lua=1 info=0 loot=2 targeting=41 events=0 plugins=727 routine=0
[17:10:42.378] [N] [Singular] Casting Flash of Light on Myself
[17:10:42.378] [D] Spell_C::CastSpell(19939, 0, 0x6000000007EAB80, 0)
[17:10:42.413] [D] [Pulse] Slow bot root: 100ms bot=Wholesome Auto Quest poi=Sell combat=True
[17:10:44.488] [D] [Pulse] Slow plugin: name=Vendor Recovery elapsed=33ms
[17:10:45.055] [N] [Singular] Casting Flash of Light on Myself
[17:10:45.055] [D] Spell_C::CastSpell(19939, 0, 0x6000000007EAB80, 0)
[17:10:48.974] [N] [Singular] Casting Flash of Light on Myself
[17:10:48.974] [D] Spell_C::CastSpell(19939, 0, 0x6000000007EAB80, 0)
[17:10:49.008] [D] [Pulse] Slow bot root: 100ms bot=Wholesome Auto Quest poi=Sell combat=True
[17:10:49.776] [D] [Pulse] Slow plugin: name=Tidy Bags 3 Reloaded elapsed=65ms
[17:10:52.280] [D] [Pulse] Slow plugin: name=DrinkPotions elapsed=621ms
[17:10:52.379] [D] [Pulse] Slow shared pulse: total=766ms movement=0 objects=0 lua=0 info=0 loot=2 targeting=42 events=0 plugins=721 routine=0
[17:10:52.943] [N] [Singular] Casting Flash of Light on Myself
[17:10:52.943] [D] Spell_C::CastSpell(19939, 0, 0x6000000007EAB80, 0)
[17:10:52.978] [D] [Pulse] Slow bot root: 101ms bot=Wholesome Auto Quest poi=Sell combat=True
[17:10:55.056] [D] [Pulse] Slow plugin: name=Vendor Recovery elapsed=32ms
[17:10:58.291] [D] [Pulse] Slow bot root: 199ms bot=Wholesome Auto Quest poi=Sell combat=True
[17:10:59.760] [D] [Pulse] Slow bot root: 201ms bot=Wholesome Auto Quest poi=Sell combat=True
[17:11:01.161] [D] [Pulse] Slow plugin: name=Tidy Bags 3 Reloaded elapsed=64ms
[17:11:01.764] [N] [Singular] Casting Flash of Light on Myself
[17:11:01.764] [D] Spell_C::CastSpell(19939, 0, 0x6000000007EAB80, 0)
[17:11:03.103] [D] [Pulse] Slow plugin: name=DrinkPotions elapsed=1262ms
[17:11:03.203] [D] [Pulse] Slow shared pulse: total=1407ms movement=0 objects=0 lua=0 info=0 loot=2 targeting=41 events=0 plugins=1362 routine=0
[17:11:05.099] [D] [Pulse] Slow plugin: name=Vendor Recovery elapsed=33ms
[17:11:05.099] [D] [Singular-DEBUG] Switched targets!
[17:11:05.099] [D] [Singular-DEBUG] Melee Distance: 5
[17:11:05.099] [D] [Singular-DEBUG] Health: 37.21804511278196
[17:11:05.099] [D] [Singular-DEBUG] Level: 21
[17:11:05.807] [D] [Pulse] Slow bot root: 206ms bot=Wholesome Auto Quest poi=Sell combat=True
[17:11:07.778] [N] [Singular] Casting Lay on Hands on Myself
[17:11:07.778] [D] Spell_C::CastSpell(633, 0, 0x6000000007EAB80, 0)
[17:11:09.820] [D] [Pulse] Slow bot root: 105ms bot=Wholesome Auto Quest poi=Sell combat=True
[17:11:11.318] [D] [Pulse] Slow bot root: 235ms bot=Wholesome Auto Quest poi=Sell combat=True
[17:11:12.084] [D] [Pulse] Slow plugin: name=Tidy Bags 3 Reloaded elapsed=65ms
[17:11:12.857] [D] [Pulse] Slow bot root: 235ms bot=Wholesome Auto Quest poi=Sell combat=True
[17:11:13.524] [D] [Pulse] Slow plugin: name=DrinkPotions elapsed=624ms
[17:11:13.627] [D] [Pulse] Slow shared pulse: total=769ms movement=0 objects=0 lua=0 info=0 loot=2 targeting=39 events=0 plugins=726 routine=0
[17:11:14.129] [N] [Singular] Currect target is invalid. Switching to Bael'dun Excavator!
[17:11:14.930] [D] [Singular-DEBUG] Switched targets!
[17:11:14.930] [D] [Singular-DEBUG] Melee Distance: 5
[17:11:14.930] [D] [Singular-DEBUG] Health: 41.710296684118674
[17:11:14.930] [D] [Singular-DEBUG] Level: 22
[17:11:16.205] [D] [Pulse] Slow plugin: name=Vendor Recovery elapsed=33ms
[17:11:18.239] [N] [Singular] Casting Exorcism on Bael'dun Excavator
[17:11:18.240] [D] Spell_C::CastSpell(879, 0, 0xF130000D2E0087C9, 0)
[17:11:18.273] [D] [Pulse] Slow bot root: 198ms bot=Wholesome Auto Quest poi=Sell combat=True
[17:11:20.844] [N] [Singular] Currect target is invalid. Switching to Bael'dun Excavator!
[17:11:21.647] [D] [Singular-DEBUG] Switched targets!
[17:11:21.648] [D] [Singular-DEBUG] Melee Distance: 5
[17:11:21.648] [D] [Singular-DEBUG] Health: 92.4812030075188
[17:11:21.648] [D] [Singular-DEBUG] Level: 21
[17:11:22.960] [D] [Pulse] Slow plugin: name=Tidy Bags 3 Reloaded elapsed=66ms
[17:11:24.226] [D] [Pulse] Slow plugin: name=DrinkPotions elapsed=623ms
[17:11:24.326] [D] [Pulse] Slow shared pulse: total=766ms movement=0 objects=0 lua=0 info=0 loot=2 targeting=38 events=0 plugins=724 routine=0
[17:11:24.999] [D] [Pulse] Slow bot root: 171ms bot=Wholesome Auto Quest poi=Sell combat=True
[17:11:26.368] [D] [Pulse] Slow bot root: 106ms bot=Wholesome Auto Quest poi=Sell combat=True
[17:11:27.130] [D] [Pulse] Slow plugin: name=Vendor Recovery elapsed=33ms
[17:11:33.842] [D] [Pulse] Slow plugin: name=Tidy Bags 3 Reloaded elapsed=65ms
[17:11:35.117] [D] [Pulse] Slow plugin: name=DrinkPotions elapsed=627ms
[17:11:35.216] [D] [Pulse] Slow shared pulse: total=762ms movement=0 objects=0 lua=0 info=0 loot=2 targeting=32 events=0 plugins=726 routine=0
[17:11:35.785] [N] [Singular] Casting Flash of Light on Myself
[17:11:35.785] [D] Spell_C::CastSpell(19939, 0, 0x6000000007EAB80, 0)
[17:11:35.818] [D] [Pulse] Slow bot root: 101ms bot=Wholesome Auto Quest poi=Sell combat=False
[17:11:36.947] [D] [QuestLog] Loaded 75 completed quests from Lua fallback
[17:11:36.988] [D] Activity: No eligible quest work; idle until 2026-09-08T09:12:05.6037632Z. excluded quest=104;stage=Pickup;npc=392;reason=outside-scan-radius;retry=context-change excluded quest=1058;stage=Pickup;npc=3995;reason=outside-scan-radius;retry=context-change excluded quest=1062;stage=TurnIn;npc=4049;reason=outside-scan-radius;retry=context-change excluded quest=1069;stage=Objective;objective=0;reason=outside-scan-radius;retry=context-change. excluded quest=1087;stage=Objective;objective=2;reason=outside-scan-radius;retry=context-change. excluded quest=1093;stage=Objective;objective=0;reason=no-known-hotspots;retry=context-change. excluded quest=11127;stage=Pickup;scope=QuestStage;retry=2026-09-08T09:12:05.6037632Z;state=HalfOpen. excluded quest=1195;stage=Pickup;npc=4721;reason=outside-scan-radius;retry=context-change excluded quest=14106;stage=Pickup;scope=QuestStage;retry=2026-09-08T09:12:05.6037632Z;state=HalfOpen. excluded quest=1483;stage=Pickup;scope=NpcRelation;npc=3442;retry=2026-09-08T09:12:05.6037632Z;state=HalfOpen. excluded quest=152;stage=Pickup;npc=392;reason=outside-scan-radius;retry=context-change excluded quest=2098;stage=Pickup;npc=6667;reason=outside-scan-radius;retry=context-change excluded quest=216;stage=Pickup;npc=12757;reason=outside-scan-radius;retry=context-change excluded quest=235;stage=Pickup;npc=10880;reason=outside-scan-radius;retry=context-change excluded quest=4542;stage=Pickup;npc=10079;reason=outside-scan-radius;retry=context-change excluded quest=470;stage=Pickup;npc=2111;reason=outside-scan-radius;retry=context-change excluded quest=472;stage=Pickup;npc=2097;reason=outside-scan-radius;retry=context-change excluded quest=4821;stage=Pickup;npc=10539;reason=outside-scan-radius;retry=context-change excluded quest=4921;stage=Objective;objective=0;reason=outside-scan-radius;retry=context-change. excluded quest=493;stage=Pickup;npc=1937;reason=outside-scan-radius;retry=context-change excluded quest=494;stage=Pickup;npc=2214;reason=outside-scan-radius;retry=context-change excluded quest=496;stage=Pickup;npc=2216;reason=outside-scan-radius;retry=context-change excluded quest=498;stage=Pickup;npc=2229;reason=outside-scan-radius;retry=context-change excluded quest=501;stage=Pickup;npc=2216;reason=outside-scan-radius;retry=context-change excluded quest=516;stage=Pickup;npc=2121;reason=outside-scan-radius;retry=context-change excluded quest=527;stage=Pickup;npc=2215;reason=outside-scan-radius;retry=context-change excluded quest=546;stage=Pickup;npc=2418;reason=outside-scan-radius;retry=context-change excluded quest=549;stage=Pickup;npc=1763;reason=outside-scan-radius;retry=context-change excluded quest=6282;stage=Pickup;npc=11860;reason=outside-scan-radius;retry=context-change excluded quest=6381;stage=Pickup;npc=11864;reason=outside-scan-radius;retry=context-change excluded quest=6382;stage=TurnIn;npc=12696;reason=outside-scan-radius;retry=context-change excluded quest=6383;stage=Pickup;scope=NpcRelation;npc=12696;retry=2026-09-08T09:12:05.6037632Z;state=HalfOpen. excluded quest=6393;stage=Objective;objective=0;reason=no-known-hotspots;retry=context-change. excluded quest=6441;stage=Objective;scope=Objective;objective=0;retry=2026-09-08T11:53:44.3110653Z;state=Quarantined. excluded quest=6442;stage=Pickup;npc=12719;reason=outside-scan-radius;retry=context-change excluded quest=6461;stage=TurnIn;npc=12816;reason=outside-scan-radius;retry=context-change excluded quest=6462;stage=Pickup;npc=12721;reason=outside-scan-radius;retry=context-change excluded quest=6541;stage=Pickup;scope=NpcRelation;npc=3429;retry=2026-09-08T09:12:05.6037632Z;state=HalfOpen. excluded quest=6543;stage=Objective;scope=Objective;objective=0;retry=2026-09-08T11:57:53.5602004Z;state=Quarantined. excluded quest=742;stage=Pickup;npc=10881;reason=outside-scan-radius;retry=context-change excluded quest=747;stage=Objective;scope=Objective;objective=0;retry=2026-09-08T13:06:01.2335671Z;state=Quarantined. excluded quest=747;stage=Objective;scope=Objective;objective=1;retry=2026-09-08T13:30:35.1661766Z;state=Quarantined. excluded quest=7790;stage=Pickup;scope=QuestStage;retry=2026-09-08T09:12:05.6037632Z;state=HalfOpen. excluded quest=843;stage=TurnIn;npc=3341;reason=outside-scan-radius;retry=context-change excluded quest=8487;stage=TurnIn;scope=QuestStage;retry=2026-09-08T09:12:05.6037632Z;state=HalfOpen. excluded quest=867;stage=Objective;scope=Objective;objective=0;retry=2026-09-08T13:46:19.0888015Z;state=Quarantined. excluded quest=868;stage=TurnIn;npc=3428;reason=outside-scan-radius;retry=context-change excluded quest=879;stage=Objective;scope=Objective;objective=0;retry=2026-09-08T14:12:05.6037548Z;state=Quarantined. excluded quest=879;stage=Objective;scope=Objective;objective=1;retry=2026-09-08T14:12:05.6038234Z;state=Quarantined. excluded quest=879;stage=Objective;scope=Objective;objective=2;retry=2026-09-08T14:12:05.6038609Z;state=Quarantined. excluded quest=8889;stage=Objective;objective=0;reason=outside-scan-radius;retry=context-change. excluded quest=8889;stage=Objective;objective=1;reason=outside-scan-radius;retry=context-change. excluded quest=8889;stage=Objective;objective=2;reason=outside-scan-radius;retry=context-change. excluded quest=891;stage=Objective;objective=0;reason=outside-scan-radius;retry=context-change. excluded quest=891;stage=Objective;objective=2;reason=outside-scan-radius;retry=context-change. excluded quest=893;stage=Objective;scope=Objective;objective=0;retry=2026-09-08T12:48:05.9519603Z;state=Quarantined. excluded quest=893;stage=Objective;scope=Objective;objective=1;retry=2026-09-08T12:48:05.9520521Z;state=Quarantined. excluded quest=893;stage=Objective;scope=Objective;objective=2;retry=2026-09-08T12:48:05.9520844Z;state=Quarantined. excluded quest=896;stage=Objective;scope=Objective;objective=0;retry=2026-09-08T13:55:41.1186828Z;state=Quarantined. excluded quest=9067;stage=Objective;scope=Objective;objective=0;retry=2026-09-08T09:12:05.6037632Z;state=HalfOpen. excluded quest=9151;stage=Pickup;npc=16199;reason=outside-scan-radius;retry=context-change excluded quest=9157;stage=TurnIn;scope=QuestStage;retry=2026-09-08T09:12:05.6037632Z;state=HalfOpen. excluded quest=9275;stage=Pickup;npc=16464;reason=outside-scan-radius;retry=context-change excluded quest=9388;stage=Pickup;scope=QuestStage;retry=2026-09-08T09:12:05.6037632Z;state=HalfOpen. excluded quest=9389;stage=Pickup;scope=QuestStage;retry=2026-09-08T09:12:05.6037632Z;state=HalfOpen. excluded quest=9425;stage=Pickup;npc=16287;reason=outside-scan-radius;retry=context-change excluded quest=9428;stage=Pickup;npc=17098;reason=outside-scan-radius;retry=context-change excluded quest=9749;stage=Pickup;scope=QuestStage;retry=2026-09-08T09:12:05.6037632Z;state=HalfOpen. Expanding scan radius from 250 to 500 yards before fallback.
[17:11:37.621] [D] [Pulse] Slow plugin: name=Vendor Recovery elapsed=34ms
[17:11:38.198] [D] Activity: No eligible quest work; idle until 2026-09-08T09:12:05.6037632Z. excluded quest=104;stage=Pickup;npc=392;reason=outside-scan-radius;retry=context-change excluded quest=1058;stage=Pickup;npc=3995;reason=outside-scan-radius;retry=context-change excluded quest=1062;stage=TurnIn;npc=4049;reason=outside-scan-radius;retry=context-change excluded quest=1069;stage=Objective;objective=0;reason=outside-scan-radius;retry=context-change. excluded quest=1087;stage=Objective;objective=2;reason=outside-scan-radius;retry=context-change. excluded quest=1093;stage=Objective;scope=Objective;objective=0;retry=2026-09-08T15:11:36.9856630Z;state=Quarantined. excluded quest=11127;stage=Pickup;scope=QuestStage;retry=2026-09-08T09:12:05.6037632Z;state=HalfOpen. excluded quest=1195;stage=Pickup;npc=4721;reason=outside-scan-radius;retry=context-change excluded quest=14106;stage=Pickup;scope=QuestStage;retry=2026-09-08T09:12:05.6037632Z;state=HalfOpen. excluded quest=1483;stage=Pickup;scope=NpcRelation;npc=3442;retry=2026-09-08T09:12:05.6037632Z;state=HalfOpen. excluded quest=152;stage=Pickup;npc=392;reason=outside-scan-radius;retry=context-change excluded quest=2098;stage=Pickup;npc=6667;reason=outside-scan-radius;retry=context-change excluded quest=216;stage=Pickup;npc=12757;reason=outside-scan-radius;retry=context-change excluded quest=235;stage=Pickup;npc=10880;reason=outside-scan-radius;retry=context-change excluded quest=4542;stage=Pickup;npc=10079;reason=outside-scan-radius;retry=context-change excluded quest=470;stage=Pickup;npc=2111;reason=outside-scan-radius;retry=context-change excluded quest=472;stage=Pickup;npc=2097;reason=outside-scan-radius;retry=context-change excluded quest=4821;stage=Pickup;npc=10539;reason=outside-scan-radius;retry=context-change excluded quest=4921;stage=Objective;scope=QuestStage;retry=2026-09-08T09:12:05.6037632Z;state=HalfOpen. excluded quest=493;stage=Pickup;npc=1937;reason=outside-scan-radius;retry=context-change excluded quest=494;stage=Pickup;npc=2214;reason=outside-scan-radius;retry=context-change excluded quest=496;stage=Pickup;npc=2216;reason=outside-scan-radius;retry=context-change excluded quest=498;stage=Pickup;npc=2229;reason=outside-scan-radius;retry=context-change excluded quest=501;stage=Pickup;npc=2216;reason=outside-scan-radius;retry=context-change excluded quest=516;stage=Pickup;npc=2121;reason=outside-scan-radius;retry=context-change excluded quest=527;stage=Pickup;npc=2215;reason=outside-scan-radius;retry=context-change excluded quest=546;stage=Pickup;npc=2418;reason=outside-scan-radius;retry=context-change excluded quest=549;stage=Pickup;npc=1763;reason=outside-scan-radius;retry=context-change excluded quest=6282;stage=Pickup;npc=11860;reason=outside-scan-radius;retry=context-change excluded quest=6381;stage=Pickup;npc=11864;reason=outside-scan-radius;retry=context-change excluded quest=6382;stage=TurnIn;npc=12696;reason=outside-scan-radius;retry=context-change excluded quest=6383;stage=Pickup;scope=NpcRelation;npc=12696;retry=2026-09-08T09:12:05.6037632Z;state=HalfOpen. excluded quest=6393;stage=Objective;scope=Objective;objective=0;retry=2026-09-08T15:11:36.9858139Z;state=Quarantined. excluded quest=6441;stage=Objective;scope=Objective;objective=0;retry=2026-09-08T11:53:44.3110653Z;state=Quarantined. excluded quest=6442;stage=Pickup;npc=12719;reason=outside-scan-radius;retry=context-change excluded quest=6461;stage=TurnIn;npc=12816;reason=outside-scan-radius;retry=context-change excluded quest=6462;stage=Pickup;npc=12721;reason=outside-scan-radius;retry=context-change excluded quest=6541;stage=Pickup;scope=NpcRelation;npc=3429;retry=2026-09-08T09:12:05.6037632Z;state=HalfOpen. excluded quest=6543;stage=Objective;scope=Objective;objective=0;retry=2026-09-08T11:57:53.5602004Z;state=Quarantined. excluded quest=742;stage=Pickup;npc=10881;reason=outside-scan-radius;retry=context-change excluded quest=747;stage=Objective;scope=Objective;objective=0;retry=2026-09-08T13:06:01.2335671Z;state=Quarantined. excluded quest=747;stage=Objective;scope=Objective;objective=1;retry=2026-09-08T13:30:35.1661766Z;state=Quarantined. excluded quest=7790;stage=Pickup;scope=QuestStage;retry=2026-09-08T09:12:05.6037632Z;state=HalfOpen. excluded quest=843;stage=TurnIn;npc=3341;reason=outside-scan-radius;retry=context-change excluded quest=8487;stage=TurnIn;scope=QuestStage;retry=2026-09-08T09:12:05.6037632Z;state=HalfOpen. excluded quest=867;stage=Objective;scope=Objective;objective=0;retry=2026-09-08T13:46:19.0888015Z;state=Quarantined. excluded quest=868;stage=TurnIn;npc=3428;reason=outside-scan-radius;retry=context-change excluded quest=879;stage=Objective;scope=Objective;objective=0;retry=2026-09-08T14:12:05.6037548Z;state=Quarantined. excluded quest=879;stage=Objective;scope=Objective;objective=1;retry=2026-09-08T14:12:05.6038234Z;state=Quarantined. excluded quest=879;stage=Objective;scope=Objective;objective=2;retry=2026-09-08T14:12:05.6038609Z;state=Quarantined. excluded quest=8889;stage=Objective;objective=0;reason=outside-scan-radius;retry=context-change. excluded quest=8889;stage=Objective;objective=1;reason=outside-scan-radius;retry=context-change. excluded quest=8889;stage=Objective;objective=2;reason=outside-scan-radius;retry=context-change. excluded quest=891;stage=Objective;scope=QuestStage;retry=2026-09-08T09:12:05.6037632Z;state=HalfOpen. excluded quest=893;stage=Objective;scope=Objective;objective=0;retry=2026-09-08T12:48:05.9519603Z;state=Quarantined. excluded quest=893;stage=Objective;scope=Objective;objective=1;retry=2026-09-08T12:48:05.9520521Z;state=Quarantined. excluded quest=893;stage=Objective;scope=Objective;objective=2;retry=2026-09-08T12:48:05.9520844Z;state=Quarantined. excluded quest=896;stage=Objective;scope=Objective;objective=0;retry=2026-09-08T13:55:41.1186828Z;state=Quarantined. excluded quest=9067;stage=Objective;scope=Objective;objective=0;retry=2026-09-08T09:12:05.6037632Z;state=HalfOpen. excluded quest=9151;stage=Pickup;npc=16199;reason=outside-scan-radius;retry=context-change excluded quest=9157;stage=TurnIn;scope=QuestStage;retry=2026-09-08T09:12:05.6037632Z;state=HalfOpen. excluded quest=9275;stage=Pickup;npc=16464;reason=outside-scan-radius;retry=context-change excluded quest=9388;stage=Pickup;scope=QuestStage;retry=2026-09-08T09:12:05.6037632Z;state=HalfOpen. excluded quest=9389;stage=Pickup;scope=QuestStage;retry=2026-09-08T09:12:05.6037632Z;state=HalfOpen. excluded quest=9425;stage=Pickup;npc=16287;reason=outside-scan-radius;retry=context-change excluded quest=9428;stage=Pickup;npc=17098;reason=outside-scan-radius;retry=context-change excluded quest=9749;stage=Pickup;scope=QuestStage;retry=2026-09-08T09:12:05.6037632Z;state=HalfOpen. Expanding scan radius from 500 to 750 yards before fallback.
[17:11:39.454] [D] [Nav] Loaded 5 mesh tiles for one path query
[17:11:39.465] [D] [Nav] Loaded 4 mesh tiles for one path query
[17:11:39.466] [D] Loading profile from D:\World of Warcraft 3.3.5a\CB\Bots\WholesomeAutoQuest\WHOLESOME_AUTOQUESTER.xml
[17:11:39.468] [D] [CompileBatch] Compiling 2 entries...
[17:11:39.540] [D] [CompileBatch] Compiled successfully.
[17:11:39.540] [N] Profile loaded: WholesomeAQ - The Barrens
[17:11:39.545] [D] Selected sub-profile: WholesomeAQ - The Barrens (L1-80)
[17:11:39.545] [N] [Wholesome Auto Quest] Profile refreshed - Selected 2 quest work candidate(s). selected quest=843;stage=TurnIn;state=Eligible. selected quest=4542;stage=Pickup;state=Eligible. excluded quest=104;stage=Pickup;npc=392;reason=outside-scan-radius;retry=context-change excluded quest=1058;stage=Pickup;npc=3995;reason=outside-scan-radius;retry=context-change excluded quest=1062;stage=TurnIn;npc=4049;reason=outside-scan-radius;retry=context-change excluded quest=1069;stage=Objective;objective=0;reason=outside-scan-radius;retry=context-change. excluded quest=1087;stage=Objective;objective=2;reason=outside-scan-radius;retry=context-change. excluded quest=1093;stage=Objective;scope=Objective;objective=0;retry=2026-09-08T15:11:36.9856630Z;state=Quarantined. excluded quest=11127;stage=Pickup;scope=QuestStage;retry=2026-09-08T09:12:05.6037632Z;state=HalfOpen. excluded quest=1195;stage=Pickup;npc=4721;reason=outside-scan-radius;retry=context-change excluded quest=14106;stage=Pickup;scope=QuestStage;retry=2026-09-08T09:12:05.6037632Z;state=HalfOpen. excluded quest=1483;stage=Pickup;scope=NpcRelation;npc=3442;retry=2026-09-08T09:12:05.6037632Z;state=HalfOpen. excluded quest=152;stage=Pickup;npc=392;reason=outside-scan-radius;retry=context-change excluded quest=2098;stage=Pickup;npc=6667;reason=outside-scan-radius;retry=context-change excluded quest=216;stage=Pickup;npc=12757;reason=outside-scan-radius;retry=context-change excluded quest=235;stage=Pickup;npc=10880;reason=outside-scan-radius;retry=context-change excluded quest=470;stage=Pickup;npc=2111;reason=outside-scan-radius;retry=context-change excluded quest=472;stage=Pickup;npc=2097;reason=outside-scan-radius;retry=context-change excluded quest=4821;stage=Pickup;npc=10539;reason=outside-scan-radius;retry=context-change excluded quest=4921;stage=Objective;scope=QuestStage;retry=2026-09-08T09:12:05.6037632Z;state=HalfOpen. excluded quest=493;stage=Pickup;npc=1937;reason=outside-scan-radius;retry=context-change excluded quest=494;stage=Pickup;npc=2214;reason=outside-scan-radius;retry=context-change excluded quest=496;stage=Pickup;npc=2216;reason=outside-scan-radius;retry=context-change excluded quest=498;stage=Pickup;npc=2229;reason=outside-scan-radius;retry=context-change excluded quest=501;stage=Pickup;npc=2216;reason=outside-scan-radius;retry=context-change excluded quest=516;stage=Pickup;npc=2121;reason=outside-scan-radius;retry=context-change excluded quest=527;stage=Pickup;npc=2215;reason=outside-scan-radius;retry=context-change excluded quest=546;stage=Pickup;npc=2418;reason=outside-scan-radius;retry=context-change excluded quest=549;stage=Pickup;npc=1763;reason=outside-scan-radius;retry=context-change excluded quest=6282;stage=Pickup;npc=11860;reason=outside-scan-radius;retry=context-change excluded quest=6381;stage=Pickup;npc=11864;reason=outside-scan-radius;retry=context-change excluded quest=6382;stage=TurnIn;npc=12696;reason=outside-scan-radius;retry=context-change excluded quest=6383;stage=Pickup;scope=NpcRelation;npc=12696;retry=2026-09-08T09:12:05.6037632Z;state=HalfOpen. excluded quest=6393;stage=Objective;scope=Objective;objective=0;retry=2026-09-08T15:11:36.9858139Z;state=Quarantined. excluded quest=6441;stage=Objective;scope=Objective;objective=0;retry=2026-09-08T11:53:44.3110653Z;state=Quarantined. excluded quest=6442;stage=Pickup;npc=12719;reason=outside-scan-radius;retry=context-change excluded quest=6461;stage=TurnIn;npc=12816;reason=outside-scan-radius;retry=context-change excluded quest=6462;stage=Pickup;npc=12721;reason=outside-scan-radius;retry=context-change excluded quest=6541;stage=Pickup;scope=NpcRelation;npc=3429;retry=2026-09-08T09:12:05.6037632Z;state=HalfOpen. excluded quest=6543;stage=Objective;scope=Objective;objective=0;retry=2026-09-08T11:57:53.5602004Z;state=Quarantined. excluded quest=742;stage=Pickup;npc=10881;reason=outside-scan-radius;retry=context-change excluded quest=747;stage=Objective;scope=Objective;objective=0;retry=2026-09-08T13:06:01.2335671Z;state=Quarantined. excluded quest=747;stage=Objective;scope=Objective;objective=1;retry=2026-09-08T13:30:35.1661766Z;state=Quarantined. excluded quest=7790;stage=Pickup;scope=QuestStage;retry=2026-09-08T09:12:05.6037632Z;state=HalfOpen. excluded quest=8487;stage=TurnIn;scope=QuestStage;retry=2026-09-08T09:12:05.6037632Z;state=HalfOpen. excluded quest=867;stage=Objective;scope=Objective;objective=0;retry=2026-09-08T13:46:19.0888015Z;state=Quarantined. excluded quest=868;stage=TurnIn;npc=3428;reason=outside-scan-radius;retry=context-change excluded quest=879;stage=Objective;scope=Objective;objective=0;retry=2026-09-08T14:12:05.6037548Z;state=Quarantined. excluded quest=879;stage=Objective;scope=Objective;objective=1;retry=2026-09-08T14:12:05.6038234Z;state=Quarantined. excluded quest=879;stage=Objective;scope=Objective;objective=2;retry=2026-09-08T14:12:05.6038609Z;state=Quarantined. excluded quest=8889;stage=Objective;objective=0;reason=outside-scan-radius;retry=context-change. excluded quest=8889;stage=Objective;objective=1;reason=outside-scan-radius;retry=context-change. excluded quest=8889;stage=Objective;objective=2;reason=outside-scan-radius;retry=context-change. excluded quest=891;stage=Objective;scope=QuestStage;retry=2026-09-08T09:12:05.6037632Z;state=HalfOpen. excluded quest=893;stage=Objective;scope=Objective;objective=0;retry=2026-09-08T12:48:05.9519603Z;state=Quarantined. excluded quest=893;stage=Objective;scope=Objective;objective=1;retry=2026-09-08T12:48:05.9520521Z;state=Quarantined. excluded quest=893;stage=Objective;scope=Objective;objective=2;retry=2026-09-08T12:48:05.9520844Z;state=Quarantined. excluded quest=896;stage=Objective;scope=Objective;objective=0;retry=2026-09-08T13:55:41.1186828Z;state=Quarantined. excluded quest=9067;stage=Objective;scope=Objective;objective=0;retry=2026-09-08T09:12:05.6037632Z;state=HalfOpen. excluded quest=9151;stage=Pickup;npc=16199;reason=outside-scan-radius;retry=context-change excluded quest=9157;stage=TurnIn;scope=QuestStage;retry=2026-09-08T09:12:05.6037632Z;state=HalfOpen. excluded quest=9275;stage=Pickup;npc=16464;reason=outside-scan-radius;retry=context-change excluded quest=9388;stage=Pickup;scope=QuestStage;retry=2026-09-08T09:12:05.6037632Z;state=HalfOpen. excluded quest=9389;stage=Pickup;scope=QuestStage;retry=2026-09-08T09:12:05.6037632Z;state=HalfOpen. excluded quest=9425;stage=Pickup;npc=16287;reason=outside-scan-radius;retry=context-change excluded quest=9428;stage=Pickup;npc=17098;reason=outside-scan-radius;retry=context-change excluded quest=9749;stage=Pickup;scope=QuestStage;retry=2026-09-08T09:12:05.6037632Z;state=HalfOpen.
[17:11:40.115] [N] Drinking Melon Juice
[17:11:44.260] [D] [Pulse] Slow plugin: name=Tidy Bags 3 Reloaded elapsed=58ms
[17:11:45.126] [D] [Pulse] Slow plugin: name=AutoEquip2 elapsed=257ms
[17:11:45.226] [D] [Pulse] Slow shared pulse: total=399ms movement=0 objects=0 lua=0 info=0 loot=2 targeting=38 events=0 plugins=358 routine=0
[17:11:47.898] [D] [Pulse] Slow plugin: name=Vendor Recovery elapsed=33ms
[17:11:54.677] [D] [Pulse] Slow plugin: name=Tidy Bags 3 Reloaded elapsed=55ms
[17:11:55.574] [D] [Pulse] Slow plugin: name=AutoEquip2 elapsed=256ms
[17:11:55.674] [D] [Pulse] Slow shared pulse: total=432ms movement=0 objects=0 lua=32 info=0 loot=2 targeting=39 events=0 plugins=357 routine=0
[17:11:58.347] [D] [Pulse] Slow plugin: name=Vendor Recovery elapsed=33ms
[17:12:04.961] [N] [Singular] Casting Seal of Righteousness on Myself
[17:12:04.961] [D] Spell_C::CastSpell(21084, 0, 0x6000000007EAB80, 0)
[17:12:04.995] [D] [Pulse] Slow bot root: 100ms bot=Wholesome Auto Quest poi=Sell combat=False
[17:12:05.097] [D] [Pulse] Slow plugin: name=Tidy Bags 3 Reloaded elapsed=56ms
[17:12:05.997] [D] [Pulse] Slow bot root: 370ms bot=Wholesome Auto Quest poi=Sell combat=False
[17:12:06.331] [D] [Pulse] Slow plugin: name=AutoEquip2 elapsed=256ms
[17:12:06.429] [D] [Pulse] Slow shared pulse: total=432ms movement=0 objects=0 lua=33 info=0 loot=2 targeting=40 events=0 plugins=354 routine=0
[17:12:06.430] [N] [Wholesome Auto Quest] Quest recovery retry is due; queuing one scheduler rebuild.
[17:12:07.008] [D] Activity: No eligible quest work; idle until 2026-09-08T09:36:47.8067708Z. excluded quest=104;stage=Pickup;npc=392;reason=outside-scan-radius;retry=context-change excluded quest=1058;stage=Pickup;npc=3995;reason=outside-scan-radius;retry=context-change excluded quest=1062;stage=TurnIn;npc=4049;reason=outside-scan-radius;retry=context-change excluded quest=1069;stage=Objective;objective=0;reason=outside-scan-radius;retry=context-change. excluded quest=1087;stage=Objective;objective=2;reason=outside-scan-radius;retry=context-change. excluded quest=1093;stage=Objective;scope=Objective;objective=0;retry=2026-09-08T15:11:36.9856630Z;state=Quarantined. excluded quest=11127;stage=Pickup;scope=QuestStage;retry=2026-09-08T09:36:47.8067708Z;state=HalfOpen. excluded quest=1195;stage=Pickup;npc=4721;reason=outside-scan-radius;retry=context-change excluded quest=1483;stage=Pickup;scope=NpcRelation;npc=3442;retry=2026-09-08T09:36:47.8067708Z;state=HalfOpen. excluded quest=152;stage=Pickup;npc=392;reason=outside-scan-radius;retry=context-change excluded quest=2098;stage=Pickup;npc=6667;reason=outside-scan-radius;retry=context-change excluded quest=216;stage=Pickup;npc=12757;reason=outside-scan-radius;retry=context-change excluded quest=235;stage=Pickup;npc=10880;reason=outside-scan-radius;retry=context-change excluded quest=4542;stage=Pickup;npc=10079;reason=outside-scan-radius;retry=context-change excluded quest=470;stage=Pickup;npc=2111;reason=outside-scan-radius;retry=context-change excluded quest=472;stage=Pickup;npc=2097;reason=outside-scan-radius;retry=context-change excluded quest=4821;stage=Pickup;npc=10539;reason=outside-scan-radius;retry=context-change excluded quest=4921;stage=Objective;objective=0;reason=outside-scan-radius;retry=context-change. excluded quest=493;stage=Pickup;npc=1937;reason=outside-scan-radius;retry=context-change excluded quest=494;stage=Pickup;npc=2214;reason=outside-scan-radius;retry=context-change excluded quest=496;stage=Pickup;npc=2216;reason=outside-scan-radius;retry=context-change excluded quest=498;stage=Pickup;npc=2229;reason=outside-scan-radius;retry=context-change excluded quest=501;stage=Pickup;npc=2216;reason=outside-scan-radius;retry=context-change excluded quest=516;stage=Pickup;npc=2121;reason=outside-scan-radius;retry=context-change excluded quest=527;stage=Pickup;npc=2215;reason=outside-scan-radius;retry=context-change excluded quest=546;stage=Pickup;npc=2418;reason=outside-scan-radius;retry=context-change excluded quest=549;stage=Pickup;npc=1763;reason=outside-scan-radius;retry=context-change excluded quest=6282;stage=Pickup;npc=11860;reason=outside-scan-radius;retry=context-change excluded quest=6381;stage=Pickup;npc=11864;reason=outside-scan-radius;retry=context-change excluded quest=6382;stage=TurnIn;npc=12696;reason=outside-scan-radius;retry=context-change excluded quest=6383;stage=Pickup;scope=NpcRelation;npc=12696;retry=2026-09-08T09:36:47.8067708Z;state=HalfOpen. excluded quest=6393;stage=Objective;scope=Objective;objective=0;retry=2026-09-08T15:11:36.9858139Z;state=Quarantined. excluded quest=6441;stage=Objective;scope=Objective;objective=0;retry=2026-09-08T11:53:44.3110653Z;state=Quarantined. excluded quest=6442;stage=Pickup;npc=12719;reason=outside-scan-radius;retry=context-change excluded quest=6461;stage=TurnIn;npc=12816;reason=outside-scan-radius;retry=context-change excluded quest=6462;stage=Pickup;npc=12721;reason=outside-scan-radius;retry=context-change excluded quest=6541;stage=Pickup;scope=NpcRelation;npc=3429;retry=2026-09-08T09:36:47.8067708Z;state=HalfOpen. excluded quest=6543;stage=Objective;scope=Objective;objective=0;retry=2026-09-08T11:57:53.5602004Z;state=Quarantined. excluded quest=742;stage=Pickup;npc=10881;reason=outside-scan-radius;retry=context-change excluded quest=747;stage=Objective;scope=Objective;objective=0;retry=2026-09-08T13:06:01.2335671Z;state=Quarantined. excluded quest=747;stage=Objective;scope=Objective;objective=1;retry=2026-09-08T13:30:35.1661766Z;state=Quarantined. excluded quest=843;stage=TurnIn;npc=3341;reason=outside-scan-radius;retry=context-change excluded quest=8487;stage=TurnIn;npc=15402;reason=outside-scan-radius;retry=context-change excluded quest=867;stage=Objective;scope=Objective;objective=0;retry=2026-09-08T13:46:19.0888015Z;state=Quarantined. excluded quest=868;stage=TurnIn;npc=3428;reason=outside-scan-radius;retry=context-change excluded quest=879;stage=Objective;scope=Objective;objective=0;retry=2026-09-08T14:12:05.6037548Z;state=Quarantined. excluded quest=879;stage=Objective;scope=Objective;objective=1;retry=2026-09-08T14:12:05.6038234Z;state=Quarantined. excluded quest=879;stage=Objective;scope=Objective;objective=2;retry=2026-09-08T14:12:05.6038609Z;state=Quarantined. excluded quest=8889;stage=Objective;objective=0;reason=outside-scan-radius;retry=context-change. excluded quest=8889;stage=Objective;objective=1;reason=outside-scan-radius;retry=context-change. excluded quest=8889;stage=Objective;objective=2;reason=outside-scan-radius;retry=context-change. excluded quest=891;stage=Objective;objective=0;reason=outside-scan-radius;retry=context-change. excluded quest=891;stage=Objective;objective=2;reason=outside-scan-radius;retry=context-change. excluded quest=893;stage=Objective;scope=Objective;objective=0;retry=2026-09-08T12:48:05.9519603Z;state=Quarantined. excluded quest=893;stage=Objective;scope=Objective;objective=1;retry=2026-09-08T12:48:05.9520521Z;state=Quarantined. excluded quest=893;stage=Objective;scope=Objective;objective=2;retry=2026-09-08T12:48:05.9520844Z;state=Quarantined. excluded quest=896;stage=Objective;scope=Objective;objective=0;retry=2026-09-08T13:55:41.1186828Z;state=Quarantined. excluded quest=9067;stage=Objective;objective=0;reason=no-known-hotspots;retry=context-change. excluded quest=9151;stage=Pickup;npc=16199;reason=outside-scan-radius;retry=context-change excluded quest=9157;stage=TurnIn;npc=16201;reason=outside-scan-radius;retry=context-change excluded quest=9275;stage=Pickup;npc=16464;reason=outside-scan-radius;retry=context-change excluded quest=9388;stage=Pickup;scope=QuestStage;retry=2026-09-08T09:36:47.8067708Z;state=HalfOpen. excluded quest=9389;stage=Pickup;scope=QuestStage;retry=2026-09-08T09:36:47.8067708Z;state=HalfOpen. excluded quest=9425;stage=Pickup;npc=16287;reason=outside-scan-radius;retry=context-change excluded quest=9428;stage=Pickup;npc=17098;reason=outside-scan-radius;retry=context-change excluded quest=9749;stage=Pickup;scope=QuestStage;retry=2026-09-08T09:36:47.8067708Z;state=HalfOpen. Expanding scan radius from 250 to 500 yards before fallback.
[17:12:07.639] [N] [VendorRecovery] Reached Prospector Khazgorm (3392); waiting for the merchant window.
[17:12:08.216] [D] Activity: No eligible quest work; idle until 2026-09-08T09:36:47.8067708Z. excluded quest=104;stage=Pickup;npc=392;reason=outside-scan-radius;retry=context-change excluded quest=1058;stage=Pickup;npc=3995;reason=outside-scan-radius;retry=context-change excluded quest=1062;stage=TurnIn;npc=4049;reason=outside-scan-radius;retry=context-change excluded quest=1069;stage=Objective;objective=0;reason=outside-scan-radius;retry=context-change. excluded quest=1087;stage=Objective;objective=2;reason=outside-scan-radius;retry=context-change. excluded quest=1093;stage=Objective;scope=Objective;objective=0;retry=2026-09-08T15:11:36.9856630Z;state=Quarantined. excluded quest=11127;stage=Pickup;scope=QuestStage;retry=2026-09-08T09:36:47.8067708Z;state=HalfOpen. excluded quest=1195;stage=Pickup;npc=4721;reason=outside-scan-radius;retry=context-change excluded quest=14106;stage=Pickup;scope=QuestStage;retry=2026-09-08T15:12:07.0067094Z;state=Quarantined. excluded quest=1483;stage=Pickup;scope=NpcRelation;npc=3442;retry=2026-09-08T09:36:47.8067708Z;state=HalfOpen. excluded quest=152;stage=Pickup;npc=392;reason=outside-scan-radius;retry=context-change excluded quest=2098;stage=Pickup;npc=6667;reason=outside-scan-radius;retry=context-change excluded quest=216;stage=Pickup;npc=12757;reason=outside-scan-radius;retry=context-change excluded quest=235;stage=Pickup;npc=10880;reason=outside-scan-radius;retry=context-change excluded quest=4542;stage=Pickup;npc=10079;reason=outside-scan-radius;retry=context-change excluded quest=470;stage=Pickup;npc=2111;reason=outside-scan-radius;retry=context-change excluded quest=472;stage=Pickup;npc=2097;reason=outside-scan-radius;retry=context-change excluded quest=4821;stage=Pickup;npc=10539;reason=outside-scan-radius;retry=context-change excluded quest=4921;stage=Objective;scope=QuestStage;retry=2026-09-08T09:36:47.8067708Z;state=HalfOpen. excluded quest=493;stage=Pickup;npc=1937;reason=outside-scan-radius;retry=context-change excluded quest=494;stage=Pickup;npc=2214;reason=outside-scan-radius;retry=context-change excluded quest=496;stage=Pickup;npc=2216;reason=outside-scan-radius;retry=context-change excluded quest=498;stage=Pickup;npc=2229;reason=outside-scan-radius;retry=context-change excluded quest=501;stage=Pickup;npc=2216;reason=outside-scan-radius;retry=context-change excluded quest=516;stage=Pickup;npc=2121;reason=outside-scan-radius;retry=context-change excluded quest=527;stage=Pickup;npc=2215;reason=outside-scan-radius;retry=context-change excluded quest=546;stage=Pickup;npc=2418;reason=outside-scan-radius;retry=context-change excluded quest=549;stage=Pickup;npc=1763;reason=outside-scan-radius;retry=context-change excluded quest=6282;stage=Pickup;npc=11860;reason=outside-scan-radius;retry=context-change excluded quest=6381;stage=Pickup;npc=11864;reason=outside-scan-radius;retry=context-change excluded quest=6382;stage=TurnIn;npc=12696;reason=outside-scan-radius;retry=context-change excluded quest=6383;stage=Pickup;scope=NpcRelation;npc=12696;retry=2026-09-08T09:36:47.8067708Z;state=HalfOpen. excluded quest=6393;stage=Objective;scope=Objective;objective=0;retry=2026-09-08T15:11:36.9858139Z;state=Quarantined. excluded quest=6441;stage=Objective;scope=Objective;objective=0;retry=2026-09-08T11:53:44.3110653Z;state=Quarantined. excluded quest=6442;stage=Pickup;npc=12719;reason=outside-scan-radius;retry=context-change excluded quest=6461;stage=TurnIn;npc=12816;reason=outside-scan-radius;retry=context-change excluded quest=6462;stage=Pickup;npc=12721;reason=outside-scan-radius;retry=context-change excluded quest=6541;stage=Pickup;scope=NpcRelation;npc=3429;retry=2026-09-08T09:36:47.8067708Z;state=HalfOpen. excluded quest=6543;stage=Objective;scope=Objective;objective=0;retry=2026-09-08T11:57:53.5602004Z;state=Quarantined. excluded quest=742;stage=Pickup;npc=10881;reason=outside-scan-radius;retry=context-change excluded quest=747;stage=Objective;scope=Objective;objective=0;retry=2026-09-08T13:06:01.2335671Z;state=Quarantined. excluded quest=747;stage=Objective;scope=Objective;objective=1;retry=2026-09-08T13:30:35.1661766Z;state=Quarantined. excluded quest=7790;stage=Pickup;scope=QuestStage;retry=2026-09-08T15:12:07.0066622Z;state=Quarantined. excluded quest=843;stage=TurnIn;npc=3341;reason=outside-scan-radius;retry=context-change excluded quest=8487;stage=TurnIn;scope=QuestStage;retry=2026-09-08T09:36:47.8067708Z;state=HalfOpen. excluded quest=867;stage=Objective;scope=Objective;objective=0;retry=2026-09-08T13:46:19.0888015Z;state=Quarantined. excluded quest=868;stage=TurnIn;npc=3428;reason=outside-scan-radius;retry=context-change excluded quest=879;stage=Objective;scope=Objective;objective=0;retry=2026-09-08T14:12:05.6037548Z;state=Quarantined. excluded quest=879;stage=Objective;scope=Objective;objective=1;retry=2026-09-08T14:12:05.6038234Z;state=Quarantined. excluded quest=879;stage=Objective;scope=Objective;objective=2;retry=2026-09-08T14:12:05.6038609Z;state=Quarantined. excluded quest=8889;stage=Objective;objective=0;reason=outside-scan-radius;retry=context-change. excluded quest=8889;stage=Objective;objective=1;reason=outside-scan-radius;retry=context-change. excluded quest=8889;stage=Objective;objective=2;reason=outside-scan-radius;retry=context-change. excluded quest=891;stage=Objective;scope=QuestStage;retry=2026-09-08T09:36:47.8067708Z;state=HalfOpen. excluded quest=893;stage=Objective;scope=Objective;objective=0;retry=2026-09-08T12:48:05.9519603Z;state=Quarantined. excluded quest=893;stage=Objective;scope=Objective;objective=1;retry=2026-09-08T12:48:05.9520521Z;state=Quarantined. excluded quest=893;stage=Objective;scope=Objective;objective=2;retry=2026-09-08T12:48:05.9520844Z;state=Quarantined. excluded quest=896;stage=Objective;scope=Objective;objective=0;retry=2026-09-08T13:55:41.1186828Z;state=Quarantined. excluded quest=9067;stage=Objective;scope=Objective;objective=0;retry=2026-09-08T15:12:07.0059371Z;state=Quarantined. excluded quest=9151;stage=Pickup;npc=16199;reason=outside-scan-radius;retry=context-change excluded quest=9157;stage=TurnIn;scope=QuestStage;retry=2026-09-08T09:36:47.8067708Z;state=HalfOpen. excluded quest=9275;stage=Pickup;npc=16464;reason=outside-scan-radius;retry=context-change excluded quest=9388;stage=Pickup;scope=QuestStage;retry=2026-09-08T09:36:47.8067708Z;state=HalfOpen. excluded quest=9389;stage=Pickup;scope=QuestStage;retry=2026-09-08T09:36:47.8067708Z;state=HalfOpen. excluded quest=9425;stage=Pickup;npc=16287;reason=outside-scan-radius;retry=context-change excluded quest=9428;stage=Pickup;npc=17098;reason=outside-scan-radius;retry=context-change excluded quest=9749;stage=Pickup;scope=QuestStage;retry=2026-09-08T09:36:47.8067708Z;state=HalfOpen. Expanding scan radius from 500 to 750 yards before fallback.
[17:12:08.839] [D] [Pulse] Slow plugin: name=Vendor Recovery elapsed=33ms
[17:12:09.418] [D] Loading profile from D:\World of Warcraft 3.3.5a\CB\Bots\WholesomeAutoQuest\WHOLESOME_AUTOQUESTER.xml
[17:12:09.420] [D] [CompileBatch] Compiling 2 entries...
[17:12:09.493] [D] [CompileBatch] Compiled successfully.
[17:12:09.493] [N] Profile loaded: WholesomeAQ - The Barrens
[17:12:09.508] [D] Selected sub-profile: WholesomeAQ - The Barrens (L1-80)
[17:12:09.508] [N] [Wholesome Auto Quest] Profile refreshed - Selected 2 quest work candidate(s). selected quest=843;stage=TurnIn;state=Eligible. selected quest=4542;stage=Pickup;state=Eligible. excluded quest=104;stage=Pickup;npc=392;reason=outside-scan-radius;retry=context-change excluded quest=1058;stage=Pickup;npc=3995;reason=outside-scan-radius;retry=context-change excluded quest=1062;stage=TurnIn;npc=4049;reason=outside-scan-radius;retry=context-change excluded quest=1069;stage=Objective;objective=0;reason=outside-scan-radius;retry=context-change. excluded quest=1087;stage=Objective;objective=2;reason=outside-scan-radius;retry=context-change. excluded quest=1093;stage=Objective;scope=Objective;objective=0;retry=2026-09-08T15:11:36.9856630Z;state=Quarantined. excluded quest=11127;stage=Pickup;scope=QuestStage;retry=2026-09-08T09:36:47.8067708Z;state=HalfOpen. excluded quest=1195;stage=Pickup;npc=4721;reason=outside-scan-radius;retry=context-change excluded quest=14106;stage=Pickup;scope=QuestStage;retry=2026-09-08T15:12:07.0067094Z;state=Quarantined. excluded quest=1483;stage=Pickup;scope=NpcRelation;npc=3442;retry=2026-09-08T09:36:47.8067708Z;state=HalfOpen. excluded quest=152;stage=Pickup;npc=392;reason=outside-scan-radius;retry=context-change excluded quest=2098;stage=Pickup;npc=6667;reason=outside-scan-radius;retry=context-change excluded quest=216;stage=Pickup;npc=12757;reason=outside-scan-radius;retry=context-change excluded quest=235;stage=Pickup;npc=10880;reason=outside-scan-radius;retry=context-change excluded quest=470;stage=Pickup;npc=2111;reason=outside-scan-radius;retry=context-change excluded quest=472;stage=Pickup;npc=2097;reason=outside-scan-radius;retry=context-change excluded quest=4821;stage=Pickup;npc=10539;reason=outside-scan-radius;retry=context-change excluded quest=4921;stage=Objective;scope=QuestStage;retry=2026-09-08T09:36:47.8067708Z;state=HalfOpen. excluded quest=493;stage=Pickup;npc=1937;reason=outside-scan-radius;retry=context-change excluded quest=494;stage=Pickup;npc=2214;reason=outside-scan-radius;retry=context-change excluded quest=496;stage=Pickup;npc=2216;reason=outside-scan-radius;retry=context-change excluded quest=498;stage=Pickup;npc=2229;reason=outside-scan-radius;retry=context-change excluded quest=501;stage=Pickup;npc=2216;reason=outside-scan-radius;retry=context-change excluded quest=516;stage=Pickup;npc=2121;reason=outside-scan-radius;retry=context-change excluded quest=527;stage=Pickup;npc=2215;reason=outside-scan-radius;retry=context-change excluded quest=546;stage=Pickup;npc=2418;reason=outside-scan-radius;retry=context-change excluded quest=549;stage=Pickup;npc=1763;reason=outside-scan-radius;retry=context-change excluded quest=6282;stage=Pickup;npc=11860;reason=outside-scan-radius;retry=context-change excluded quest=6381;stage=Pickup;npc=11864;reason=outside-scan-radius;retry=context-change excluded quest=6382;stage=TurnIn;npc=12696;reason=outside-scan-radius;retry=context-change excluded quest=6383;stage=Pickup;scope=NpcRelation;npc=12696;retry=2026-09-08T09:36:47.8067708Z;state=HalfOpen. excluded quest=6393;stage=Objective;scope=Objective;objective=0;retry=2026-09-08T15:11:36.9858139Z;state=Quarantined. excluded quest=6441;stage=Objective;scope=Objective;objective=0;retry=2026-09-08T11:53:44.3110653Z;state=Quarantined. excluded quest=6442;stage=Pickup;npc=12719;reason=outside-scan-radius;retry=context-change excluded quest=6461;stage=TurnIn;npc=12816;reason=outside-scan-radius;retry=context-change excluded quest=6462;stage=Pickup;npc=12721;reason=outside-scan-radius;retry=context-change excluded quest=6541;stage=Pickup;scope=NpcRelation;npc=3429;retry=2026-09-08T09:36:47.8067708Z;state=HalfOpen. excluded quest=6543;stage=Objective;scope=Objective;objective=0;retry=2026-09-08T11:57:53.5602004Z;state=Quarantined. excluded quest=742;stage=Pickup;npc=10881;reason=outside-scan-radius;retry=context-change excluded quest=747;stage=Objective;scope=Objective;objective=0;retry=2026-09-08T13:06:01.2335671Z;state=Quarantined. excluded quest=747;stage=Objective;scope=Objective;objective=1;retry=2026-09-08T13:30:35.1661766Z;state=Quarantined. excluded quest=7790;stage=Pickup;scope=QuestStage;retry=2026-09-08T15:12:07.0066622Z;state=Quarantined. excluded quest=8487;stage=TurnIn;scope=QuestStage;retry=2026-09-08T09:36:47.8067708Z;state=HalfOpen. excluded quest=867;stage=Objective;scope=Objective;objective=0;retry=2026-09-08T13:46:19.0888015Z;state=Quarantined. excluded quest=868;stage=TurnIn;npc=3428;reason=outside-scan-radius;retry=context-change excluded quest=879;stage=Objective;scope=Objective;objective=0;retry=2026-09-08T14:12:05.6037548Z;state=Quarantined. excluded quest=879;stage=Objective;scope=Objective;objective=1;retry=2026-09-08T14:12:05.6038234Z;state=Quarantined. excluded quest=879;stage=Objective;scope=Objective;objective=2;retry=2026-09-08T14:12:05.6038609Z;state=Quarantined. excluded quest=8889;stage=Objective;objective=0;reason=outside-scan-radius;retry=context-change. excluded quest=8889;stage=Objective;objective=1;reason=outside-scan-radius;retry=context-change. excluded quest=8889;stage=Objective;objective=2;reason=outside-scan-radius;retry=context-change. excluded quest=891;stage=Objective;scope=QuestStage;retry=2026-09-08T09:36:47.8067708Z;state=HalfOpen. excluded quest=893;stage=Objective;scope=Objective;objective=0;retry=2026-09-08T12:48:05.9519603Z;state=Quarantined. excluded quest=893;stage=Objective;scope=Objective;objective=1;retry=2026-09-08T12:48:05.9520521Z;state=Quarantined. excluded quest=893;stage=Objective;scope=Objective;objective=2;retry=2026-09-08T12:48:05.9520844Z;state=Quarantined. excluded quest=896;stage=Objective;scope=Objective;objective=0;retry=2026-09-08T13:55:41.1186828Z;state=Quarantined. excluded quest=9067;stage=Objective;scope=Objective;objective=0;retry=2026-09-08T15:12:07.0059371Z;state=Quarantined. excluded quest=9151;stage=Pickup;npc=16199;reason=outside-scan-radius;retry=context-change excluded quest=9157;stage=TurnIn;scope=QuestStage;retry=2026-09-08T09:36:47.8067708Z;state=HalfOpen. excluded quest=9275;stage=Pickup;npc=16464;reason=outside-scan-radius;retry=context-change excluded quest=9388;stage=Pickup;scope=QuestStage;retry=2026-09-08T09:36:47.8067708Z;state=HalfOpen. excluded quest=9389;stage=Pickup;scope=QuestStage;retry=2026-09-08T09:36:47.8067708Z;state=HalfOpen. excluded quest=9425;stage=Pickup;npc=16287;reason=outside-scan-radius;retry=context-change excluded quest=9428;stage=Pickup;npc=17098;reason=outside-scan-radius;retry=context-change excluded quest=9749;stage=Pickup;scope=QuestStage;retry=2026-09-08T09:36:47.8067708Z;state=HalfOpen.
[17:12:10.315] [D] [Interact] Interacting with object at 0x33EE0D78
[17:12:10.346] [D] [Interact] Done interacting with object at 0x33EE0D78
[17:12:10.512] [D] [Pulse] Slow bot root: 500ms bot=Wholesome Auto Quest poi=Sell combat=False
[17:12:11.317] [D] [Pulse] Slow bot root: 166ms bot=Wholesome Auto Quest poi=Sell combat=False
[17:12:12.151] [D] [Pulse] Slow bot root: 165ms bot=Wholesome Auto Quest poi=Sell combat=False
[17:12:13.187] [D] [Pulse] Slow bot root: 166ms bot=Wholesome Auto Quest poi=Sell combat=False
[17:12:13.988] [D] [Pulse] Slow bot root: 166ms bot=Wholesome Auto Quest poi=Sell combat=False
[17:12:14.790] [D] [Pulse] Slow bot root: 166ms bot=Wholesome Auto Quest poi=Sell combat=False
[17:12:15.525] [D] [Pulse] Slow plugin: name=Tidy Bags 3 Reloaded elapsed=53ms
[17:12:16.373] [D] [Interact] Interacting with object at 0x33EE0D78
[17:12:16.396] [D] [Interact] Done interacting with object at 0x33EE0D78
[17:12:16.563] [D] [Pulse] Slow bot root: 502ms bot=Wholesome Auto Quest poi=Sell combat=False
[17:12:16.901] [D] [Pulse] Slow plugin: name=AutoEquip2 elapsed=257ms
[17:12:17.002] [D] [Pulse] Slow shared pulse: total=438ms movement=0 objects=0 lua=33 info=0 loot=2 targeting=43 events=0 plugins=358 routine=0
[17:12:17.675] [D] [Pulse] Slow bot root: 168ms bot=Wholesome Auto Quest poi=Sell combat=False
[17:12:18.472] [D] [Pulse] Slow bot root: 163ms bot=Wholesome Auto Quest poi=Sell combat=False
[17:12:19.271] [D] [Pulse] Slow bot root: 163ms bot=Wholesome Auto Quest poi=Sell combat=False
[17:12:19.405] [D] [Pulse] Slow plugin: name=Vendor Recovery elapsed=33ms
[17:12:20.076] [D] [Pulse] Slow bot root: 168ms bot=Wholesome Auto Quest poi=Sell combat=False
[17:12:20.874] [D] [Pulse] Slow bot root: 165ms bot=Wholesome Auto Quest poi=Sell combat=False
[17:12:22.451] [D] [Interact] Interacting with object at 0x33EE0D78
[17:12:22.481] [D] [Interact] Done interacting with object at 0x33EE0D78
[17:12:22.650] [D] [Pulse] Slow bot root: 501ms bot=Wholesome Auto Quest poi=Sell combat=False
[17:12:23.524] [D] [Pulse] Slow bot root: 167ms bot=Wholesome Auto Quest poi=Sell combat=False
[17:12:24.322] [D] [Pulse] Slow bot root: 167ms bot=Wholesome Auto Quest poi=Sell combat=False
[17:12:25.125] [D] [Pulse] Slow bot root: 166ms bot=Wholesome Auto Quest poi=Sell combat=False
[17:12:25.926] [D] [Pulse] Slow bot root: 165ms bot=Wholesome Auto Quest poi=Sell combat=False
[17:12:26.029] [D] [Pulse] Slow plugin: name=Tidy Bags 3 Reloaded elapsed=56ms
[17:12:26.728] [D] [Pulse] Slow bot root: 166ms bot=Wholesome Auto Quest poi=Sell combat=False
[17:12:27.028] [D] [Pulse] Slow plugin: name=AutoEquip2 elapsed=255ms
[17:12:27.129] [D] [Pulse] Slow shared pulse: total=400ms movement=0 objects=0 lua=0 info=0 loot=2 targeting=41 events=0 plugins=355 routine=0
[17:12:28.577] [D] [Interact] Interacting with object at 0x33EE0D78
[17:12:28.598] [D] [Interact] Done interacting with object at 0x33EE0D78
[17:12:28.765] [D] [Pulse] Slow bot root: 500ms bot=Wholesome Auto Quest poi=Sell combat=False
[17:12:29.597] [D] [Pulse] Slow bot root: 167ms bot=Wholesome Auto Quest poi=Sell combat=False
[17:12:29.730] [D] [Pulse] Slow plugin: name=Vendor Recovery elapsed=32ms
[17:12:30.400] [D] [Pulse] Slow bot root: 168ms bot=Wholesome Auto Quest poi=Sell combat=False
[17:12:31.203] [D] [Pulse] Slow bot root: 169ms bot=Wholesome Auto Quest poi=Sell combat=False
[17:12:32.003] [D] [Pulse] Slow bot root: 166ms bot=Wholesome Auto Quest poi=Sell combat=False
[17:12:32.806] [D] [Pulse] Slow bot root: 166ms bot=Wholesome Auto Quest poi=Sell combat=False
[17:12:33.606] [D] [Pulse] Slow bot root: 165ms bot=Wholesome Auto Quest poi=Sell combat=False
[17:12:35.224] [D] [Interact] Interacting with object at 0x33EE0D78
[17:12:35.245] [D] [Interact] Done interacting with object at 0x33EE0D78
[17:12:35.413] [D] [Pulse] Slow bot root: 501ms bot=Wholesome Auto Quest poi=Sell combat=False
[17:12:36.214] [D] [Pulse] Slow bot root: 166ms bot=Wholesome Auto Quest poi=Sell combat=False
[17:12:36.315] [D] [Pulse] Slow plugin: name=Tidy Bags 3 Reloaded elapsed=54ms
[17:12:37.022] [D] [Pulse] Slow bot root: 167ms bot=Wholesome Auto Quest poi=Sell combat=False
[17:12:37.321] [D] [Pulse] Slow plugin: name=AutoEquip2 elapsed=254ms
[17:12:37.419] [D] [Pulse] Slow shared pulse: total=397ms movement=0 objects=0 lua=0 info=0 loot=2 targeting=41 events=0 plugins=353 routine=0
[17:12:38.088] [D] [Pulse] Slow bot root: 168ms bot=Wholesome Auto Quest poi=Sell combat=False
[17:12:38.222] [N] [Wholesome Auto Quest] Blacklisted vendor Prospector Khazgorm (Entry:3392) — stuck for 30s, forcing re-scan
[17:12:38.222] [D] Cleared POI - Reason Wholesome vendor endpoint failed
[17:12:38.222] [D] Cleared POI
[17:12:38.222] [N] [Wholesome Auto Quest] Vendor endpoint failed; queuing one scheduler rebuild.
[17:12:38.888] [D] [Pulse] Slow bot root: 165ms bot=Wholesome Auto Quest poi=None combat=False
[17:12:39.992] [D] [QuestLog] Loaded 75 completed quests from Lua fallback
[17:12:40.032] [D] Activity: No eligible quest work; idle until 2026-09-08T09:36:47.8067708Z. excluded quest=104;stage=Pickup;npc=392;reason=outside-scan-radius;retry=context-change excluded quest=1058;stage=Pickup;npc=3995;reason=outside-scan-radius;retry=context-change excluded quest=1062;stage=TurnIn;npc=4049;reason=outside-scan-radius;retry=context-change excluded quest=1069;stage=Objective;objective=0;reason=outside-scan-radius;retry=context-change. excluded quest=1087;stage=Objective;objective=2;reason=outside-scan-radius;retry=context-change. excluded quest=1093;stage=Objective;scope=Objective;objective=0;retry=2026-09-08T15:11:36.9856630Z;state=Quarantined. excluded quest=11127;stage=Pickup;scope=QuestStage;retry=2026-09-08T09:36:47.8067708Z;state=HalfOpen. excluded quest=1195;stage=Pickup;npc=4721;reason=outside-scan-radius;retry=context-change excluded quest=14106;stage=Pickup;scope=QuestStage;retry=2026-09-08T15:12:07.0067094Z;state=Quarantined. excluded quest=1483;stage=Pickup;scope=NpcRelation;npc=3442;retry=2026-09-08T09:36:47.8067708Z;state=HalfOpen. excluded quest=152;stage=Pickup;npc=392;reason=outside-scan-radius;retry=context-change excluded quest=2098;stage=Pickup;npc=6667;reason=outside-scan-radius;retry=context-change excluded quest=216;stage=Pickup;npc=12757;reason=outside-scan-radius;retry=context-change excluded quest=235;stage=Pickup;npc=10880;reason=outside-scan-radius;retry=context-change excluded quest=4542;stage=Pickup;npc=10079;reason=outside-scan-radius;retry=context-change excluded quest=470;stage=Pickup;npc=2111;reason=outside-scan-radius;retry=context-change excluded quest=472;stage=Pickup;npc=2097;reason=outside-scan-radius;retry=context-change excluded quest=4821;stage=Pickup;npc=10539;reason=outside-scan-radius;retry=context-change excluded quest=4921;stage=Objective;scope=QuestStage;retry=2026-09-08T09:36:47.8067708Z;state=HalfOpen. excluded quest=493;stage=Pickup;npc=1937;reason=outside-scan-radius;retry=context-change excluded quest=494;stage=Pickup;npc=2214;reason=outside-scan-radius;retry=context-change excluded quest=496;stage=Pickup;npc=2216;reason=outside-scan-radius;retry=context-change excluded quest=498;stage=Pickup;npc=2229;reason=outside-scan-radius;retry=context-change excluded quest=501;stage=Pickup;npc=2216;reason=outside-scan-radius;retry=context-change excluded quest=516;stage=Pickup;npc=2121;reason=outside-scan-radius;retry=context-change excluded quest=527;stage=Pickup;npc=2215;reason=outside-scan-radius;retry=context-change excluded quest=546;stage=Pickup;npc=2418;reason=outside-scan-radius;retry=context-change excluded quest=549;stage=Pickup;npc=1763;reason=outside-scan-radius;retry=context-change excluded quest=6282;stage=Pickup;npc=11860;reason=outside-scan-radius;retry=context-change excluded quest=6381;stage=Pickup;npc=11864;reason=outside-scan-radius;retry=context-change excluded quest=6382;stage=TurnIn;npc=12696;reason=outside-scan-radius;retry=context-change excluded quest=6383;stage=Pickup;scope=NpcRelation;npc=12696;retry=2026-09-08T09:36:47.8067708Z;state=HalfOpen. excluded quest=6393;stage=Objective;scope=Objective;objective=0;retry=2026-09-08T15:11:36.9858139Z;state=Quarantined. excluded quest=6441;stage=Objective;scope=Objective;objective=0;retry=2026-09-08T11:53:44.3110653Z;state=Quarantined. excluded quest=6442;stage=Pickup;npc=12719;reason=outside-scan-radius;retry=context-change excluded quest=6461;stage=TurnIn;npc=12816;reason=outside-scan-radius;retry=context-change excluded quest=6462;stage=Pickup;npc=12721;reason=outside-scan-radius;retry=context-change excluded quest=6541;stage=Pickup;scope=NpcRelation;npc=3429;retry=2026-09-08T09:36:47.8067708Z;state=HalfOpen. excluded quest=6543;stage=Objective;scope=Objective;objective=0;retry=2026-09-08T11:57:53.5602004Z;state=Quarantined. excluded quest=742;stage=Pickup;npc=10881;reason=outside-scan-radius;retry=context-change excluded quest=747;stage=Objective;scope=Objective;objective=0;retry=2026-09-08T13:06:01.2335671Z;state=Quarantined. excluded quest=747;stage=Objective;scope=Objective;objective=1;retry=2026-09-08T13:30:35.1661766Z;state=Quarantined. excluded quest=7790;stage=Pickup;scope=QuestStage;retry=2026-09-08T15:12:07.0066622Z;state=Quarantined. excluded quest=843;stage=TurnIn;npc=3341;reason=outside-scan-radius;retry=context-change excluded quest=8487;stage=TurnIn;scope=QuestStage;retry=2026-09-08T09:36:47.8067708Z;state=HalfOpen. excluded quest=867;stage=Objective;scope=Objective;objective=0;retry=2026-09-08T13:46:19.0888015Z;state=Quarantined. excluded quest=868;stage=TurnIn;npc=3428;reason=outside-scan-radius;retry=context-change excluded quest=879;stage=Objective;scope=Objective;objective=0;retry=2026-09-08T14:12:05.6037548Z;state=Quarantined. excluded quest=879;stage=Objective;scope=Objective;objective=1;retry=2026-09-08T14:12:05.6038234Z;state=Quarantined. excluded quest=879;stage=Objective;scope=Objective;objective=2;retry=2026-09-08T14:12:05.6038609Z;state=Quarantined. excluded quest=8889;stage=Objective;objective=0;reason=outside-scan-radius;retry=context-change. excluded quest=8889;stage=Objective;objective=1;reason=outside-scan-radius;retry=context-change. excluded quest=8889;stage=Objective;objective=2;reason=outside-scan-radius;retry=context-change. excluded quest=891;stage=Objective;scope=QuestStage;retry=2026-09-08T09:36:47.8067708Z;state=HalfOpen. excluded quest=893;stage=Objective;scope=Objective;objective=0;retry=2026-09-08T12:48:05.9519603Z;state=Quarantined. excluded quest=893;stage=Objective;scope=Objective;objective=1;retry=2026-09-08T12:48:05.9520521Z;state=Quarantined. excluded quest=893;stage=Objective;scope=Objective;objective=2;retry=2026-09-08T12:48:05.9520844Z;state=Quarantined. excluded quest=896;stage=Objective;scope=Objective;objective=0;retry=2026-09-08T13:55:41.1186828Z;state=Quarantined. excluded quest=9067;stage=Objective;scope=Objective;objective=0;retry=2026-09-08T15:12:07.0059371Z;state=Quarantined. excluded quest=9151;stage=Pickup;npc=16199;reason=outside-scan-radius;retry=context-change excluded quest=9157;stage=TurnIn;scope=QuestStage;retry=2026-09-08T09:36:47.8067708Z;state=HalfOpen. excluded quest=9275;stage=Pickup;npc=16464;reason=outside-scan-radius;retry=context-change excluded quest=9388;stage=Pickup;scope=QuestStage;retry=2026-09-08T09:36:47.8067708Z;state=HalfOpen. excluded quest=9389;stage=Pickup;scope=QuestStage;retry=2026-09-08T09:36:47.8067708Z;state=HalfOpen. excluded quest=9425;stage=Pickup;npc=16287;reason=outside-scan-radius;retry=context-change excluded quest=9428;stage=Pickup;npc=17098;reason=outside-scan-radius;retry=context-change excluded quest=9749;stage=Pickup;scope=QuestStage;retry=2026-09-08T09:36:47.8067708Z;state=HalfOpen. Expanding scan radius from 250 to 500 yards before fallback.
[17:12:41.208] [D] Activity: No eligible quest work; idle until 2026-09-08T09:36:47.8067708Z. excluded quest=104;stage=Pickup;npc=392;reason=outside-scan-radius;retry=context-change excluded quest=1058;stage=Pickup;npc=3995;reason=outside-scan-radius;retry=context-change excluded quest=1062;stage=TurnIn;npc=4049;reason=outside-scan-radius;retry=context-change excluded quest=1069;stage=Objective;objective=0;reason=outside-scan-radius;retry=context-change. excluded quest=1087;stage=Objective;objective=2;reason=outside-scan-radius;retry=context-change. excluded quest=1093;stage=Objective;scope=Objective;objective=0;retry=2026-09-08T15:11:36.9856630Z;state=Quarantined. excluded quest=11127;stage=Pickup;scope=QuestStage;retry=2026-09-08T09:36:47.8067708Z;state=HalfOpen. excluded quest=1195;stage=Pickup;npc=4721;reason=outside-scan-radius;retry=context-change excluded quest=14106;stage=Pickup;scope=QuestStage;retry=2026-09-08T15:12:07.0067094Z;state=Quarantined. excluded quest=1483;stage=Pickup;scope=NpcRelation;npc=3442;retry=2026-09-08T09:36:47.8067708Z;state=HalfOpen. excluded quest=152;stage=Pickup;npc=392;reason=outside-scan-radius;retry=context-change excluded quest=2098;stage=Pickup;npc=6667;reason=outside-scan-radius;retry=context-change excluded quest=216;stage=Pickup;npc=12757;reason=outside-scan-radius;retry=context-change excluded quest=235;stage=Pickup;npc=10880;reason=outside-scan-radius;retry=context-change excluded quest=4542;stage=Pickup;npc=10079;reason=outside-scan-radius;retry=context-change excluded quest=470;stage=Pickup;npc=2111;reason=outside-scan-radius;retry=context-change excluded quest=472;stage=Pickup;npc=2097;reason=outside-scan-radius;retry=context-change excluded quest=4821;stage=Pickup;npc=10539;reason=outside-scan-radius;retry=context-change excluded quest=4921;stage=Objective;scope=QuestStage;retry=2026-09-08T09:36:47.8067708Z;state=HalfOpen. excluded quest=493;stage=Pickup;npc=1937;reason=outside-scan-radius;retry=context-change excluded quest=494;stage=Pickup;npc=2214;reason=outside-scan-radius;retry=context-change excluded quest=496;stage=Pickup;npc=2216;reason=outside-scan-radius;retry=context-change excluded quest=498;stage=Pickup;npc=2229;reason=outside-scan-radius;retry=context-change excluded quest=501;stage=Pickup;npc=2216;reason=outside-scan-radius;retry=context-change excluded quest=516;stage=Pickup;npc=2121;reason=outside-scan-radius;retry=context-change excluded quest=527;stage=Pickup;npc=2215;reason=outside-scan-radius;retry=context-change excluded quest=546;stage=Pickup;npc=2418;reason=outside-scan-radius;retry=context-change excluded quest=549;stage=Pickup;npc=1763;reason=outside-scan-radius;retry=context-change excluded quest=6282;stage=Pickup;npc=11860;reason=outside-scan-radius;retry=context-change excluded quest=6381;stage=Pickup;npc=11864;reason=outside-scan-radius;retry=context-change excluded quest=6382;stage=TurnIn;npc=12696;reason=outside-scan-radius;retry=context-change excluded quest=6383;stage=Pickup;scope=NpcRelation;npc=12696;retry=2026-09-08T09:36:47.8067708Z;state=HalfOpen. excluded quest=6393;stage=Objective;scope=Objective;objective=0;retry=2026-09-08T15:11:36.9858139Z;state=Quarantined. excluded quest=6441;stage=Objective;scope=Objective;objective=0;retry=2026-09-08T11:53:44.3110653Z;state=Quarantined. excluded quest=6442;stage=Pickup;npc=12719;reason=outside-scan-radius;retry=context-change excluded quest=6461;stage=TurnIn;npc=12816;reason=outside-scan-radius;retry=context-change excluded quest=6462;stage=Pickup;npc=12721;reason=outside-scan-radius;retry=context-change excluded quest=6541;stage=Pickup;scope=NpcRelation;npc=3429;retry=2026-09-08T09:36:47.8067708Z;state=HalfOpen. excluded quest=6543;stage=Objective;scope=Objective;objective=0;retry=2026-09-08T11:57:53.5602004Z;state=Quarantined. excluded quest=742;stage=Pickup;npc=10881;reason=outside-scan-radius;retry=context-change excluded quest=747;stage=Objective;scope=Objective;objective=0;retry=2026-09-08T13:06:01.2335671Z;state=Quarantined. excluded quest=747;stage=Objective;scope=Objective;objective=1;retry=2026-09-08T13:30:35.1661766Z;state=Quarantined. excluded quest=7790;stage=Pickup;scope=QuestStage;retry=2026-09-08T15:12:07.0066622Z;state=Quarantined. excluded quest=843;stage=TurnIn;npc=3341;reason=outside-scan-radius;retry=context-change excluded quest=8487;stage=TurnIn;scope=QuestStage;retry=2026-09-08T09:36:47.8067708Z;state=HalfOpen. excluded quest=867;stage=Objective;scope=Objective;objective=0;retry=2026-09-08T13:46:19.0888015Z;state=Quarantined. excluded quest=868;stage=TurnIn;npc=3428;reason=outside-scan-radius;retry=context-change excluded quest=879;stage=Objective;scope=Objective;objective=0;retry=2026-09-08T14:12:05.6037548Z;state=Quarantined. excluded quest=879;stage=Objective;scope=Objective;objective=1;retry=2026-09-08T14:12:05.6038234Z;state=Quarantined. excluded quest=879;stage=Objective;scope=Objective;objective=2;retry=2026-09-08T14:12:05.6038609Z;state=Quarantined. excluded quest=8889;stage=Objective;objective=0;reason=outside-scan-radius;retry=context-change. excluded quest=8889;stage=Objective;objective=1;reason=outside-scan-radius;retry=context-change. excluded quest=8889;stage=Objective;objective=2;reason=outside-scan-radius;retry=context-change. excluded quest=891;stage=Objective;scope=QuestStage;retry=2026-09-08T09:36:47.8067708Z;state=HalfOpen. excluded quest=893;stage=Objective;scope=Objective;objective=0;retry=2026-09-08T12:48:05.9519603Z;state=Quarantined. excluded quest=893;stage=Objective;scope=Objective;objective=1;retry=2026-09-08T12:48:05.9520521Z;state=Quarantined. excluded quest=893;stage=Objective;scope=Objective;objective=2;retry=2026-09-08T12:48:05.9520844Z;state=Quarantined. excluded quest=896;stage=Objective;scope=Objective;objective=0;retry=2026-09-08T13:55:41.1186828Z;state=Quarantined. excluded quest=9067;stage=Objective;scope=Objective;objective=0;retry=2026-09-08T15:12:07.0059371Z;state=Quarantined. excluded quest=9151;stage=Pickup;npc=16199;reason=outside-scan-radius;retry=context-change excluded quest=9157;stage=TurnIn;scope=QuestStage;retry=2026-09-08T09:36:47.8067708Z;state=HalfOpen. excluded quest=9275;stage=Pickup;npc=16464;reason=outside-scan-radius;retry=context-change excluded quest=9388;stage=Pickup;scope=QuestStage;retry=2026-09-08T09:36:47.8067708Z;state=HalfOpen. excluded quest=9389;stage=Pickup;scope=QuestStage;retry=2026-09-08T09:36:47.8067708Z;state=HalfOpen. excluded quest=9425;stage=Pickup;npc=16287;reason=outside-scan-radius;retry=context-change excluded quest=9428;stage=Pickup;npc=17098;reason=outside-scan-radius;retry=context-change excluded quest=9749;stage=Pickup;scope=QuestStage;retry=2026-09-08T09:36:47.8067708Z;state=HalfOpen. Expanding scan radius from 500 to 750 yards before fallback.
[17:12:42.381] [D] Loading profile from D:\World of Warcraft 3.3.5a\CB\Bots\WholesomeAutoQuest\WHOLESOME_AUTOQUESTER.xml
[17:12:42.383] [D] [CompileBatch] Compiling 2 entries...
[17:12:42.458] [D] [CompileBatch] Compiled successfully.
[17:12:42.458] [N] Profile loaded: WholesomeAQ - The Barrens
[17:12:42.473] [D] Selected sub-profile: WholesomeAQ - The Barrens (L1-80)
[17:12:42.473] [N] [Wholesome Auto Quest] Profile refreshed - Selected 2 quest work candidate(s). selected quest=843;stage=TurnIn;state=Eligible. selected quest=4542;stage=Pickup;state=Eligible. excluded quest=104;stage=Pickup;npc=392;reason=outside-scan-radius;retry=context-change excluded quest=1058;stage=Pickup;npc=3995;reason=outside-scan-radius;retry=context-change excluded quest=1062;stage=TurnIn;npc=4049;reason=outside-scan-radius;retry=context-change excluded quest=1069;stage=Objective;objective=0;reason=outside-scan-radius;retry=context-change. excluded quest=1087;stage=Objective;objective=2;reason=outside-scan-radius;retry=context-change. excluded quest=1093;stage=Objective;scope=Objective;objective=0;retry=2026-09-08T15:11:36.9856630Z;state=Quarantined. excluded quest=11127;stage=Pickup;scope=QuestStage;retry=2026-09-08T09:36:47.8067708Z;state=HalfOpen. excluded quest=1195;stage=Pickup;npc=4721;reason=outside-scan-radius;retry=context-change excluded quest=14106;stage=Pickup;scope=QuestStage;retry=2026-09-08T15:12:07.0067094Z;state=Quarantined. excluded quest=1483;stage=Pickup;scope=NpcRelation;npc=3442;retry=2026-09-08T09:36:47.8067708Z;state=HalfOpen. excluded quest=152;stage=Pickup;npc=392;reason=outside-scan-radius;retry=context-change excluded quest=2098;stage=Pickup;npc=6667;reason=outside-scan-radius;retry=context-change excluded quest=216;stage=Pickup;npc=12757;reason=outside-scan-radius;retry=context-change excluded quest=235;stage=Pickup;npc=10880;reason=outside-scan-radius;retry=context-change excluded quest=470;stage=Pickup;npc=2111;reason=outside-scan-radius;retry=context-change excluded quest=472;stage=Pickup;npc=2097;reason=outside-scan-radius;retry=context-change excluded quest=4821;stage=Pickup;npc=10539;reason=outside-scan-radius;retry=context-change excluded quest=4921;stage=Objective;scope=QuestStage;retry=2026-09-08T09:36:47.8067708Z;state=HalfOpen. excluded quest=493;stage=Pickup;npc=1937;reason=outside-scan-radius;retry=context-change excluded quest=494;stage=Pickup;npc=2214;reason=outside-scan-radius;retry=context-change excluded quest=496;stage=Pickup;npc=2216;reason=outside-scan-radius;retry=context-change excluded quest=498;stage=Pickup;npc=2229;reason=outside-scan-radius;retry=context-change excluded quest=501;stage=Pickup;npc=2216;reason=outside-scan-radius;retry=context-change excluded quest=516;stage=Pickup;npc=2121;reason=outside-scan-radius;retry=context-change excluded quest=527;stage=Pickup;npc=2215;reason=outside-scan-radius;retry=context-change excluded quest=546;stage=Pickup;npc=2418;reason=outside-scan-radius;retry=context-change excluded quest=549;stage=Pickup;npc=1763;reason=outside-scan-radius;retry=context-change excluded quest=6282;stage=Pickup;npc=11860;reason=outside-scan-radius;retry=context-change excluded quest=6381;stage=Pickup;npc=11864;reason=outside-scan-radius;retry=context-change excluded quest=6382;stage=TurnIn;npc=12696;reason=outside-scan-radius;retry=context-change excluded quest=6383;stage=Pickup;scope=NpcRelation;npc=12696;retry=2026-09-08T09:36:47.8067708Z;state=HalfOpen. excluded quest=6393;stage=Objective;scope=Objective;objective=0;retry=2026-09-08T15:11:36.9858139Z;state=Quarantined. excluded quest=6441;stage=Objective;scope=Objective;objective=0;retry=2026-09-08T11:53:44.3110653Z;state=Quarantined. excluded quest=6442;stage=Pickup;npc=12719;reason=outside-scan-radius;retry=context-change excluded quest=6461;stage=TurnIn;npc=12816;reason=outside-scan-radius;retry=context-change excluded quest=6462;stage=Pickup;npc=12721;reason=outside-scan-radius;retry=context-change excluded quest=6541;stage=Pickup;scope=NpcRelation;npc=3429;retry=2026-09-08T09:36:47.8067708Z;state=HalfOpen. excluded quest=6543;stage=Objective;scope=Objective;objective=0;retry=2026-09-08T11:57:53.5602004Z;state=Quarantined. excluded quest=742;stage=Pickup;npc=10881;reason=outside-scan-radius;retry=context-change excluded quest=747;stage=Objective;scope=Objective;objective=0;retry=2026-09-08T13:06:01.2335671Z;state=Quarantined. excluded quest=747;stage=Objective;scope=Objective;objective=1;retry=2026-09-08T13:30:35.1661766Z;state=Quarantined. excluded quest=7790;stage=Pickup;scope=QuestStage;retry=2026-09-08T15:12:07.0066622Z;state=Quarantined. excluded quest=8487;stage=TurnIn;scope=QuestStage;retry=2026-09-08T09:36:47.8067708Z;state=HalfOpen. excluded quest=867;stage=Objective;scope=Objective;objective=0;retry=2026-09-08T13:46:19.0888015Z;state=Quarantined. excluded quest=868;stage=TurnIn;npc=3428;reason=outside-scan-radius;retry=context-change excluded quest=879;stage=Objective;scope=Objective;objective=0;retry=2026-09-08T14:12:05.6037548Z;state=Quarantined. excluded quest=879;stage=Objective;scope=Objective;objective=1;retry=2026-09-08T14:12:05.6038234Z;state=Quarantined. excluded quest=879;stage=Objective;scope=Objective;objective=2;retry=2026-09-08T14:12:05.6038609Z;state=Quarantined. excluded quest=8889;stage=Objective;objective=0;reason=outside-scan-radius;retry=context-change. excluded quest=8889;stage=Objective;objective=1;reason=outside-scan-radius;retry=context-change. excluded quest=8889;stage=Objective;objective=2;reason=outside-scan-radius;retry=context-change. excluded quest=891;stage=Objective;scope=QuestStage;retry=2026-09-08T09:36:47.8067708Z;state=HalfOpen. excluded quest=893;stage=Objective;scope=Objective;objective=0;retry=2026-09-08T12:48:05.9519603Z;state=Quarantined. excluded quest=893;stage=Objective;scope=Objective;objective=1;retry=2026-09-08T12:48:05.9520521Z;state=Quarantined. excluded quest=893;stage=Objective;scope=Objective;objective=2;retry=2026-09-08T12:48:05.9520844Z;state=Quarantined. excluded quest=896;stage=Objective;scope=Objective;objective=0;retry=2026-09-08T13:55:41.1186828Z;state=Quarantined. excluded quest=9067;stage=Objective;scope=Objective;objective=0;retry=2026-09-08T15:12:07.0059371Z;state=Quarantined. excluded quest=9151;stage=Pickup;npc=16199;reason=outside-scan-radius;retry=context-change excluded quest=9157;stage=TurnIn;scope=QuestStage;retry=2026-09-08T09:36:47.8067708Z;state=HalfOpen. excluded quest=9275;stage=Pickup;npc=16464;reason=outside-scan-radius;retry=context-change excluded quest=9388;stage=Pickup;scope=QuestStage;retry=2026-09-08T09:36:47.8067708Z;state=HalfOpen. excluded quest=9389;stage=Pickup;scope=QuestStage;retry=2026-09-08T09:36:47.8067708Z;state=HalfOpen. excluded quest=9425;stage=Pickup;npc=16287;reason=outside-scan-radius;retry=context-change excluded quest=9428;stage=Pickup;npc=17098;reason=outside-scan-radius;retry=context-change excluded quest=9749;stage=Pickup;scope=QuestStage;retry=2026-09-08T09:36:47.8067708Z;state=HalfOpen.
[17:12:43.014] [D] Changed POI to: Type: Sell, Name: Prospector Khazgorm, Guid: 0, Entry: 3392, Location: (-4197.33, -2267.98, 50.94)
[17:12:43.140] [N] [VendorRecovery] Reached Prospector Khazgorm (3392); waiting for the merchant window.
[17:12:43.140] [D] [Pulse] Slow plugin: name=Vendor Recovery elapsed=31ms
[17:12:43.955] [D] [Interact] Interacting with object at 0x33EE0D78
[17:12:43.974] [D] [Interact] Done interacting with object at 0x33EE0D78
[17:12:44.140] [D] [Pulse] Slow bot root: 499ms bot=Wholesome Auto Quest poi=Sell combat=False
[17:12:44.940] [D] [Pulse] Slow bot root: 166ms bot=Wholesome Auto Quest poi=Sell combat=False
[17:12:45.784] [D] [Pulse] Slow bot root: 168ms bot=Wholesome Auto Quest poi=Sell combat=False
[17:12:46.583] [D] [Pulse] Slow bot root: 164ms bot=Wholesome Auto Quest poi=Sell combat=False
[17:12:46.684] [D] [Pulse] Slow plugin: name=Tidy Bags 3 Reloaded elapsed=54ms
[17:12:47.386] [D] [Pulse] Slow bot root: 167ms bot=Wholesome Auto Quest poi=Sell combat=False
[17:12:47.686] [D] [Pulse] Slow plugin: name=AutoEquip2 elapsed=256ms
[17:12:47.788] [D] [Pulse] Slow shared pulse: total=401ms movement=0 objects=0 lua=0 info=0 loot=2 targeting=40 events=0 plugins=357 routine=0
[17:12:48.453] [D] [Pulse] Slow bot root: 169ms bot=Wholesome Auto Quest poi=Sell combat=False
[17:12:50.035] [D] [Interact] Interacting with object at 0x33EE0D78
[17:12:50.062] [D] [Interact] Done interacting with object at 0x33EE0D78
[17:12:50.232] [D] [Pulse] Slow bot root: 504ms bot=Wholesome Auto Quest poi=Sell combat=False
[17:12:51.061] [D] [Pulse] Slow bot root: 164ms bot=Wholesome Auto Quest poi=Sell combat=False
[17:12:51.867] [D] [Pulse] Slow bot root: 167ms bot=Wholesome Auto Quest poi=Sell combat=False
[17:12:52.666] [D] [Pulse] Slow bot root: 166ms bot=Wholesome Auto Quest poi=Sell combat=False
[17:12:53.467] [D] [Pulse] Slow bot root: 166ms bot=Wholesome Auto Quest poi=Sell combat=False
[17:12:53.600] [D] [Pulse] Slow plugin: name=Vendor Recovery elapsed=30ms
[17:12:54.305] [D] [Pulse] Slow bot root: 164ms bot=Wholesome Auto Quest poi=Sell combat=False
[17:12:55.107] [D] [Pulse] Slow bot root: 165ms bot=Wholesome Auto Quest poi=Sell combat=False
[17:12:56.714] [D] [Interact] Interacting with object at 0x33EE0D78
[17:12:56.740] [D] [Interact] Done interacting with object at 0x33EE0D78
[17:12:56.908] [D] [Pulse] Slow bot root: 502ms bot=Wholesome Auto Quest poi=Sell combat=False
[17:12:57.007] [D] [Pulse] Slow plugin: name=Tidy Bags 3 Reloaded elapsed=55ms
[17:13:04.308] [N] Stopping the bot!
[17:13:04.310] [N] Bot stopping! Reason: User request
[17:13:04.311] [D] Exception in GetReturnValues: Thread was interrupted from a waiting state.
[17:13:04.435] [D] [Pulse] Slow bot root: 191ms bot=Wholesome Auto Quest poi=Sell combat=False
[17:13:04.468] [D] Cleared POI
[17:13:04.471] [D] Worker thread exited cleanly
[17:13:05.683] [D] [Settings] Saved all settings
