[11:12:46.882] [N] CopilotBuddy v1.6.6 started. Original HonorBuddy by Apoc, raphus, highvoltz, bobby53, xanathos, chinajade. Ported to WotLK 3.3.5a by Likon69.
[11:12:47.273] [N] Searching for WoW process...
[11:12:47.501] [N] Please wait a few seconds while CopilotBuddy initializes.
[11:12:47.501] [D] Using WoW with process ID 3804
[11:12:47.502] [D] Platform: x86
[11:12:47.502] [D] Executable Path: D:\World of Warcraft 3.3.5a\CB\
[11:12:47.534] [D] [ObjectManager] WoW build 12340 detected - OK
[11:12:47.536] [D] [ObjectManager] D3DDevicePtr = 0x00C5DF88
[11:12:47.537] [D] [ObjectManager] devicePtrAddr = 0x0533CBD0
[11:12:47.537] [D] [ObjectManager] device = 0x0A4FA140 (at 0x0534054C)
[11:12:47.537] [D] [ObjectManager] vtablePtr = 0x0A4FD09C
[11:12:47.537] [D] [ObjectManager] endSceneAddr = 0x643348F0 (at 0x0A4FD144)
[11:12:47.537] [D] [ObjectManager] D3D: Device=0x0A4FA140, VTable=0x0A4FD09C, EndScene=0x643348F0
[11:12:47.537] [D] [ObjectManager] Creating ExecutorRand...
[11:12:47.579] [D] [ObjectManager] ExecutorRand created, IsInitialized = True
[11:12:47.579] [D] [ObjectManager] EndScene hook succeeded
[11:12:47.584] [D] [ObjectManager] Initialized successfully
[11:12:47.586] [N] Attached to WoW with ID 3804
[11:12:47.588] [N] Character is a level 31 BloodElf Paladin
[11:12:47.588] [N] Current zone is Thousand Needles
[11:12:47.616] [D] [Settings] Loaded settings for character: Jeof
[11:12:47.616] [N] Initializing Combat Routines...
[11:12:47.620] [D] Looking for routines in: D:\World of Warcraft 3.3.5a\CB\Routines
[11:12:47.620] [D] Compiling Singular wotlk
[11:12:50.080] [N] Loaded routine: Singular Wotlk for class Paladin
[11:12:50.080] [N] Loaded 1 combat routine(s)
[11:12:50.087] [N] Chose Singular Wotlk as your combat class.
[11:12:50.087] [N] Confirmed Paladin as your class.
[11:12:50.088] [N] [Singular] Starting Singular v2.0.0.0
[11:12:50.088] [N] [Singular] Determining talent spec.
[11:12:50.754] [D] [Singular-DEBUG] [Talents] Best Tree: 19
[11:12:50.755] [N] [Singular] Current spec is  Retribution Paladin
[11:12:50.765] [D] [WoWDb] Loaded 237 DBC tables
[11:12:50.765] [D] [WoWDb]   Key=235 (0x000000EB) Rows=1893
[11:12:50.766] [D] [WoWDb]   Key=236 (0x000000EC) Rows=7655
[11:12:50.766] [D] [WoWDb]   Key=237 (0x000000ED) Rows=86
[11:12:50.766] [D] [WoWDb]   Key=238 (0x000000EE) Rows=506
[11:12:50.766] [D] [WoWDb]   Key=239 (0x000000EF) Rows=291
[11:12:50.766] [D] [WoWDb] Lock DBC lookup: FOUND (rows=388)
[11:12:50.766] [D] [WoWDb] ClientDb.Lock enum value = 356 (0x00000164)
[11:12:50.767] [D] [Singular-DEBUG] Creating Combat behavior.
[11:12:50.769] [N] [Singular] Building method list
[11:12:50.777] [N] [Singular] Added 459 methods
[11:12:50.779] [D] [Singular-DEBUG] CreateRetributionPaladinNormalPullAndCombat is a match!
[11:12:50.779] [N] [Singular]  Using CreateRetributionPaladinNormalPullAndCombat for Retribution Paladin - Combat (Priority: 0)
[11:12:50.792] [D] [Singular-DEBUG] Creating Pull behavior.
[11:12:50.792] [D] [Singular-DEBUG] CreateRetributionPaladinNormalPullAndCombat is a match!
[11:12:50.792] [N] [Singular]  Using CreateRetributionPaladinNormalPullAndCombat for Retribution Paladin - Pull (Priority: 0)
[11:12:50.794] [D] [Singular-DEBUG] Creating Rest behavior.
[11:12:50.794] [D] [Singular-DEBUG] CreateRetributionPaladinRest is a match!
[11:12:50.794] [N] [Singular]  Using CreateRetributionPaladinRest for Retribution Paladin - Rest (Priority: 0)
[11:12:50.797] [D] [Singular-DEBUG] Creating CombatBuffs behavior.
[11:12:50.798] [D] [Singular-DEBUG] Creating Heal behavior.
[11:12:50.798] [D] [Singular-DEBUG] CreateRetributionPaladinHeal is a match!
[11:12:50.798] [N] [Singular]  Using CreateRetributionPaladinHeal for Retribution Paladin - Heal (Priority: 0)
[11:12:50.799] [D] [Singular-DEBUG] CreateRetributionPaladinNormalPullAndCombat is a match!
[11:12:50.799] [N] [Singular]  Using CreateRetributionPaladinNormalPullAndCombat for Retribution Paladin - Heal (Priority: 0)
[11:12:50.800] [D] [Singular-DEBUG] Creating PullBuffs behavior.
[11:12:50.801] [D] [Singular-DEBUG] Creating PreCombatBuffs behavior.
[11:12:50.801] [D] [Singular-DEBUG] CreatePaladinPreCombatBuffs is a match!
[11:12:50.801] [N] [Singular]  Using CreatePaladinPreCombatBuffs for Retribution Paladin - PreCombatBuffs (Priority: 0)
[11:12:50.805] [N] [Singular] Behaviors created!
[11:12:50.822] [D] [Singular-DEBUG] Attached combat log
[11:12:50.822] [D] Routine initialized successfully
[11:12:50.824] [D] Loading built-in bots from assembly: CopilotBuddy
[11:12:50.846] [D] Found bot type: PartyBot.DiscoBot
[11:12:50.847] [N] New bot added: Party Bot
[11:12:50.847] [D] Loaded built-in bot: Party Bot
[11:12:50.847] [D] Found bot type: Bots.Quest.QuestBot
[11:12:50.847] [N] New bot added: Questing
[11:12:50.847] [D] Loaded built-in bot: Questing
[11:12:50.847] [D] Found bot type: Bots.Grind.LevelBot
[11:12:50.847] [N] New bot added: Grind
[11:12:50.847] [D] Loaded built-in bot: Grind
[11:12:50.847] [D] Found bot type: Bots.Gatherbuddy.GatherbuddyBot
[11:12:50.847] [N] New bot added: GatherBuddy
[11:12:50.847] [D] Loaded built-in bot: GatherBuddy
[11:12:50.847] [D] Found bot type: Bots.DungeonBuddy.DungeonBuddy
[11:12:50.848] [N] New bot added: DungeonBuddy
[11:12:50.848] [D] Loaded built-in bot: DungeonBuddy
[11:12:50.848] [D] Found bot type: Bots.BGBuddy.BGBuddy
[11:12:50.848] [N] New bot added: BGBuddy
[11:12:50.848] [D] Loaded built-in bot: BGBuddy
[11:12:50.848] [D] Built-in bot loading complete. 6 bots loaded.
[11:12:50.852] [N] Loading bots from: D:\World of Warcraft 3.3.5a\CB\Bots
[11:12:50.861] [N] Found 123 source files
[11:12:50.868] [N] Found 0 dll files
[11:12:50.868] [N] Compiling: CombatBot.cs
[11:12:51.040] [N] Compiled successfully: CombatBot.cs
[11:12:51.040] [N] Compiling directory: Auto Angler 2/ (23 files)
[11:12:51.309] [N] Compiled successfully: Auto Angler 2/
[11:12:51.309] [N] Compiling directory: LazyRaider/ (4 files)
[11:12:51.565] [N] Compiled successfully: LazyRaider/
[11:12:51.565] [N] Compiling directory: ProfessionBuddy/ (52 files)
[11:12:52.355] [N] Compiled successfully: ProfessionBuddy/
[11:12:52.355] [N] Compiling directory: Templar/ (27 files)
[11:12:52.770] [N] Compiled successfully: Templar/
[11:12:52.770] [N] Compiling directory: Tyrael/ (5 files)
[11:12:52.953] [N] Compiled successfully: Tyrael/
[11:12:52.953] [N] Compiling directory: WholesomeAutoQuest-master/ (11 files)
[11:12:53.536] [N] Compiled successfully: WholesomeAutoQuest-master/
[11:12:53.536] [N] ClassCollection contains 7 compiled bots
[11:12:53.536] [N] Adding bot: Combat Bot
[11:12:53.536] [N] New bot added: Combat Bot
[11:12:53.536] [N] Adding bot: AutoAngler
[11:12:53.536] [N] New bot added: AutoAngler
[11:12:53.536] [N] Adding bot: LazyRaider
[11:12:53.536] [N] New bot added: LazyRaider
[11:12:53.536] [N] Adding bot: ProfessionBuddy
[11:12:53.536] [N] New bot added: ProfessionBuddy
[11:12:53.536] [N] Adding bot: Templar
[11:12:53.536] [N] New bot added: Templar
[11:12:53.536] [N] Adding bot: Tyrael
[11:12:53.536] [N] New bot added: Tyrael
[11:12:53.536] [N] Adding bot: Wholesome Auto Quest
[11:12:53.536] [N] New bot added: Wholesome Auto Quest
[11:12:53.536] [N] Bot loading complete. 13 bots loaded.
[11:12:53.536] [N] Initializing Plugins...
[11:12:55.061] [N] [DeathStallRecovery] Enabled. The bot will stop if corpse recovery makes no movement progress for 60 seconds.
[11:12:55.982] [D] Rarekiller: Loading config file: D:\World of Warcraft 3.3.5a\CB\Plugins\RareKiller\config\Rarekiller.config
[11:12:55.982] [D] Root element is missing.
[11:12:55.982] [N] Rarekiller: Continuing with Default Config Values
[11:12:55.983] [D] Rarekiller: Loading config file: D:\World of Warcraft 3.3.5a\CB\Plugins\RareKiller\config\Rarekiller.config
[11:12:55.983] [D] Root element is missing.
[11:12:55.983] [N] Rarekiller: Continuing with Default Config Values
[11:12:55.983] [N] Rare Mob Killer - Version 3.3 Loaded.
[11:12:55.983] [N] Rarekiller Part Tamer: I'm no Hunter. Deactivate the Tamer Part
[11:12:56.591] [N] [VendorRecovery] Enabled. Failed Sell/Repair vendors will be skipped after 35 seconds at the NPC.
[11:12:56.753] [N] Plugin loading complete. 16 plugins loaded.
[11:12:56.753] [N] Plugins refreshed successfully.
[11:12:56.757] [N] Changing current bot to: Wholesome Auto Quest
[11:13:05.203] [D] [Settings] Saved all settings
[11:13:05.203] [N] Starting the bot.
[11:13:05.203] [N] Currently Using BotBase : Wholesome Auto Quest
[11:13:05.204] [N] Character is a level 31 BloodElf Paladin
[11:13:05.205] [N] Current zone is Thousand Needles
[11:13:05.206] [D] Loading profile from D:\World of Warcraft 3.3.5a\CB\Bots\WholesomeAutoQuest\WHOLESOME_AUTOQUESTER.xml
[11:13:05.271] [D] [CompileBatch] Compiling 1 entries...
[11:13:05.375] [D] [CompileBatch] Compiled successfully.
[11:13:05.378] [N] Profile loaded: WholesomeAQ - Thousand Needles
[11:13:05.379] [D] Selected sub-profile: WholesomeAQ - Thousand Needles (L1-80)
[11:13:05.588] [D] [WholesomeAQ] Navigation fingerprint unknown: provider or mesh-root stamp unavailable.
[11:13:05.712] [N] [VendorSafety] Skipping NPC 10380 for this session: Wholesome saved vendor blacklist. Trying the next suitable NPC.
[11:13:05.713] [N] [VendorSafety] Skipping NPC 3392 for this session: Wholesome saved vendor blacklist. Trying the next suitable NPC.
[11:13:05.713] [N] [VendorSafety] Skipping NPC 5848 for this session: Wholesome saved vendor blacklist. Trying the next suitable NPC.
[11:13:05.714] [N] [Wholesome Auto Quest] Loaded 3 blacklisted vendors
[11:13:06.172] [D] [QuestLog] Loaded 79 completed quests from Lua fallback
[11:13:06.207] [D] [ProfileBatchManager] Batch reset for new profile session.
[11:13:06.208] [N] [Wholesome Auto Quest] Class Paladin → PullDistance set to 24
[11:13:06.208] [N] [Wholesome Auto Quest] Initial scheduler build.
[11:13:06.896] [D] Activity: No eligible quest work; idle until 2026-09-12T04:00:23.0459783Z. quest-log-full=25/25; deferred new pickups while retaining accepted quest work. excluded quest=1062;stage=TurnIn;npc=4049;reason=outside-scan-radius;retry=context-change excluded quest=1069;stage=Objective;objective=0;reason=outside-scan-radius;retry=context-change. excluded quest=1087;stage=Objective;objective=2;reason=outside-scan-radius;retry=context-change. excluded quest=1093;stage=Objective;scope=Objective;objective=0;retry=2026-09-12T04:00:23.0459783Z;state=HalfOpen. excluded quest=4841;stage=TurnIn;npc=10537;reason=outside-scan-radius;retry=context-change excluded quest=4921;stage=Objective;objective=0;reason=outside-scan-radius;retry=context-change. excluded quest=5147;stage=Objective;scope=Objective;objective=0;retry=2026-09-12T04:00:23.0459783Z;state=HalfOpen. excluded quest=6382;stage=TurnIn;npc=12696;reason=outside-scan-radius;retry=context-change excluded quest=6393;stage=Objective;scope=Objective;objective=0;retry=2026-09-12T04:00:23.0459783Z;state=HalfOpen. excluded quest=6441;stage=Objective;scope=Objective;objective=0;retry=2026-09-12T04:00:23.0459783Z;state=HalfOpen. excluded quest=6461;stage=TurnIn;npc=12816;reason=outside-scan-radius;retry=context-change excluded quest=6543;stage=Objective;scope=Objective;objective=0;retry=2026-09-12T04:00:23.0459783Z;state=HalfOpen. excluded quest=846;stage=Objective;scope=Objective;objective=0;retry=2026-09-12T08:00:20.3981060Z;state=Quarantined. excluded quest=846;stage=Objective;scope=Objective;objective=1;retry=2026-09-12T08:00:20.4032154Z;state=Quarantined. excluded quest=846;stage=Objective;scope=Objective;objective=2;retry=2026-09-12T08:00:20.4032904Z;state=Quarantined. excluded quest=8487;stage=TurnIn;scope=QuestStage;retry=2026-09-12T04:00:23.0459783Z;state=HalfOpen. excluded quest=867;stage=Objective;scope=Objective;objective=0;retry=2026-09-12T08:00:20.4052045Z;state=Quarantined. excluded quest=868;stage=TurnIn;npc=3428;reason=outside-scan-radius;retry=context-change excluded quest=879;stage=Objective;scope=Objective;objective=0;retry=2026-09-12T08:00:20.4113339Z;state=Quarantined. excluded quest=879;stage=Objective;scope=Objective;objective=1;retry=2026-09-12T08:00:20.4113858Z;state=Quarantined. excluded quest=879;stage=Objective;scope=Objective;objective=2;retry=2026-09-12T09:00:23.0435238Z;state=Quarantined. excluded quest=8889;stage=Objective;objective=0;reason=outside-scan-radius;retry=context-change. excluded quest=8889;stage=Objective;objective=1;reason=outside-scan-radius;retry=context-change. excluded quest=8889;stage=Objective;objective=2;reason=outside-scan-radius;retry=context-change. excluded quest=891;stage=Objective;scope=QuestStage;retry=2026-09-12T04:00:23.0459783Z;state=HalfOpen. excluded quest=893;stage=Objective;scope=Objective;objective=0;retry=2026-09-12T09:00:23.0476089Z;state=Quarantined. excluded quest=893;stage=Objective;scope=Objective;objective=1;retry=2026-09-12T09:00:23.0476695Z;state=Quarantined. excluded quest=893;stage=Objective;scope=Objective;objective=2;retry=2026-09-12T09:00:23.0477631Z;state=Quarantined. excluded quest=896;stage=Objective;scope=Objective;objective=0;retry=2026-09-12T09:00:23.0478360Z;state=Quarantined. excluded quest=9067;stage=Objective;scope=Objective;objective=0;retry=2026-09-12T04:00:23.0459783Z;state=HalfOpen. excluded quest=9157;stage=TurnIn;scope=QuestStage;retry=2026-09-12T04:00:23.0459783Z;state=HalfOpen. excluded quest=9431;stage=Objective;scope=Objective;objective=0;retry=2026-09-12T04:00:23.0459783Z;state=HalfOpen. Expanding scan radius from 250 to 500 yards before fallback.
[11:13:06.896] [N] [Wholesome Auto Quest] Started with quest data loaded.
[11:13:06.931] [N] [SpellDb] Loaded 49816 spells from Spells.bin
[11:13:06.969] [D] Setting CVars: autoSelfCast=1, autoLootDefault=1
[11:13:07.037] [D] Cleared POI
[11:13:07.045] [D] Refresh() called. LastCount=0, CurrentCount=34
[11:13:07.045] [N] Building spell book
[11:13:07.046] [D] Found 34 spells from LocalPlayer.KnownSpells
[11:13:07.046] [N] Adding Arcane Affinity
[11:13:07.046] [N] Adding Arcane Torrent
[11:13:07.047] [N] Adding Auto Attack
[11:13:07.047] [N] Adding Block
[11:13:07.047] [N] Adding Dodge
[11:13:07.048] [N] Adding Magic Resistance
[11:13:07.048] [N] Adding Parry
[11:13:07.048] [N] Adding Blessing of Wisdom
[11:13:07.049] [N] Adding Concentration Aura
[11:13:07.049] [N] Adding Consecration
[11:13:07.049] [N] Adding Exorcism
[11:13:07.050] [N] Adding Flash of Light
[11:13:07.050] [N] Adding Holy Light
[11:13:07.050] [N] Adding Lay on Hands
[11:13:07.051] [N] Adding Purify
[11:13:07.051] [N] Adding Seal of Righteousness
[11:13:07.051] [N] Adding Sense Undead
[11:13:07.052] [N] Adding Turn Evil
[11:13:07.052] [N] Adding Blessing of Kings
[11:13:07.052] [N] Adding Devotion Aura
[11:13:07.053] [N] Adding Divine Protection
[11:13:07.053] [N] Adding Hammer of Justice
[11:13:07.053] [N] Adding Hand of Freedom
[11:13:07.054] [N] Adding Hand of Protection
[11:13:07.054] [N] Adding Hand of Reckoning
[11:13:07.055] [N] Adding Hand of Salvation
[11:13:07.055] [N] Adding Righteous Defense
[11:13:07.055] [N] Adding Righteous Fury
[11:13:07.056] [N] Adding Seal of Justice
[11:13:07.056] [N] Adding Blessing of Might
[11:13:07.056] [N] Adding Judgement of Light
[11:13:07.057] [N] Adding Judgement of Wisdom
[11:13:07.057] [N] Adding Retribution Aura
[11:13:07.057] [N] Adding Seal of Command
[11:13:07.058] [N] Spell book built
[11:13:07.058] [D] [SpellManager] Initialize — subscribed to BotEvents.OnBotStart
[11:13:07.319] [D] [WeightSet] Selected weight set: Paladin-Retribution
[11:13:07.320] [D] [Pulse] Slow plugin: name=AutoEquip2 elapsed=134ms
[11:13:07.320] [N] [DeathStallRecovery] Death detected at (-4829.59, -2040.61, -41.77); monitoring corpse-recovery movement.
[11:13:07.350] [D] [Talented] SelectMajorTalentTree called but not needed in WotLK 3.3.5a
[11:13:07.365] [D] [Pulse] Slow plugin: name=Talented elapsed=44ms
[11:13:07.417] [D] [Pulse] Slow plugin: name=Tidy Bags 3 Reloaded elapsed=51ms
[11:13:07.423] [D] [Pulse] Slow shared pulse: total=313ms movement=0 objects=0 lua=0 info=0 loot=16 targeting=54 events=1 plugins=233 routine=5
[11:13:08.056] [D] Activity: No eligible quest work; idle until 2026-09-12T04:00:23.0459783Z. quest-log-full=25/25; deferred new pickups while retaining accepted quest work. excluded quest=1062;stage=TurnIn;npc=4049;reason=outside-scan-radius;retry=context-change excluded quest=1069;stage=Objective;objective=0;reason=outside-scan-radius;retry=context-change. excluded quest=1087;stage=Objective;objective=2;reason=outside-scan-radius;retry=context-change. excluded quest=1093;stage=Objective;scope=Objective;objective=0;retry=2026-09-12T04:00:23.0459783Z;state=HalfOpen. excluded quest=4841;stage=TurnIn;npc=10537;reason=outside-scan-radius;retry=context-change excluded quest=4921;stage=Objective;objective=0;reason=outside-scan-radius;retry=context-change. excluded quest=5147;stage=Objective;scope=Objective;objective=0;retry=2026-09-12T04:00:23.0459783Z;state=HalfOpen. excluded quest=6382;stage=TurnIn;npc=12696;reason=outside-scan-radius;retry=context-change excluded quest=6393;stage=Objective;scope=Objective;objective=0;retry=2026-09-12T04:00:23.0459783Z;state=HalfOpen. excluded quest=6441;stage=Objective;scope=Objective;objective=0;retry=2026-09-12T04:00:23.0459783Z;state=HalfOpen. excluded quest=6461;stage=TurnIn;npc=12816;reason=outside-scan-radius;retry=context-change excluded quest=6543;stage=Objective;scope=Objective;objective=0;retry=2026-09-12T04:00:23.0459783Z;state=HalfOpen. excluded quest=846;stage=Objective;scope=Objective;objective=0;retry=2026-09-12T08:00:20.3981060Z;state=Quarantined. excluded quest=846;stage=Objective;scope=Objective;objective=1;retry=2026-09-12T08:00:20.4032154Z;state=Quarantined. excluded quest=846;stage=Objective;scope=Objective;objective=2;retry=2026-09-12T08:00:20.4032904Z;state=Quarantined. excluded quest=8487;stage=TurnIn;scope=QuestStage;retry=2026-09-12T04:00:23.0459783Z;state=HalfOpen. excluded quest=867;stage=Objective;scope=Objective;objective=0;retry=2026-09-12T08:00:20.4052045Z;state=Quarantined. excluded quest=868;stage=TurnIn;npc=3428;reason=outside-scan-radius;retry=context-change excluded quest=879;stage=Objective;scope=Objective;objective=0;retry=2026-09-12T08:00:20.4113339Z;state=Quarantined. excluded quest=879;stage=Objective;scope=Objective;objective=1;retry=2026-09-12T08:00:20.4113858Z;state=Quarantined. excluded quest=879;stage=Objective;scope=Objective;objective=2;retry=2026-09-12T09:00:23.0435238Z;state=Quarantined. excluded quest=8889;stage=Objective;objective=0;reason=outside-scan-radius;retry=context-change. excluded quest=8889;stage=Objective;objective=1;reason=outside-scan-radius;retry=context-change. excluded quest=8889;stage=Objective;objective=2;reason=outside-scan-radius;retry=context-change. excluded quest=891;stage=Objective;scope=QuestStage;retry=2026-09-12T04:00:23.0459783Z;state=HalfOpen. excluded quest=893;stage=Objective;scope=Objective;objective=0;retry=2026-09-12T09:00:23.0476089Z;state=Quarantined. excluded quest=893;stage=Objective;scope=Objective;objective=1;retry=2026-09-12T09:00:23.0476695Z;state=Quarantined. excluded quest=893;stage=Objective;scope=Objective;objective=2;retry=2026-09-12T09:00:23.0477631Z;state=Quarantined. excluded quest=896;stage=Objective;scope=Objective;objective=0;retry=2026-09-12T09:00:23.0478360Z;state=Quarantined. excluded quest=9067;stage=Objective;scope=Objective;objective=0;retry=2026-09-12T04:00:23.0459783Z;state=HalfOpen. excluded quest=9157;stage=TurnIn;scope=QuestStage;retry=2026-09-12T04:00:23.0459783Z;state=HalfOpen. excluded quest=9431;stage=Objective;scope=Objective;objective=0;retry=2026-09-12T04:00:23.0459783Z;state=HalfOpen. Expanding scan radius from 500 to 750 yards before fallback.
[11:13:08.814] [N] Loaded 0 global blackspots
[11:13:08.847] [D] [Blackspot] Area cost initialized: area 17 = 60x
[11:13:09.881] [D] [Nav] Loaded 399 mesh tiles for one path query
[11:13:09.881] [D] [Nav] Slow path generation: 1065ms map=1 from=(-4829.59, -2040.61, -41.77) to=(-5454.95, -2442.79, 90.30) status=Success
[11:13:09.902] [D] Loading profile from D:\World of Warcraft 3.3.5a\CB\Bots\WholesomeAutoQuest\WHOLESOME_AUTOQUESTER.xml
[11:13:09.904] [D] [CompileBatch] Compiling 1 entries...
[11:13:09.977] [D] [CompileBatch] Compiled successfully.
[11:13:09.977] [N] Profile loaded: WholesomeAQ - Thousand Needles
[11:13:10.004] [D] Selected sub-profile: WholesomeAQ - Thousand Needles (L1-80)
[11:13:10.004] [N] [Wholesome Auto Quest] Profile refreshed - Selected 1 quest work candidate(s). selected quest=4841;stage=TurnIn;state=Eligible. quest-log-full=25/25; deferred new pickups while retaining accepted quest work. excluded quest=1062;stage=TurnIn;npc=4049;reason=outside-scan-radius;retry=context-change excluded quest=1069;stage=Objective;objective=0;reason=outside-scan-radius;retry=context-change. excluded quest=1087;stage=Objective;objective=2;reason=outside-scan-radius;retry=context-change. excluded quest=1093;stage=Objective;scope=Objective;objective=0;retry=2026-09-12T04:00:23.0459783Z;state=HalfOpen. excluded quest=4921;stage=Objective;objective=0;reason=outside-scan-radius;retry=context-change. excluded quest=5147;stage=Objective;scope=Objective;objective=0;retry=2026-09-12T04:00:23.0459783Z;state=HalfOpen. excluded quest=6382;stage=TurnIn;npc=12696;reason=outside-scan-radius;retry=context-change excluded quest=6393;stage=Objective;scope=Objective;objective=0;retry=2026-09-12T04:00:23.0459783Z;state=HalfOpen. excluded quest=6441;stage=Objective;scope=Objective;objective=0;retry=2026-09-12T04:00:23.0459783Z;state=HalfOpen. excluded quest=6461;stage=TurnIn;npc=12816;reason=outside-scan-radius;retry=context-change excluded quest=6543;stage=Objective;scope=Objective;objective=0;retry=2026-09-12T04:00:23.0459783Z;state=HalfOpen. excluded quest=846;stage=Objective;scope=Objective;objective=0;retry=2026-09-12T08:00:20.3981060Z;state=Quarantined. excluded quest=846;stage=Objective;scope=Objective;objective=1;retry=2026-09-12T08:00:20.4032154Z;state=Quarantined. excluded quest=846;stage=Objective;scope=Objective;objective=2;retry=2026-09-12T08:00:20.4032904Z;state=Quarantined. excluded quest=8487;stage=TurnIn;scope=QuestStage;retry=2026-09-12T04:00:23.0459783Z;state=HalfOpen. excluded quest=867;stage=Objective;scope=Objective;objective=0;retry=2026-09-12T08:00:20.4052045Z;state=Quarantined. excluded quest=868;stage=TurnIn;npc=3428;reason=outside-scan-radius;retry=context-change excluded quest=879;stage=Objective;scope=Objective;objective=0;retry=2026-09-12T08:00:20.4113339Z;state=Quarantined. excluded quest=879;stage=Objective;scope=Objective;objective=1;retry=2026-09-12T08:00:20.4113858Z;state=Quarantined. excluded quest=879;stage=Objective;scope=Objective;objective=2;retry=2026-09-12T09:00:23.0435238Z;state=Quarantined. excluded quest=8889;stage=Objective;objective=0;reason=outside-scan-radius;retry=context-change. excluded quest=8889;stage=Objective;objective=1;reason=outside-scan-radius;retry=context-change. excluded quest=8889;stage=Objective;objective=2;reason=outside-scan-radius;retry=context-change. excluded quest=891;stage=Objective;scope=QuestStage;retry=2026-09-12T04:00:23.0459783Z;state=HalfOpen. excluded quest=893;stage=Objective;scope=Objective;objective=0;retry=2026-09-12T09:00:23.0476089Z;state=Quarantined. excluded quest=893;stage=Objective;scope=Objective;objective=1;retry=2026-09-12T09:00:23.0476695Z;state=Quarantined. excluded quest=893;stage=Objective;scope=Objective;objective=2;retry=2026-09-12T09:00:23.0477631Z;state=Quarantined. excluded quest=896;stage=Objective;scope=Objective;objective=0;retry=2026-09-12T09:00:23.0478360Z;state=Quarantined. excluded quest=9067;stage=Objective;scope=Objective;objective=0;retry=2026-09-12T04:00:23.0459783Z;state=HalfOpen. excluded quest=9157;stage=TurnIn;scope=QuestStage;retry=2026-09-12T04:00:23.0459783Z;state=HalfOpen. excluded quest=9431;stage=Objective;scope=Objective;objective=0;retry=2026-09-12T04:00:23.0459783Z;state=HalfOpen.
[11:13:10.207] [D] Activity: Moving to corpse
[11:13:10.439] [D] [Pulse] Slow bot root: 433ms bot=Wholesome Auto Quest poi=None combat=False
[11:13:10.908] [D] [Pulse] Slow bot root: 367ms bot=Wholesome Auto Quest poi=None combat=False
[11:13:11.407] [D] [Pulse] Slow bot root: 364ms bot=Wholesome Auto Quest poi=None combat=False
[11:13:11.876] [D] [Pulse] Slow bot root: 367ms bot=Wholesome Auto Quest poi=None combat=False
[11:13:12.344] [D] [Pulse] Slow bot root: 366ms bot=Wholesome Auto Quest poi=None combat=False
[11:13:12.813] [D] [Pulse] Slow bot root: 368ms bot=Wholesome Auto Quest poi=None combat=False
[11:13:13.281] [D] [Pulse] Slow bot root: 365ms bot=Wholesome Auto Quest poi=None combat=False
[11:13:13.751] [D] [Pulse] Slow bot root: 366ms bot=Wholesome Auto Quest poi=None combat=False
[11:13:14.220] [D] [Pulse] Slow bot root: 369ms bot=Wholesome Auto Quest poi=None combat=False
[11:13:14.725] [D] [Pulse] Slow bot root: 404ms bot=Wholesome Auto Quest poi=None combat=False
[11:13:15.225] [D] [Pulse] Slow bot root: 400ms bot=Wholesome Auto Quest poi=None combat=False
[11:13:15.696] [D] [Pulse] Slow bot root: 369ms bot=Wholesome Auto Quest poi=None combat=False
[11:13:16.201] [D] [Pulse] Slow bot root: 402ms bot=Wholesome Auto Quest poi=None combat=False
[11:13:16.741] [D] [Pulse] Slow bot root: 404ms bot=Wholesome Auto Quest poi=None combat=False
[11:13:17.208] [D] [Pulse] Slow bot root: 365ms bot=Wholesome Auto Quest poi=None combat=False
[11:13:17.742] [D] [Pulse] Slow bot root: 366ms bot=Wholesome Auto Quest poi=None combat=False
[11:13:17.845] [D] [Pulse] Slow plugin: name=Tidy Bags 3 Reloaded elapsed=63ms
[11:13:18.209] [D] [Pulse] Slow bot root: 363ms bot=Wholesome Auto Quest poi=None combat=False
[11:13:18.707] [D] [Pulse] Slow bot root: 399ms bot=Wholesome Auto Quest poi=None combat=False
[11:13:19.173] [D] [Pulse] Slow bot root: 365ms bot=Wholesome Auto Quest poi=None combat=False
[11:13:19.640] [D] [Pulse] Slow bot root: 367ms bot=Wholesome Auto Quest poi=None combat=False
[11:13:20.141] [D] [Pulse] Slow bot root: 399ms bot=Wholesome Auto Quest poi=None combat=False
[11:13:20.609] [D] [Pulse] Slow bot root: 369ms bot=Wholesome Auto Quest poi=None combat=False
[11:13:21.079] [D] [Pulse] Slow bot root: 369ms bot=Wholesome Auto Quest poi=None combat=False
[11:13:21.549] [D] [Pulse] Slow bot root: 371ms bot=Wholesome Auto Quest poi=None combat=False
[11:13:22.084] [D] [Pulse] Slow bot root: 400ms bot=Wholesome Auto Quest poi=None combat=False
[11:13:22.585] [D] [Pulse] Slow bot root: 401ms bot=Wholesome Auto Quest poi=None combat=False
[11:13:23.089] [D] [Pulse] Slow bot root: 402ms bot=Wholesome Auto Quest poi=None combat=False
[11:13:23.553] [D] [Pulse] Slow bot root: 361ms bot=Wholesome Auto Quest poi=None combat=False
[11:13:24.027] [D] [Pulse] Slow bot root: 370ms bot=Wholesome Auto Quest poi=None combat=False
[11:13:24.496] [D] [Pulse] Slow bot root: 368ms bot=Wholesome Auto Quest poi=None combat=False
[11:13:24.963] [D] [Pulse] Slow bot root: 367ms bot=Wholesome Auto Quest poi=None combat=False
[11:13:25.463] [D] [Pulse] Slow bot root: 400ms bot=Wholesome Auto Quest poi=None combat=False
[11:13:25.964] [D] [Pulse] Slow bot root: 399ms bot=Wholesome Auto Quest poi=None combat=False
[11:13:26.428] [D] [Pulse] Slow bot root: 359ms bot=Wholesome Auto Quest poi=None combat=False
[11:13:26.894] [D] [Pulse] Slow bot root: 366ms bot=Wholesome Auto Quest poi=None combat=False
[11:13:27.395] [D] [Pulse] Slow bot root: 365ms bot=Wholesome Auto Quest poi=None combat=False
[11:13:27.864] [D] [Pulse] Slow bot root: 368ms bot=Wholesome Auto Quest poi=None combat=False
[11:13:27.964] [D] [Pulse] Slow plugin: name=Tidy Bags 3 Reloaded elapsed=63ms
[11:13:28.329] [D] [Pulse] Slow bot root: 365ms bot=Wholesome Auto Quest poi=None combat=False
[11:13:28.796] [D] [Pulse] Slow bot root: 365ms bot=Wholesome Auto Quest poi=None combat=False
[11:13:29.262] [D] [Pulse] Slow bot root: 366ms bot=Wholesome Auto Quest poi=None combat=False
[11:13:29.730] [D] [Pulse] Slow bot root: 368ms bot=Wholesome Auto Quest poi=None combat=False
[11:13:30.197] [D] [Pulse] Slow bot root: 367ms bot=Wholesome Auto Quest poi=None combat=False
[11:13:30.669] [D] [Pulse] Slow bot root: 371ms bot=Wholesome Auto Quest poi=None combat=False
[11:13:31.135] [D] [Pulse] Slow bot root: 367ms bot=Wholesome Auto Quest poi=None combat=False
[11:13:31.603] [D] [Pulse] Slow bot root: 367ms bot=Wholesome Auto Quest poi=None combat=False
[11:13:32.072] [D] [Pulse] Slow bot root: 370ms bot=Wholesome Auto Quest poi=None combat=False
[11:13:32.610] [D] [Pulse] Slow bot root: 401ms bot=Wholesome Auto Quest poi=None combat=False
[11:13:33.111] [D] [Pulse] Slow bot root: 401ms bot=Wholesome Auto Quest poi=None combat=False
[11:13:33.612] [D] [Pulse] Slow bot root: 399ms bot=Wholesome Auto Quest poi=None combat=False
[11:13:34.079] [D] [Pulse] Slow bot root: 365ms bot=Wholesome Auto Quest poi=None combat=False
[11:13:34.578] [D] [Pulse] Slow bot root: 399ms bot=Wholesome Auto Quest poi=None combat=False
[11:13:35.048] [D] [Pulse] Slow bot root: 369ms bot=Wholesome Auto Quest poi=None combat=False
[11:13:35.552] [D] [Pulse] Slow bot root: 401ms bot=Wholesome Auto Quest poi=None combat=False
[11:13:36.022] [D] [Pulse] Slow bot root: 368ms bot=Wholesome Auto Quest poi=None combat=False
[11:13:36.492] [D] [Pulse] Slow bot root: 370ms bot=Wholesome Auto Quest poi=None combat=False
[11:13:36.961] [D] [Pulse] Slow bot root: 370ms bot=Wholesome Auto Quest poi=None combat=False
[11:13:37.431] [D] [Pulse] Slow bot root: 368ms bot=Wholesome Auto Quest poi=None combat=False
[11:13:37.932] [D] [Pulse] Slow bot root: 367ms bot=Wholesome Auto Quest poi=None combat=False
[11:13:38.031] [D] [Pulse] Slow plugin: name=Tidy Bags 3 Reloaded elapsed=62ms
[11:13:38.399] [D] [Pulse] Slow bot root: 367ms bot=Wholesome Auto Quest poi=None combat=False
[11:13:38.867] [D] [Pulse] Slow bot root: 367ms bot=Wholesome Auto Quest poi=None combat=False
[11:13:39.335] [D] [Pulse] Slow bot root: 368ms bot=Wholesome Auto Quest poi=None combat=False
[11:13:39.802] [D] [Pulse] Slow bot root: 366ms bot=Wholesome Auto Quest poi=None combat=False
[11:13:40.303] [D] [Pulse] Slow bot root: 399ms bot=Wholesome Auto Quest poi=None combat=False
[11:13:40.805] [D] [Pulse] Slow bot root: 400ms bot=Wholesome Auto Quest poi=None combat=False
[11:13:41.273] [D] [Pulse] Slow bot root: 367ms bot=Wholesome Auto Quest poi=None combat=False
[11:13:41.771] [D] [Pulse] Slow bot root: 399ms bot=Wholesome Auto Quest poi=None combat=False
[11:13:42.237] [D] [Pulse] Slow bot root: 366ms bot=Wholesome Auto Quest poi=None combat=False
[11:13:42.703] [D] [Pulse] Slow bot root: 368ms bot=Wholesome Auto Quest poi=None combat=False
[11:13:43.206] [D] [Pulse] Slow bot root: 368ms bot=Wholesome Auto Quest poi=None combat=False
[11:13:43.673] [D] [Pulse] Slow bot root: 368ms bot=Wholesome Auto Quest poi=None combat=False
[11:13:44.148] [D] [Pulse] Slow bot root: 372ms bot=Wholesome Auto Quest poi=None combat=False
[11:13:44.619] [D] [Pulse] Slow bot root: 369ms bot=Wholesome Auto Quest poi=None combat=False
[11:13:45.122] [D] [Pulse] Slow bot root: 402ms bot=Wholesome Auto Quest poi=None combat=False
[11:13:45.591] [D] [Pulse] Slow bot root: 368ms bot=Wholesome Auto Quest poi=None combat=False
[11:13:46.056] [D] [Pulse] Slow bot root: 366ms bot=Wholesome Auto Quest poi=None combat=False
[11:13:46.527] [D] [Pulse] Slow bot root: 370ms bot=Wholesome Auto Quest poi=None combat=False
[11:13:46.992] [D] [Pulse] Slow bot root: 365ms bot=Wholesome Auto Quest poi=None combat=False
[11:13:47.458] [D] [Pulse] Slow bot root: 365ms bot=Wholesome Auto Quest poi=None combat=False
[11:13:47.993] [D] [Pulse] Slow bot root: 401ms bot=Wholesome Auto Quest poi=None combat=False
[11:13:48.127] [D] [Pulse] Slow plugin: name=Tidy Bags 3 Reloaded elapsed=63ms
[11:13:48.529] [D] [Pulse] Slow bot root: 402ms bot=Wholesome Auto Quest poi=None combat=False
[11:13:48.993] [D] [Pulse] Slow bot root: 363ms bot=Wholesome Auto Quest poi=None combat=False
[11:13:49.464] [D] [Pulse] Slow bot root: 370ms bot=Wholesome Auto Quest poi=None combat=False
[11:13:49.932] [D] [Pulse] Slow bot root: 367ms bot=Wholesome Auto Quest poi=None combat=False
[11:13:50.402] [D] [Pulse] Slow bot root: 368ms bot=Wholesome Auto Quest poi=None combat=False
[11:13:50.874] [D] [Pulse] Slow bot root: 369ms bot=Wholesome Auto Quest poi=None combat=False
[11:13:51.344] [D] [Pulse] Slow bot root: 370ms bot=Wholesome Auto Quest poi=None combat=False
[11:13:51.808] [D] [Pulse] Slow bot root: 367ms bot=Wholesome Auto Quest poi=None combat=False
[11:13:52.279] [D] [Pulse] Slow bot root: 370ms bot=Wholesome Auto Quest poi=None combat=False
[11:13:52.744] [D] [Pulse] Slow bot root: 363ms bot=Wholesome Auto Quest poi=None combat=False
[11:13:53.213] [D] [Pulse] Slow bot root: 365ms bot=Wholesome Auto Quest poi=None combat=False
[11:13:53.711] [D] [Pulse] Slow bot root: 364ms bot=Wholesome Auto Quest poi=None combat=False
[11:13:54.180] [D] [Pulse] Slow bot root: 367ms bot=Wholesome Auto Quest poi=None combat=False
[11:13:54.645] [D] [Pulse] Slow bot root: 363ms bot=Wholesome Auto Quest poi=None combat=False
[11:13:55.112] [D] [Pulse] Slow bot root: 367ms bot=Wholesome Auto Quest poi=None combat=False
[11:13:55.579] [D] [Pulse] Slow bot root: 366ms bot=Wholesome Auto Quest poi=None combat=False
[11:13:56.048] [D] [Pulse] Slow bot root: 369ms bot=Wholesome Auto Quest poi=None combat=False
[11:13:56.517] [D] [Pulse] Slow bot root: 367ms bot=Wholesome Auto Quest poi=None combat=False
[11:13:56.984] [D] [Pulse] Slow bot root: 364ms bot=Wholesome Auto Quest poi=None combat=False
[11:13:57.486] [D] [Pulse] Slow bot root: 401ms bot=Wholesome Auto Quest poi=None combat=False
[11:13:57.986] [D] [Pulse] Slow bot root: 398ms bot=Wholesome Auto Quest poi=None combat=False
[11:13:58.455] [D] [Pulse] Slow bot root: 367ms bot=Wholesome Auto Quest poi=None combat=False
[11:13:58.590] [D] [Pulse] Slow plugin: name=Tidy Bags 3 Reloaded elapsed=62ms
[11:13:58.956] [D] [Pulse] Slow bot root: 366ms bot=Wholesome Auto Quest poi=None combat=False
[11:13:59.423] [D] [Pulse] Slow bot root: 365ms bot=Wholesome Auto Quest poi=None combat=False
[11:13:59.890] [D] [Pulse] Slow bot root: 366ms bot=Wholesome Auto Quest poi=None combat=False
[11:14:00.361] [D] [Pulse] Slow bot root: 370ms bot=Wholesome Auto Quest poi=None combat=False
[11:14:00.832] [D] [Pulse] Slow bot root: 368ms bot=Wholesome Auto Quest poi=None combat=False
[11:14:01.297] [D] [Pulse] Slow bot root: 362ms bot=Wholesome Auto Quest poi=None combat=False
[11:14:01.774] [D] [Pulse] Slow bot root: 377ms bot=Wholesome Auto Quest poi=None combat=False
[11:14:02.242] [D] [Pulse] Slow bot root: 365ms bot=Wholesome Auto Quest poi=None combat=False
[11:14:02.713] [D] [Pulse] Slow bot root: 369ms bot=Wholesome Auto Quest poi=None combat=False
[11:14:03.178] [D] [Pulse] Slow bot root: 364ms bot=Wholesome Auto Quest poi=None combat=False
[11:14:03.645] [D] [Pulse] Slow bot root: 364ms bot=Wholesome Auto Quest poi=None combat=False
[11:14:04.145] [D] [Pulse] Slow bot root: 366ms bot=Wholesome Auto Quest poi=None combat=False
[11:14:04.617] [D] [Pulse] Slow bot root: 369ms bot=Wholesome Auto Quest poi=None combat=False
[11:14:05.089] [D] [Pulse] Slow bot root: 370ms bot=Wholesome Auto Quest poi=None combat=False
[11:14:05.592] [D] [Pulse] Slow bot root: 401ms bot=Wholesome Auto Quest poi=None combat=False
[11:14:06.093] [D] [Pulse] Slow bot root: 395ms bot=Wholesome Auto Quest poi=None combat=False
[11:14:06.565] [D] [Pulse] Slow bot root: 370ms bot=Wholesome Auto Quest poi=None combat=False
[11:14:07.032] [D] [Pulse] Slow bot root: 366ms bot=Wholesome Auto Quest poi=None combat=False
[11:14:07.538] [D] [Pulse] Slow bot root: 404ms bot=Wholesome Auto Quest poi=None combat=False
[11:14:08.005] [D] [Pulse] Slow bot root: 366ms bot=Wholesome Auto Quest poi=None combat=False
[11:14:08.510] [D] [Pulse] Slow bot root: 401ms bot=Wholesome Auto Quest poi=None combat=False
[11:14:08.610] [D] [Pulse] Slow plugin: name=Tidy Bags 3 Reloaded elapsed=61ms
[11:14:08.979] [D] [Pulse] Slow bot root: 369ms bot=Wholesome Auto Quest poi=None combat=False
[11:14:09.546] [D] [Pulse] Slow bot root: 432ms bot=Wholesome Auto Quest poi=None combat=False
[11:14:10.049] [D] [Pulse] Slow bot root: 402ms bot=Wholesome Auto Quest poi=None combat=False
[11:14:10.513] [D] [Pulse] Slow bot root: 363ms bot=Wholesome Auto Quest poi=None combat=False
[11:14:10.983] [D] [Pulse] Slow bot root: 369ms bot=Wholesome Auto Quest poi=None combat=False
[11:14:11.450] [D] [Pulse] Slow bot root: 365ms bot=Wholesome Auto Quest poi=None combat=False
[11:14:11.915] [D] [Pulse] Slow bot root: 364ms bot=Wholesome Auto Quest poi=None combat=False
[11:14:12.417] [D] [Pulse] Slow bot root: 402ms bot=Wholesome Auto Quest poi=None combat=False
[11:14:12.916] [D] [Pulse] Slow bot root: 398ms bot=Wholesome Auto Quest poi=None combat=False
[11:14:13.418] [D] [Pulse] Slow bot root: 399ms bot=Wholesome Auto Quest poi=None combat=False
[11:14:13.884] [D] [Pulse] Slow bot root: 364ms bot=Wholesome Auto Quest poi=None combat=False
[11:14:14.353] [D] [Pulse] Slow bot root: 369ms bot=Wholesome Auto Quest poi=None combat=False
[11:14:14.857] [D] [Pulse] Slow bot root: 365ms bot=Wholesome Auto Quest poi=None combat=False
[11:14:15.328] [D] [Pulse] Slow bot root: 368ms bot=Wholesome Auto Quest poi=None combat=False
[11:14:15.796] [D] [Pulse] Slow bot root: 366ms bot=Wholesome Auto Quest poi=None combat=False
[11:14:16.299] [D] [Pulse] Slow bot root: 402ms bot=Wholesome Auto Quest poi=None combat=False
[11:14:16.767] [D] [Pulse] Slow bot root: 366ms bot=Wholesome Auto Quest poi=None combat=False
[11:14:17.233] [D] [Pulse] Slow bot root: 366ms bot=Wholesome Auto Quest poi=None combat=False
[11:14:17.702] [D] [Pulse] Slow bot root: 368ms bot=Wholesome Auto Quest poi=None combat=False
[11:14:18.170] [D] [Pulse] Slow bot root: 333ms bot=Wholesome Auto Quest poi=None combat=False
[11:14:18.606] [D] [Pulse] Slow bot root: 335ms bot=Wholesome Auto Quest poi=None combat=False
[11:14:18.706] [D] [Pulse] Slow plugin: name=Tidy Bags 3 Reloaded elapsed=59ms
[11:14:19.076] [D] [Pulse] Slow bot root: 369ms bot=Wholesome Auto Quest poi=None combat=False
[11:14:19.512] [D] [Pulse] Slow bot root: 336ms bot=Wholesome Auto Quest poi=None combat=False
[11:14:19.981] [D] [Pulse] Slow bot root: 334ms bot=Wholesome Auto Quest poi=None combat=False
[11:14:20.416] [D] [Pulse] Slow bot root: 336ms bot=Wholesome Auto Quest poi=None combat=False
[11:14:20.881] [D] [Pulse] Slow bot root: 366ms bot=Wholesome Auto Quest poi=None combat=False
[11:14:21.316] [D] [Pulse] Slow bot root: 333ms bot=Wholesome Auto Quest poi=None combat=False
[11:14:21.785] [D] [Pulse] Slow bot root: 367ms bot=Wholesome Auto Quest poi=None combat=False
[11:14:22.319] [N] There are 14 hostile mobs near our corpse.
[11:14:22.452] [D] Cleared POI - Reason Switching from unsafe corpse recovery to spirit healer
[11:14:22.452] [D] Cleared POI
[11:14:22.485] [N] [CorpseRecovery] Using existing spirit healer recovery: no safe resurrection point around the corpse.
[11:14:22.485] [D] [Pulse] Slow bot root: 601ms bot=Wholesome Auto Quest poi=None combat=False
[11:14:22.817] [D] [Pulse] Slow bot root: 231ms bot=Wholesome Auto Quest poi=None combat=False
[11:14:23.087] [D] [Pulse] Slow bot root: 168ms bot=Wholesome Auto Quest poi=None combat=False
[11:14:23.354] [D] [Pulse] Slow bot root: 167ms bot=Wholesome Auto Quest poi=None combat=False
[11:14:23.621] [D] [Pulse] Slow bot root: 165ms bot=Wholesome Auto Quest poi=None combat=False
[11:14:23.890] [D] [Pulse] Slow bot root: 167ms bot=Wholesome Auto Quest poi=None combat=False
[11:14:24.156] [D] [Pulse] Slow bot root: 165ms bot=Wholesome Auto Quest poi=None combat=False
[11:14:24.423] [D] [Pulse] Slow bot root: 167ms bot=Wholesome Auto Quest poi=None combat=False
[11:14:24.722] [D] [Pulse] Slow bot root: 196ms bot=Wholesome Auto Quest poi=None combat=False
[11:14:25.026] [D] [Pulse] Slow bot root: 168ms bot=Wholesome Auto Quest poi=None combat=False
[11:14:25.293] [D] [Pulse] Slow bot root: 169ms bot=Wholesome Auto Quest poi=None combat=False
[11:14:25.558] [D] [Pulse] Slow bot root: 162ms bot=Wholesome Auto Quest poi=None combat=False
[11:14:25.826] [D] [Pulse] Slow bot root: 168ms bot=Wholesome Auto Quest poi=None combat=False
[11:14:26.094] [D] [Pulse] Slow bot root: 166ms bot=Wholesome Auto Quest poi=None combat=False
[11:14:26.360] [D] [Pulse] Slow bot root: 166ms bot=Wholesome Auto Quest poi=None combat=False
[11:14:26.627] [D] [Pulse] Slow bot root: 166ms bot=Wholesome Auto Quest poi=None combat=False
[11:14:26.679] [N] Stopping the bot!
[11:14:26.681] [N] Bot stopping! Reason: User request
[11:14:26.681] [D] Exception in GetReturnValues: Thread was interrupted from a waiting state.
[11:14:26.827] [D] [Pulse] Slow bot root: 134ms bot=Wholesome Auto Quest poi=None combat=False
[11:14:26.867] [D] Cleared POI
[11:14:26.868] [D] Worker thread exited cleanly
[11:14:51.083] [N] Changing current bot to: Combat Bot
[11:15:01.215] [D] [Settings] Saved all settings
[11:15:01.216] [N] Starting the bot.
[11:15:01.217] [N] Currently Using BotBase : Combat Bot
[11:15:01.218] [N] Character is a level 31 BloodElf Paladin
[11:15:01.219] [N] Current zone is Thousand Needles
[11:15:01.219] [D] Loading profile from D:\World of Warcraft 3.3.5a\CB\Bots\WholesomeAutoQuest\WHOLESOME_AUTOQUESTER.xml
[11:15:01.220] [D] [CompileBatch] Compiling 1 entries...
[11:15:01.291] [D] [CompileBatch] Compiled successfully.
[11:15:01.291] [N] Profile loaded: WholesomeAQ - Thousand Needles
[11:15:01.733] [D] [QuestLog] Loaded 79 completed quests from Lua fallback
[11:15:01.766] [D] Selected sub-profile: WholesomeAQ - Thousand Needles (L1-80)
[11:15:01.833] [D] Setting CVars: autoSelfCast=1, autoLootDefault=1
[11:15:01.900] [D] Cleared POI
[11:15:01.900] [D] Refresh() called. LastCount=0, CurrentCount=34
[11:15:01.900] [N] Building spell book
[11:15:01.902] [D] Found 34 spells from LocalPlayer.KnownSpells
[11:15:01.902] [N] Adding Arcane Affinity
[11:15:01.903] [N] Adding Arcane Torrent
[11:15:01.904] [N] Adding Auto Attack
[11:15:01.905] [N] Adding Block
[11:15:01.905] [N] Adding Dodge
[11:15:01.906] [N] Adding Magic Resistance
[11:15:01.907] [N] Adding Parry
[11:15:01.908] [N] Adding Blessing of Wisdom
[11:15:01.909] [N] Adding Concentration Aura
[11:15:01.910] [N] Adding Consecration
[11:15:01.910] [N] Adding Exorcism
[11:15:01.911] [N] Adding Flash of Light
[11:15:01.912] [N] Adding Holy Light
[11:15:01.913] [N] Adding Lay on Hands
[11:15:01.914] [N] Adding Purify
[11:15:01.915] [N] Adding Seal of Righteousness
[11:15:01.916] [N] Adding Sense Undead
[11:15:01.916] [N] Adding Turn Evil
[11:15:01.917] [N] Adding Blessing of Kings
[11:15:01.918] [N] Adding Devotion Aura
[11:15:01.919] [N] Adding Divine Protection
[11:15:01.920] [N] Adding Hammer of Justice
[11:15:01.921] [N] Adding Hand of Freedom
[11:15:01.922] [N] Adding Hand of Protection
[11:15:01.923] [N] Adding Hand of Reckoning
[11:15:01.923] [N] Adding Hand of Salvation
[11:15:01.924] [N] Adding Righteous Defense
[11:15:01.925] [N] Adding Righteous Fury
[11:15:01.926] [N] Adding Seal of Justice
[11:15:01.927] [N] Adding Blessing of Might
[11:15:01.928] [N] Adding Judgement of Light
[11:15:01.929] [N] Adding Judgement of Wisdom
[11:15:01.930] [N] Adding Retribution Aura
[11:15:01.930] [N] Adding Seal of Command
[11:15:01.932] [N] Spell book built
[11:15:01.932] [D] [SpellManager] Initialize — subscribed to BotEvents.OnBotStart
[11:15:01.933] [D] Default area costs set (Road=1.0, Ground=1.66)
[11:15:01.933] [D] Faction filter set: Horde (excluding Alliance paths)
[11:15:01.935] [D] Refresh() called. LastCount=0, CurrentCount=34
[11:15:01.935] [N] Building spell book
[11:15:01.936] [D] Found 34 spells from LocalPlayer.KnownSpells
[11:15:01.936] [N] Adding Arcane Affinity
[11:15:01.937] [N] Adding Arcane Torrent
[11:15:01.938] [N] Adding Auto Attack
[11:15:01.939] [N] Adding Block
[11:15:01.940] [N] Adding Dodge
[11:15:01.941] [N] Adding Magic Resistance
[11:15:01.942] [N] Adding Parry
[11:15:01.949] [N] Adding Blessing of Wisdom
[11:15:01.950] [N] Adding Concentration Aura
[11:15:01.951] [N] Adding Consecration
[11:15:01.952] [N] Adding Exorcism
[11:15:01.953] [N] Adding Flash of Light
[11:15:01.954] [N] Adding Holy Light
[11:15:01.955] [N] Adding Lay on Hands
[11:15:01.956] [N] Adding Purify
[11:15:01.957] [N] Adding Seal of Righteousness
[11:15:01.958] [N] Adding Sense Undead
[11:15:01.958] [N] Adding Turn Evil
[11:15:01.959] [N] Adding Blessing of Kings
[11:15:01.960] [N] Adding Devotion Aura
[11:15:01.961] [N] Adding Divine Protection
[11:15:01.962] [N] Adding Hammer of Justice
[11:15:01.963] [N] Adding Hand of Freedom
[11:15:01.964] [N] Adding Hand of Protection
[11:15:01.965] [N] Adding Hand of Reckoning
[11:15:01.966] [N] Adding Hand of Salvation
[11:15:01.967] [N] Adding Righteous Defense
[11:15:01.968] [N] Adding Righteous Fury
[11:15:01.969] [N] Adding Seal of Justice
[11:15:01.970] [N] Adding Blessing of Might
[11:15:01.971] [N] Adding Judgement of Light
[11:15:01.971] [N] Adding Judgement of Wisdom
[11:15:01.972] [N] Adding Retribution Aura
[11:15:01.973] [N] Adding Seal of Command
[11:15:01.974] [N] Spell book built
[11:15:01.976] [D] [SpellManager] Subscribed to LEARNED_SPELL_IN_TAB, ACTIVE_TALENT_GROUP_CHANGED
[11:15:02.082] [D] [Pulse] Slow plugin: name=Tidy Bags 3 Reloaded elapsed=39ms
[11:15:02.117] [N] [Singular] Currect target is invalid. Switching to Grimtotem Geomancer!
[11:15:02.346] [D] [Singular-DEBUG] Switched targets!
[11:15:02.347] [D] [Singular-DEBUG] Melee Distance: 6.5833335
[11:15:02.347] [D] [Singular-DEBUG] Health: 100
[11:15:02.347] [D] [Singular-DEBUG] Level: 26
[11:15:02.612] [N] [Singular] Casting Divine Protection on Myself
[11:15:02.612] [D] Spell_C::CastSpell(498, 0, 0x6000000007EAB80, 0)
[11:15:02.644] [D] [Pulse] Slow bot root: 199ms bot=Combat Bot poi=None combat=True
[11:15:02.979] [N] [Singular] Casting Exorcism on Grimtotem Geomancer
[11:15:02.979] [D] Spell_C::CastSpell(879, 0, 0xF130002A080FEBD4, 0)
[11:15:03.012] [D] [Pulse] Slow bot root: 266ms bot=Combat Bot poi=None combat=True
[11:15:03.313] [D] [Pulse] Slow bot root: 199ms bot=Combat Bot poi=None combat=True
[11:15:05.185] [D] [Pulse] Slow bot root: 300ms bot=Combat Bot poi=None combat=True
[11:15:05.486] [D] [Pulse] Slow bot root: 200ms bot=Combat Bot poi=None combat=True
[11:15:05.820] [D] [Pulse] Slow bot root: 231ms bot=Combat Bot poi=None combat=True
[11:15:06.155] [D] [Pulse] Slow bot root: 236ms bot=Combat Bot poi=None combat=True
[11:15:06.459] [D] [Pulse] Slow bot root: 202ms bot=Combat Bot poi=None combat=True
[11:15:06.791] [D] [Pulse] Slow bot root: 199ms bot=Combat Bot poi=None combat=True
[11:15:07.030] [D] [Pulse] Slow bot root: 138ms bot=Combat Bot poi=None combat=True
[11:15:07.400] [D] [Pulse] Slow bot root: 102ms bot=Combat Bot poi=None combat=True
[11:15:07.769] [D] [Pulse] Slow bot root: 102ms bot=Combat Bot poi=None combat=True
[11:15:08.137] [D] [Pulse] Slow bot root: 102ms bot=Combat Bot poi=None combat=True
[11:15:08.508] [D] [Pulse] Slow bot root: 102ms bot=Combat Bot poi=None combat=True
[11:15:08.876] [D] [Pulse] Slow bot root: 104ms bot=Combat Bot poi=None combat=True
[11:15:09.242] [D] [Pulse] Slow bot root: 101ms bot=Combat Bot poi=None combat=True
[11:15:09.611] [D] [Pulse] Slow bot root: 102ms bot=Combat Bot poi=None combat=True
[11:15:10.349] [D] [Pulse] Slow bot root: 102ms bot=Combat Bot poi=None combat=True
[11:15:10.717] [D] [Pulse] Slow bot root: 100ms bot=Combat Bot poi=None combat=True
[11:15:12.183] [D] [Pulse] Slow plugin: name=Tidy Bags 3 Reloaded elapsed=61ms
[11:15:12.285] [D] [Pulse] Slow bot root: 102ms bot=Combat Bot poi=None combat=True
[11:15:15.029] [N] [Singular] Casting Blessing of Kings on Myself
[11:15:15.029] [D] Spell_C::CastSpell(20217, 0, 0x6000000007EAB80, 0)
[11:15:16.666] [N] [Singular] Casting Seal of Righteousness on Myself
[11:15:16.666] [D] Spell_C::CastSpell(21084, 0, 0x6000000007EAB80, 0)
[11:15:22.266] [D] [Pulse] Slow plugin: name=AutoEquip2 elapsed=134ms
[11:15:32.286] [D] [Pulse] Slow plugin: name=AutoEquip2 elapsed=76ms
[11:15:32.309] [D] [Pulse] Slow plugin: name=Tidy Bags 3 Reloaded elapsed=21ms
[11:15:41.041] [N] [Singular] Currect target is invalid. Switching to Grimtotem Stomper!
[11:15:41.380] [D] [Singular-DEBUG] Switched targets!
[11:15:41.380] [D] [Singular-DEBUG] Melee Distance: 6.5833335
[11:15:41.380] [D] [Singular-DEBUG] Health: 100
[11:15:41.380] [D] [Singular-DEBUG] Level: 27
[11:15:41.495] [N] [Singular] Casting Judgement of Light on Grimtotem Stomper
[11:15:41.495] [D] Spell_C::CastSpell(20271, 0, 0xF130002A070FEB9C, 0)
[11:15:41.775] [N] [Singular] Casting Judgement of Light on Grimtotem Stomper
[11:15:41.775] [D] Spell_C::CastSpell(20271, 0, 0xF130002A070FEB9C, 0)
[11:15:43.013] [N] [Singular] Casting Exorcism on Grimtotem Stomper
[11:15:43.013] [D] Spell_C::CastSpell(879, 0, 0xF130002A070FEB9C, 0)
[11:15:49.834] [N] [Singular] Casting Judgement of Light on Grimtotem Stomper
[11:15:49.834] [D] Spell_C::CastSpell(20271, 0, 0xF130002A070FEB9C, 0)
[11:15:50.503] [D] [Pulse] Slow bot root: 185ms bot=Combat Bot poi=None combat=True
[11:15:52.311] [D] [Pulse] Slow plugin: name=AutoEquip2 elapsed=61ms
[11:15:52.778] [D] [Singular-DEBUG] Switched targets!
[11:15:52.778] [D] [Singular-DEBUG] Melee Distance: 6.5833335
[11:15:52.778] [D] [Singular-DEBUG] Health: 0
[11:15:52.778] [D] [Singular-DEBUG] Level: 27
[11:16:02.353] [D] [Pulse] Slow plugin: name=AutoEquip2 elapsed=58ms
[11:16:12.391] [D] [Pulse] Slow plugin: name=AutoEquip2 elapsed=52ms
[11:16:12.848] [D] [Pulse] Slow plugin: name=Tidy Bags 3 Reloaded elapsed=62ms
[11:16:16.449] [N] Stopping the bot!
[11:16:16.451] [N] Bot stopping! Reason: User request
[11:16:16.452] [D] Exception in GetReturnValues: Thread was interrupted from a waiting state.
[11:16:16.453] [D] Cleared POI
[11:16:16.453] [D] Worker thread exited cleanly
[11:16:18.893] [N] Changing current bot to: Wholesome Auto Quest
[11:16:19.834] [D] [Settings] Saved all settings
[11:16:19.834] [N] Starting the bot.
[11:16:19.835] [N] Currently Using BotBase : Wholesome Auto Quest
[11:16:19.836] [N] Character is a level 31 BloodElf Paladin
[11:16:19.838] [N] Current zone is Thousand Needles
[11:16:19.838] [D] Loading profile from D:\World of Warcraft 3.3.5a\CB\Bots\WholesomeAutoQuest\WHOLESOME_AUTOQUESTER.xml
[11:16:19.838] [D] [CompileBatch] Compiling 1 entries...
[11:16:19.908] [D] [CompileBatch] Compiled successfully.
[11:16:19.908] [N] Profile loaded: WholesomeAQ - Thousand Needles
[11:16:20.339] [D] [QuestLog] Loaded 79 completed quests from Lua fallback
[11:16:20.373] [D] Selected sub-profile: WholesomeAQ - Thousand Needles (L1-80)
[11:16:20.440] [N] [Wholesome Auto Quest] Loaded 3 blacklisted vendors
[11:16:20.473] [D] [ProfileBatchManager] Batch reset for new profile session.
[11:16:20.473] [N] [Wholesome Auto Quest] Class Paladin → PullDistance set to 24
[11:16:20.475] [N] [Wholesome Auto Quest] Initial scheduler build.
[11:16:21.106] [D] Activity: No eligible quest work; idle until 2026-09-12T04:00:23.0459783Z. quest-log-full=25/25; deferred new pickups while retaining accepted quest work. excluded quest=1062;stage=TurnIn;npc=4049;reason=outside-scan-radius;retry=context-change excluded quest=1069;stage=Objective;objective=0;reason=outside-scan-radius;retry=context-change. excluded quest=1087;stage=Objective;objective=2;reason=outside-scan-radius;retry=context-change. excluded quest=1093;stage=Objective;scope=Objective;objective=0;retry=2026-09-12T04:00:23.0459783Z;state=HalfOpen. excluded quest=4841;stage=TurnIn;npc=10537;reason=outside-scan-radius;retry=context-change excluded quest=4921;stage=Objective;objective=0;reason=outside-scan-radius;retry=context-change. excluded quest=5147;stage=Objective;scope=Objective;objective=0;retry=2026-09-12T04:00:23.0459783Z;state=HalfOpen. excluded quest=6382;stage=TurnIn;npc=12696;reason=outside-scan-radius;retry=context-change excluded quest=6393;stage=Objective;scope=Objective;objective=0;retry=2026-09-12T04:00:23.0459783Z;state=HalfOpen. excluded quest=6441;stage=Objective;scope=Objective;objective=0;retry=2026-09-12T04:00:23.0459783Z;state=HalfOpen. excluded quest=6461;stage=TurnIn;npc=12816;reason=outside-scan-radius;retry=context-change excluded quest=6543;stage=Objective;scope=Objective;objective=0;retry=2026-09-12T04:00:23.0459783Z;state=HalfOpen. excluded quest=846;stage=Objective;scope=Objective;objective=0;retry=2026-09-12T08:00:20.3981060Z;state=Quarantined. excluded quest=846;stage=Objective;scope=Objective;objective=1;retry=2026-09-12T08:00:20.4032154Z;state=Quarantined. excluded quest=846;stage=Objective;scope=Objective;objective=2;retry=2026-09-12T08:00:20.4032904Z;state=Quarantined. excluded quest=8487;stage=TurnIn;scope=QuestStage;retry=2026-09-12T04:00:23.0459783Z;state=HalfOpen. excluded quest=867;stage=Objective;scope=Objective;objective=0;retry=2026-09-12T08:00:20.4052045Z;state=Quarantined. excluded quest=868;stage=TurnIn;npc=3428;reason=outside-scan-radius;retry=context-change excluded quest=879;stage=Objective;scope=Objective;objective=0;retry=2026-09-12T08:00:20.4113339Z;state=Quarantined. excluded quest=879;stage=Objective;scope=Objective;objective=1;retry=2026-09-12T08:00:20.4113858Z;state=Quarantined. excluded quest=879;stage=Objective;scope=Objective;objective=2;retry=2026-09-12T09:00:23.0435238Z;state=Quarantined. excluded quest=8889;stage=Objective;objective=0;reason=outside-scan-radius;retry=context-change. excluded quest=8889;stage=Objective;objective=1;reason=outside-scan-radius;retry=context-change. excluded quest=8889;stage=Objective;objective=2;reason=outside-scan-radius;retry=context-change. excluded quest=891;stage=Objective;scope=QuestStage;retry=2026-09-12T04:00:23.0459783Z;state=HalfOpen. excluded quest=893;stage=Objective;scope=Objective;objective=0;retry=2026-09-12T09:00:23.0476089Z;state=Quarantined. excluded quest=893;stage=Objective;scope=Objective;objective=1;retry=2026-09-12T09:00:23.0476695Z;state=Quarantined. excluded quest=893;stage=Objective;scope=Objective;objective=2;retry=2026-09-12T09:00:23.0477631Z;state=Quarantined. excluded quest=896;stage=Objective;scope=Objective;objective=0;retry=2026-09-12T09:00:23.0478360Z;state=Quarantined. excluded quest=9067;stage=Objective;scope=Objective;objective=0;retry=2026-09-12T04:00:23.0459783Z;state=HalfOpen. excluded quest=9157;stage=TurnIn;scope=QuestStage;retry=2026-09-12T04:00:23.0459783Z;state=HalfOpen. excluded quest=9431;stage=Objective;scope=Objective;objective=0;retry=2026-09-12T04:00:23.0459783Z;state=HalfOpen. Expanding scan radius from 250 to 500 yards before fallback.
[11:16:21.106] [N] [Wholesome Auto Quest] Started with quest data loaded.
[11:16:21.171] [D] Setting CVars: autoSelfCast=1, autoLootDefault=1
[11:16:21.238] [D] Cleared POI
[11:16:21.238] [D] Refresh() called. LastCount=0, CurrentCount=34
[11:16:21.238] [N] Building spell book
[11:16:21.246] [D] Found 34 spells from LocalPlayer.KnownSpells
[11:16:21.246] [N] Adding Arcane Affinity
[11:16:21.247] [N] Adding Arcane Torrent
[11:16:21.249] [N] Adding Auto Attack
[11:16:21.250] [N] Adding Block
[11:16:21.251] [N] Adding Dodge
[11:16:21.252] [N] Adding Magic Resistance
[11:16:21.253] [N] Adding Parry
[11:16:21.254] [N] Adding Blessing of Wisdom
[11:16:21.255] [N] Adding Concentration Aura
[11:16:21.257] [N] Adding Consecration
[11:16:21.258] [N] Adding Exorcism
[11:16:21.259] [N] Adding Flash of Light
[11:16:21.260] [N] Adding Holy Light
[11:16:21.261] [N] Adding Lay on Hands
[11:16:21.262] [N] Adding Purify
[11:16:21.264] [N] Adding Seal of Righteousness
[11:16:21.265] [N] Adding Sense Undead
[11:16:21.266] [N] Adding Turn Evil
[11:16:21.267] [N] Adding Blessing of Kings
[11:16:21.268] [N] Adding Devotion Aura
[11:16:21.269] [N] Adding Divine Protection
[11:16:21.270] [N] Adding Hammer of Justice
[11:16:21.272] [N] Adding Hand of Freedom
[11:16:21.273] [N] Adding Hand of Protection
[11:16:21.274] [N] Adding Hand of Reckoning
[11:16:21.275] [N] Adding Hand of Salvation
[11:16:21.276] [N] Adding Righteous Defense
[11:16:21.277] [N] Adding Righteous Fury
[11:16:21.279] [N] Adding Seal of Justice
[11:16:21.280] [N] Adding Blessing of Might
[11:16:21.281] [N] Adding Judgement of Light
[11:16:21.282] [N] Adding Judgement of Wisdom
[11:16:21.283] [N] Adding Retribution Aura
[11:16:21.285] [N] Adding Seal of Command
[11:16:21.286] [N] Spell book built
[11:16:21.287] [D] [SpellManager] Initialize — subscribed to BotEvents.OnBotStart
[11:16:21.287] [D] Default area costs set (Road=1.0, Ground=1.66)
[11:16:21.287] [D] Faction filter set: Horde (excluding Alliance paths)
[11:16:21.288] [D] Refresh() called. LastCount=0, CurrentCount=34
[11:16:21.288] [N] Building spell book
[11:16:21.289] [D] Found 34 spells from LocalPlayer.KnownSpells
[11:16:21.289] [N] Adding Arcane Affinity
[11:16:21.290] [N] Adding Arcane Torrent
[11:16:21.291] [N] Adding Auto Attack
[11:16:21.293] [N] Adding Block
[11:16:21.294] [N] Adding Dodge
[11:16:21.295] [N] Adding Magic Resistance
[11:16:21.296] [N] Adding Parry
[11:16:21.297] [N] Adding Blessing of Wisdom
[11:16:21.298] [N] Adding Concentration Aura
[11:16:21.300] [N] Adding Consecration
[11:16:21.301] [N] Adding Exorcism
[11:16:21.302] [N] Adding Flash of Light
[11:16:21.303] [N] Adding Holy Light
[11:16:21.307] [N] Adding Lay on Hands
[11:16:21.309] [N] Adding Purify
[11:16:21.310] [N] Adding Seal of Righteousness
[11:16:21.312] [N] Adding Sense Undead
[11:16:21.313] [N] Adding Turn Evil
[11:16:21.314] [N] Adding Blessing of Kings
[11:16:21.315] [N] Adding Devotion Aura
[11:16:21.317] [N] Adding Divine Protection
[11:16:21.318] [N] Adding Hammer of Justice
[11:16:21.319] [N] Adding Hand of Freedom
[11:16:21.320] [N] Adding Hand of Protection
[11:16:21.322] [N] Adding Hand of Reckoning
[11:16:21.323] [N] Adding Hand of Salvation
[11:16:21.325] [N] Adding Righteous Defense
[11:16:21.326] [N] Adding Righteous Fury
[11:16:21.328] [N] Adding Seal of Justice
[11:16:21.329] [N] Adding Blessing of Might
[11:16:21.330] [N] Adding Judgement of Light
[11:16:21.331] [N] Adding Judgement of Wisdom
[11:16:21.333] [N] Adding Retribution Aura
[11:16:21.334] [N] Adding Seal of Command
[11:16:21.335] [N] Spell book built
[11:16:21.336] [D] [SpellManager] Subscribed to LEARNED_SPELL_IN_TAB, ACTIVE_TALENT_GROUP_CHANGED
[11:16:21.337] [D] Refresh() called. LastCount=0, CurrentCount=34
[11:16:21.337] [N] Building spell book
[11:16:21.338] [D] Found 34 spells from LocalPlayer.KnownSpells
[11:16:21.338] [N] Adding Arcane Affinity
[11:16:21.339] [N] Adding Arcane Torrent
[11:16:21.341] [N] Adding Auto Attack
[11:16:21.342] [N] Adding Block
[11:16:21.343] [N] Adding Dodge
[11:16:21.344] [N] Adding Magic Resistance
[11:16:21.345] [N] Adding Parry
[11:16:21.347] [N] Adding Blessing of Wisdom
[11:16:21.348] [N] Adding Concentration Aura
[11:16:21.349] [N] Adding Consecration
[11:16:21.350] [N] Adding Exorcism
[11:16:21.352] [N] Adding Flash of Light
[11:16:21.354] [N] Adding Holy Light
[11:16:21.355] [N] Adding Lay on Hands
[11:16:21.356] [N] Adding Purify
[11:16:21.357] [N] Adding Seal of Righteousness
[11:16:21.359] [N] Adding Sense Undead
[11:16:21.360] [N] Adding Turn Evil
[11:16:21.361] [N] Adding Blessing of Kings
[11:16:21.362] [N] Adding Devotion Aura
[11:16:21.364] [N] Adding Divine Protection
[11:16:21.365] [N] Adding Hammer of Justice
[11:16:21.366] [N] Adding Hand of Freedom
[11:16:21.367] [N] Adding Hand of Protection
[11:16:21.369] [N] Adding Hand of Reckoning
[11:16:21.370] [N] Adding Hand of Salvation
[11:16:21.371] [N] Adding Righteous Defense
[11:16:21.372] [N] Adding Righteous Fury
[11:16:21.374] [N] Adding Seal of Justice
[11:16:21.375] [N] Adding Blessing of Might
[11:16:21.376] [N] Adding Judgement of Light
[11:16:21.378] [N] Adding Judgement of Wisdom
[11:16:21.379] [N] Adding Retribution Aura
[11:16:21.380] [N] Adding Seal of Command
[11:16:21.382] [N] Spell book built
[11:16:21.383] [D] [SpellManager] Subscribed to LEARNED_SPELL_IN_TAB, ACTIVE_TALENT_GROUP_CHANGED
[11:16:22.110] [D] Activity: No eligible quest work; idle until 2026-09-12T04:00:23.0459783Z. quest-log-full=25/25; deferred new pickups while retaining accepted quest work. excluded quest=1062;stage=TurnIn;npc=4049;reason=outside-scan-radius;retry=context-change excluded quest=1069;stage=Objective;objective=0;reason=outside-scan-radius;retry=context-change. excluded quest=1087;stage=Objective;objective=2;reason=outside-scan-radius;retry=context-change. excluded quest=1093;stage=Objective;scope=Objective;objective=0;retry=2026-09-12T04:00:23.0459783Z;state=HalfOpen. excluded quest=4841;stage=TurnIn;npc=10537;reason=outside-scan-radius;retry=context-change excluded quest=4921;stage=Objective;objective=0;reason=outside-scan-radius;retry=context-change. excluded quest=5147;stage=Objective;scope=Objective;objective=0;retry=2026-09-12T04:00:23.0459783Z;state=HalfOpen. excluded quest=6382;stage=TurnIn;npc=12696;reason=outside-scan-radius;retry=context-change excluded quest=6393;stage=Objective;scope=Objective;objective=0;retry=2026-09-12T04:00:23.0459783Z;state=HalfOpen. excluded quest=6441;stage=Objective;scope=Objective;objective=0;retry=2026-09-12T04:00:23.0459783Z;state=HalfOpen. excluded quest=6461;stage=TurnIn;npc=12816;reason=outside-scan-radius;retry=context-change excluded quest=6543;stage=Objective;scope=Objective;objective=0;retry=2026-09-12T04:00:23.0459783Z;state=HalfOpen. excluded quest=846;stage=Objective;scope=Objective;objective=0;retry=2026-09-12T08:00:20.3981060Z;state=Quarantined. excluded quest=846;stage=Objective;scope=Objective;objective=1;retry=2026-09-12T08:00:20.4032154Z;state=Quarantined. excluded quest=846;stage=Objective;scope=Objective;objective=2;retry=2026-09-12T08:00:20.4032904Z;state=Quarantined. excluded quest=8487;stage=TurnIn;scope=QuestStage;retry=2026-09-12T04:00:23.0459783Z;state=HalfOpen. excluded quest=867;stage=Objective;scope=Objective;objective=0;retry=2026-09-12T08:00:20.4052045Z;state=Quarantined. excluded quest=868;stage=TurnIn;npc=3428;reason=outside-scan-radius;retry=context-change excluded quest=879;stage=Objective;scope=Objective;objective=0;retry=2026-09-12T08:00:20.4113339Z;state=Quarantined. excluded quest=879;stage=Objective;scope=Objective;objective=1;retry=2026-09-12T08:00:20.4113858Z;state=Quarantined. excluded quest=879;stage=Objective;scope=Objective;objective=2;retry=2026-09-12T09:00:23.0435238Z;state=Quarantined. excluded quest=8889;stage=Objective;objective=0;reason=outside-scan-radius;retry=context-change. excluded quest=8889;stage=Objective;objective=1;reason=outside-scan-radius;retry=context-change. excluded quest=8889;stage=Objective;objective=2;reason=outside-scan-radius;retry=context-change. excluded quest=891;stage=Objective;scope=QuestStage;retry=2026-09-12T04:00:23.0459783Z;state=HalfOpen. excluded quest=893;stage=Objective;scope=Objective;objective=0;retry=2026-09-12T09:00:23.0476089Z;state=Quarantined. excluded quest=893;stage=Objective;scope=Objective;objective=1;retry=2026-09-12T09:00:23.0476695Z;state=Quarantined. excluded quest=893;stage=Objective;scope=Objective;objective=2;retry=2026-09-12T09:00:23.0477631Z;state=Quarantined. excluded quest=896;stage=Objective;scope=Objective;objective=0;retry=2026-09-12T09:00:23.0478360Z;state=Quarantined. excluded quest=9067;stage=Objective;scope=Objective;objective=0;retry=2026-09-12T04:00:23.0459783Z;state=HalfOpen. excluded quest=9157;stage=TurnIn;scope=QuestStage;retry=2026-09-12T04:00:23.0459783Z;state=HalfOpen. excluded quest=9431;stage=Objective;scope=Objective;objective=0;retry=2026-09-12T04:00:23.0459783Z;state=HalfOpen. Expanding scan radius from 500 to 750 yards before fallback.
[11:16:23.014] [D] [Pulse] Slow plugin: name=AutoEquip2 elapsed=298ms
[11:16:23.081] [D] [Pulse] Slow plugin: name=Tidy Bags 3 Reloaded elapsed=65ms
[11:16:23.082] [D] [Pulse] Slow shared pulse: total=400ms movement=0 objects=0 lua=0 info=0 loot=1 targeting=33 events=0 plugins=365 routine=0
[11:16:23.719] [D] Activity: No eligible quest work; idle until 2026-09-12T04:00:23.0459783Z. quest-log-full=25/25; deferred new pickups while retaining accepted quest work. excluded quest=1062;stage=TurnIn;npc=4049;reason=outside-scan-radius;retry=context-change excluded quest=1069;stage=Objective;objective=0;reason=outside-scan-radius;retry=context-change. excluded quest=1087;stage=Objective;objective=2;reason=outside-scan-radius;retry=context-change. excluded quest=1093;stage=Objective;scope=Objective;objective=0;retry=2026-09-12T04:00:23.0459783Z;state=HalfOpen. excluded quest=4841;stage=TurnIn;npc=10537;reason=outside-scan-radius;retry=context-change excluded quest=4921;stage=Objective;objective=0;reason=outside-scan-radius;retry=context-change. excluded quest=5147;stage=Objective;scope=Objective;objective=0;retry=2026-09-12T04:00:23.0459783Z;state=HalfOpen. excluded quest=6382;stage=TurnIn;npc=12696;reason=outside-scan-radius;retry=context-change excluded quest=6393;stage=Objective;scope=Objective;objective=0;retry=2026-09-12T04:00:23.0459783Z;state=HalfOpen. excluded quest=6441;stage=Objective;scope=Objective;objective=0;retry=2026-09-12T04:00:23.0459783Z;state=HalfOpen. excluded quest=6461;stage=TurnIn;npc=12816;reason=outside-scan-radius;retry=context-change excluded quest=6543;stage=Objective;scope=Objective;objective=0;retry=2026-09-12T04:00:23.0459783Z;state=HalfOpen. excluded quest=846;stage=Objective;scope=Objective;objective=0;retry=2026-09-12T08:00:20.3981060Z;state=Quarantined. excluded quest=846;stage=Objective;scope=Objective;objective=1;retry=2026-09-12T08:00:20.4032154Z;state=Quarantined. excluded quest=846;stage=Objective;scope=Objective;objective=2;retry=2026-09-12T08:00:20.4032904Z;state=Quarantined. excluded quest=8487;stage=TurnIn;scope=QuestStage;retry=2026-09-12T04:00:23.0459783Z;state=HalfOpen. excluded quest=867;stage=Objective;scope=Objective;objective=0;retry=2026-09-12T08:00:20.4052045Z;state=Quarantined. excluded quest=868;stage=TurnIn;npc=3428;reason=outside-scan-radius;retry=context-change excluded quest=879;stage=Objective;scope=Objective;objective=0;retry=2026-09-12T08:00:20.4113339Z;state=Quarantined. excluded quest=879;stage=Objective;scope=Objective;objective=1;retry=2026-09-12T08:00:20.4113858Z;state=Quarantined. excluded quest=879;stage=Objective;scope=Objective;objective=2;retry=2026-09-12T09:00:23.0435238Z;state=Quarantined. excluded quest=8889;stage=Objective;objective=0;reason=outside-scan-radius;retry=context-change. excluded quest=8889;stage=Objective;objective=1;reason=outside-scan-radius;retry=context-change. excluded quest=8889;stage=Objective;objective=2;reason=outside-scan-radius;retry=context-change. excluded quest=891;stage=Objective;scope=QuestStage;retry=2026-09-12T04:00:23.0459783Z;state=HalfOpen. excluded quest=893;stage=Objective;scope=Objective;objective=0;retry=2026-09-12T09:00:23.0476089Z;state=Quarantined. excluded quest=893;stage=Objective;scope=Objective;objective=1;retry=2026-09-12T09:00:23.0476695Z;state=Quarantined. excluded quest=893;stage=Objective;scope=Objective;objective=2;retry=2026-09-12T09:00:23.0477631Z;state=Quarantined. excluded quest=896;stage=Objective;scope=Objective;objective=0;retry=2026-09-12T09:00:23.0478360Z;state=Quarantined. excluded quest=9067;stage=Objective;scope=Objective;objective=0;retry=2026-09-12T04:00:23.0459783Z;state=HalfOpen. excluded quest=9157;stage=TurnIn;scope=QuestStage;retry=2026-09-12T04:00:23.0459783Z;state=HalfOpen. excluded quest=9431;stage=Objective;scope=Objective;objective=0;retry=2026-09-12T04:00:23.0459783Z;state=HalfOpen. Expanding scan radius from 750 to 1000 yards before fallback.
[11:16:26.052] [D] [Nav] Loaded 386 mesh tiles for one path query
[11:16:26.052] [D] [Nav] Slow path generation: 1031ms map=1 from=(-5045.38, -1807.87, -47.10) to=(-5454.95, -2442.79, 90.30) status=Success
[11:16:26.053] [D] Loading profile from D:\World of Warcraft 3.3.5a\CB\Bots\WholesomeAutoQuest\WHOLESOME_AUTOQUESTER.xml
[11:16:26.054] [D] [CompileBatch] Compiling 1 entries...
[11:16:26.126] [D] [CompileBatch] Compiled successfully.
[11:16:26.126] [N] Profile loaded: WholesomeAQ - Thousand Needles
[11:16:26.154] [D] Selected sub-profile: WholesomeAQ - Thousand Needles (L1-80)
[11:16:26.154] [N] [Wholesome Auto Quest] Profile refreshed - Selected 1 quest work candidate(s). selected quest=4841;stage=TurnIn;state=Eligible. quest-log-full=25/25; deferred new pickups while retaining accepted quest work. excluded quest=1062;stage=TurnIn;npc=4049;reason=outside-scan-radius;retry=context-change excluded quest=1069;stage=Objective;objective=0;reason=outside-scan-radius;retry=context-change. excluded quest=1087;stage=Objective;objective=2;reason=outside-scan-radius;retry=context-change. excluded quest=1093;stage=Objective;scope=Objective;objective=0;retry=2026-09-12T04:00:23.0459783Z;state=HalfOpen. excluded quest=4921;stage=Objective;objective=0;reason=outside-scan-radius;retry=context-change. excluded quest=5147;stage=Objective;scope=Objective;objective=0;retry=2026-09-12T04:00:23.0459783Z;state=HalfOpen. excluded quest=6382;stage=TurnIn;npc=12696;reason=outside-scan-radius;retry=context-change excluded quest=6393;stage=Objective;scope=Objective;objective=0;retry=2026-09-12T04:00:23.0459783Z;state=HalfOpen. excluded quest=6441;stage=Objective;scope=Objective;objective=0;retry=2026-09-12T04:00:23.0459783Z;state=HalfOpen. excluded quest=6461;stage=TurnIn;npc=12816;reason=outside-scan-radius;retry=context-change excluded quest=6543;stage=Objective;scope=Objective;objective=0;retry=2026-09-12T04:00:23.0459783Z;state=HalfOpen. excluded quest=846;stage=Objective;scope=Objective;objective=0;retry=2026-09-12T08:00:20.3981060Z;state=Quarantined. excluded quest=846;stage=Objective;scope=Objective;objective=1;retry=2026-09-12T08:00:20.4032154Z;state=Quarantined. excluded quest=846;stage=Objective;scope=Objective;objective=2;retry=2026-09-12T08:00:20.4032904Z;state=Quarantined. excluded quest=8487;stage=TurnIn;scope=QuestStage;retry=2026-09-12T04:00:23.0459783Z;state=HalfOpen. excluded quest=867;stage=Objective;scope=Objective;objective=0;retry=2026-09-12T08:00:20.4052045Z;state=Quarantined. excluded quest=868;stage=TurnIn;npc=3428;reason=outside-scan-radius;retry=context-change excluded quest=879;stage=Objective;scope=Objective;objective=0;retry=2026-09-12T08:00:20.4113339Z;state=Quarantined. excluded quest=879;stage=Objective;scope=Objective;objective=1;retry=2026-09-12T08:00:20.4113858Z;state=Quarantined. excluded quest=879;stage=Objective;scope=Objective;objective=2;retry=2026-09-12T09:00:23.0435238Z;state=Quarantined. excluded quest=8889;stage=Objective;objective=0;reason=outside-scan-radius;retry=context-change. excluded quest=8889;stage=Objective;objective=1;reason=outside-scan-radius;retry=context-change. excluded quest=8889;stage=Objective;objective=2;reason=outside-scan-radius;retry=context-change. excluded quest=891;stage=Objective;scope=QuestStage;retry=2026-09-12T04:00:23.0459783Z;state=HalfOpen. excluded quest=893;stage=Objective;scope=Objective;objective=0;retry=2026-09-12T09:00:23.0476089Z;state=Quarantined. excluded quest=893;stage=Objective;scope=Objective;objective=1;retry=2026-09-12T09:00:23.0476695Z;state=Quarantined. excluded quest=893;stage=Objective;scope=Objective;objective=2;retry=2026-09-12T09:00:23.0477631Z;state=Quarantined. excluded quest=896;stage=Objective;scope=Objective;objective=0;retry=2026-09-12T09:00:23.0478360Z;state=Quarantined. excluded quest=9067;stage=Objective;scope=Objective;objective=0;retry=2026-09-12T04:00:23.0459783Z;state=HalfOpen. excluded quest=9157;stage=TurnIn;scope=QuestStage;retry=2026-09-12T04:00:23.0459783Z;state=HalfOpen. excluded quest=9431;stage=Objective;scope=Objective;objective=0;retry=2026-09-12T04:00:23.0459783Z;state=HalfOpen.
[11:16:26.903] [D] [If] Condition is true, executing If body
[11:16:26.932] [N] [TurnIn] Turning in Pacify the Centaur
[11:16:26.932] [D] Goal: Turning in Pacify the Centaur
[11:16:26.934] [D] Changed POI to: Type: QuestTurnIn, Name: Cliffwatcher Longhorn, Guid: 0, Entry: 10537, Location: (-5454.95, -2442.79, 90.30)
[11:16:26.934] [D] [Pulse] Slow bot root: 208ms bot=Wholesome Auto Quest poi=QuestTurnIn combat=False
[11:16:27.804] [N] Moving to Type: QuestTurnIn, Name: Cliffwatcher Longhorn, Guid: 0, Entry: 10537, Location: (-5454.95, -2442.79, 90.30)
[11:16:28.126] [N] Mounting: 35022
[11:16:31.280] [D] [Pulse] Slow bot root: 3618ms bot=Wholesome Auto Quest poi=QuestTurnIn combat=False
[11:16:32.218] [D] [Pulse] Slow bot root: 234ms bot=Wholesome Auto Quest poi=QuestTurnIn combat=False
[11:16:33.217] [D] [Pulse] Slow bot root: 232ms bot=Wholesome Auto Quest poi=QuestTurnIn combat=False
[11:16:33.555] [D] [Pulse] Slow plugin: name=AutoEquip2 elapsed=300ms
[11:16:33.622] [D] [Pulse] Slow plugin: name=Tidy Bags 3 Reloaded elapsed=64ms
[11:16:33.622] [D] [Pulse] Slow shared pulse: total=404ms movement=0 objects=0 lua=0 info=0 loot=1 targeting=35 events=0 plugins=367 routine=0
[11:16:34.494] [D] [Pulse] Slow bot root: 268ms bot=Wholesome Auto Quest poi=QuestTurnIn combat=False
[11:16:35.435] [D] [Pulse] Slow bot root: 239ms bot=Wholesome Auto Quest poi=QuestTurnIn combat=False
[11:16:36.408] [D] [Pulse] Slow bot root: 269ms bot=Wholesome Auto Quest poi=QuestTurnIn combat=False
[11:16:37.344] [D] [Pulse] Slow bot root: 232ms bot=Wholesome Auto Quest poi=QuestTurnIn combat=False
[11:16:38.345] [D] [Pulse] Slow bot root: 270ms bot=Wholesome Auto Quest poi=QuestTurnIn combat=False
[11:16:39.278] [D] [Pulse] Slow bot root: 233ms bot=Wholesome Auto Quest poi=QuestTurnIn combat=False
[11:16:40.217] [D] [Pulse] Slow bot root: 235ms bot=Wholesome Auto Quest poi=QuestTurnIn combat=False
[11:16:41.188] [D] [Pulse] Slow bot root: 266ms bot=Wholesome Auto Quest poi=QuestTurnIn combat=False
[11:16:42.125] [D] [Pulse] Slow bot root: 232ms bot=Wholesome Auto Quest poi=QuestTurnIn combat=False
[11:16:43.100] [D] [Pulse] Slow bot root: 268ms bot=Wholesome Auto Quest poi=QuestTurnIn combat=False
[11:16:44.073] [D] [Pulse] Slow bot root: 234ms bot=Wholesome Auto Quest poi=QuestTurnIn combat=False
[11:16:44.410] [D] [Pulse] Slow plugin: name=AutoEquip2 elapsed=299ms
[11:16:44.474] [D] [Pulse] Slow plugin: name=Tidy Bags 3 Reloaded elapsed=63ms
[11:16:44.474] [D] [Pulse] Slow shared pulse: total=401ms movement=0 objects=0 lua=0 info=0 loot=0 targeting=35 events=0 plugins=364 routine=0
[11:16:45.345] [D] [Pulse] Slow bot root: 268ms bot=Wholesome Auto Quest poi=QuestTurnIn combat=False
[11:16:46.586] [N] Loading 1_46_31
[11:16:46.586] [N] Loading 1_53_39
[11:16:46.586] [N] Loading 1_52_42
[11:16:46.615] [D] [Pulse] Slow bot root: 571ms bot=Wholesome Auto Quest poi=QuestTurnIn combat=False
[11:16:47.553] [D] [Pulse] Slow bot root: 234ms bot=Wholesome Auto Quest poi=QuestTurnIn combat=False
[11:16:48.491] [D] [Pulse] Slow bot root: 235ms bot=Wholesome Auto Quest poi=QuestTurnIn combat=False
[11:16:49.463] [D] [Pulse] Slow bot root: 238ms bot=Wholesome Auto Quest poi=QuestTurnIn combat=False
[11:16:50.396] [D] [Pulse] Slow bot root: 232ms bot=Wholesome Auto Quest poi=QuestTurnIn combat=False
[11:16:51.330] [D] [Pulse] Slow bot root: 233ms bot=Wholesome Auto Quest poi=QuestTurnIn combat=False
[11:16:52.267] [D] [Pulse] Slow bot root: 235ms bot=Wholesome Auto Quest poi=QuestTurnIn combat=False
[11:16:53.206] [D] [Pulse] Slow bot root: 234ms bot=Wholesome Auto Quest poi=QuestTurnIn combat=False
[11:16:54.138] [D] [Pulse] Slow bot root: 235ms bot=Wholesome Auto Quest poi=QuestTurnIn combat=False
[11:16:54.509] [D] [Pulse] Slow plugin: name=AutoEquip2 elapsed=302ms
[11:16:54.574] [D] [Pulse] Slow plugin: name=Tidy Bags 3 Reloaded elapsed=64ms
[11:16:54.575] [D] [Pulse] Slow shared pulse: total=436ms movement=0 objects=0 lua=39 info=0 loot=0 targeting=28 events=0 plugins=367 routine=0
[11:16:55.442] [D] [Pulse] Slow bot root: 264ms bot=Wholesome Auto Quest poi=QuestTurnIn combat=False
[11:16:56.410] [D] [Pulse] Slow bot root: 266ms bot=Wholesome Auto Quest poi=QuestTurnIn combat=False
[11:16:57.384] [D] [Pulse] Slow bot root: 269ms bot=Wholesome Auto Quest poi=QuestTurnIn combat=False
[11:16:58.322] [D] [Pulse] Slow bot root: 235ms bot=Wholesome Auto Quest poi=QuestTurnIn combat=False
[11:16:59.266] [D] [Pulse] Slow bot root: 236ms bot=Wholesome Auto Quest poi=QuestTurnIn combat=False
[11:17:00.271] [D] [Pulse] Slow bot root: 267ms bot=Wholesome Auto Quest poi=QuestTurnIn combat=False
[11:17:01.204] [D] [Pulse] Slow bot root: 231ms bot=Wholesome Auto Quest poi=QuestTurnIn combat=False
[11:17:02.500] [N] Loading 1_46_30
[11:17:02.501] [N] Loading 1_53_40
[11:17:02.501] [N] Loading 1_44_29
[11:17:02.501] [N] Loading 1_53_38
[11:17:02.501] [N] Loading 1_45_29
[11:17:02.517] [D] [Pulse] Slow bot root: 604ms bot=Wholesome Auto Quest poi=QuestTurnIn combat=False
[11:17:03.489] [D] [Pulse] Slow bot root: 234ms bot=Wholesome Auto Quest poi=QuestTurnIn combat=False
[11:17:04.427] [D] [Pulse] Slow bot root: 235ms bot=Wholesome Auto Quest poi=QuestTurnIn combat=False
[11:17:04.797] [D] [Pulse] Slow plugin: name=AutoEquip2 elapsed=299ms
[11:17:04.863] [D] [Pulse] Slow plugin: name=Tidy Bags 3 Reloaded elapsed=64ms
[11:17:04.863] [D] [Pulse] Slow shared pulse: total=436ms movement=0 objects=0 lua=32 info=0 loot=0 targeting=36 events=0 plugins=365 routine=0
[11:17:05.733] [D] [Pulse] Slow bot root: 266ms bot=Wholesome Auto Quest poi=QuestTurnIn combat=False
[11:17:06.670] [D] [Pulse] Slow bot root: 234ms bot=Wholesome Auto Quest poi=QuestTurnIn combat=False
[11:17:07.604] [D] [Pulse] Slow bot root: 233ms bot=Wholesome Auto Quest poi=QuestTurnIn combat=False
[11:17:08.578] [D] [Pulse] Slow bot root: 234ms bot=Wholesome Auto Quest poi=QuestTurnIn combat=False
[11:17:09.536] [D] [Pulse] Slow bot root: 235ms bot=Wholesome Auto Quest poi=QuestTurnIn combat=True
[11:17:10.505] [D] [Pulse] Slow bot root: 233ms bot=Wholesome Auto Quest poi=QuestTurnIn combat=True
[11:17:11.436] [D] [Pulse] Slow bot root: 235ms bot=Wholesome Auto Quest poi=QuestTurnIn combat=True
[11:17:11.535] [D] [Singular-DEBUG] Switched targets!
[11:17:11.535] [D] [Singular-DEBUG] Melee Distance: 5
[11:17:11.535] [D] [Singular-DEBUG] Health: 100
[11:17:11.535] [D] [Singular-DEBUG] Level: 28
[11:17:12.370] [D] [Pulse] Slow bot root: 234ms bot=Wholesome Auto Quest poi=QuestTurnIn combat=True
[11:17:13.210] [D] Dismount for attacker.
[11:17:13.210] [D] Stop and dismount. Reason: Combat
[11:17:13.244] [D] [Pulse] Slow bot root: 168ms bot=Wholesome Auto Quest poi=QuestTurnIn combat=True
[11:17:14.143] [D] [Pulse] Slow bot root: 198ms bot=Wholesome Auto Quest poi=QuestTurnIn combat=True
[11:17:15.113] [N] [Singular] Casting Judgement of Light on Needles Cougar
[11:17:15.113] [D] Spell_C::CastSpell(20271, 0, 0xF13000101C0FE83F, 0)
[11:17:15.149] [D] [Pulse] Slow bot root: 302ms bot=Wholesome Auto Quest poi=QuestTurnIn combat=True
[11:17:15.283] [D] [Pulse] Slow plugin: name=Tidy Bags 3 Reloaded elapsed=61ms
[11:17:16.123] [D] [Pulse] Slow bot root: 236ms bot=Wholesome Auto Quest poi=QuestTurnIn combat=True
[11:17:17.058] [N] [Singular] Casting Exorcism on Needles Cougar
[11:17:17.058] [D] Spell_C::CastSpell(879, 0, 0xF13000101C0FE83F, 0)
[11:17:17.092] [D] [Pulse] Slow bot root: 263ms bot=Wholesome Auto Quest poi=QuestTurnIn combat=True
[11:17:17.960] [D] [Pulse] Slow bot root: 166ms bot=Wholesome Auto Quest poi=QuestTurnIn combat=True
[11:17:18.828] [D] [Pulse] Slow bot root: 168ms bot=Wholesome Auto Quest poi=QuestTurnIn combat=True
[11:17:19.694] [D] [Pulse] Slow bot root: 166ms bot=Wholesome Auto Quest poi=QuestTurnIn combat=True
[11:17:20.663] [N] [Singular] Casting Consecration on Needles Cougar
[11:17:20.663] [D] Spell_C::CastSpell(26573, 0, 0xF13000101C0FE83F, 0)
[11:17:20.696] [D] [Pulse] Slow bot root: 301ms bot=Wholesome Auto Quest poi=QuestTurnIn combat=True
[11:17:21.297] [D] [QuestLog] Loaded 79 completed quests from Lua fallback
[11:17:22.096] [D] [Pulse] Slow bot root: 200ms bot=Wholesome Auto Quest poi=QuestTurnIn combat=True
[11:17:22.967] [D] [Pulse] Slow bot root: 173ms bot=Wholesome Auto Quest poi=QuestTurnIn combat=True
[11:17:23.903] [N] [Singular] Casting Judgement of Light on Needles Cougar
[11:17:23.903] [D] Spell_C::CastSpell(20271, 0, 0xF13000101C0FE83F, 0)
[11:17:23.938] [D] [Pulse] Slow bot root: 270ms bot=Wholesome Auto Quest poi=QuestTurnIn combat=True
[11:17:24.837] [D] [Pulse] Slow bot root: 201ms bot=Wholesome Auto Quest poi=QuestTurnIn combat=True
[11:17:25.710] [D] [Pulse] Slow bot root: 174ms bot=Wholesome Auto Quest poi=QuestTurnIn combat=True
[11:17:25.839] [D] [Pulse] Slow plugin: name=Tidy Bags 3 Reloaded elapsed=59ms
[11:17:26.611] [D] [Pulse] Slow bot root: 172ms bot=Wholesome Auto Quest poi=QuestTurnIn combat=True
[11:17:27.836] [N] [Singular] Currect target is invalid. Switching to Gravelsnout Forager!
[11:17:27.836] [D] [Pulse] Slow bot root: 530ms bot=Wholesome Auto Quest poi=QuestTurnIn combat=True
[11:17:27.936] [D] [Singular-DEBUG] Switched targets!
[11:17:27.936] [D] [Singular-DEBUG] Melee Distance: 5
[11:17:27.936] [D] [Singular-DEBUG] Health: 83.115338882283
[11:17:27.936] [D] [Singular-DEBUG] Level: 27
[11:17:28.742] [D] [Pulse] Slow bot root: 205ms bot=Wholesome Auto Quest poi=QuestTurnIn combat=True
[11:17:29.612] [D] [Pulse] Slow bot root: 171ms bot=Wholesome Auto Quest poi=QuestTurnIn combat=True
[11:17:30.485] [D] [Pulse] Slow bot root: 174ms bot=Wholesome Auto Quest poi=QuestTurnIn combat=True
[11:17:31.356] [D] [Pulse] Slow bot root: 172ms bot=Wholesome Auto Quest poi=QuestTurnIn combat=True
[11:17:32.314] [N] [Singular] Casting Judgement of Light on Gravelsnout Forager
[11:17:32.314] [D] Spell_C::CastSpell(20271, 0, 0xF1300010120FEACE, 0)
[11:17:32.348] [D] [Pulse] Slow bot root: 266ms bot=Wholesome Auto Quest poi=QuestTurnIn combat=True
[11:17:33.251] [D] [Pulse] Slow bot root: 202ms bot=Wholesome Auto Quest poi=QuestTurnIn combat=True
[11:17:34.152] [D] [Pulse] Slow bot root: 171ms bot=Wholesome Auto Quest poi=QuestTurnIn combat=True
[11:17:35.079] [N] [Singular] Casting Exorcism on Gravelsnout Forager
[11:17:35.079] [D] Spell_C::CastSpell(879, 0, 0xF1300010120FEACE, 0)
[11:17:35.112] [D] [Pulse] Slow bot root: 251ms bot=Wholesome Auto Quest poi=QuestTurnIn combat=True
[11:17:35.983] [D] [Pulse] Slow bot root: 167ms bot=Wholesome Auto Quest poi=QuestTurnIn combat=True
[11:17:36.085] [D] [Pulse] Slow plugin: name=Tidy Bags 3 Reloaded elapsed=61ms
[11:17:36.852] [D] [Pulse] Slow bot root: 165ms bot=Wholesome Auto Quest poi=QuestTurnIn combat=True
[11:17:37.763] [D] [Pulse] Slow bot root: 172ms bot=Wholesome Auto Quest poi=QuestTurnIn combat=True
[11:17:38.662] [D] [Pulse] Slow bot root: 200ms bot=Wholesome Auto Quest poi=QuestTurnIn combat=True
[11:17:38.797] [N] Facing wrong way, rotating
[11:17:39.536] [N] [Singular] Currect target is invalid. Switching to Needles Cougar!
[11:17:39.572] [D] [Pulse] Slow bot root: 169ms bot=Wholesome Auto Quest poi=QuestTurnIn combat=True
[11:17:40.368] [D] [Singular-DEBUG] Switched targets!
[11:17:40.368] [D] [Singular-DEBUG] Melee Distance: 5
[11:17:40.368] [D] [Singular-DEBUG] Health: 67.18192627824018
[11:17:40.368] [D] [Singular-DEBUG] Level: 27
[11:17:41.168] [D] [Pulse] Slow bot root: 201ms bot=Wholesome Auto Quest poi=QuestTurnIn combat=True
[11:17:42.140] [N] [Singular] Casting Judgement of Light on Needles Cougar
[11:17:42.140] [D] Spell_C::CastSpell(20271, 0, 0xF13000101C0FE850, 0)
[11:17:42.174] [D] [Pulse] Slow bot root: 300ms bot=Wholesome Auto Quest poi=QuestTurnIn combat=True
[11:17:43.142] [D] [Pulse] Slow bot root: 238ms bot=Wholesome Auto Quest poi=QuestTurnIn combat=True
[11:17:44.020] [D] [Pulse] Slow bot root: 173ms bot=Wholesome Auto Quest poi=QuestTurnIn combat=True
[11:17:44.893] [D] [Pulse] Slow bot root: 174ms bot=Wholesome Auto Quest poi=QuestTurnIn combat=True
[11:17:45.761] [D] [Pulse] Slow bot root: 170ms bot=Wholesome Auto Quest poi=QuestTurnIn combat=True
[11:17:46.631] [D] [Pulse] Slow bot root: 171ms bot=Wholesome Auto Quest poi=QuestTurnIn combat=True
[11:17:46.726] [D] [Pulse] Slow plugin: name=Tidy Bags 3 Reloaded elapsed=62ms
[11:17:47.499] [D] [Pulse] Slow bot root: 172ms bot=Wholesome Auto Quest poi=QuestTurnIn combat=True
[11:17:48.400] [D] [Pulse] Slow bot root: 173ms bot=Wholesome Auto Quest poi=QuestTurnIn combat=True
[11:17:49.271] [D] [Pulse] Slow bot root: 173ms bot=Wholesome Auto Quest poi=QuestTurnIn combat=True
[11:17:49.398] [N] Facing wrong way, rotating
[11:17:50.173] [D] [Pulse] Slow bot root: 172ms bot=Wholesome Auto Quest poi=QuestTurnIn combat=True
[11:17:51.103] [N] [Singular] Casting Judgement of Light on Needles Cougar
[11:17:51.103] [D] Spell_C::CastSpell(20271, 0, 0xF13000101C0FE850, 0)
[11:17:51.138] [D] [Pulse] Slow bot root: 269ms bot=Wholesome Auto Quest poi=QuestTurnIn combat=True
[11:17:52.277] [N] Mounting: 34769
[11:17:55.484] [N] Loading 1_42_38
[11:17:55.484] [N] Loading 1_41_38
[11:17:55.484] [N] Loading 1_41_33
[11:17:55.484] [N] Loading 1_43_38
[11:17:55.484] [N] Loading 1_40_33
[11:17:55.484] [N] Loading 1_42_39
[11:17:55.484] [N] Loading 1_39_36
[11:17:55.484] [N] Loading 1_43_39
[11:17:55.484] [N] Loading 1_39_34
[11:17:55.484] [N] Loading 1_39_35
[11:17:55.484] [N] Loading 1_39_33
[11:17:55.484] [N] Loading 1_41_39
[11:17:55.484] [N] Loading 1_44_38
[11:17:55.484] [N] Loading 1_44_37
[11:17:55.484] [N] Loading 1_44_39
[11:17:55.484] [N] Loading 1_40_32
[11:17:55.484] [N] Loading 1_42_40
[11:17:55.484] [N] Loading 1_39_32
[11:17:55.484] [N] Loading 1_43_40
[11:17:55.484] [N] Loading 1_38_35
[11:17:55.484] [N] Loading 1_38_36
[11:17:55.484] [N] Loading 1_41_32
[11:17:55.484] [N] Loading 1_44_40
[11:17:55.484] [N] Loading 1_38_34
[11:17:55.484] [N] Loading 1_45_38
[11:17:55.484] [N] Loading 1_45_39
[11:17:55.484] [N] Loading 1_40_31
[11:17:55.484] [N] Loading 1_39_31
[11:17:55.484] [N] Loading 1_39_37
[11:17:55.484] [N] Loading 1_38_37
[11:17:55.484] [N] Loading 1_37_35
[11:17:55.484] [N] Loading 1_37_36
[11:17:55.484] [N] Loading 1_41_31
[11:17:55.484] [N] Loading 1_40_37
[11:17:55.484] [N] Loading 1_45_37
[11:17:55.484] [N] Loading 1_39_38
[11:17:55.484] [N] Loading 1_46_38
[11:17:55.484] [N] Loading 1_38_38
[11:17:55.484] [N] Loading 1_46_39
[11:17:55.484] [N] Loading 1_37_34
[11:17:55.484] [N] Loading 1_40_38
[11:17:55.484] [N] Loading 1_37_37
[11:17:55.484] [N] Loading 1_45_40
[11:17:55.484] [N] Loading 1_44_36
[11:17:55.484] [N] Loading 1_45_36
[11:17:55.484] [N] Loading 1_39_30
[11:17:55.484] [N] Loading 1_40_30
[11:17:55.484] [N] Loading 1_38_31
[11:17:55.484] [N] Loading 1_46_37
[11:17:55.484] [N] Loading 1_41_30
[11:17:55.484] [N] Loading 1_36_35
[11:17:55.484] [N] Loading 1_42_31
[11:17:55.484] [N] Loading 1_36_36
[11:17:55.484] [N] Loading 1_38_32
[11:17:55.484] [N] Loading 1_37_38
[11:17:55.484] [N] Loading 1_42_32
[11:17:55.484] [N] Loading 1_46_40
[11:17:55.484] [N] Loading 1_46_36
[11:17:55.484] [N] Loading 1_39_39
[11:17:55.484] [N] Loading 1_42_30
[11:17:55.484] [N] Loading 1_40_39
[11:17:55.484] [N] Loading 1_38_39
[11:17:55.484] [N] Loading 1_47_38
[11:17:55.484] [N] Loading 1_47_39
[11:17:55.484] [N] Loading 1_36_37
[11:17:55.484] [N] Loading 1_45_41
[11:17:55.484] [N] Loading 1_44_41
[11:17:55.484] [N] Loading 1_36_34
[11:17:55.484] [N] Loading 1_47_37
[11:17:55.484] [N] Loading 1_40_29
[11:17:55.484] [N] Loading 1_36_38
[11:17:55.484] [N] Loading 1_35_36
[11:17:55.484] [N] Loading 1_35_35
[11:17:55.484] [N] Loading 1_46_41
[11:17:55.484] [N] Loading 1_47_40
[11:17:55.484] [N] Loading 1_37_39
[11:17:55.484] [N] Loading 1_41_29
[11:17:55.484] [N] Loading 1_47_36
[11:17:55.484] [N] Loading 1_35_34
[11:17:55.484] [N] Loading 1_43_41
[11:17:55.484] [N] Loading 1_35_37
[11:17:55.484] [N] Loading 1_39_40
[11:17:55.484] [N] Loading 1_40_40
[11:17:55.484] [N] Loading 1_48_38
[11:17:55.484] [N] Loading 1_48_39
[11:17:55.484] [N] Loading 1_36_39
[11:17:55.484] [N] Loading 1_36_33
[11:17:55.484] [N] Loading 1_38_40
[11:17:55.484] [N] Loading 1_48_37
[11:17:55.484] [N] Loading 1_46_35
[11:17:55.484] [N] Loading 1_37_33
[11:17:55.484] [N] Loading 1_47_35
[11:17:55.484] [N] Loading 1_37_40
[11:17:55.484] [N] Loading 1_42_29
[11:17:55.484] [N] Loading 1_34_36
[11:17:55.484] [N] Loading 1_48_40
[11:17:55.484] [N] Loading 1_47_41
[11:17:55.484] [N] Loading 1_45_42
[11:17:55.484] [N] Loading 1_44_42
[11:17:55.484] [N] Loading 1_35_38
[11:17:55.484] [N] Loading 1_34_35
[11:17:55.484] [N] Loading 1_35_33
[11:17:55.484] [N] Loading 1_41_28
[11:17:55.484] [N] Loading 1_40_28
[11:17:55.484] [N] Loading 1_48_36
[11:17:55.484] [N] Loading 1_39_29
[11:17:55.484] [N] Loading 1_34_37
[11:17:55.484] [N] Loading 1_46_42
[11:17:55.484] [N] Loading 1_34_34
[11:17:55.484] [N] Loading 1_43_42
[11:17:55.484] [N] Loading 1_36_40
[11:17:55.484] [N] Loading 1_36_32
[11:17:55.484] [N] Loading 1_42_28
[11:17:55.484] [N] Loading 1_37_32
[11:17:55.484] [N] Loading 1_49_38
[11:17:55.484] [N] Loading 1_49_39
[11:17:55.484] [N] Loading 1_42_41
[11:17:55.484] [N] Loading 1_48_35
[11:17:55.484] [N] Loading 1_48_41
[11:17:55.484] [N] Loading 1_35_39
[11:17:55.484] [N] Loading 1_47_42
[11:17:55.484] [N] Loading 1_39_41
[11:17:55.484] [N] Loading 1_49_37
[11:17:55.484] [N] Loading 1_43_30
[11:17:55.484] [N] Loading 1_35_32
[11:17:55.484] [N] Loading 1_43_29
[11:17:55.484] [N] Loading 1_34_38
[11:17:55.484] [N] Loading 1_38_41
[11:17:55.484] [N] Loading 1_49_40
[11:17:55.484] [N] Loading 1_49_36
[11:17:55.484] [N] Loading 1_33_36
[11:17:55.484] [N] Loading 1_34_33
[11:17:55.484] [N] Loading 1_33_35
[11:17:55.484] [N] Loading 1_40_41
[11:17:55.484] [N] Loading 1_38_30
[11:17:55.484] [N] Loading 1_38_29
[11:17:55.484] [N] Loading 1_43_28
[11:17:55.484] [N] Loading 1_40_27
[11:17:55.484] [N] Loading 1_35_40
[11:17:55.484] [N] Loading 1_33_37
[11:17:55.484] [N] Loading 1_41_27
[11:17:55.484] [N] Loading 1_36_31
[11:17:55.484] [N] Loading 1_37_31
[11:17:55.484] [N] Loading 1_37_41
[11:17:55.484] [N] Loading 1_45_35
[11:17:55.484] [N] Loading 1_42_42
[11:17:55.484] [N] Loading 1_33_34
[11:17:55.484] [N] Loading 1_34_32
[11:17:55.484] [N] Loading 1_49_35
[11:17:55.484] [N] Loading 1_50_38
[11:17:55.484] [N] Loading 1_50_39
[11:17:55.484] [N] Loading 1_45_43
[11:17:55.485] [N] Loading 1_39_28
[11:17:55.485] [N] Loading 1_33_38
[11:17:55.485] [N] Loading 1_44_43
[11:17:55.485] [N] Loading 1_35_31
[11:17:55.485] [N] Loading 1_49_41
[11:17:55.485] [N] Loading 1_46_34
[11:17:55.485] [N] Loading 1_34_39
[11:17:55.485] [N] Loading 1_44_35
[11:17:55.485] [N] Loading 1_48_42
[11:17:55.485] [N] Loading 1_50_37
[11:17:55.485] [N] Loading 1_45_34
[11:17:55.485] [N] Loading 1_36_41
[11:17:55.485] [N] Loading 1_39_27
[11:17:55.485] [N] Loading 1_41_41
[11:17:55.485] [N] Loading 1_47_43
[11:17:55.485] [N] Loading 1_47_34
[11:17:55.485] [N] Loading 1_46_43
[11:17:55.485] [N] Loading 1_42_27
[11:17:55.485] [N] Loading 1_44_34
[11:17:55.485] [N] Loading 1_50_36
[11:17:55.485] [N] Loading 1_32_36
[11:17:55.485] [N] Loading 1_41_40
[11:17:55.485] [N] Loading 1_32_37
[11:17:55.485] [N] Loading 1_33_33
[11:17:55.485] [N] Loading 1_32_35
[11:17:55.485] [N] Loading 1_34_31
[11:17:55.485] [N] Loading 1_38_33
[11:17:55.485] [N] Loading 1_38_28
[11:17:55.485] [N] Loading 1_39_42
[11:17:55.485] [N] Loading 1_33_39
[11:17:55.485] [N] Loading 1_32_34
[11:17:55.485] [N] Loading 1_36_30
[11:17:55.485] [N] Loading 1_33_32
[11:17:55.485] [N] Loading 1_40_26
[11:17:55.485] [N] Loading 1_38_42
[11:17:55.485] [N] Loading 1_35_41
[11:17:55.485] [N] Loading 1_46_33
[11:17:55.485] [N] Loading 1_45_33
[11:17:55.485] [N] Loading 1_41_26
[11:17:55.485] [N] Loading 1_38_27
[11:17:55.485] [N] Loading 1_41_42
[11:17:55.485] [N] Loading 1_32_38
[11:17:55.485] [N] Loading 1_34_40
[11:17:55.485] [N] Loading 1_47_33
[11:17:55.485] [N] Loading 1_39_26
[11:17:55.485] [N] Loading 1_44_33
[11:17:55.485] [N] Loading 1_48_43
[11:17:55.485] [N] Loading 1_35_30
[11:17:55.485] [N] Loading 1_40_42
[11:17:55.485] [N] Loading 1_49_42
[11:17:55.485] [N] Loading 1_37_42
[11:17:55.485] [N] Loading 1_43_27
[11:17:55.485] [N] Loading 1_43_33
[11:17:55.485] [N] Loading 1_33_31
[11:17:55.485] [N] Loading 1_32_39
[11:17:55.485] [N] Loading 1_50_40
[11:17:55.485] [N] Loading 1_31_37
[11:17:55.485] [N] Loading 1_42_26
[11:17:55.485] [N] Loading 1_37_28
[11:17:55.485] [N] Loading 1_31_36
[11:17:55.485] [N] Loading 1_32_33
[11:17:55.485] [N] Loading 1_31_35
[11:17:55.485] [N] Loading 1_50_41
[11:17:55.485] [N] Loading 1_37_27
[11:17:55.485] [N] Loading 1_45_32
[11:17:55.485] [N] Loading 1_46_32
[11:17:55.485] [N] Loading 1_31_34
[11:17:55.485] [N] Loading 1_38_26
[11:17:55.485] [N] Loading 1_32_32
[11:17:55.485] [N] Loading 1_44_32
[11:17:55.485] [N] Loading 1_34_30
[11:17:55.485] [N] Loading 1_37_29
[11:17:55.485] [N] Loading 1_34_41
[11:17:55.485] [N] Loading 1_33_40
[11:17:55.485] [N] Loading 1_47_32
[11:17:55.485] [N] Loading 1_36_42
[11:17:55.485] [N] Loading 1_43_26
[11:17:55.485] [N] Loading 1_31_38
[11:17:55.485] [N] Loading 1_31_33
[11:17:55.485] [N] Loading 1_33_30
[11:17:55.485] [N] Loading 1_43_32
[11:17:55.485] [N] Loading 1_39_25
[11:17:55.485] [N] Loading 1_32_31
[11:17:55.485] [N] Loading 1_35_42
[11:17:55.485] [N] Loading 1_37_26
[11:17:55.485] [N] Loading 1_39_43
[11:17:55.485] [N] Loading 1_36_28
[11:17:55.485] [N] Loading 1_50_42
[11:17:55.485] [N] Loading 1_49_43
[11:17:55.485] [N] Loading 1_38_43
[11:17:55.485] [N] Loading 1_30_36
[11:17:55.485] [N] Loading 1_30_37
[11:17:55.485] [N] Loading 1_40_25
[11:17:55.485] [N] Loading 1_36_27
[11:17:55.485] [N] Loading 1_41_25
[11:17:55.485] [N] Loading 1_51_40
[11:17:55.485] [N] Loading 1_51_39
[11:17:55.485] [N] Loading 1_40_43
[11:17:55.485] [N] Loading 1_38_25
[11:17:55.485] [N] Loading 1_31_39
[11:17:55.485] [N] Loading 1_36_29
[11:17:55.485] [N] Loading 1_30_35
[11:17:55.485] [N] Loading 1_44_27
[11:17:55.485] [N] Loading 1_30_34
[11:17:55.485] [N] Loading 1_30_38
[11:17:55.485] [N] Loading 1_31_32
[11:17:55.485] [N] Loading 1_37_43
[11:17:55.485] [N] Loading 1_42_25
[11:17:55.485] [N] Loading 1_33_41
[11:17:55.485] [N] Loading 1_36_26
[11:17:55.485] [N] Loading 1_44_26
[11:17:55.485] [N] Loading 1_32_40
[11:17:55.485] [N] Loading 1_51_38
[11:17:55.485] [N] Loading 1_34_42
[11:17:55.485] [N] Loading 1_31_40
[11:17:55.485] [N] Loading 1_51_41
[11:17:55.485] [N] Loading 1_30_39
[11:17:55.485] [N] Loading 1_36_43
[11:17:55.485] [N] Loading 1_30_33
[11:17:55.485] [N] Loading 1_43_25
[11:17:55.485] [N] Loading 1_29_37
[11:17:55.485] [N] Loading 1_29_36
[11:17:55.485] [N] Loading 1_35_27
[11:17:55.485] [N] Loading 1_40_24
[11:17:55.485] [N] Loading 1_37_25
[11:17:55.485] [N] Loading 1_44_31
[11:17:55.485] [N] Loading 1_41_24
[11:17:55.485] [N] Loading 1_31_31
[11:17:55.485] [N] Loading 1_29_35
[11:17:55.485] [N] Loading 1_35_28
[11:17:55.485] [N] Loading 1_39_24
[11:17:55.485] [N] Loading 1_35_43
[11:17:55.485] [N] Loading 1_52_39
[11:17:55.485] [N] Loading 1_32_41
[11:17:55.485] [N] Loading 1_29_38
[11:17:55.485] [N] Loading 1_29_34
[11:17:55.485] [N] Loading 1_39_44
[11:17:55.485] [N] Loading 1_51_42
[11:17:55.485] [N] Loading 1_30_40
[11:17:55.485] [N] Loading 1_38_24
[11:17:55.485] [N] Loading 1_35_26
[11:17:55.485] [N] Loading 1_42_24
[11:17:55.485] [N] Loading 1_44_25
[11:17:55.485] [N] Loading 1_45_27
[11:17:55.485] [N] Loading 1_35_29
[11:17:55.485] [N] Loading 1_33_42
[11:17:55.485] [N] Loading 1_38_44
[11:17:55.485] [N] Loading 1_52_40
[11:17:55.485] [N] Loading 1_51_37
[11:17:55.485] [N] Loading 1_52_38
[11:17:55.485] [N] Loading 1_31_41
[11:17:55.485] [N] Loading 1_45_31
[11:17:55.485] [N] Loading 1_40_44
[11:17:55.485] [N] Loading 1_29_39
[11:17:55.485] [N] Loading 1_34_27
[11:17:55.485] [N] Loading 1_45_26
[11:17:55.485] [N] Loading 1_34_28
[11:17:55.485] [N] Loading 1_36_25
[11:17:55.485] [N] Loading 1_37_44
[11:17:55.485] [N] Loading 1_28_36
[11:17:55.485] [N] Loading 1_34_43
[11:17:55.485] [N] Loading 1_43_31
[11:17:55.485] [N] Loading 1_30_41
[11:17:55.485] [N] Loading 1_28_35
[11:17:55.485] [N] Loading 1_34_29
[11:17:55.485] [N] Loading 1_34_26
[11:17:55.485] [N] Loading 1_32_42
[11:17:55.485] [N] Loading 1_32_30
[11:17:55.485] [N] Loading 1_31_30
[11:17:55.485] [N] Loading 1_45_25
[11:17:55.485] [N] Loading 1_28_37
[11:17:55.485] [N] Loading 1_44_30
[11:17:55.485] [N] Loading 1_30_31
[11:17:55.485] [N] Loading 1_37_24
[11:17:55.485] [N] Loading 1_52_41
[11:17:55.485] [N] Loading 1_29_40
[11:17:55.485] [N] Loading 1_28_38
[11:17:55.485] [N] Loading 1_33_43
[11:17:55.485] [N] Loading 1_36_44
[11:17:55.485] [N] Loading 1_40_23
[11:17:55.485] [N] Loading 1_45_30
[11:17:55.485] [N] Loading 1_31_42
[11:17:55.485] [N] Loading 1_35_25
[11:17:55.485] [N] Loading 1_52_37
[11:17:55.485] [N] Loading 1_41_23
[11:17:55.485] [N] Loading 1_33_27
[11:17:55.485] [N] Loading 1_33_28
[11:17:55.485] [N] Loading 1_30_30
[11:17:55.485] [N] Loading 1_43_24
[11:17:55.485] [N] Loading 1_33_29
[11:17:55.485] [N] Loading 1_39_23
[11:17:55.485] [N] Loading 1_51_36
[11:17:55.485] [N] Loading 1_28_34
[11:17:55.485] [N] Loading 1_35_44
[11:17:55.485] [N] Loading 1_28_39
[11:17:55.485] [N] Loading 1_42_23
[11:17:55.485] [N] Loading 1_44_24
[11:17:55.485] [N] Loading 1_34_25
[11:17:55.485] [N] Loading 1_46_31
[11:17:55.485] [N] Loading 1_27_36
[11:17:55.485] [N] Loading 1_27_35
[11:17:55.485] [N] Loading 1_53_39
[11:17:55.485] [N] Loading 1_29_41
[11:17:55.485] [N] Loading 1_52_42
[11:17:55.485] [N] Loading 1_33_26
[11:17:55.485] [N] Loading 1_30_42
[11:17:55.485] [N] Loading 1_38_23
[11:17:55.485] [N] Loading 1_27_37
[11:17:55.485] [N] Loading 1_30_32
[11:17:55.485] [N] Loading 1_32_43
[11:17:55.485] [N] Loading 1_36_24
[11:17:55.485] [N] Loading 1_45_24
[11:17:55.485] [N] Loading 1_46_26
[11:17:55.485] [N] Loading 1_29_31
[11:17:55.485] [N] Loading 1_28_40
[11:17:55.485] [N] Loading 1_46_27
[11:17:55.485] [N] Loading 1_32_27
[11:17:55.485] [N] Loading 1_32_28
[11:17:55.485] [N] Loading 1_34_44
[11:17:55.485] [N] Loading 1_29_32
[11:17:55.485] [N] Loading 1_29_30
[11:17:55.485] [N] Loading 1_27_34
[11:17:55.485] [N] Loading 1_46_25
[11:17:55.485] [N] Loading 1_43_23
[11:17:55.485] [N] Loading 1_32_29
[11:17:55.485] [N] Loading 1_29_42
[11:17:55.536] [D] [Pulse] Slow bot root: 3694ms bot=Wholesome Auto Quest poi=QuestTurnIn combat=False
[11:17:56.503] [D] [Pulse] Slow bot root: 235ms bot=Wholesome Auto Quest poi=QuestTurnIn combat=False
[11:17:57.441] [D] [Pulse] Slow bot root: 231ms bot=Wholesome Auto Quest poi=QuestTurnIn combat=False
[11:17:57.774] [D] [Pulse] Slow plugin: name=AutoEquip2 elapsed=295ms
[11:17:57.840] [D] [Pulse] Slow plugin: name=Tidy Bags 3 Reloaded elapsed=64ms
[11:17:57.841] [D] [Pulse] Slow shared pulse: total=399ms movement=0 objects=0 lua=0 info=0 loot=0 targeting=36 events=0 plugins=361 routine=0
[11:17:58.716] [D] [Pulse] Slow bot root: 271ms bot=Wholesome Auto Quest poi=QuestTurnIn combat=False
[11:17:59.683] [D] [Pulse] Slow bot root: 267ms bot=Wholesome Auto Quest poi=QuestTurnIn combat=False
[11:18:00.649] [D] [Pulse] Slow bot root: 266ms bot=Wholesome Auto Quest poi=QuestTurnIn combat=False
[11:18:01.651] [D] [Pulse] Slow bot root: 265ms bot=Wholesome Auto Quest poi=QuestTurnIn combat=False
[11:18:02.619] [D] [Pulse] Slow bot root: 264ms bot=Wholesome Auto Quest poi=QuestTurnIn combat=False
[11:18:03.585] [D] [Pulse] Slow bot root: 268ms bot=Wholesome Auto Quest poi=QuestTurnIn combat=False
[11:18:04.592] [D] [Pulse] Slow bot root: 269ms bot=Wholesome Auto Quest poi=QuestTurnIn combat=False
[11:18:05.559] [D] [Pulse] Slow bot root: 264ms bot=Wholesome Auto Quest poi=QuestTurnIn combat=False
[11:18:06.531] [D] [Pulse] Slow bot root: 268ms bot=Wholesome Auto Quest poi=QuestTurnIn combat=False
[11:18:07.502] [D] [Pulse] Slow bot root: 235ms bot=Wholesome Auto Quest poi=QuestTurnIn combat=False
[11:18:07.836] [D] [Pulse] Slow plugin: name=AutoEquip2 elapsed=295ms
[11:18:07.901] [D] [Pulse] Slow plugin: name=Tidy Bags 3 Reloaded elapsed=63ms
[11:18:07.901] [D] [Pulse] Slow shared pulse: total=399ms movement=0 objects=0 lua=0 info=0 loot=0 targeting=37 events=0 plugins=360 routine=0
[11:18:08.768] [D] [Pulse] Slow bot root: 267ms bot=Wholesome Auto Quest poi=QuestTurnIn combat=False
[11:18:09.741] [D] [Pulse] Slow bot root: 269ms bot=Wholesome Auto Quest poi=QuestTurnIn combat=False
[11:18:10.677] [D] [Pulse] Slow bot root: 234ms bot=Wholesome Auto Quest poi=QuestTurnIn combat=True
[11:18:11.640] [D] [Pulse] Slow bot root: 266ms bot=Wholesome Auto Quest poi=QuestTurnIn combat=True
[11:18:11.773] [D] [Singular-DEBUG] Switched targets!
[11:18:11.773] [D] [Singular-DEBUG] Melee Distance: 5
[11:18:11.773] [D] [Singular-DEBUG] Health: 100
[11:18:11.773] [D] [Singular-DEBUG] Level: 28
[11:18:12.642] [N] [Singular] Casting Hand of Freedom on Myself
[11:18:12.642] [D] Spell_C::CastSpell(1044, 0, 0x6000000007EAB80, 0)
[11:18:12.675] [D] [Pulse] Slow bot root: 301ms bot=Wholesome Auto Quest poi=QuestTurnIn combat=True
[11:18:13.577] [N] [Singular] Casting Divine Protection on Myself
[11:18:13.577] [D] Spell_C::CastSpell(498, 0, 0x6000000007EAB80, 0)
[11:18:13.610] [D] [Pulse] Slow bot root: 234ms bot=Wholesome Auto Quest poi=QuestTurnIn combat=True
[11:18:13.742] [N] Facing wrong way, rotating
[11:18:14.578] [N] [Singular] Casting Judgement of Light on Needles Cougar
[11:18:14.578] [D] Spell_C::CastSpell(20271, 0, 0xF13000101C0FEA51, 0)
[11:18:14.611] [D] [Pulse] Slow bot root: 267ms bot=Wholesome Auto Quest poi=QuestTurnIn combat=True
[11:18:15.610] [D] [Pulse] Slow bot root: 296ms bot=Wholesome Auto Quest poi=QuestTurnIn combat=True
[11:18:16.511] [D] [Pulse] Slow bot root: 200ms bot=Wholesome Auto Quest poi=QuestTurnIn combat=True
[11:18:17.445] [N] [Singular] Casting Exorcism on Needles Cougar
[11:18:17.446] [D] Spell_C::CastSpell(879, 0, 0xF13000101C0FEA51, 0)
[11:18:17.479] [D] [Pulse] Slow bot root: 267ms bot=Wholesome Auto Quest poi=QuestTurnIn combat=True
[11:18:18.385] [D] [Pulse] Slow bot root: 168ms bot=Wholesome Auto Quest poi=QuestTurnIn combat=True
[11:18:18.486] [D] [Pulse] Slow plugin: name=Tidy Bags 3 Reloaded elapsed=61ms
[11:18:19.251] [D] [Pulse] Slow bot root: 165ms bot=Wholesome Auto Quest poi=QuestTurnIn combat=True
[11:18:20.124] [D] [Pulse] Slow bot root: 171ms bot=Wholesome Auto Quest poi=QuestTurnIn combat=True
[11:18:21.025] [D] [Pulse] Slow bot root: 203ms bot=Wholesome Auto Quest poi=QuestTurnIn combat=True
[11:18:21.900] [D] [Pulse] Slow bot root: 172ms bot=Wholesome Auto Quest poi=QuestTurnIn combat=True
[11:18:22.459] [D] [QuestLog] Loaded 79 completed quests from Lua fallback
[11:18:23.298] [N] [Singular] Casting Judgement of Light on Needles Cougar
[11:18:23.298] [D] Spell_C::CastSpell(20271, 0, 0xF13000101C0FEA51, 0)
[11:18:23.333] [D] [Pulse] Slow bot root: 268ms bot=Wholesome Auto Quest poi=QuestTurnIn combat=True
[11:18:24.268] [D] [Pulse] Slow bot root: 201ms bot=Wholesome Auto Quest poi=QuestTurnIn combat=True
[11:18:24.399] [N] Facing wrong way, rotating
[11:18:25.171] [D] [Pulse] Slow bot root: 173ms bot=Wholesome Auto Quest poi=QuestTurnIn combat=True
[11:18:26.311] [N] Mounting: 35022
[11:18:28.789] [D] [Pulse] Slow bot root: 2916ms bot=Wholesome Auto Quest poi=QuestTurnIn combat=False
[11:18:29.156] [D] [Pulse] Slow plugin: name=AutoEquip2 elapsed=294ms
[11:18:29.220] [D] [Pulse] Slow plugin: name=Tidy Bags 3 Reloaded elapsed=63ms
[11:18:29.221] [D] [Pulse] Slow shared pulse: total=431ms movement=0 objects=0 lua=35 info=0 loot=0 targeting=35 events=0 plugins=359 routine=0
[11:18:30.089] [D] [Pulse] Slow bot root: 266ms bot=Wholesome Auto Quest poi=QuestTurnIn combat=False
[11:18:31.022] [D] [Pulse] Slow bot root: 233ms bot=Wholesome Auto Quest poi=QuestTurnIn combat=False
[11:18:31.961] [D] [Pulse] Slow bot root: 232ms bot=Wholesome Auto Quest poi=QuestTurnIn combat=False
[11:18:32.899] [D] [Pulse] Slow bot root: 234ms bot=Wholesome Auto Quest poi=QuestTurnIn combat=False
[11:18:33.835] [D] [Pulse] Slow bot root: 234ms bot=Wholesome Auto Quest poi=QuestTurnIn combat=False
[11:18:34.805] [D] Dismount for attacker.
[11:18:34.805] [D] Stop and dismount. Reason: Near destination
[11:18:34.907] [D] [Pulse] Slow bot root: 303ms bot=Wholesome Auto Quest poi=QuestTurnIn combat=True
[11:18:36.144] [D] [Pulse] Slow bot root: 535ms bot=Wholesome Auto Quest poi=QuestTurnIn combat=True
[11:18:36.245] [D] [Singular-DEBUG] Switched targets!
[11:18:36.245] [D] [Singular-DEBUG] Melee Distance: 5
[11:18:36.245] [D] [Singular-DEBUG] Health: 98.73096446700508
[11:18:36.245] [D] [Singular-DEBUG] Level: 26
[11:18:36.312] [N] Facing wrong way, rotating
[11:18:37.210] [N] [Singular] Casting Judgement of Light on Crag Stalker
[11:18:37.210] [D] Spell_C::CastSpell(20271, 0, 0xF13000101E0F19CC, 0)
[11:18:37.244] [D] [Pulse] Slow bot root: 333ms bot=Wholesome Auto Quest poi=QuestTurnIn combat=True
[11:18:38.313] [D] [Pulse] Slow bot root: 366ms bot=Wholesome Auto Quest poi=QuestTurnIn combat=True
[11:18:39.280] [D] [Pulse] Slow bot root: 266ms bot=Wholesome Auto Quest poi=QuestTurnIn combat=True
[11:18:39.413] [D] [Pulse] Slow plugin: name=Tidy Bags 3 Reloaded elapsed=63ms
[11:18:40.216] [D] [Pulse] Slow bot root: 201ms bot=Wholesome Auto Quest poi=QuestTurnIn combat=True
[11:18:41.113] [N] [Singular] Casting Hand of Freedom on Myself
[11:18:41.114] [D] Spell_C::CastSpell(1044, 0, 0x6000000007EAB80, 0)
[11:18:41.147] [D] [Pulse] Slow bot root: 232ms bot=Wholesome Auto Quest poi=QuestTurnIn combat=True
[11:18:42.051] [D] [Pulse] Slow bot root: 200ms bot=Wholesome Auto Quest poi=QuestTurnIn combat=True
[11:18:42.982] [N] [Singular] Casting Exorcism on Crag Stalker
[11:18:42.982] [D] Spell_C::CastSpell(879, 0, 0xF13000101E0F19CC, 0)
[11:18:43.016] [D] [Pulse] Slow bot root: 265ms bot=Wholesome Auto Quest poi=QuestTurnIn combat=True
[11:18:43.883] [D] [Pulse] Slow bot root: 167ms bot=Wholesome Auto Quest poi=QuestTurnIn combat=True
[11:18:44.754] [D] [Pulse] Slow bot root: 168ms bot=Wholesome Auto Quest poi=QuestTurnIn combat=True
[11:18:45.725] [N] [Singular] Casting Judgement of Light on Crag Stalker
[11:18:45.725] [D] Spell_C::CastSpell(20271, 0, 0xF13000101E0F19CC, 0)
[11:18:45.758] [D] [Pulse] Slow bot root: 268ms bot=Wholesome Auto Quest poi=QuestTurnIn combat=True
[11:18:46.695] [D] [Pulse] Slow bot root: 236ms bot=Wholesome Auto Quest poi=QuestTurnIn combat=True
[11:18:46.829] [N] Facing wrong way, rotating
[11:18:47.600] [D] [Pulse] Slow bot root: 168ms bot=Wholesome Auto Quest poi=QuestTurnIn combat=True
[11:18:48.469] [D] [Pulse] Slow bot root: 174ms bot=Wholesome Auto Quest poi=QuestTurnIn combat=True
[11:18:49.600] [N] Mounting: 35022
[11:18:52.116] [D] [Nav] Loaded 16 mesh tiles for one path query
[11:18:52.116] [D] [MeshNavigator] Skipped 2 path nodes
[11:18:52.183] [D] [Pulse] Slow bot root: 3016ms bot=Wholesome Auto Quest poi=QuestTurnIn combat=False
[11:18:52.554] [D] [Pulse] Slow plugin: name=AutoEquip2 elapsed=299ms
[11:18:52.621] [D] [Pulse] Slow plugin: name=Tidy Bags 3 Reloaded elapsed=65ms
[11:18:52.621] [D] [Pulse] Slow shared pulse: total=438ms movement=0 objects=0 lua=34 info=0 loot=0 targeting=36 events=0 plugins=366 routine=0
[11:18:52.688] [N] Drinking Sweet Nectar
[11:18:52.822] [N] [Wholesome Auto Quest] Rest: HP=64% MP=22% — paused (drank)
[11:19:02.565] [D] [Pulse] Slow plugin: name=AutoEquip2 elapsed=299ms
[11:19:02.629] [D] [Pulse] Slow plugin: name=Tidy Bags 3 Reloaded elapsed=63ms
[11:19:02.629] [D] [Pulse] Slow shared pulse: total=400ms movement=0 objects=0 lua=0 info=0 loot=0 targeting=35 events=0 plugins=363 routine=0
[11:19:12.664] [D] [Pulse] Slow plugin: name=AutoEquip2 elapsed=298ms
[11:19:12.730] [D] [Pulse] Slow plugin: name=Tidy Bags 3 Reloaded elapsed=64ms
[11:19:12.730] [D] [Pulse] Slow shared pulse: total=401ms movement=0 objects=0 lua=0 info=0 loot=0 targeting=35 events=0 plugins=364 routine=0
[11:19:22.666] [D] [Pulse] Slow plugin: name=AutoEquip2 elapsed=297ms
[11:19:22.734] [D] [Pulse] Slow plugin: name=Tidy Bags 3 Reloaded elapsed=66ms
[11:19:22.734] [D] [Pulse] Slow shared pulse: total=401ms movement=0 objects=0 lua=0 info=0 loot=0 targeting=35 events=0 plugins=365 routine=0
[11:19:23.201] [D] [QuestLog] Loaded 79 completed quests from Lua fallback
[11:19:23.234] [N] [Wholesome Auto Quest] Rest timeout after 30s — resuming
[11:19:24.235] [N] Mounting: 35022
[11:19:26.445] [D] [Pulse] Slow bot root: 2644ms bot=Wholesome Auto Quest poi=QuestTurnIn combat=False
[11:19:27.305] [N] [Wholesome Auto Quest] Manual quest exclusions changed; queuing one scheduler rebuild.
[11:19:27.408] [D] [Pulse] Slow bot root: 263ms bot=Wholesome Auto Quest poi=QuestTurnIn combat=False
[11:19:28.176] [D] Activity: No eligible quest work; idle until 2026-09-12T04:00:23.0459783Z. quest-log-full=25/25; deferred new pickups while retaining accepted quest work. excluded quest=1062;stage=TurnIn;npc=4049;reason=outside-scan-radius;retry=context-change excluded quest=1069;stage=Objective;objective=0;reason=outside-scan-radius;retry=context-change. excluded quest=1087;stage=Objective;objective=2;reason=outside-scan-radius;retry=context-change. excluded quest=1093;stage=Objective;scope=Objective;objective=0;retry=2026-09-12T04:00:23.0459783Z;state=HalfOpen. excluded quest=4841;stage=TurnIn;scope=NpcRelation;npc=10537;retry=context-change;state=Attempting. excluded quest=4921;stage=Objective;objective=0;reason=outside-scan-radius;retry=context-change. excluded quest=5147;stage=Objective;scope=Objective;objective=0;retry=2026-09-12T04:00:23.0459783Z;state=HalfOpen. excluded quest=6382;stage=TurnIn;npc=12696;reason=outside-scan-radius;retry=context-change excluded quest=6393;stage=Objective;scope=Objective;objective=0;retry=2026-09-12T04:00:23.0459783Z;state=HalfOpen. excluded quest=6441;stage=Objective;scope=Objective;objective=0;retry=2026-09-12T04:00:23.0459783Z;state=HalfOpen. excluded quest=6461;stage=TurnIn;npc=12816;reason=outside-scan-radius;retry=context-change excluded quest=6543;stage=Objective;scope=Objective;objective=0;retry=2026-09-12T04:00:23.0459783Z;state=HalfOpen. excluded quest=846;stage=Objective;scope=Objective;objective=0;retry=2026-09-12T08:00:20.3981060Z;state=Quarantined. excluded quest=846;stage=Objective;scope=Objective;objective=1;retry=2026-09-12T08:00:20.4032154Z;state=Quarantined. excluded quest=846;stage=Objective;scope=Objective;objective=2;retry=2026-09-12T08:00:20.4032904Z;state=Quarantined. excluded quest=8487;stage=TurnIn;scope=QuestStage;retry=2026-09-12T04:00:23.0459783Z;state=HalfOpen. excluded quest=867;stage=Objective;scope=Objective;objective=0;retry=2026-09-12T08:00:20.4052045Z;state=Quarantined. excluded quest=868;stage=TurnIn;npc=3428;reason=outside-scan-radius;retry=context-change excluded quest=879;stage=Objective;scope=Objective;objective=0;retry=2026-09-12T08:00:20.4113339Z;state=Quarantined. excluded quest=879;stage=Objective;scope=Objective;objective=1;retry=2026-09-12T08:00:20.4113858Z;state=Quarantined. excluded quest=879;stage=Objective;scope=Objective;objective=2;retry=2026-09-12T09:00:23.0435238Z;state=Quarantined. excluded quest=8889;stage=Objective;objective=0;reason=outside-scan-radius;retry=context-change. excluded quest=8889;stage=Objective;objective=1;reason=outside-scan-radius;retry=context-change. excluded quest=8889;stage=Objective;objective=2;reason=outside-scan-radius;retry=context-change. excluded quest=891;stage=Objective;scope=QuestStage;retry=2026-09-12T04:00:23.0459783Z;state=HalfOpen. excluded quest=893;stage=Objective;scope=Objective;objective=0;retry=2026-09-12T09:00:23.0476089Z;state=Quarantined. excluded quest=893;stage=Objective;scope=Objective;objective=1;retry=2026-09-12T09:00:23.0476695Z;state=Quarantined. excluded quest=893;stage=Objective;scope=Objective;objective=2;retry=2026-09-12T09:00:23.0477631Z;state=Quarantined. excluded quest=896;stage=Objective;scope=Objective;objective=0;retry=2026-09-12T09:00:23.0478360Z;state=Quarantined. excluded quest=9067;stage=Objective;scope=Objective;objective=0;retry=2026-09-12T04:00:23.0459783Z;state=HalfOpen. excluded quest=9157;stage=TurnIn;scope=QuestStage;retry=2026-09-12T04:00:23.0459783Z;state=HalfOpen. excluded quest=9431;stage=Objective;scope=Objective;objective=0;retry=2026-09-12T04:00:23.0459783Z;state=HalfOpen. Expanding scan radius from 250 to 500 yards before fallback.
[11:19:29.581] [D] Activity: No eligible quest work; idle until 2026-09-12T04:00:23.0459783Z. quest-log-full=25/25; deferred new pickups while retaining accepted quest work. excluded quest=1062;stage=TurnIn;npc=4049;reason=outside-scan-radius;retry=context-change excluded quest=1069;stage=Objective;objective=0;reason=outside-scan-radius;retry=context-change. excluded quest=1087;stage=Objective;objective=2;reason=outside-scan-radius;retry=context-change. excluded quest=1093;stage=Objective;scope=Objective;objective=0;retry=2026-09-12T04:00:23.0459783Z;state=HalfOpen. excluded quest=4841;stage=TurnIn;scope=NpcRelation;npc=10537;retry=context-change;state=Attempting. excluded quest=4921;stage=Objective;objective=0;reason=outside-scan-radius;retry=context-change. excluded quest=5147;stage=Objective;scope=Objective;objective=0;retry=2026-09-12T04:00:23.0459783Z;state=HalfOpen. excluded quest=6382;stage=TurnIn;npc=12696;reason=outside-scan-radius;retry=context-change excluded quest=6393;stage=Objective;scope=Objective;objective=0;retry=2026-09-12T04:00:23.0459783Z;state=HalfOpen. excluded quest=6441;stage=Objective;scope=Objective;objective=0;retry=2026-09-12T04:00:23.0459783Z;state=HalfOpen. excluded quest=6461;stage=TurnIn;npc=12816;reason=outside-scan-radius;retry=context-change excluded quest=6543;stage=Objective;scope=Objective;objective=0;retry=2026-09-12T04:00:23.0459783Z;state=HalfOpen. excluded quest=846;stage=Objective;scope=Objective;objective=0;retry=2026-09-12T08:00:20.3981060Z;state=Quarantined. excluded quest=846;stage=Objective;scope=Objective;objective=1;retry=2026-09-12T08:00:20.4032154Z;state=Quarantined. excluded quest=846;stage=Objective;scope=Objective;objective=2;retry=2026-09-12T08:00:20.4032904Z;state=Quarantined. excluded quest=8487;stage=TurnIn;scope=QuestStage;retry=2026-09-12T04:00:23.0459783Z;state=HalfOpen. excluded quest=867;stage=Objective;scope=Objective;objective=0;retry=2026-09-12T08:00:20.4052045Z;state=Quarantined. excluded quest=868;stage=TurnIn;npc=3428;reason=outside-scan-radius;retry=context-change excluded quest=879;stage=Objective;scope=Objective;objective=0;retry=2026-09-12T08:00:20.4113339Z;state=Quarantined. excluded quest=879;stage=Objective;scope=Objective;objective=1;retry=2026-09-12T08:00:20.4113858Z;state=Quarantined. excluded quest=879;stage=Objective;scope=Objective;objective=2;retry=2026-09-12T09:00:23.0435238Z;state=Quarantined. excluded quest=8889;stage=Objective;objective=0;reason=outside-scan-radius;retry=context-change. excluded quest=8889;stage=Objective;objective=1;reason=outside-scan-radius;retry=context-change. excluded quest=8889;stage=Objective;objective=2;reason=outside-scan-radius;retry=context-change. excluded quest=891;stage=Objective;scope=QuestStage;retry=2026-09-12T04:00:23.0459783Z;state=HalfOpen. excluded quest=893;stage=Objective;scope=Objective;objective=0;retry=2026-09-12T09:00:23.0476089Z;state=Quarantined. excluded quest=893;stage=Objective;scope=Objective;objective=1;retry=2026-09-12T09:00:23.0476695Z;state=Quarantined. excluded quest=893;stage=Objective;scope=Objective;objective=2;retry=2026-09-12T09:00:23.0477631Z;state=Quarantined. excluded quest=896;stage=Objective;scope=Objective;objective=0;retry=2026-09-12T09:00:23.0478360Z;state=Quarantined. excluded quest=9067;stage=Objective;scope=Objective;objective=0;retry=2026-09-12T04:00:23.0459783Z;state=HalfOpen. excluded quest=9157;stage=TurnIn;scope=QuestStage;retry=2026-09-12T04:00:23.0459783Z;state=HalfOpen. excluded quest=9431;stage=Objective;scope=Objective;objective=0;retry=2026-09-12T04:00:23.0459783Z;state=HalfOpen. Expanding scan radius from 500 to 750 yards before fallback.
[11:19:31.017] [D] [Singular-DEBUG] Switched targets!
[11:19:31.017] [D] [Singular-DEBUG] Melee Distance: 5
[11:19:31.017] [D] [Singular-DEBUG] Health: 98.73096446700508
[11:19:31.017] [D] [Singular-DEBUG] Level: 26
[11:19:33.215] [D] [Pulse] Slow plugin: name=Tidy Bags 3 Reloaded elapsed=60ms
[11:19:39.105] [D] Activity: No eligible quest work; idle until 2026-09-12T04:00:23.0459783Z. quest-log-full=25/25; deferred new pickups while retaining accepted quest work. excluded quest=1062;stage=TurnIn;npc=4049;reason=outside-scan-radius;retry=context-change excluded quest=1069;stage=Objective;objective=0;reason=outside-scan-radius;retry=context-change. excluded quest=1087;stage=Objective;objective=2;reason=outside-scan-radius;retry=context-change. excluded quest=1093;stage=Objective;scope=Objective;objective=0;retry=2026-09-12T04:00:23.0459783Z;state=HalfOpen. excluded quest=4841;stage=TurnIn;scope=NpcRelation;npc=10537;retry=context-change;state=Attempting. excluded quest=4921;stage=Objective;objective=0;reason=outside-scan-radius;retry=context-change. excluded quest=5147;stage=Objective;scope=Objective;objective=0;retry=2026-09-12T04:00:23.0459783Z;state=HalfOpen. excluded quest=6382;stage=TurnIn;npc=12696;reason=outside-scan-radius;retry=context-change excluded quest=6393;stage=Objective;scope=Objective;objective=0;retry=2026-09-12T04:00:23.0459783Z;state=HalfOpen. excluded quest=6441;stage=Objective;scope=Objective;objective=0;retry=2026-09-12T04:00:23.0459783Z;state=HalfOpen. excluded quest=6461;stage=TurnIn;npc=12816;reason=outside-scan-radius;retry=context-change excluded quest=6543;stage=Objective;scope=Objective;objective=0;retry=2026-09-12T04:00:23.0459783Z;state=HalfOpen. excluded quest=846;stage=Objective;scope=Objective;objective=0;retry=2026-09-12T08:00:20.3981060Z;state=Quarantined. excluded quest=846;stage=Objective;scope=Objective;objective=1;retry=2026-09-12T08:00:20.4032154Z;state=Quarantined. excluded quest=846;stage=Objective;scope=Objective;objective=2;retry=2026-09-12T08:00:20.4032904Z;state=Quarantined. excluded quest=8487;stage=TurnIn;scope=QuestStage;retry=2026-09-12T04:00:23.0459783Z;state=HalfOpen. excluded quest=867;stage=Objective;scope=Objective;objective=0;retry=2026-09-12T08:00:20.4052045Z;state=Quarantined. excluded quest=868;stage=TurnIn;npc=3428;reason=outside-scan-radius;retry=context-change excluded quest=879;stage=Objective;scope=Objective;objective=0;retry=2026-09-12T08:00:20.4113339Z;state=Quarantined. excluded quest=879;stage=Objective;scope=Objective;objective=1;retry=2026-09-12T08:00:20.4113858Z;state=Quarantined. excluded quest=879;stage=Objective;scope=Objective;objective=2;retry=2026-09-12T09:00:23.0435238Z;state=Quarantined. excluded quest=8889;stage=Objective;objective=0;reason=outside-scan-radius;retry=context-change. excluded quest=8889;stage=Objective;objective=1;reason=outside-scan-radius;retry=context-change. excluded quest=8889;stage=Objective;objective=2;reason=outside-scan-radius;retry=context-change. excluded quest=891;stage=Objective;scope=QuestStage;retry=2026-09-12T04:00:23.0459783Z;state=HalfOpen. excluded quest=893;stage=Objective;scope=Objective;objective=0;retry=2026-09-12T09:00:23.0476089Z;state=Quarantined. excluded quest=893;stage=Objective;scope=Objective;objective=1;retry=2026-09-12T09:00:23.0476695Z;state=Quarantined. excluded quest=893;stage=Objective;scope=Objective;objective=2;retry=2026-09-12T09:00:23.0477631Z;state=Quarantined. excluded quest=896;stage=Objective;scope=Objective;objective=0;retry=2026-09-12T09:00:23.0478360Z;state=Quarantined. excluded quest=9067;stage=Objective;scope=Objective;objective=0;retry=2026-09-12T04:00:23.0459783Z;state=HalfOpen. excluded quest=9157;stage=TurnIn;scope=QuestStage;retry=2026-09-12T04:00:23.0459783Z;state=HalfOpen. excluded quest=9431;stage=Objective;scope=Objective;objective=0;retry=2026-09-12T04:00:23.0459783Z;state=HalfOpen. Expanding scan radius from 750 to 1000 yards before fallback.
[11:19:39.105] [N] Drinking Sweet Nectar
[11:19:39.138] [N] [Wholesome Auto Quest] Rest: HP=79% MP=34% — paused (drank)
[11:19:39.941] [D] Activity: No eligible quest work; idle until 2026-09-12T04:00:23.0459783Z. quest-log-full=25/25; deferred new pickups while retaining accepted quest work. excluded quest=1062;stage=TurnIn;npc=4049;reason=outside-scan-radius;retry=context-change excluded quest=1069;stage=Objective;objective=0;reason=outside-scan-radius;retry=context-change. excluded quest=1087;stage=Objective;objective=2;reason=outside-scan-radius;retry=context-change. excluded quest=1093;stage=Objective;scope=Objective;objective=0;retry=2026-09-12T04:00:23.0459783Z;state=HalfOpen. excluded quest=4841;stage=TurnIn;scope=NpcRelation;npc=10537;retry=context-change;state=Attempting. excluded quest=4921;stage=Objective;objective=0;reason=outside-scan-radius;retry=context-change. excluded quest=5147;stage=Objective;scope=Objective;objective=0;retry=2026-09-12T04:00:23.0459783Z;state=HalfOpen. excluded quest=6382;stage=TurnIn;npc=12696;reason=outside-scan-radius;retry=context-change excluded quest=6393;stage=Objective;scope=Objective;objective=0;retry=2026-09-12T04:00:23.0459783Z;state=HalfOpen. excluded quest=6441;stage=Objective;scope=Objective;objective=0;retry=2026-09-12T04:00:23.0459783Z;state=HalfOpen. excluded quest=6461;stage=TurnIn;npc=12816;reason=outside-scan-radius;retry=context-change excluded quest=6543;stage=Objective;scope=Objective;objective=0;retry=2026-09-12T04:00:23.0459783Z;state=HalfOpen. excluded quest=846;stage=Objective;scope=Objective;objective=0;retry=2026-09-12T08:00:20.3981060Z;state=Quarantined. excluded quest=846;stage=Objective;scope=Objective;objective=1;retry=2026-09-12T08:00:20.4032154Z;state=Quarantined. excluded quest=846;stage=Objective;scope=Objective;objective=2;retry=2026-09-12T08:00:20.4032904Z;state=Quarantined. excluded quest=8487;stage=TurnIn;scope=QuestStage;retry=2026-09-12T04:00:23.0459783Z;state=HalfOpen. excluded quest=867;stage=Objective;scope=Objective;objective=0;retry=2026-09-12T08:00:20.4052045Z;state=Quarantined. excluded quest=868;stage=TurnIn;npc=3428;reason=outside-scan-radius;retry=context-change excluded quest=879;stage=Objective;scope=Objective;objective=0;retry=2026-09-12T08:00:20.4113339Z;state=Quarantined. excluded quest=879;stage=Objective;scope=Objective;objective=1;retry=2026-09-12T08:00:20.4113858Z;state=Quarantined. excluded quest=879;stage=Objective;scope=Objective;objective=2;retry=2026-09-12T09:00:23.0435238Z;state=Quarantined. excluded quest=8889;stage=Objective;objective=0;reason=outside-scan-radius;retry=context-change. excluded quest=8889;stage=Objective;objective=1;reason=outside-scan-radius;retry=context-change. excluded quest=8889;stage=Objective;objective=2;reason=outside-scan-radius;retry=context-change. excluded quest=891;stage=Objective;scope=QuestStage;retry=2026-09-12T04:00:23.0459783Z;state=HalfOpen. excluded quest=893;stage=Objective;scope=Objective;objective=0;retry=2026-09-12T09:00:23.0476089Z;state=Quarantined. excluded quest=893;stage=Objective;scope=Objective;objective=1;retry=2026-09-12T09:00:23.0476695Z;state=Quarantined. excluded quest=893;stage=Objective;scope=Objective;objective=2;retry=2026-09-12T09:00:23.0477631Z;state=Quarantined. excluded quest=896;stage=Objective;scope=Objective;objective=0;retry=2026-09-12T09:00:23.0478360Z;state=Quarantined. excluded quest=9067;stage=Objective;scope=Objective;objective=0;retry=2026-09-12T04:00:23.0459783Z;state=HalfOpen. excluded quest=9157;stage=TurnIn;scope=QuestStage;retry=2026-09-12T04:00:23.0459783Z;state=HalfOpen. excluded quest=9431;stage=Objective;scope=Objective;objective=0;retry=2026-09-12T04:00:23.0459783Z;state=HalfOpen. Expanding scan radius from 1000 to 1250 yards before fallback.
[11:19:40.709] [D] Activity: No eligible quest work; idle until 2026-09-12T04:00:23.0459783Z. quest-log-full=25/25; deferred new pickups while retaining accepted quest work. excluded quest=1062;stage=TurnIn;npc=4049;reason=outside-scan-radius;retry=context-change excluded quest=1069;stage=Objective;objective=0;reason=outside-scan-radius;retry=context-change. excluded quest=1087;stage=Objective;objective=2;reason=outside-scan-radius;retry=context-change. excluded quest=1093;stage=Objective;scope=Objective;objective=0;retry=2026-09-12T04:00:23.0459783Z;state=HalfOpen. excluded quest=4841;stage=TurnIn;scope=NpcRelation;npc=10537;retry=context-change;state=Attempting. excluded quest=4921;stage=Objective;objective=0;reason=outside-scan-radius;retry=context-change. excluded quest=5147;stage=Objective;scope=Objective;objective=0;retry=2026-09-12T04:00:23.0459783Z;state=HalfOpen. excluded quest=6382;stage=TurnIn;npc=12696;reason=outside-scan-radius;retry=context-change excluded quest=6393;stage=Objective;scope=Objective;objective=0;retry=2026-09-12T04:00:23.0459783Z;state=HalfOpen. excluded quest=6441;stage=Objective;scope=Objective;objective=0;retry=2026-09-12T04:00:23.0459783Z;state=HalfOpen. excluded quest=6461;stage=TurnIn;npc=12816;reason=outside-scan-radius;retry=context-change excluded quest=6543;stage=Objective;scope=Objective;objective=0;retry=2026-09-12T04:00:23.0459783Z;state=HalfOpen. excluded quest=846;stage=Objective;scope=Objective;objective=0;retry=2026-09-12T08:00:20.3981060Z;state=Quarantined. excluded quest=846;stage=Objective;scope=Objective;objective=1;retry=2026-09-12T08:00:20.4032154Z;state=Quarantined. excluded quest=846;stage=Objective;scope=Objective;objective=2;retry=2026-09-12T08:00:20.4032904Z;state=Quarantined. excluded quest=8487;stage=TurnIn;scope=QuestStage;retry=2026-09-12T04:00:23.0459783Z;state=HalfOpen. excluded quest=867;stage=Objective;scope=Objective;objective=0;retry=2026-09-12T08:00:20.4052045Z;state=Quarantined. excluded quest=868;stage=TurnIn;npc=3428;reason=outside-scan-radius;retry=context-change excluded quest=879;stage=Objective;scope=Objective;objective=0;retry=2026-09-12T08:00:20.4113339Z;state=Quarantined. excluded quest=879;stage=Objective;scope=Objective;objective=1;retry=2026-09-12T08:00:20.4113858Z;state=Quarantined. excluded quest=879;stage=Objective;scope=Objective;objective=2;retry=2026-09-12T09:00:23.0435238Z;state=Quarantined. excluded quest=8889;stage=Objective;objective=0;reason=outside-scan-radius;retry=context-change. excluded quest=8889;stage=Objective;objective=1;reason=outside-scan-radius;retry=context-change. excluded quest=8889;stage=Objective;objective=2;reason=outside-scan-radius;retry=context-change. excluded quest=891;stage=Objective;scope=QuestStage;retry=2026-09-12T04:00:23.0459783Z;state=HalfOpen. excluded quest=893;stage=Objective;scope=Objective;objective=0;retry=2026-09-12T09:00:23.0476089Z;state=Quarantined. excluded quest=893;stage=Objective;scope=Objective;objective=1;retry=2026-09-12T09:00:23.0476695Z;state=Quarantined. excluded quest=893;stage=Objective;scope=Objective;objective=2;retry=2026-09-12T09:00:23.0477631Z;state=Quarantined. excluded quest=896;stage=Objective;scope=Objective;objective=0;retry=2026-09-12T09:00:23.0478360Z;state=Quarantined. excluded quest=9067;stage=Objective;scope=Objective;objective=0;retry=2026-09-12T04:00:23.0459783Z;state=HalfOpen. excluded quest=9157;stage=TurnIn;scope=QuestStage;retry=2026-09-12T04:00:23.0459783Z;state=HalfOpen. excluded quest=9431;stage=Objective;scope=Objective;objective=0;retry=2026-09-12T04:00:23.0459783Z;state=HalfOpen. Expanding scan radius from 1250 to 1500 yards before fallback.
[11:19:41.482] [D] Activity: No eligible quest work; idle until 2026-09-12T04:00:23.0459783Z. quest-log-full=25/25; deferred new pickups while retaining accepted quest work. excluded quest=1062;stage=TurnIn;npc=4049;reason=outside-scan-radius;retry=context-change excluded quest=1069;stage=Objective;objective=0;reason=outside-scan-radius;retry=context-change. excluded quest=1087;stage=Objective;objective=2;reason=outside-scan-radius;retry=context-change. excluded quest=1093;stage=Objective;scope=Objective;objective=0;retry=2026-09-12T04:00:23.0459783Z;state=HalfOpen. excluded quest=4841;stage=TurnIn;scope=NpcRelation;npc=10537;retry=context-change;state=Attempting. excluded quest=4921;stage=Objective;objective=0;reason=outside-scan-radius;retry=context-change. excluded quest=5147;stage=Objective;scope=Objective;objective=0;retry=2026-09-12T04:00:23.0459783Z;state=HalfOpen. excluded quest=6382;stage=TurnIn;npc=12696;reason=outside-scan-radius;retry=context-change excluded quest=6393;stage=Objective;scope=Objective;objective=0;retry=2026-09-12T04:00:23.0459783Z;state=HalfOpen. excluded quest=6441;stage=Objective;scope=Objective;objective=0;retry=2026-09-12T04:00:23.0459783Z;state=HalfOpen. excluded quest=6461;stage=TurnIn;npc=12816;reason=outside-scan-radius;retry=context-change excluded quest=6543;stage=Objective;scope=Objective;objective=0;retry=2026-09-12T04:00:23.0459783Z;state=HalfOpen. excluded quest=846;stage=Objective;scope=Objective;objective=0;retry=2026-09-12T08:00:20.3981060Z;state=Quarantined. excluded quest=846;stage=Objective;scope=Objective;objective=1;retry=2026-09-12T08:00:20.4032154Z;state=Quarantined. excluded quest=846;stage=Objective;scope=Objective;objective=2;retry=2026-09-12T08:00:20.4032904Z;state=Quarantined. excluded quest=8487;stage=TurnIn;scope=QuestStage;retry=2026-09-12T04:00:23.0459783Z;state=HalfOpen. excluded quest=867;stage=Objective;scope=Objective;objective=0;retry=2026-09-12T08:00:20.4052045Z;state=Quarantined. excluded quest=868;stage=TurnIn;npc=3428;reason=outside-scan-radius;retry=context-change excluded quest=879;stage=Objective;scope=Objective;objective=0;retry=2026-09-12T08:00:20.4113339Z;state=Quarantined. excluded quest=879;stage=Objective;scope=Objective;objective=1;retry=2026-09-12T08:00:20.4113858Z;state=Quarantined. excluded quest=879;stage=Objective;scope=Objective;objective=2;retry=2026-09-12T09:00:23.0435238Z;state=Quarantined. excluded quest=8889;stage=Objective;objective=0;reason=outside-scan-radius;retry=context-change. excluded quest=8889;stage=Objective;objective=1;reason=outside-scan-radius;retry=context-change. excluded quest=8889;stage=Objective;objective=2;reason=outside-scan-radius;retry=context-change. excluded quest=891;stage=Objective;scope=QuestStage;retry=2026-09-12T04:00:23.0459783Z;state=HalfOpen. excluded quest=893;stage=Objective;scope=Objective;objective=0;retry=2026-09-12T09:00:23.0476089Z;state=Quarantined. excluded quest=893;stage=Objective;scope=Objective;objective=1;retry=2026-09-12T09:00:23.0476695Z;state=Quarantined. excluded quest=893;stage=Objective;scope=Objective;objective=2;retry=2026-09-12T09:00:23.0477631Z;state=Quarantined. excluded quest=896;stage=Objective;scope=Objective;objective=0;retry=2026-09-12T09:00:23.0478360Z;state=Quarantined. excluded quest=9067;stage=Objective;scope=Objective;objective=0;retry=2026-09-12T04:00:23.0459783Z;state=HalfOpen. excluded quest=9157;stage=TurnIn;scope=QuestStage;retry=2026-09-12T04:00:23.0459783Z;state=HalfOpen. excluded quest=9431;stage=Objective;scope=Objective;objective=0;retry=2026-09-12T04:00:23.0459783Z;state=HalfOpen. Expanding scan radius from 1500 to 1750 yards before fallback.
[11:19:42.250] [D] Activity: No eligible quest work; idle until 2026-09-12T04:00:23.0459783Z. quest-log-full=25/25; deferred new pickups while retaining accepted quest work. excluded quest=1062;stage=TurnIn;npc=4049;reason=outside-scan-radius;retry=context-change excluded quest=1069;stage=Objective;objective=0;reason=outside-scan-radius;retry=context-change. excluded quest=1087;stage=Objective;objective=2;reason=outside-scan-radius;retry=context-change. excluded quest=1093;stage=Objective;scope=Objective;objective=0;retry=2026-09-12T04:00:23.0459783Z;state=HalfOpen. excluded quest=4841;stage=TurnIn;scope=NpcRelation;npc=10537;retry=context-change;state=Attempting. excluded quest=4921;stage=Objective;objective=0;reason=outside-scan-radius;retry=context-change. excluded quest=5147;stage=Objective;scope=Objective;objective=0;retry=2026-09-12T04:00:23.0459783Z;state=HalfOpen. excluded quest=6382;stage=TurnIn;npc=12696;reason=outside-scan-radius;retry=context-change excluded quest=6393;stage=Objective;scope=Objective;objective=0;retry=2026-09-12T04:00:23.0459783Z;state=HalfOpen. excluded quest=6441;stage=Objective;scope=Objective;objective=0;retry=2026-09-12T04:00:23.0459783Z;state=HalfOpen. excluded quest=6461;stage=TurnIn;npc=12816;reason=outside-scan-radius;retry=context-change excluded quest=6543;stage=Objective;scope=Objective;objective=0;retry=2026-09-12T04:00:23.0459783Z;state=HalfOpen. excluded quest=846;stage=Objective;scope=Objective;objective=0;retry=2026-09-12T08:00:20.3981060Z;state=Quarantined. excluded quest=846;stage=Objective;scope=Objective;objective=1;retry=2026-09-12T08:00:20.4032154Z;state=Quarantined. excluded quest=846;stage=Objective;scope=Objective;objective=2;retry=2026-09-12T08:00:20.4032904Z;state=Quarantined. excluded quest=8487;stage=TurnIn;scope=QuestStage;retry=2026-09-12T04:00:23.0459783Z;state=HalfOpen. excluded quest=867;stage=Objective;scope=Objective;objective=0;retry=2026-09-12T08:00:20.4052045Z;state=Quarantined. excluded quest=868;stage=TurnIn;npc=3428;reason=outside-scan-radius;retry=context-change excluded quest=879;stage=Objective;scope=Objective;objective=0;retry=2026-09-12T08:00:20.4113339Z;state=Quarantined. excluded quest=879;stage=Objective;scope=Objective;objective=1;retry=2026-09-12T08:00:20.4113858Z;state=Quarantined. excluded quest=879;stage=Objective;scope=Objective;objective=2;retry=2026-09-12T09:00:23.0435238Z;state=Quarantined. excluded quest=8889;stage=Objective;objective=0;reason=outside-scan-radius;retry=context-change. excluded quest=8889;stage=Objective;objective=1;reason=outside-scan-radius;retry=context-change. excluded quest=8889;stage=Objective;objective=2;reason=outside-scan-radius;retry=context-change. excluded quest=891;stage=Objective;scope=QuestStage;retry=2026-09-12T04:00:23.0459783Z;state=HalfOpen. excluded quest=893;stage=Objective;scope=Objective;objective=0;retry=2026-09-12T09:00:23.0476089Z;state=Quarantined. excluded quest=893;stage=Objective;scope=Objective;objective=1;retry=2026-09-12T09:00:23.0476695Z;state=Quarantined. excluded quest=893;stage=Objective;scope=Objective;objective=2;retry=2026-09-12T09:00:23.0477631Z;state=Quarantined. excluded quest=896;stage=Objective;scope=Objective;objective=0;retry=2026-09-12T09:00:23.0478360Z;state=Quarantined. excluded quest=9067;stage=Objective;scope=Objective;objective=0;retry=2026-09-12T04:00:23.0459783Z;state=HalfOpen. excluded quest=9157;stage=TurnIn;scope=QuestStage;retry=2026-09-12T04:00:23.0459783Z;state=HalfOpen. excluded quest=9431;stage=Objective;scope=Objective;objective=0;retry=2026-09-12T04:00:23.0459783Z;state=HalfOpen. Expanding scan radius from 1750 to 2000 yards before fallback.
[11:19:43.022] [D] Activity: No eligible quest work; idle until 2026-09-12T04:00:23.0459783Z. quest-log-full=25/25; deferred new pickups while retaining accepted quest work. excluded quest=1062;stage=TurnIn;npc=4049;reason=outside-scan-radius;retry=context-change excluded quest=1069;stage=Objective;objective=0;reason=outside-scan-radius;retry=context-change. excluded quest=1087;stage=Objective;objective=2;reason=outside-scan-radius;retry=context-change. excluded quest=1093;stage=Objective;scope=Objective;objective=0;retry=2026-09-12T04:00:23.0459783Z;state=HalfOpen. excluded quest=4841;stage=TurnIn;scope=NpcRelation;npc=10537;retry=context-change;state=Attempting. excluded quest=4921;stage=Objective;objective=0;reason=outside-scan-radius;retry=context-change. excluded quest=5147;stage=Objective;scope=Objective;objective=0;retry=2026-09-12T04:00:23.0459783Z;state=HalfOpen. excluded quest=6382;stage=TurnIn;npc=12696;reason=outside-scan-radius;retry=context-change excluded quest=6393;stage=Objective;scope=Objective;objective=0;retry=2026-09-12T04:00:23.0459783Z;state=HalfOpen. excluded quest=6441;stage=Objective;scope=Objective;objective=0;retry=2026-09-12T04:00:23.0459783Z;state=HalfOpen. excluded quest=6461;stage=TurnIn;npc=12816;reason=outside-scan-radius;retry=context-change excluded quest=6543;stage=Objective;scope=Objective;objective=0;retry=2026-09-12T04:00:23.0459783Z;state=HalfOpen. excluded quest=846;stage=Objective;scope=Objective;objective=0;retry=2026-09-12T08:00:20.3981060Z;state=Quarantined. excluded quest=846;stage=Objective;scope=Objective;objective=1;retry=2026-09-12T08:00:20.4032154Z;state=Quarantined. excluded quest=846;stage=Objective;scope=Objective;objective=2;retry=2026-09-12T08:00:20.4032904Z;state=Quarantined. excluded quest=8487;stage=TurnIn;scope=QuestStage;retry=2026-09-12T04:00:23.0459783Z;state=HalfOpen. excluded quest=867;stage=Objective;scope=Objective;objective=0;retry=2026-09-12T08:00:20.4052045Z;state=Quarantined. excluded quest=868;stage=TurnIn;npc=3428;reason=outside-scan-radius;retry=context-change excluded quest=879;stage=Objective;scope=Objective;objective=0;retry=2026-09-12T08:00:20.4113339Z;state=Quarantined. excluded quest=879;stage=Objective;scope=Objective;objective=1;retry=2026-09-12T08:00:20.4113858Z;state=Quarantined. excluded quest=879;stage=Objective;scope=Objective;objective=2;retry=2026-09-12T09:00:23.0435238Z;state=Quarantined. excluded quest=8889;stage=Objective;objective=0;reason=outside-scan-radius;retry=context-change. excluded quest=8889;stage=Objective;objective=1;reason=outside-scan-radius;retry=context-change. excluded quest=8889;stage=Objective;objective=2;reason=outside-scan-radius;retry=context-change. excluded quest=891;stage=Objective;scope=QuestStage;retry=2026-09-12T04:00:23.0459783Z;state=HalfOpen. excluded quest=893;stage=Objective;scope=Objective;objective=0;retry=2026-09-12T09:00:23.0476089Z;state=Quarantined. excluded quest=893;stage=Objective;scope=Objective;objective=1;retry=2026-09-12T09:00:23.0476695Z;state=Quarantined. excluded quest=893;stage=Objective;scope=Objective;objective=2;retry=2026-09-12T09:00:23.0477631Z;state=Quarantined. excluded quest=896;stage=Objective;scope=Objective;objective=0;retry=2026-09-12T09:00:23.0478360Z;state=Quarantined. excluded quest=9067;stage=Objective;scope=Objective;objective=0;retry=2026-09-12T04:00:23.0459783Z;state=HalfOpen. excluded quest=9157;stage=TurnIn;scope=QuestStage;retry=2026-09-12T04:00:23.0459783Z;state=HalfOpen. excluded quest=9431;stage=Objective;scope=Objective;objective=0;retry=2026-09-12T04:00:23.0459783Z;state=HalfOpen. Expanding scan radius from 2000 to 2250 yards before fallback.
[11:19:43.355] [D] [Pulse] Slow plugin: name=AutoEquip2 elapsed=298ms
[11:19:43.422] [D] [Pulse] Slow plugin: name=Tidy Bags 3 Reloaded elapsed=64ms
[11:19:43.422] [D] [Pulse] Slow shared pulse: total=400ms movement=0 objects=0 lua=0 info=0 loot=0 targeting=34 events=0 plugins=364 routine=0
[11:19:44.096] [D] Activity: No eligible quest work; idle until 2026-09-12T04:00:23.0459783Z. quest-log-full=25/25; deferred new pickups while retaining accepted quest work. excluded quest=1062;stage=TurnIn;npc=4049;reason=outside-scan-radius;retry=context-change excluded quest=1069;stage=Objective;objective=0;reason=outside-scan-radius;retry=context-change. excluded quest=1087;stage=Objective;objective=2;reason=outside-scan-radius;retry=context-change. excluded quest=1093;stage=Objective;scope=Objective;objective=0;retry=2026-09-12T04:00:23.0459783Z;state=HalfOpen. excluded quest=4841;stage=TurnIn;scope=NpcRelation;npc=10537;retry=context-change;state=Attempting. excluded quest=4921;stage=Objective;objective=0;reason=outside-scan-radius;retry=context-change. excluded quest=5147;stage=Objective;scope=Objective;objective=0;retry=2026-09-12T04:00:23.0459783Z;state=HalfOpen. excluded quest=6382;stage=TurnIn;npc=12696;reason=outside-scan-radius;retry=context-change excluded quest=6393;stage=Objective;scope=Objective;objective=0;retry=2026-09-12T04:00:23.0459783Z;state=HalfOpen. excluded quest=6441;stage=Objective;scope=Objective;objective=0;retry=2026-09-12T04:00:23.0459783Z;state=HalfOpen. excluded quest=6461;stage=TurnIn;npc=12816;reason=outside-scan-radius;retry=context-change excluded quest=6543;stage=Objective;scope=Objective;objective=0;retry=2026-09-12T04:00:23.0459783Z;state=HalfOpen. excluded quest=846;stage=Objective;scope=Objective;objective=0;retry=2026-09-12T08:00:20.3981060Z;state=Quarantined. excluded quest=846;stage=Objective;scope=Objective;objective=1;retry=2026-09-12T08:00:20.4032154Z;state=Quarantined. excluded quest=846;stage=Objective;scope=Objective;objective=2;retry=2026-09-12T08:00:20.4032904Z;state=Quarantined. excluded quest=8487;stage=TurnIn;scope=QuestStage;retry=2026-09-12T04:00:23.0459783Z;state=HalfOpen. excluded quest=867;stage=Objective;scope=Objective;objective=0;retry=2026-09-12T08:00:20.4052045Z;state=Quarantined. excluded quest=868;stage=TurnIn;npc=3428;reason=outside-scan-radius;retry=context-change excluded quest=879;stage=Objective;scope=Objective;objective=0;retry=2026-09-12T08:00:20.4113339Z;state=Quarantined. excluded quest=879;stage=Objective;scope=Objective;objective=1;retry=2026-09-12T08:00:20.4113858Z;state=Quarantined. excluded quest=879;stage=Objective;scope=Objective;objective=2;retry=2026-09-12T09:00:23.0435238Z;state=Quarantined. excluded quest=8889;stage=Objective;objective=0;reason=outside-scan-radius;retry=context-change. excluded quest=8889;stage=Objective;objective=1;reason=outside-scan-radius;retry=context-change. excluded quest=8889;stage=Objective;objective=2;reason=outside-scan-radius;retry=context-change. excluded quest=891;stage=Objective;scope=QuestStage;retry=2026-09-12T04:00:23.0459783Z;state=HalfOpen. excluded quest=893;stage=Objective;scope=Objective;objective=0;retry=2026-09-12T09:00:23.0476089Z;state=Quarantined. excluded quest=893;stage=Objective;scope=Objective;objective=1;retry=2026-09-12T09:00:23.0476695Z;state=Quarantined. excluded quest=893;stage=Objective;scope=Objective;objective=2;retry=2026-09-12T09:00:23.0477631Z;state=Quarantined. excluded quest=896;stage=Objective;scope=Objective;objective=0;retry=2026-09-12T09:00:23.0478360Z;state=Quarantined. excluded quest=9067;stage=Objective;scope=Objective;objective=0;retry=2026-09-12T04:00:23.0459783Z;state=HalfOpen. excluded quest=9157;stage=TurnIn;scope=QuestStage;retry=2026-09-12T04:00:23.0459783Z;state=HalfOpen. excluded quest=9431;stage=Objective;scope=Objective;objective=0;retry=2026-09-12T04:00:23.0459783Z;state=HalfOpen. Expanding scan radius from 2250 to 2500 yards before fallback.
[11:19:44.864] [D] Activity: No eligible quest work; idle until 2026-09-12T04:00:23.0459783Z. quest-log-full=25/25; deferred new pickups while retaining accepted quest work. excluded quest=1062;stage=TurnIn;npc=4049;reason=outside-scan-radius;retry=context-change excluded quest=1069;stage=Objective;objective=0;reason=outside-scan-radius;retry=context-change. excluded quest=1087;stage=Objective;objective=2;reason=outside-scan-radius;retry=context-change. excluded quest=1093;stage=Objective;scope=Objective;objective=0;retry=2026-09-12T04:00:23.0459783Z;state=HalfOpen. excluded quest=4841;stage=TurnIn;scope=NpcRelation;npc=10537;retry=context-change;state=Attempting. excluded quest=4921;stage=Objective;objective=0;reason=outside-scan-radius;retry=context-change. excluded quest=5147;stage=Objective;scope=Objective;objective=0;retry=2026-09-12T04:00:23.0459783Z;state=HalfOpen. excluded quest=6382;stage=TurnIn;npc=12696;reason=outside-scan-radius;retry=context-change excluded quest=6393;stage=Objective;scope=Objective;objective=0;retry=2026-09-12T04:00:23.0459783Z;state=HalfOpen. excluded quest=6441;stage=Objective;scope=Objective;objective=0;retry=2026-09-12T04:00:23.0459783Z;state=HalfOpen. excluded quest=6461;stage=TurnIn;npc=12816;reason=outside-scan-radius;retry=context-change excluded quest=6543;stage=Objective;scope=Objective;objective=0;retry=2026-09-12T04:00:23.0459783Z;state=HalfOpen. excluded quest=846;stage=Objective;scope=Objective;objective=0;retry=2026-09-12T08:00:20.3981060Z;state=Quarantined. excluded quest=846;stage=Objective;scope=Objective;objective=1;retry=2026-09-12T08:00:20.4032154Z;state=Quarantined. excluded quest=846;stage=Objective;scope=Objective;objective=2;retry=2026-09-12T08:00:20.4032904Z;state=Quarantined. excluded quest=8487;stage=TurnIn;scope=QuestStage;retry=2026-09-12T04:00:23.0459783Z;state=HalfOpen. excluded quest=867;stage=Objective;scope=Objective;objective=0;retry=2026-09-12T08:00:20.4052045Z;state=Quarantined. excluded quest=868;stage=TurnIn;npc=3428;reason=outside-scan-radius;retry=context-change excluded quest=879;stage=Objective;scope=Objective;objective=0;retry=2026-09-12T08:00:20.4113339Z;state=Quarantined. excluded quest=879;stage=Objective;scope=Objective;objective=1;retry=2026-09-12T08:00:20.4113858Z;state=Quarantined. excluded quest=879;stage=Objective;scope=Objective;objective=2;retry=2026-09-12T09:00:23.0435238Z;state=Quarantined. excluded quest=8889;stage=Objective;objective=0;reason=outside-scan-radius;retry=context-change. excluded quest=8889;stage=Objective;objective=1;reason=outside-scan-radius;retry=context-change. excluded quest=8889;stage=Objective;objective=2;reason=outside-scan-radius;retry=context-change. excluded quest=891;stage=Objective;scope=QuestStage;retry=2026-09-12T04:00:23.0459783Z;state=HalfOpen. excluded quest=893;stage=Objective;scope=Objective;objective=0;retry=2026-09-12T09:00:23.0476089Z;state=Quarantined. excluded quest=893;stage=Objective;scope=Objective;objective=1;retry=2026-09-12T09:00:23.0476695Z;state=Quarantined. excluded quest=893;stage=Objective;scope=Objective;objective=2;retry=2026-09-12T09:00:23.0477631Z;state=Quarantined. excluded quest=896;stage=Objective;scope=Objective;objective=0;retry=2026-09-12T09:00:23.0478360Z;state=Quarantined. excluded quest=9067;stage=Objective;scope=Objective;objective=0;retry=2026-09-12T04:00:23.0459783Z;state=HalfOpen. excluded quest=9157;stage=TurnIn;scope=QuestStage;retry=2026-09-12T04:00:23.0459783Z;state=HalfOpen. excluded quest=9431;stage=Objective;scope=Objective;objective=0;retry=2026-09-12T04:00:23.0459783Z;state=HalfOpen. Expanding scan radius from 2500 to 2750 yards before fallback.
[11:19:45.664] [D] Activity: No eligible quest work; idle until 2026-09-12T04:00:23.0459783Z. quest-log-full=25/25; deferred new pickups while retaining accepted quest work. excluded quest=1062;stage=TurnIn;npc=4049;reason=outside-scan-radius;retry=context-change excluded quest=1069;stage=Objective;objective=0;reason=outside-scan-radius;retry=context-change. excluded quest=1087;stage=Objective;objective=2;reason=outside-scan-radius;retry=context-change. excluded quest=1093;stage=Objective;scope=Objective;objective=0;retry=2026-09-12T04:00:23.0459783Z;state=HalfOpen. excluded quest=4841;stage=TurnIn;scope=NpcRelation;npc=10537;retry=context-change;state=Attempting. excluded quest=4921;stage=Objective;objective=0;reason=outside-scan-radius;retry=context-change. excluded quest=5147;stage=Objective;scope=Objective;objective=0;retry=2026-09-12T04:00:23.0459783Z;state=HalfOpen. excluded quest=6382;stage=TurnIn;npc=12696;reason=outside-scan-radius;retry=context-change excluded quest=6393;stage=Objective;scope=Objective;objective=0;retry=2026-09-12T04:00:23.0459783Z;state=HalfOpen. excluded quest=6441;stage=Objective;scope=Objective;objective=0;retry=2026-09-12T04:00:23.0459783Z;state=HalfOpen. excluded quest=6461;stage=TurnIn;npc=12816;reason=outside-scan-radius;retry=context-change excluded quest=6543;stage=Objective;scope=Objective;objective=0;retry=2026-09-12T04:00:23.0459783Z;state=HalfOpen. excluded quest=846;stage=Objective;scope=Objective;objective=0;retry=2026-09-12T08:00:20.3981060Z;state=Quarantined. excluded quest=846;stage=Objective;scope=Objective;objective=1;retry=2026-09-12T08:00:20.4032154Z;state=Quarantined. excluded quest=846;stage=Objective;scope=Objective;objective=2;retry=2026-09-12T08:00:20.4032904Z;state=Quarantined. excluded quest=8487;stage=TurnIn;scope=QuestStage;retry=2026-09-12T04:00:23.0459783Z;state=HalfOpen. excluded quest=867;stage=Objective;scope=Objective;objective=0;retry=2026-09-12T08:00:20.4052045Z;state=Quarantined. excluded quest=868;stage=TurnIn;npc=3428;reason=outside-scan-radius;retry=context-change excluded quest=879;stage=Objective;scope=Objective;objective=0;retry=2026-09-12T08:00:20.4113339Z;state=Quarantined. excluded quest=879;stage=Objective;scope=Objective;objective=1;retry=2026-09-12T08:00:20.4113858Z;state=Quarantined. excluded quest=879;stage=Objective;scope=Objective;objective=2;retry=2026-09-12T09:00:23.0435238Z;state=Quarantined. excluded quest=8889;stage=Objective;objective=0;reason=outside-scan-radius;retry=context-change. excluded quest=8889;stage=Objective;objective=1;reason=outside-scan-radius;retry=context-change. excluded quest=8889;stage=Objective;objective=2;reason=outside-scan-radius;retry=context-change. excluded quest=891;stage=Objective;scope=QuestStage;retry=2026-09-12T04:00:23.0459783Z;state=HalfOpen. excluded quest=893;stage=Objective;scope=Objective;objective=0;retry=2026-09-12T09:00:23.0476089Z;state=Quarantined. excluded quest=893;stage=Objective;scope=Objective;objective=1;retry=2026-09-12T09:00:23.0476695Z;state=Quarantined. excluded quest=893;stage=Objective;scope=Objective;objective=2;retry=2026-09-12T09:00:23.0477631Z;state=Quarantined. excluded quest=896;stage=Objective;scope=Objective;objective=0;retry=2026-09-12T09:00:23.0478360Z;state=Quarantined. excluded quest=9067;stage=Objective;scope=Objective;objective=0;retry=2026-09-12T04:00:23.0459783Z;state=HalfOpen. excluded quest=9157;stage=TurnIn;scope=QuestStage;retry=2026-09-12T04:00:23.0459783Z;state=HalfOpen. excluded quest=9431;stage=Objective;scope=Objective;objective=0;retry=2026-09-12T04:00:23.0459783Z;state=HalfOpen. Expanding scan radius from 2750 to 3000 yards before fallback.
[11:19:46.437] [D] Activity: No eligible quest work; idle until 2026-09-12T04:00:23.0459783Z. quest-log-full=25/25; deferred new pickups while retaining accepted quest work. excluded quest=1062;stage=TurnIn;npc=4049;reason=outside-scan-radius;retry=context-change excluded quest=1069;stage=Objective;objective=0;reason=outside-scan-radius;retry=context-change. excluded quest=1087;stage=Objective;objective=2;reason=outside-scan-radius;retry=context-change. excluded quest=1093;stage=Objective;scope=Objective;objective=0;retry=2026-09-12T04:00:23.0459783Z;state=HalfOpen. excluded quest=4841;stage=TurnIn;scope=NpcRelation;npc=10537;retry=context-change;state=Attempting. excluded quest=4921;stage=Objective;objective=0;reason=outside-scan-radius;retry=context-change. excluded quest=5147;stage=Objective;scope=Objective;objective=0;retry=2026-09-12T04:00:23.0459783Z;state=HalfOpen. excluded quest=6382;stage=TurnIn;npc=12696;reason=outside-scan-radius;retry=context-change excluded quest=6393;stage=Objective;scope=Objective;objective=0;retry=2026-09-12T04:00:23.0459783Z;state=HalfOpen. excluded quest=6441;stage=Objective;scope=Objective;objective=0;retry=2026-09-12T04:00:23.0459783Z;state=HalfOpen. excluded quest=6461;stage=TurnIn;npc=12816;reason=outside-scan-radius;retry=context-change excluded quest=6543;stage=Objective;scope=Objective;objective=0;retry=2026-09-12T04:00:23.0459783Z;state=HalfOpen. excluded quest=846;stage=Objective;scope=Objective;objective=0;retry=2026-09-12T08:00:20.3981060Z;state=Quarantined. excluded quest=846;stage=Objective;scope=Objective;objective=1;retry=2026-09-12T08:00:20.4032154Z;state=Quarantined. excluded quest=846;stage=Objective;scope=Objective;objective=2;retry=2026-09-12T08:00:20.4032904Z;state=Quarantined. excluded quest=8487;stage=TurnIn;scope=QuestStage;retry=2026-09-12T04:00:23.0459783Z;state=HalfOpen. excluded quest=867;stage=Objective;scope=Objective;objective=0;retry=2026-09-12T08:00:20.4052045Z;state=Quarantined. excluded quest=868;stage=TurnIn;npc=3428;reason=outside-scan-radius;retry=context-change excluded quest=879;stage=Objective;scope=Objective;objective=0;retry=2026-09-12T08:00:20.4113339Z;state=Quarantined. excluded quest=879;stage=Objective;scope=Objective;objective=1;retry=2026-09-12T08:00:20.4113858Z;state=Quarantined. excluded quest=879;stage=Objective;scope=Objective;objective=2;retry=2026-09-12T09:00:23.0435238Z;state=Quarantined. excluded quest=8889;stage=Objective;objective=0;reason=outside-scan-radius;retry=context-change. excluded quest=8889;stage=Objective;objective=1;reason=outside-scan-radius;retry=context-change. excluded quest=8889;stage=Objective;objective=2;reason=outside-scan-radius;retry=context-change. excluded quest=891;stage=Objective;scope=QuestStage;retry=2026-09-12T04:00:23.0459783Z;state=HalfOpen. excluded quest=893;stage=Objective;scope=Objective;objective=0;retry=2026-09-12T09:00:23.0476089Z;state=Quarantined. excluded quest=893;stage=Objective;scope=Objective;objective=1;retry=2026-09-12T09:00:23.0476695Z;state=Quarantined. excluded quest=893;stage=Objective;scope=Objective;objective=2;retry=2026-09-12T09:00:23.0477631Z;state=Quarantined. excluded quest=896;stage=Objective;scope=Objective;objective=0;retry=2026-09-12T09:00:23.0478360Z;state=Quarantined. excluded quest=9067;stage=Objective;scope=Objective;objective=0;retry=2026-09-12T04:00:23.0459783Z;state=HalfOpen. excluded quest=9157;stage=TurnIn;scope=QuestStage;retry=2026-09-12T04:00:23.0459783Z;state=HalfOpen. excluded quest=9431;stage=Objective;scope=Objective;objective=0;retry=2026-09-12T04:00:23.0459783Z;state=HalfOpen. Expanding scan radius from 3000 to 3250 yards before fallback.
[11:19:47.208] [D] Activity: No eligible quest work; idle until 2026-09-12T04:00:23.0459783Z. quest-log-full=25/25; deferred new pickups while retaining accepted quest work. excluded quest=1062;stage=TurnIn;npc=4049;reason=outside-scan-radius;retry=context-change excluded quest=1069;stage=Objective;objective=0;reason=outside-scan-radius;retry=context-change. excluded quest=1087;stage=Objective;objective=2;reason=outside-scan-radius;retry=context-change. excluded quest=1093;stage=Objective;scope=Objective;objective=0;retry=2026-09-12T04:00:23.0459783Z;state=HalfOpen. excluded quest=4841;stage=TurnIn;scope=NpcRelation;npc=10537;retry=context-change;state=Attempting. excluded quest=4921;stage=Objective;objective=0;reason=outside-scan-radius;retry=context-change. excluded quest=5147;stage=Objective;scope=Objective;objective=0;retry=2026-09-12T04:00:23.0459783Z;state=HalfOpen. excluded quest=6382;stage=TurnIn;npc=12696;reason=outside-scan-radius;retry=context-change excluded quest=6393;stage=Objective;scope=Objective;objective=0;retry=2026-09-12T04:00:23.0459783Z;state=HalfOpen. excluded quest=6441;stage=Objective;scope=Objective;objective=0;retry=2026-09-12T04:00:23.0459783Z;state=HalfOpen. excluded quest=6461;stage=TurnIn;npc=12816;reason=outside-scan-radius;retry=context-change excluded quest=6543;stage=Objective;scope=Objective;objective=0;retry=2026-09-12T04:00:23.0459783Z;state=HalfOpen. excluded quest=846;stage=Objective;scope=Objective;objective=0;retry=2026-09-12T08:00:20.3981060Z;state=Quarantined. excluded quest=846;stage=Objective;scope=Objective;objective=1;retry=2026-09-12T08:00:20.4032154Z;state=Quarantined. excluded quest=846;stage=Objective;scope=Objective;objective=2;retry=2026-09-12T08:00:20.4032904Z;state=Quarantined. excluded quest=8487;stage=TurnIn;scope=QuestStage;retry=2026-09-12T04:00:23.0459783Z;state=HalfOpen. excluded quest=867;stage=Objective;scope=Objective;objective=0;retry=2026-09-12T08:00:20.4052045Z;state=Quarantined. excluded quest=868;stage=TurnIn;npc=3428;reason=outside-scan-radius;retry=context-change excluded quest=879;stage=Objective;scope=Objective;objective=0;retry=2026-09-12T08:00:20.4113339Z;state=Quarantined. excluded quest=879;stage=Objective;scope=Objective;objective=1;retry=2026-09-12T08:00:20.4113858Z;state=Quarantined. excluded quest=879;stage=Objective;scope=Objective;objective=2;retry=2026-09-12T09:00:23.0435238Z;state=Quarantined. excluded quest=8889;stage=Objective;objective=0;reason=outside-scan-radius;retry=context-change. excluded quest=8889;stage=Objective;objective=1;reason=outside-scan-radius;retry=context-change. excluded quest=8889;stage=Objective;objective=2;reason=outside-scan-radius;retry=context-change. excluded quest=891;stage=Objective;scope=QuestStage;retry=2026-09-12T04:00:23.0459783Z;state=HalfOpen. excluded quest=893;stage=Objective;scope=Objective;objective=0;retry=2026-09-12T09:00:23.0476089Z;state=Quarantined. excluded quest=893;stage=Objective;scope=Objective;objective=1;retry=2026-09-12T09:00:23.0476695Z;state=Quarantined. excluded quest=893;stage=Objective;scope=Objective;objective=2;retry=2026-09-12T09:00:23.0477631Z;state=Quarantined. excluded quest=896;stage=Objective;scope=Objective;objective=0;retry=2026-09-12T09:00:23.0478360Z;state=Quarantined. excluded quest=9067;stage=Objective;scope=Objective;objective=0;retry=2026-09-12T04:00:23.0459783Z;state=HalfOpen. excluded quest=9157;stage=TurnIn;scope=QuestStage;retry=2026-09-12T04:00:23.0459783Z;state=HalfOpen. excluded quest=9431;stage=Objective;scope=Objective;objective=0;retry=2026-09-12T04:00:23.0459783Z;state=HalfOpen. Expanding scan radius from 3250 to 3500 yards before fallback.
[11:19:47.977] [D] Activity: No eligible quest work; idle until 2026-09-12T04:00:23.0459783Z. quest-log-full=25/25; deferred new pickups while retaining accepted quest work. excluded quest=1062;stage=TurnIn;npc=4049;reason=outside-scan-radius;retry=context-change excluded quest=1069;stage=Objective;objective=0;reason=outside-scan-radius;retry=context-change. excluded quest=1087;stage=Objective;objective=2;reason=outside-scan-radius;retry=context-change. excluded quest=1093;stage=Objective;scope=Objective;objective=0;retry=2026-09-12T04:00:23.0459783Z;state=HalfOpen. excluded quest=4841;stage=TurnIn;scope=NpcRelation;npc=10537;retry=context-change;state=Attempting. excluded quest=4921;stage=Objective;objective=0;reason=outside-scan-radius;retry=context-change. excluded quest=5147;stage=Objective;scope=Objective;objective=0;retry=2026-09-12T04:00:23.0459783Z;state=HalfOpen. excluded quest=6382;stage=TurnIn;npc=12696;reason=outside-scan-radius;retry=context-change excluded quest=6393;stage=Objective;scope=Objective;objective=0;retry=2026-09-12T04:00:23.0459783Z;state=HalfOpen. excluded quest=6441;stage=Objective;scope=Objective;objective=0;retry=2026-09-12T04:00:23.0459783Z;state=HalfOpen. excluded quest=6461;stage=TurnIn;npc=12816;reason=outside-scan-radius;retry=context-change excluded quest=6543;stage=Objective;scope=Objective;objective=0;retry=2026-09-12T04:00:23.0459783Z;state=HalfOpen. excluded quest=846;stage=Objective;scope=Objective;objective=0;retry=2026-09-12T08:00:20.3981060Z;state=Quarantined. excluded quest=846;stage=Objective;scope=Objective;objective=1;retry=2026-09-12T08:00:20.4032154Z;state=Quarantined. excluded quest=846;stage=Objective;scope=Objective;objective=2;retry=2026-09-12T08:00:20.4032904Z;state=Quarantined. excluded quest=8487;stage=TurnIn;scope=QuestStage;retry=2026-09-12T04:00:23.0459783Z;state=HalfOpen. excluded quest=867;stage=Objective;scope=Objective;objective=0;retry=2026-09-12T08:00:20.4052045Z;state=Quarantined. excluded quest=868;stage=TurnIn;npc=3428;reason=outside-scan-radius;retry=context-change excluded quest=879;stage=Objective;scope=Objective;objective=0;retry=2026-09-12T08:00:20.4113339Z;state=Quarantined. excluded quest=879;stage=Objective;scope=Objective;objective=1;retry=2026-09-12T08:00:20.4113858Z;state=Quarantined. excluded quest=879;stage=Objective;scope=Objective;objective=2;retry=2026-09-12T09:00:23.0435238Z;state=Quarantined. excluded quest=8889;stage=Objective;objective=0;reason=outside-scan-radius;retry=context-change. excluded quest=8889;stage=Objective;objective=1;reason=outside-scan-radius;retry=context-change. excluded quest=8889;stage=Objective;objective=2;reason=outside-scan-radius;retry=context-change. excluded quest=891;stage=Objective;scope=QuestStage;retry=2026-09-12T04:00:23.0459783Z;state=HalfOpen. excluded quest=893;stage=Objective;scope=Objective;objective=0;retry=2026-09-12T09:00:23.0476089Z;state=Quarantined. excluded quest=893;stage=Objective;scope=Objective;objective=1;retry=2026-09-12T09:00:23.0476695Z;state=Quarantined. excluded quest=893;stage=Objective;scope=Objective;objective=2;retry=2026-09-12T09:00:23.0477631Z;state=Quarantined. excluded quest=896;stage=Objective;scope=Objective;objective=0;retry=2026-09-12T09:00:23.0478360Z;state=Quarantined. excluded quest=9067;stage=Objective;scope=Objective;objective=0;retry=2026-09-12T04:00:23.0459783Z;state=HalfOpen. excluded quest=9157;stage=TurnIn;scope=QuestStage;retry=2026-09-12T04:00:23.0459783Z;state=HalfOpen. excluded quest=9431;stage=Objective;scope=Objective;objective=0;retry=2026-09-12T04:00:23.0459783Z;state=HalfOpen. Expanding scan radius from 3500 to 3750 yards before fallback.
[11:19:48.748] [D] Activity: No eligible quest work; idle until 2026-09-12T04:00:23.0459783Z. quest-log-full=25/25; deferred new pickups while retaining accepted quest work. excluded quest=1062;stage=TurnIn;npc=4049;reason=outside-scan-radius;retry=context-change excluded quest=1069;stage=Objective;objective=0;reason=outside-scan-radius;retry=context-change. excluded quest=1087;stage=Objective;objective=2;reason=outside-scan-radius;retry=context-change. excluded quest=1093;stage=Objective;scope=Objective;objective=0;retry=2026-09-12T04:00:23.0459783Z;state=HalfOpen. excluded quest=4841;stage=TurnIn;scope=NpcRelation;npc=10537;retry=context-change;state=Attempting. excluded quest=4921;stage=Objective;objective=0;reason=outside-scan-radius;retry=context-change. excluded quest=5147;stage=Objective;scope=Objective;objective=0;retry=2026-09-12T04:00:23.0459783Z;state=HalfOpen. excluded quest=6382;stage=TurnIn;npc=12696;reason=outside-scan-radius;retry=context-change excluded quest=6393;stage=Objective;scope=Objective;objective=0;retry=2026-09-12T04:00:23.0459783Z;state=HalfOpen. excluded quest=6441;stage=Objective;scope=Objective;objective=0;retry=2026-09-12T04:00:23.0459783Z;state=HalfOpen. excluded quest=6461;stage=TurnIn;npc=12816;reason=outside-scan-radius;retry=context-change excluded quest=6543;stage=Objective;scope=Objective;objective=0;retry=2026-09-12T04:00:23.0459783Z;state=HalfOpen. excluded quest=846;stage=Objective;scope=Objective;objective=0;retry=2026-09-12T08:00:20.3981060Z;state=Quarantined. excluded quest=846;stage=Objective;scope=Objective;objective=1;retry=2026-09-12T08:00:20.4032154Z;state=Quarantined. excluded quest=846;stage=Objective;scope=Objective;objective=2;retry=2026-09-12T08:00:20.4032904Z;state=Quarantined. excluded quest=8487;stage=TurnIn;scope=QuestStage;retry=2026-09-12T04:00:23.0459783Z;state=HalfOpen. excluded quest=867;stage=Objective;scope=Objective;objective=0;retry=2026-09-12T08:00:20.4052045Z;state=Quarantined. excluded quest=868;stage=TurnIn;npc=3428;reason=outside-scan-radius;retry=context-change excluded quest=879;stage=Objective;scope=Objective;objective=0;retry=2026-09-12T08:00:20.4113339Z;state=Quarantined. excluded quest=879;stage=Objective;scope=Objective;objective=1;retry=2026-09-12T08:00:20.4113858Z;state=Quarantined. excluded quest=879;stage=Objective;scope=Objective;objective=2;retry=2026-09-12T09:00:23.0435238Z;state=Quarantined. excluded quest=8889;stage=Objective;objective=0;reason=outside-scan-radius;retry=context-change. excluded quest=8889;stage=Objective;objective=1;reason=outside-scan-radius;retry=context-change. excluded quest=8889;stage=Objective;objective=2;reason=outside-scan-radius;retry=context-change. excluded quest=891;stage=Objective;scope=QuestStage;retry=2026-09-12T04:00:23.0459783Z;state=HalfOpen. excluded quest=893;stage=Objective;scope=Objective;objective=0;retry=2026-09-12T09:00:23.0476089Z;state=Quarantined. excluded quest=893;stage=Objective;scope=Objective;objective=1;retry=2026-09-12T09:00:23.0476695Z;state=Quarantined. excluded quest=893;stage=Objective;scope=Objective;objective=2;retry=2026-09-12T09:00:23.0477631Z;state=Quarantined. excluded quest=896;stage=Objective;scope=Objective;objective=0;retry=2026-09-12T09:00:23.0478360Z;state=Quarantined. excluded quest=9067;stage=Objective;scope=Objective;objective=0;retry=2026-09-12T04:00:23.0459783Z;state=HalfOpen. excluded quest=9157;stage=TurnIn;scope=QuestStage;retry=2026-09-12T04:00:23.0459783Z;state=HalfOpen. excluded quest=9431;stage=Objective;scope=Objective;objective=0;retry=2026-09-12T04:00:23.0459783Z;state=HalfOpen. Expanding scan radius from 3750 to 4000 yards before fallback.
[11:19:48.748] [N] [Wholesome Auto Quest] Rest done — HP=86% MP=66%
[11:19:50.252] [D] [Nav] Loaded 30 mesh tiles for one path query
[11:19:50.258] [D] Loading profile from D:\World of Warcraft 3.3.5a\CB\Bots\WholesomeAutoQuest\WHOLESOME_AUTOQUESTER.xml
[11:19:50.268] [D] [CompileBatch] Compiling 1 entries...
[11:19:50.339] [D] [CompileBatch] Compiled successfully.
[11:19:50.339] [N] Profile loaded: WholesomeAQ - Thousand Needles
[11:19:50.353] [D] Selected sub-profile: WholesomeAQ - Thousand Needles (L1-80)
[11:19:50.353] [N] [Wholesome Auto Quest] Profile refreshed - Selected 1 quest work candidate(s). selected quest=4921;stage=Objective;state=Eligible. quest-log-full=25/25; deferred new pickups while retaining accepted quest work. excluded quest=1062;stage=TurnIn;npc=4049;reason=outside-scan-radius;retry=context-change excluded quest=1069;stage=Objective;objective=0;reason=outside-scan-radius;retry=context-change. excluded quest=1087;stage=Objective;objective=2;reason=outside-scan-radius;retry=context-change. excluded quest=1093;stage=Objective;scope=Objective;objective=0;retry=2026-09-12T04:00:23.0459783Z;state=HalfOpen. excluded quest=4841;stage=TurnIn;scope=NpcRelation;npc=10537;retry=context-change;state=Attempting. excluded quest=5147;stage=Objective;scope=Objective;objective=0;retry=2026-09-12T04:00:23.0459783Z;state=HalfOpen. excluded quest=6382;stage=TurnIn;npc=12696;reason=outside-scan-radius;retry=context-change excluded quest=6393;stage=Objective;scope=Objective;objective=0;retry=2026-09-12T04:00:23.0459783Z;state=HalfOpen. excluded quest=6441;stage=Objective;scope=Objective;objective=0;retry=2026-09-12T04:00:23.0459783Z;state=HalfOpen. excluded quest=6461;stage=TurnIn;npc=12816;reason=outside-scan-radius;retry=context-change excluded quest=6543;stage=Objective;scope=Objective;objective=0;retry=2026-09-12T04:00:23.0459783Z;state=HalfOpen. excluded quest=846;stage=Objective;scope=Objective;objective=0;retry=2026-09-12T08:00:20.3981060Z;state=Quarantined. excluded quest=846;stage=Objective;scope=Objective;objective=1;retry=2026-09-12T08:00:20.4032154Z;state=Quarantined. excluded quest=846;stage=Objective;scope=Objective;objective=2;retry=2026-09-12T08:00:20.4032904Z;state=Quarantined. excluded quest=8487;stage=TurnIn;scope=QuestStage;retry=2026-09-12T04:00:23.0459783Z;state=HalfOpen. excluded quest=867;stage=Objective;scope=Objective;objective=0;retry=2026-09-12T08:00:20.4052045Z;state=Quarantined. excluded quest=868;stage=TurnIn;npc=3428;reason=outside-scan-radius;retry=context-change excluded quest=879;stage=Objective;scope=Objective;objective=0;retry=2026-09-12T08:00:20.4113339Z;state=Quarantined. excluded quest=879;stage=Objective;scope=Objective;objective=1;retry=2026-09-12T08:00:20.4113858Z;state=Quarantined. excluded quest=879;stage=Objective;scope=Objective;objective=2;retry=2026-09-12T09:00:23.0435238Z;state=Quarantined. excluded quest=8889;stage=Objective;objective=0;reason=outside-scan-radius;retry=context-change. excluded quest=8889;stage=Objective;objective=1;reason=outside-scan-radius;retry=context-change. excluded quest=8889;stage=Objective;objective=2;reason=outside-scan-radius;retry=context-change. excluded quest=891;stage=Objective;scope=QuestStage;retry=2026-09-12T04:00:23.0459783Z;state=HalfOpen. excluded quest=893;stage=Objective;scope=Objective;objective=0;retry=2026-09-12T09:00:23.0476089Z;state=Quarantined. excluded quest=893;stage=Objective;scope=Objective;objective=1;retry=2026-09-12T09:00:23.0476695Z;state=Quarantined. excluded quest=893;stage=Objective;scope=Objective;objective=2;retry=2026-09-12T09:00:23.0477631Z;state=Quarantined. excluded quest=896;stage=Objective;scope=Objective;objective=0;retry=2026-09-12T09:00:23.0478360Z;state=Quarantined. excluded quest=9067;stage=Objective;scope=Objective;objective=0;retry=2026-09-12T04:00:23.0459783Z;state=HalfOpen. excluded quest=9157;stage=TurnIn;scope=QuestStage;retry=2026-09-12T04:00:23.0459783Z;state=HalfOpen. excluded quest=9431;stage=Objective;scope=Objective;objective=0;retry=2026-09-12T04:00:23.0459783Z;state=HalfOpen.
[11:19:51.086] [D] [Pulse] Slow bot root: 133ms bot=Wholesome Auto Quest poi=QuestTurnIn combat=False
[11:19:51.982] [D] [Pulse] Slow bot root: 132ms bot=Wholesome Auto Quest poi=QuestTurnIn combat=False
[11:19:52.854] [D] [Pulse] Slow bot root: 133ms bot=Wholesome Auto Quest poi=QuestTurnIn combat=False
[11:19:53.721] [D] [Pulse] Slow bot root: 130ms bot=Wholesome Auto Quest poi=QuestTurnIn combat=False
[11:19:54.058] [D] [Pulse] Slow plugin: name=AutoEquip2 elapsed=300ms
[11:19:54.124] [D] [Pulse] Slow plugin: name=Tidy Bags 3 Reloaded elapsed=64ms
[11:19:54.125] [D] [Pulse] Slow shared pulse: total=403ms movement=0 objects=0 lua=0 info=0 loot=0 targeting=35 events=0 plugins=366 routine=0
[11:19:54.894] [D] [Pulse] Slow bot root: 133ms bot=Wholesome Auto Quest poi=QuestTurnIn combat=False
[11:19:55.766] [D] [Pulse] Slow bot root: 135ms bot=Wholesome Auto Quest poi=QuestTurnIn combat=False
[11:19:56.637] [D] [If] Condition is true, executing If body
[11:19:56.750] [N] [Objective] Goal: Kill Beaten Corpse x 1
[11:19:56.750] [D] Goal: Goal: Kill Beaten Corpse x 1
[11:19:56.751] [D] [GrindObjective] Using profile hotspots (1 points) for mob 10668
[11:19:56.973] [N] Mounting: 35022
[11:19:59.116] [D] Activity: Moving to hotspot
[11:19:59.169] [N] Loading 1_40_36
[11:19:59.169] [N] Loading 1_40_35
[11:19:59.169] [N] Loading 1_40_34
[11:19:59.281] [D] [Pulse] Slow bot root: 2779ms bot=Wholesome Auto Quest poi=QuestTurnIn combat=False
[11:19:59.450] [D] [QuestRecovery] quest=4841, stage=TurnIn, old=Attempting, new=Eligible, reason=None, episode=0, attempt=0, retry=
[11:20:00.285] [D] [Pulse] Slow bot root: 201ms bot=Wholesome Auto Quest poi=QuestTurnIn combat=False
[11:20:01.222] [D] [Pulse] Slow bot root: 203ms bot=Wholesome Auto Quest poi=QuestTurnIn combat=False
[11:20:02.160] [D] [Pulse] Slow bot root: 200ms bot=Wholesome Auto Quest poi=QuestTurnIn combat=False
[11:20:03.098] [D] [Pulse] Slow bot root: 200ms bot=Wholesome Auto Quest poi=QuestTurnIn combat=False
[11:20:04.914] [D] [Nav] Loaded 349 mesh tiles for one path query
[11:20:04.944] [N] Blacklisting Nyse for 5 minutes because we can't navigate to it.
[11:20:04.944] [D] Blacklisting F1300010DD0B9A95 for 00:05:00
[11:20:05.041] [D] [Pulse] Slow bot root: 1205ms bot=Wholesome Auto Quest poi=QuestTurnIn combat=False
[11:20:05.412] [D] [Pulse] Slow plugin: name=AutoEquip2 elapsed=300ms
[11:20:05.478] [D] [Pulse] Slow plugin: name=Tidy Bags 3 Reloaded elapsed=63ms
[11:20:05.479] [D] [Pulse] Slow shared pulse: total=437ms movement=0 objects=2 lua=30 info=0 loot=1 targeting=36 events=0 plugins=366 routine=0
[11:20:06.380] [D] [Pulse] Slow bot root: 233ms bot=Wholesome Auto Quest poi=QuestTurnIn combat=True
[11:20:06.482] [D] [Singular-DEBUG] Switched targets!
[11:20:06.482] [D] [Singular-DEBUG] Melee Distance: 5
[11:20:06.482] [D] [Singular-DEBUG] Health: 98.73096446700508
[11:20:06.482] [D] [Singular-DEBUG] Level: 26
[11:20:07.349] [D] Changed POI to: Type: Kill, Name: Crag Stalker, Guid: F13000101E0FE9CF, Entry: 4126, Location: (-5495.52, -2265.72, -55.83)
[11:20:07.349] [D] [Pulse] Slow bot root: 199ms bot=Wholesome Auto Quest poi=Kill combat=True
[11:20:08.215] [D] Dismount to kill bot poi.
[11:20:08.215] [D] Stop and dismount. Reason: Combat
[11:20:08.350] [D] [Pulse] Slow bot root: 268ms bot=Wholesome Auto Quest poi=Kill combat=True
[11:20:09.288] [D] [Pulse] Slow bot root: 201ms bot=Wholesome Auto Quest poi=Kill combat=True
[11:20:10.285] [N] [Singular] Casting Judgement of Light on Crag Stalker
[11:20:10.285] [D] Spell_C::CastSpell(20271, 0, 0xF13000101E0FE9CF, 0)
[11:20:10.319] [D] [Pulse] Slow bot root: 298ms bot=Wholesome Auto Quest poi=Kill combat=True
[11:20:11.320] [D] [Pulse] Slow bot root: 233ms bot=Wholesome Auto Quest poi=Kill combat=True
[11:20:12.283] [N] [Singular] Casting Exorcism on Crag Stalker
[11:20:12.283] [D] Spell_C::CastSpell(879, 0, 0xF13000101E0FE9CF, 0)
[11:20:12.318] [D] [Pulse] Slow bot root: 266ms bot=Wholesome Auto Quest poi=Kill combat=True
[11:20:13.223] [D] [Pulse] Slow bot root: 167ms bot=Wholesome Auto Quest poi=Kill combat=True
[11:20:14.123] [D] [Pulse] Slow bot root: 166ms bot=Wholesome Auto Quest poi=Kill combat=True
[11:20:15.029] [D] [Pulse] Slow bot root: 161ms bot=Wholesome Auto Quest poi=Kill combat=True
[11:20:15.965] [D] [Pulse] Slow bot root: 203ms bot=Wholesome Auto Quest poi=Kill combat=True
[11:20:16.095] [D] [Pulse] Slow plugin: name=Tidy Bags 3 Reloaded elapsed=61ms
[11:20:16.902] [D] [Pulse] Slow bot root: 173ms bot=Wholesome Auto Quest poi=Kill combat=True
[11:20:17.801] [D] [Pulse] Slow bot root: 173ms bot=Wholesome Auto Quest poi=Kill combat=True
[11:20:18.767] [N] [Singular] Casting Judgement of Light on Crag Stalker
[11:20:18.767] [D] Spell_C::CastSpell(20271, 0, 0xF13000101E0FE9CF, 0)
[11:20:18.802] [D] [Pulse] Slow bot root: 271ms bot=Wholesome Auto Quest poi=Kill combat=True
[11:20:19.736] [D] [Pulse] Slow bot root: 199ms bot=Wholesome Auto Quest poi=Kill combat=True
[11:20:20.603] [D] Cleared POI - Reason POI is dead from Combat
[11:20:20.603] [D] Cleared POI
[11:20:20.603] [D] [Pulse] Slow bot root: 133ms bot=Wholesome Auto Quest poi=None combat=True
[11:20:21.796] [D] [MeshNavigator] Skipped 3 path nodes
[11:20:21.872] [D] [Pulse] Slow bot root: 535ms bot=Wholesome Auto Quest poi=None combat=False
[11:20:23.112] [D] [Pulse] Slow bot root: 467ms bot=Wholesome Auto Quest poi=None combat=False
[11:20:23.682] [D] [QuestLog] Loaded 79 completed quests from Lua fallback
[11:20:24.793] [D] [Pulse] Slow bot root: 475ms bot=Wholesome Auto Quest poi=None combat=False
[11:20:26.000] [D] [Pulse] Slow bot root: 465ms bot=Wholesome Auto Quest poi=None combat=False
[11:20:26.335] [D] [Pulse] Slow plugin: name=AutoEquip2 elapsed=296ms
[11:20:26.400] [D] [Pulse] Slow plugin: name=Tidy Bags 3 Reloaded elapsed=64ms
[11:20:26.400] [D] [Pulse] Slow shared pulse: total=399ms movement=0 objects=0 lua=0 info=0 loot=0 targeting=36 events=0 plugins=361 routine=0
[11:20:27.206] [D] Activity: Setting Cloud Serpent at 18.9 yards as your target
[11:20:27.206] [D] [Pulse] Slow bot root: 168ms bot=Wholesome Auto Quest poi=None combat=False
[11:20:27.978] [D] Changed POI to: Type: Kill, Name: Cloud Serpent, Guid: F1300010150FEA1B, Entry: 4117, Location: (-5448.48, -2212.80, -59.35)
[11:20:28.074] [D] [Singular-DEBUG] Switched targets!
[11:20:28.074] [D] [Singular-DEBUG] Melee Distance: 5
[11:20:28.074] [D] [Singular-DEBUG] Health: 100
[11:20:28.074] [D] [Singular-DEBUG] Level: 26
[11:20:29.211] [D] [Pulse] Slow bot root: 503ms bot=Wholesome Auto Quest poi=Kill combat=False
[11:20:30.382] [D] [Pulse] Slow bot root: 433ms bot=Wholesome Auto Quest poi=Kill combat=False
[11:20:31.389] [N] [Singular] Casting Judgement of Light on Cloud Serpent
[11:20:31.389] [D] Spell_C::CastSpell(20271, 0, 0xF1300010150FEA1B, 0)
[11:20:31.423] [D] [Pulse] Slow bot root: 302ms bot=Wholesome Auto Quest poi=Kill combat=True
[11:20:32.428] [D] [Pulse] Slow bot root: 267ms bot=Wholesome Auto Quest poi=Kill combat=True
[11:20:33.469] [N] [Singular] Casting Exorcism on Cloud Serpent
[11:20:33.469] [D] Spell_C::CastSpell(879, 0, 0xF1300010150FEA1B, 0)
[11:20:33.504] [D] [Pulse] Slow bot root: 303ms bot=Wholesome Auto Quest poi=Kill combat=True
[11:20:34.405] [D] [Pulse] Slow bot root: 166ms bot=Wholesome Auto Quest poi=Kill combat=True
[11:20:35.312] [D] [Pulse] Slow bot root: 167ms bot=Wholesome Auto Quest poi=Kill combat=True
[11:20:36.253] [D] [Pulse] Slow bot root: 203ms bot=Wholesome Auto Quest poi=Kill combat=True
[11:20:37.250] [D] [Pulse] Slow bot root: 233ms bot=Wholesome Auto Quest poi=Kill combat=True
[11:20:37.351] [D] [Pulse] Slow plugin: name=Tidy Bags 3 Reloaded elapsed=63ms
[11:20:38.282] [N] [Singular] Casting Hammer of Justice on Cloud Serpent
[11:20:38.282] [D] Spell_C::CastSpell(5588, 0, 0xF1300010150FEA1B, 0)
[11:20:38.317] [D] [Pulse] Slow bot root: 331ms bot=Wholesome Auto Quest poi=Kill combat=True
[11:20:39.256] [D] [Pulse] Slow bot root: 171ms bot=Wholesome Auto Quest poi=Kill combat=True
[11:20:40.219] [N] [Singular] Casting Judgement of Light on Cloud Serpent
[11:20:40.219] [D] Spell_C::CastSpell(20271, 0, 0xF1300010150FEA1B, 0)
[11:20:40.253] [D] [Pulse] Slow bot root: 269ms bot=Wholesome Auto Quest poi=Kill combat=True
[11:20:41.195] [D] [Pulse] Slow bot root: 203ms bot=Wholesome Auto Quest poi=Kill combat=True
[11:20:42.102] [D] [Pulse] Slow bot root: 172ms bot=Wholesome Auto Quest poi=Kill combat=True
[11:20:43.004] [D] [Pulse] Slow bot root: 170ms bot=Wholesome Auto Quest poi=Kill combat=True
[11:20:43.867] [D] Cleared POI - Reason POI is dead from Combat
[11:20:43.867] [D] Cleared POI
[11:20:43.867] [D] [Pulse] Slow bot root: 133ms bot=Wholesome Auto Quest poi=None combat=False
[11:20:44.935] [D] Activity: Moving to hotspot
[11:20:45.171] [D] [Pulse] Slow bot root: 536ms bot=Wholesome Auto Quest poi=None combat=False
[11:20:46.406] [D] [Pulse] Slow bot root: 497ms bot=Wholesome Auto Quest poi=None combat=False
[11:20:46.716] [D] [Pulse] Slow plugin: name=AutoEquip2 elapsed=296ms
[11:20:46.782] [D] [Pulse] Slow shared pulse: total=375ms movement=0 objects=0 lua=0 info=0 loot=0 targeting=11 events=0 plugins=363 routine=0
[11:20:47.918] [D] [Pulse] Slow bot root: 499ms bot=Wholesome Auto Quest poi=None combat=False
[11:20:48.020] [D] [Pulse] Slow plugin: name=Tidy Bags 3 Reloaded elapsed=63ms
[11:20:49.124] [D] [Pulse] Slow bot root: 470ms bot=Wholesome Auto Quest poi=None combat=False
[11:20:50.364] [D] [Pulse] Slow bot root: 468ms bot=Wholesome Auto Quest poi=None combat=False
[11:20:51.600] [D] [Pulse] Slow bot root: 501ms bot=Wholesome Auto Quest poi=None combat=False
[11:20:52.840] [D] [Pulse] Slow bot root: 504ms bot=Wholesome Auto Quest poi=None combat=False
[11:20:54.345] [N] Mounting: 34769
[11:20:56.788] [D] [Pulse] Slow bot root: 3211ms bot=Wholesome Auto Quest poi=None combat=False
[11:20:57.155] [D] [Pulse] Slow plugin: name=AutoEquip2 elapsed=294ms
[11:20:57.221] [D] [Pulse] Slow shared pulse: total=432ms movement=0 objects=0 lua=33 info=0 loot=0 targeting=37 events=0 plugins=360 routine=0
[11:20:58.087] [D] [Pulse] Slow bot root: 232ms bot=Wholesome Auto Quest poi=None combat=False
[11:20:58.186] [D] [Pulse] Slow plugin: name=Tidy Bags 3 Reloaded elapsed=60ms
[11:20:59.019] [D] [Pulse] Slow bot root: 199ms bot=Wholesome Auto Quest poi=None combat=False
[11:21:00.024] [D] [Pulse] Slow bot root: 236ms bot=Wholesome Auto Quest poi=None combat=False
[11:21:00.992] [N] Loading 1_40_36
[11:21:00.992] [N] Loading 1_40_35
[11:21:00.992] [N] Loading 1_40_34
[11:21:00.992] [N] Loading 1_40_33
[11:21:00.992] [N] Loading 1_41_33
[11:21:00.992] [N] Loading 1_41_38
[11:21:00.992] [N] Loading 1_42_38
[11:21:00.992] [N] Loading 1_39_34
[11:21:00.992] [N] Loading 1_39_33
[11:21:00.992] [N] Loading 1_39_36
[11:21:00.992] [N] Loading 1_39_35
[11:21:00.992] [N] Loading 1_43_38
[11:21:00.992] [N] Loading 1_40_32
[11:21:00.992] [N] Loading 1_38_35
[11:21:00.992] [N] Loading 1_39_32
[11:21:00.992] [N] Loading 1_38_36
[11:21:00.992] [N] Loading 1_42_39
[11:21:00.992] [N] Loading 1_37_35
[11:21:00.992] [N] Loading 1_37_36
[11:21:00.992] [N] Loading 1_38_34
[11:21:00.992] [N] Loading 1_41_39
[11:21:00.992] [N] Loading 1_43_39
[11:21:00.992] [N] Loading 1_38_37
[11:21:00.992] [N] Loading 1_39_37
[11:21:00.992] [N] Loading 1_37_34
[11:21:00.992] [N] Loading 1_37_37
[11:21:00.997] [D] [Pulse] Slow bot root: 231ms bot=Wholesome Auto Quest poi=None combat=False
[11:21:01.963] [D] [Pulse] Slow bot root: 232ms bot=Wholesome Auto Quest poi=None combat=False
[11:21:02.969] [D] [Pulse] Slow bot root: 235ms bot=Wholesome Auto Quest poi=None combat=False
[11:21:03.902] [D] [Pulse] Slow bot root: 200ms bot=Wholesome Auto Quest poi=None combat=False
[11:21:04.835] [D] [Pulse] Slow bot root: 198ms bot=Wholesome Auto Quest poi=None combat=False
[11:21:05.765] [D] [Pulse] Slow bot root: 198ms bot=Wholesome Auto Quest poi=None combat=False
[11:21:06.738] [D] [Pulse] Slow bot root: 235ms bot=Wholesome Auto Quest poi=None combat=False
[11:21:07.743] [D] [Pulse] Slow bot root: 235ms bot=Wholesome Auto Quest poi=None combat=False
[11:21:08.110] [D] [Pulse] Slow plugin: name=AutoEquip2 elapsed=295ms
[11:21:08.176] [D] [Pulse] Slow shared pulse: total=432ms movement=0 objects=0 lua=34 info=0 loot=0 targeting=36 events=0 plugins=361 routine=0
[11:21:09.039] [D] [Pulse] Slow bot root: 232ms bot=Wholesome Auto Quest poi=None combat=False
[11:21:09.139] [D] [Pulse] Slow plugin: name=Tidy Bags 3 Reloaded elapsed=58ms
[11:21:10.005] [D] [Pulse] Slow bot root: 233ms bot=Wholesome Auto Quest poi=None combat=False
[11:21:10.980] [D] [Pulse] Slow bot root: 235ms bot=Wholesome Auto Quest poi=None combat=False
[11:21:11.913] [D] [Pulse] Slow bot root: 200ms bot=Wholesome Auto Quest poi=None combat=False
[11:21:12.885] [D] Activity: Setting Pesterhide Hyena at 21.2 yards as your target
[11:21:12.885] [D] Dismounting for combat.
[11:21:12.885] [D] Stop and dismount. Reason: Combat
[11:21:13.019] [D] [Pulse] Slow bot root: 368ms bot=Wholesome Auto Quest poi=None combat=False
[11:21:13.790] [D] Changed POI to: Type: Kill, Name: Pesterhide Hyena, Guid: F1300010980FEA97, Entry: 4248, Location: (-5340.31, -2061.03, -58.00)
[11:21:13.892] [D] [Singular-DEBUG] Switched targets!
[11:21:13.892] [D] [Singular-DEBUG] Melee Distance: 5
[11:21:13.892] [D] [Singular-DEBUG] Health: 100
[11:21:13.892] [D] [Singular-DEBUG] Level: 27
[11:21:14.926] [N] [Singular] Casting Exorcism on Pesterhide Hyena
[11:21:14.926] [D] Spell_C::CastSpell(879, 0, 0xF1300010980FEA97, 0)
[11:21:14.960] [D] [Pulse] Slow bot root: 436ms bot=Wholesome Auto Quest poi=Kill combat=False
[11:21:15.895] [D] [Pulse] Slow bot root: 198ms bot=Wholesome Auto Quest poi=Kill combat=False
[11:21:17.161] [D] [Pulse] Slow bot root: 529ms bot=Wholesome Auto Quest poi=Kill combat=True
[11:21:18.128] [N] [Singular] Casting Judgement of Light on Pesterhide Hyena
[11:21:18.128] [D] Spell_C::CastSpell(20271, 0, 0xF1300010980FEA97, 0)
[11:21:18.160] [D] [Pulse] Slow bot root: 266ms bot=Wholesome Auto Quest poi=Kill combat=True
[11:21:19.127] [D] [Pulse] Slow bot root: 197ms bot=Wholesome Auto Quest poi=Kill combat=True
[11:21:19.228] [D] [Pulse] Slow plugin: name=Tidy Bags 3 Reloaded elapsed=63ms
[11:21:19.262] [N] Facing wrong way, rotating
[11:21:20.094] [D] [Pulse] Slow bot root: 202ms bot=Wholesome Auto Quest poi=Kill combat=True
[11:21:21.029] [D] [Pulse] Slow bot root: 198ms bot=Wholesome Auto Quest poi=Kill combat=True
[11:21:21.936] [D] [Pulse] Slow bot root: 172ms bot=Wholesome Auto Quest poi=Kill combat=True
[11:21:22.839] [D] [Pulse] Slow bot root: 171ms bot=Wholesome Auto Quest poi=Kill combat=True
[11:21:23.743] [D] [Pulse] Slow bot root: 170ms bot=Wholesome Auto Quest poi=Kill combat=True
[11:21:24.342] [D] [QuestLog] Loaded 79 completed quests from Lua fallback
[11:21:25.146] [D] [Pulse] Slow bot root: 169ms bot=Wholesome Auto Quest poi=Kill combat=True
[11:21:26.050] [D] [Pulse] Slow bot root: 170ms bot=Wholesome Auto Quest poi=Kill combat=True
[11:21:27.017] [N] [Singular] Casting Judgement of Light on Pesterhide Hyena
[11:21:27.017] [D] Spell_C::CastSpell(20271, 0, 0xF1300010980FEA97, 0)
[11:21:27.050] [D] [Pulse] Slow bot root: 267ms bot=Wholesome Auto Quest poi=Kill combat=True
[11:21:27.992] [D] [Pulse] Slow bot root: 203ms bot=Wholesome Auto Quest poi=Kill combat=True
[11:21:28.901] [D] [Pulse] Slow bot root: 170ms bot=Wholesome Auto Quest poi=Kill combat=True
[11:21:29.801] [D] Cleared POI - Reason POI is dead from Combat
[11:21:29.801] [D] Cleared POI
[11:21:29.801] [D] [Pulse] Slow bot root: 135ms bot=Wholesome Auto Quest poi=None combat=False
[11:21:29.902] [D] [Pulse] Slow plugin: name=Tidy Bags 3 Reloaded elapsed=61ms
[11:21:30.872] [D] Activity: Moving to hotspot
[11:21:31.105] [D] [Pulse] Slow bot root: 569ms bot=Wholesome Auto Quest poi=None combat=False
[11:21:32.309] [D] [Pulse] Slow bot root: 465ms bot=Wholesome Auto Quest poi=None combat=False
[11:21:33.555] [D] [Pulse] Slow bot root: 500ms bot=Wholesome Auto Quest poi=None combat=False
[11:21:34.758] [D] [Pulse] Slow bot root: 467ms bot=Wholesome Auto Quest poi=None combat=False
[11:21:35.998] [D] [Pulse] Slow bot root: 470ms bot=Wholesome Auto Quest poi=None combat=False
[11:21:37.201] [D] [Pulse] Slow bot root: 469ms bot=Wholesome Auto Quest poi=None combat=False
[11:21:38.473] [D] [Pulse] Slow bot root: 501ms bot=Wholesome Auto Quest poi=None combat=False
[11:21:39.709] [D] [Pulse] Slow bot root: 502ms bot=Wholesome Auto Quest poi=None combat=False
[11:21:40.045] [D] [Pulse] Slow plugin: name=AutoEquip2 elapsed=300ms
[11:21:40.111] [D] [Pulse] Slow plugin: name=Tidy Bags 3 Reloaded elapsed=65ms
[11:21:40.111] [D] [Pulse] Slow shared pulse: total=402ms movement=0 objects=0 lua=0 info=0 loot=0 targeting=34 events=0 plugins=366 routine=0
[11:21:41.219] [N] Mounting: 34769
[11:21:43.425] [D] [Pulse] Slow bot root: 2678ms bot=Wholesome Auto Quest poi=None combat=False
[11:21:44.428] [D] [Pulse] Slow bot root: 231ms bot=Wholesome Auto Quest poi=None combat=False
[11:21:45.398] [D] [Pulse] Slow bot root: 233ms bot=Wholesome Auto Quest poi=None combat=False
[11:21:46.337] [D] [Pulse] Slow bot root: 201ms bot=Wholesome Auto Quest poi=None combat=False
[11:21:47.273] [D] [Pulse] Slow bot root: 198ms bot=Wholesome Auto Quest poi=None combat=False
[11:21:48.210] [D] [Pulse] Slow bot root: 199ms bot=Wholesome Auto Quest poi=None combat=False
[11:21:49.147] [D] [Pulse] Slow bot root: 199ms bot=Wholesome Auto Quest poi=None combat=False
[11:21:50.118] [D] [Pulse] Slow bot root: 200ms bot=Wholesome Auto Quest poi=None combat=False
[11:21:50.455] [D] [Pulse] Slow plugin: name=AutoEquip2 elapsed=299ms
[11:21:50.521] [D] [Pulse] Slow plugin: name=Tidy Bags 3 Reloaded elapsed=65ms
[11:21:50.521] [D] [Pulse] Slow shared pulse: total=402ms movement=0 objects=0 lua=0 info=0 loot=0 targeting=36 events=0 plugins=365 routine=0
[11:21:51.352] [D] [Pulse] Slow bot root: 198ms bot=Wholesome Auto Quest poi=None combat=False
[11:21:52.293] [D] [Pulse] Slow bot root: 203ms bot=Wholesome Auto Quest poi=None combat=False
[11:21:53.265] [D] Activity: Setting Rok'Alim the Pounder at 3.9 yards as your target
[11:21:53.265] [D] Dismounting for combat.
[11:21:53.265] [D] Stop and dismount. Reason: Combat
[11:21:53.396] [D] [Pulse] Slow bot root: 369ms bot=Wholesome Auto Quest poi=None combat=False
[11:21:54.134] [D] Changed POI to: Type: Kill, Name: Rok'Alim the Pounder, Guid: F1300011930FEB47, Entry: 4499, Location: (-5209.23, -1925.26, -62.31)
[11:21:54.234] [D] [Singular-DEBUG] Switched targets!
[11:21:54.234] [D] [Singular-DEBUG] Melee Distance: 5
[11:21:54.234] [D] [Singular-DEBUG] Health: 99.12739965095986
[11:21:54.234] [D] [Singular-DEBUG] Level: 30
[11:21:55.133] [N] [Singular] Casting Judgement of Light on Rok'Alim the Pounder
[11:21:55.133] [D] Spell_C::CastSpell(20271, 0, 0xF1300011930FEB47, 0)
[11:21:55.168] [D] [Pulse] Slow bot root: 302ms bot=Wholesome Auto Quest poi=Kill combat=True
[11:21:56.203] [N] [Singular] Casting Exorcism on Rok'Alim the Pounder
[11:21:56.203] [D] Spell_C::CastSpell(879, 0, 0xF1300011930FEB47, 0)
[11:21:56.238] [D] [Pulse] Slow bot root: 303ms bot=Wholesome Auto Quest poi=Kill combat=True
[11:21:57.147] [D] [Pulse] Slow bot root: 174ms bot=Wholesome Auto Quest poi=Kill combat=True
[11:21:58.052] [D] [Pulse] Slow bot root: 176ms bot=Wholesome Auto Quest poi=Kill combat=True
[11:21:58.948] [D] [Pulse] Slow bot root: 175ms bot=Wholesome Auto Quest poi=Kill combat=True
[11:21:59.912] [N] [Singular] Casting Exorcism on Rok'Alim the Pounder
[11:21:59.912] [D] Spell_C::CastSpell(879, 0, 0xF1300011930FEB47, 0)
[11:21:59.945] [D] [Pulse] Slow bot root: 267ms bot=Wholesome Auto Quest poi=Kill combat=True
[11:22:00.848] [D] [Pulse] Slow bot root: 166ms bot=Wholesome Auto Quest poi=Kill combat=True
[11:22:00.981] [D] [Pulse] Slow plugin: name=Tidy Bags 3 Reloaded elapsed=61ms
[11:22:01.790] [D] [Pulse] Slow bot root: 176ms bot=Wholesome Auto Quest poi=Kill combat=True
[11:22:02.691] [D] [Pulse] Slow bot root: 175ms bot=Wholesome Auto Quest poi=Kill combat=True
[11:22:03.649] [N] [Singular] Casting Judgement of Light on Rok'Alim the Pounder
[11:22:03.649] [D] Spell_C::CastSpell(20271, 0, 0xF1300011930FEB47, 0)
[11:22:03.685] [D] [Pulse] Slow bot root: 262ms bot=Wholesome Auto Quest poi=Kill combat=True
[11:22:04.653] [D] [Pulse] Slow bot root: 236ms bot=Wholesome Auto Quest poi=Kill combat=True
[11:22:05.562] [D] [Pulse] Slow bot root: 175ms bot=Wholesome Auto Quest poi=Kill combat=True
[11:22:06.464] [D] [Pulse] Slow bot root: 175ms bot=Wholesome Auto Quest poi=Kill combat=True
[11:22:07.397] [D] [Pulse] Slow bot root: 175ms bot=Wholesome Auto Quest poi=Kill combat=True
[11:22:08.331] [D] [Pulse] Slow bot root: 174ms bot=Wholesome Auto Quest poi=Kill combat=True
[11:22:09.230] [D] [Pulse] Slow bot root: 175ms bot=Wholesome Auto Quest poi=Kill combat=True
[11:22:10.133] [D] [Pulse] Slow bot root: 175ms bot=Wholesome Auto Quest poi=Kill combat=True
[11:22:11.034] [D] [Pulse] Slow bot root: 175ms bot=Wholesome Auto Quest poi=Kill combat=True
[11:22:11.127] [D] [Pulse] Slow plugin: name=Tidy Bags 3 Reloaded elapsed=63ms
[11:22:11.937] [D] [Pulse] Slow bot root: 176ms bot=Wholesome Auto Quest poi=Kill combat=True
[11:22:12.929] [N] [Singular] Casting Judgement of Light on Rok'Alim the Pounder
[11:22:12.930] [D] Spell_C::CastSpell(20271, 0, 0xF1300011930FEB47, 0)
[11:22:12.964] [D] [Pulse] Slow bot root: 269ms bot=Wholesome Auto Quest poi=Kill combat=True
[11:22:13.830] [D] Cleared POI - Reason POI is dead from Combat
[11:22:13.830] [D] Cleared POI
[11:22:13.830] [D] [Pulse] Slow bot root: 133ms bot=Wholesome Auto Quest poi=None combat=True
[11:22:14.835] [D] Activity: Moving to hotspot
[11:22:15.029] [N] Loading 1_41_37
[11:22:15.029] [N] Loading 1_42_37
[11:22:15.029] [N] Loading 1_40_33
[11:22:15.029] [N] Loading 1_41_33
[11:22:15.029] [N] Loading 1_39_34
[11:22:15.029] [N] Loading 1_39_33
[11:22:15.029] [N] Loading 1_39_36
[11:22:15.029] [N] Loading 1_39_35
[11:22:15.029] [N] Loading 1_41_38
[11:22:15.029] [N] Loading 1_42_38
[11:22:15.029] [N] Loading 1_40_32
[11:22:15.029] [N] Loading 1_38_35
[11:22:15.029] [N] Loading 1_39_32
[11:22:15.029] [N] Loading 1_38_36
[11:22:15.029] [N] Loading 1_37_35
[11:22:15.029] [N] Loading 1_37_36
[11:22:15.029] [N] Loading 1_38_34
[11:22:15.029] [N] Loading 1_43_37
[11:22:15.029] [N] Loading 1_43_38
[11:22:15.029] [N] Loading 1_38_37
[11:22:15.029] [N] Loading 1_39_37
[11:22:15.029] [N] Loading 1_37_34
[11:22:15.029] [N] Loading 1_37_37
[11:22:15.138] [D] [Pulse] Slow bot root: 573ms bot=Wholesome Auto Quest poi=None combat=True
[11:22:16.349] [D] [Pulse] Slow bot root: 472ms bot=Wholesome Auto Quest poi=None combat=False
[11:22:17.585] [D] [Pulse] Slow bot root: 494ms bot=Wholesome Auto Quest poi=None combat=False
[11:22:18.831] [D] [Pulse] Slow bot root: 478ms bot=Wholesome Auto Quest poi=None combat=False
[11:22:20.031] [D] [Pulse] Slow bot root: 467ms bot=Wholesome Auto Quest poi=None combat=False
[11:22:21.235] [D] [Pulse] Slow bot root: 468ms bot=Wholesome Auto Quest poi=None combat=False
[11:22:21.571] [D] [Pulse] Slow plugin: name=AutoEquip2 elapsed=299ms
[11:22:21.638] [D] [Pulse] Slow plugin: name=Tidy Bags 3 Reloaded elapsed=65ms
[11:22:21.638] [D] [Pulse] Slow shared pulse: total=403ms movement=0 objects=0 lua=0 info=0 loot=0 targeting=35 events=0 plugins=366 routine=0
[11:22:22.742] [D] [Pulse] Slow bot root: 471ms bot=Wholesome Auto Quest poi=None combat=False
[11:22:24.278] [N] Mounting: 35022
[11:22:26.457] [D] [Pulse] Slow bot root: 2943ms bot=Wholesome Auto Quest poi=None combat=False
[11:22:27.059] [D] [QuestLog] Loaded 79 completed quests from Lua fallback
[11:22:27.930] [D] [Pulse] Slow bot root: 235ms bot=Wholesome Auto Quest poi=None combat=False
[11:22:28.904] [D] [Pulse] Slow bot root: 202ms bot=Wholesome Auto Quest poi=None combat=False
[11:22:29.841] [D] [Pulse] Slow bot root: 200ms bot=Wholesome Auto Quest poi=None combat=False
[11:22:30.777] [D] [Pulse] Slow bot root: 197ms bot=Wholesome Auto Quest poi=None combat=False
[11:22:31.751] [D] [Pulse] Slow bot root: 232ms bot=Wholesome Auto Quest poi=None combat=False
[11:22:32.087] [D] [Pulse] Slow plugin: name=AutoEquip2 elapsed=300ms
[11:22:32.152] [D] [Pulse] Slow plugin: name=Tidy Bags 3 Reloaded elapsed=63ms
[11:22:32.152] [D] [Pulse] Slow shared pulse: total=401ms movement=0 objects=0 lua=0 info=0 loot=0 targeting=34 events=0 plugins=365 routine=0
[11:22:32.993] [D] [Pulse] Slow bot root: 202ms bot=Wholesome Auto Quest poi=None combat=False
[11:22:33.999] [D] [Pulse] Slow bot root: 234ms bot=Wholesome Auto Quest poi=None combat=False
[11:22:34.934] [D] [Pulse] Slow bot root: 199ms bot=Wholesome Auto Quest poi=None combat=False
[11:22:35.897] [D] [Pulse] Slow bot root: 233ms bot=Wholesome Auto Quest poi=None combat=False
[11:22:36.832] [D] [Pulse] Slow bot root: 200ms bot=Wholesome Auto Quest poi=None combat=False
[11:22:37.777] [D] [Pulse] Slow bot root: 198ms bot=Wholesome Auto Quest poi=None combat=False
[11:22:38.778] [D] [Pulse] Slow bot root: 234ms bot=Wholesome Auto Quest poi=None combat=False
[11:22:39.743] [D] [Pulse] Slow bot root: 199ms bot=Wholesome Auto Quest poi=None combat=False
[11:22:40.714] [D] [Pulse] Slow bot root: 234ms bot=Wholesome Auto Quest poi=None combat=False
[11:22:41.654] [D] [Pulse] Slow bot root: 200ms bot=Wholesome Auto Quest poi=None combat=False
[11:22:42.621] [D] [Pulse] Slow bot root: 233ms bot=Wholesome Auto Quest poi=None combat=False
[11:22:42.957] [D] [Pulse] Slow plugin: name=AutoEquip2 elapsed=300ms
[11:22:43.021] [D] [Pulse] Slow plugin: name=Tidy Bags 3 Reloaded elapsed=62ms
[11:22:43.022] [D] [Pulse] Slow shared pulse: total=400ms movement=0 objects=0 lua=0 info=0 loot=0 targeting=34 events=0 plugins=364 routine=0
[11:22:43.890] [D] [Pulse] Slow bot root: 232ms bot=Wholesome Auto Quest poi=None combat=False
[11:22:44.862] [D] [Pulse] Slow bot root: 199ms bot=Wholesome Auto Quest poi=None combat=False
[11:22:45.779] [N] Loading 1_43_36
[11:22:45.833] [D] [Pulse] Slow bot root: 237ms bot=Wholesome Auto Quest poi=None combat=False
[11:22:46.803] [D] [Pulse] Slow bot root: 233ms bot=Wholesome Auto Quest poi=None combat=False
[11:22:47.743] [D] [Pulse] Slow bot root: 202ms bot=Wholesome Auto Quest poi=None combat=False
[11:22:48.679] [D] [Pulse] Slow bot root: 202ms bot=Wholesome Auto Quest poi=None combat=False
[11:22:49.618] [D] [Pulse] Slow bot root: 201ms bot=Wholesome Auto Quest poi=None combat=False
[11:22:50.579] [D] [Pulse] Slow bot root: 198ms bot=Wholesome Auto Quest poi=None combat=False
[11:22:51.512] [D] [Pulse] Slow bot root: 199ms bot=Wholesome Auto Quest poi=None combat=False
[11:22:52.449] [D] [Pulse] Slow bot root: 199ms bot=Wholesome Auto Quest poi=None combat=False
[11:22:53.394] [D] [Pulse] Slow bot root: 202ms bot=Wholesome Auto Quest poi=None combat=False
[11:22:53.724] [D] [Pulse] Slow plugin: name=AutoEquip2 elapsed=292ms
[11:22:53.790] [D] [Pulse] Slow plugin: name=Tidy Bags 3 Reloaded elapsed=64ms
[11:22:53.790] [D] [Pulse] Slow shared pulse: total=396ms movement=0 objects=0 lua=0 info=0 loot=1 targeting=37 events=0 plugins=358 routine=0
[11:22:54.589] [D] [Nav] Ground movement made no progress for 3s despite repeated commands: from=(-5011.51, -1881.03, -1.39) waypoint=(-5011.28, -1881.46, -1.71) destination=(-1787.19, -2375.77, 91.77) moving=False speed=0.0 ctm=None. Trying validated detour, then stuck recovery.
[11:22:54.689] [D] [Nav] Following validated local detour: map=1 from=(-5011.51, -1881.03, -1.39) landing=(-5009.53, -1881.33, -1.08) destination=(-1787.19, -2375.77, 91.77)
[11:22:54.721] [D] [Pulse] Slow bot root: 298ms bot=Wholesome Auto Quest poi=None combat=False
[11:22:58.173] [D] Activity: Setting Grimtotem Stomper at 23.6 yards as your target
[11:22:58.173] [D] Dismounting for combat.
[11:22:58.173] [D] Stop and dismount. Reason: Combat
[11:22:58.474] [D] Changed POI to: Type: Kill, Name: Grimtotem Stomper, Guid: F130002A070FF02D, Entry: 10759, Location: (-4959.30, -1885.57, 13.01)
[11:22:58.498] [D] [Singular-DEBUG] Switched targets!
[11:22:58.498] [D] [Singular-DEBUG] Melee Distance: 6.5833335
[11:22:58.498] [D] [Singular-DEBUG] Health: 100
[11:22:58.498] [D] [Singular-DEBUG] Level: 26
[11:22:58.686] [N] [Singular] Casting Exorcism on Grimtotem Stomper
[11:22:58.686] [D] Spell_C::CastSpell(879, 0, 0xF130002A070FF02D, 0)
[11:23:00.350] [N] [Singular] Casting Judgement of Light on Grimtotem Stomper
[11:23:00.350] [D] Spell_C::CastSpell(20271, 0, 0xF130002A070FF02D, 0)
[11:23:01.874] [N] [Singular] Casting Exorcism on Grimtotem Stomper
[11:23:01.874] [D] Spell_C::CastSpell(879, 0, 0xF130002A070FF02D, 0)
[11:23:02.517] [N] [Singular] Currect target is invalid. Switching to Grimtotem Stomper!
[11:23:02.864] [D] [Singular-DEBUG] Switched targets!
[11:23:02.864] [D] [Singular-DEBUG] Melee Distance: 6.5833335
[11:23:02.864] [D] [Singular-DEBUG] Health: 67.10526315789474
[11:23:02.864] [D] [Singular-DEBUG] Level: 26
[11:23:08.843] [N] [Singular] Casting Judgement of Light on Grimtotem Stomper
[11:23:08.843] [D] Spell_C::CastSpell(20271, 0, 0xF130002A070FF02D, 0)
[11:23:09.389] [D] Cleared POI - Reason POI is dead from Combat
[11:23:09.389] [D] Cleared POI
[11:23:09.584] [D] Activity: Moving to hotspot
[11:23:09.650] [D] [Pulse] Slow bot root: 114ms bot=Wholesome Auto Quest poi=None combat=True
[11:23:10.155] [D] [Pulse] Slow bot root: 109ms bot=Wholesome Auto Quest poi=None combat=True
[11:23:11.800] [D] [Pulse] Slow bot root: 108ms bot=Wholesome Auto Quest poi=None combat=False
[11:23:12.565] [D] [Pulse] Slow bot root: 110ms bot=Wholesome Auto Quest poi=None combat=False
[11:23:12.898] [D] [Pulse] Slow bot root: 120ms bot=Wholesome Auto Quest poi=None combat=False
[11:23:13.160] [D] [Pulse] Slow bot root: 103ms bot=Wholesome Auto Quest poi=None combat=False
[11:23:13.462] [D] [Pulse] Slow bot root: 132ms bot=Wholesome Auto Quest poi=None combat=False
[11:23:13.766] [D] [Pulse] Slow bot root: 107ms bot=Wholesome Auto Quest poi=None combat=False
[11:23:13.852] [D] [Pulse] Slow plugin: name=AutoEquip2 elapsed=74ms
[11:23:14.099] [D] [Pulse] Slow bot root: 102ms bot=Wholesome Auto Quest poi=None combat=False
[11:23:14.580] [D] [Pulse] Slow bot root: 121ms bot=Wholesome Auto Quest poi=None combat=False
[11:23:19.497] [N] Mounting: 35022
[11:23:21.583] [D] [Nav] Ground movement made no progress for 3s despite repeated commands: from=(-4907.40, -1874.66, 31.14) waypoint=(-4906.12, -1872.84, 34.08) destination=(-1787.19, -2375.77, 91.77) moving=False speed=0.0 ctm=None. Trying validated detour, then stuck recovery.
[11:23:21.631] [D] [Nav] Loaded 19 mesh tiles for one path query
[11:23:21.672] [D] [Nav] Following validated local detour: map=1 from=(-4907.40, -1874.66, 31.14) landing=(-4906.14, -1873.11, 32.26) destination=(-1787.19, -2375.77, 91.77)
[11:23:21.678] [D] [Pulse] Slow bot root: 2248ms bot=Wholesome Auto Quest poi=None combat=False
[11:23:24.005] [D] [Pulse] Slow plugin: name=AutoEquip2 elapsed=57ms
[11:23:24.902] [D] Activity: Setting Grimtotem Geomancer at 21.9 yards as your target
[11:23:24.902] [D] Dismounting for combat.
[11:23:24.902] [D] Stop and dismount. Reason: Combat
[11:23:25.208] [D] Changed POI to: Type: Kill, Name: Grimtotem Geomancer, Guid: F130002A080FEFE3, Entry: 10760, Location: (-4871.85, -1842.55, 56.68)
[11:23:25.236] [D] [Singular-DEBUG] Switched targets!
[11:23:25.236] [D] [Singular-DEBUG] Melee Distance: 6.8833337
[11:23:25.236] [D] [Singular-DEBUG] Health: 100
[11:23:25.236] [D] [Singular-DEBUG] Level: 26
[11:23:25.475] [N] [Singular] Casting Exorcism on Grimtotem Geomancer
[11:23:25.475] [D] Spell_C::CastSpell(879, 0, 0xF130002A080FEFE3, 0)
[11:23:25.485] [D] [Pulse] Slow bot root: 103ms bot=Wholesome Auto Quest poi=Kill combat=False
[11:23:27.183] [N] [Singular] Casting Judgement of Light on Grimtotem Geomancer
[11:23:27.183] [D] Spell_C::CastSpell(20271, 0, 0xF130002A080FEFE3, 0)
[11:23:27.556] [D] [QuestLog] Loaded 79 completed quests from Lua fallback
[11:23:28.786] [N] [Singular] Casting Exorcism on Grimtotem Geomancer
[11:23:28.786] [D] Spell_C::CastSpell(879, 0, 0xF130002A080FEFE3, 0)
[11:23:35.197] [D] Cleared POI - Reason POI is dead from Combat
[11:23:35.197] [D] Cleared POI
[11:23:35.397] [D] Activity: Moving to hotspot
[11:23:35.453] [D] [Pulse] Slow bot root: 110ms bot=Wholesome Auto Quest poi=None combat=False
[11:23:44.234] [D] [Pulse] Slow plugin: name=AutoEquip2 elapsed=56ms
[11:23:45.337] [N] Mounting: 35022
[11:23:47.378] [D] [Pulse] Slow bot root: 2124ms bot=Wholesome Auto Quest poi=None combat=False
[11:23:50.062] [D] Activity: Setting Grimtotem Stomper at 22.5 yards as your target
[11:23:50.062] [D] Dismounting for combat.
[11:23:50.062] [D] Stop and dismount. Reason: Combat
[11:23:50.390] [D] Changed POI to: Type: Kill, Name: Grimtotem Stomper, Guid: F130002A070FE20E, Entry: 10759, Location: (-4760.61, -1876.54, 90.04)
[11:23:50.414] [D] [Singular-DEBUG] Switched targets!
[11:23:50.414] [D] [Singular-DEBUG] Melee Distance: 6.8833337
[11:23:50.414] [D] [Singular-DEBUG] Health: 100
[11:23:50.414] [D] [Singular-DEBUG] Level: 27
[11:23:50.608] [N] [Singular] Casting Exorcism on Grimtotem Stomper
[11:23:50.608] [D] Spell_C::CastSpell(879, 0, 0xF130002A070FE20E, 0)
[11:23:52.461] [N] [Singular] Casting Judgement of Light on Grimtotem Stomper
[11:23:52.461] [D] Spell_C::CastSpell(20271, 0, 0xF130002A070FE20E, 0)
[11:23:54.106] [N] [Singular] Casting Exorcism on Grimtotem Stomper
[11:23:54.106] [D] Spell_C::CastSpell(879, 0, 0xF130002A070FE20E, 0)
[11:23:57.097] [D] [Pulse] Slow plugin: name=Tidy Bags 3 Reloaded elapsed=39ms
[11:23:57.934] [D] [Pulse] Slow bot root: 200ms bot=Wholesome Auto Quest poi=Kill combat=True
[11:23:58.872] [D] [Pulse] Slow bot root: 174ms bot=Wholesome Auto Quest poi=Kill combat=True
[11:23:59.771] [D] [Pulse] Slow bot root: 172ms bot=Wholesome Auto Quest poi=Kill combat=True
[11:24:00.673] [D] [Pulse] Slow bot root: 172ms bot=Wholesome Auto Quest poi=Kill combat=True
[11:24:01.630] [N] [Singular] Casting Judgement of Light on Grimtotem Stomper
[11:24:01.630] [D] Spell_C::CastSpell(20271, 0, 0xF130002A070FE20E, 0)
[11:24:01.663] [D] [Pulse] Slow bot root: 266ms bot=Wholesome Auto Quest poi=Kill combat=True
[11:24:02.533] [D] Cleared POI - Reason POI is dead from Combat
[11:24:02.533] [D] Cleared POI
[11:24:02.533] [D] [Pulse] Slow bot root: 132ms bot=Wholesome Auto Quest poi=None combat=True
[11:24:03.573] [D] Activity: Moving to hotspot
[11:24:03.806] [D] [Pulse] Slow bot root: 535ms bot=Wholesome Auto Quest poi=None combat=False
[11:24:05.041] [D] [Pulse] Slow bot root: 466ms bot=Wholesome Auto Quest poi=None combat=False
[11:24:05.376] [D] [Pulse] Slow plugin: name=AutoEquip2 elapsed=297ms
[11:24:05.444] [D] [Pulse] Slow shared pulse: total=402ms movement=0 objects=0 lua=0 info=0 loot=0 targeting=36 events=0 plugins=365 routine=0
[11:24:06.556] [D] [Pulse] Slow bot root: 479ms bot=Wholesome Auto Quest poi=None combat=True
[11:24:06.656] [D] [Singular-DEBUG] Switched targets!
[11:24:06.656] [D] [Singular-DEBUG] Melee Distance: 6.5833335
[11:24:06.656] [D] [Singular-DEBUG] Health: 100
[11:24:06.656] [D] [Singular-DEBUG] Level: 27
[11:24:07.661] [D] [Pulse] Slow bot root: 366ms bot=Wholesome Auto Quest poi=None combat=True
[11:24:07.762] [D] [Pulse] Slow plugin: name=Tidy Bags 3 Reloaded elapsed=61ms
[11:24:08.605] [D] [Pulse] Slow bot root: 206ms bot=Wholesome Auto Quest poi=None combat=True
[11:24:09.577] [D] [Pulse] Slow bot root: 207ms bot=Wholesome Auto Quest poi=None combat=True
[11:24:10.571] [N] [Singular] Casting Divine Protection on Myself
[11:24:10.572] [D] Spell_C::CastSpell(498, 0, 0x6000000007EAB80, 0)
[11:24:10.604] [D] [Pulse] Slow bot root: 268ms bot=Wholesome Auto Quest poi=None combat=True
[11:24:11.604] [N] [Singular] Casting Judgement of Light on Grimtotem Geomancer
[11:24:11.604] [D] Spell_C::CastSpell(20271, 0, 0xF130002A080FEC28, 0)
[11:24:11.638] [D] [Pulse] Slow bot root: 302ms bot=Wholesome Auto Quest poi=None combat=True
[11:24:12.644] [D] [Pulse] Slow bot root: 267ms bot=Wholesome Auto Quest poi=None combat=True
[11:24:13.612] [N] [Singular] Casting Exorcism on Grimtotem Geomancer
[11:24:13.612] [D] Spell_C::CastSpell(879, 0, 0xF130002A080FEC28, 0)
[11:24:13.647] [D] [Pulse] Slow bot root: 265ms bot=Wholesome Auto Quest poi=None combat=True
[11:24:14.584] [D] [Pulse] Slow bot root: 200ms bot=Wholesome Auto Quest poi=None combat=True
[11:24:15.525] [D] [Pulse] Slow bot root: 174ms bot=Wholesome Auto Quest poi=None combat=True
[11:24:16.463] [D] [Pulse] Slow bot root: 207ms bot=Wholesome Auto Quest poi=None combat=True
[11:24:17.427] [D] [Pulse] Slow bot root: 237ms bot=Wholesome Auto Quest poi=None combat=True
[11:24:18.495] [D] [Pulse] Slow bot root: 333ms bot=Wholesome Auto Quest poi=None combat=True
[11:24:18.596] [D] [Pulse] Slow plugin: name=Tidy Bags 3 Reloaded elapsed=61ms
[11:24:19.565] [D] [Pulse] Slow bot root: 331ms bot=Wholesome Auto Quest poi=None combat=True
[11:24:20.536] [N] [Singular] Casting Judgement of Light on Grimtotem Geomancer
[11:24:20.536] [D] Spell_C::CastSpell(20271, 0, 0xF130002A080FEC28, 0)
[11:24:20.571] [D] [Pulse] Slow bot root: 271ms bot=Wholesome Auto Quest poi=None combat=True
[11:24:21.474] [N] [Singular] Currect target is invalid. Switching to Grimtotem Stomper!
[11:24:21.508] [D] [Pulse] Slow bot root: 166ms bot=Wholesome Auto Quest poi=None combat=True
[11:24:22.339] [D] [Singular-DEBUG] Switched targets!
[11:24:22.339] [D] [Singular-DEBUG] Melee Distance: 6.5833335
[11:24:22.339] [D] [Singular-DEBUG] Health: 95.30386740331491
[11:24:22.339] [D] [Singular-DEBUG] Level: 27
[11:24:23.169] [D] [Pulse] Slow bot root: 196ms bot=Wholesome Auto Quest poi=None combat=True
[11:24:24.242] [N] [Singular] Casting Exorcism on Grimtotem Stomper
[11:24:24.242] [D] Spell_C::CastSpell(879, 0, 0xF130002A070FB999, 0)
[11:24:24.277] [D] [Pulse] Slow bot root: 369ms bot=Wholesome Auto Quest poi=None combat=True
[11:24:25.247] [D] [Pulse] Slow bot root: 236ms bot=Wholesome Auto Quest poi=None combat=True
[11:24:26.152] [D] [Pulse] Slow bot root: 165ms bot=Wholesome Auto Quest poi=None combat=True
[11:24:27.091] [N] [Singular] Casting Holy Light on Myself
[11:24:27.091] [D] Spell_C::CastSpell(1026, 0, 0x6000000007EAB80, 0)
[11:24:27.125] [D] [Pulse] Slow bot root: 203ms bot=Wholesome Auto Quest poi=None combat=True
[11:24:28.436] [D] [QuestLog] Loaded 79 completed quests from Lua fallback
[11:24:29.172] [D] [Pulse] Slow plugin: name=Tidy Bags 3 Reloaded elapsed=61ms
[11:24:30.883] [D] [Pulse] Slow bot root: 338ms bot=Wholesome Auto Quest poi=None combat=True
[11:24:31.785] [D] [Pulse] Slow bot root: 171ms bot=Wholesome Auto Quest poi=None combat=True
[11:24:32.725] [D] [Pulse] Slow bot root: 173ms bot=Wholesome Auto Quest poi=None combat=True
[11:24:33.632] [D] [Pulse] Slow bot root: 175ms bot=Wholesome Auto Quest poi=None combat=True
[11:24:34.535] [D] [Pulse] Slow bot root: 173ms bot=Wholesome Auto Quest poi=None combat=True
[11:24:35.428] [N] [Singular] Casting Holy Light on Myself
[11:24:35.428] [D] Spell_C::CastSpell(1026, 0, 0x6000000007EAB80, 0)
[11:24:35.461] [D] [Pulse] Slow bot root: 199ms bot=Wholesome Auto Quest poi=None combat=True
[11:24:39.275] [D] [Pulse] Slow plugin: name=Tidy Bags 3 Reloaded elapsed=62ms
[11:24:40.107] [N] [Singular] Casting Holy Light on Myself
[11:24:40.107] [D] Spell_C::CastSpell(1026, 0, 0x6000000007EAB80, 0)
[11:24:40.141] [D] [Pulse] Slow bot root: 197ms bot=Wholesome Auto Quest poi=None combat=True
[11:24:45.540] [N] [Singular] Casting Hand of Freedom on Myself
[11:24:45.540] [D] Spell_C::CastSpell(1044, 0, 0x6000000007EAB80, 0)
[11:24:45.575] [D] [Pulse] Slow bot root: 234ms bot=Wholesome Auto Quest poi=None combat=True
[11:24:46.550] [D] [Pulse] Slow bot root: 237ms bot=Wholesome Auto Quest poi=None combat=True
[11:24:47.552] [N] [Singular] Casting Judgement of Light on Grimtotem Stomper
[11:24:47.552] [D] Spell_C::CastSpell(20271, 0, 0xF130002A070FB999, 0)
[11:24:47.586] [D] [Pulse] Slow bot root: 300ms bot=Wholesome Auto Quest poi=None combat=True
[11:24:48.629] [D] [Pulse] Slow bot root: 273ms bot=Wholesome Auto Quest poi=None combat=True
[11:24:49.597] [N] [Singular] Casting Exorcism on Grimtotem Stomper
[11:24:49.597] [D] Spell_C::CastSpell(879, 0, 0xF130002A070FB999, 0)
[11:24:49.629] [D] [Pulse] Slow bot root: 268ms bot=Wholesome Auto Quest poi=None combat=True
[11:24:49.730] [D] [Pulse] Slow plugin: name=Tidy Bags 3 Reloaded elapsed=61ms
[11:24:50.533] [D] [Pulse] Slow bot root: 167ms bot=Wholesome Auto Quest poi=None combat=True
[11:24:51.440] [D] [Pulse] Slow bot root: 170ms bot=Wholesome Auto Quest poi=None combat=True
[11:24:52.742] [N] [Singular] Currect target is invalid. Switching to Grimtotem Bandit!
[11:24:52.776] [D] [Pulse] Slow bot root: 601ms bot=Wholesome Auto Quest poi=None combat=True
[11:24:53.647] [D] [Singular-DEBUG] Switched targets!
[11:24:53.647] [D] [Singular-DEBUG] Melee Distance: 6.5833335
[11:24:53.647] [D] [Singular-DEBUG] Health: 98.63945578231292
[11:24:53.647] [D] [Singular-DEBUG] Level: 25
[11:24:54.482] [D] [Pulse] Slow bot root: 201ms bot=Wholesome Auto Quest poi=None combat=True
[11:24:55.452] [D] [Pulse] Slow bot root: 237ms bot=Wholesome Auto Quest poi=None combat=True
[11:24:56.418] [N] [Singular] Casting Judgement of Light on Grimtotem Bandit
[11:24:56.418] [D] Spell_C::CastSpell(20271, 0, 0xF130002A060FB996, 0)
[11:24:56.452] [D] [Pulse] Slow bot root: 268ms bot=Wholesome Auto Quest poi=None combat=True
[11:24:57.390] [D] [Pulse] Slow bot root: 203ms bot=Wholesome Auto Quest poi=None combat=True
[11:24:58.294] [D] [Pulse] Slow bot root: 173ms bot=Wholesome Auto Quest poi=None combat=True
[11:24:59.229] [D] [Pulse] Slow bot root: 176ms bot=Wholesome Auto Quest poi=None combat=True
[11:25:00.129] [D] [Pulse] Slow bot root: 171ms bot=Wholesome Auto Quest poi=None combat=True
[11:25:00.222] [D] [Pulse] Slow plugin: name=Tidy Bags 3 Reloaded elapsed=61ms
[11:25:01.032] [D] [Pulse] Slow bot root: 174ms bot=Wholesome Auto Quest poi=None combat=True
[11:25:01.928] [D] [Pulse] Slow bot root: 172ms bot=Wholesome Auto Quest poi=None combat=True
[11:25:02.826] [D] [Pulse] Slow bot root: 171ms bot=Wholesome Auto Quest poi=None combat=True
[11:25:03.727] [D] [Pulse] Slow bot root: 173ms bot=Wholesome Auto Quest poi=None combat=True
[11:25:04.689] [N] [Singular] Casting Flash of Light on Myself
[11:25:04.689] [D] Spell_C::CastSpell(19939, 0, 0x6000000007EAB80, 0)
[11:25:04.722] [D] [Pulse] Slow bot root: 234ms bot=Wholesome Auto Quest poi=None combat=True
[11:25:07.234] [D] [Pulse] Slow bot root: 303ms bot=Wholesome Auto Quest poi=None combat=True
[11:25:08.146] [D] [Pulse] Slow bot root: 175ms bot=Wholesome Auto Quest poi=None combat=True
[11:25:09.046] [D] [Pulse] Slow bot root: 172ms bot=Wholesome Auto Quest poi=None combat=True
[11:25:09.241] [N] Eating Stormwind Brie
[11:25:09.308] [N] Drinking Sweet Nectar
[11:25:09.341] [N] [Wholesome Auto Quest] Rest: HP=49% MP=14% — paused (ate) (drank)
[11:25:10.279] [D] [Pulse] Slow plugin: name=Tidy Bags 3 Reloaded elapsed=63ms
[11:25:18.593] [D] [Pulse] Slow plugin: name=AutoEquip2 elapsed=299ms
[11:25:18.658] [D] [Pulse] Slow shared pulse: total=401ms movement=0 objects=0 lua=0 info=0 loot=0 targeting=35 events=0 plugins=364 routine=0
[11:25:20.297] [D] [Pulse] Slow plugin: name=Tidy Bags 3 Reloaded elapsed=61ms
[11:25:22.610] [N] [Wholesome Auto Quest] Rest done — HP=100% MP=65%
[11:25:23.348] [D] [Pulse] Slow bot root: 135ms bot=Wholesome Auto Quest poi=None combat=False
[11:25:24.217] [D] [Pulse] Slow bot root: 133ms bot=Wholesome Auto Quest poi=None combat=False
[11:25:25.121] [D] [Pulse] Slow bot root: 133ms bot=Wholesome Auto Quest poi=None combat=False
[11:25:25.992] [D] [Pulse] Slow bot root: 132ms bot=Wholesome Auto Quest poi=None combat=False
[11:25:26.859] [D] [Pulse] Slow bot root: 134ms bot=Wholesome Auto Quest poi=None combat=False
[11:25:27.728] [D] [Pulse] Slow bot root: 133ms bot=Wholesome Auto Quest poi=None combat=False
[11:25:28.594] [D] [Pulse] Slow bot root: 132ms bot=Wholesome Auto Quest poi=None combat=False
[11:25:28.932] [D] [Pulse] Slow plugin: name=AutoEquip2 elapsed=301ms
[11:25:28.998] [D] [Pulse] Slow shared pulse: total=403ms movement=0 objects=0 lua=0 info=0 loot=0 targeting=35 events=0 plugins=367 routine=0
[11:25:29.467] [D] [QuestLog] Loaded 79 completed quests from Lua fallback
[11:25:30.241] [D] [Pulse] Slow bot root: 136ms bot=Wholesome Auto Quest poi=None combat=False
[11:25:30.343] [D] [Pulse] Slow plugin: name=Tidy Bags 3 Reloaded elapsed=63ms
[11:25:31.109] [D] [Pulse] Slow bot root: 135ms bot=Wholesome Auto Quest poi=None combat=False
[11:25:31.981] [D] [Pulse] Slow bot root: 133ms bot=Wholesome Auto Quest poi=None combat=False
[11:25:32.850] [D] [Pulse] Slow bot root: 135ms bot=Wholesome Auto Quest poi=None combat=False
[11:25:33.722] [D] [Pulse] Slow bot root: 135ms bot=Wholesome Auto Quest poi=None combat=False
[11:25:34.592] [D] [Pulse] Slow bot root: 133ms bot=Wholesome Auto Quest poi=None combat=False
[11:25:35.494] [D] [Pulse] Slow bot root: 132ms bot=Wholesome Auto Quest poi=None combat=False
[11:25:36.365] [D] [Pulse] Slow bot root: 133ms bot=Wholesome Auto Quest poi=None combat=False
[11:25:37.269] [N] [Singular] Casting Blessing of Kings on Myself
[11:25:37.269] [D] Spell_C::CastSpell(20217, 0, 0x6000000007EAB80, 0)
[11:25:37.303] [D] [Pulse] Slow bot root: 203ms bot=Wholesome Auto Quest poi=None combat=False
[11:25:38.443] [N] Mounting: 34769
[11:25:40.629] [N] Loading 1_42_35
[11:25:40.629] [N] Loading 1_42_34
[11:25:40.629] [N] Loading 1_38_35
[11:25:40.629] [N] Loading 1_38_36
[11:25:40.629] [N] Loading 1_42_36
[11:25:40.629] [N] Loading 1_37_35
[11:25:40.629] [N] Loading 1_37_36
[11:25:40.629] [N] Loading 1_38_34
[11:25:40.629] [N] Loading 1_40_33
[11:25:40.629] [N] Loading 1_41_33
[11:25:40.629] [N] Loading 1_38_37
[11:25:40.629] [N] Loading 1_39_37
[11:25:40.629] [N] Loading 1_39_33
[11:25:40.629] [N] Loading 1_37_34
[11:25:40.629] [N] Loading 1_37_37
[11:25:40.629] [N] Loading 1_41_37
[11:25:40.629] [N] Loading 1_42_37
[11:25:40.718] [D] [Pulse] Slow bot root: 2675ms bot=Wholesome Auto Quest poi=None combat=False
[11:25:41.087] [D] [Pulse] Slow plugin: name=AutoEquip2 elapsed=298ms
[11:25:41.153] [D] [Pulse] Slow plugin: name=Tidy Bags 3 Reloaded elapsed=64ms
[11:25:41.153] [D] [Pulse] Slow shared pulse: total=435ms movement=0 objects=0 lua=32 info=0 loot=0 targeting=36 events=0 plugins=364 routine=0
[11:25:42.022] [D] [Pulse] Slow bot root: 201ms bot=Wholesome Auto Quest poi=None combat=False
[11:25:42.992] [D] [Pulse] Slow bot root: 235ms bot=Wholesome Auto Quest poi=None combat=False
[11:25:43.962] [D] [Pulse] Slow bot root: 234ms bot=Wholesome Auto Quest poi=None combat=False
[11:25:44.901] [D] [Pulse] Slow bot root: 201ms bot=Wholesome Auto Quest poi=None combat=False
[11:25:45.880] [D] [Pulse] Slow bot root: 236ms bot=Wholesome Auto Quest poi=None combat=False
[11:25:46.881] [D] [Pulse] Slow bot root: 234ms bot=Wholesome Auto Quest poi=None combat=False
[11:25:47.818] [D] [Pulse] Slow bot root: 201ms bot=Wholesome Auto Quest poi=None combat=False
[11:25:48.770] [D] [Pulse] Slow bot root: 198ms bot=Wholesome Auto Quest poi=None combat=False
[11:25:49.705] [D] [Pulse] Slow bot root: 199ms bot=Wholesome Auto Quest poi=None combat=False
[11:25:50.642] [D] Changed POI to: Type: Kill, Name: Grimtotem Geomancer, Guid: F130002A080FE24E, Entry: 10760, Location: (-4861.50, -1944.73, 86.32)
[11:25:50.642] [D] [Pulse] Slow bot root: 203ms bot=Wholesome Auto Quest poi=Kill combat=True
[11:25:50.742] [D] [Singular-DEBUG] Switched targets!
[11:25:50.742] [D] [Singular-DEBUG] Melee Distance: 6.8833337
[11:25:50.742] [D] [Singular-DEBUG] Health: 100
[11:25:50.742] [D] [Singular-DEBUG] Level: 27
[11:25:51.514] [D] Dismount for attacker.
[11:25:51.514] [D] Stop and dismount. Reason: Combat
[11:25:51.546] [D] [Pulse] Slow bot root: 165ms bot=Wholesome Auto Quest poi=Kill combat=True
[11:25:51.678] [D] [Pulse] Slow plugin: name=Tidy Bags 3 Reloaded elapsed=60ms
[11:25:52.514] [D] [Pulse] Slow bot root: 198ms bot=Wholesome Auto Quest poi=Kill combat=True
[11:25:53.548] [N] [Singular] Casting Judgement of Light on Grimtotem Geomancer
[11:25:53.548] [D] Spell_C::CastSpell(20271, 0, 0xF130002A080FE24E, 0)
[11:25:53.584] [D] [Pulse] Slow bot root: 337ms bot=Wholesome Auto Quest poi=Kill combat=True
[11:25:54.753] [D] [Pulse] Slow bot root: 432ms bot=Wholesome Auto Quest poi=Kill combat=True
[11:25:55.757] [N] [Singular] Casting Exorcism on Grimtotem Geomancer
[11:25:55.757] [D] Spell_C::CastSpell(879, 0, 0xF130002A080FE24E, 0)
[11:25:55.790] [D] [Pulse] Slow bot root: 301ms bot=Wholesome Auto Quest poi=Kill combat=True
[11:25:56.692] [D] [Pulse] Slow bot root: 163ms bot=Wholesome Auto Quest poi=Kill combat=True
[11:25:57.629] [D] [Pulse] Slow bot root: 166ms bot=Wholesome Auto Quest poi=Kill combat=True
[11:25:58.537] [D] [Pulse] Slow bot root: 173ms bot=Wholesome Auto Quest poi=Kill combat=True
[11:25:59.464] [D] [Pulse] Slow bot root: 185ms bot=Wholesome Auto Quest poi=Kill combat=True
[11:26:00.369] [D] [Pulse] Slow bot root: 173ms bot=Wholesome Auto Quest poi=Kill combat=True
[11:26:01.228] [D] Cleared POI - Reason POI is dead from Combat
[11:26:01.228] [D] Cleared POI
[11:26:01.228] [D] [Pulse] Slow bot root: 132ms bot=Wholesome Auto Quest poi=None combat=False
[11:26:02.171] [D] [Pulse] Slow bot root: 205ms bot=Wholesome Auto Quest poi=None combat=False
[11:26:02.286] [D] [Pulse] Slow plugin: name=AutoEquip2 elapsed=86ms
[11:26:02.639] [D] [Pulse] Slow bot root: 128ms bot=Wholesome Auto Quest poi=None combat=False
[11:26:03.623] [D] [Pulse] Slow bot root: 104ms bot=Wholesome Auto Quest poi=None combat=False
[11:26:03.915] [D] [Pulse] Slow bot root: 104ms bot=Wholesome Auto Quest poi=None combat=False
[11:26:04.102] [D] Activity: Setting Grimtotem Stomper at 13.9 yards as your target
[11:26:04.411] [D] [Singular-DEBUG] Switched targets!
[11:26:04.411] [D] [Singular-DEBUG] Melee Distance: 6.5833335
[11:26:04.411] [D] [Singular-DEBUG] Health: 100
[11:26:04.411] [D] [Singular-DEBUG] Level: 27
[11:26:04.532] [D] Changed POI to: Type: Kill, Name: Grimtotem Stomper, Guid: F130002A070FE2E3, Entry: 10759, Location: (-4874.44, -1969.47, 91.36)
[11:26:04.951] [N] [Singular] Casting Judgement of Light on Grimtotem Stomper
[11:26:04.951] [D] Spell_C::CastSpell(20271, 0, 0xF130002A070FE2E3, 0)
[11:26:12.723] [N] [Singular] Casting Exorcism on Grimtotem Stomper
[11:26:12.723] [D] Spell_C::CastSpell(879, 0, 0xF130002A070FE2E3, 0)
[11:26:15.260] [N] [Singular] Casting Holy Light on Myself
[11:26:15.260] [D] Spell_C::CastSpell(1026, 0, 0x6000000007EAB80, 0)
[11:26:19.219] [N] [Singular] Casting Holy Light on Myself
[11:26:19.219] [D] Spell_C::CastSpell(1026, 0, 0x6000000007EAB80, 0)
[11:26:23.189] [N] [Singular] Casting Hand of Freedom on Myself
[11:26:23.189] [D] Spell_C::CastSpell(1044, 0, 0x6000000007EAB80, 0)
[11:26:24.737] [N] [Singular] Casting Holy Light on Myself
[11:26:24.737] [D] Spell_C::CastSpell(1026, 0, 0x6000000007EAB80, 0)
[11:26:28.059] [N] [Singular] Casting Judgement of Light on Grimtotem Stomper
[11:26:28.059] [D] Spell_C::CastSpell(20271, 0, 0xF130002A070FE2E3, 0)
[11:26:28.593] [D] Cleared POI - Reason POI is dead from Combat
[11:26:28.593] [D] Cleared POI
[11:26:28.758] [N] [Singular] Currect target is invalid. Switching to Grimtotem Stomper!
[11:26:29.093] [D] [Singular-DEBUG] Switched targets!
[11:26:29.093] [D] [Singular-DEBUG] Melee Distance: 6.5833335
[11:26:29.093] [D] [Singular-DEBUG] Health: 94.73684210526316
[11:26:29.093] [D] [Singular-DEBUG] Level: 26
[11:26:29.838] [D] [QuestLog] Loaded 79 completed quests from Lua fallback
[11:26:29.990] [N] [Singular] Casting Holy Light on Myself
[11:26:29.990] [D] Spell_C::CastSpell(1026, 0, 0x6000000007EAB80, 0)
[11:26:34.051] [N] [Singular] Casting Exorcism on Grimtotem Stomper
[11:26:34.051] [D] Spell_C::CastSpell(879, 0, 0xF130002A070FE30A, 0)
[11:26:43.131] [N] [Singular] Casting Lay on Hands on Myself
[11:26:43.131] [D] Spell_C::CastSpell(633, 0, 0x6000000007EAB80, 0)
[11:26:47.675] [N] [Singular] Casting Judgement of Light on Grimtotem Stomper
[11:26:47.675] [D] Spell_C::CastSpell(20271, 0, 0xF130002A070FE30A, 0)
[11:26:50.873] [N] [Singular] Currect target is invalid. Switching to Grimtotem Geomancer!
[11:26:51.062] [D] [Singular-DEBUG] Switched targets!
[11:26:51.062] [D] [Singular-DEBUG] Melee Distance: 6.5833335
[11:26:51.062] [D] [Singular-DEBUG] Health: 100
[11:26:51.062] [D] [Singular-DEBUG] Level: 27
[11:27:02.885] [N] [Singular] Casting Judgement of Light on Grimtotem Geomancer
[11:27:02.885] [D] Spell_C::CastSpell(20271, 0, 0xF130002A080FB8E3, 0)
[11:27:07.525] [D] [Pulse] Slow bot root: 104ms bot=Wholesome Auto Quest poi=None combat=True
[11:27:08.127] [D] [Pulse] Slow bot root: 106ms bot=Wholesome Auto Quest poi=None combat=True
[11:27:09.872] [N] [Singular] Currect target is invalid. Switching to Grimtotem Geomancer!
[11:27:10.206] [D] [Singular-DEBUG] Switched targets!
[11:27:10.206] [D] [Singular-DEBUG] Melee Distance: 6.5833335
[11:27:10.206] [D] [Singular-DEBUG] Health: 88.87122416534181
[11:27:10.206] [D] [Singular-DEBUG] Level: 26
[11:27:12.904] [D] [Pulse] Slow bot root: 102ms bot=Wholesome Auto Quest poi=None combat=True
[11:27:15.032] [D] [Pulse] Slow bot root: 100ms bot=Wholesome Auto Quest poi=None combat=True
[11:27:18.449] [N] [Singular] Casting Judgement of Light on Grimtotem Geomancer
[11:27:18.449] [D] Spell_C::CastSpell(20271, 0, 0xF130002A080FE335, 0)
[11:27:19.132] [D] [Pulse] Slow bot root: 204ms bot=Wholesome Auto Quest poi=None combat=True
[11:27:19.347] [D] Activity: Moving to hotspot
[11:27:19.372] [N] Loading 1_34_35
[11:27:19.373] [N] Loading 1_34_36
[11:27:19.374] [N] Loading 1_34_37
[11:27:19.375] [N] Loading 1_35_35
[11:27:19.376] [N] Loading 1_35_36
[11:27:19.377] [N] Loading 1_35_37
[11:27:19.378] [N] Loading 1_36_35
[11:27:19.379] [N] Loading 1_36_36
[11:27:19.381] [N] Loading 1_36_37
[11:27:19.415] [N] Loading 1_39_36
[11:27:19.415] [N] Loading 1_39_35
[11:27:19.415] [N] Loading 1_38_35
[11:27:19.415] [N] Loading 1_38_36
[11:27:19.415] [N] Loading 1_37_35
[11:27:19.415] [N] Loading 1_39_34
[11:27:19.415] [N] Loading 1_37_36
[11:27:19.415] [N] Loading 1_38_34
[11:27:19.415] [N] Loading 1_38_37
[11:27:19.415] [N] Loading 1_39_37
[11:27:19.415] [N] Loading 1_37_34
[11:27:19.415] [N] Loading 1_40_33
[11:27:19.415] [N] Loading 1_41_33
[11:27:19.415] [N] Loading 1_37_37
[11:27:19.440] [D] [Pulse] Slow bot root: 153ms bot=Wholesome Auto Quest poi=None combat=True
[11:27:21.545] [N] Eating Stormwind Brie
[11:27:21.553] [N] Drinking Sweet Nectar
[11:27:21.576] [N] [Wholesome Auto Quest] Rest: HP=19% MP=0% — paused (ate) (drank)
[11:27:22.991] [D] [Pulse] Slow plugin: name=AutoEquip2 elapsed=55ms
[11:27:30.201] [D] [QuestLog] Loaded 79 completed quests from Lua fallback
[11:27:33.016] [D] [Pulse] Slow plugin: name=AutoEquip2 elapsed=68ms
[11:27:43.022] [D] [Pulse] Slow plugin: name=AutoEquip2 elapsed=56ms
[11:27:44.611] [N] [Wholesome Auto Quest] Rest done — HP=82% MP=67%
[11:27:53.235] [D] [Pulse] Slow plugin: name=AutoEquip2 elapsed=76ms
[11:27:54.748] [N] Mounting: 34769
[11:27:56.810] [D] [Pulse] Slow bot root: 2177ms bot=Wholesome Auto Quest poi=None combat=False
[11:28:03.264] [D] [Pulse] Slow plugin: name=AutoEquip2 elapsed=55ms
[11:28:04.139] [D] Activity: Setting Grimtotem Geomancer at 12.5 yards as your target
[11:28:04.140] [D] Dismounting for combat.
[11:28:04.140] [D] Stop and dismount. Reason: Combat
[11:28:04.457] [D] Changed POI to: Type: Kill, Name: Grimtotem Geomancer, Guid: F130002A080FB647, Entry: 10760, Location: (-4898.56, -2082.64, 83.84)
[11:28:04.479] [D] [Singular-DEBUG] Switched targets!
[11:28:04.479] [D] [Singular-DEBUG] Melee Distance: 6.8833337
[11:28:04.479] [D] [Singular-DEBUG] Health: 100
[11:28:04.479] [D] [Singular-DEBUG] Level: 26
[11:28:04.685] [N] [Singular] Casting Exorcism on Grimtotem Geomancer
[11:28:04.685] [D] Spell_C::CastSpell(879, 0, 0xF130002A080FB647, 0)
[11:28:05.929] [N] [Singular] Casting Exorcism on Grimtotem Geomancer
[11:28:05.929] [D] Spell_C::CastSpell(879, 0, 0xF130002A080FB647, 0)
[11:28:07.932] [N] [Singular] Casting Judgement of Light on Grimtotem Geomancer
[11:28:07.932] [D] Spell_C::CastSpell(20271, 0, 0xF130002A080FB647, 0)
[11:28:14.385] [D] [Pulse] Slow plugin: name=Tidy Bags 3 Reloaded elapsed=58ms
[11:28:15.390] [D] [Pulse] Slow bot root: 369ms bot=Wholesome Auto Quest poi=Kill combat=True
[11:28:16.363] [N] [Singular] Casting Judgement of Light on Grimtotem Geomancer
[11:28:16.363] [D] Spell_C::CastSpell(20271, 0, 0xF130002A080FB647, 0)
[11:28:16.397] [D] [Pulse] Slow bot root: 267ms bot=Wholesome Auto Quest poi=Kill combat=True
[11:28:17.261] [D] Cleared POI - Reason POI is dead from Combat
[11:28:17.261] [D] Cleared POI
[11:28:17.261] [D] [Pulse] Slow bot root: 132ms bot=Wholesome Auto Quest poi=None combat=True
[11:28:18.126] [N] [Singular] Currect target is invalid. Switching to Grimtotem Stomper!
[11:28:18.160] [D] [Pulse] Slow bot root: 166ms bot=Wholesome Auto Quest poi=None combat=True
[11:28:18.995] [D] [Singular-DEBUG] Switched targets!
[11:28:18.996] [D] [Singular-DEBUG] Melee Distance: 6.8833337
[11:28:18.996] [D] [Singular-DEBUG] Health: 95.85635359116021
[11:28:18.996] [D] [Singular-DEBUG] Level: 27
[11:28:19.831] [D] [Pulse] Slow bot root: 200ms bot=Wholesome Auto Quest poi=None combat=True
[11:28:20.836] [N] [Singular] Casting Hand of Freedom on Myself
[11:28:20.836] [D] Spell_C::CastSpell(1044, 0, 0x6000000007EAB80, 0)
[11:28:20.870] [D] [Pulse] Slow bot root: 268ms bot=Wholesome Auto Quest poi=None combat=True
[11:28:21.842] [D] [Pulse] Slow bot root: 238ms bot=Wholesome Auto Quest poi=None combat=True
[11:28:22.847] [N] [Singular] Casting Exorcism on Grimtotem Stomper
[11:28:22.848] [D] Spell_C::CastSpell(879, 0, 0xF130002A070FB634, 0)
[11:28:22.880] [D] [Pulse] Slow bot root: 304ms bot=Wholesome Auto Quest poi=None combat=True
[11:28:23.794] [D] [Pulse] Slow bot root: 177ms bot=Wholesome Auto Quest poi=None combat=True
[11:28:24.724] [D] [Pulse] Slow bot root: 208ms bot=Wholesome Auto Quest poi=None combat=True
[11:28:24.820] [D] [Pulse] Slow plugin: name=Tidy Bags 3 Reloaded elapsed=57ms
[11:28:25.667] [D] [Pulse] Slow bot root: 211ms bot=Wholesome Auto Quest poi=None combat=True
[11:28:26.632] [D] [Pulse] Slow bot root: 204ms bot=Wholesome Auto Quest poi=None combat=True
[11:28:27.545] [D] [Pulse] Slow bot root: 179ms bot=Wholesome Auto Quest poi=None combat=True
[11:28:28.450] [D] [Pulse] Slow bot root: 178ms bot=Wholesome Auto Quest poi=None combat=True
[11:28:29.357] [D] [Pulse] Slow bot root: 184ms bot=Wholesome Auto Quest poi=None combat=True
[11:28:30.337] [N] [Singular] Casting Judgement of Light on Grimtotem Stomper
[11:28:30.337] [D] Spell_C::CastSpell(20271, 0, 0xF130002A070FB634, 0)
[11:28:30.371] [D] [Pulse] Slow bot root: 300ms bot=Wholesome Auto Quest poi=None combat=True
[11:28:30.906] [D] [QuestLog] Loaded 79 completed quests from Lua fallback
[11:28:31.808] [D] [Pulse] Slow bot root: 269ms bot=Wholesome Auto Quest poi=None combat=True
[11:28:32.806] [N] [Singular] Casting Exorcism on Grimtotem Stomper
[11:28:32.806] [D] Spell_C::CastSpell(879, 0, 0xF130002A070FB634, 0)
[11:28:32.839] [D] [Pulse] Slow bot root: 301ms bot=Wholesome Auto Quest poi=None combat=True
[11:28:33.820] [D] [Pulse] Slow bot root: 246ms bot=Wholesome Auto Quest poi=None combat=True
[11:28:34.725] [D] [Pulse] Slow bot root: 180ms bot=Wholesome Auto Quest poi=None combat=True
[11:28:35.623] [D] [Pulse] Slow bot root: 178ms bot=Wholesome Auto Quest poi=None combat=True
[11:28:35.711] [D] [Pulse] Slow plugin: name=Tidy Bags 3 Reloaded elapsed=58ms
[11:28:36.585] [D] [Pulse] Slow bot root: 201ms bot=Wholesome Auto Quest poi=None combat=True
[11:28:37.599] [D] [Pulse] Slow bot root: 247ms bot=Wholesome Auto Quest poi=None combat=True
[11:28:38.498] [D] [Pulse] Slow bot root: 179ms bot=Wholesome Auto Quest poi=None combat=True
[11:28:39.388] [N] [Singular] Casting Holy Light on Myself
[11:28:39.388] [D] Spell_C::CastSpell(1026, 0, 0x6000000007EAB80, 0)
[11:28:39.422] [D] [Pulse] Slow bot root: 200ms bot=Wholesome Auto Quest poi=None combat=True
[11:28:43.266] [D] [Singular-DEBUG] Switched targets!
[11:28:43.266] [D] [Singular-DEBUG] Melee Distance: 6.5833335
[11:28:43.266] [D] [Singular-DEBUG] Health: 98.63945578231292
[11:28:43.266] [D] [Singular-DEBUG] Level: 25
[11:28:44.104] [D] [Pulse] Slow bot root: 200ms bot=Wholesome Auto Quest poi=None combat=True
[11:28:45.115] [N] [Singular] Casting Judgement of Light on Grimtotem Bandit
[11:28:45.115] [D] Spell_C::CastSpell(20271, 0, 0xF130002A060FB645, 0)
[11:28:45.149] [D] [Pulse] Slow bot root: 302ms bot=Wholesome Auto Quest poi=None combat=True
[11:28:46.126] [D] [Pulse] Slow bot root: 237ms bot=Wholesome Auto Quest poi=None combat=True
[11:28:46.224] [D] [Pulse] Slow plugin: name=Tidy Bags 3 Reloaded elapsed=60ms
[11:28:47.091] [N] [Singular] Casting Exorcism on Grimtotem Bandit
[11:28:47.091] [D] Spell_C::CastSpell(879, 0, 0xF130002A060FB645, 0)
[11:28:47.124] [D] [Pulse] Slow bot root: 267ms bot=Wholesome Auto Quest poi=None combat=True
[11:28:48.074] [D] [Pulse] Slow bot root: 180ms bot=Wholesome Auto Quest poi=None combat=True
[11:28:48.982] [D] [Pulse] Slow bot root: 179ms bot=Wholesome Auto Quest poi=None combat=True
[11:28:49.886] [D] [Pulse] Slow bot root: 181ms bot=Wholesome Auto Quest poi=None combat=True
[11:28:50.812] [D] [Pulse] Slow bot root: 203ms bot=Wholesome Auto Quest poi=None combat=True
[11:28:51.730] [D] [Pulse] Slow bot root: 180ms bot=Wholesome Auto Quest poi=None combat=True
[11:28:52.632] [D] [Pulse] Slow bot root: 180ms bot=Wholesome Auto Quest poi=None combat=True
[11:28:53.622] [N] [Singular] Casting Judgement of Light on Grimtotem Bandit
[11:28:53.622] [D] Spell_C::CastSpell(20271, 0, 0xF130002A060FB645, 0)
[11:28:53.655] [D] [Pulse] Slow bot root: 267ms bot=Wholesome Auto Quest poi=None combat=True
[11:28:55.228] [N] [Singular] Currect target is invalid. Switching to Grimtotem Bandit!
[11:28:55.260] [D] [Pulse] Slow bot root: 868ms bot=Wholesome Auto Quest poi=None combat=True
[11:28:55.360] [D] [Singular-DEBUG] Switched targets!
[11:28:55.360] [D] [Singular-DEBUG] Melee Distance: 6.8833337
[11:28:55.360] [D] [Singular-DEBUG] Health: 91.83673469387755
[11:28:55.360] [D] [Singular-DEBUG] Level: 25
[11:28:57.069] [N] [Singular] Casting Exorcism on Grimtotem Bandit
[11:28:57.070] [D] Spell_C::CastSpell(879, 0, 0xF130002A060FB646, 0)
[11:28:57.102] [D] [Pulse] Slow bot root: 370ms bot=Wholesome Auto Quest poi=None combat=True
[11:28:57.203] [D] [Pulse] Slow plugin: name=Tidy Bags 3 Reloaded elapsed=59ms
[11:28:58.017] [D] [Pulse] Slow bot root: 178ms bot=Wholesome Auto Quest poi=None combat=True
[11:28:58.955] [D] [Pulse] Slow bot root: 179ms bot=Wholesome Auto Quest poi=None combat=True
[11:28:59.894] [D] [Pulse] Slow bot root: 213ms bot=Wholesome Auto Quest poi=None combat=True
[11:29:00.821] [D] [Pulse] Slow bot root: 207ms bot=Wholesome Auto Quest poi=None combat=True
[11:29:01.731] [D] [Pulse] Slow bot root: 177ms bot=Wholesome Auto Quest poi=None combat=True
[11:29:02.663] [D] [Pulse] Slow bot root: 204ms bot=Wholesome Auto Quest poi=None combat=True
[11:29:03.667] [N] [Singular] Casting Exorcism on Grimtotem Bandit
[11:29:03.667] [D] Spell_C::CastSpell(879, 0, 0xF130002A060FB646, 0)
[11:29:03.700] [D] [Pulse] Slow bot root: 301ms bot=Wholesome Auto Quest poi=None combat=True
[11:29:04.639] [D] [Pulse] Slow bot root: 167ms bot=Wholesome Auto Quest poi=None combat=True
[11:29:05.544] [D] [Pulse] Slow bot root: 167ms bot=Wholesome Auto Quest poi=None combat=True
[11:29:06.483] [N] [Singular] Casting Divine Protection on Myself
[11:29:06.483] [D] Spell_C::CastSpell(498, 0, 0x6000000007EAB80, 0)
[11:29:06.516] [D] [Pulse] Slow bot root: 234ms bot=Wholesome Auto Quest poi=None combat=True
[11:29:07.487] [N] [Singular] Casting Judgement of Light on Grimtotem Bandit
[11:29:07.487] [D] Spell_C::CastSpell(20271, 0, 0xF130002A060FB646, 0)
[11:29:07.521] [D] [Pulse] Slow bot root: 269ms bot=Wholesome Auto Quest poi=None combat=True
[11:29:07.622] [D] [Pulse] Slow plugin: name=Tidy Bags 3 Reloaded elapsed=57ms
[11:29:08.505] [D] [Pulse] Slow bot root: 246ms bot=Wholesome Auto Quest poi=None combat=True
[11:29:09.567] [D] Activity: Moving to hotspot
[11:29:09.734] [N] Loading 1_39_36
[11:29:09.734] [N] Loading 1_39_35
[11:29:09.734] [N] Loading 1_38_35
[11:29:09.734] [N] Loading 1_38_36
[11:29:09.734] [N] Loading 1_37_35
[11:29:09.734] [N] Loading 1_39_34
[11:29:09.734] [N] Loading 1_37_36
[11:29:09.734] [N] Loading 1_38_34
[11:29:09.734] [N] Loading 1_38_37
[11:29:09.734] [N] Loading 1_39_37
[11:29:09.734] [N] Loading 1_37_34
[11:29:09.734] [N] Loading 1_37_37
[11:29:09.834] [D] [Pulse] Slow bot root: 601ms bot=Wholesome Auto Quest poi=None combat=False
[11:29:11.071] [D] [Pulse] Slow bot root: 467ms bot=Wholesome Auto Quest poi=None combat=False
[11:29:12.279] [D] [Pulse] Slow bot root: 472ms bot=Wholesome Auto Quest poi=None combat=False
[11:29:13.558] [D] [Pulse] Slow bot root: 503ms bot=Wholesome Auto Quest poi=None combat=False
[11:29:14.762] [D] [Pulse] Slow bot root: 465ms bot=Wholesome Auto Quest poi=None combat=False
[11:29:15.964] [D] [Pulse] Slow bot root: 467ms bot=Wholesome Auto Quest poi=None combat=False
[11:29:16.335] [D] [Pulse] Slow plugin: name=AutoEquip2 elapsed=298ms
[11:29:16.409] [D] [Pulse] Slow shared pulse: total=444ms movement=0 objects=0 lua=34 info=0 loot=1 targeting=36 events=0 plugins=372 routine=0
[11:29:17.500] [D] [Pulse] Slow bot root: 466ms bot=Wholesome Auto Quest poi=None combat=False
[11:29:18.702] [N] Mounting: 34769
[11:29:20.915] [D] [Pulse] Slow bot root: 2678ms bot=Wholesome Auto Quest poi=None combat=False
[11:29:21.017] [D] [Pulse] Slow plugin: name=Tidy Bags 3 Reloaded elapsed=61ms
[11:29:21.884] [D] [Pulse] Slow bot root: 234ms bot=Wholesome Auto Quest poi=None combat=False
[11:29:22.826] [N] Loading 1_40_37
[11:29:22.827] [N] Loading 1_41_37
[11:29:22.829] [N] Loading 1_42_37
[11:29:22.856] [D] [Pulse] Slow bot root: 200ms bot=Wholesome Auto Quest poi=None combat=False
[11:29:23.794] [D] [Pulse] Slow bot root: 200ms bot=Wholesome Auto Quest poi=None combat=False
[11:29:24.764] [D] [Pulse] Slow bot root: 233ms bot=Wholesome Auto Quest poi=None combat=False
[11:29:25.733] [D] [Pulse] Slow bot root: 236ms bot=Wholesome Auto Quest poi=None combat=False
[11:29:26.706] [D] [Pulse] Slow bot root: 228ms bot=Wholesome Auto Quest poi=None combat=False
[11:29:27.044] [D] [Pulse] Slow plugin: name=AutoEquip2 elapsed=295ms
[11:29:27.109] [D] [Pulse] Slow shared pulse: total=402ms movement=0 objects=0 lua=0 info=0 loot=1 targeting=39 events=0 plugins=360 routine=0
[11:29:27.985] [D] [Pulse] Slow bot root: 233ms bot=Wholesome Auto Quest poi=None combat=False
[11:29:28.988] [D] [Pulse] Slow bot root: 234ms bot=Wholesome Auto Quest poi=None combat=True
[11:29:29.723] [D] Changed POI to: Type: Kill, Name: Razorfen Thornweaver, Guid: F130001EC20E593B, Entry: 7874, Location: (-4838.54, -2195.05, 83.25)
[11:29:29.822] [D] [Singular-DEBUG] Switched targets!
[11:29:29.822] [D] [Singular-DEBUG] Melee Distance: 5
[11:29:29.822] [D] [Singular-DEBUG] Health: 99.06015037593986
[11:29:29.822] [D] [Singular-DEBUG] Level: 34
[11:29:30.592] [D] Dismount for attacker.
[11:29:30.592] [D] Stop and dismount. Reason: Combat
[11:29:30.625] [D] [Pulse] Slow bot root: 167ms bot=Wholesome Auto Quest poi=Kill combat=True
[11:29:31.646] [N] [Singular] Casting Judgement of Light on Razorfen Thornweaver
[11:29:31.646] [D] Spell_C::CastSpell(20271, 0, 0xF130001EC20E593B, 0)
[11:29:31.681] [D] [Pulse] Slow bot root: 316ms bot=Wholesome Auto Quest poi=Kill combat=True
[11:29:31.782] [D] [Pulse] Slow plugin: name=Tidy Bags 3 Reloaded elapsed=53ms
[11:29:32.218] [D] [QuestLog] Loaded 79 completed quests from Lua fallback
[11:29:33.127] [D] [Pulse] Slow bot root: 275ms bot=Wholesome Auto Quest poi=Kill combat=True
[11:29:34.061] [N] [Singular] Casting Holy Light on Myself
[11:29:34.061] [D] Spell_C::CastSpell(1026, 0, 0x6000000007EAB80, 0)
[11:29:34.096] [D] [Pulse] Slow bot root: 204ms bot=Wholesome Auto Quest poi=Kill combat=True
[11:29:39.509] [N] [Singular] Casting Exorcism on Razorfen Thornweaver
[11:29:39.509] [D] Spell_C::CastSpell(879, 0, 0xF130001EC20E593B, 0)
[11:29:39.543] [D] [Pulse] Slow bot root: 269ms bot=Wholesome Auto Quest poi=Kill combat=True
[11:29:40.444] [D] [Pulse] Slow bot root: 166ms bot=Wholesome Auto Quest poi=Kill combat=True
[11:29:41.348] [D] [Pulse] Slow bot root: 169ms bot=Wholesome Auto Quest poi=Kill combat=True
[11:29:42.255] [N] [Singular] Casting Holy Light on Myself
[11:29:42.255] [D] Spell_C::CastSpell(1026, 0, 0x6000000007EAB80, 0)
[11:29:42.288] [D] [Pulse] Slow bot root: 199ms bot=Wholesome Auto Quest poi=Kill combat=True
[11:29:42.387] [D] [Pulse] Slow plugin: name=Tidy Bags 3 Reloaded elapsed=56ms
[11:29:45.480] [N] [Singular] Casting Holy Light on Myself
[11:29:45.480] [D] Spell_C::CastSpell(1026, 0, 0x6000000007EAB80, 0)
[11:29:45.514] [D] [Pulse] Slow bot root: 200ms bot=Wholesome Auto Quest poi=Kill combat=True
[11:29:46.290] [D] Cleared POI
[11:29:46.290] [N] [DeathStallRecovery] Death detected at (-4837.84, -2190.72, 82.83); monitoring corpse-recovery movement.
[11:29:46.717] [D] Activity: Releasing from corpse
[11:29:46.718] [N] I died.
[11:29:46.785] [D] [Pulse] Slow bot root: 134ms bot=Wholesome Auto Quest poi=None combat=False
[11:29:47.376] [D] [Pulse] Slow bot root: 114ms bot=Wholesome Auto Quest poi=None combat=False
[11:29:47.691] [D] [Nav] Loaded 2 mesh tiles for one path query
[11:29:47.691] [D] Activity: Moving to corpse
[11:29:47.919] [D] [Pulse] Slow bot root: 433ms bot=Wholesome Auto Quest poi=None combat=False
[11:29:48.453] [D] [Pulse] Slow bot root: 400ms bot=Wholesome Auto Quest poi=None combat=False
[11:29:48.989] [D] [Pulse] Slow bot root: 401ms bot=Wholesome Auto Quest poi=None combat=False
[11:29:49.558] [D] [Pulse] Slow bot root: 402ms bot=Wholesome Auto Quest poi=None combat=False
[11:29:50.092] [D] [Pulse] Slow bot root: 401ms bot=Wholesome Auto Quest poi=None combat=False
[11:29:50.595] [D] [Pulse] Slow bot root: 370ms bot=Wholesome Auto Quest poi=None combat=False
[11:29:51.099] [D] [Pulse] Slow bot root: 369ms bot=Wholesome Auto Quest poi=None combat=False
[11:29:51.602] [D] [Pulse] Slow bot root: 367ms bot=Wholesome Auto Quest poi=None combat=False
[11:29:52.105] [D] [Pulse] Slow bot root: 367ms bot=Wholesome Auto Quest poi=None combat=False
[11:29:52.379] [N] Stopping the bot!
[11:29:52.383] [N] Bot stopping! Reason: User request
[11:29:52.386] [D] Exception in GetReturnValues: Thread was interrupted from a waiting state.
[11:29:52.608] [D] [Pulse] Slow bot root: 369ms bot=Wholesome Auto Quest poi=None combat=False
[11:29:52.608] [D] [QuestRecovery] quest=4921, stage=Objective, old=Attempting, new=Eligible, reason=NoObjectiveProgress, episode=1, attempt=1, retry=09/08/2026 07:16:16
[11:29:52.627] [D] Cleared POI
[11:29:52.627] [D] Worker thread exited cleanly
[11:46:45.331] [D] [Settings] Saved all settings
