[19:37:36.988] [N] CopilotBuddy v1.6.6 started. Original HonorBuddy by Apoc, raphus, highvoltz, bobby53, xanathos, chinajade. Ported to WotLK 3.3.5a by Likon69.
[19:37:37.370] [N] Searching for WoW process...
[19:37:37.490] [N] Please wait a few seconds while CopilotBuddy initializes.
[19:37:37.490] [D] Using WoW with process ID 14972
[19:37:37.490] [D] Platform: x86
[19:37:37.490] [D] Executable Path: D:\World of Warcraft 3.3.5a\CB\
[19:37:37.517] [D] [ObjectManager] WoW build 12340 detected - OK
[19:37:37.519] [D] [ObjectManager] D3DDevicePtr = 0x00C5DF88
[19:37:37.520] [D] [ObjectManager] devicePtrAddr = 0x052FCBD0
[19:37:37.520] [D] [ObjectManager] device = 0x0A4F5E00 (at 0x0530054C)
[19:37:37.520] [D] [ObjectManager] vtablePtr = 0x0A4F8D5C
[19:37:37.520] [D] [ObjectManager] endSceneAddr = 0x643348F0 (at 0x0A4F8E04)
[19:37:37.520] [D] [ObjectManager] D3D: Device=0x0A4F5E00, VTable=0x0A4F8D5C, EndScene=0x643348F0
[19:37:37.520] [D] [ObjectManager] Creating ExecutorRand...
[19:37:37.563] [D] [ObjectManager] ExecutorRand created, IsInitialized = True
[19:37:37.563] [D] [ObjectManager] EndScene hook succeeded
[19:37:37.568] [D] [ObjectManager] Initialized successfully
[19:37:37.569] [N] Attached to WoW with ID 14972
[19:37:37.571] [N] Character is a level 26 BloodElf Paladin
[19:37:37.571] [N] Current zone is The Barrens
[19:37:37.586] [D] [Settings] Loaded settings for character: Jeof
[19:37:37.587] [N] Initializing Combat Routines...
[19:37:37.590] [D] Looking for routines in: D:\World of Warcraft 3.3.5a\CB\Routines
[19:37:37.591] [D] Compiling Singular wotlk
[19:37:39.948] [N] Loaded routine: Singular Wotlk for class Paladin
[19:37:39.948] [N] Loaded 1 combat routine(s)
[19:37:39.955] [N] Chose Singular Wotlk as your combat class.
[19:37:39.955] [N] Confirmed Paladin as your class.
[19:37:39.955] [N] [Singular] Starting Singular v2.0.0.0
[19:37:39.955] [N] [Singular] Determining talent spec.
[19:37:43.056] [D] [Singular-DEBUG] [Talents] Best Tree: 16
[19:37:43.056] [N] [Singular] Current spec is  Retribution Paladin
[19:37:43.066] [D] [WoWDb] Loaded 237 DBC tables
[19:37:43.066] [D] [WoWDb]   Key=235 (0x000000EB) Rows=1893
[19:37:43.066] [D] [WoWDb]   Key=236 (0x000000EC) Rows=7655
[19:37:43.066] [D] [WoWDb]   Key=237 (0x000000ED) Rows=86
[19:37:43.066] [D] [WoWDb]   Key=238 (0x000000EE) Rows=506
[19:37:43.066] [D] [WoWDb]   Key=239 (0x000000EF) Rows=291
[19:37:43.066] [D] [WoWDb] Lock DBC lookup: FOUND (rows=388)
[19:37:43.066] [D] [WoWDb] ClientDb.Lock enum value = 356 (0x00000164)
[19:37:43.067] [D] [Singular-DEBUG] Creating Combat behavior.
[19:37:43.068] [N] [Singular] Building method list
[19:37:43.069] [N] [Singular] Added 450 methods
[19:37:43.071] [D] [Singular-DEBUG] CreateRetributionPaladinNormalPullAndCombat is a match!
[19:37:43.071] [N] [Singular]  Using CreateRetributionPaladinNormalPullAndCombat for Retribution Paladin - Combat (Priority: 0)
[19:37:43.082] [D] [Singular-DEBUG] Creating Pull behavior.
[19:37:43.083] [D] [Singular-DEBUG] CreateRetributionPaladinNormalPullAndCombat is a match!
[19:37:43.083] [N] [Singular]  Using CreateRetributionPaladinNormalPullAndCombat for Retribution Paladin - Pull (Priority: 0)
[19:37:43.084] [D] [Singular-DEBUG] Creating Rest behavior.
[19:37:43.085] [D] [Singular-DEBUG] CreateRetributionPaladinRest is a match!
[19:37:43.085] [N] [Singular]  Using CreateRetributionPaladinRest for Retribution Paladin - Rest (Priority: 0)
[19:37:43.087] [D] [Singular-DEBUG] Creating CombatBuffs behavior.
[19:37:43.088] [D] [Singular-DEBUG] Creating Heal behavior.
[19:37:43.088] [D] [Singular-DEBUG] CreateRetributionPaladinHeal is a match!
[19:37:43.088] [N] [Singular]  Using CreateRetributionPaladinHeal for Retribution Paladin - Heal (Priority: 0)
[19:37:43.089] [D] [Singular-DEBUG] CreateRetributionPaladinNormalPullAndCombat is a match!
[19:37:43.089] [N] [Singular]  Using CreateRetributionPaladinNormalPullAndCombat for Retribution Paladin - Heal (Priority: 0)
[19:37:43.090] [D] [Singular-DEBUG] Creating PullBuffs behavior.
[19:37:43.091] [D] [Singular-DEBUG] Creating PreCombatBuffs behavior.
[19:37:43.091] [D] [Singular-DEBUG] CreatePaladinPreCombatBuffs is a match!
[19:37:43.091] [N] [Singular]  Using CreatePaladinPreCombatBuffs for Retribution Paladin - PreCombatBuffs (Priority: 0)
[19:37:43.095] [N] [Singular] Behaviors created!
[19:37:43.185] [D] [Singular-DEBUG] Attached combat log
[19:37:43.185] [D] Routine initialized successfully
[19:37:43.187] [D] Loading built-in bots from assembly: CopilotBuddy
[19:37:43.205] [D] Found bot type: PartyBot.DiscoBot
[19:37:43.205] [N] New bot added: Party Bot
[19:37:43.205] [D] Loaded built-in bot: Party Bot
[19:37:43.205] [D] Found bot type: Bots.Quest.QuestBot
[19:37:43.205] [N] New bot added: Questing
[19:37:43.205] [D] Loaded built-in bot: Questing
[19:37:43.205] [D] Found bot type: Bots.Grind.LevelBot
[19:37:43.205] [N] New bot added: Grind
[19:37:43.205] [D] Loaded built-in bot: Grind
[19:37:43.205] [D] Found bot type: Bots.Gatherbuddy.GatherbuddyBot
[19:37:43.205] [N] New bot added: GatherBuddy
[19:37:43.205] [D] Loaded built-in bot: GatherBuddy
[19:37:43.205] [D] Found bot type: Bots.DungeonBuddy.DungeonBuddy
[19:37:43.206] [N] New bot added: DungeonBuddy
[19:37:43.206] [D] Loaded built-in bot: DungeonBuddy
[19:37:43.206] [D] Found bot type: Bots.BGBuddy.BGBuddy
[19:37:43.206] [N] New bot added: BGBuddy
[19:37:43.206] [D] Loaded built-in bot: BGBuddy
[19:37:43.206] [D] Built-in bot loading complete. 6 bots loaded.
[19:37:43.210] [N] Loading bots from: D:\World of Warcraft 3.3.5a\CB\Bots
[19:37:43.222] [N] Found 123 source files
[19:37:43.229] [N] Found 0 dll files
[19:37:43.229] [N] Compiling: CombatBot.cs
[19:37:43.396] [N] Compiled successfully: CombatBot.cs
[19:37:43.396] [N] Compiling directory: Auto Angler 2/ (23 files)
[19:37:43.695] [N] Compiled successfully: Auto Angler 2/
[19:37:43.695] [N] Compiling directory: LazyRaider/ (4 files)
[19:37:43.942] [N] Compiled successfully: LazyRaider/
[19:37:43.942] [N] Compiling directory: ProfessionBuddy/ (52 files)
[19:37:44.692] [N] Compiled successfully: ProfessionBuddy/
[19:37:44.692] [N] Compiling directory: Templar/ (27 files)
[19:37:45.072] [N] Compiled successfully: Templar/
[19:37:45.073] [N] Compiling directory: Tyrael/ (5 files)
[19:37:45.271] [N] Compiled successfully: Tyrael/
[19:37:45.271] [N] Compiling directory: WholesomeAutoQuest-master/ (11 files)
[19:37:45.852] [N] Compiled successfully: WholesomeAutoQuest-master/
[19:37:45.852] [N] ClassCollection contains 7 compiled bots
[19:37:45.852] [N] Adding bot: Combat Bot
[19:37:45.852] [N] New bot added: Combat Bot
[19:37:45.852] [N] Adding bot: AutoAngler
[19:37:45.852] [N] New bot added: AutoAngler
[19:37:45.852] [N] Adding bot: LazyRaider
[19:37:45.852] [N] New bot added: LazyRaider
[19:37:45.852] [N] Adding bot: ProfessionBuddy
[19:37:45.852] [N] New bot added: ProfessionBuddy
[19:37:45.852] [N] Adding bot: Templar
[19:37:45.852] [N] New bot added: Templar
[19:37:45.852] [N] Adding bot: Tyrael
[19:37:45.852] [N] New bot added: Tyrael
[19:37:45.852] [N] Adding bot: Wholesome Auto Quest
[19:37:45.852] [N] New bot added: Wholesome Auto Quest
[19:37:45.852] [N] Bot loading complete. 13 bots loaded.
[19:37:45.852] [N] Initializing Plugins...
[19:37:46.541] [D] [WeightSet] Selected weight set: Paladin-Holy
[19:37:47.559] [N] [DeathStallRecovery] Enabled. The bot will stop if corpse recovery makes no movement progress for 60 seconds.
[19:37:48.470] [D] Rarekiller: Loading config file: D:\World of Warcraft 3.3.5a\CB\Plugins\RareKiller\config\Rarekiller.config
[19:37:48.470] [D] Root element is missing.
[19:37:48.470] [N] Rarekiller: Continuing with Default Config Values
[19:37:48.471] [D] Rarekiller: Loading config file: D:\World of Warcraft 3.3.5a\CB\Plugins\RareKiller\config\Rarekiller.config
[19:37:48.471] [D] Root element is missing.
[19:37:48.471] [N] Rarekiller: Continuing with Default Config Values
[19:37:48.471] [N] Rare Mob Killer - Version 3.3 Loaded.
[19:37:48.471] [N] Rarekiller Part Tamer: I'm no Hunter. Deactivate the Tamer Part
[19:37:48.994] [N] [VendorRecovery] Enabled. Failed Sell/Repair vendors will be skipped after 35 seconds at the NPC.
[19:37:49.173] [N] Plugin loading complete. 16 plugins loaded.
[19:37:49.173] [N] Plugins refreshed successfully.
[19:37:49.177] [N] Changing current bot to: Combat Bot
[19:37:55.652] [D] [Settings] Saved all settings
[19:37:55.652] [N] Starting the bot.
[19:37:55.653] [N] Currently Using BotBase : Combat Bot
[19:37:55.654] [N] Character is a level 26 BloodElf Paladin
[19:37:55.654] [N] Current zone is The Barrens
[19:37:55.655] [D] Loading profile from D:\World of Warcraft 3.3.5a\CB\Bots\WholesomeAutoQuest\WHOLESOME_AUTOQUESTER.xml
[19:37:55.715] [D] [CompileBatch] Compiling 1 entries...
[19:37:55.809] [D] [CompileBatch] Compiled successfully.
[19:37:55.812] [N] Profile loaded: WholesomeAQ - The Barrens
[19:37:55.813] [D] Selected sub-profile: WholesomeAQ - The Barrens (L1-80)
[19:37:55.836] [N] [SpellDb] Loaded 49816 spells from Spells.bin
[19:37:55.899] [D] Setting CVars: autoSelfCast=1, autoLootDefault=1
[19:37:55.968] [D] Cleared POI
[19:37:55.976] [D] Refresh() called. LastCount=0, CurrentCount=34
[19:37:55.976] [N] Building spell book
[19:37:55.977] [D] Found 34 spells from LocalPlayer.KnownSpells
[19:37:55.977] [N] Adding Arcane Affinity
[19:37:55.977] [N] Adding Arcane Torrent
[19:37:55.978] [N] Adding Auto Attack
[19:37:55.978] [N] Adding Block
[19:37:55.979] [N] Adding Dodge
[19:37:55.979] [N] Adding Magic Resistance
[19:37:55.980] [N] Adding Parry
[19:37:55.980] [N] Adding Blessing of Wisdom
[19:37:55.980] [N] Adding Concentration Aura
[19:37:55.981] [N] Adding Consecration
[19:37:55.981] [N] Adding Exorcism
[19:37:55.982] [N] Adding Flash of Light
[19:37:55.982] [N] Adding Holy Light
[19:37:55.983] [N] Adding Lay on Hands
[19:37:55.983] [N] Adding Purify
[19:37:55.983] [N] Adding Seal of Righteousness
[19:37:55.984] [N] Adding Sense Undead
[19:37:55.984] [N] Adding Turn Evil
[19:37:55.985] [N] Adding Blessing of Kings
[19:37:55.985] [N] Adding Devotion Aura
[19:37:55.985] [N] Adding Divine Protection
[19:37:55.986] [N] Adding Hammer of Justice
[19:37:55.986] [N] Adding Hand of Freedom
[19:37:55.987] [N] Adding Hand of Protection
[19:37:55.987] [N] Adding Hand of Reckoning
[19:37:55.987] [N] Adding Hand of Salvation
[19:37:55.988] [N] Adding Righteous Defense
[19:37:55.988] [N] Adding Righteous Fury
[19:37:55.989] [N] Adding Seal of Justice
[19:37:55.989] [N] Adding Blessing of Might
[19:37:55.990] [N] Adding Judgement of Light
[19:37:55.990] [N] Adding Judgement of Wisdom
[19:37:55.990] [N] Adding Retribution Aura
[19:37:55.991] [N] Adding Seal of Command
[19:37:55.991] [N] Spell book built
[19:37:55.992] [D] [SpellManager] Initialize — subscribed to BotEvents.OnBotStart
[19:37:56.310] [D] [Pulse] Slow plugin: name=AutoEquip2 elapsed=169ms
[19:37:56.344] [D] [Talented] SelectMajorTalentTree called but not needed in WotLK 3.3.5a
[19:37:56.357] [D] [Pulse] Slow plugin: name=Talented elapsed=45ms
[19:37:56.412] [D] [Pulse] Slow plugin: name=Tidy Bags 3 Reloaded elapsed=55ms
[19:37:56.419] [D] [Pulse] Slow shared pulse: total=380ms movement=0 objects=0 lua=27 info=0 loot=22 targeting=46 events=1 plugins=273 routine=6
[19:37:56.515] [N] [Singular] Casting Blessing of Kings on Myself
[19:37:56.515] [D] Spell_C::CastSpell(20217, 0, 0x6000000007EAB80, 0)
[19:37:56.550] [D] [Pulse] Slow bot root: 121ms bot=Combat Bot poi=None combat=False
[19:37:56.747] [D] [Pulse] Slow bot root: 100ms bot=Combat Bot poi=None combat=False
[19:37:58.085] [N] [Singular] Casting Seal of Righteousness on Myself
[19:37:58.085] [D] Spell_C::CastSpell(21084, 0, 0x6000000007EAB80, 0)
[19:37:58.120] [D] [Pulse] Slow bot root: 102ms bot=Combat Bot poi=None combat=False
[19:38:04.716] [N] Stopping the bot!
[19:38:04.716] [N] Bot stopping! Reason: User request
[19:38:04.717] [D] Exception in GetReturnValues: Thread was interrupted from a waiting state.
[19:38:05.139] [D] Cleared POI
[19:38:05.140] [D] Worker thread exited cleanly
[19:38:07.846] [N] Changing current bot to: Wholesome Auto Quest
[19:38:47.592] [D] [Settings] Saved all settings
[19:38:47.592] [N] Starting the bot.
[19:38:47.593] [N] Currently Using BotBase : Wholesome Auto Quest
[19:38:47.594] [N] Character is a level 26 BloodElf Paladin
[19:38:47.594] [N] Current zone is The Barrens
[19:38:47.594] [D] Loading profile from D:\World of Warcraft 3.3.5a\CB\Bots\WholesomeAutoQuest\WHOLESOME_AUTOQUESTER.xml
[19:38:47.596] [D] [CompileBatch] Compiling 1 entries...
[19:38:47.665] [D] [CompileBatch] Compiled successfully.
[19:38:47.665] [N] Profile loaded: WholesomeAQ - The Barrens
[19:38:47.665] [D] Selected sub-profile: WholesomeAQ - The Barrens (L1-80)
[19:38:47.966] [N] [VendorSafety] Skipping NPC 10380 for this session: Wholesome saved vendor blacklist. Trying the next suitable NPC.
[19:38:47.967] [N] [VendorSafety] Skipping NPC 3392 for this session: Wholesome saved vendor blacklist. Trying the next suitable NPC.
[19:38:47.967] [N] [VendorSafety] Skipping NPC 5848 for this session: Wholesome saved vendor blacklist. Trying the next suitable NPC.
[19:38:47.968] [N] [Wholesome Auto Quest] Loaded 3 blacklisted vendors
[19:38:48.432] [D] [QuestLog] Loaded 76 completed quests from Lua fallback
[19:38:48.463] [D] [ProfileBatchManager] Batch reset for new profile session.
[19:38:48.463] [N] [Wholesome Auto Quest] Class Paladin → PullDistance set to 24
[19:38:48.464] [N] [Wholesome Auto Quest] Initial scheduler build.
[19:38:49.116] [D] Activity: No eligible quest work; idle until 2026-09-08T11:53:44.3110653Z. excluded quest=104;stage=Pickup;npc=392;reason=outside-scan-radius;retry=context-change excluded quest=1058;stage=Pickup;npc=3995;reason=outside-scan-radius;retry=context-change excluded quest=1062;stage=TurnIn;npc=4049;reason=outside-scan-radius;retry=context-change excluded quest=1069;stage=Objective;objective=0;reason=outside-scan-radius;retry=context-change. excluded quest=1087;stage=Objective;objective=2;reason=outside-scan-radius;retry=context-change. excluded quest=1093;stage=Objective;scope=Objective;objective=0;retry=2026-09-08T15:11:36.9856630Z;state=Quarantined. excluded quest=11127;stage=Pickup;scope=QuestStage;retry=2026-09-08T16:11:43.3486525Z;state=Quarantined. excluded quest=1195;stage=Pickup;npc=4721;reason=outside-scan-radius;retry=context-change excluded quest=14106;stage=Pickup;scope=QuestStage;retry=2026-09-08T15:12:07.0067094Z;state=Quarantined. excluded quest=1483;stage=Pickup;npc=3442;reason=outside-scan-radius;retry=context-change excluded quest=152;stage=Pickup;npc=392;reason=outside-scan-radius;retry=context-change excluded quest=2098;stage=Pickup;npc=6667;reason=outside-scan-radius;retry=context-change excluded quest=216;stage=Pickup;npc=12757;reason=outside-scan-radius;retry=context-change excluded quest=235;stage=Pickup;npc=10880;reason=outside-scan-radius;retry=context-change excluded quest=4542;stage=TurnIn;npc=10537;reason=outside-scan-radius;retry=context-change excluded quest=470;stage=Pickup;npc=2111;reason=outside-scan-radius;retry=context-change excluded quest=472;stage=Pickup;npc=2097;reason=outside-scan-radius;retry=context-change excluded quest=4821;stage=Pickup;npc=10539;reason=outside-scan-radius;retry=context-change excluded quest=4921;stage=Objective;objective=0;reason=outside-scan-radius;retry=context-change. excluded quest=493;stage=Pickup;npc=1937;reason=outside-scan-radius;retry=context-change excluded quest=494;stage=Pickup;npc=2214;reason=outside-scan-radius;retry=context-change excluded quest=496;stage=Pickup;npc=2216;reason=outside-scan-radius;retry=context-change excluded quest=498;stage=Pickup;npc=2229;reason=outside-scan-radius;retry=context-change excluded quest=501;stage=Pickup;npc=2216;reason=outside-scan-radius;retry=context-change excluded quest=516;stage=Pickup;npc=2121;reason=outside-scan-radius;retry=context-change excluded quest=527;stage=Pickup;npc=2215;reason=outside-scan-radius;retry=context-change excluded quest=546;stage=Pickup;npc=2418;reason=outside-scan-radius;retry=context-change excluded quest=549;stage=Pickup;npc=1763;reason=outside-scan-radius;retry=context-change excluded quest=6282;stage=Pickup;npc=11860;reason=outside-scan-radius;retry=context-change excluded quest=6381;stage=Pickup;npc=11864;reason=outside-scan-radius;retry=context-change excluded quest=6382;stage=TurnIn;npc=12696;reason=outside-scan-radius;retry=context-change excluded quest=6383;stage=Pickup;npc=12696;reason=outside-scan-radius;retry=context-change excluded quest=6393;stage=Objective;scope=Objective;objective=0;retry=2026-09-08T15:11:36.9858139Z;state=Quarantined. excluded quest=6441;stage=Objective;scope=Objective;objective=0;retry=2026-09-08T11:53:44.3110653Z;state=Quarantined. excluded quest=6442;stage=Pickup;npc=12719;reason=outside-scan-radius;retry=context-change excluded quest=6461;stage=TurnIn;npc=12816;reason=outside-scan-radius;retry=context-change excluded quest=6462;stage=Pickup;npc=12721;reason=outside-scan-radius;retry=context-change excluded quest=6541;stage=Pickup;npc=3429;reason=outside-scan-radius;retry=context-change excluded quest=6543;stage=Objective;scope=Objective;objective=0;retry=2026-09-08T11:57:53.5602004Z;state=Quarantined. excluded quest=742;stage=Pickup;npc=10881;reason=outside-scan-radius;retry=context-change excluded quest=747;stage=Objective;scope=Objective;objective=0;retry=2026-09-08T13:06:01.2335671Z;state=Quarantined. excluded quest=747;stage=Objective;scope=Objective;objective=1;retry=2026-09-08T13:30:35.1661766Z;state=Quarantined. excluded quest=7790;stage=Pickup;scope=QuestStage;retry=2026-09-08T15:12:07.0066622Z;state=Quarantined. excluded quest=846;stage=Objective;scope=Objective;objective=0;retry=2026-09-08T16:15:09.5897303Z;state=Quarantined. excluded quest=846;stage=Objective;scope=Objective;objective=1;retry=2026-09-08T16:15:09.5898439Z;state=Quarantined. excluded quest=846;stage=Objective;scope=Objective;objective=2;retry=2026-09-08T16:15:09.5898981Z;state=Quarantined. excluded quest=8487;stage=TurnIn;npc=15402;reason=outside-scan-radius;retry=context-change excluded quest=867;stage=Objective;scope=Objective;objective=0;retry=2026-09-08T13:46:19.0888015Z;state=Quarantined. excluded quest=868;stage=TurnIn;npc=3428;reason=outside-scan-radius;retry=context-change excluded quest=879;stage=Objective;scope=Objective;objective=0;retry=2026-09-08T14:12:05.6037548Z;state=Quarantined. excluded quest=879;stage=Objective;scope=Objective;objective=1;retry=2026-09-08T14:12:05.6038234Z;state=Quarantined. excluded quest=879;stage=Objective;scope=Objective;objective=2;retry=2026-09-08T14:12:05.6038609Z;state=Quarantined. excluded quest=8889;stage=Objective;objective=0;reason=outside-scan-radius;retry=context-change. excluded quest=8889;stage=Objective;objective=1;reason=outside-scan-radius;retry=context-change. excluded quest=8889;stage=Objective;objective=2;reason=outside-scan-radius;retry=context-change. excluded quest=891;stage=Objective;objective=0;reason=outside-scan-radius;retry=context-change. excluded quest=891;stage=Objective;objective=2;reason=outside-scan-radius;retry=context-change. excluded quest=893;stage=Objective;scope=Objective;objective=0;retry=2026-09-08T12:48:05.9519603Z;state=Quarantined. excluded quest=893;stage=Objective;scope=Objective;objective=1;retry=2026-09-08T12:48:05.9520521Z;state=Quarantined. excluded quest=893;stage=Objective;scope=Objective;objective=2;retry=2026-09-08T12:48:05.9520844Z;state=Quarantined. excluded quest=896;stage=Objective;scope=Objective;objective=0;retry=2026-09-08T13:55:41.1186828Z;state=Quarantined. excluded quest=9067;stage=Objective;scope=Objective;objective=0;retry=2026-09-08T15:12:07.0059371Z;state=Quarantined. excluded quest=9151;stage=Pickup;npc=16199;reason=outside-scan-radius;retry=context-change excluded quest=9157;stage=TurnIn;npc=16201;reason=outside-scan-radius;retry=context-change excluded quest=9275;stage=Pickup;npc=16464;reason=outside-scan-radius;retry=context-change excluded quest=9388;stage=Pickup;scope=QuestStage;retry=2026-09-08T16:11:43.3533518Z;state=Quarantined. excluded quest=9389;stage=Pickup;scope=QuestStage;retry=2026-09-08T16:12:08.0336743Z;state=Quarantined. excluded quest=9425;stage=Pickup;npc=16287;reason=outside-scan-radius;retry=context-change excluded quest=9428;stage=Pickup;npc=17098;reason=outside-scan-radius;retry=context-change excluded quest=9749;stage=Pickup;scope=QuestStage;retry=2026-09-08T15:36:49.0072878Z;state=Quarantined. Expanding scan radius from 250 to 500 yards before fallback.
[19:38:49.117] [N] [Wholesome Auto Quest] Started with quest data loaded.
[19:38:49.197] [D] Setting CVars: autoSelfCast=1, autoLootDefault=1
[19:38:49.264] [D] Cleared POI
[19:38:49.264] [D] Refresh() called. LastCount=0, CurrentCount=34
[19:38:49.264] [N] Building spell book
[19:38:49.265] [D] Found 34 spells from LocalPlayer.KnownSpells
[19:38:49.265] [N] Adding Arcane Affinity
[19:38:49.266] [N] Adding Arcane Torrent
[19:38:49.266] [N] Adding Auto Attack
[19:38:49.267] [N] Adding Block
[19:38:49.268] [N] Adding Dodge
[19:38:49.268] [N] Adding Magic Resistance
[19:38:49.269] [N] Adding Parry
[19:38:49.270] [N] Adding Blessing of Wisdom
[19:38:49.270] [N] Adding Concentration Aura
[19:38:49.271] [N] Adding Consecration
[19:38:49.271] [N] Adding Exorcism
[19:38:49.272] [N] Adding Flash of Light
[19:38:49.273] [N] Adding Holy Light
[19:38:49.273] [N] Adding Lay on Hands
[19:38:49.274] [N] Adding Purify
[19:38:49.275] [N] Adding Seal of Righteousness
[19:38:49.275] [N] Adding Sense Undead
[19:38:49.276] [N] Adding Turn Evil
[19:38:49.276] [N] Adding Blessing of Kings
[19:38:49.277] [N] Adding Devotion Aura
[19:38:49.278] [N] Adding Divine Protection
[19:38:49.278] [N] Adding Hammer of Justice
[19:38:49.279] [N] Adding Hand of Freedom
[19:38:49.280] [N] Adding Hand of Protection
[19:38:49.280] [N] Adding Hand of Reckoning
[19:38:49.281] [N] Adding Hand of Salvation
[19:38:49.281] [N] Adding Righteous Defense
[19:38:49.289] [N] Adding Righteous Fury
[19:38:49.289] [N] Adding Seal of Justice
[19:38:49.290] [N] Adding Blessing of Might
[19:38:49.291] [N] Adding Judgement of Light
[19:38:49.292] [N] Adding Judgement of Wisdom
[19:38:49.292] [N] Adding Retribution Aura
[19:38:49.293] [N] Adding Seal of Command
[19:38:49.294] [N] Spell book built
[19:38:49.294] [D] [SpellManager] Initialize — subscribed to BotEvents.OnBotStart
[19:38:49.295] [D] Default area costs set (Road=1.0, Ground=1.66)
[19:38:49.295] [D] Faction filter set: Horde (excluding Alliance paths)
[19:38:49.296] [D] Refresh() called. LastCount=0, CurrentCount=34
[19:38:49.296] [N] Building spell book
[19:38:49.297] [D] Found 34 spells from LocalPlayer.KnownSpells
[19:38:49.297] [N] Adding Arcane Affinity
[19:38:49.298] [N] Adding Arcane Torrent
[19:38:49.299] [N] Adding Auto Attack
[19:38:49.299] [N] Adding Block
[19:38:49.300] [N] Adding Dodge
[19:38:49.301] [N] Adding Magic Resistance
[19:38:49.301] [N] Adding Parry
[19:38:49.302] [N] Adding Blessing of Wisdom
[19:38:49.303] [N] Adding Concentration Aura
[19:38:49.303] [N] Adding Consecration
[19:38:49.304] [N] Adding Exorcism
[19:38:49.305] [N] Adding Flash of Light
[19:38:49.305] [N] Adding Holy Light
[19:38:49.306] [N] Adding Lay on Hands
[19:38:49.306] [N] Adding Purify
[19:38:49.307] [N] Adding Seal of Righteousness
[19:38:49.308] [N] Adding Sense Undead
[19:38:49.308] [N] Adding Turn Evil
[19:38:49.309] [N] Adding Blessing of Kings
[19:38:49.310] [N] Adding Devotion Aura
[19:38:49.310] [N] Adding Divine Protection
[19:38:49.311] [N] Adding Hammer of Justice
[19:38:49.312] [N] Adding Hand of Freedom
[19:38:49.312] [N] Adding Hand of Protection
[19:38:49.313] [N] Adding Hand of Reckoning
[19:38:49.314] [N] Adding Hand of Salvation
[19:38:49.315] [N] Adding Righteous Defense
[19:38:49.315] [N] Adding Righteous Fury
[19:38:49.316] [N] Adding Seal of Justice
[19:38:49.317] [N] Adding Blessing of Might
[19:38:49.317] [N] Adding Judgement of Light
[19:38:49.318] [N] Adding Judgement of Wisdom
[19:38:49.319] [N] Adding Retribution Aura
[19:38:49.319] [N] Adding Seal of Command
[19:38:49.320] [N] Spell book built
[19:38:49.321] [D] [SpellManager] Subscribed to LEARNED_SPELL_IN_TAB, ACTIVE_TALENT_GROUP_CHANGED
[19:38:49.465] [D] [Pulse] Slow plugin: name=AutoEquip2 elapsed=123ms
[19:38:49.532] [D] [Pulse] Slow plugin: name=Tidy Bags 3 Reloaded elapsed=65ms
[19:38:49.532] [D] [Pulse] Slow shared pulse: total=210ms movement=0 objects=0 lua=0 info=0 loot=3 targeting=16 events=0 plugins=190 routine=0
[19:38:50.167] [D] [WholesomeAQ] Quest chain correction: ancestor=846; descendant=849.
[19:38:50.175] [D] Activity: No eligible quest work; idle until 2026-09-08T11:53:44.3110653Z. excluded quest=104;stage=Pickup;npc=392;reason=outside-scan-radius;retry=context-change excluded quest=1058;stage=Pickup;npc=3995;reason=outside-scan-radius;retry=context-change excluded quest=1062;stage=TurnIn;npc=4049;reason=outside-scan-radius;retry=context-change excluded quest=1069;stage=Objective;objective=0;reason=outside-scan-radius;retry=context-change. excluded quest=1087;stage=Objective;objective=2;reason=outside-scan-radius;retry=context-change. excluded quest=1093;stage=Objective;scope=Objective;objective=0;retry=2026-09-08T15:11:36.9856630Z;state=Quarantined. excluded quest=11127;stage=Pickup;scope=QuestStage;retry=2026-09-08T16:11:43.3486525Z;state=Quarantined. excluded quest=1195;stage=Pickup;npc=4721;reason=outside-scan-radius;retry=context-change excluded quest=14106;stage=Pickup;scope=QuestStage;retry=2026-09-08T15:12:07.0067094Z;state=Quarantined. excluded quest=1483;stage=Pickup;npc=3442;reason=outside-scan-radius;retry=context-change excluded quest=152;stage=Pickup;npc=392;reason=outside-scan-radius;retry=context-change excluded quest=2098;stage=Pickup;npc=6667;reason=outside-scan-radius;retry=context-change excluded quest=216;stage=Pickup;npc=12757;reason=outside-scan-radius;retry=context-change excluded quest=235;stage=Pickup;npc=10880;reason=outside-scan-radius;retry=context-change excluded quest=4542;stage=TurnIn;npc=10537;reason=outside-scan-radius;retry=context-change excluded quest=470;stage=Pickup;npc=2111;reason=outside-scan-radius;retry=context-change excluded quest=472;stage=Pickup;npc=2097;reason=outside-scan-radius;retry=context-change excluded quest=4821;stage=Pickup;npc=10539;reason=outside-scan-radius;retry=context-change excluded quest=4921;stage=Objective;objective=0;reason=outside-scan-radius;retry=context-change. excluded quest=493;stage=Pickup;npc=1937;reason=outside-scan-radius;retry=context-change excluded quest=494;stage=Pickup;npc=2214;reason=outside-scan-radius;retry=context-change excluded quest=496;stage=Pickup;npc=2216;reason=outside-scan-radius;retry=context-change excluded quest=498;stage=Pickup;npc=2229;reason=outside-scan-radius;retry=context-change excluded quest=501;stage=Pickup;npc=2216;reason=outside-scan-radius;retry=context-change excluded quest=516;stage=Pickup;npc=2121;reason=outside-scan-radius;retry=context-change excluded quest=527;stage=Pickup;npc=2215;reason=outside-scan-radius;retry=context-change excluded quest=546;stage=Pickup;npc=2418;reason=outside-scan-radius;retry=context-change excluded quest=549;stage=Pickup;npc=1763;reason=outside-scan-radius;retry=context-change excluded quest=6282;stage=Pickup;npc=11860;reason=outside-scan-radius;retry=context-change excluded quest=6381;stage=Pickup;npc=11864;reason=outside-scan-radius;retry=context-change excluded quest=6382;stage=TurnIn;npc=12696;reason=outside-scan-radius;retry=context-change excluded quest=6383;stage=Pickup;npc=12696;reason=outside-scan-radius;retry=context-change excluded quest=6393;stage=Objective;scope=Objective;objective=0;retry=2026-09-08T15:11:36.9858139Z;state=Quarantined. excluded quest=6441;stage=Objective;scope=Objective;objective=0;retry=2026-09-08T11:53:44.3110653Z;state=Quarantined. excluded quest=6442;stage=Pickup;npc=12719;reason=outside-scan-radius;retry=context-change excluded quest=6461;stage=TurnIn;npc=12816;reason=outside-scan-radius;retry=context-change excluded quest=6462;stage=Pickup;npc=12721;reason=outside-scan-radius;retry=context-change excluded quest=6541;stage=Pickup;npc=3429;reason=outside-scan-radius;retry=context-change excluded quest=6543;stage=Objective;scope=Objective;objective=0;retry=2026-09-08T11:57:53.5602004Z;state=Quarantined. excluded quest=742;stage=Pickup;npc=10881;reason=outside-scan-radius;retry=context-change excluded quest=747;stage=Objective;scope=Objective;objective=0;retry=2026-09-08T13:06:01.2335671Z;state=Quarantined. excluded quest=747;stage=Objective;scope=Objective;objective=1;retry=2026-09-08T13:30:35.1661766Z;state=Quarantined. excluded quest=7790;stage=Pickup;scope=QuestStage;retry=2026-09-08T15:12:07.0066622Z;state=Quarantined. excluded quest=846;stage=AncestorCorrection;scope=Objective;objective=0;retry=2026-09-08T16:15:09.5897303Z;state=Quarantined. excluded quest=846;stage=AncestorCorrection;scope=Objective;objective=1;retry=2026-09-08T16:15:09.5898439Z;state=Quarantined. excluded quest=846;stage=AncestorCorrection;scope=Objective;objective=2;retry=2026-09-08T16:15:09.5898981Z;state=Quarantined. excluded quest=8487;stage=TurnIn;npc=15402;reason=outside-scan-radius;retry=context-change excluded quest=867;stage=Objective;scope=Objective;objective=0;retry=2026-09-08T13:46:19.0888015Z;state=Quarantined. excluded quest=868;stage=TurnIn;npc=3428;reason=outside-scan-radius;retry=context-change excluded quest=879;stage=Objective;scope=Objective;objective=0;retry=2026-09-08T14:12:05.6037548Z;state=Quarantined. excluded quest=879;stage=Objective;scope=Objective;objective=1;retry=2026-09-08T14:12:05.6038234Z;state=Quarantined. excluded quest=879;stage=Objective;scope=Objective;objective=2;retry=2026-09-08T14:12:05.6038609Z;state=Quarantined. excluded quest=8889;stage=Objective;objective=0;reason=outside-scan-radius;retry=context-change. excluded quest=8889;stage=Objective;objective=1;reason=outside-scan-radius;retry=context-change. excluded quest=8889;stage=Objective;objective=2;reason=outside-scan-radius;retry=context-change. excluded quest=891;stage=Objective;objective=0;reason=outside-scan-radius;retry=context-change. excluded quest=891;stage=Objective;objective=2;reason=outside-scan-radius;retry=context-change. excluded quest=893;stage=Objective;scope=Objective;objective=0;retry=2026-09-08T12:48:05.9519603Z;state=Quarantined. excluded quest=893;stage=Objective;scope=Objective;objective=1;retry=2026-09-08T12:48:05.9520521Z;state=Quarantined. excluded quest=893;stage=Objective;scope=Objective;objective=2;retry=2026-09-08T12:48:05.9520844Z;state=Quarantined. excluded quest=896;stage=Objective;scope=Objective;objective=0;retry=2026-09-08T13:55:41.1186828Z;state=Quarantined. excluded quest=9067;stage=Objective;scope=Objective;objective=0;retry=2026-09-08T15:12:07.0059371Z;state=Quarantined. excluded quest=9151;stage=Pickup;npc=16199;reason=outside-scan-radius;retry=context-change excluded quest=9157;stage=TurnIn;npc=16201;reason=outside-scan-radius;retry=context-change excluded quest=9275;stage=Pickup;npc=16464;reason=outside-scan-radius;retry=context-change excluded quest=9388;stage=Pickup;scope=QuestStage;retry=2026-09-08T16:11:43.3533518Z;state=Quarantined. excluded quest=9389;stage=Pickup;scope=QuestStage;retry=2026-09-08T16:12:08.0336743Z;state=Quarantined. excluded quest=9425;stage=Pickup;npc=16287;reason=outside-scan-radius;retry=context-change excluded quest=9428;stage=Pickup;npc=17098;reason=outside-scan-radius;retry=context-change excluded quest=9749;stage=Pickup;scope=QuestStage;retry=2026-09-08T15:36:49.0072878Z;state=Quarantined. Expanding scan radius from 500 to 750 yards before fallback.
[19:38:51.406] [D] [WholesomeAQ] Quest chain correction: ancestor=846; descendant=849.
[19:38:51.412] [D] Activity: No eligible quest work; idle until 2026-09-08T11:53:44.3110653Z. excluded quest=104;stage=Pickup;npc=392;reason=outside-scan-radius;retry=context-change excluded quest=1058;stage=Pickup;npc=3995;reason=outside-scan-radius;retry=context-change excluded quest=1062;stage=TurnIn;npc=4049;reason=outside-scan-radius;retry=context-change excluded quest=1069;stage=Objective;objective=0;reason=outside-scan-radius;retry=context-change. excluded quest=1087;stage=Objective;objective=2;reason=outside-scan-radius;retry=context-change. excluded quest=1093;stage=Objective;scope=Objective;objective=0;retry=2026-09-08T15:11:36.9856630Z;state=Quarantined. excluded quest=11127;stage=Pickup;scope=QuestStage;retry=2026-09-08T16:11:43.3486525Z;state=Quarantined. excluded quest=1195;stage=Pickup;npc=4721;reason=outside-scan-radius;retry=context-change excluded quest=14106;stage=Pickup;scope=QuestStage;retry=2026-09-08T15:12:07.0067094Z;state=Quarantined. excluded quest=1483;stage=Pickup;npc=3442;reason=outside-scan-radius;retry=context-change excluded quest=152;stage=Pickup;npc=392;reason=outside-scan-radius;retry=context-change excluded quest=2098;stage=Pickup;npc=6667;reason=outside-scan-radius;retry=context-change excluded quest=216;stage=Pickup;npc=12757;reason=outside-scan-radius;retry=context-change excluded quest=235;stage=Pickup;npc=10880;reason=outside-scan-radius;retry=context-change excluded quest=4542;stage=TurnIn;npc=10537;reason=outside-scan-radius;retry=context-change excluded quest=470;stage=Pickup;npc=2111;reason=outside-scan-radius;retry=context-change excluded quest=472;stage=Pickup;npc=2097;reason=outside-scan-radius;retry=context-change excluded quest=4821;stage=Pickup;npc=10539;reason=outside-scan-radius;retry=context-change excluded quest=4921;stage=Objective;objective=0;reason=outside-scan-radius;retry=context-change. excluded quest=493;stage=Pickup;npc=1937;reason=outside-scan-radius;retry=context-change excluded quest=494;stage=Pickup;npc=2214;reason=outside-scan-radius;retry=context-change excluded quest=496;stage=Pickup;npc=2216;reason=outside-scan-radius;retry=context-change excluded quest=498;stage=Pickup;npc=2229;reason=outside-scan-radius;retry=context-change excluded quest=501;stage=Pickup;npc=2216;reason=outside-scan-radius;retry=context-change excluded quest=516;stage=Pickup;npc=2121;reason=outside-scan-radius;retry=context-change excluded quest=527;stage=Pickup;npc=2215;reason=outside-scan-radius;retry=context-change excluded quest=546;stage=Pickup;npc=2418;reason=outside-scan-radius;retry=context-change excluded quest=549;stage=Pickup;npc=1763;reason=outside-scan-radius;retry=context-change excluded quest=6282;stage=Pickup;npc=11860;reason=outside-scan-radius;retry=context-change excluded quest=6381;stage=Pickup;npc=11864;reason=outside-scan-radius;retry=context-change excluded quest=6382;stage=TurnIn;npc=12696;reason=outside-scan-radius;retry=context-change excluded quest=6383;stage=Pickup;npc=12696;reason=outside-scan-radius;retry=context-change excluded quest=6393;stage=Objective;scope=Objective;objective=0;retry=2026-09-08T15:11:36.9858139Z;state=Quarantined. excluded quest=6441;stage=Objective;scope=Objective;objective=0;retry=2026-09-08T11:53:44.3110653Z;state=Quarantined. excluded quest=6442;stage=Pickup;npc=12719;reason=outside-scan-radius;retry=context-change excluded quest=6461;stage=TurnIn;npc=12816;reason=outside-scan-radius;retry=context-change excluded quest=6462;stage=Pickup;npc=12721;reason=outside-scan-radius;retry=context-change excluded quest=6541;stage=Pickup;npc=3429;reason=outside-scan-radius;retry=context-change excluded quest=6543;stage=Objective;scope=Objective;objective=0;retry=2026-09-08T11:57:53.5602004Z;state=Quarantined. excluded quest=742;stage=Pickup;npc=10881;reason=outside-scan-radius;retry=context-change excluded quest=747;stage=Objective;scope=Objective;objective=0;retry=2026-09-08T13:06:01.2335671Z;state=Quarantined. excluded quest=747;stage=Objective;scope=Objective;objective=1;retry=2026-09-08T13:30:35.1661766Z;state=Quarantined. excluded quest=7790;stage=Pickup;scope=QuestStage;retry=2026-09-08T15:12:07.0066622Z;state=Quarantined. excluded quest=846;stage=AncestorCorrection;scope=Objective;objective=0;retry=2026-09-08T16:15:09.5897303Z;state=Quarantined. excluded quest=846;stage=AncestorCorrection;scope=Objective;objective=1;retry=2026-09-08T16:15:09.5898439Z;state=Quarantined. excluded quest=846;stage=AncestorCorrection;scope=Objective;objective=2;retry=2026-09-08T16:15:09.5898981Z;state=Quarantined. excluded quest=8487;stage=TurnIn;npc=15402;reason=outside-scan-radius;retry=context-change excluded quest=867;stage=Objective;scope=Objective;objective=0;retry=2026-09-08T13:46:19.0888015Z;state=Quarantined. excluded quest=868;stage=TurnIn;npc=3428;reason=outside-scan-radius;retry=context-change excluded quest=879;stage=Objective;scope=Objective;objective=0;retry=2026-09-08T14:12:05.6037548Z;state=Quarantined. excluded quest=879;stage=Objective;scope=Objective;objective=1;retry=2026-09-08T14:12:05.6038234Z;state=Quarantined. excluded quest=879;stage=Objective;scope=Objective;objective=2;retry=2026-09-08T14:12:05.6038609Z;state=Quarantined. excluded quest=8889;stage=Objective;objective=0;reason=outside-scan-radius;retry=context-change. excluded quest=8889;stage=Objective;objective=1;reason=outside-scan-radius;retry=context-change. excluded quest=8889;stage=Objective;objective=2;reason=outside-scan-radius;retry=context-change. excluded quest=891;stage=Objective;objective=0;reason=outside-scan-radius;retry=context-change. excluded quest=891;stage=Objective;objective=2;reason=outside-scan-radius;retry=context-change. excluded quest=893;stage=Objective;scope=Objective;objective=0;retry=2026-09-08T12:48:05.9519603Z;state=Quarantined. excluded quest=893;stage=Objective;scope=Objective;objective=1;retry=2026-09-08T12:48:05.9520521Z;state=Quarantined. excluded quest=893;stage=Objective;scope=Objective;objective=2;retry=2026-09-08T12:48:05.9520844Z;state=Quarantined. excluded quest=896;stage=Objective;scope=Objective;objective=0;retry=2026-09-08T13:55:41.1186828Z;state=Quarantined. excluded quest=9067;stage=Objective;scope=Objective;objective=0;retry=2026-09-08T15:12:07.0059371Z;state=Quarantined. excluded quest=9151;stage=Pickup;npc=16199;reason=outside-scan-radius;retry=context-change excluded quest=9157;stage=TurnIn;npc=16201;reason=outside-scan-radius;retry=context-change excluded quest=9275;stage=Pickup;npc=16464;reason=outside-scan-radius;retry=context-change excluded quest=9388;stage=Pickup;scope=QuestStage;retry=2026-09-08T16:11:43.3533518Z;state=Quarantined. excluded quest=9389;stage=Pickup;scope=QuestStage;retry=2026-09-08T16:12:08.0336743Z;state=Quarantined. excluded quest=9425;stage=Pickup;npc=16287;reason=outside-scan-radius;retry=context-change excluded quest=9428;stage=Pickup;npc=17098;reason=outside-scan-radius;retry=context-change excluded quest=9749;stage=Pickup;scope=QuestStage;retry=2026-09-08T15:36:49.0072878Z;state=Quarantined. Expanding scan radius from 750 to 1000 yards before fallback.
[19:38:52.638] [D] [WholesomeAQ] Quest chain correction: ancestor=846; descendant=849.
[19:38:52.643] [D] Activity: No eligible quest work; idle until 2026-09-08T11:53:44.3110653Z. excluded quest=104;stage=Pickup;npc=392;reason=outside-scan-radius;retry=context-change excluded quest=1058;stage=Pickup;npc=3995;reason=outside-scan-radius;retry=context-change excluded quest=1062;stage=TurnIn;npc=4049;reason=outside-scan-radius;retry=context-change excluded quest=1069;stage=Objective;objective=0;reason=outside-scan-radius;retry=context-change. excluded quest=1087;stage=Objective;objective=2;reason=outside-scan-radius;retry=context-change. excluded quest=1093;stage=Objective;scope=Objective;objective=0;retry=2026-09-08T15:11:36.9856630Z;state=Quarantined. excluded quest=11127;stage=Pickup;scope=QuestStage;retry=2026-09-08T16:11:43.3486525Z;state=Quarantined. excluded quest=1195;stage=Pickup;npc=4721;reason=outside-scan-radius;retry=context-change excluded quest=14106;stage=Pickup;scope=QuestStage;retry=2026-09-08T15:12:07.0067094Z;state=Quarantined. excluded quest=1483;stage=Pickup;npc=3442;reason=outside-scan-radius;retry=context-change excluded quest=152;stage=Pickup;npc=392;reason=outside-scan-radius;retry=context-change excluded quest=2098;stage=Pickup;npc=6667;reason=outside-scan-radius;retry=context-change excluded quest=216;stage=Pickup;npc=12757;reason=outside-scan-radius;retry=context-change excluded quest=235;stage=Pickup;npc=10880;reason=outside-scan-radius;retry=context-change excluded quest=4542;stage=TurnIn;npc=10537;reason=outside-scan-radius;retry=context-change excluded quest=470;stage=Pickup;npc=2111;reason=outside-scan-radius;retry=context-change excluded quest=472;stage=Pickup;npc=2097;reason=outside-scan-radius;retry=context-change excluded quest=4821;stage=Pickup;npc=10539;reason=outside-scan-radius;retry=context-change excluded quest=4921;stage=Objective;objective=0;reason=outside-scan-radius;retry=context-change. excluded quest=493;stage=Pickup;npc=1937;reason=outside-scan-radius;retry=context-change excluded quest=494;stage=Pickup;npc=2214;reason=outside-scan-radius;retry=context-change excluded quest=496;stage=Pickup;npc=2216;reason=outside-scan-radius;retry=context-change excluded quest=498;stage=Pickup;npc=2229;reason=outside-scan-radius;retry=context-change excluded quest=501;stage=Pickup;npc=2216;reason=outside-scan-radius;retry=context-change excluded quest=516;stage=Pickup;npc=2121;reason=outside-scan-radius;retry=context-change excluded quest=527;stage=Pickup;npc=2215;reason=outside-scan-radius;retry=context-change excluded quest=546;stage=Pickup;npc=2418;reason=outside-scan-radius;retry=context-change excluded quest=549;stage=Pickup;npc=1763;reason=outside-scan-radius;retry=context-change excluded quest=6282;stage=Pickup;npc=11860;reason=outside-scan-radius;retry=context-change excluded quest=6381;stage=Pickup;npc=11864;reason=outside-scan-radius;retry=context-change excluded quest=6382;stage=TurnIn;npc=12696;reason=outside-scan-radius;retry=context-change excluded quest=6383;stage=Pickup;npc=12696;reason=outside-scan-radius;retry=context-change excluded quest=6393;stage=Objective;scope=Objective;objective=0;retry=2026-09-08T15:11:36.9858139Z;state=Quarantined. excluded quest=6441;stage=Objective;scope=Objective;objective=0;retry=2026-09-08T11:53:44.3110653Z;state=Quarantined. excluded quest=6442;stage=Pickup;npc=12719;reason=outside-scan-radius;retry=context-change excluded quest=6461;stage=TurnIn;npc=12816;reason=outside-scan-radius;retry=context-change excluded quest=6462;stage=Pickup;npc=12721;reason=outside-scan-radius;retry=context-change excluded quest=6541;stage=Pickup;npc=3429;reason=outside-scan-radius;retry=context-change excluded quest=6543;stage=Objective;scope=Objective;objective=0;retry=2026-09-08T11:57:53.5602004Z;state=Quarantined. excluded quest=742;stage=Pickup;npc=10881;reason=outside-scan-radius;retry=context-change excluded quest=747;stage=Objective;scope=Objective;objective=0;retry=2026-09-08T13:06:01.2335671Z;state=Quarantined. excluded quest=747;stage=Objective;scope=Objective;objective=1;retry=2026-09-08T13:30:35.1661766Z;state=Quarantined. excluded quest=7790;stage=Pickup;scope=QuestStage;retry=2026-09-08T15:12:07.0066622Z;state=Quarantined. excluded quest=846;stage=AncestorCorrection;scope=Objective;objective=0;retry=2026-09-08T16:15:09.5897303Z;state=Quarantined. excluded quest=846;stage=AncestorCorrection;scope=Objective;objective=1;retry=2026-09-08T16:15:09.5898439Z;state=Quarantined. excluded quest=846;stage=AncestorCorrection;scope=Objective;objective=2;retry=2026-09-08T16:15:09.5898981Z;state=Quarantined. excluded quest=8487;stage=TurnIn;npc=15402;reason=outside-scan-radius;retry=context-change excluded quest=867;stage=Objective;scope=Objective;objective=0;retry=2026-09-08T13:46:19.0888015Z;state=Quarantined. excluded quest=868;stage=TurnIn;npc=3428;reason=outside-scan-radius;retry=context-change excluded quest=879;stage=Objective;scope=Objective;objective=0;retry=2026-09-08T14:12:05.6037548Z;state=Quarantined. excluded quest=879;stage=Objective;scope=Objective;objective=1;retry=2026-09-08T14:12:05.6038234Z;state=Quarantined. excluded quest=879;stage=Objective;scope=Objective;objective=2;retry=2026-09-08T14:12:05.6038609Z;state=Quarantined. excluded quest=8889;stage=Objective;objective=0;reason=outside-scan-radius;retry=context-change. excluded quest=8889;stage=Objective;objective=1;reason=outside-scan-radius;retry=context-change. excluded quest=8889;stage=Objective;objective=2;reason=outside-scan-radius;retry=context-change. excluded quest=891;stage=Objective;objective=0;reason=outside-scan-radius;retry=context-change. excluded quest=891;stage=Objective;objective=2;reason=outside-scan-radius;retry=context-change. excluded quest=893;stage=Objective;scope=Objective;objective=0;retry=2026-09-08T12:48:05.9519603Z;state=Quarantined. excluded quest=893;stage=Objective;scope=Objective;objective=1;retry=2026-09-08T12:48:05.9520521Z;state=Quarantined. excluded quest=893;stage=Objective;scope=Objective;objective=2;retry=2026-09-08T12:48:05.9520844Z;state=Quarantined. excluded quest=896;stage=Objective;scope=Objective;objective=0;retry=2026-09-08T13:55:41.1186828Z;state=Quarantined. excluded quest=9067;stage=Objective;scope=Objective;objective=0;retry=2026-09-08T15:12:07.0059371Z;state=Quarantined. excluded quest=9151;stage=Pickup;npc=16199;reason=outside-scan-radius;retry=context-change excluded quest=9157;stage=TurnIn;npc=16201;reason=outside-scan-radius;retry=context-change excluded quest=9275;stage=Pickup;npc=16464;reason=outside-scan-radius;retry=context-change excluded quest=9388;stage=Pickup;scope=QuestStage;retry=2026-09-08T16:11:43.3533518Z;state=Quarantined. excluded quest=9389;stage=Pickup;scope=QuestStage;retry=2026-09-08T16:12:08.0336743Z;state=Quarantined. excluded quest=9425;stage=Pickup;npc=16287;reason=outside-scan-radius;retry=context-change excluded quest=9428;stage=Pickup;npc=17098;reason=outside-scan-radius;retry=context-change excluded quest=9749;stage=Pickup;scope=QuestStage;retry=2026-09-08T15:36:49.0072878Z;state=Quarantined. Expanding scan radius from 1000 to 1250 yards before fallback.
[19:38:53.914] [D] [WholesomeAQ] Quest chain correction: ancestor=846; descendant=849.
[19:38:53.919] [D] Activity: No eligible quest work; idle until 2026-09-08T11:53:44.3110653Z. excluded quest=104;stage=Pickup;npc=392;reason=outside-scan-radius;retry=context-change excluded quest=1058;stage=Pickup;npc=3995;reason=outside-scan-radius;retry=context-change excluded quest=1062;stage=TurnIn;npc=4049;reason=outside-scan-radius;retry=context-change excluded quest=1069;stage=Objective;objective=0;reason=outside-scan-radius;retry=context-change. excluded quest=1087;stage=Objective;objective=2;reason=outside-scan-radius;retry=context-change. excluded quest=1093;stage=Objective;scope=Objective;objective=0;retry=2026-09-08T15:11:36.9856630Z;state=Quarantined. excluded quest=11127;stage=Pickup;scope=QuestStage;retry=2026-09-08T16:11:43.3486525Z;state=Quarantined. excluded quest=1195;stage=Pickup;npc=4721;reason=outside-scan-radius;retry=context-change excluded quest=14106;stage=Pickup;scope=QuestStage;retry=2026-09-08T15:12:07.0067094Z;state=Quarantined. excluded quest=1483;stage=Pickup;npc=3442;reason=outside-scan-radius;retry=context-change excluded quest=152;stage=Pickup;npc=392;reason=outside-scan-radius;retry=context-change excluded quest=2098;stage=Pickup;npc=6667;reason=outside-scan-radius;retry=context-change excluded quest=216;stage=Pickup;npc=12757;reason=outside-scan-radius;retry=context-change excluded quest=235;stage=Pickup;npc=10880;reason=outside-scan-radius;retry=context-change excluded quest=4542;stage=TurnIn;npc=10537;reason=outside-scan-radius;retry=context-change excluded quest=470;stage=Pickup;npc=2111;reason=outside-scan-radius;retry=context-change excluded quest=472;stage=Pickup;npc=2097;reason=outside-scan-radius;retry=context-change excluded quest=4821;stage=Pickup;npc=10539;reason=outside-scan-radius;retry=context-change excluded quest=4921;stage=Objective;objective=0;reason=outside-scan-radius;retry=context-change. excluded quest=493;stage=Pickup;npc=1937;reason=outside-scan-radius;retry=context-change excluded quest=494;stage=Pickup;npc=2214;reason=outside-scan-radius;retry=context-change excluded quest=496;stage=Pickup;npc=2216;reason=outside-scan-radius;retry=context-change excluded quest=498;stage=Pickup;npc=2229;reason=outside-scan-radius;retry=context-change excluded quest=501;stage=Pickup;npc=2216;reason=outside-scan-radius;retry=context-change excluded quest=516;stage=Pickup;npc=2121;reason=outside-scan-radius;retry=context-change excluded quest=527;stage=Pickup;npc=2215;reason=outside-scan-radius;retry=context-change excluded quest=546;stage=Pickup;npc=2418;reason=outside-scan-radius;retry=context-change excluded quest=549;stage=Pickup;npc=1763;reason=outside-scan-radius;retry=context-change excluded quest=6282;stage=Pickup;npc=11860;reason=outside-scan-radius;retry=context-change excluded quest=6381;stage=Pickup;npc=11864;reason=outside-scan-radius;retry=context-change excluded quest=6382;stage=TurnIn;npc=12696;reason=outside-scan-radius;retry=context-change excluded quest=6383;stage=Pickup;npc=12696;reason=outside-scan-radius;retry=context-change excluded quest=6393;stage=Objective;scope=Objective;objective=0;retry=2026-09-08T15:11:36.9858139Z;state=Quarantined. excluded quest=6441;stage=Objective;scope=Objective;objective=0;retry=2026-09-08T11:53:44.3110653Z;state=Quarantined. excluded quest=6442;stage=Pickup;npc=12719;reason=outside-scan-radius;retry=context-change excluded quest=6461;stage=TurnIn;npc=12816;reason=outside-scan-radius;retry=context-change excluded quest=6462;stage=Pickup;npc=12721;reason=outside-scan-radius;retry=context-change excluded quest=6541;stage=Pickup;npc=3429;reason=outside-scan-radius;retry=context-change excluded quest=6543;stage=Objective;scope=Objective;objective=0;retry=2026-09-08T11:57:53.5602004Z;state=Quarantined. excluded quest=742;stage=Pickup;npc=10881;reason=outside-scan-radius;retry=context-change excluded quest=747;stage=Objective;scope=Objective;objective=0;retry=2026-09-08T13:06:01.2335671Z;state=Quarantined. excluded quest=747;stage=Objective;scope=Objective;objective=1;retry=2026-09-08T13:30:35.1661766Z;state=Quarantined. excluded quest=7790;stage=Pickup;scope=QuestStage;retry=2026-09-08T15:12:07.0066622Z;state=Quarantined. excluded quest=846;stage=AncestorCorrection;scope=Objective;objective=0;retry=2026-09-08T16:15:09.5897303Z;state=Quarantined. excluded quest=846;stage=AncestorCorrection;scope=Objective;objective=1;retry=2026-09-08T16:15:09.5898439Z;state=Quarantined. excluded quest=846;stage=AncestorCorrection;scope=Objective;objective=2;retry=2026-09-08T16:15:09.5898981Z;state=Quarantined. excluded quest=8487;stage=TurnIn;npc=15402;reason=outside-scan-radius;retry=context-change excluded quest=867;stage=Objective;scope=Objective;objective=0;retry=2026-09-08T13:46:19.0888015Z;state=Quarantined. excluded quest=868;stage=TurnIn;npc=3428;reason=outside-scan-radius;retry=context-change excluded quest=879;stage=Objective;scope=Objective;objective=0;retry=2026-09-08T14:12:05.6037548Z;state=Quarantined. excluded quest=879;stage=Objective;scope=Objective;objective=1;retry=2026-09-08T14:12:05.6038234Z;state=Quarantined. excluded quest=879;stage=Objective;scope=Objective;objective=2;retry=2026-09-08T14:12:05.6038609Z;state=Quarantined. excluded quest=8889;stage=Objective;objective=0;reason=outside-scan-radius;retry=context-change. excluded quest=8889;stage=Objective;objective=1;reason=outside-scan-radius;retry=context-change. excluded quest=8889;stage=Objective;objective=2;reason=outside-scan-radius;retry=context-change. excluded quest=891;stage=Objective;objective=0;reason=outside-scan-radius;retry=context-change. excluded quest=891;stage=Objective;objective=2;reason=outside-scan-radius;retry=context-change. excluded quest=893;stage=Objective;scope=Objective;objective=0;retry=2026-09-08T12:48:05.9519603Z;state=Quarantined. excluded quest=893;stage=Objective;scope=Objective;objective=1;retry=2026-09-08T12:48:05.9520521Z;state=Quarantined. excluded quest=893;stage=Objective;scope=Objective;objective=2;retry=2026-09-08T12:48:05.9520844Z;state=Quarantined. excluded quest=896;stage=Objective;scope=Objective;objective=0;retry=2026-09-08T13:55:41.1186828Z;state=Quarantined. excluded quest=9067;stage=Objective;scope=Objective;objective=0;retry=2026-09-08T15:12:07.0059371Z;state=Quarantined. excluded quest=9151;stage=Pickup;npc=16199;reason=outside-scan-radius;retry=context-change excluded quest=9157;stage=TurnIn;npc=16201;reason=outside-scan-radius;retry=context-change excluded quest=9275;stage=Pickup;npc=16464;reason=outside-scan-radius;retry=context-change excluded quest=9388;stage=Pickup;scope=QuestStage;retry=2026-09-08T16:11:43.3533518Z;state=Quarantined. excluded quest=9389;stage=Pickup;scope=QuestStage;retry=2026-09-08T16:12:08.0336743Z;state=Quarantined. excluded quest=9425;stage=Pickup;npc=16287;reason=outside-scan-radius;retry=context-change excluded quest=9428;stage=Pickup;npc=17098;reason=outside-scan-radius;retry=context-change excluded quest=9749;stage=Pickup;scope=QuestStage;retry=2026-09-08T15:36:49.0072878Z;state=Quarantined. Expanding scan radius from 1250 to 1500 yards before fallback.
[19:38:55.146] [D] [WholesomeAQ] Quest chain correction: ancestor=846; descendant=849.
[19:38:55.153] [D] Activity: No eligible quest work; idle until 2026-09-08T11:53:44.3110653Z. excluded quest=104;stage=Pickup;npc=392;reason=outside-scan-radius;retry=context-change excluded quest=1058;stage=Pickup;npc=3995;reason=outside-scan-radius;retry=context-change excluded quest=1062;stage=TurnIn;npc=4049;reason=outside-scan-radius;retry=context-change excluded quest=1069;stage=Objective;objective=0;reason=outside-scan-radius;retry=context-change. excluded quest=1087;stage=Objective;objective=2;reason=outside-scan-radius;retry=context-change. excluded quest=1093;stage=Objective;scope=Objective;objective=0;retry=2026-09-08T15:11:36.9856630Z;state=Quarantined. excluded quest=11127;stage=Pickup;scope=QuestStage;retry=2026-09-08T16:11:43.3486525Z;state=Quarantined. excluded quest=1195;stage=Pickup;npc=4721;reason=outside-scan-radius;retry=context-change excluded quest=14106;stage=Pickup;scope=QuestStage;retry=2026-09-08T15:12:07.0067094Z;state=Quarantined. excluded quest=1483;stage=Pickup;npc=3442;reason=outside-scan-radius;retry=context-change excluded quest=152;stage=Pickup;npc=392;reason=outside-scan-radius;retry=context-change excluded quest=2098;stage=Pickup;npc=6667;reason=outside-scan-radius;retry=context-change excluded quest=216;stage=Pickup;npc=12757;reason=outside-scan-radius;retry=context-change excluded quest=235;stage=Pickup;npc=10880;reason=outside-scan-radius;retry=context-change excluded quest=4542;stage=TurnIn;npc=10537;reason=outside-scan-radius;retry=context-change excluded quest=470;stage=Pickup;npc=2111;reason=outside-scan-radius;retry=context-change excluded quest=472;stage=Pickup;npc=2097;reason=outside-scan-radius;retry=context-change excluded quest=4821;stage=Pickup;npc=10539;reason=outside-scan-radius;retry=context-change excluded quest=4921;stage=Objective;objective=0;reason=outside-scan-radius;retry=context-change. excluded quest=493;stage=Pickup;npc=1937;reason=outside-scan-radius;retry=context-change excluded quest=494;stage=Pickup;npc=2214;reason=outside-scan-radius;retry=context-change excluded quest=496;stage=Pickup;npc=2216;reason=outside-scan-radius;retry=context-change excluded quest=498;stage=Pickup;npc=2229;reason=outside-scan-radius;retry=context-change excluded quest=501;stage=Pickup;npc=2216;reason=outside-scan-radius;retry=context-change excluded quest=516;stage=Pickup;npc=2121;reason=outside-scan-radius;retry=context-change excluded quest=527;stage=Pickup;npc=2215;reason=outside-scan-radius;retry=context-change excluded quest=546;stage=Pickup;npc=2418;reason=outside-scan-radius;retry=context-change excluded quest=549;stage=Pickup;npc=1763;reason=outside-scan-radius;retry=context-change excluded quest=6282;stage=Pickup;npc=11860;reason=outside-scan-radius;retry=context-change excluded quest=6381;stage=Pickup;npc=11864;reason=outside-scan-radius;retry=context-change excluded quest=6382;stage=TurnIn;npc=12696;reason=outside-scan-radius;retry=context-change excluded quest=6383;stage=Pickup;npc=12696;reason=outside-scan-radius;retry=context-change excluded quest=6393;stage=Objective;scope=Objective;objective=0;retry=2026-09-08T15:11:36.9858139Z;state=Quarantined. excluded quest=6441;stage=Objective;scope=Objective;objective=0;retry=2026-09-08T11:53:44.3110653Z;state=Quarantined. excluded quest=6442;stage=Pickup;npc=12719;reason=outside-scan-radius;retry=context-change excluded quest=6461;stage=TurnIn;npc=12816;reason=outside-scan-radius;retry=context-change excluded quest=6462;stage=Pickup;npc=12721;reason=outside-scan-radius;retry=context-change excluded quest=6541;stage=Pickup;npc=3429;reason=outside-scan-radius;retry=context-change excluded quest=6543;stage=Objective;scope=Objective;objective=0;retry=2026-09-08T11:57:53.5602004Z;state=Quarantined. excluded quest=742;stage=Pickup;npc=10881;reason=outside-scan-radius;retry=context-change excluded quest=747;stage=Objective;scope=Objective;objective=0;retry=2026-09-08T13:06:01.2335671Z;state=Quarantined. excluded quest=747;stage=Objective;scope=Objective;objective=1;retry=2026-09-08T13:30:35.1661766Z;state=Quarantined. excluded quest=7790;stage=Pickup;scope=QuestStage;retry=2026-09-08T15:12:07.0066622Z;state=Quarantined. excluded quest=846;stage=AncestorCorrection;scope=Objective;objective=0;retry=2026-09-08T16:15:09.5897303Z;state=Quarantined. excluded quest=846;stage=AncestorCorrection;scope=Objective;objective=1;retry=2026-09-08T16:15:09.5898439Z;state=Quarantined. excluded quest=846;stage=AncestorCorrection;scope=Objective;objective=2;retry=2026-09-08T16:15:09.5898981Z;state=Quarantined. excluded quest=8487;stage=TurnIn;npc=15402;reason=outside-scan-radius;retry=context-change excluded quest=867;stage=Objective;scope=Objective;objective=0;retry=2026-09-08T13:46:19.0888015Z;state=Quarantined. excluded quest=868;stage=TurnIn;npc=3428;reason=outside-scan-radius;retry=context-change excluded quest=879;stage=Objective;scope=Objective;objective=0;retry=2026-09-08T14:12:05.6037548Z;state=Quarantined. excluded quest=879;stage=Objective;scope=Objective;objective=1;retry=2026-09-08T14:12:05.6038234Z;state=Quarantined. excluded quest=879;stage=Objective;scope=Objective;objective=2;retry=2026-09-08T14:12:05.6038609Z;state=Quarantined. excluded quest=8889;stage=Objective;objective=0;reason=outside-scan-radius;retry=context-change. excluded quest=8889;stage=Objective;objective=1;reason=outside-scan-radius;retry=context-change. excluded quest=8889;stage=Objective;objective=2;reason=outside-scan-radius;retry=context-change. excluded quest=891;stage=Objective;objective=0;reason=outside-scan-radius;retry=context-change. excluded quest=891;stage=Objective;objective=2;reason=outside-scan-radius;retry=context-change. excluded quest=893;stage=Objective;scope=Objective;objective=0;retry=2026-09-08T12:48:05.9519603Z;state=Quarantined. excluded quest=893;stage=Objective;scope=Objective;objective=1;retry=2026-09-08T12:48:05.9520521Z;state=Quarantined. excluded quest=893;stage=Objective;scope=Objective;objective=2;retry=2026-09-08T12:48:05.9520844Z;state=Quarantined. excluded quest=896;stage=Objective;scope=Objective;objective=0;retry=2026-09-08T13:55:41.1186828Z;state=Quarantined. excluded quest=9067;stage=Objective;scope=Objective;objective=0;retry=2026-09-08T15:12:07.0059371Z;state=Quarantined. excluded quest=9151;stage=Pickup;npc=16199;reason=outside-scan-radius;retry=context-change excluded quest=9157;stage=TurnIn;npc=16201;reason=outside-scan-radius;retry=context-change excluded quest=9275;stage=Pickup;npc=16464;reason=outside-scan-radius;retry=context-change excluded quest=9388;stage=Pickup;scope=QuestStage;retry=2026-09-08T16:11:43.3533518Z;state=Quarantined. excluded quest=9389;stage=Pickup;scope=QuestStage;retry=2026-09-08T16:12:08.0336743Z;state=Quarantined. excluded quest=9425;stage=Pickup;npc=16287;reason=outside-scan-radius;retry=context-change excluded quest=9428;stage=Pickup;npc=17098;reason=outside-scan-radius;retry=context-change excluded quest=9749;stage=Pickup;scope=QuestStage;retry=2026-09-08T15:36:49.0072878Z;state=Quarantined. Expanding scan radius from 1500 to 1750 yards before fallback.
[19:38:56.385] [D] [WholesomeAQ] Quest chain correction: ancestor=846; descendant=849.
[19:38:56.385] [D] [WholesomeAQ] Quest chain correction: ancestor=879; descendant=906.
[19:38:56.405] [N] Loaded 0 global blackspots
[19:38:56.440] [D] [Blackspot] Area cost initialized: area 17 = 60x
[19:38:57.466] [D] [Nav] Loaded 369 mesh tiles for one path query
[19:38:57.467] [D] [Nav] Slow path generation: 1061ms map=1 from=(-3973.53, -2014.49, 96.36) to=(-5454.95, -2442.79, 90.30) status=Success
[19:38:57.877] [D] Loading profile from D:\World of Warcraft 3.3.5a\CB\Bots\WholesomeAutoQuest\WHOLESOME_AUTOQUESTER.xml
[19:38:57.885] [D] [CompileBatch] Compiling 2 entries...
[19:38:57.956] [D] [CompileBatch] Compiled successfully.
[19:38:57.956] [N] Profile loaded: WholesomeAQ - The Barrens
[19:38:57.987] [D] Selected sub-profile: WholesomeAQ - The Barrens (L1-80)
[19:38:57.988] [N] [Wholesome Auto Quest] Profile refreshed - Selected 2 quest work candidate(s). selected quest=4542;stage=TurnIn;state=Eligible. selected quest=4821;stage=Pickup;state=Eligible. excluded quest=104;stage=Pickup;npc=392;reason=outside-scan-radius;retry=context-change excluded quest=1058;stage=Pickup;npc=3995;reason=outside-scan-radius;retry=context-change excluded quest=1062;stage=TurnIn;npc=4049;reason=outside-scan-radius;retry=context-change excluded quest=1069;stage=Objective;objective=0;reason=outside-scan-radius;retry=context-change. excluded quest=1087;stage=Objective;objective=2;reason=outside-scan-radius;retry=context-change. excluded quest=1093;stage=Objective;scope=Objective;objective=0;retry=2026-09-08T15:11:36.9856630Z;state=Quarantined. excluded quest=11127;stage=Pickup;scope=QuestStage;retry=2026-09-08T16:11:43.3486525Z;state=Quarantined. excluded quest=1195;stage=Pickup;npc=4721;reason=outside-scan-radius;retry=context-change excluded quest=14106;stage=Pickup;scope=QuestStage;retry=2026-09-08T15:12:07.0067094Z;state=Quarantined. excluded quest=1483;stage=Pickup;npc=3442;reason=outside-scan-radius;retry=context-change excluded quest=152;stage=Pickup;npc=392;reason=outside-scan-radius;retry=context-change excluded quest=2098;stage=Pickup;npc=6667;reason=outside-scan-radius;retry=context-change excluded quest=216;stage=Pickup;npc=12757;reason=outside-scan-radius;retry=context-change excluded quest=235;stage=Pickup;npc=10880;reason=outside-scan-radius;retry=context-change excluded quest=470;stage=Pickup;npc=2111;reason=outside-scan-radius;retry=context-change excluded quest=472;stage=Pickup;npc=2097;reason=outside-scan-radius;retry=context-change excluded quest=4921;stage=Objective;objective=0;reason=outside-scan-radius;retry=context-change. excluded quest=493;stage=Pickup;npc=1937;reason=outside-scan-radius;retry=context-change excluded quest=494;stage=Pickup;npc=2214;reason=outside-scan-radius;retry=context-change excluded quest=496;stage=Pickup;npc=2216;reason=outside-scan-radius;retry=context-change excluded quest=498;stage=Pickup;npc=2229;reason=outside-scan-radius;retry=context-change excluded quest=501;stage=Pickup;npc=2216;reason=outside-scan-radius;retry=context-change excluded quest=516;stage=Pickup;npc=2121;reason=outside-scan-radius;retry=context-change excluded quest=527;stage=Pickup;npc=2215;reason=outside-scan-radius;retry=context-change excluded quest=546;stage=Pickup;npc=2418;reason=outside-scan-radius;retry=context-change excluded quest=549;stage=Pickup;npc=1763;reason=outside-scan-radius;retry=context-change excluded quest=6282;stage=Pickup;npc=11860;reason=outside-scan-radius;retry=context-change excluded quest=6381;stage=Pickup;npc=11864;reason=outside-scan-radius;retry=context-change excluded quest=6382;stage=TurnIn;npc=12696;reason=outside-scan-radius;retry=context-change excluded quest=6383;stage=Pickup;npc=12696;reason=outside-scan-radius;retry=context-change excluded quest=6393;stage=Objective;scope=Objective;objective=0;retry=2026-09-08T15:11:36.9858139Z;state=Quarantined. excluded quest=6441;stage=Objective;scope=Objective;objective=0;retry=2026-09-08T11:53:44.3110653Z;state=Quarantined. excluded quest=6442;stage=Pickup;npc=12719;reason=outside-scan-radius;retry=context-change excluded quest=6461;stage=TurnIn;npc=12816;reason=outside-scan-radius;retry=context-change excluded quest=6462;stage=Pickup;npc=12721;reason=outside-scan-radius;retry=context-change excluded quest=6541;stage=Pickup;npc=3429;reason=outside-scan-radius;retry=context-change excluded quest=6543;stage=Objective;scope=Objective;objective=0;retry=2026-09-08T11:57:53.5602004Z;state=Quarantined. excluded quest=742;stage=Pickup;npc=10881;reason=outside-scan-radius;retry=context-change excluded quest=747;stage=Objective;scope=Objective;objective=0;retry=2026-09-08T13:06:01.2335671Z;state=Quarantined. excluded quest=747;stage=Objective;scope=Objective;objective=1;retry=2026-09-08T13:30:35.1661766Z;state=Quarantined. excluded quest=7790;stage=Pickup;scope=QuestStage;retry=2026-09-08T15:12:07.0066622Z;state=Quarantined. excluded quest=846;stage=AncestorCorrection;scope=Objective;objective=0;retry=2026-09-08T16:15:09.5897303Z;state=Quarantined. excluded quest=846;stage=AncestorCorrection;scope=Objective;objective=1;retry=2026-09-08T16:15:09.5898439Z;state=Quarantined. excluded quest=846;stage=AncestorCorrection;scope=Objective;objective=2;retry=2026-09-08T16:15:09.5898981Z;state=Quarantined. excluded quest=8487;stage=TurnIn;npc=15402;reason=outside-scan-radius;retry=context-change excluded quest=867;stage=Objective;scope=Objective;objective=0;retry=2026-09-08T13:46:19.0888015Z;state=Quarantined. excluded quest=868;stage=TurnIn;npc=3428;reason=outside-scan-radius;retry=context-change excluded quest=879;stage=AncestorCorrection;scope=Objective;objective=0;retry=2026-09-08T14:12:05.6037548Z;state=Quarantined. excluded quest=879;stage=AncestorCorrection;scope=Objective;objective=1;retry=2026-09-08T14:12:05.6038234Z;state=Quarantined. excluded quest=879;stage=AncestorCorrection;scope=Objective;objective=2;retry=2026-09-08T14:12:05.6038609Z;state=Quarantined. excluded quest=8889;stage=Objective;objective=0;reason=outside-scan-radius;retry=context-change. excluded quest=8889;stage=Objective;objective=1;reason=outside-scan-radius;retry=context-change. excluded quest=8889;stage=Objective;objective=2;reason=outside-scan-radius;retry=context-change. excluded quest=891;stage=Objective;objective=0;reason=outside-scan-radius;retry=context-change. excluded quest=891;stage=Objective;objective=2;reason=outside-scan-radius;retry=context-change. excluded quest=893;stage=Objective;scope=Objective;objective=0;retry=2026-09-08T12:48:05.9519603Z;state=Quarantined. excluded quest=893;stage=Objective;scope=Objective;objective=1;retry=2026-09-08T12:48:05.9520521Z;state=Quarantined. excluded quest=893;stage=Objective;scope=Objective;objective=2;retry=2026-09-08T12:48:05.9520844Z;state=Quarantined. excluded quest=896;stage=Objective;scope=Objective;objective=0;retry=2026-09-08T13:55:41.1186828Z;state=Quarantined. excluded quest=9067;stage=Objective;scope=Objective;objective=0;retry=2026-09-08T15:12:07.0059371Z;state=Quarantined. excluded quest=9151;stage=Pickup;npc=16199;reason=outside-scan-radius;retry=context-change excluded quest=9157;stage=TurnIn;npc=16201;reason=outside-scan-radius;retry=context-change excluded quest=9275;stage=Pickup;npc=16464;reason=outside-scan-radius;retry=context-change excluded quest=9388;stage=Pickup;scope=QuestStage;retry=2026-09-08T16:11:43.3533518Z;state=Quarantined. excluded quest=9389;stage=Pickup;scope=QuestStage;retry=2026-09-08T16:12:08.0336743Z;state=Quarantined. excluded quest=9425;stage=Pickup;npc=16287;reason=outside-scan-radius;retry=context-change excluded quest=9428;stage=Pickup;npc=17098;reason=outside-scan-radius;retry=context-change excluded quest=9749;stage=Pickup;scope=QuestStage;retry=2026-09-08T15:36:49.0072878Z;state=Quarantined.
[19:38:58.734] [D] [If] Condition is true, executing If body
[19:38:58.763] [N] [TurnIn] Turning in Message to Freewind Post
[19:38:58.763] [D] Goal: Turning in Message to Freewind Post
[19:38:58.765] [D] Changed POI to: Type: QuestTurnIn, Name: Cliffwatcher Longhorn, Guid: 0, Entry: 10537, Location: (-5454.95, -2442.79, 90.30)
[19:38:58.766] [D] [Pulse] Slow bot root: 243ms bot=Wholesome Auto Quest poi=QuestTurnIn combat=False
[19:38:59.627] [N] Moving to Type: QuestTurnIn, Name: Cliffwatcher Longhorn, Guid: 0, Entry: 10537, Location: (-5454.95, -2442.79, 90.30)
[19:38:59.963] [N] Mounting: 34769
[19:39:02.807] [D] [MeshNavigator] Skipped 3 path nodes
[19:39:02.866] [D] [Pulse] Slow bot root: 3412ms bot=Wholesome Auto Quest poi=QuestTurnIn combat=False
[19:39:03.035] [D] [Pulse] Slow plugin: name=AutoEquip2 elapsed=129ms
[19:39:03.102] [D] [Pulse] Slow plugin: name=Tidy Bags 3 Reloaded elapsed=65ms
[19:39:03.102] [D] [Pulse] Slow shared pulse: total=235ms movement=0 objects=0 lua=0 info=0 loot=0 targeting=37 events=0 plugins=197 routine=0
[19:39:04.270] [D] [Pulse] Slow bot root: 600ms bot=Wholesome Auto Quest poi=QuestTurnIn combat=False
[19:39:05.538] [D] [MeshNavigator] Skipped 2 path nodes
[19:39:05.603] [D] [Pulse] Slow bot root: 634ms bot=Wholesome Auto Quest poi=QuestTurnIn combat=False
[19:39:06.840] [D] [MeshNavigator] Skipped 2 path nodes
[19:39:06.854] [D] [Pulse] Slow bot root: 583ms bot=Wholesome Auto Quest poi=QuestTurnIn combat=False
[19:39:08.068] [D] [MeshNavigator] Skipped 2 path nodes
[19:39:08.083] [D] [Pulse] Slow bot root: 565ms bot=Wholesome Auto Quest poi=QuestTurnIn combat=False
[19:39:09.308] [D] [Nav] Loaded 2 mesh tiles for one path query
[19:39:09.309] [D] [MeshNavigator] Skipped 2 path nodes
[19:39:09.314] [D] [Pulse] Slow bot root: 566ms bot=Wholesome Auto Quest poi=QuestTurnIn combat=False
[19:39:10.566] [D] [Nav] Loaded 1 mesh tiles for one path query
[19:39:10.566] [D] [MeshNavigator] Skipped 2 path nodes
[19:39:10.577] [D] [Pulse] Slow bot root: 566ms bot=Wholesome Auto Quest poi=QuestTurnIn combat=False
[19:39:11.789] [D] [Nav] Loaded 1 mesh tiles for one path query
[19:39:11.789] [D] [MeshNavigator] Skipped 2 path nodes
[19:39:11.804] [D] [Pulse] Slow bot root: 561ms bot=Wholesome Auto Quest poi=QuestTurnIn combat=False
[19:39:13.017] [D] [Nav] Loaded 2 mesh tiles for one path query
[19:39:13.017] [D] [MeshNavigator] Skipped 2 path nodes
[19:39:13.035] [D] [Pulse] Slow bot root: 564ms bot=Wholesome Auto Quest poi=QuestTurnIn combat=False
[19:39:13.201] [D] [Pulse] Slow plugin: name=AutoEquip2 elapsed=130ms
[19:39:13.268] [D] [Pulse] Slow plugin: name=Tidy Bags 3 Reloaded elapsed=65ms
[19:39:13.268] [D] [Pulse] Slow shared pulse: total=232ms movement=0 objects=0 lua=0 info=0 loot=0 targeting=34 events=0 plugins=197 routine=0
[19:39:14.441] [D] [Pulse] Slow bot root: 604ms bot=Wholesome Auto Quest poi=QuestTurnIn combat=False
[19:39:15.692] [D] [MeshNavigator] Skipped 2 path nodes
[19:39:15.741] [D] [Pulse] Slow bot root: 601ms bot=Wholesome Auto Quest poi=QuestTurnIn combat=False
[19:39:16.974] [D] [Pulse] Slow bot root: 567ms bot=Wholesome Auto Quest poi=QuestTurnIn combat=False
[19:39:18.532] [D] [MeshNavigator] Skipped 9 path nodes
[19:39:18.575] [D] [Pulse] Slow bot root: 932ms bot=Wholesome Auto Quest poi=QuestTurnIn combat=False
[19:39:19.820] [D] [MeshNavigator] Skipped 9 path nodes
[19:39:19.841] [D] [Pulse] Slow bot root: 601ms bot=Wholesome Auto Quest poi=QuestTurnIn combat=False
[19:39:21.132] [D] [MeshNavigator] Skipped 9 path nodes
[19:39:21.146] [D] [Pulse] Slow bot root: 564ms bot=Wholesome Auto Quest poi=QuestTurnIn combat=False
[19:39:22.334] [D] [MeshNavigator] Skipped 8 path nodes
[19:39:22.336] [D] [Pulse] Slow bot root: 521ms bot=Wholesome Auto Quest poi=QuestTurnIn combat=False
[19:39:22.855] [D] [MeshNavigator] Skipped 3 path nodes
[19:39:22.864] [D] [Pulse] Slow bot root: 399ms bot=Wholesome Auto Quest poi=QuestTurnIn combat=False
[19:39:23.385] [D] [MeshNavigator] Skipped 8 path nodes
[19:39:23.392] [D] [Pulse] Slow bot root: 406ms bot=Wholesome Auto Quest poi=QuestTurnIn combat=False
[19:39:23.424] [D] [Pulse] Slow plugin: name=AutoEquip2 elapsed=22ms
[19:39:23.931] [D] [Nav] Loaded 1 mesh tiles for one path query
[19:39:23.931] [D] [MeshNavigator] Skipped 7 path nodes
[19:39:23.940] [D] [Pulse] Slow bot root: 402ms bot=Wholesome Auto Quest poi=QuestTurnIn combat=False
[19:39:24.453] [D] [MeshNavigator] Skipped 7 path nodes
[19:39:24.461] [D] [Pulse] Slow bot root: 400ms bot=Wholesome Auto Quest poi=QuestTurnIn combat=False
[19:39:24.981] [D] [MeshNavigator] Skipped 6 path nodes
[19:39:24.989] [D] [Pulse] Slow bot root: 405ms bot=Wholesome Auto Quest poi=QuestTurnIn combat=False
[19:39:25.494] [D] [MeshNavigator] Skipped 7 path nodes
[19:39:25.498] [D] [Pulse] Slow bot root: 381ms bot=Wholesome Auto Quest poi=QuestTurnIn combat=False
[19:39:26.026] [D] [MeshNavigator] Skipped 2 path nodes
[19:39:26.033] [D] [Pulse] Slow bot root: 413ms bot=Wholesome Auto Quest poi=QuestTurnIn combat=False
[19:39:26.544] [D] [MeshNavigator] Skipped 2 path nodes
[19:39:26.549] [D] [Pulse] Slow bot root: 394ms bot=Wholesome Auto Quest poi=QuestTurnIn combat=False
[19:39:27.052] [D] [MeshNavigator] Skipped 2 path nodes
[19:39:27.053] [D] [Pulse] Slow bot root: 383ms bot=Wholesome Auto Quest poi=QuestTurnIn combat=False
[19:39:27.560] [D] [MeshNavigator] Skipped 2 path nodes
[19:39:27.562] [D] [Pulse] Slow bot root: 387ms bot=Wholesome Auto Quest poi=QuestTurnIn combat=False
[19:39:28.072] [D] [MeshNavigator] Skipped 2 path nodes
[19:39:28.078] [D] [Pulse] Slow bot root: 394ms bot=Wholesome Auto Quest poi=QuestTurnIn combat=False
[19:39:28.587] [D] [Nav] Loaded 1 mesh tiles for one path query
[19:39:28.594] [D] [Pulse] Slow bot root: 395ms bot=Wholesome Auto Quest poi=QuestTurnIn combat=False
[19:39:29.103] [D] [Pulse] Slow bot root: 388ms bot=Wholesome Auto Quest poi=QuestTurnIn combat=False
[19:39:29.620] [D] [Pulse] Slow bot root: 395ms bot=Wholesome Auto Quest poi=QuestTurnIn combat=False
[19:39:30.142] [D] [Pulse] Slow bot root: 401ms bot=Wholesome Auto Quest poi=QuestTurnIn combat=False
[19:39:30.653] [D] [Pulse] Slow bot root: 385ms bot=Wholesome Auto Quest poi=QuestTurnIn combat=False
[19:39:31.162] [D] [Pulse] Slow bot root: 390ms bot=Wholesome Auto Quest poi=QuestTurnIn combat=False
[19:39:31.677] [D] [Pulse] Slow bot root: 394ms bot=Wholesome Auto Quest poi=QuestTurnIn combat=False
[19:39:32.183] [D] [MeshNavigator] Skipped 2 path nodes
[19:39:32.187] [D] [Pulse] Slow bot root: 388ms bot=Wholesome Auto Quest poi=QuestTurnIn combat=False
[19:39:32.703] [D] [Pulse] Slow bot root: 395ms bot=Wholesome Auto Quest poi=QuestTurnIn combat=False
[19:39:33.207] [D] [Pulse] Slow bot root: 383ms bot=Wholesome Auto Quest poi=QuestTurnIn combat=False
[19:39:34.071] [D] [Pulse] Slow bot root: 736ms bot=Wholesome Auto Quest poi=QuestTurnIn combat=False
[19:39:34.101] [D] [Pulse] Slow plugin: name=AutoEquip2 elapsed=22ms
[19:39:34.599] [D] [Pulse] Slow bot root: 383ms bot=Wholesome Auto Quest poi=QuestTurnIn combat=False
[19:39:35.102] [D] [Pulse] Slow bot root: 382ms bot=Wholesome Auto Quest poi=QuestTurnIn combat=False
[19:39:35.618] [D] [Pulse] Slow bot root: 394ms bot=Wholesome Auto Quest poi=QuestTurnIn combat=False
[19:39:36.129] [D] [Pulse] Slow bot root: 383ms bot=Wholesome Auto Quest poi=QuestTurnIn combat=False
[19:39:36.645] [D] [Pulse] Slow bot root: 395ms bot=Wholesome Auto Quest poi=QuestTurnIn combat=False
[19:39:37.160] [D] [Pulse] Slow bot root: 393ms bot=Wholesome Auto Quest poi=QuestTurnIn combat=False
[19:39:37.676] [D] [Pulse] Slow bot root: 394ms bot=Wholesome Auto Quest poi=QuestTurnIn combat=False
[19:39:38.204] [D] [Pulse] Slow bot root: 406ms bot=Wholesome Auto Quest poi=QuestTurnIn combat=False
[19:39:38.720] [D] [Pulse] Slow bot root: 394ms bot=Wholesome Auto Quest poi=QuestTurnIn combat=False
[19:39:39.229] [D] [Pulse] Slow bot root: 388ms bot=Wholesome Auto Quest poi=QuestTurnIn combat=False
[19:39:39.735] [D] [MeshNavigator] Skipped 2 path nodes
[19:39:39.746] [D] [Pulse] Slow bot root: 394ms bot=Wholesome Auto Quest poi=QuestTurnIn combat=False
[19:39:40.247] [D] [MeshNavigator] Skipped 2 path nodes
[19:39:40.249] [D] [Pulse] Slow bot root: 382ms bot=Wholesome Auto Quest poi=QuestTurnIn combat=False
[19:39:40.765] [D] [MeshNavigator] Skipped 2 path nodes
[19:39:40.767] [D] [Pulse] Slow bot root: 396ms bot=Wholesome Auto Quest poi=QuestTurnIn combat=False
[19:39:41.287] [D] [Nav] Loaded 1 mesh tiles for one path query
[19:39:41.294] [D] [Pulse] Slow bot root: 400ms bot=Wholesome Auto Quest poi=QuestTurnIn combat=False
[19:39:41.796] [D] [MeshNavigator] Skipped 2 path nodes
[19:39:41.804] [D] [Pulse] Slow bot root: 388ms bot=Wholesome Auto Quest poi=QuestTurnIn combat=False
[19:39:42.320] [D] [Nav] Loaded 3 mesh tiles for one path query
[19:39:42.328] [D] [Pulse] Slow bot root: 402ms bot=Wholesome Auto Quest poi=QuestTurnIn combat=False
[19:39:42.839] [D] [MeshNavigator] Skipped 2 path nodes
[19:39:42.847] [D] [Pulse] Slow bot root: 394ms bot=Wholesome Auto Quest poi=QuestTurnIn combat=False
[19:39:43.385] [D] [Nav] Loaded 1 mesh tiles for one path query
[19:39:43.398] [D] [Pulse] Slow bot root: 424ms bot=Wholesome Auto Quest poi=QuestTurnIn combat=False
[19:39:43.932] [D] [Nav] Loaded 1 mesh tiles for one path query
[19:39:43.934] [D] [Pulse] Slow bot root: 404ms bot=Wholesome Auto Quest poi=QuestTurnIn combat=False
[19:39:44.462] [D] [Pulse] Slow bot root: 406ms bot=Wholesome Auto Quest poi=QuestTurnIn combat=False
[19:39:44.491] [D] [Pulse] Slow plugin: name=AutoEquip2 elapsed=21ms
[19:39:45.023] [D] [Pulse] Slow bot root: 401ms bot=Wholesome Auto Quest poi=QuestTurnIn combat=False
[19:39:45.542] [D] [Pulse] Slow bot root: 388ms bot=Wholesome Auto Quest poi=QuestTurnIn combat=False
[19:39:46.076] [D] [Pulse] Slow bot root: 412ms bot=Wholesome Auto Quest poi=QuestTurnIn combat=False
[19:39:46.513] [N] Stopping the bot!
[19:39:46.514] [N] Bot stopping! Reason: User request
[19:39:46.596] [D] [MeshNavigator] Skipped 3 path nodes
[19:39:46.596] [D] Exception in TraceLine: Thread was interrupted from a waiting state.
[19:39:46.606] [D] [Pulse] Slow bot root: 399ms bot=Wholesome Auto Quest poi=QuestTurnIn combat=False
[19:39:46.609] [D] [QuestRecovery] quest=4542, stage=TurnIn, old=Attempting, new=Eligible, reason=None, episode=0, attempt=0, retry=
[19:39:46.641] [D] Cleared POI
[19:39:46.641] [D] Worker thread exited cleanly
[19:49:17.390] [D] [Settings] Saved all settings
[19:49:17.391] [N] Starting the bot.
[19:49:17.393] [N] Currently Using BotBase : Wholesome Auto Quest
[19:49:17.394] [N] Character is a level 26 BloodElf Paladin
[19:49:17.395] [N] Current zone is Thousand Needles
[19:49:17.396] [D] Loading profile from D:\World of Warcraft 3.3.5a\CB\Bots\WholesomeAutoQuest\WHOLESOME_AUTOQUESTER.xml
[19:49:17.396] [D] [CompileBatch] Compiling 2 entries...
[19:49:17.466] [D] [CompileBatch] Compiled successfully.
[19:49:17.466] [N] Profile loaded: WholesomeAQ - The Barrens
[19:49:17.880] [D] [QuestLog] Loaded 76 completed quests from Lua fallback
[19:49:17.913] [D] Selected sub-profile: WholesomeAQ - The Barrens (L1-80)
[19:49:17.978] [N] [Wholesome Auto Quest] Loaded 3 blacklisted vendors
[19:49:18.012] [D] [ProfileBatchManager] Batch reset for new profile session.
[19:49:18.012] [N] [Wholesome Auto Quest] Class Paladin → PullDistance set to 24
[19:49:18.014] [N] [Wholesome Auto Quest] Initial scheduler build.
[19:49:18.617] [D] Activity: No eligible quest work; idle until 2026-09-08T11:53:44.3110653Z. excluded quest=104;stage=Pickup;npc=392;reason=outside-scan-radius;retry=context-change excluded quest=1058;stage=Pickup;npc=3995;reason=outside-scan-radius;retry=context-change excluded quest=1062;stage=TurnIn;npc=4049;reason=outside-scan-radius;retry=context-change excluded quest=1069;stage=Objective;objective=0;reason=outside-scan-radius;retry=context-change. excluded quest=1087;stage=Objective;objective=2;reason=outside-scan-radius;retry=context-change. excluded quest=1093;stage=Objective;scope=Objective;objective=0;retry=2026-09-08T15:11:36.9856630Z;state=Quarantined. excluded quest=11127;stage=Pickup;scope=QuestStage;retry=2026-09-08T16:11:43.3486525Z;state=Quarantined. excluded quest=1195;stage=Pickup;npc=4721;reason=outside-scan-radius;retry=context-change excluded quest=14106;stage=Pickup;scope=QuestStage;retry=2026-09-08T15:12:07.0067094Z;state=Quarantined. excluded quest=1483;stage=Pickup;npc=3442;reason=outside-scan-radius;retry=context-change excluded quest=152;stage=Pickup;npc=392;reason=outside-scan-radius;retry=context-change excluded quest=2098;stage=Pickup;npc=6667;reason=outside-scan-radius;retry=context-change excluded quest=216;stage=Pickup;npc=12757;reason=outside-scan-radius;retry=context-change excluded quest=235;stage=Pickup;npc=10880;reason=outside-scan-radius;retry=context-change excluded quest=4542;stage=TurnIn;npc=10537;reason=outside-scan-radius;retry=context-change excluded quest=470;stage=Pickup;npc=2111;reason=outside-scan-radius;retry=context-change excluded quest=472;stage=Pickup;npc=2097;reason=outside-scan-radius;retry=context-change excluded quest=4821;stage=Pickup;npc=10539;reason=outside-scan-radius;retry=context-change excluded quest=4921;stage=Objective;objective=0;reason=outside-scan-radius;retry=context-change. excluded quest=493;stage=Pickup;npc=1937;reason=outside-scan-radius;retry=context-change excluded quest=494;stage=Pickup;npc=2214;reason=outside-scan-radius;retry=context-change excluded quest=496;stage=Pickup;npc=2216;reason=outside-scan-radius;retry=context-change excluded quest=498;stage=Pickup;npc=2229;reason=outside-scan-radius;retry=context-change excluded quest=501;stage=Pickup;npc=2216;reason=outside-scan-radius;retry=context-change excluded quest=516;stage=Pickup;npc=2121;reason=outside-scan-radius;retry=context-change excluded quest=527;stage=Pickup;npc=2215;reason=outside-scan-radius;retry=context-change excluded quest=546;stage=Pickup;npc=2418;reason=outside-scan-radius;retry=context-change excluded quest=549;stage=Pickup;npc=1763;reason=outside-scan-radius;retry=context-change excluded quest=6282;stage=Pickup;npc=11860;reason=outside-scan-radius;retry=context-change excluded quest=6381;stage=Pickup;npc=11864;reason=outside-scan-radius;retry=context-change excluded quest=6382;stage=TurnIn;npc=12696;reason=outside-scan-radius;retry=context-change excluded quest=6383;stage=Pickup;npc=12696;reason=outside-scan-radius;retry=context-change excluded quest=6393;stage=Objective;scope=Objective;objective=0;retry=2026-09-08T15:11:36.9858139Z;state=Quarantined. excluded quest=6441;stage=Objective;scope=Objective;objective=0;retry=2026-09-08T11:53:44.3110653Z;state=Quarantined. excluded quest=6442;stage=Pickup;npc=12719;reason=outside-scan-radius;retry=context-change excluded quest=6461;stage=TurnIn;npc=12816;reason=outside-scan-radius;retry=context-change excluded quest=6462;stage=Pickup;npc=12721;reason=outside-scan-radius;retry=context-change excluded quest=6541;stage=Pickup;npc=3429;reason=outside-scan-radius;retry=context-change excluded quest=6543;stage=Objective;scope=Objective;objective=0;retry=2026-09-08T11:57:53.5602004Z;state=Quarantined. excluded quest=742;stage=Pickup;npc=10881;reason=outside-scan-radius;retry=context-change excluded quest=747;stage=Objective;scope=Objective;objective=0;retry=2026-09-08T13:06:01.2335671Z;state=Quarantined. excluded quest=747;stage=Objective;scope=Objective;objective=1;retry=2026-09-08T13:30:35.1661766Z;state=Quarantined. excluded quest=7790;stage=Pickup;scope=QuestStage;retry=2026-09-08T15:12:07.0066622Z;state=Quarantined. excluded quest=846;stage=Objective;scope=Objective;objective=0;retry=2026-09-08T16:15:09.5897303Z;state=Quarantined. excluded quest=846;stage=Objective;scope=Objective;objective=1;retry=2026-09-08T16:15:09.5898439Z;state=Quarantined. excluded quest=846;stage=Objective;scope=Objective;objective=2;retry=2026-09-08T16:15:09.5898981Z;state=Quarantined. excluded quest=8487;stage=TurnIn;npc=15402;reason=outside-scan-radius;retry=context-change excluded quest=867;stage=Objective;scope=Objective;objective=0;retry=2026-09-08T13:46:19.0888015Z;state=Quarantined. excluded quest=868;stage=TurnIn;npc=3428;reason=outside-scan-radius;retry=context-change excluded quest=879;stage=Objective;scope=Objective;objective=0;retry=2026-09-08T14:12:05.6037548Z;state=Quarantined. excluded quest=879;stage=Objective;scope=Objective;objective=1;retry=2026-09-08T14:12:05.6038234Z;state=Quarantined. excluded quest=879;stage=Objective;scope=Objective;objective=2;retry=2026-09-08T14:12:05.6038609Z;state=Quarantined. excluded quest=8889;stage=Objective;objective=0;reason=outside-scan-radius;retry=context-change. excluded quest=8889;stage=Objective;objective=1;reason=outside-scan-radius;retry=context-change. excluded quest=8889;stage=Objective;objective=2;reason=outside-scan-radius;retry=context-change. excluded quest=891;stage=Objective;objective=0;reason=outside-scan-radius;retry=context-change. excluded quest=891;stage=Objective;objective=2;reason=outside-scan-radius;retry=context-change. excluded quest=893;stage=Objective;scope=Objective;objective=0;retry=2026-09-08T12:48:05.9519603Z;state=Quarantined. excluded quest=893;stage=Objective;scope=Objective;objective=1;retry=2026-09-08T12:48:05.9520521Z;state=Quarantined. excluded quest=893;stage=Objective;scope=Objective;objective=2;retry=2026-09-08T12:48:05.9520844Z;state=Quarantined. excluded quest=896;stage=Objective;scope=Objective;objective=0;retry=2026-09-08T13:55:41.1186828Z;state=Quarantined. excluded quest=9067;stage=Objective;scope=Objective;objective=0;retry=2026-09-08T15:12:07.0059371Z;state=Quarantined. excluded quest=9151;stage=Pickup;npc=16199;reason=outside-scan-radius;retry=context-change excluded quest=9157;stage=TurnIn;npc=16201;reason=outside-scan-radius;retry=context-change excluded quest=9275;stage=Pickup;npc=16464;reason=outside-scan-radius;retry=context-change excluded quest=9388;stage=Pickup;scope=QuestStage;retry=2026-09-08T16:11:43.3533518Z;state=Quarantined. excluded quest=9389;stage=Pickup;scope=QuestStage;retry=2026-09-08T16:12:08.0336743Z;state=Quarantined. excluded quest=9425;stage=Pickup;npc=16287;reason=outside-scan-radius;retry=context-change excluded quest=9428;stage=Pickup;npc=17098;reason=outside-scan-radius;retry=context-change excluded quest=9749;stage=Pickup;scope=QuestStage;retry=2026-09-08T15:36:49.0072878Z;state=Quarantined. Expanding scan radius from 250 to 500 yards before fallback.
[19:49:18.617] [N] [Wholesome Auto Quest] Started with quest data loaded.
[19:49:18.677] [D] Setting CVars: autoSelfCast=1, autoLootDefault=1
[19:49:18.744] [D] Cleared POI
[19:49:18.744] [D] Refresh() called. LastCount=0, CurrentCount=34
[19:49:18.744] [N] Building spell book
[19:49:18.746] [D] Found 34 spells from LocalPlayer.KnownSpells
[19:49:18.746] [N] Adding Arcane Affinity
[19:49:18.747] [N] Adding Arcane Torrent
[19:49:18.748] [N] Adding Auto Attack
[19:49:18.750] [N] Adding Block
[19:49:18.751] [N] Adding Dodge
[19:49:18.752] [N] Adding Magic Resistance
[19:49:18.753] [N] Adding Parry
[19:49:18.754] [N] Adding Blessing of Wisdom
[19:49:18.756] [N] Adding Concentration Aura
[19:49:18.757] [N] Adding Consecration
[19:49:18.758] [N] Adding Exorcism
[19:49:18.759] [N] Adding Flash of Light
[19:49:18.761] [N] Adding Holy Light
[19:49:18.763] [N] Adding Lay on Hands
[19:49:18.764] [N] Adding Purify
[19:49:18.765] [N] Adding Seal of Righteousness
[19:49:18.767] [N] Adding Sense Undead
[19:49:18.768] [N] Adding Turn Evil
[19:49:18.769] [N] Adding Blessing of Kings
[19:49:18.770] [N] Adding Devotion Aura
[19:49:18.772] [N] Adding Divine Protection
[19:49:18.773] [N] Adding Hammer of Justice
[19:49:18.774] [N] Adding Hand of Freedom
[19:49:18.775] [N] Adding Hand of Protection
[19:49:18.777] [N] Adding Hand of Reckoning
[19:49:18.778] [N] Adding Hand of Salvation
[19:49:18.779] [N] Adding Righteous Defense
[19:49:18.781] [N] Adding Righteous Fury
[19:49:18.782] [N] Adding Seal of Justice
[19:49:18.783] [N] Adding Blessing of Might
[19:49:18.784] [N] Adding Judgement of Light
[19:49:18.786] [N] Adding Judgement of Wisdom
[19:49:18.787] [N] Adding Retribution Aura
[19:49:18.788] [N] Adding Seal of Command
[19:49:18.790] [N] Spell book built
[19:49:18.791] [D] [SpellManager] Initialize — subscribed to BotEvents.OnBotStart
[19:49:18.791] [D] Default area costs set (Road=1.0, Ground=1.66)
[19:49:18.791] [D] Faction filter set: Horde (excluding Alliance paths)
[19:49:18.792] [D] Refresh() called. LastCount=0, CurrentCount=34
[19:49:18.792] [N] Building spell book
[19:49:18.794] [D] Found 34 spells from LocalPlayer.KnownSpells
[19:49:18.794] [N] Adding Arcane Affinity
[19:49:18.795] [N] Adding Arcane Torrent
[19:49:18.796] [N] Adding Auto Attack
[19:49:18.798] [N] Adding Block
[19:49:18.799] [N] Adding Dodge
[19:49:18.800] [N] Adding Magic Resistance
[19:49:18.801] [N] Adding Parry
[19:49:18.803] [N] Adding Blessing of Wisdom
[19:49:18.804] [N] Adding Concentration Aura
[19:49:18.806] [N] Adding Consecration
[19:49:18.807] [N] Adding Exorcism
[19:49:18.809] [N] Adding Flash of Light
[19:49:18.810] [N] Adding Holy Light
[19:49:18.811] [N] Adding Lay on Hands
[19:49:18.812] [N] Adding Purify
[19:49:18.814] [N] Adding Seal of Righteousness
[19:49:18.815] [N] Adding Sense Undead
[19:49:18.816] [N] Adding Turn Evil
[19:49:18.818] [N] Adding Blessing of Kings
[19:49:18.819] [N] Adding Devotion Aura
[19:49:18.820] [N] Adding Divine Protection
[19:49:18.821] [N] Adding Hammer of Justice
[19:49:18.823] [N] Adding Hand of Freedom
[19:49:18.824] [N] Adding Hand of Protection
[19:49:18.826] [N] Adding Hand of Reckoning
[19:49:18.827] [N] Adding Hand of Salvation
[19:49:18.828] [N] Adding Righteous Defense
[19:49:18.829] [N] Adding Righteous Fury
[19:49:18.831] [N] Adding Seal of Justice
[19:49:18.832] [N] Adding Blessing of Might
[19:49:18.833] [N] Adding Judgement of Light
[19:49:18.835] [N] Adding Judgement of Wisdom
[19:49:18.836] [N] Adding Retribution Aura
[19:49:18.837] [N] Adding Seal of Command
[19:49:18.839] [N] Spell book built
[19:49:18.840] [D] [SpellManager] Subscribed to LEARNED_SPELL_IN_TAB, ACTIVE_TALENT_GROUP_CHANGED
[19:49:18.840] [D] Refresh() called. LastCount=0, CurrentCount=34
[19:49:18.840] [N] Building spell book
[19:49:18.842] [D] Found 34 spells from LocalPlayer.KnownSpells
[19:49:18.842] [N] Adding Arcane Affinity
[19:49:18.843] [N] Adding Arcane Torrent
[19:49:18.845] [N] Adding Auto Attack
[19:49:18.846] [N] Adding Block
[19:49:18.848] [N] Adding Dodge
[19:49:18.850] [N] Adding Magic Resistance
[19:49:18.851] [N] Adding Parry
[19:49:18.853] [N] Adding Blessing of Wisdom
[19:49:18.854] [N] Adding Concentration Aura
[19:49:18.855] [N] Adding Consecration
[19:49:18.857] [N] Adding Exorcism
[19:49:18.858] [N] Adding Flash of Light
[19:49:18.859] [N] Adding Holy Light
[19:49:18.861] [N] Adding Lay on Hands
[19:49:18.862] [N] Adding Purify
[19:49:18.863] [N] Adding Seal of Righteousness
[19:49:18.865] [N] Adding Sense Undead
[19:49:18.866] [N] Adding Turn Evil
[19:49:18.867] [N] Adding Blessing of Kings
[19:49:18.869] [N] Adding Devotion Aura
[19:49:18.870] [N] Adding Divine Protection
[19:49:18.871] [N] Adding Hammer of Justice
[19:49:18.873] [N] Adding Hand of Freedom
[19:49:18.874] [N] Adding Hand of Protection
[19:49:18.875] [N] Adding Hand of Reckoning
[19:49:18.877] [N] Adding Hand of Salvation
[19:49:18.878] [N] Adding Righteous Defense
[19:49:18.879] [N] Adding Righteous Fury
[19:49:18.881] [N] Adding Seal of Justice
[19:49:18.882] [N] Adding Blessing of Might
[19:49:18.883] [N] Adding Judgement of Light
[19:49:18.885] [N] Adding Judgement of Wisdom
[19:49:18.886] [N] Adding Retribution Aura
[19:49:18.888] [N] Adding Seal of Command
[19:49:18.889] [N] Spell book built
[19:49:18.891] [D] [SpellManager] Subscribed to LEARNED_SPELL_IN_TAB, ACTIVE_TALENT_GROUP_CHANGED
[19:49:19.047] [D] [Pulse] Slow plugin: name=AutoEquip2 elapsed=133ms
[19:49:19.114] [D] [Pulse] Slow plugin: name=Tidy Bags 3 Reloaded elapsed=65ms
[19:49:19.115] [D] [Pulse] Slow shared pulse: total=223ms movement=0 objects=0 lua=0 info=0 loot=0 targeting=20 events=0 plugins=201 routine=0
[19:49:19.752] [D] Activity: No eligible quest work; idle until 2026-09-08T11:53:44.3110653Z. excluded quest=104;stage=Pickup;npc=392;reason=outside-scan-radius;retry=context-change excluded quest=1058;stage=Pickup;npc=3995;reason=outside-scan-radius;retry=context-change excluded quest=1062;stage=TurnIn;npc=4049;reason=outside-scan-radius;retry=context-change excluded quest=1069;stage=Objective;objective=0;reason=outside-scan-radius;retry=context-change. excluded quest=1087;stage=Objective;objective=2;reason=outside-scan-radius;retry=context-change. excluded quest=1093;stage=Objective;scope=Objective;objective=0;retry=2026-09-08T15:11:36.9856630Z;state=Quarantined. excluded quest=11127;stage=Pickup;scope=QuestStage;retry=2026-09-08T16:11:43.3486525Z;state=Quarantined. excluded quest=1195;stage=Pickup;npc=4721;reason=outside-scan-radius;retry=context-change excluded quest=14106;stage=Pickup;scope=QuestStage;retry=2026-09-08T15:12:07.0067094Z;state=Quarantined. excluded quest=1483;stage=Pickup;npc=3442;reason=outside-scan-radius;retry=context-change excluded quest=152;stage=Pickup;npc=392;reason=outside-scan-radius;retry=context-change excluded quest=2098;stage=Pickup;npc=6667;reason=outside-scan-radius;retry=context-change excluded quest=216;stage=Pickup;npc=12757;reason=outside-scan-radius;retry=context-change excluded quest=235;stage=Pickup;npc=10880;reason=outside-scan-radius;retry=context-change excluded quest=4542;stage=TurnIn;npc=10537;reason=outside-scan-radius;retry=context-change excluded quest=470;stage=Pickup;npc=2111;reason=outside-scan-radius;retry=context-change excluded quest=472;stage=Pickup;npc=2097;reason=outside-scan-radius;retry=context-change excluded quest=4821;stage=Pickup;npc=10539;reason=outside-scan-radius;retry=context-change excluded quest=4921;stage=Objective;objective=0;reason=outside-scan-radius;retry=context-change. excluded quest=493;stage=Pickup;npc=1937;reason=outside-scan-radius;retry=context-change excluded quest=494;stage=Pickup;npc=2214;reason=outside-scan-radius;retry=context-change excluded quest=496;stage=Pickup;npc=2216;reason=outside-scan-radius;retry=context-change excluded quest=498;stage=Pickup;npc=2229;reason=outside-scan-radius;retry=context-change excluded quest=501;stage=Pickup;npc=2216;reason=outside-scan-radius;retry=context-change excluded quest=516;stage=Pickup;npc=2121;reason=outside-scan-radius;retry=context-change excluded quest=527;stage=Pickup;npc=2215;reason=outside-scan-radius;retry=context-change excluded quest=546;stage=Pickup;npc=2418;reason=outside-scan-radius;retry=context-change excluded quest=549;stage=Pickup;npc=1763;reason=outside-scan-radius;retry=context-change excluded quest=6282;stage=Pickup;npc=11860;reason=outside-scan-radius;retry=context-change excluded quest=6381;stage=Pickup;npc=11864;reason=outside-scan-radius;retry=context-change excluded quest=6382;stage=TurnIn;npc=12696;reason=outside-scan-radius;retry=context-change excluded quest=6383;stage=Pickup;npc=12696;reason=outside-scan-radius;retry=context-change excluded quest=6393;stage=Objective;scope=Objective;objective=0;retry=2026-09-08T15:11:36.9858139Z;state=Quarantined. excluded quest=6441;stage=Objective;scope=Objective;objective=0;retry=2026-09-08T11:53:44.3110653Z;state=Quarantined. excluded quest=6442;stage=Pickup;npc=12719;reason=outside-scan-radius;retry=context-change excluded quest=6461;stage=TurnIn;npc=12816;reason=outside-scan-radius;retry=context-change excluded quest=6462;stage=Pickup;npc=12721;reason=outside-scan-radius;retry=context-change excluded quest=6541;stage=Pickup;npc=3429;reason=outside-scan-radius;retry=context-change excluded quest=6543;stage=Objective;scope=Objective;objective=0;retry=2026-09-08T11:57:53.5602004Z;state=Quarantined. excluded quest=742;stage=Pickup;npc=10881;reason=outside-scan-radius;retry=context-change excluded quest=747;stage=Objective;scope=Objective;objective=0;retry=2026-09-08T13:06:01.2335671Z;state=Quarantined. excluded quest=747;stage=Objective;scope=Objective;objective=1;retry=2026-09-08T13:30:35.1661766Z;state=Quarantined. excluded quest=7790;stage=Pickup;scope=QuestStage;retry=2026-09-08T15:12:07.0066622Z;state=Quarantined. excluded quest=846;stage=Objective;scope=Objective;objective=0;retry=2026-09-08T16:15:09.5897303Z;state=Quarantined. excluded quest=846;stage=Objective;scope=Objective;objective=1;retry=2026-09-08T16:15:09.5898439Z;state=Quarantined. excluded quest=846;stage=Objective;scope=Objective;objective=2;retry=2026-09-08T16:15:09.5898981Z;state=Quarantined. excluded quest=8487;stage=TurnIn;npc=15402;reason=outside-scan-radius;retry=context-change excluded quest=867;stage=Objective;scope=Objective;objective=0;retry=2026-09-08T13:46:19.0888015Z;state=Quarantined. excluded quest=868;stage=TurnIn;npc=3428;reason=outside-scan-radius;retry=context-change excluded quest=879;stage=Objective;scope=Objective;objective=0;retry=2026-09-08T14:12:05.6037548Z;state=Quarantined. excluded quest=879;stage=Objective;scope=Objective;objective=1;retry=2026-09-08T14:12:05.6038234Z;state=Quarantined. excluded quest=879;stage=Objective;scope=Objective;objective=2;retry=2026-09-08T14:12:05.6038609Z;state=Quarantined. excluded quest=8889;stage=Objective;objective=0;reason=outside-scan-radius;retry=context-change. excluded quest=8889;stage=Objective;objective=1;reason=outside-scan-radius;retry=context-change. excluded quest=8889;stage=Objective;objective=2;reason=outside-scan-radius;retry=context-change. excluded quest=891;stage=Objective;objective=0;reason=outside-scan-radius;retry=context-change. excluded quest=891;stage=Objective;objective=2;reason=outside-scan-radius;retry=context-change. excluded quest=893;stage=Objective;scope=Objective;objective=0;retry=2026-09-08T12:48:05.9519603Z;state=Quarantined. excluded quest=893;stage=Objective;scope=Objective;objective=1;retry=2026-09-08T12:48:05.9520521Z;state=Quarantined. excluded quest=893;stage=Objective;scope=Objective;objective=2;retry=2026-09-08T12:48:05.9520844Z;state=Quarantined. excluded quest=896;stage=Objective;scope=Objective;objective=0;retry=2026-09-08T13:55:41.1186828Z;state=Quarantined. excluded quest=9067;stage=Objective;scope=Objective;objective=0;retry=2026-09-08T15:12:07.0059371Z;state=Quarantined. excluded quest=9151;stage=Pickup;npc=16199;reason=outside-scan-radius;retry=context-change excluded quest=9157;stage=TurnIn;npc=16201;reason=outside-scan-radius;retry=context-change excluded quest=9275;stage=Pickup;npc=16464;reason=outside-scan-radius;retry=context-change excluded quest=9388;stage=Pickup;scope=QuestStage;retry=2026-09-08T16:11:43.3533518Z;state=Quarantined. excluded quest=9389;stage=Pickup;scope=QuestStage;retry=2026-09-08T16:12:08.0336743Z;state=Quarantined. excluded quest=9425;stage=Pickup;npc=16287;reason=outside-scan-radius;retry=context-change excluded quest=9428;stage=Pickup;npc=17098;reason=outside-scan-radius;retry=context-change excluded quest=9749;stage=Pickup;scope=QuestStage;retry=2026-09-08T15:36:49.0072878Z;state=Quarantined. Expanding scan radius from 500 to 750 yards before fallback.
[19:49:20.994] [D] Activity: No eligible quest work; idle until 2026-09-08T11:53:44.3110653Z. excluded quest=104;stage=Pickup;npc=392;reason=outside-scan-radius;retry=context-change excluded quest=1058;stage=Pickup;npc=3995;reason=outside-scan-radius;retry=context-change excluded quest=1062;stage=TurnIn;npc=4049;reason=outside-scan-radius;retry=context-change excluded quest=1069;stage=Objective;objective=0;reason=outside-scan-radius;retry=context-change. excluded quest=1087;stage=Objective;objective=2;reason=outside-scan-radius;retry=context-change. excluded quest=1093;stage=Objective;scope=Objective;objective=0;retry=2026-09-08T15:11:36.9856630Z;state=Quarantined. excluded quest=11127;stage=Pickup;scope=QuestStage;retry=2026-09-08T16:11:43.3486525Z;state=Quarantined. excluded quest=1195;stage=Pickup;npc=4721;reason=outside-scan-radius;retry=context-change excluded quest=14106;stage=Pickup;scope=QuestStage;retry=2026-09-08T15:12:07.0067094Z;state=Quarantined. excluded quest=1483;stage=Pickup;npc=3442;reason=outside-scan-radius;retry=context-change excluded quest=152;stage=Pickup;npc=392;reason=outside-scan-radius;retry=context-change excluded quest=2098;stage=Pickup;npc=6667;reason=outside-scan-radius;retry=context-change excluded quest=216;stage=Pickup;npc=12757;reason=outside-scan-radius;retry=context-change excluded quest=235;stage=Pickup;npc=10880;reason=outside-scan-radius;retry=context-change excluded quest=4542;stage=TurnIn;npc=10537;reason=outside-scan-radius;retry=context-change excluded quest=470;stage=Pickup;npc=2111;reason=outside-scan-radius;retry=context-change excluded quest=472;stage=Pickup;npc=2097;reason=outside-scan-radius;retry=context-change excluded quest=4821;stage=Pickup;npc=10539;reason=outside-scan-radius;retry=context-change excluded quest=4921;stage=Objective;objective=0;reason=outside-scan-radius;retry=context-change. excluded quest=493;stage=Pickup;npc=1937;reason=outside-scan-radius;retry=context-change excluded quest=494;stage=Pickup;npc=2214;reason=outside-scan-radius;retry=context-change excluded quest=496;stage=Pickup;npc=2216;reason=outside-scan-radius;retry=context-change excluded quest=498;stage=Pickup;npc=2229;reason=outside-scan-radius;retry=context-change excluded quest=501;stage=Pickup;npc=2216;reason=outside-scan-radius;retry=context-change excluded quest=516;stage=Pickup;npc=2121;reason=outside-scan-radius;retry=context-change excluded quest=527;stage=Pickup;npc=2215;reason=outside-scan-radius;retry=context-change excluded quest=546;stage=Pickup;npc=2418;reason=outside-scan-radius;retry=context-change excluded quest=549;stage=Pickup;npc=1763;reason=outside-scan-radius;retry=context-change excluded quest=6282;stage=Pickup;npc=11860;reason=outside-scan-radius;retry=context-change excluded quest=6381;stage=Pickup;npc=11864;reason=outside-scan-radius;retry=context-change excluded quest=6382;stage=TurnIn;npc=12696;reason=outside-scan-radius;retry=context-change excluded quest=6383;stage=Pickup;npc=12696;reason=outside-scan-radius;retry=context-change excluded quest=6393;stage=Objective;scope=Objective;objective=0;retry=2026-09-08T15:11:36.9858139Z;state=Quarantined. excluded quest=6441;stage=Objective;scope=Objective;objective=0;retry=2026-09-08T11:53:44.3110653Z;state=Quarantined. excluded quest=6442;stage=Pickup;npc=12719;reason=outside-scan-radius;retry=context-change excluded quest=6461;stage=TurnIn;npc=12816;reason=outside-scan-radius;retry=context-change excluded quest=6462;stage=Pickup;npc=12721;reason=outside-scan-radius;retry=context-change excluded quest=6541;stage=Pickup;npc=3429;reason=outside-scan-radius;retry=context-change excluded quest=6543;stage=Objective;scope=Objective;objective=0;retry=2026-09-08T11:57:53.5602004Z;state=Quarantined. excluded quest=742;stage=Pickup;npc=10881;reason=outside-scan-radius;retry=context-change excluded quest=747;stage=Objective;scope=Objective;objective=0;retry=2026-09-08T13:06:01.2335671Z;state=Quarantined. excluded quest=747;stage=Objective;scope=Objective;objective=1;retry=2026-09-08T13:30:35.1661766Z;state=Quarantined. excluded quest=7790;stage=Pickup;scope=QuestStage;retry=2026-09-08T15:12:07.0066622Z;state=Quarantined. excluded quest=846;stage=Objective;scope=Objective;objective=0;retry=2026-09-08T16:15:09.5897303Z;state=Quarantined. excluded quest=846;stage=Objective;scope=Objective;objective=1;retry=2026-09-08T16:15:09.5898439Z;state=Quarantined. excluded quest=846;stage=Objective;scope=Objective;objective=2;retry=2026-09-08T16:15:09.5898981Z;state=Quarantined. excluded quest=8487;stage=TurnIn;npc=15402;reason=outside-scan-radius;retry=context-change excluded quest=867;stage=Objective;scope=Objective;objective=0;retry=2026-09-08T13:46:19.0888015Z;state=Quarantined. excluded quest=868;stage=TurnIn;npc=3428;reason=outside-scan-radius;retry=context-change excluded quest=879;stage=Objective;scope=Objective;objective=0;retry=2026-09-08T14:12:05.6037548Z;state=Quarantined. excluded quest=879;stage=Objective;scope=Objective;objective=1;retry=2026-09-08T14:12:05.6038234Z;state=Quarantined. excluded quest=879;stage=Objective;scope=Objective;objective=2;retry=2026-09-08T14:12:05.6038609Z;state=Quarantined. excluded quest=8889;stage=Objective;objective=0;reason=outside-scan-radius;retry=context-change. excluded quest=8889;stage=Objective;objective=1;reason=outside-scan-radius;retry=context-change. excluded quest=8889;stage=Objective;objective=2;reason=outside-scan-radius;retry=context-change. excluded quest=891;stage=Objective;objective=0;reason=outside-scan-radius;retry=context-change. excluded quest=891;stage=Objective;objective=2;reason=outside-scan-radius;retry=context-change. excluded quest=893;stage=Objective;scope=Objective;objective=0;retry=2026-09-08T12:48:05.9519603Z;state=Quarantined. excluded quest=893;stage=Objective;scope=Objective;objective=1;retry=2026-09-08T12:48:05.9520521Z;state=Quarantined. excluded quest=893;stage=Objective;scope=Objective;objective=2;retry=2026-09-08T12:48:05.9520844Z;state=Quarantined. excluded quest=896;stage=Objective;scope=Objective;objective=0;retry=2026-09-08T13:55:41.1186828Z;state=Quarantined. excluded quest=9067;stage=Objective;scope=Objective;objective=0;retry=2026-09-08T15:12:07.0059371Z;state=Quarantined. excluded quest=9151;stage=Pickup;npc=16199;reason=outside-scan-radius;retry=context-change excluded quest=9157;stage=TurnIn;npc=16201;reason=outside-scan-radius;retry=context-change excluded quest=9275;stage=Pickup;npc=16464;reason=outside-scan-radius;retry=context-change excluded quest=9388;stage=Pickup;scope=QuestStage;retry=2026-09-08T16:11:43.3533518Z;state=Quarantined. excluded quest=9389;stage=Pickup;scope=QuestStage;retry=2026-09-08T16:12:08.0336743Z;state=Quarantined. excluded quest=9425;stage=Pickup;npc=16287;reason=outside-scan-radius;retry=context-change excluded quest=9428;stage=Pickup;npc=17098;reason=outside-scan-radius;retry=context-change excluded quest=9749;stage=Pickup;scope=QuestStage;retry=2026-09-08T15:36:49.0072878Z;state=Quarantined. Expanding scan radius from 750 to 1000 yards before fallback.
[19:49:23.509] [D] [Nav] Loaded 380 mesh tiles for one path query
[19:49:23.509] [D] [Nav] Slow path generation: 1278ms map=1 from=(-4689.30, -1859.45, -48.67) to=(-5454.95, -2442.79, 90.30) status=Success
[19:49:23.845] [D] Loading profile from D:\World of Warcraft 3.3.5a\CB\Bots\WholesomeAutoQuest\WHOLESOME_AUTOQUESTER.xml
[19:49:23.852] [D] [CompileBatch] Compiling 2 entries...
[19:49:23.914] [D] [CompileBatch] Compiled successfully.
[19:49:23.914] [N] Profile loaded: WholesomeAQ - Thousand Needles
[19:49:23.932] [D] Selected sub-profile: WholesomeAQ - Thousand Needles (L1-80)
[19:49:23.932] [N] [Wholesome Auto Quest] Profile refreshed - Selected 2 quest work candidate(s). selected quest=4542;stage=TurnIn;state=Eligible. selected quest=4821;stage=Pickup;state=Eligible. excluded quest=104;stage=Pickup;npc=392;reason=outside-scan-radius;retry=context-change excluded quest=1058;stage=Pickup;npc=3995;reason=outside-scan-radius;retry=context-change excluded quest=1062;stage=TurnIn;npc=4049;reason=outside-scan-radius;retry=context-change excluded quest=1069;stage=Objective;objective=0;reason=outside-scan-radius;retry=context-change. excluded quest=1087;stage=Objective;objective=2;reason=outside-scan-radius;retry=context-change. excluded quest=1093;stage=Objective;scope=Objective;objective=0;retry=2026-09-08T15:11:36.9856630Z;state=Quarantined. excluded quest=11127;stage=Pickup;scope=QuestStage;retry=2026-09-08T16:11:43.3486525Z;state=Quarantined. excluded quest=1195;stage=Pickup;npc=4721;reason=outside-scan-radius;retry=context-change excluded quest=14106;stage=Pickup;scope=QuestStage;retry=2026-09-08T15:12:07.0067094Z;state=Quarantined. excluded quest=1483;stage=Pickup;npc=3442;reason=outside-scan-radius;retry=context-change excluded quest=152;stage=Pickup;npc=392;reason=outside-scan-radius;retry=context-change excluded quest=2098;stage=Pickup;npc=6667;reason=outside-scan-radius;retry=context-change excluded quest=216;stage=Pickup;npc=12757;reason=outside-scan-radius;retry=context-change excluded quest=235;stage=Pickup;npc=10880;reason=outside-scan-radius;retry=context-change excluded quest=470;stage=Pickup;npc=2111;reason=outside-scan-radius;retry=context-change excluded quest=472;stage=Pickup;npc=2097;reason=outside-scan-radius;retry=context-change excluded quest=4921;stage=Objective;objective=0;reason=outside-scan-radius;retry=context-change. excluded quest=493;stage=Pickup;npc=1937;reason=outside-scan-radius;retry=context-change excluded quest=494;stage=Pickup;npc=2214;reason=outside-scan-radius;retry=context-change excluded quest=496;stage=Pickup;npc=2216;reason=outside-scan-radius;retry=context-change excluded quest=498;stage=Pickup;npc=2229;reason=outside-scan-radius;retry=context-change excluded quest=501;stage=Pickup;npc=2216;reason=outside-scan-radius;retry=context-change excluded quest=516;stage=Pickup;npc=2121;reason=outside-scan-radius;retry=context-change excluded quest=527;stage=Pickup;npc=2215;reason=outside-scan-radius;retry=context-change excluded quest=546;stage=Pickup;npc=2418;reason=outside-scan-radius;retry=context-change excluded quest=549;stage=Pickup;npc=1763;reason=outside-scan-radius;retry=context-change excluded quest=6282;stage=Pickup;npc=11860;reason=outside-scan-radius;retry=context-change excluded quest=6381;stage=Pickup;npc=11864;reason=outside-scan-radius;retry=context-change excluded quest=6382;stage=TurnIn;npc=12696;reason=outside-scan-radius;retry=context-change excluded quest=6383;stage=Pickup;npc=12696;reason=outside-scan-radius;retry=context-change excluded quest=6393;stage=Objective;scope=Objective;objective=0;retry=2026-09-08T15:11:36.9858139Z;state=Quarantined. excluded quest=6441;stage=Objective;scope=Objective;objective=0;retry=2026-09-08T11:53:44.3110653Z;state=Quarantined. excluded quest=6442;stage=Pickup;npc=12719;reason=outside-scan-radius;retry=context-change excluded quest=6461;stage=TurnIn;npc=12816;reason=outside-scan-radius;retry=context-change excluded quest=6462;stage=Pickup;npc=12721;reason=outside-scan-radius;retry=context-change excluded quest=6541;stage=Pickup;npc=3429;reason=outside-scan-radius;retry=context-change excluded quest=6543;stage=Objective;scope=Objective;objective=0;retry=2026-09-08T11:57:53.5602004Z;state=Quarantined. excluded quest=742;stage=Pickup;npc=10881;reason=outside-scan-radius;retry=context-change excluded quest=747;stage=Objective;scope=Objective;objective=0;retry=2026-09-08T13:06:01.2335671Z;state=Quarantined. excluded quest=747;stage=Objective;scope=Objective;objective=1;retry=2026-09-08T13:30:35.1661766Z;state=Quarantined. excluded quest=7790;stage=Pickup;scope=QuestStage;retry=2026-09-08T15:12:07.0066622Z;state=Quarantined. excluded quest=846;stage=Objective;scope=Objective;objective=0;retry=2026-09-08T16:15:09.5897303Z;state=Quarantined. excluded quest=846;stage=Objective;scope=Objective;objective=1;retry=2026-09-08T16:15:09.5898439Z;state=Quarantined. excluded quest=846;stage=Objective;scope=Objective;objective=2;retry=2026-09-08T16:15:09.5898981Z;state=Quarantined. excluded quest=8487;stage=TurnIn;npc=15402;reason=outside-scan-radius;retry=context-change excluded quest=867;stage=Objective;scope=Objective;objective=0;retry=2026-09-08T13:46:19.0888015Z;state=Quarantined. excluded quest=868;stage=TurnIn;npc=3428;reason=outside-scan-radius;retry=context-change excluded quest=879;stage=Objective;scope=Objective;objective=0;retry=2026-09-08T14:12:05.6037548Z;state=Quarantined. excluded quest=879;stage=Objective;scope=Objective;objective=1;retry=2026-09-08T14:12:05.6038234Z;state=Quarantined. excluded quest=879;stage=Objective;scope=Objective;objective=2;retry=2026-09-08T14:12:05.6038609Z;state=Quarantined. excluded quest=8889;stage=Objective;objective=0;reason=outside-scan-radius;retry=context-change. excluded quest=8889;stage=Objective;objective=1;reason=outside-scan-radius;retry=context-change. excluded quest=8889;stage=Objective;objective=2;reason=outside-scan-radius;retry=context-change. excluded quest=891;stage=Objective;objective=0;reason=outside-scan-radius;retry=context-change. excluded quest=891;stage=Objective;objective=2;reason=outside-scan-radius;retry=context-change. excluded quest=893;stage=Objective;scope=Objective;objective=0;retry=2026-09-08T12:48:05.9519603Z;state=Quarantined. excluded quest=893;stage=Objective;scope=Objective;objective=1;retry=2026-09-08T12:48:05.9520521Z;state=Quarantined. excluded quest=893;stage=Objective;scope=Objective;objective=2;retry=2026-09-08T12:48:05.9520844Z;state=Quarantined. excluded quest=896;stage=Objective;scope=Objective;objective=0;retry=2026-09-08T13:55:41.1186828Z;state=Quarantined. excluded quest=9067;stage=Objective;scope=Objective;objective=0;retry=2026-09-08T15:12:07.0059371Z;state=Quarantined. excluded quest=9151;stage=Pickup;npc=16199;reason=outside-scan-radius;retry=context-change excluded quest=9157;stage=TurnIn;npc=16201;reason=outside-scan-radius;retry=context-change excluded quest=9275;stage=Pickup;npc=16464;reason=outside-scan-radius;retry=context-change excluded quest=9388;stage=Pickup;scope=QuestStage;retry=2026-09-08T16:11:43.3533518Z;state=Quarantined. excluded quest=9389;stage=Pickup;scope=QuestStage;retry=2026-09-08T16:12:08.0336743Z;state=Quarantined. excluded quest=9425;stage=Pickup;npc=16287;reason=outside-scan-radius;retry=context-change excluded quest=9428;stage=Pickup;npc=17098;reason=outside-scan-radius;retry=context-change excluded quest=9749;stage=Pickup;scope=QuestStage;retry=2026-09-08T15:36:49.0072878Z;state=Quarantined.
[19:49:24.667] [D] [If] Condition is true, executing If body
[19:49:24.699] [N] [TurnIn] Turning in Message to Freewind Post
[19:49:24.699] [D] Goal: Turning in Message to Freewind Post
[19:49:24.699] [D] Changed POI to: Type: QuestTurnIn, Name: Cliffwatcher Longhorn, Guid: 0, Entry: 10537, Location: (-5454.95, -2442.79, 90.30)
[19:49:24.699] [D] [Pulse] Slow bot root: 233ms bot=Wholesome Auto Quest poi=QuestTurnIn combat=False
[19:49:25.572] [N] Moving to Type: QuestTurnIn, Name: Cliffwatcher Longhorn, Guid: 0, Entry: 10537, Location: (-5454.95, -2442.79, 90.30)
[19:49:26.344] [D] [MeshNavigator] Skipped 2 path nodes
[19:49:26.399] [D] [Pulse] Slow bot root: 995ms bot=Wholesome Auto Quest poi=QuestTurnIn combat=False
[19:49:27.625] [D] [MeshNavigator] Skipped 2 path nodes
[19:49:27.637] [D] [Pulse] Slow bot root: 568ms bot=Wholesome Auto Quest poi=QuestTurnIn combat=False
[19:49:28.878] [D] [Pulse] Slow bot root: 569ms bot=Wholesome Auto Quest poi=QuestTurnIn combat=False
[19:49:30.156] [D] [Pulse] Slow bot root: 604ms bot=Wholesome Auto Quest poi=QuestTurnIn combat=True
[19:49:30.288] [D] [Pulse] Slow plugin: name=Tidy Bags 3 Reloaded elapsed=60ms
[19:49:31.060] [D] Dismount for attacker.
[19:49:31.060] [D] Stop and dismount. Reason: Near destination
[19:49:31.592] [D] [Pulse] Slow bot root: 735ms bot=Wholesome Auto Quest poi=QuestTurnIn combat=True
[19:49:31.726] [D] [Singular-DEBUG] Switched targets!
[19:49:31.726] [D] [Singular-DEBUG] Melee Distance: 5
[19:49:31.726] [D] [Singular-DEBUG] Health: 98.73096446700508
[19:49:31.726] [D] [Singular-DEBUG] Level: 26
[19:49:32.495] [D] [Pulse] Slow bot root: 200ms bot=Wholesome Auto Quest poi=QuestTurnIn combat=True
[19:49:33.365] [D] [Pulse] Slow bot root: 199ms bot=Wholesome Auto Quest poi=QuestTurnIn combat=True
[19:49:34.233] [D] [Pulse] Slow bot root: 200ms bot=Wholesome Auto Quest poi=QuestTurnIn combat=True
[19:49:35.204] [N] [Singular] Casting Judgement of Light on Crag Stalker
[19:49:35.204] [D] Spell_C::CastSpell(20271, 0, 0xF13000101E00FD6E, 0)
[19:49:35.237] [D] [Pulse] Slow bot root: 334ms bot=Wholesome Auto Quest poi=QuestTurnIn combat=True
[19:49:36.207] [D] [Pulse] Slow bot root: 270ms bot=Wholesome Auto Quest poi=QuestTurnIn combat=True
[19:49:37.111] [N] [Singular] Casting Exorcism on Crag Stalker
[19:49:37.111] [D] Spell_C::CastSpell(879, 0, 0xF13000101E00FD6E, 0)
[19:49:37.146] [D] [Pulse] Slow bot root: 272ms bot=Wholesome Auto Quest poi=QuestTurnIn combat=True
[19:49:37.980] [D] [Pulse] Slow bot root: 167ms bot=Wholesome Auto Quest poi=QuestTurnIn combat=True
[19:49:38.817] [D] [Pulse] Slow bot root: 167ms bot=Wholesome Auto Quest poi=QuestTurnIn combat=True
[19:49:39.655] [D] [Pulse] Slow bot root: 170ms bot=Wholesome Auto Quest poi=QuestTurnIn combat=True
[19:49:40.518] [D] [Pulse] Slow bot root: 202ms bot=Wholesome Auto Quest poi=QuestTurnIn combat=True
[19:49:40.651] [D] [Pulse] Slow plugin: name=Tidy Bags 3 Reloaded elapsed=62ms
[19:49:41.391] [D] [Pulse] Slow bot root: 170ms bot=Wholesome Auto Quest poi=QuestTurnIn combat=True
[19:49:43.627] [N] [Singular] Casting Judgement of Light on Crag Stalker
[19:49:43.627] [D] Spell_C::CastSpell(20271, 0, 0xF13000101E00FD6E, 0)
[19:49:44.259] [N] [Singular] Casting Divine Protection on Myself
[19:49:44.259] [D] Spell_C::CastSpell(498, 0, 0x6000000007EAB80, 0)
[19:49:51.990] [N] [Singular] Casting Judgement of Light on Crag Stalker
[19:49:51.990] [D] Spell_C::CastSpell(20271, 0, 0xF13000101E00FD6E, 0)
[19:49:53.020] [D] [Pulse] Slow bot root: 101ms bot=Wholesome Auto Quest poi=QuestTurnIn combat=True
[19:49:53.164] [D] Changed POI to: Type: Loot, Name: Crag Stalker, Guid: F13000101E00FD6E, Entry: 4126, Location: (-4709.74, -1905.38, -44.60)
[19:49:53.314] [D] [Interact] Interacting with object at 0x340DF0A8
[19:49:53.319] [D] [Interact] Done interacting with object at 0x340DF0A8
[19:49:53.598] [D] [Pulse] Slow plugin: name=Tidy Bags 3 Reloaded elapsed=20ms
[19:49:53.973] [D] [Singular-DEBUG] Switched targets!
[19:49:53.973] [D] [Singular-DEBUG] Melee Distance: 5
[19:49:53.973] [D] [Singular-DEBUG] Health: 0
[19:49:53.973] [D] [Singular-DEBUG] Level: 26
[19:49:54.075] [N] Looting Crag Stalker Guid 0xF13000101E00FD6E
[19:49:54.098] [D] Cleared POI - Reason Waiting for loot flag
[19:49:54.098] [D] Cleared POI
[19:49:54.254] [D] Changed POI to: Type: Loot, Name: Crag Stalker, Guid: F13000101E00FD6E, Entry: 4126, Location: (-4709.74, -1905.38, -44.60)
[19:49:54.400] [D] Cleared POI - Reason Already looted
[19:49:54.400] [D] Cleared POI
[19:49:54.547] [D] Changed POI to: Type: QuestTurnIn, Name: Cliffwatcher Longhorn, Guid: 0, Entry: 10537, Location: (-5454.95, -2442.79, 90.30)
[19:49:55.474] [D] [Pulse] Slow bot root: 807ms bot=Wholesome Auto Quest poi=QuestTurnIn combat=False
[19:49:55.632] [N] [Singular] Casting Blessing of Kings on Myself
[19:49:55.632] [D] Spell_C::CastSpell(20217, 0, 0x6000000007EAB80, 0)
[19:49:56.209] [D] [Pulse] Slow bot root: 449ms bot=Wholesome Auto Quest poi=QuestTurnIn combat=False
[19:49:56.810] [D] [Pulse] Slow bot root: 474ms bot=Wholesome Auto Quest poi=QuestTurnIn combat=False
[19:49:57.393] [D] [Pulse] Slow bot root: 462ms bot=Wholesome Auto Quest poi=QuestTurnIn combat=False
[19:49:57.966] [D] [Nav] Loaded 1 mesh tiles for one path query
[19:49:57.966] [D] [MeshNavigator] Skipped 2 path nodes
[19:49:57.976] [D] [Pulse] Slow bot root: 463ms bot=Wholesome Auto Quest poi=QuestTurnIn combat=False
[19:49:58.554] [D] [MeshNavigator] Skipped 2 path nodes
[19:49:58.554] [D] [Pulse] Slow bot root: 448ms bot=Wholesome Auto Quest poi=QuestTurnIn combat=False
[19:49:59.167] [D] [MeshNavigator] Skipped 2 path nodes
[19:49:59.173] [D] [Pulse] Slow bot root: 483ms bot=Wholesome Auto Quest poi=QuestTurnIn combat=False
[19:49:59.764] [D] [MeshNavigator] Skipped 2 path nodes
[19:49:59.769] [D] [Pulse] Slow bot root: 465ms bot=Wholesome Auto Quest poi=QuestTurnIn combat=False
[19:50:00.356] [D] [MeshNavigator] Skipped 2 path nodes
[19:50:00.361] [D] [Pulse] Slow bot root: 455ms bot=Wholesome Auto Quest poi=QuestTurnIn combat=False
[19:50:00.975] [D] [MeshNavigator] Skipped 2 path nodes
[19:50:00.976] [D] [Pulse] Slow bot root: 475ms bot=Wholesome Auto Quest poi=QuestTurnIn combat=False
[19:50:01.007] [D] [Pulse] Slow plugin: name=AutoEquip2 elapsed=21ms
[19:50:01.570] [D] [MeshNavigator] Skipped 2 path nodes
[19:50:01.576] [D] [Pulse] Slow bot root: 455ms bot=Wholesome Auto Quest poi=QuestTurnIn combat=False
[19:50:02.157] [D] [MeshNavigator] Skipped 2 path nodes
[19:50:02.159] [D] [Pulse] Slow bot root: 455ms bot=Wholesome Auto Quest poi=QuestTurnIn combat=False
[19:50:02.740] [D] [MeshNavigator] Skipped 2 path nodes
[19:50:02.740] [D] [Pulse] Slow bot root: 460ms bot=Wholesome Auto Quest poi=QuestTurnIn combat=False
[19:50:03.336] [D] [MeshNavigator] Skipped 2 path nodes
[19:50:03.337] [D] [Pulse] Slow bot root: 470ms bot=Wholesome Auto Quest poi=QuestTurnIn combat=False
[19:50:03.568] [N] Mounting: 34769
[19:50:05.992] [D] [MeshNavigator] Skipped 2 path nodes
[19:50:06.001] [D] [Pulse] Slow bot root: 2536ms bot=Wholesome Auto Quest poi=QuestTurnIn combat=False
[19:50:06.529] [D] [MeshNavigator] Skipped 2 path nodes
[19:50:06.532] [D] [Pulse] Slow bot root: 400ms bot=Wholesome Auto Quest poi=QuestTurnIn combat=False
[19:50:07.057] [D] [MeshNavigator] Skipped 2 path nodes
[19:50:07.057] [D] [Pulse] Slow bot root: 397ms bot=Wholesome Auto Quest poi=QuestTurnIn combat=False
[19:50:07.594] [D] [MeshNavigator] Skipped 2 path nodes
[19:50:07.598] [D] [Pulse] Slow bot root: 410ms bot=Wholesome Auto Quest poi=QuestTurnIn combat=True
[19:50:08.107] [D] [MeshNavigator] Skipped 4 path nodes
[19:50:08.108] [D] [Pulse] Slow bot root: 382ms bot=Wholesome Auto Quest poi=QuestTurnIn combat=True
[19:50:08.615] [D] [MeshNavigator] Skipped 2 path nodes
[19:50:08.617] [D] [Pulse] Slow bot root: 388ms bot=Wholesome Auto Quest poi=QuestTurnIn combat=True
[19:50:09.185] [D] [Nav] Loaded 1 mesh tiles for one path query
[19:50:09.185] [D] [MeshNavigator] Skipped 2 path nodes
[19:50:09.192] [D] [Pulse] Slow bot root: 427ms bot=Wholesome Auto Quest poi=QuestTurnIn combat=True
[19:50:09.215] [D] [Singular-DEBUG] Switched targets!
[19:50:09.215] [D] [Singular-DEBUG] Melee Distance: 5
[19:50:09.215] [D] [Singular-DEBUG] Health: 100
[19:50:09.215] [D] [Singular-DEBUG] Level: 25
[19:50:09.714] [D] [MeshNavigator] Skipped 2 path nodes
[19:50:09.720] [D] [Pulse] Slow bot root: 389ms bot=Wholesome Auto Quest poi=QuestTurnIn combat=True
[19:50:09.912] [N] [Singular] Casting Hand of Freedom on Myself
[19:50:09.912] [D] Spell_C::CastSpell(1044, 0, 0x6000000007EAB80, 0)
[19:50:11.497] [N] [Singular] Casting Judgement of Light on Cloud Serpent
[19:50:11.497] [D] Spell_C::CastSpell(20271, 0, 0xF13000101500FDE4, 0)
[19:50:13.039] [N] [Singular] Casting Exorcism on Cloud Serpent
[19:50:13.039] [D] Spell_C::CastSpell(879, 0, 0xF13000101500FDE4, 0)
[19:50:16.104] [N] [Singular] Casting Holy Light on Myself
[19:50:16.104] [D] Spell_C::CastSpell(1026, 0, 0x6000000007EAB80, 0)
[19:50:18.280] [D] [QuestLog] Loaded 76 completed quests from Lua fallback
[19:50:19.257] [D] [Pulse] Slow plugin: name=DrinkPotions elapsed=117ms
[19:50:20.276] [N] [Singular] Casting Judgement of Light on Cloud Serpent
[19:50:20.276] [D] Spell_C::CastSpell(20271, 0, 0xF13000101500FDE4, 0)
[19:50:25.742] [N] [Singular] Casting Hammer of Justice on Cloud Serpent
[19:50:25.743] [D] Spell_C::CastSpell(5588, 0, 0xF13000101500FDE4, 0)
[19:50:27.400] [N] [Singular] Casting Holy Light on Myself
[19:50:27.400] [D] Spell_C::CastSpell(1026, 0, 0x6000000007EAB80, 0)
[19:50:31.429] [N] [Singular] Casting Judgement of Light on Cloud Serpent
[19:50:31.429] [D] Spell_C::CastSpell(20271, 0, 0xF13000101500FDE4, 0)
[19:50:32.036] [N] [Singular] Currect target is invalid. Switching to Crag Stalker!
[19:50:32.042] [D] [Pulse] Slow bot root: 134ms bot=Wholesome Auto Quest poi=QuestTurnIn combat=True
[19:50:32.315] [D] [Singular-DEBUG] Switched targets!
[19:50:32.315] [D] [Singular-DEBUG] Melee Distance: 5
[19:50:32.315] [D] [Singular-DEBUG] Health: 84.77157360406092
[19:50:32.315] [D] [Singular-DEBUG] Level: 26
[19:50:32.984] [N] [Singular] Casting Exorcism on Crag Stalker
[19:50:32.985] [D] Spell_C::CastSpell(879, 0, 0xF13000101E00FDC7, 0)
[19:50:39.693] [N] [Singular] Casting Judgement of Light on Crag Stalker
[19:50:39.693] [D] Spell_C::CastSpell(20271, 0, 0xF13000101E00FDC7, 0)
[19:50:48.102] [N] [Singular] Casting Judgement of Light on Crag Stalker
[19:50:48.102] [D] Spell_C::CastSpell(20271, 0, 0xF13000101E00FDC7, 0)
[19:50:50.055] [N] [Singular] Casting Exorcism on Crag Stalker
[19:50:50.055] [D] Spell_C::CastSpell(879, 0, 0xF13000101E00FDC7, 0)
[19:50:52.738] [D] Changed POI to: Type: Loot, Name: Cloud Serpent, Guid: F13000101500FDE4, Entry: 4117, Location: (-4768.20, -1987.24, -59.24)
[19:50:52.884] [D] [Interact] Interacting with object at 0x340A8738
[19:50:52.889] [D] [Interact] Done interacting with object at 0x340A8738
[19:50:53.449] [N] Looting Cloud Serpent Guid 0xF13000101500FDE4
[19:50:53.471] [D] Cleared POI - Reason Waiting for loot flag
[19:50:53.471] [D] Cleared POI
[19:50:53.501] [D] [Singular-DEBUG] Switched targets!
[19:50:53.501] [D] [Singular-DEBUG] Melee Distance: 5
[19:50:53.501] [D] [Singular-DEBUG] Health: 0
[19:50:53.501] [D] [Singular-DEBUG] Level: 25
[19:50:53.638] [D] Changed POI to: Type: Loot, Name: Cloud Serpent, Guid: F13000101500FDE4, Entry: 4117, Location: (-4768.20, -1987.24, -59.24)
[19:50:53.795] [D] Cleared POI - Reason Already looted
[19:50:53.795] [D] Cleared POI
[19:50:53.959] [D] Changed POI to: Type: Loot, Name: Crag Stalker, Guid: F13000101E00FDC7, Entry: 4126, Location: (-4766.94, -1981.70, -59.79)
[19:50:54.119] [D] [Interact] Interacting with object at 0x340A0D58
[19:50:54.125] [D] [Interact] Done interacting with object at 0x340A0D58
[19:50:54.634] [N] Looting Crag Stalker Guid 0xF13000101E00FDC7
[19:50:54.654] [D] Cleared POI - Reason Waiting for loot flag
[19:50:54.654] [D] Cleared POI
[19:50:54.805] [D] Changed POI to: Type: Loot, Name: Crag Stalker, Guid: F13000101E00FDC7, Entry: 4126, Location: (-4766.94, -1981.70, -59.79)
[19:50:54.824] [D] [Singular-DEBUG] Switched targets!
[19:50:54.824] [D] [Singular-DEBUG] Melee Distance: 5
[19:50:54.824] [D] [Singular-DEBUG] Health: 0
[19:50:54.824] [D] [Singular-DEBUG] Level: 26
[19:50:54.968] [N] Eating Bristle Whisker Catfish
[19:50:55.387] [N] Drinking Melon Juice
[19:51:01.457] [D] [Pulse] Slow plugin: name=AutoEquip2 elapsed=38ms
[19:51:11.486] [D] [Pulse] Slow plugin: name=AutoEquip2 elapsed=30ms
[19:51:18.695] [D] [QuestLog] Loaded 76 completed quests from Lua fallback
[19:51:18.974] [D] Cleared POI - Reason Already looted
[19:51:18.974] [D] Cleared POI
[19:51:19.126] [D] Changed POI to: Type: QuestTurnIn, Name: Cliffwatcher Longhorn, Guid: 0, Entry: 10537, Location: (-5454.95, -2442.79, 90.30)
[19:51:19.324] [N] Mounting: 34769
[19:51:22.490] [N] Loading 1_42_34
[19:51:22.490] [N] Loading 1_41_33
[19:51:22.490] [N] Loading 1_42_38
[19:51:22.490] [N] Loading 1_41_38
[19:51:22.490] [N] Loading 1_40_33
[19:51:22.490] [N] Loading 1_39_33
[19:51:22.490] [N] Loading 1_43_38
[19:51:22.490] [N] Loading 1_42_39
[19:51:22.490] [N] Loading 1_40_32
[19:51:22.490] [N] Loading 1_39_32
[19:51:22.490] [N] Loading 1_43_39
[19:51:22.490] [N] Loading 1_41_39
[19:51:22.490] [N] Loading 1_44_38
[19:51:22.490] [N] Loading 1_41_32
[19:51:22.490] [N] Loading 1_38_35
[19:51:22.490] [N] Loading 1_44_37
[19:51:22.490] [N] Loading 1_44_39
[19:51:22.490] [N] Loading 1_38_36
[19:51:22.490] [N] Loading 1_42_40
[19:51:22.490] [N] Loading 1_40_31
[19:51:22.490] [N] Loading 1_39_31
[19:51:22.490] [N] Loading 1_38_34
[19:51:22.490] [N] Loading 1_43_40
[19:51:22.490] [N] Loading 1_39_37
[19:51:22.490] [N] Loading 1_41_31
[19:51:22.490] [N] Loading 1_38_37
[19:51:22.490] [N] Loading 1_44_40
[19:51:22.490] [N] Loading 1_37_35
[19:51:22.490] [N] Loading 1_45_38
[19:51:22.490] [N] Loading 1_45_39
[19:51:22.490] [N] Loading 1_37_36
[19:51:22.490] [N] Loading 1_40_37
[19:51:22.490] [N] Loading 1_39_30
[19:51:22.490] [N] Loading 1_40_30
[19:51:22.490] [N] Loading 1_38_31
[19:51:22.490] [N] Loading 1_41_30
[19:51:22.490] [N] Loading 1_39_38
[19:51:22.490] [N] Loading 1_38_38
[19:51:22.490] [N] Loading 1_37_34
[19:51:22.490] [N] Loading 1_40_38
[19:51:22.490] [N] Loading 1_42_31
[19:51:22.490] [N] Loading 1_37_37
[19:51:22.490] [N] Loading 1_38_32
[19:51:22.490] [N] Loading 1_42_32
[19:51:22.490] [N] Loading 1_45_37
[19:51:22.490] [N] Loading 1_36_35
[19:51:22.490] [N] Loading 1_36_36
[19:51:22.490] [N] Loading 1_42_30
[19:51:22.490] [N] Loading 1_37_38
[19:51:22.490] [N] Loading 1_46_38
[19:51:22.490] [N] Loading 1_46_39
[19:51:22.490] [N] Loading 1_45_40
[19:51:22.490] [N] Loading 1_44_36
[19:51:22.490] [N] Loading 1_45_36
[19:51:22.490] [N] Loading 1_39_39
[19:51:22.490] [N] Loading 1_46_37
[19:51:22.490] [N] Loading 1_40_39
[19:51:22.490] [N] Loading 1_38_39
[19:51:22.490] [N] Loading 1_40_29
[19:51:22.490] [N] Loading 1_36_37
[19:51:22.490] [N] Loading 1_36_34
[19:51:22.490] [N] Loading 1_46_40
[19:51:22.490] [N] Loading 1_41_29
[19:51:22.490] [N] Loading 1_46_36
[19:51:22.490] [N] Loading 1_36_38
[19:51:22.490] [N] Loading 1_35_36
[19:51:22.490] [N] Loading 1_35_35
[19:51:22.490] [N] Loading 1_47_38
[19:51:22.490] [N] Loading 1_47_39
[19:51:22.490] [N] Loading 1_37_39
[19:51:22.490] [N] Loading 1_45_41
[19:51:22.490] [N] Loading 1_44_41
[19:51:22.490] [N] Loading 1_47_37
[19:51:22.490] [N] Loading 1_35_34
[19:51:22.490] [N] Loading 1_35_37
[19:51:22.490] [N] Loading 1_39_40
[19:51:22.491] [N] Loading 1_40_40
[19:51:22.491] [N] Loading 1_36_39
[19:51:22.491] [N] Loading 1_46_41
[19:51:22.491] [N] Loading 1_42_29
[19:51:22.491] [N] Loading 1_47_40
[19:51:22.491] [N] Loading 1_36_33
[19:51:22.491] [N] Loading 1_38_40
[19:51:22.491] [N] Loading 1_41_28
[19:51:22.491] [N] Loading 1_40_28
[19:51:22.491] [N] Loading 1_37_33
[19:51:22.491] [N] Loading 1_47_36
[19:51:22.491] [N] Loading 1_39_29
[19:51:22.491] [N] Loading 1_37_40
[19:51:22.491] [N] Loading 1_43_41
[19:51:22.491] [N] Loading 1_34_36
[19:51:22.491] [N] Loading 1_35_38
[19:51:22.491] [N] Loading 1_34_35
[19:51:22.491] [N] Loading 1_35_33
[19:51:22.491] [N] Loading 1_48_38
[19:51:22.491] [N] Loading 1_48_39
[19:51:22.491] [N] Loading 1_42_28
[19:51:22.491] [N] Loading 1_34_37
[19:51:22.491] [N] Loading 1_48_37
[19:51:22.491] [N] Loading 1_46_35
[19:51:22.491] [N] Loading 1_34_34
[19:51:22.491] [N] Loading 1_47_35
[19:51:22.491] [N] Loading 1_36_40
[19:51:22.491] [N] Loading 1_36_32
[19:51:22.491] [N] Loading 1_43_30
[19:51:22.491] [N] Loading 1_37_32
[19:51:22.491] [N] Loading 1_43_29
[19:51:22.491] [N] Loading 1_48_40
[19:51:22.491] [N] Loading 1_47_41
[19:51:22.491] [N] Loading 1_45_42
[19:51:22.491] [N] Loading 1_44_42
[19:51:22.491] [N] Loading 1_35_39
[19:51:22.491] [N] Loading 1_48_36
[19:51:22.491] [N] Loading 1_39_41
[19:51:22.491] [N] Loading 1_35_32
[19:51:22.491] [N] Loading 1_38_30
[19:51:22.491] [N] Loading 1_46_42
[19:51:22.491] [N] Loading 1_38_29
[19:51:22.491] [N] Loading 1_43_28
[19:51:22.491] [N] Loading 1_40_27
[19:51:22.491] [N] Loading 1_34_38
[19:51:22.491] [N] Loading 1_41_27
[19:51:22.491] [N] Loading 1_38_41
[19:51:22.491] [N] Loading 1_43_42
[19:51:22.491] [N] Loading 1_33_36
[19:51:22.491] [N] Loading 1_34_33
[19:51:22.491] [N] Loading 1_33_35
[19:51:22.491] [N] Loading 1_40_41
[19:51:22.491] [N] Loading 1_49_38
[19:51:22.491] [N] Loading 1_49_39
[19:51:22.491] [N] Loading 1_42_41
[19:51:22.491] [N] Loading 1_48_35
[19:51:22.491] [N] Loading 1_48_41
[19:51:22.491] [N] Loading 1_35_40
[19:51:22.491] [N] Loading 1_33_37
[19:51:22.491] [N] Loading 1_47_42
[19:51:22.491] [N] Loading 1_36_31
[19:51:22.491] [N] Loading 1_49_37
[19:51:22.491] [N] Loading 1_37_31
[19:51:22.491] [N] Loading 1_39_28
[19:51:22.491] [N] Loading 1_37_41
[19:51:22.491] [N] Loading 1_33_34
[19:51:22.491] [N] Loading 1_39_27
[19:51:22.491] [N] Loading 1_34_32
[19:51:22.491] [N] Loading 1_49_40
[19:51:22.491] [N] Loading 1_49_36
[19:51:22.491] [N] Loading 1_33_38
[19:51:22.491] [N] Loading 1_42_27
[19:51:22.491] [N] Loading 1_35_31
[19:51:22.491] [N] Loading 1_34_39
[19:51:22.491] [N] Loading 1_36_41
[19:51:22.491] [N] Loading 1_45_35
[19:51:22.491] [N] Loading 1_42_42
[19:51:22.491] [N] Loading 1_38_28
[19:51:22.491] [N] Loading 1_32_36
[19:51:22.491] [N] Loading 1_49_35
[19:51:22.491] [N] Loading 1_40_26
[19:51:22.491] [N] Loading 1_50_38
[19:51:22.491] [N] Loading 1_50_39
[19:51:22.491] [N] Loading 1_32_37
[19:51:22.491] [N] Loading 1_33_33
[19:51:22.491] [N] Loading 1_41_26
[19:51:22.491] [N] Loading 1_45_43
[19:51:22.491] [N] Loading 1_44_43
[19:51:22.491] [N] Loading 1_38_27
[19:51:22.491] [N] Loading 1_32_35
[19:51:22.491] [N] Loading 1_49_41
[19:51:22.491] [N] Loading 1_41_40
[19:51:22.491] [N] Loading 1_46_34
[19:51:22.491] [N] Loading 1_44_35
[19:51:22.491] [N] Loading 1_41_41
[19:51:22.491] [N] Loading 1_48_42
[19:51:22.491] [N] Loading 1_34_31
[19:51:22.491] [N] Loading 1_38_33
[19:51:22.491] [N] Loading 1_50_37
[19:51:22.491] [N] Loading 1_45_34
[19:51:22.491] [N] Loading 1_39_26
[19:51:22.491] [N] Loading 1_39_42
[19:51:22.491] [N] Loading 1_33_39
[19:51:22.491] [N] Loading 1_32_34
[19:51:22.491] [N] Loading 1_36_30
[19:51:22.491] [N] Loading 1_47_43
[19:51:22.491] [N] Loading 1_33_32
[19:51:22.491] [N] Loading 1_47_34
[19:51:22.491] [N] Loading 1_46_43
[19:51:22.491] [N] Loading 1_38_42
[19:51:22.491] [N] Loading 1_35_41
[19:51:22.491] [N] Loading 1_32_38
[19:51:22.491] [N] Loading 1_44_34
[19:51:22.491] [N] Loading 1_50_36
[19:51:22.491] [N] Loading 1_34_40
[19:51:22.491] [N] Loading 1_43_27
[19:51:22.491] [N] Loading 1_35_30
[19:51:22.491] [N] Loading 1_40_42
[19:51:22.491] [N] Loading 1_42_26
[19:51:22.491] [N] Loading 1_37_28
[19:51:22.491] [N] Loading 1_43_34
[19:51:22.491] [N] Loading 1_37_42
[19:51:22.491] [N] Loading 1_37_27
[19:51:22.491] [N] Loading 1_33_31
[19:51:22.491] [N] Loading 1_46_33
[19:51:22.491] [N] Loading 1_45_33
[19:51:22.491] [N] Loading 1_38_26
[19:51:22.491] [N] Loading 1_32_39
[19:51:22.491] [N] Loading 1_41_42
[19:51:22.491] [N] Loading 1_31_37
[19:51:22.491] [N] Loading 1_31_36
[19:51:22.491] [N] Loading 1_47_33
[19:51:22.491] [N] Loading 1_32_33
[19:51:22.491] [N] Loading 1_37_29
[19:51:22.491] [N] Loading 1_31_35
[19:51:22.491] [N] Loading 1_44_33
[19:51:22.491] [N] Loading 1_48_43
[19:51:22.491] [N] Loading 1_43_26
[19:51:22.491] [N] Loading 1_31_34
[19:51:22.491] [N] Loading 1_32_32
[19:51:22.491] [N] Loading 1_49_42
[19:51:22.491] [N] Loading 1_34_30
[19:51:22.491] [N] Loading 1_43_33
[19:51:22.491] [N] Loading 1_34_41
[19:51:22.491] [N] Loading 1_39_25
[19:51:22.491] [N] Loading 1_33_40
[19:51:22.491] [N] Loading 1_36_42
[19:51:22.491] [N] Loading 1_37_26
[19:51:22.491] [N] Loading 1_50_40
[19:51:22.491] [N] Loading 1_36_28
[19:51:22.491] [N] Loading 1_31_38
[19:51:22.491] [N] Loading 1_31_33
[19:51:22.491] [N] Loading 1_33_30
[19:51:22.491] [N] Loading 1_40_25
[19:51:22.491] [N] Loading 1_36_27
[19:51:22.491] [N] Loading 1_50_41
[19:51:22.491] [N] Loading 1_41_25
[19:51:22.491] [N] Loading 1_45_32
[19:51:22.491] [N] Loading 1_46_32
[19:51:22.491] [N] Loading 1_32_31
[19:51:22.491] [N] Loading 1_35_42
[19:51:22.491] [N] Loading 1_38_25
[19:51:22.491] [N] Loading 1_39_43
[19:51:22.491] [N] Loading 1_36_29
[19:51:22.491] [N] Loading 1_44_32
[19:51:22.491] [N] Loading 1_44_27
[19:51:22.491] [N] Loading 1_38_43
[19:51:22.491] [N] Loading 1_30_36
[19:51:22.491] [N] Loading 1_30_37
[19:51:22.491] [N] Loading 1_47_32
[19:51:22.491] [N] Loading 1_40_43
[19:51:22.491] [N] Loading 1_31_39
[19:51:22.491] [N] Loading 1_42_25
[19:51:22.491] [N] Loading 1_30_35
[19:51:22.491] [N] Loading 1_36_26
[19:51:22.491] [N] Loading 1_30_34
[19:51:22.491] [N] Loading 1_43_32
[19:51:22.491] [N] Loading 1_44_26
[19:51:22.491] [N] Loading 1_30_38
[19:51:22.491] [N] Loading 1_31_32
[19:51:22.491] [N] Loading 1_37_43
[19:51:22.491] [N] Loading 1_50_42
[19:51:22.491] [N] Loading 1_49_43
[19:51:22.491] [N] Loading 1_33_41
[19:51:22.491] [N] Loading 1_43_25
[19:51:22.491] [N] Loading 1_51_40
[19:51:22.491] [N] Loading 1_51_39
[19:51:22.491] [N] Loading 1_32_40
[19:51:22.491] [N] Loading 1_35_27
[19:51:22.491] [N] Loading 1_34_42
[19:51:22.491] [N] Loading 1_40_24
[19:51:22.491] [N] Loading 1_31_40
[19:51:22.491] [N] Loading 1_37_25
[19:51:22.491] [N] Loading 1_41_24
[19:51:22.491] [N] Loading 1_30_39
[19:51:22.491] [N] Loading 1_36_43
[19:51:22.491] [N] Loading 1_30_33
[19:51:22.491] [N] Loading 1_35_28
[19:51:22.491] [N] Loading 1_29_37
[19:51:22.491] [N] Loading 1_29_36
[19:51:22.491] [N] Loading 1_39_24
[19:51:22.491] [N] Loading 1_31_31
[19:51:22.491] [N] Loading 1_29_35
[19:51:22.491] [N] Loading 1_38_24
[19:51:22.491] [N] Loading 1_35_26
[19:51:22.491] [N] Loading 1_42_24
[19:51:22.491] [N] Loading 1_44_25
[19:51:22.491] [N] Loading 1_45_27
[19:51:22.491] [N] Loading 1_35_29
[19:51:22.491] [N] Loading 1_51_38
[19:51:22.491] [N] Loading 1_51_41
[19:51:22.491] [N] Loading 1_35_43
[19:51:22.491] [N] Loading 1_32_41
[19:51:22.491] [N] Loading 1_29_38
[19:51:22.491] [N] Loading 1_29_34
[19:51:22.491] [N] Loading 1_39_44
[19:51:22.491] [N] Loading 1_30_40
[19:51:22.491] [N] Loading 1_34_27
[19:51:22.491] [N] Loading 1_33_42
[19:51:22.491] [N] Loading 1_38_44
[19:51:22.491] [N] Loading 1_45_26
[19:51:22.491] [N] Loading 1_34_28
[19:51:22.491] [N] Loading 1_36_25
[19:51:22.491] [N] Loading 1_44_31
[19:51:22.491] [N] Loading 1_31_41
[19:51:22.491] [N] Loading 1_40_44
[19:51:22.491] [N] Loading 1_34_29
[19:51:22.491] [N] Loading 1_34_26
[19:51:22.491] [N] Loading 1_29_39
[19:51:22.491] [N] Loading 1_45_25
[19:51:22.491] [N] Loading 1_37_44
[19:51:22.491] [N] Loading 1_28_36
[19:51:22.491] [N] Loading 1_52_39
[19:51:22.491] [N] Loading 1_34_43
[19:51:22.491] [N] Loading 1_30_41
[19:51:22.491] [N] Loading 1_37_24
[19:51:22.491] [N] Loading 1_51_42
[19:51:22.491] [N] Loading 1_28_35
[19:51:22.491] [N] Loading 1_32_42
[19:51:22.491] [N] Loading 1_52_40
[19:51:22.491] [N] Loading 1_32_30
[19:51:22.491] [N] Loading 1_51_37
[19:51:22.491] [N] Loading 1_40_23
[19:51:22.491] [N] Loading 1_31_30
[19:51:22.491] [N] Loading 1_35_25
[19:51:22.491] [N] Loading 1_52_38
[19:51:22.491] [N] Loading 1_41_23
[19:51:22.491] [N] Loading 1_28_37
[19:51:22.491] [N] Loading 1_45_31
[19:51:22.491] [N] Loading 1_33_27
[19:51:22.491] [N] Loading 1_30_31
[19:51:22.491] [N] Loading 1_33_28
[19:51:22.491] [N] Loading 1_29_40
[19:51:22.491] [N] Loading 1_28_38
[19:51:22.491] [N] Loading 1_43_24
[19:51:22.491] [N] Loading 1_33_43
[19:51:22.491] [N] Loading 1_33_29
[19:51:22.491] [N] Loading 1_36_44
[19:51:22.491] [N] Loading 1_39_23
[19:51:22.491] [N] Loading 1_31_42
[19:51:22.491] [N] Loading 1_43_31
[19:51:22.491] [N] Loading 1_42_23
[19:51:22.491] [N] Loading 1_44_24
[19:51:22.491] [N] Loading 1_34_25
[19:51:22.491] [N] Loading 1_30_30
[19:51:22.491] [N] Loading 1_33_26
[19:51:22.491] [N] Loading 1_44_30
[19:51:22.491] [N] Loading 1_38_23
[19:51:22.491] [N] Loading 1_28_34
[19:51:22.491] [N] Loading 1_35_44
[19:51:22.491] [N] Loading 1_28_39
[19:51:22.491] [N] Loading 1_52_41
[19:51:22.491] [N] Loading 1_36_24
[19:51:22.491] [N] Loading 1_45_24
[19:51:22.491] [N] Loading 1_46_26
[19:51:22.491] [N] Loading 1_27_36
[19:51:22.491] [N] Loading 1_27_35
[19:51:22.491] [N] Loading 1_46_27
[19:51:22.491] [N] Loading 1_45_30
[19:51:22.491] [N] Loading 1_29_41
[19:51:22.491] [N] Loading 1_32_27
[19:51:22.491] [N] Loading 1_32_28
[19:51:22.491] [N] Loading 1_52_37
[19:51:22.491] [N] Loading 1_30_42
[19:51:22.491] [N] Loading 1_27_37
[19:51:22.491] [N] Loading 1_30_32
[19:51:22.491] [N] Loading 1_32_43
[19:51:22.491] [N] Loading 1_46_25
[19:51:22.491] [N] Loading 1_43_23
[19:51:22.491] [N] Loading 1_32_29
[19:51:22.491] [N] Loading 1_29_31
[19:51:22.491] [N] Loading 1_28_40
[19:51:22.491] [N] Loading 1_51_36
[19:51:22.491] [N] Loading 1_32_26
[19:51:22.491] [N] Loading 1_34_44
[19:51:22.491] [N] Loading 1_37_23
[19:51:22.491] [N] Loading 1_29_32
[19:51:22.491] [N] Loading 1_29_30
[19:51:22.491] [N] Loading 1_27_34
[19:51:22.491] [N] Loading 1_46_31
[19:51:22.491] [N] Loading 1_53_39
[19:51:22.491] [N] Loading 1_52_42
[19:51:22.491] [N] Loading 1_29_42
[19:51:22.491] [N] Loading 1_53_40
[19:51:22.862] [D] [MeshNavigator] Skipped 2 path nodes
[19:51:22.870] [D] [Pulse] Slow bot root: 3624ms bot=Wholesome Auto Quest poi=QuestTurnIn combat=False
[19:51:22.914] [D] [Pulse] Slow plugin: name=AutoEquip2 elapsed=31ms
[19:51:23.439] [D] [MeshNavigator] Skipped 2 path nodes
[19:51:23.440] [D] [Pulse] Slow bot root: 406ms bot=Wholesome Auto Quest poi=QuestTurnIn combat=False
[19:51:23.983] [D] [MeshNavigator] Skipped 2 path nodes
[19:51:23.987] [D] [Pulse] Slow bot root: 407ms bot=Wholesome Auto Quest poi=QuestTurnIn combat=False
[19:51:24.520] [D] [MeshNavigator] Skipped 2 path nodes
[19:51:24.525] [D] [Pulse] Slow bot root: 412ms bot=Wholesome Auto Quest poi=QuestTurnIn combat=False
[19:51:25.060] [D] [Nav] Loaded 1 mesh tiles for one path query
[19:51:25.060] [D] [MeshNavigator] Skipped 2 path nodes
[19:51:25.061] [D] [Pulse] Slow bot root: 413ms bot=Wholesome Auto Quest poi=QuestTurnIn combat=False
[19:51:25.604] [D] [Nav] Loaded 1 mesh tiles for one path query
[19:51:25.604] [D] [MeshNavigator] Skipped 2 path nodes
[19:51:25.606] [D] [Pulse] Slow bot root: 419ms bot=Wholesome Auto Quest poi=QuestTurnIn combat=False
[19:51:26.135] [D] [MeshNavigator] Skipped 2 path nodes
[19:51:26.140] [D] [Pulse] Slow bot root: 406ms bot=Wholesome Auto Quest poi=QuestTurnIn combat=False
[19:51:26.662] [D] [MeshNavigator] Skipped 2 path nodes
[19:51:26.663] [D] [Pulse] Slow bot root: 395ms bot=Wholesome Auto Quest poi=QuestTurnIn combat=False
[19:51:27.203] [D] [Nav] Loaded 1 mesh tiles for one path query
[19:51:27.203] [D] [MeshNavigator] Skipped 2 path nodes
[19:51:27.209] [D] [Pulse] Slow bot root: 419ms bot=Wholesome Auto Quest poi=QuestTurnIn combat=False
[19:51:27.734] [D] [MeshNavigator] Skipped 2 path nodes
[19:51:27.737] [D] [Pulse] Slow bot root: 400ms bot=Wholesome Auto Quest poi=QuestTurnIn combat=False
[19:51:27.904] [D] Activity: Setting Pesterhide Hyena at 23.1 yards as your target
[19:51:27.904] [D] Dismounting for combat.
[19:51:27.904] [D] Stop and dismount. Reason: Combat
[19:51:28.180] [D] Changed POI to: Type: Kill, Name: Pesterhide Hyena, Guid: F13000109800FE25, Entry: 4248, Location: (-4823.07, -2036.12, -44.77)
[19:51:28.204] [D] [Singular-DEBUG] Switched targets!
[19:51:28.205] [D] [Singular-DEBUG] Melee Distance: 5
[19:51:28.205] [D] [Singular-DEBUG] Health: 100
[19:51:28.205] [D] [Singular-DEBUG] Level: 26
[19:51:28.386] [N] [Singular] Casting Exorcism on Pesterhide Hyena
[19:51:28.386] [D] Spell_C::CastSpell(879, 0, 0xF13000109800FE25, 0)
[19:51:30.121] [N] [Singular] Casting Judgement of Light on Pesterhide Hyena
[19:51:30.121] [D] Spell_C::CastSpell(20271, 0, 0xF13000109800FE25, 0)
[19:51:31.723] [N] [Singular] Casting Exorcism on Pesterhide Hyena
[19:51:31.724] [D] Spell_C::CastSpell(879, 0, 0xF13000109800FE25, 0)
[19:51:38.528] [N] [Singular] Casting Judgement of Light on Pesterhide Hyena
[19:51:38.528] [D] Spell_C::CastSpell(20271, 0, 0xF13000109800FE25, 0)
[19:51:40.057] [D] [Pulse] Slow bot root: 178ms bot=Wholesome Auto Quest poi=Kill combat=True
[19:51:40.146] [D] [Pulse] Slow plugin: name=Tidy Bags 3 Reloaded elapsed=60ms
[19:51:40.892] [D] [Pulse] Slow bot root: 177ms bot=Wholesome Auto Quest poi=Kill combat=True
[19:51:41.724] [D] [Pulse] Slow bot root: 175ms bot=Wholesome Auto Quest poi=Kill combat=True
[19:51:42.565] [D] [Pulse] Slow bot root: 179ms bot=Wholesome Auto Quest poi=Kill combat=True
[19:51:43.395] [D] [Pulse] Slow bot root: 174ms bot=Wholesome Auto Quest poi=Kill combat=True
[19:51:44.226] [D] [Pulse] Slow bot root: 175ms bot=Wholesome Auto Quest poi=Kill combat=True
[19:51:45.094] [D] [Pulse] Slow bot root: 175ms bot=Wholesome Auto Quest poi=Kill combat=True
[19:51:45.933] [D] [Pulse] Slow bot root: 178ms bot=Wholesome Auto Quest poi=Kill combat=True
[19:51:46.723] [D] Cleared POI - Reason POI is dead from Combat
[19:51:46.723] [D] Cleared POI
[19:51:46.723] [D] [Pulse] Slow bot root: 133ms bot=Wholesome Auto Quest poi=None combat=False
[19:51:47.563] [D] Changed POI to: Type: Loot, Name: Pesterhide Hyena, Guid: F13000109800FE25, Entry: 4248, Location: (-4821.61, -2036.05, -45.25)
[19:51:47.564] [D] [Pulse] Slow bot root: 167ms bot=Wholesome Auto Quest poi=Loot combat=False
[19:51:48.403] [D] [Interact] Interacting with object at 0x3409BC18
[19:51:48.436] [D] [Interact] Done interacting with object at 0x3409BC18
[19:51:48.469] [D] [Pulse] Slow bot root: 234ms bot=Wholesome Auto Quest poi=Loot combat=False
[19:51:49.514] [D] [Pulse] Slow shared pulse: total=379ms movement=0 objects=0 lua=280 info=0 loot=2 targeting=37 events=0 plugins=59 routine=0
[19:51:50.086] [N] Looting Pesterhide Hyena Guid 0xF13000109800FE25
[19:51:50.185] [D] Cleared POI - Reason Waiting for loot flag
[19:51:50.186] [D] Cleared POI
[19:51:50.219] [D] [Pulse] Slow bot root: 132ms bot=Wholesome Auto Quest poi=None combat=False
[19:51:50.354] [D] [Pulse] Slow plugin: name=Tidy Bags 3 Reloaded elapsed=59ms
[19:51:51.092] [D] Changed POI to: Type: QuestTurnIn, Name: Cliffwatcher Longhorn, Guid: 0, Entry: 10537, Location: (-5454.95, -2442.79, 90.30)
[19:51:51.092] [D] [Pulse] Slow bot root: 168ms bot=Wholesome Auto Quest poi=QuestTurnIn combat=False
[19:51:53.026] [D] [Pulse] Slow bot root: 1265ms bot=Wholesome Auto Quest poi=QuestTurnIn combat=False
[19:51:54.607] [D] [Pulse] Slow bot root: 875ms bot=Wholesome Auto Quest poi=QuestTurnIn combat=False
[19:51:54.804] [D] [Pulse] Slow plugin: name=AutoEquip2 elapsed=158ms
[19:51:56.341] [D] [Pulse] Slow bot root: 903ms bot=Wholesome Auto Quest poi=QuestTurnIn combat=False
[19:51:57.626] [N] Mounting: 34769
[19:52:00.145] [D] [Pulse] Slow bot root: 3101ms bot=Wholesome Auto Quest poi=QuestTurnIn combat=False
[19:52:01.446] [D] [Pulse] Slow bot root: 635ms bot=Wholesome Auto Quest poi=QuestTurnIn combat=False
[19:52:01.582] [D] [Pulse] Slow plugin: name=Tidy Bags 3 Reloaded elapsed=59ms
[19:52:02.815] [D] [Pulse] Slow bot root: 663ms bot=Wholesome Auto Quest poi=QuestTurnIn combat=False
[19:52:04.083] [D] [Pulse] Slow bot root: 597ms bot=Wholesome Auto Quest poi=QuestTurnIn combat=False
[19:52:05.353] [D] [Pulse] Slow bot root: 603ms bot=Wholesome Auto Quest poi=QuestTurnIn combat=False
[19:52:05.554] [D] [Pulse] Slow plugin: name=AutoEquip2 elapsed=157ms
[19:52:05.621] [D] [Pulse] Slow shared pulse: total=267ms movement=0 objects=0 lua=0 info=0 loot=2 targeting=39 events=0 plugins=224 routine=0
[19:52:06.784] [D] [Nav] Loaded 1 mesh tiles for one path query
[19:52:06.821] [D] [Pulse] Slow bot root: 631ms bot=Wholesome Auto Quest poi=QuestTurnIn combat=False
[19:52:08.515] [D] [Pulse] Slow bot root: 996ms bot=Wholesome Auto Quest poi=QuestTurnIn combat=False
[19:52:09.822] [D] [Pulse] Slow bot root: 638ms bot=Wholesome Auto Quest poi=QuestTurnIn combat=False
[19:52:11.126] [D] [Pulse] Slow bot root: 632ms bot=Wholesome Auto Quest poi=QuestTurnIn combat=False
[19:52:12.434] [D] [Pulse] Slow bot root: 638ms bot=Wholesome Auto Quest poi=QuestTurnIn combat=False
[19:52:12.567] [D] [Pulse] Slow plugin: name=Tidy Bags 3 Reloaded elapsed=59ms
[19:52:13.750] [D] [Pulse] Slow bot root: 612ms bot=Wholesome Auto Quest poi=QuestTurnIn combat=False
[19:52:14.622] [D] Activity: Setting Galak Wrangler at 13.7 yards as your target
[19:52:14.623] [D] Dismounting for combat.
[19:52:14.623] [D] Stop and dismount. Reason: Combat
[19:52:14.751] [D] [Pulse] Slow bot root: 331ms bot=Wholesome Auto Quest poi=QuestTurnIn combat=True
[19:52:15.418] [D] Changed POI to: Type: Kill, Name: Galak Wrangler, Guid: F130000FFD00D54A, Entry: 4093, Location: (-4924.93, -2154.71, -56.43)
[19:52:15.518] [D] [Singular-DEBUG] Switched targets!
[19:52:15.518] [D] [Singular-DEBUG] Melee Distance: 5
[19:52:15.518] [D] [Singular-DEBUG] Health: 100
[19:52:15.518] [D] [Singular-DEBUG] Level: 25
[19:52:16.461] [N] [Singular] Casting Exorcism on Galak Wrangler
[19:52:16.461] [D] Spell_C::CastSpell(879, 0, 0xF130000FFD00D54A, 0)
[19:52:16.495] [D] [Pulse] Slow bot root: 369ms bot=Wholesome Auto Quest poi=Kill combat=True
[19:52:17.331] [D] [Pulse] Slow bot root: 166ms bot=Wholesome Auto Quest poi=Kill combat=True
[19:52:18.167] [D] [Pulse] Slow bot root: 166ms bot=Wholesome Auto Quest poi=Kill combat=True
[19:52:19.269] [D] [Pulse] Slow bot root: 399ms bot=Wholesome Auto Quest poi=Kill combat=True
[19:52:19.873] [D] [QuestLog] Loaded 76 completed quests from Lua fallback
[19:52:20.641] [N] [Singular] Casting Hand of Freedom on Myself
[19:52:20.641] [D] Spell_C::CastSpell(1044, 0, 0x6000000007EAB80, 0)
[19:52:20.674] [D] [Pulse] Slow bot root: 234ms bot=Wholesome Auto Quest poi=Kill combat=True
[19:52:21.579] [D] [Pulse] Slow bot root: 238ms bot=Wholesome Auto Quest poi=Kill combat=True
[19:52:22.472] [N] [Singular] Casting Judgement of Light on Galak Wrangler
[19:52:22.472] [D] Spell_C::CastSpell(20271, 0, 0xF130000FFD00D54A, 0)
[19:52:22.505] [D] [Pulse] Slow bot root: 265ms bot=Wholesome Auto Quest poi=Kill combat=True
[19:52:22.605] [D] [Pulse] Slow plugin: name=Tidy Bags 3 Reloaded elapsed=54ms
[19:52:23.378] [D] [Pulse] Slow bot root: 205ms bot=Wholesome Auto Quest poi=Kill combat=True
[19:52:24.301] [D] [Pulse] Slow bot root: 189ms bot=Wholesome Auto Quest poi=Kill combat=True
[19:52:25.135] [D] [Pulse] Slow bot root: 185ms bot=Wholesome Auto Quest poi=Kill combat=True
[19:52:25.976] [D] [Pulse] Slow bot root: 188ms bot=Wholesome Auto Quest poi=Kill combat=True
[19:52:26.812] [D] [Pulse] Slow bot root: 187ms bot=Wholesome Auto Quest poi=Kill combat=True
[19:52:27.650] [D] [Pulse] Slow bot root: 184ms bot=Wholesome Auto Quest poi=Kill combat=True
[19:52:28.487] [D] [Pulse] Slow bot root: 185ms bot=Wholesome Auto Quest poi=Kill combat=True
[19:52:29.358] [D] [Pulse] Slow bot root: 186ms bot=Wholesome Auto Quest poi=Kill combat=True
[19:52:30.173] [N] [Singular] Casting Holy Light on Myself
[19:52:30.173] [D] Spell_C::CastSpell(1026, 0, 0x6000000007EAB80, 0)
[19:52:30.207] [D] [Pulse] Slow bot root: 197ms bot=Wholesome Auto Quest poi=Kill combat=True
[19:52:32.980] [D] [Pulse] Slow plugin: name=Tidy Bags 3 Reloaded elapsed=57ms
[19:52:34.489] [N] [Singular] Casting Judgement of Light on Galak Wrangler
[19:52:34.489] [D] Spell_C::CastSpell(20271, 0, 0xF130000FFD00D54A, 0)
[19:52:34.523] [D] [Pulse] Slow bot root: 268ms bot=Wholesome Auto Quest poi=Kill combat=True
[19:52:35.429] [D] [Pulse] Slow bot root: 239ms bot=Wholesome Auto Quest poi=Kill combat=True
[19:52:36.330] [N] [Singular] Casting Exorcism on Galak Wrangler
[19:52:36.330] [D] Spell_C::CastSpell(879, 0, 0xF130000FFD00D54A, 0)
[19:52:36.364] [D] [Pulse] Slow bot root: 269ms bot=Wholesome Auto Quest poi=Kill combat=True
[19:52:37.200] [D] [Pulse] Slow bot root: 167ms bot=Wholesome Auto Quest poi=Kill combat=True
[19:52:38.034] [D] [Pulse] Slow bot root: 167ms bot=Wholesome Auto Quest poi=Kill combat=True
[19:52:38.870] [D] [Pulse] Slow bot root: 166ms bot=Wholesome Auto Quest poi=Kill combat=True
[19:52:39.974] [D] [Pulse] Slow bot root: 404ms bot=Wholesome Auto Quest poi=Kill combat=True
[19:52:40.940] [D] [Pulse] Slow bot root: 299ms bot=Wholesome Auto Quest poi=Kill combat=True
[19:52:41.912] [D] [Pulse] Slow bot root: 301ms bot=Wholesome Auto Quest poi=Kill combat=True
[19:52:42.715] [D] Cleared POI - Reason POI is dead from Combat
[19:52:42.715] [D] Cleared POI
[19:52:42.715] [D] [Pulse] Slow bot root: 132ms bot=Wholesome Auto Quest poi=None combat=True
[19:52:43.519] [N] [Singular] Currect target is invalid. Switching to Galak Messenger!
[19:52:43.555] [D] [Pulse] Slow bot root: 169ms bot=Wholesome Auto Quest poi=None combat=True
[19:52:43.654] [D] [Pulse] Slow plugin: name=Tidy Bags 3 Reloaded elapsed=55ms
[19:52:44.358] [D] [Singular-DEBUG] Switched targets!
[19:52:44.358] [D] [Singular-DEBUG] Melee Distance: 5
[19:52:44.358] [D] [Singular-DEBUG] Health: 87.29351969504447
[19:52:44.358] [D] [Singular-DEBUG] Level: 26
[19:52:45.125] [D] [Pulse] Slow bot root: 200ms bot=Wholesome Auto Quest poi=None combat=True
[19:52:46.024] [N] [Singular] Casting Divine Protection on Myself
[19:52:46.024] [D] Spell_C::CastSpell(498, 0, 0x6000000007EAB80, 0)
[19:52:46.058] [D] [Pulse] Slow bot root: 267ms bot=Wholesome Auto Quest poi=None combat=True
[19:52:46.961] [N] [Singular] Casting Judgement of Light on Galak Messenger
[19:52:46.961] [D] Spell_C::CastSpell(20271, 0, 0xF13000297900F67B, 0)
[19:52:46.995] [D] [Pulse] Slow bot root: 268ms bot=Wholesome Auto Quest poi=None combat=True
[19:52:47.873] [D] [Pulse] Slow bot root: 208ms bot=Wholesome Auto Quest poi=None combat=True
[19:52:48.725] [D] [Pulse] Slow bot root: 189ms bot=Wholesome Auto Quest poi=None combat=True
[19:52:49.562] [D] [Pulse] Slow bot root: 189ms bot=Wholesome Auto Quest poi=None combat=True
[19:52:50.430] [D] [Pulse] Slow bot root: 190ms bot=Wholesome Auto Quest poi=None combat=True
[19:52:51.257] [D] [Pulse] Slow bot root: 187ms bot=Wholesome Auto Quest poi=None combat=True
[19:52:52.090] [D] [Pulse] Slow bot root: 188ms bot=Wholesome Auto Quest poi=None combat=True
[19:52:52.938] [D] [Pulse] Slow bot root: 199ms bot=Wholesome Auto Quest poi=None combat=True
[19:52:53.774] [D] [Pulse] Slow bot root: 188ms bot=Wholesome Auto Quest poi=None combat=True
[19:52:53.850] [D] [Pulse] Slow plugin: name=Tidy Bags 3 Reloaded elapsed=56ms
[19:52:54.687] [N] [Singular] Casting Exorcism on Galak Messenger
[19:52:54.688] [D] Spell_C::CastSpell(879, 0, 0xF13000297900F67B, 0)
[19:52:54.722] [D] [Pulse] Slow bot root: 268ms bot=Wholesome Auto Quest poi=None combat=True
[19:52:55.589] [D] [Pulse] Slow bot root: 167ms bot=Wholesome Auto Quest poi=None combat=True
[19:52:56.427] [D] [Pulse] Slow bot root: 168ms bot=Wholesome Auto Quest poi=None combat=True
[19:52:57.263] [N] [Singular] Casting Holy Light on Myself
[19:52:57.263] [D] Spell_C::CastSpell(1026, 0, 0x6000000007EAB80, 0)
[19:52:57.299] [D] [Pulse] Slow bot root: 201ms bot=Wholesome Auto Quest poi=None combat=True
[19:53:02.239] [N] [Singular] Casting Judgement of Light on Galak Messenger
[19:53:02.240] [D] Spell_C::CastSpell(20271, 0, 0xF13000297900F67B, 0)
[19:53:02.273] [D] [Pulse] Slow bot root: 267ms bot=Wholesome Auto Quest poi=None combat=True
[19:53:03.184] [D] [Pulse] Slow bot root: 242ms bot=Wholesome Auto Quest poi=None combat=True
[19:53:04.038] [D] [Pulse] Slow bot root: 191ms bot=Wholesome Auto Quest poi=None combat=True
[19:53:04.115] [D] [Pulse] Slow plugin: name=Tidy Bags 3 Reloaded elapsed=53ms
[19:53:04.875] [D] [Pulse] Slow bot root: 191ms bot=Wholesome Auto Quest poi=None combat=True
[19:53:05.712] [D] [Pulse] Slow bot root: 190ms bot=Wholesome Auto Quest poi=None combat=True
[19:53:06.584] [D] [Pulse] Slow bot root: 192ms bot=Wholesome Auto Quest poi=None combat=True
[19:53:07.417] [D] [Pulse] Slow bot root: 188ms bot=Wholesome Auto Quest poi=None combat=True
[19:53:08.253] [D] [Pulse] Slow bot root: 188ms bot=Wholesome Auto Quest poi=None combat=True
[19:53:09.092] [D] [Pulse] Slow bot root: 190ms bot=Wholesome Auto Quest poi=None combat=True
[19:53:09.927] [D] [Pulse] Slow bot root: 188ms bot=Wholesome Auto Quest poi=None combat=True
[19:53:10.805] [N] [Singular] Casting Judgement of Light on Galak Messenger
[19:53:10.806] [D] Spell_C::CastSpell(20271, 0, 0xF13000297900F67B, 0)
[19:53:10.838] [D] [Pulse] Slow bot root: 267ms bot=Wholesome Auto Quest poi=None combat=True
[19:53:11.740] [N] Drinking Melon Juice
[19:53:11.773] [D] [Pulse] Slow bot root: 233ms bot=Wholesome Auto Quest poi=None combat=False
[19:53:13.275] [D] [Pulse] Slow bot root: 165ms bot=Wholesome Auto Quest poi=None combat=False
[19:53:14.124] [D] [Pulse] Slow bot root: 168ms bot=Wholesome Auto Quest poi=None combat=False
[19:53:14.224] [D] [Pulse] Slow plugin: name=Tidy Bags 3 Reloaded elapsed=52ms
[19:53:14.962] [D] [Pulse] Slow bot root: 171ms bot=Wholesome Auto Quest poi=None combat=False
[19:53:15.797] [D] [Pulse] Slow bot root: 167ms bot=Wholesome Auto Quest poi=None combat=False
[19:53:16.630] [D] [Pulse] Slow bot root: 166ms bot=Wholesome Auto Quest poi=None combat=False
[19:53:17.500] [D] [Pulse] Slow bot root: 167ms bot=Wholesome Auto Quest poi=None combat=False
[19:53:17.700] [D] [Pulse] Slow plugin: name=AutoEquip2 elapsed=155ms
[19:53:17.767] [D] [Pulse] Slow shared pulse: total=267ms movement=0 objects=0 lua=0 info=0 loot=2 targeting=41 events=0 plugins=222 routine=0
[19:53:18.504] [D] [Pulse] Slow bot root: 168ms bot=Wholesome Auto Quest poi=None combat=False
[19:53:19.342] [D] [Pulse] Slow bot root: 169ms bot=Wholesome Auto Quest poi=None combat=False
[19:53:20.181] [D] [Pulse] Slow bot root: 170ms bot=Wholesome Auto Quest poi=None combat=False
[19:53:20.749] [D] [QuestLog] Loaded 76 completed quests from Lua fallback
[19:53:21.516] [D] [Pulse] Slow bot root: 198ms bot=Wholesome Auto Quest poi=None combat=False
[19:53:22.360] [D] [Pulse] Slow bot root: 164ms bot=Wholesome Auto Quest poi=None combat=False
[19:53:23.227] [D] [Pulse] Slow bot root: 168ms bot=Wholesome Auto Quest poi=None combat=False
[19:53:24.062] [D] [Pulse] Slow bot root: 167ms bot=Wholesome Auto Quest poi=None combat=False
[19:53:24.940] [D] [Pulse] Slow bot root: 170ms bot=Wholesome Auto Quest poi=None combat=False
[19:53:25.041] [D] [Pulse] Slow plugin: name=Tidy Bags 3 Reloaded elapsed=57ms
[19:53:25.776] [D] [Pulse] Slow bot root: 166ms bot=Wholesome Auto Quest poi=None combat=False
[19:53:26.617] [D] [Pulse] Slow bot root: 168ms bot=Wholesome Auto Quest poi=None combat=False
[19:53:27.453] [D] [Pulse] Slow bot root: 170ms bot=Wholesome Auto Quest poi=None combat=False
[19:53:28.322] [D] [Pulse] Slow bot root: 166ms bot=Wholesome Auto Quest poi=None combat=False
[19:53:28.523] [D] [Pulse] Slow plugin: name=AutoEquip2 elapsed=157ms
[19:53:28.589] [D] [Pulse] Slow shared pulse: total=266ms movement=0 objects=0 lua=0 info=0 loot=2 targeting=40 events=0 plugins=223 routine=0
[19:53:29.326] [D] Changed POI to: Type: Loot, Name: Galak Messenger, Guid: F13000297900F67B, Entry: 10617, Location: (-4929.74, -2163.50, -56.63)
[19:53:29.326] [D] [Pulse] Slow bot root: 166ms bot=Wholesome Auto Quest poi=Loot combat=False
[19:53:30.159] [D] [Interact] Interacting with object at 0x340A72E8
[19:53:30.192] [D] [Interact] Done interacting with object at 0x340A72E8
[19:53:30.225] [D] [Pulse] Slow bot root: 231ms bot=Wholesome Auto Quest poi=Loot combat=False
[19:53:31.000] [D] [Singular-DEBUG] Switched targets!
[19:53:31.000] [D] [Singular-DEBUG] Melee Distance: 5
[19:53:31.000] [D] [Singular-DEBUG] Health: 0
[19:53:31.000] [D] [Singular-DEBUG] Level: 26
[19:53:31.566] [N] Looting Galak Messenger Guid 0xF13000297900F67B
[19:53:31.667] [D] Cleared POI - Reason Waiting for loot flag
[19:53:31.667] [D] Cleared POI
[19:53:31.701] [D] [Pulse] Slow bot root: 135ms bot=Wholesome Auto Quest poi=None combat=False
[19:53:32.942] [D] Changed POI to: Type: Loot, Name: Galak Wrangler, Guid: F130000FFD00D54A, Entry: 4093, Location: (-4931.93, -2172.88, -56.51)
[19:53:32.942] [D] [Pulse] Slow bot root: 168ms bot=Wholesome Auto Quest poi=Loot combat=False
[19:53:33.810] [D] [Interact] Interacting with object at 0x340D76C8
[19:53:33.843] [D] [Interact] Done interacting with object at 0x340D76C8
[19:53:33.876] [D] [Pulse] Slow bot root: 233ms bot=Wholesome Auto Quest poi=Loot combat=False
[19:53:35.581] [D] [Pulse] Slow plugin: name=Tidy Bags 3 Reloaded elapsed=56ms
[19:53:36.154] [N] Looting Galak Wrangler Guid 0xF130000FFD00D54A
[19:53:36.256] [D] Cleared POI - Reason Waiting for loot flag
[19:53:36.256] [D] Cleared POI
[19:53:36.289] [D] [Pulse] Slow bot root: 134ms bot=Wholesome Auto Quest poi=None combat=False
[19:53:37.157] [D] Changed POI to: Type: QuestTurnIn, Name: Cliffwatcher Longhorn, Guid: 0, Entry: 10537, Location: (-5454.95, -2442.79, 90.30)
[19:53:37.157] [D] [Pulse] Slow bot root: 198ms bot=Wholesome Auto Quest poi=QuestTurnIn combat=False
[19:53:38.295] [N] Mounting: 34769
[19:53:41.487] [N] Loading 1_41_34
[19:53:41.488] [N] Loading 1_42_34
[19:53:41.488] [N] Loading 1_40_34
[19:53:41.488] [N] Loading 1_42_38
[19:53:41.488] [N] Loading 1_41_38
[19:53:41.488] [N] Loading 1_43_38
[19:53:41.488] [N] Loading 1_41_33
[19:53:41.488] [N] Loading 1_40_33
[19:53:41.488] [N] Loading 1_39_34
[19:53:41.488] [N] Loading 1_39_33
[19:53:41.488] [N] Loading 1_42_39
[19:53:41.488] [N] Loading 1_39_36
[19:53:41.488] [N] Loading 1_43_39
[19:53:41.488] [N] Loading 1_41_39
[19:53:41.488] [N] Loading 1_39_35
[19:53:41.488] [N] Loading 1_44_38
[19:53:41.488] [N] Loading 1_40_32
[19:53:41.488] [N] Loading 1_39_32
[19:53:41.488] [N] Loading 1_44_37
[19:53:41.488] [N] Loading 1_44_39
[19:53:41.488] [N] Loading 1_42_40
[19:53:41.488] [N] Loading 1_43_40
[19:53:41.488] [N] Loading 1_38_35
[19:53:41.488] [N] Loading 1_41_32
[19:53:41.488] [N] Loading 1_38_36
[19:53:41.488] [N] Loading 1_44_40
[19:53:41.488] [N] Loading 1_40_31
[19:53:41.488] [N] Loading 1_38_34
[19:53:41.488] [N] Loading 1_39_31
[19:53:41.488] [N] Loading 1_45_38
[19:53:41.488] [N] Loading 1_45_39
[19:53:41.488] [N] Loading 1_39_37
[19:53:41.488] [N] Loading 1_38_37
[19:53:41.488] [N] Loading 1_41_31
[19:53:41.488] [N] Loading 1_37_35
[19:53:41.488] [N] Loading 1_37_36
[19:53:41.488] [N] Loading 1_45_37
[19:53:41.488] [N] Loading 1_39_30
[19:53:41.488] [N] Loading 1_40_30
[19:53:41.488] [N] Loading 1_39_38
[19:53:41.488] [N] Loading 1_38_31
[19:53:41.488] [N] Loading 1_46_38
[19:53:41.488] [N] Loading 1_38_38
[19:53:41.488] [N] Loading 1_46_39
[19:53:41.488] [N] Loading 1_41_30
[19:53:41.488] [N] Loading 1_37_34
[19:53:41.488] [N] Loading 1_40_38
[19:53:41.488] [N] Loading 1_37_37
[19:53:41.488] [N] Loading 1_45_40
[19:53:41.488] [N] Loading 1_42_31
[19:53:41.488] [N] Loading 1_44_36
[19:53:41.488] [N] Loading 1_38_32
[19:53:41.488] [N] Loading 1_45_36
[19:53:41.488] [N] Loading 1_46_37
[19:53:41.488] [N] Loading 1_42_32
[19:53:41.488] [N] Loading 1_36_35
[19:53:41.488] [N] Loading 1_36_36
[19:53:41.488] [N] Loading 1_37_38
[19:53:41.488] [N] Loading 1_42_30
[19:53:41.488] [N] Loading 1_46_40
[19:53:41.488] [N] Loading 1_46_36
[19:53:41.488] [N] Loading 1_39_39
[19:53:41.488] [N] Loading 1_40_39
[19:53:41.488] [N] Loading 1_38_39
[19:53:41.488] [N] Loading 1_47_38
[19:53:41.488] [N] Loading 1_47_39
[19:53:41.488] [N] Loading 1_36_37
[19:53:41.488] [N] Loading 1_45_41
[19:53:41.488] [N] Loading 1_44_41
[19:53:41.488] [N] Loading 1_40_29
[19:53:41.488] [N] Loading 1_36_34
[19:53:41.488] [N] Loading 1_47_37
[19:53:41.488] [N] Loading 1_41_29
[19:53:41.488] [N] Loading 1_36_38
[19:53:41.488] [N] Loading 1_35_36
[19:53:41.488] [N] Loading 1_35_35
[19:53:41.488] [N] Loading 1_46_41
[19:53:41.488] [N] Loading 1_47_40
[19:53:41.488] [N] Loading 1_37_39
[19:53:41.488] [N] Loading 1_47_36
[19:53:41.488] [N] Loading 1_35_34
[19:53:41.488] [N] Loading 1_43_41
[19:53:41.488] [N] Loading 1_35_37
[19:53:41.488] [N] Loading 1_39_40
[19:53:41.488] [N] Loading 1_40_40
[19:53:41.488] [N] Loading 1_48_38
[19:53:41.488] [N] Loading 1_48_39
[19:53:41.488] [N] Loading 1_36_39
[19:53:41.488] [N] Loading 1_36_33
[19:53:41.488] [N] Loading 1_48_37
[19:53:41.488] [N] Loading 1_38_40
[19:53:41.488] [N] Loading 1_42_29
[19:53:41.488] [N] Loading 1_46_35
[19:53:41.488] [N] Loading 1_37_33
[19:53:41.488] [N] Loading 1_41_28
[19:53:41.488] [N] Loading 1_47_35
[19:53:41.488] [N] Loading 1_40_28
[19:53:41.488] [N] Loading 1_39_29
[19:53:41.488] [N] Loading 1_37_40
[19:53:41.488] [N] Loading 1_48_40
[19:53:41.488] [N] Loading 1_34_36
[19:53:41.488] [N] Loading 1_47_41
[19:53:41.488] [N] Loading 1_45_42
[19:53:41.488] [N] Loading 1_44_42
[19:53:41.488] [N] Loading 1_35_38
[19:53:41.488] [N] Loading 1_34_35
[19:53:41.488] [N] Loading 1_35_33
[19:53:41.488] [N] Loading 1_48_36
[19:53:41.488] [N] Loading 1_34_37
[19:53:41.488] [N] Loading 1_42_28
[19:53:41.488] [N] Loading 1_46_42
[19:53:41.488] [N] Loading 1_34_34
[19:53:41.488] [N] Loading 1_43_42
[19:53:41.488] [N] Loading 1_36_40
[19:53:41.488] [N] Loading 1_36_32
[19:53:41.488] [N] Loading 1_37_32
[19:53:41.488] [N] Loading 1_49_38
[19:53:41.488] [N] Loading 1_49_39
[19:53:41.488] [N] Loading 1_42_41
[19:53:41.488] [N] Loading 1_43_30
[19:53:41.488] [N] Loading 1_48_35
[19:53:41.488] [N] Loading 1_43_29
[19:53:41.488] [N] Loading 1_48_41
[19:53:41.488] [N] Loading 1_47_42
[19:53:41.488] [N] Loading 1_35_39
[19:53:41.488] [N] Loading 1_49_37
[19:53:41.488] [N] Loading 1_39_41
[19:53:41.488] [N] Loading 1_35_32
[19:53:41.488] [N] Loading 1_38_30
[19:53:41.488] [N] Loading 1_34_38
[19:53:41.488] [N] Loading 1_38_29
[19:53:41.488] [N] Loading 1_38_41
[19:53:41.488] [N] Loading 1_43_28
[19:53:41.488] [N] Loading 1_40_27
[19:53:41.488] [N] Loading 1_49_40
[19:53:41.488] [N] Loading 1_41_27
[19:53:41.488] [N] Loading 1_49_36
[19:53:41.488] [N] Loading 1_33_36
[19:53:41.488] [N] Loading 1_34_33
[19:53:41.488] [N] Loading 1_33_35
[19:53:41.488] [N] Loading 1_40_41
[19:53:41.488] [N] Loading 1_35_40
[19:53:41.488] [N] Loading 1_33_37
[19:53:41.488] [N] Loading 1_36_31
[19:53:41.488] [N] Loading 1_37_31
[19:53:41.488] [N] Loading 1_37_41
[19:53:41.488] [N] Loading 1_45_35
[19:53:41.488] [N] Loading 1_42_42
[19:53:41.488] [N] Loading 1_39_28
[19:53:41.488] [N] Loading 1_33_34
[19:53:41.488] [N] Loading 1_34_32
[19:53:41.488] [N] Loading 1_49_35
[19:53:41.488] [N] Loading 1_39_27
[19:53:41.488] [N] Loading 1_50_38
[19:53:41.488] [N] Loading 1_50_39
[19:53:41.488] [N] Loading 1_45_43
[19:53:41.488] [N] Loading 1_44_43
[19:53:41.488] [N] Loading 1_33_38
[19:53:41.488] [N] Loading 1_35_31
[19:53:41.488] [N] Loading 1_49_41
[19:53:41.488] [N] Loading 1_46_34
[19:53:41.488] [N] Loading 1_34_39
[19:53:41.488] [N] Loading 1_44_35
[19:53:41.488] [N] Loading 1_48_42
[19:53:41.488] [N] Loading 1_42_27
[19:53:41.488] [N] Loading 1_50_37
[19:53:41.488] [N] Loading 1_45_34
[19:53:41.488] [N] Loading 1_36_41
[19:53:41.488] [N] Loading 1_41_41
[19:53:41.488] [N] Loading 1_47_43
[19:53:41.488] [N] Loading 1_47_34
[19:53:41.488] [N] Loading 1_46_43
[19:53:41.488] [N] Loading 1_44_34
[19:53:41.488] [N] Loading 1_50_36
[19:53:41.488] [N] Loading 1_32_36
[19:53:41.488] [N] Loading 1_38_28
[19:53:41.488] [N] Loading 1_41_40
[19:53:41.488] [N] Loading 1_32_37
[19:53:41.488] [N] Loading 1_33_33
[19:53:41.488] [N] Loading 1_40_26
[19:53:41.488] [N] Loading 1_32_35
[19:53:41.488] [N] Loading 1_41_26
[19:53:41.488] [N] Loading 1_38_27
[19:53:41.488] [N] Loading 1_34_31
[19:53:41.488] [N] Loading 1_38_33
[19:53:41.488] [N] Loading 1_43_34
[19:53:41.488] [N] Loading 1_39_42
[19:53:41.488] [N] Loading 1_33_39
[19:53:41.488] [N] Loading 1_39_26
[19:53:41.488] [N] Loading 1_32_34
[19:53:41.488] [N] Loading 1_36_30
[19:53:41.488] [N] Loading 1_33_32
[19:53:41.488] [N] Loading 1_38_42
[19:53:41.488] [N] Loading 1_46_33
[19:53:41.488] [N] Loading 1_35_41
[19:53:41.488] [N] Loading 1_45_33
[19:53:41.488] [N] Loading 1_41_42
[19:53:41.488] [N] Loading 1_32_38
[19:53:41.488] [N] Loading 1_34_40
[19:53:41.488] [N] Loading 1_47_33
[19:53:41.488] [N] Loading 1_44_33
[19:53:41.488] [N] Loading 1_48_43
[19:53:41.488] [N] Loading 1_43_27
[19:53:41.488] [N] Loading 1_35_30
[19:53:41.488] [N] Loading 1_40_42
[19:53:41.488] [N] Loading 1_49_42
[19:53:41.488] [N] Loading 1_42_26
[19:53:41.488] [N] Loading 1_37_28
[19:53:41.488] [N] Loading 1_37_42
[19:53:41.488] [N] Loading 1_43_33
[19:53:41.488] [N] Loading 1_33_31
[19:53:41.488] [N] Loading 1_37_27
[19:53:41.488] [N] Loading 1_32_39
[19:53:41.488] [N] Loading 1_50_40
[19:53:41.488] [N] Loading 1_31_37
[19:53:41.488] [N] Loading 1_38_26
[19:53:41.488] [N] Loading 1_31_36
[19:53:41.488] [N] Loading 1_32_33
[19:53:41.488] [N] Loading 1_31_35
[19:53:41.488] [N] Loading 1_50_41
[19:53:41.488] [N] Loading 1_37_29
[19:53:41.488] [N] Loading 1_45_32
[19:53:41.488] [N] Loading 1_46_32
[19:53:41.488] [N] Loading 1_31_34
[19:53:41.488] [N] Loading 1_43_26
[19:53:41.488] [N] Loading 1_32_32
[19:53:41.488] [N] Loading 1_44_32
[19:53:41.488] [N] Loading 1_34_30
[19:53:41.488] [N] Loading 1_34_41
[19:53:41.488] [N] Loading 1_33_40
[19:53:41.488] [N] Loading 1_47_32
[19:53:41.488] [N] Loading 1_36_42
[19:53:41.488] [N] Loading 1_39_25
[19:53:41.488] [N] Loading 1_31_38
[19:53:41.488] [N] Loading 1_37_26
[19:53:41.488] [N] Loading 1_31_33
[19:53:41.488] [N] Loading 1_33_30
[19:53:41.488] [N] Loading 1_36_28
[19:53:41.488] [N] Loading 1_43_32
[19:53:41.488] [N] Loading 1_40_25
[19:53:41.488] [N] Loading 1_36_27
[19:53:41.488] [N] Loading 1_32_31
[19:53:41.488] [N] Loading 1_41_25
[19:53:41.488] [N] Loading 1_35_42
[19:53:41.488] [N] Loading 1_39_43
[19:53:41.488] [N] Loading 1_38_25
[19:53:41.488] [N] Loading 1_50_42
[19:53:41.488] [N] Loading 1_49_43
[19:53:41.488] [N] Loading 1_36_29
[19:53:41.488] [N] Loading 1_38_43
[19:53:41.488] [N] Loading 1_30_36
[19:53:41.488] [N] Loading 1_30_37
[19:53:41.488] [N] Loading 1_44_27
[19:53:41.488] [N] Loading 1_51_40
[19:53:41.488] [N] Loading 1_51_39
[19:53:41.488] [N] Loading 1_40_43
[19:53:41.488] [N] Loading 1_31_39
[19:53:41.488] [N] Loading 1_30_35
[19:53:41.488] [N] Loading 1_42_25
[19:53:41.488] [N] Loading 1_30_34
[19:53:41.488] [N] Loading 1_30_38
[19:53:41.488] [N] Loading 1_31_32
[19:53:41.488] [N] Loading 1_36_26
[19:53:41.488] [N] Loading 1_37_43
[19:53:41.488] [N] Loading 1_44_26
[19:53:41.488] [N] Loading 1_33_41
[19:53:41.488] [N] Loading 1_43_25
[19:53:41.488] [N] Loading 1_51_38
[19:53:41.488] [N] Loading 1_32_40
[19:53:41.488] [N] Loading 1_34_42
[19:53:41.488] [N] Loading 1_31_40
[19:53:41.488] [N] Loading 1_51_41
[19:53:41.488] [N] Loading 1_35_27
[19:53:41.488] [N] Loading 1_40_24
[19:53:41.488] [N] Loading 1_37_25
[19:53:41.488] [N] Loading 1_41_24
[19:53:41.488] [N] Loading 1_30_39
[19:53:41.488] [N] Loading 1_36_43
[19:53:41.488] [N] Loading 1_30_33
[19:53:41.488] [N] Loading 1_29_37
[19:53:41.488] [N] Loading 1_29_36
[19:53:41.488] [N] Loading 1_35_28
[19:53:41.488] [N] Loading 1_44_31
[19:53:41.488] [N] Loading 1_39_24
[19:53:41.488] [N] Loading 1_31_31
[19:53:41.488] [N] Loading 1_29_35
[19:53:41.488] [N] Loading 1_38_24
[19:53:41.488] [N] Loading 1_35_26
[19:53:41.488] [N] Loading 1_42_24
[19:53:41.488] [N] Loading 1_44_25
[19:53:41.488] [N] Loading 1_45_27
[19:53:41.488] [N] Loading 1_35_29
[19:53:41.488] [N] Loading 1_35_43
[19:53:41.488] [N] Loading 1_52_39
[19:53:41.488] [N] Loading 1_32_41
[19:53:41.488] [N] Loading 1_29_38
[19:53:41.488] [N] Loading 1_29_34
[19:53:41.488] [N] Loading 1_39_44
[19:53:41.488] [N] Loading 1_51_42
[19:53:41.488] [N] Loading 1_30_40
[19:53:41.488] [N] Loading 1_33_42
[19:53:41.488] [N] Loading 1_38_44
[19:53:41.488] [N] Loading 1_34_27
[19:53:41.488] [N] Loading 1_52_40
[19:53:41.488] [N] Loading 1_51_37
[19:53:41.488] [N] Loading 1_52_38
[19:53:41.488] [N] Loading 1_31_41
[19:53:41.488] [N] Loading 1_45_26
[19:53:41.488] [N] Loading 1_34_28
[19:53:41.488] [N] Loading 1_36_25
[19:53:41.488] [N] Loading 1_45_31
[19:53:41.488] [N] Loading 1_40_44
[19:53:41.488] [N] Loading 1_29_39
[19:53:41.488] [N] Loading 1_34_29
[19:53:41.488] [N] Loading 1_34_26
[19:53:41.488] [N] Loading 1_37_44
[19:53:41.488] [N] Loading 1_28_36
[19:53:41.488] [N] Loading 1_43_31
[19:53:41.488] [N] Loading 1_45_25
[19:53:41.488] [N] Loading 1_34_43
[19:53:41.488] [N] Loading 1_30_41
[19:53:41.488] [N] Loading 1_28_35
[19:53:41.488] [N] Loading 1_37_24
[19:53:41.488] [N] Loading 1_32_42
[19:53:41.488] [N] Loading 1_32_30
[19:53:41.488] [N] Loading 1_31_30
[19:53:41.488] [N] Loading 1_40_23
[19:53:41.488] [N] Loading 1_28_37
[19:53:41.488] [N] Loading 1_44_30
[19:53:41.488] [N] Loading 1_35_25
[19:53:41.488] [N] Loading 1_30_31
[19:53:41.488] [N] Loading 1_41_23
[19:53:41.488] [N] Loading 1_52_41
[19:53:41.488] [N] Loading 1_33_27
[19:53:41.488] [N] Loading 1_29_40
[19:53:41.488] [N] Loading 1_28_38
[19:53:41.488] [N] Loading 1_33_28
[19:53:41.488] [N] Loading 1_33_43
[19:53:41.488] [N] Loading 1_36_44
[19:53:41.488] [N] Loading 1_45_30
[19:53:41.488] [N] Loading 1_43_24
[19:53:41.488] [N] Loading 1_33_29
[19:53:41.488] [N] Loading 1_31_42
[19:53:41.488] [N] Loading 1_52_37
[19:53:41.489] [N] Loading 1_39_23
[19:53:41.489] [N] Loading 1_42_23
[19:53:41.489] [N] Loading 1_30_30
[19:53:41.490] [N] Loading 1_44_24
[19:53:41.490] [N] Loading 1_34_25
[19:53:41.490] [N] Loading 1_51_36
[19:53:41.490] [N] Loading 1_28_34
[19:53:41.490] [N] Loading 1_33_26
[19:53:41.490] [N] Loading 1_35_44
[19:53:41.490] [N] Loading 1_38_23
[19:53:41.490] [N] Loading 1_28_39
[19:53:41.490] [N] Loading 1_46_31
[19:53:41.490] [N] Loading 1_36_24
[19:53:41.490] [N] Loading 1_27_36
[19:53:41.490] [N] Loading 1_27_35
[19:53:41.490] [N] Loading 1_45_24
[19:53:41.490] [N] Loading 1_53_39
[19:53:41.490] [N] Loading 1_52_42
[19:53:41.490] [N] Loading 1_29_41
[19:53:41.490] [N] Loading 1_46_26
[19:53:41.490] [N] Loading 1_30_42
[19:53:41.490] [N] Loading 1_46_27
[19:53:41.490] [N] Loading 1_32_27
[19:53:41.490] [N] Loading 1_32_28
[19:53:41.490] [N] Loading 1_46_30
[19:53:41.490] [N] Loading 1_27_37
[19:53:41.490] [N] Loading 1_53_40
[19:53:41.490] [N] Loading 1_30_32
[19:53:41.490] [N] Loading 1_44_29
[19:53:41.490] [N] Loading 1_32_43
[19:53:41.490] [N] Loading 1_53_38
[19:53:41.490] [N] Loading 1_46_25
[19:53:41.490] [N] Loading 1_29_31
[19:53:41.490] [N] Loading 1_43_23
[19:53:41.490] [N] Loading 1_28_40
[19:53:41.490] [N] Loading 1_32_29
[19:53:41.490] [N] Loading 1_45_29
[19:53:41.490] [N] Loading 1_34_44
[19:53:41.490] [N] Loading 1_29_32
[19:53:41.490] [N] Loading 1_29_30
[19:53:41.490] [N] Loading 1_27_34
[19:53:41.490] [N] Loading 1_32_26
[19:53:41.490] [N] Loading 1_37_23
[19:53:41.914] [D] [Pulse] Slow bot root: 4090ms bot=Wholesome Auto Quest poi=QuestTurnIn combat=False
[19:53:42.150] [D] [Pulse] Slow plugin: name=AutoEquip2 elapsed=159ms
[19:53:42.217] [D] [Pulse] Slow shared pulse: total=303ms movement=0 objects=0 lua=32 info=0 loot=2 targeting=40 events=0 plugins=226 routine=0
[19:53:42.993] [D] Activity: Setting Galak Windchaser at 17.7 yards as your target
[19:53:42.993] [D] Dismounting for combat.
[19:53:42.993] [D] Stop and dismount. Reason: Combat
[19:53:43.120] [D] [Pulse] Slow bot root: 333ms bot=Wholesome Auto Quest poi=QuestTurnIn combat=False
[19:53:43.787] [D] Changed POI to: Type: Kill, Name: Galak Windchaser, Guid: F130001000001423, Entry: 4096, Location: (-4941.56, -2188.08, -51.17)
[19:53:43.890] [D] [Singular-DEBUG] Switched targets!
[19:53:43.890] [D] [Singular-DEBUG] Melee Distance: 5
[19:53:43.890] [D] [Singular-DEBUG] Health: 100
[19:53:43.890] [D] [Singular-DEBUG] Level: 25
[19:53:44.659] [D] [Pulse] Slow bot root: 198ms bot=Wholesome Auto Quest poi=Kill combat=True
[19:53:44.758] [N] [Wholesome Auto Quest] Quest recovery retry is due; queuing one scheduler rebuild.
[19:53:45.657] [N] [Singular] Casting Exorcism on Galak Windchaser
[19:53:45.657] [D] Spell_C::CastSpell(879, 0, 0xF130001000001423, 0)
[19:53:45.690] [D] [Pulse] Slow bot root: 366ms bot=Wholesome Auto Quest poi=Kill combat=True
[19:53:45.791] [D] [Pulse] Slow plugin: name=Tidy Bags 3 Reloaded elapsed=56ms
[19:53:46.528] [D] [Pulse] Slow bot root: 168ms bot=Wholesome Auto Quest poi=Kill combat=True
[19:53:47.362] [D] [Pulse] Slow bot root: 168ms bot=Wholesome Auto Quest poi=Kill combat=True
[19:53:48.299] [N] [Singular] Casting Judgement of Light on Galak Windchaser
[19:53:48.299] [D] Spell_C::CastSpell(20271, 0, 0xF130001000001423, 0)
[19:53:48.333] [D] [Pulse] Slow bot root: 267ms bot=Wholesome Auto Quest poi=Kill combat=True
[19:53:49.237] [D] [Pulse] Slow bot root: 238ms bot=Wholesome Auto Quest poi=Kill combat=True
[19:53:50.089] [D] [Pulse] Slow bot root: 187ms bot=Wholesome Auto Quest poi=Kill combat=True
[19:53:50.923] [D] [Pulse] Slow bot root: 187ms bot=Wholesome Auto Quest poi=Kill combat=True
[19:53:51.761] [D] [Pulse] Slow bot root: 188ms bot=Wholesome Auto Quest poi=Kill combat=True
[19:53:52.596] [D] [Pulse] Slow bot root: 190ms bot=Wholesome Auto Quest poi=Kill combat=True
[19:53:53.465] [D] [Pulse] Slow bot root: 189ms bot=Wholesome Auto Quest poi=Kill combat=True
[19:53:54.336] [D] [Pulse] Slow bot root: 224ms bot=Wholesome Auto Quest poi=Kill combat=True
[19:53:55.239] [D] [Pulse] Slow bot root: 220ms bot=Wholesome Auto Quest poi=Kill combat=True
[19:53:56.111] [D] [Pulse] Slow bot root: 224ms bot=Wholesome Auto Quest poi=Kill combat=True
[19:53:56.190] [D] [Pulse] Slow plugin: name=Tidy Bags 3 Reloaded elapsed=56ms
[19:53:57.023] [N] [Singular] Casting Judgement of Light on Galak Windchaser
[19:53:57.023] [D] Spell_C::CastSpell(20271, 0, 0xF130001000001423, 0)
[19:53:57.056] [D] [Pulse] Slow bot root: 300ms bot=Wholesome Auto Quest poi=Kill combat=True
[19:53:57.992] [N] [Singular] Casting Judgement of Light on Galak Windchaser
[19:53:57.992] [D] Spell_C::CastSpell(20271, 0, 0xF130001000001423, 0)
[19:53:58.025] [D] [Pulse] Slow bot root: 300ms bot=Wholesome Auto Quest poi=Kill combat=True
[19:53:58.963] [N] [Singular] Casting Judgement of Light on Galak Windchaser
[19:53:58.963] [D] Spell_C::CastSpell(20271, 0, 0xF130001000001423, 0)
[19:53:58.997] [D] [Pulse] Slow bot root: 267ms bot=Wholesome Auto Quest poi=Kill combat=True
[19:53:59.900] [N] [Singular] Casting Judgement of Light on Galak Windchaser
[19:53:59.900] [D] Spell_C::CastSpell(20271, 0, 0xF130001000001423, 0)
[19:53:59.934] [D] [Pulse] Slow bot root: 267ms bot=Wholesome Auto Quest poi=Kill combat=True
[19:54:00.836] [N] [Singular] Casting Judgement of Light on Galak Windchaser
[19:54:00.836] [D] Spell_C::CastSpell(20271, 0, 0xF130001000001423, 0)
[19:54:00.869] [D] [Pulse] Slow bot root: 265ms bot=Wholesome Auto Quest poi=Kill combat=True
[19:54:01.772] [N] [Singular] Casting Judgement of Light on Galak Windchaser
[19:54:01.772] [D] Spell_C::CastSpell(20271, 0, 0xF130001000001423, 0)
[19:54:01.806] [D] [Pulse] Slow bot root: 267ms bot=Wholesome Auto Quest poi=Kill combat=True
[19:54:02.712] [N] [Singular] Casting Judgement of Light on Galak Windchaser
[19:54:02.712] [D] Spell_C::CastSpell(20271, 0, 0xF130001000001423, 0)
[19:54:02.744] [D] [Pulse] Slow bot root: 264ms bot=Wholesome Auto Quest poi=Kill combat=True
[19:54:03.651] [D] [Pulse] Slow bot root: 237ms bot=Wholesome Auto Quest poi=Kill combat=True
[19:54:04.577] [N] [Singular] Casting Exorcism on Galak Windchaser
[19:54:04.577] [D] Spell_C::CastSpell(879, 0, 0xF130001000001423, 0)
[19:54:04.611] [D] [Pulse] Slow bot root: 266ms bot=Wholesome Auto Quest poi=Kill combat=True
[19:54:05.450] [D] [Pulse] Slow bot root: 160ms bot=Wholesome Auto Quest poi=Kill combat=True
[19:54:06.287] [D] [Pulse] Slow bot root: 166ms bot=Wholesome Auto Quest poi=Kill combat=True
[19:54:06.387] [D] [Pulse] Slow plugin: name=Tidy Bags 3 Reloaded elapsed=53ms
[19:54:07.142] [D] [Pulse] Slow bot root: 189ms bot=Wholesome Auto Quest poi=Kill combat=True
[19:54:07.996] [D] [Pulse] Slow bot root: 207ms bot=Wholesome Auto Quest poi=Kill combat=True
[19:54:08.849] [D] [Pulse] Slow bot root: 191ms bot=Wholesome Auto Quest poi=Kill combat=True
[19:54:09.720] [D] [Pulse] Slow bot root: 189ms bot=Wholesome Auto Quest poi=Kill combat=True
[19:54:10.592] [D] [Pulse] Slow bot root: 222ms bot=Wholesome Auto Quest poi=Kill combat=True
[19:54:11.506] [N] [Singular] Casting Judgement of Light on Galak Windchaser
[19:54:11.506] [D] Spell_C::CastSpell(20271, 0, 0xF130001000001423, 0)
[19:54:11.540] [D] [Pulse] Slow bot root: 272ms bot=Wholesome Auto Quest poi=Kill combat=True
[19:54:12.544] [D] [Pulse] Slow bot root: 334ms bot=Wholesome Auto Quest poi=Kill combat=True
[19:54:13.350] [D] Cleared POI - Reason POI is dead from Combat
[19:54:13.350] [D] Cleared POI
[19:54:13.350] [D] [Pulse] Slow bot root: 133ms bot=Wholesome Auto Quest poi=None combat=True
[19:54:14.151] [D] Changed POI to: Type: Loot, Name: Galak Windchaser, Guid: F130001000001423, Entry: 4096, Location: (-4941.51, -2180.32, -55.92)
[19:54:14.151] [D] [Pulse] Slow bot root: 134ms bot=Wholesome Auto Quest poi=Loot combat=True
[19:54:15.019] [N] Moving to Type: Loot, Name: Galak Windchaser, Guid: F130001000001423, Entry: 4096, Location: (-4941.51, -2180.32, -55.92)
[19:54:15.284] [D] [Pulse] Slow bot root: 433ms bot=Wholesome Auto Quest poi=Loot combat=False
[19:54:16.030] [D] Activity: No eligible quest work; idle until 2026-09-08T11:57:53.5602004Z. excluded quest=104;stage=Pickup;npc=392;reason=outside-scan-radius;retry=context-change excluded quest=1058;stage=Pickup;npc=3995;reason=outside-scan-radius;retry=context-change excluded quest=1062;stage=TurnIn;npc=4049;reason=outside-scan-radius;retry=context-change excluded quest=1069;stage=Objective;objective=0;reason=outside-scan-radius;retry=context-change. excluded quest=1087;stage=Objective;objective=2;reason=outside-scan-radius;retry=context-change. excluded quest=1093;stage=Objective;scope=Objective;objective=0;retry=2026-09-08T15:11:36.9856630Z;state=Quarantined. excluded quest=11127;stage=Pickup;scope=QuestStage;retry=2026-09-08T16:11:43.3486525Z;state=Quarantined. excluded quest=1195;stage=Pickup;npc=4721;reason=outside-scan-radius;retry=context-change excluded quest=14106;stage=Pickup;scope=QuestStage;retry=2026-09-08T15:12:07.0067094Z;state=Quarantined. excluded quest=1483;stage=Pickup;npc=3442;reason=outside-scan-radius;retry=context-change excluded quest=152;stage=Pickup;npc=392;reason=outside-scan-radius;retry=context-change excluded quest=2098;stage=Pickup;npc=6667;reason=outside-scan-radius;retry=context-change excluded quest=216;stage=Pickup;npc=12757;reason=outside-scan-radius;retry=context-change excluded quest=235;stage=Pickup;npc=10880;reason=outside-scan-radius;retry=context-change excluded quest=4542;stage=TurnIn;scope=NpcRelation;npc=10537;retry=context-change;state=Attempting. excluded quest=470;stage=Pickup;npc=2111;reason=outside-scan-radius;retry=context-change excluded quest=472;stage=Pickup;npc=2097;reason=outside-scan-radius;retry=context-change excluded quest=4821;stage=Pickup;npc=10539;reason=outside-scan-radius;retry=context-change excluded quest=4921;stage=Objective;objective=0;reason=outside-scan-radius;retry=context-change. excluded quest=493;stage=Pickup;npc=1937;reason=outside-scan-radius;retry=context-change excluded quest=494;stage=Pickup;npc=2214;reason=outside-scan-radius;retry=context-change excluded quest=496;stage=Pickup;npc=2216;reason=outside-scan-radius;retry=context-change excluded quest=498;stage=Pickup;npc=2229;reason=outside-scan-radius;retry=context-change excluded quest=501;stage=Pickup;npc=2216;reason=outside-scan-radius;retry=context-change excluded quest=516;stage=Pickup;npc=2121;reason=outside-scan-radius;retry=context-change excluded quest=527;stage=Pickup;npc=2215;reason=outside-scan-radius;retry=context-change excluded quest=546;stage=Pickup;npc=2418;reason=outside-scan-radius;retry=context-change excluded quest=549;stage=Pickup;npc=1763;reason=outside-scan-radius;retry=context-change excluded quest=6282;stage=Pickup;npc=11860;reason=outside-scan-radius;retry=context-change excluded quest=6381;stage=Pickup;npc=11864;reason=outside-scan-radius;retry=context-change excluded quest=6382;stage=TurnIn;npc=12696;reason=outside-scan-radius;retry=context-change excluded quest=6383;stage=Pickup;npc=12696;reason=outside-scan-radius;retry=context-change excluded quest=6393;stage=Objective;scope=Objective;objective=0;retry=2026-09-08T15:11:36.9858139Z;state=Quarantined. excluded quest=6441;stage=Objective;objective=0;reason=no-known-hotspots;retry=context-change. excluded quest=6442;stage=Pickup;npc=12719;reason=outside-scan-radius;retry=context-change excluded quest=6461;stage=TurnIn;npc=12816;reason=outside-scan-radius;retry=context-change excluded quest=6462;stage=Pickup;npc=12721;reason=outside-scan-radius;retry=context-change excluded quest=6541;stage=Pickup;npc=3429;reason=outside-scan-radius;retry=context-change excluded quest=6543;stage=Objective;scope=Objective;objective=0;retry=2026-09-08T11:57:53.5602004Z;state=Quarantined. excluded quest=742;stage=Pickup;npc=10881;reason=outside-scan-radius;retry=context-change excluded quest=747;stage=Objective;scope=Objective;objective=0;retry=2026-09-08T13:06:01.2335671Z;state=Quarantined. excluded quest=747;stage=Objective;scope=Objective;objective=1;retry=2026-09-08T13:30:35.1661766Z;state=Quarantined. excluded quest=7790;stage=Pickup;scope=QuestStage;retry=2026-09-08T15:12:07.0066622Z;state=Quarantined. excluded quest=846;stage=Objective;scope=Objective;objective=0;retry=2026-09-08T16:15:09.5897303Z;state=Quarantined. excluded quest=846;stage=Objective;scope=Objective;objective=1;retry=2026-09-08T16:15:09.5898439Z;state=Quarantined. excluded quest=846;stage=Objective;scope=Objective;objective=2;retry=2026-09-08T16:15:09.5898981Z;state=Quarantined. excluded quest=8487;stage=TurnIn;npc=15402;reason=outside-scan-radius;retry=context-change excluded quest=867;stage=Objective;scope=Objective;objective=0;retry=2026-09-08T13:46:19.0888015Z;state=Quarantined. excluded quest=868;stage=TurnIn;npc=3428;reason=outside-scan-radius;retry=context-change excluded quest=879;stage=Objective;scope=Objective;objective=0;retry=2026-09-08T14:12:05.6037548Z;state=Quarantined. excluded quest=879;stage=Objective;scope=Objective;objective=1;retry=2026-09-08T14:12:05.6038234Z;state=Quarantined. excluded quest=879;stage=Objective;scope=Objective;objective=2;retry=2026-09-08T14:12:05.6038609Z;state=Quarantined. excluded quest=8889;stage=Objective;objective=0;reason=outside-scan-radius;retry=context-change. excluded quest=8889;stage=Objective;objective=1;reason=outside-scan-radius;retry=context-change. excluded quest=8889;stage=Objective;objective=2;reason=outside-scan-radius;retry=context-change. excluded quest=891;stage=Objective;objective=0;reason=outside-scan-radius;retry=context-change. excluded quest=891;stage=Objective;objective=2;reason=outside-scan-radius;retry=context-change. excluded quest=893;stage=Objective;scope=Objective;objective=0;retry=2026-09-08T12:48:05.9519603Z;state=Quarantined. excluded quest=893;stage=Objective;scope=Objective;objective=1;retry=2026-09-08T12:48:05.9520521Z;state=Quarantined. excluded quest=893;stage=Objective;scope=Objective;objective=2;retry=2026-09-08T12:48:05.9520844Z;state=Quarantined. excluded quest=896;stage=Objective;scope=Objective;objective=0;retry=2026-09-08T13:55:41.1186828Z;state=Quarantined. excluded quest=9067;stage=Objective;scope=Objective;objective=0;retry=2026-09-08T15:12:07.0059371Z;state=Quarantined. excluded quest=9151;stage=Pickup;npc=16199;reason=outside-scan-radius;retry=context-change excluded quest=9157;stage=TurnIn;npc=16201;reason=outside-scan-radius;retry=context-change excluded quest=9275;stage=Pickup;npc=16464;reason=outside-scan-radius;retry=context-change excluded quest=9388;stage=Pickup;scope=QuestStage;retry=2026-09-08T16:11:43.3533518Z;state=Quarantined. excluded quest=9389;stage=Pickup;scope=QuestStage;retry=2026-09-08T16:12:08.0336743Z;state=Quarantined. excluded quest=9425;stage=Pickup;npc=16287;reason=outside-scan-radius;retry=context-change excluded quest=9428;stage=Pickup;npc=17098;reason=outside-scan-radius;retry=context-change excluded quest=9749;stage=Pickup;scope=QuestStage;retry=2026-09-08T15:36:49.0072878Z;state=Quarantined. Expanding scan radius from 250 to 500 yards before fallback.
[19:54:16.653] [D] [Pulse] Slow plugin: name=Tidy Bags 3 Reloaded elapsed=54ms
[19:54:17.316] [D] Activity: No eligible quest work; idle until 2026-09-08T11:57:53.5602004Z. excluded quest=104;stage=Pickup;npc=392;reason=outside-scan-radius;retry=context-change excluded quest=1058;stage=Pickup;npc=3995;reason=outside-scan-radius;retry=context-change excluded quest=1062;stage=TurnIn;npc=4049;reason=outside-scan-radius;retry=context-change excluded quest=1069;stage=Objective;objective=0;reason=outside-scan-radius;retry=context-change. excluded quest=1087;stage=Objective;objective=2;reason=outside-scan-radius;retry=context-change. excluded quest=1093;stage=Objective;scope=Objective;objective=0;retry=2026-09-08T15:11:36.9856630Z;state=Quarantined. excluded quest=11127;stage=Pickup;scope=QuestStage;retry=2026-09-08T16:11:43.3486525Z;state=Quarantined. excluded quest=1195;stage=Pickup;npc=4721;reason=outside-scan-radius;retry=context-change excluded quest=14106;stage=Pickup;scope=QuestStage;retry=2026-09-08T15:12:07.0067094Z;state=Quarantined. excluded quest=1483;stage=Pickup;npc=3442;reason=outside-scan-radius;retry=context-change excluded quest=152;stage=Pickup;npc=392;reason=outside-scan-radius;retry=context-change excluded quest=2098;stage=Pickup;npc=6667;reason=outside-scan-radius;retry=context-change excluded quest=216;stage=Pickup;npc=12757;reason=outside-scan-radius;retry=context-change excluded quest=235;stage=Pickup;npc=10880;reason=outside-scan-radius;retry=context-change excluded quest=4542;stage=TurnIn;scope=NpcRelation;npc=10537;retry=context-change;state=Attempting. excluded quest=470;stage=Pickup;npc=2111;reason=outside-scan-radius;retry=context-change excluded quest=472;stage=Pickup;npc=2097;reason=outside-scan-radius;retry=context-change excluded quest=4821;stage=Pickup;npc=10539;reason=outside-scan-radius;retry=context-change excluded quest=4921;stage=Objective;objective=0;reason=outside-scan-radius;retry=context-change. excluded quest=493;stage=Pickup;npc=1937;reason=outside-scan-radius;retry=context-change excluded quest=494;stage=Pickup;npc=2214;reason=outside-scan-radius;retry=context-change excluded quest=496;stage=Pickup;npc=2216;reason=outside-scan-radius;retry=context-change excluded quest=498;stage=Pickup;npc=2229;reason=outside-scan-radius;retry=context-change excluded quest=501;stage=Pickup;npc=2216;reason=outside-scan-radius;retry=context-change excluded quest=516;stage=Pickup;npc=2121;reason=outside-scan-radius;retry=context-change excluded quest=527;stage=Pickup;npc=2215;reason=outside-scan-radius;retry=context-change excluded quest=546;stage=Pickup;npc=2418;reason=outside-scan-radius;retry=context-change excluded quest=549;stage=Pickup;npc=1763;reason=outside-scan-radius;retry=context-change excluded quest=6282;stage=Pickup;npc=11860;reason=outside-scan-radius;retry=context-change excluded quest=6381;stage=Pickup;npc=11864;reason=outside-scan-radius;retry=context-change excluded quest=6382;stage=TurnIn;npc=12696;reason=outside-scan-radius;retry=context-change excluded quest=6383;stage=Pickup;npc=12696;reason=outside-scan-radius;retry=context-change excluded quest=6393;stage=Objective;scope=Objective;objective=0;retry=2026-09-08T15:11:36.9858139Z;state=Quarantined. excluded quest=6441;stage=Objective;scope=Objective;objective=0;retry=2026-09-08T17:54:16.0237190Z;state=Quarantined. excluded quest=6442;stage=Pickup;npc=12719;reason=outside-scan-radius;retry=context-change excluded quest=6461;stage=TurnIn;npc=12816;reason=outside-scan-radius;retry=context-change excluded quest=6462;stage=Pickup;npc=12721;reason=outside-scan-radius;retry=context-change excluded quest=6541;stage=Pickup;npc=3429;reason=outside-scan-radius;retry=context-change excluded quest=6543;stage=Objective;scope=Objective;objective=0;retry=2026-09-08T11:57:53.5602004Z;state=Quarantined. excluded quest=742;stage=Pickup;npc=10881;reason=outside-scan-radius;retry=context-change excluded quest=747;stage=Objective;scope=Objective;objective=0;retry=2026-09-08T13:06:01.2335671Z;state=Quarantined. excluded quest=747;stage=Objective;scope=Objective;objective=1;retry=2026-09-08T13:30:35.1661766Z;state=Quarantined. excluded quest=7790;stage=Pickup;scope=QuestStage;retry=2026-09-08T15:12:07.0066622Z;state=Quarantined. excluded quest=846;stage=Objective;scope=Objective;objective=0;retry=2026-09-08T16:15:09.5897303Z;state=Quarantined. excluded quest=846;stage=Objective;scope=Objective;objective=1;retry=2026-09-08T16:15:09.5898439Z;state=Quarantined. excluded quest=846;stage=Objective;scope=Objective;objective=2;retry=2026-09-08T16:15:09.5898981Z;state=Quarantined. excluded quest=8487;stage=TurnIn;npc=15402;reason=outside-scan-radius;retry=context-change excluded quest=867;stage=Objective;scope=Objective;objective=0;retry=2026-09-08T13:46:19.0888015Z;state=Quarantined. excluded quest=868;stage=TurnIn;npc=3428;reason=outside-scan-radius;retry=context-change excluded quest=879;stage=Objective;scope=Objective;objective=0;retry=2026-09-08T14:12:05.6037548Z;state=Quarantined. excluded quest=879;stage=Objective;scope=Objective;objective=1;retry=2026-09-08T14:12:05.6038234Z;state=Quarantined. excluded quest=879;stage=Objective;scope=Objective;objective=2;retry=2026-09-08T14:12:05.6038609Z;state=Quarantined. excluded quest=8889;stage=Objective;objective=0;reason=outside-scan-radius;retry=context-change. excluded quest=8889;stage=Objective;objective=1;reason=outside-scan-radius;retry=context-change. excluded quest=8889;stage=Objective;objective=2;reason=outside-scan-radius;retry=context-change. excluded quest=891;stage=Objective;objective=0;reason=outside-scan-radius;retry=context-change. excluded quest=891;stage=Objective;objective=2;reason=outside-scan-radius;retry=context-change. excluded quest=893;stage=Objective;scope=Objective;objective=0;retry=2026-09-08T12:48:05.9519603Z;state=Quarantined. excluded quest=893;stage=Objective;scope=Objective;objective=1;retry=2026-09-08T12:48:05.9520521Z;state=Quarantined. excluded quest=893;stage=Objective;scope=Objective;objective=2;retry=2026-09-08T12:48:05.9520844Z;state=Quarantined. excluded quest=896;stage=Objective;scope=Objective;objective=0;retry=2026-09-08T13:55:41.1186828Z;state=Quarantined. excluded quest=9067;stage=Objective;scope=Objective;objective=0;retry=2026-09-08T15:12:07.0059371Z;state=Quarantined. excluded quest=9151;stage=Pickup;npc=16199;reason=outside-scan-radius;retry=context-change excluded quest=9157;stage=TurnIn;npc=16201;reason=outside-scan-radius;retry=context-change excluded quest=9275;stage=Pickup;npc=16464;reason=outside-scan-radius;retry=context-change excluded quest=9388;stage=Pickup;scope=QuestStage;retry=2026-09-08T16:11:43.3533518Z;state=Quarantined. excluded quest=9389;stage=Pickup;scope=QuestStage;retry=2026-09-08T16:12:08.0336743Z;state=Quarantined. excluded quest=9425;stage=Pickup;npc=16287;reason=outside-scan-radius;retry=context-change excluded quest=9428;stage=Pickup;npc=17098;reason=outside-scan-radius;retry=context-change excluded quest=9749;stage=Pickup;scope=QuestStage;retry=2026-09-08T15:36:49.0072878Z;state=Quarantined. Expanding scan radius from 500 to 750 yards before fallback.
[19:54:18.968] [D] Loading profile from D:\World of Warcraft 3.3.5a\CB\Bots\WholesomeAutoQuest\WHOLESOME_AUTOQUESTER.xml
[19:54:18.970] [D] [CompileBatch] Compiling 1 entries...
[19:54:19.045] [D] [CompileBatch] Compiled successfully.
[19:54:19.045] [N] Profile loaded: WholesomeAQ - Thousand Needles
[19:54:19.064] [D] Selected sub-profile: WholesomeAQ - Thousand Needles (L1-80)
[19:54:19.064] [N] [Wholesome Auto Quest] Profile refreshed - Selected 1 quest work candidate(s). selected quest=4821;stage=Pickup;state=Eligible. excluded quest=104;stage=Pickup;npc=392;reason=outside-scan-radius;retry=context-change excluded quest=1058;stage=Pickup;npc=3995;reason=outside-scan-radius;retry=context-change excluded quest=1062;stage=TurnIn;npc=4049;reason=outside-scan-radius;retry=context-change excluded quest=1069;stage=Objective;objective=0;reason=outside-scan-radius;retry=context-change. excluded quest=1087;stage=Objective;objective=2;reason=outside-scan-radius;retry=context-change. excluded quest=1093;stage=Objective;scope=Objective;objective=0;retry=2026-09-08T15:11:36.9856630Z;state=Quarantined. excluded quest=11127;stage=Pickup;scope=QuestStage;retry=2026-09-08T16:11:43.3486525Z;state=Quarantined. excluded quest=1195;stage=Pickup;npc=4721;reason=outside-scan-radius;retry=context-change excluded quest=14106;stage=Pickup;scope=QuestStage;retry=2026-09-08T15:12:07.0067094Z;state=Quarantined. excluded quest=1483;stage=Pickup;npc=3442;reason=outside-scan-radius;retry=context-change excluded quest=152;stage=Pickup;npc=392;reason=outside-scan-radius;retry=context-change excluded quest=2098;stage=Pickup;npc=6667;reason=outside-scan-radius;retry=context-change excluded quest=216;stage=Pickup;npc=12757;reason=outside-scan-radius;retry=context-change excluded quest=235;stage=Pickup;npc=10880;reason=outside-scan-radius;retry=context-change excluded quest=4542;stage=TurnIn;scope=NpcRelation;npc=10537;retry=context-change;state=Attempting. excluded quest=470;stage=Pickup;npc=2111;reason=outside-scan-radius;retry=context-change excluded quest=472;stage=Pickup;npc=2097;reason=outside-scan-radius;retry=context-change excluded quest=4921;stage=Objective;objective=0;reason=outside-scan-radius;retry=context-change. excluded quest=493;stage=Pickup;npc=1937;reason=outside-scan-radius;retry=context-change excluded quest=494;stage=Pickup;npc=2214;reason=outside-scan-radius;retry=context-change excluded quest=496;stage=Pickup;npc=2216;reason=outside-scan-radius;retry=context-change excluded quest=498;stage=Pickup;npc=2229;reason=outside-scan-radius;retry=context-change excluded quest=501;stage=Pickup;npc=2216;reason=outside-scan-radius;retry=context-change excluded quest=516;stage=Pickup;npc=2121;reason=outside-scan-radius;retry=context-change excluded quest=527;stage=Pickup;npc=2215;reason=outside-scan-radius;retry=context-change excluded quest=546;stage=Pickup;npc=2418;reason=outside-scan-radius;retry=context-change excluded quest=549;stage=Pickup;npc=1763;reason=outside-scan-radius;retry=context-change excluded quest=6282;stage=Pickup;npc=11860;reason=outside-scan-radius;retry=context-change excluded quest=6381;stage=Pickup;npc=11864;reason=outside-scan-radius;retry=context-change excluded quest=6382;stage=TurnIn;npc=12696;reason=outside-scan-radius;retry=context-change excluded quest=6383;stage=Pickup;npc=12696;reason=outside-scan-radius;retry=context-change excluded quest=6393;stage=Objective;scope=Objective;objective=0;retry=2026-09-08T15:11:36.9858139Z;state=Quarantined. excluded quest=6441;stage=Objective;scope=Objective;objective=0;retry=2026-09-08T17:54:16.0237190Z;state=Quarantined. excluded quest=6442;stage=Pickup;npc=12719;reason=outside-scan-radius;retry=context-change excluded quest=6461;stage=TurnIn;npc=12816;reason=outside-scan-radius;retry=context-change excluded quest=6462;stage=Pickup;npc=12721;reason=outside-scan-radius;retry=context-change excluded quest=6541;stage=Pickup;npc=3429;reason=outside-scan-radius;retry=context-change excluded quest=6543;stage=Objective;scope=Objective;objective=0;retry=2026-09-08T11:57:53.5602004Z;state=Quarantined. excluded quest=742;stage=Pickup;npc=10881;reason=outside-scan-radius;retry=context-change excluded quest=747;stage=Objective;scope=Objective;objective=0;retry=2026-09-08T13:06:01.2335671Z;state=Quarantined. excluded quest=747;stage=Objective;scope=Objective;objective=1;retry=2026-09-08T13:30:35.1661766Z;state=Quarantined. excluded quest=7790;stage=Pickup;scope=QuestStage;retry=2026-09-08T15:12:07.0066622Z;state=Quarantined. excluded quest=846;stage=Objective;scope=Objective;objective=0;retry=2026-09-08T16:15:09.5897303Z;state=Quarantined. excluded quest=846;stage=Objective;scope=Objective;objective=1;retry=2026-09-08T16:15:09.5898439Z;state=Quarantined. excluded quest=846;stage=Objective;scope=Objective;objective=2;retry=2026-09-08T16:15:09.5898981Z;state=Quarantined. excluded quest=8487;stage=TurnIn;npc=15402;reason=outside-scan-radius;retry=context-change excluded quest=867;stage=Objective;scope=Objective;objective=0;retry=2026-09-08T13:46:19.0888015Z;state=Quarantined. excluded quest=868;stage=TurnIn;npc=3428;reason=outside-scan-radius;retry=context-change excluded quest=879;stage=Objective;scope=Objective;objective=0;retry=2026-09-08T14:12:05.6037548Z;state=Quarantined. excluded quest=879;stage=Objective;scope=Objective;objective=1;retry=2026-09-08T14:12:05.6038234Z;state=Quarantined. excluded quest=879;stage=Objective;scope=Objective;objective=2;retry=2026-09-08T14:12:05.6038609Z;state=Quarantined. excluded quest=8889;stage=Objective;objective=0;reason=outside-scan-radius;retry=context-change. excluded quest=8889;stage=Objective;objective=1;reason=outside-scan-radius;retry=context-change. excluded quest=8889;stage=Objective;objective=2;reason=outside-scan-radius;retry=context-change. excluded quest=891;stage=Objective;objective=0;reason=outside-scan-radius;retry=context-change. excluded quest=891;stage=Objective;objective=2;reason=outside-scan-radius;retry=context-change. excluded quest=893;stage=Objective;scope=Objective;objective=0;retry=2026-09-08T12:48:05.9519603Z;state=Quarantined. excluded quest=893;stage=Objective;scope=Objective;objective=1;retry=2026-09-08T12:48:05.9520521Z;state=Quarantined. excluded quest=893;stage=Objective;scope=Objective;objective=2;retry=2026-09-08T12:48:05.9520844Z;state=Quarantined. excluded quest=896;stage=Objective;scope=Objective;objective=0;retry=2026-09-08T13:55:41.1186828Z;state=Quarantined. excluded quest=9067;stage=Objective;scope=Objective;objective=0;retry=2026-09-08T15:12:07.0059371Z;state=Quarantined. excluded quest=9151;stage=Pickup;npc=16199;reason=outside-scan-radius;retry=context-change excluded quest=9157;stage=TurnIn;npc=16201;reason=outside-scan-radius;retry=context-change excluded quest=9275;stage=Pickup;npc=16464;reason=outside-scan-radius;retry=context-change excluded quest=9388;stage=Pickup;scope=QuestStage;retry=2026-09-08T16:11:43.3533518Z;state=Quarantined. excluded quest=9389;stage=Pickup;scope=QuestStage;retry=2026-09-08T16:12:08.0336743Z;state=Quarantined. excluded quest=9425;stage=Pickup;npc=16287;reason=outside-scan-radius;retry=context-change excluded quest=9428;stage=Pickup;npc=17098;reason=outside-scan-radius;retry=context-change excluded quest=9749;stage=Pickup;scope=QuestStage;retry=2026-09-08T15:36:49.0072878Z;state=Quarantined.
[19:54:19.768] [D] [Interact] Interacting with object at 0x340AECC8
[19:54:19.801] [D] [Interact] Done interacting with object at 0x340AECC8
[19:54:19.835] [D] [Pulse] Slow bot root: 234ms bot=Wholesome Auto Quest poi=Loot combat=False
[19:54:20.777] [D] [Pulse] Slow shared pulse: total=237ms movement=0 objects=0 lua=135 info=0 loot=2 targeting=41 events=0 plugins=57 routine=0
[19:54:21.181] [D] [QuestLog] Loaded 76 completed quests from Lua fallback
[19:54:21.751] [N] Looting Galak Windchaser Guid 0xF130001000001423
[19:54:21.851] [D] Cleared POI - Reason Waiting for loot flag
[19:54:21.851] [D] Cleared POI
[19:54:21.884] [D] [Pulse] Slow bot root: 133ms bot=Wholesome Auto Quest poi=None combat=False
[19:54:22.750] [D] [If] Condition is true, executing If body
[19:54:22.851] [N] [PickUp] Picking up Alien Egg
[19:54:22.851] [D] Goal: Picking up Alien Egg
[19:54:22.885] [D] Changed POI to: Type: QuestPickUp, Name: Hagar Lightninghoof, Guid: 0, Entry: 10539, Location: (-5441.80, -2397.47, 89.32)
[19:54:22.885] [D] [Pulse] Slow bot root: 333ms bot=Wholesome Auto Quest poi=QuestPickUp combat=False
[19:54:23.017] [D] [QuestRecovery] quest=4542, stage=TurnIn, old=Attempting, new=Eligible, reason=None, episode=0, attempt=0, retry=
[19:54:23.859] [N] Moving to Type: QuestPickUp, Name: Hagar Lightninghoof, Guid: 0, Entry: 10539, Location: (-5441.80, -2397.47, 89.32)
[19:54:24.156] [N] Mounting: 35022
[19:54:27.017] [D] [Pulse] Slow bot root: 3361ms bot=Wholesome Auto Quest poi=QuestPickUp combat=False
[19:54:27.250] [D] [Pulse] Slow plugin: name=AutoEquip2 elapsed=156ms
[19:54:27.315] [D] [Pulse] Slow plugin: name=Tidy Bags 3 Reloaded elapsed=63ms
[19:54:28.656] [D] [Pulse] Slow bot root: 669ms bot=Wholesome Auto Quest poi=QuestPickUp combat=False
[19:54:30.009] [D] [MeshNavigator] Skipped 2 path nodes
[19:54:30.060] [D] [Pulse] Slow bot root: 665ms bot=Wholesome Auto Quest poi=QuestPickUp combat=False
[19:54:31.414] [D] [MeshNavigator] Skipped 2 path nodes
[19:54:31.434] [D] [Pulse] Slow bot root: 636ms bot=Wholesome Auto Quest poi=QuestPickUp combat=False
[19:54:32.377] [D] Activity: Setting Galak Scout at 9.4 yards as your target
[19:54:32.377] [D] Dismounting for combat.
[19:54:32.377] [D] Stop and dismount. Reason: Combat
[19:54:32.506] [D] [Pulse] Slow bot root: 333ms bot=Wholesome Auto Quest poi=QuestPickUp combat=False
[19:54:33.275] [D] Changed POI to: Type: Kill, Name: Galak Scout, Guid: F130000FFE00E44D, Entry: 4094, Location: (-4981.51, -2189.56, -52.98)
[19:54:33.378] [D] [Singular-DEBUG] Switched targets!
[19:54:33.378] [D] [Singular-DEBUG] Melee Distance: 5
[19:54:33.378] [D] [Singular-DEBUG] Health: 100
[19:54:33.378] [D] [Singular-DEBUG] Level: 24
[19:54:34.312] [N] [Singular] Casting Judgement of Light on Galak Scout
[19:54:34.312] [D] Spell_C::CastSpell(20271, 0, 0xF130000FFE00E44D, 0)
[19:54:34.345] [D] [Pulse] Slow bot root: 333ms bot=Wholesome Auto Quest poi=Kill combat=True
[19:54:35.449] [D] [Pulse] Slow bot root: 368ms bot=Wholesome Auto Quest poi=Kill combat=True
[19:54:36.419] [N] [Singular] Casting Exorcism on Galak Scout
[19:54:36.419] [D] Spell_C::CastSpell(879, 0, 0xF130000FFE00E44D, 0)
[19:54:36.453] [D] [Pulse] Slow bot root: 270ms bot=Wholesome Auto Quest poi=Kill combat=True
[19:54:37.352] [D] [Pulse] Slow bot root: 167ms bot=Wholesome Auto Quest poi=Kill combat=True
[19:54:37.453] [D] [Pulse] Slow plugin: name=Tidy Bags 3 Reloaded elapsed=52ms
[19:54:38.255] [D] [Pulse] Slow bot root: 167ms bot=Wholesome Auto Quest poi=Kill combat=True
[19:54:39.208] [D] [Pulse] Slow bot root: 186ms bot=Wholesome Auto Quest poi=Kill combat=True
[19:54:40.128] [D] [Pulse] Slow bot root: 208ms bot=Wholesome Auto Quest poi=Kill combat=True
[19:54:41.045] [D] [Pulse] Slow bot root: 187ms bot=Wholesome Auto Quest poi=Kill combat=True
[19:54:41.947] [D] [Pulse] Slow bot root: 187ms bot=Wholesome Auto Quest poi=Kill combat=True
[19:54:42.900] [N] [Singular] Casting Judgement of Light on Galak Scout
[19:54:42.900] [D] Spell_C::CastSpell(20271, 0, 0xF130000FFE00E44D, 0)
[19:54:42.933] [D] [Pulse] Slow bot root: 266ms bot=Wholesome Auto Quest poi=Kill combat=True
[19:54:43.879] [D] [Pulse] Slow bot root: 208ms bot=Wholesome Auto Quest poi=Kill combat=True
[19:54:44.830] [D] [Pulse] Slow bot root: 188ms bot=Wholesome Auto Quest poi=Kill combat=True
[19:54:45.730] [D] [Pulse] Slow bot root: 186ms bot=Wholesome Auto Quest poi=Kill combat=True
[19:54:46.640] [D] [Pulse] Slow bot root: 198ms bot=Wholesome Auto Quest poi=Kill combat=True
[19:54:47.774] [D] [Pulse] Slow bot root: 398ms bot=Wholesome Auto Quest poi=Kill combat=True
[19:54:47.873] [D] [Pulse] Slow plugin: name=Tidy Bags 3 Reloaded elapsed=54ms
[19:54:48.809] [D] [Pulse] Slow bot root: 300ms bot=Wholesome Auto Quest poi=Kill combat=True
[19:54:49.736] [D] [Pulse] Slow bot root: 188ms bot=Wholesome Auto Quest poi=Kill combat=True
[19:54:50.618] [D] Cleared POI - Reason POI is dead from Combat
[19:54:50.618] [D] Cleared POI
[19:54:50.618] [D] [Pulse] Slow bot root: 135ms bot=Wholesome Auto Quest poi=None combat=True
[19:54:50.718] [D] [Singular-DEBUG] Switched targets!
[19:54:50.718] [D] [Singular-DEBUG] Melee Distance: 5
[19:54:50.718] [D] [Singular-DEBUG] Health: 100
[19:54:50.718] [D] [Singular-DEBUG] Level: 25
[19:54:51.852] [D] [Pulse] Slow bot root: 498ms bot=Wholesome Auto Quest poi=None combat=True
[19:54:52.953] [D] [Pulse] Slow bot root: 365ms bot=Wholesome Auto Quest poi=None combat=True
[19:54:53.922] [N] [Singular] Casting Judgement of Light on Galak Scout
[19:54:53.922] [D] Spell_C::CastSpell(20271, 0, 0xF130000FFE00FF74, 0)
[19:54:53.955] [D] [Pulse] Slow bot root: 263ms bot=Wholesome Auto Quest poi=None combat=True
[19:54:54.927] [D] [Pulse] Slow bot root: 238ms bot=Wholesome Auto Quest poi=None combat=True
[19:54:55.925] [N] [Singular] Casting Exorcism on Galak Scout
[19:54:55.925] [D] Spell_C::CastSpell(879, 0, 0xF130000FFE00FF74, 0)
[19:54:55.959] [D] [Pulse] Slow bot root: 265ms bot=Wholesome Auto Quest poi=None combat=True
[19:54:56.861] [D] [Pulse] Slow bot root: 167ms bot=Wholesome Auto Quest poi=None combat=True
[19:54:57.766] [D] [Pulse] Slow bot root: 167ms bot=Wholesome Auto Quest poi=None combat=True
[19:54:58.704] [D] [Pulse] Slow bot root: 167ms bot=Wholesome Auto Quest poi=None combat=True
[19:54:58.805] [D] [Pulse] Slow plugin: name=Tidy Bags 3 Reloaded elapsed=52ms
[19:54:59.650] [D] [Pulse] Slow bot root: 200ms bot=Wholesome Auto Quest poi=None combat=True
[19:55:00.565] [D] [Pulse] Slow bot root: 190ms bot=Wholesome Auto Quest poi=None combat=True
[19:55:01.479] [N] [Singular] Casting Holy Light on Myself
[19:55:01.479] [D] Spell_C::CastSpell(1026, 0, 0x6000000007EAB80, 0)
[19:55:01.512] [D] [Pulse] Slow bot root: 201ms bot=Wholesome Auto Quest poi=None combat=True
[19:55:06.939] [N] [Singular] Casting Judgement of Light on Galak Scout
[19:55:06.939] [D] Spell_C::CastSpell(20271, 0, 0xF130000FFE00FF74, 0)
[19:55:06.949] [D] [Pulse] Slow bot root: 273ms bot=Wholesome Auto Quest poi=None combat=True
[19:55:07.888] [D] [Pulse] Slow bot root: 209ms bot=Wholesome Auto Quest poi=None combat=True
[19:55:08.807] [D] [Pulse] Slow bot root: 193ms bot=Wholesome Auto Quest poi=None combat=True
[19:55:08.884] [D] [Pulse] Slow plugin: name=Tidy Bags 3 Reloaded elapsed=51ms
[19:55:09.712] [D] [Pulse] Slow bot root: 192ms bot=Wholesome Auto Quest poi=None combat=True
[19:55:10.612] [D] [Pulse] Slow bot root: 191ms bot=Wholesome Auto Quest poi=None combat=True
[19:55:11.510] [D] [Pulse] Slow bot root: 191ms bot=Wholesome Auto Quest poi=None combat=True
[19:55:12.443] [D] [Pulse] Slow bot root: 189ms bot=Wholesome Auto Quest poi=None combat=True
[19:55:13.349] [D] [Pulse] Slow bot root: 194ms bot=Wholesome Auto Quest poi=None combat=True
[19:55:14.290] [N] [Singular] Casting Exorcism on Galak Scout
[19:55:14.290] [D] Spell_C::CastSpell(879, 0, 0xF130000FFE00FF74, 0)
[19:55:14.324] [D] [Pulse] Slow bot root: 264ms bot=Wholesome Auto Quest poi=None combat=True
[19:55:15.229] [D] [Pulse] Slow bot root: 168ms bot=Wholesome Auto Quest poi=None combat=True
[19:55:16.130] [D] [Pulse] Slow bot root: 167ms bot=Wholesome Auto Quest poi=None combat=True
[19:55:17.000] [N] [Singular] Currect target is invalid. Switching to Galak Scout!
[19:55:17.038] [D] [Pulse] Slow bot root: 173ms bot=Wholesome Auto Quest poi=None combat=True
[19:55:17.900] [D] [Singular-DEBUG] Switched targets!
[19:55:17.900] [D] [Singular-DEBUG] Melee Distance: 5
[19:55:17.900] [D] [Singular-DEBUG] Health: 100
[19:55:17.900] [D] [Singular-DEBUG] Level: 24
[19:55:18.730] [D] [Pulse] Slow bot root: 197ms bot=Wholesome Auto Quest poi=None combat=True
[19:55:19.961] [D] [Pulse] Slow bot root: 468ms bot=Wholesome Auto Quest poi=None combat=True
[19:55:20.060] [D] [Pulse] Slow plugin: name=Tidy Bags 3 Reloaded elapsed=54ms
[19:55:21.064] [D] [Pulse] Slow bot root: 368ms bot=Wholesome Auto Quest poi=None combat=True
[19:55:21.676] [D] [QuestLog] Loaded 76 completed quests from Lua fallback
[19:55:22.513] [N] [Singular] Casting Judgement of Light on Galak Scout
[19:55:22.513] [D] Spell_C::CastSpell(20271, 0, 0xF130000FFE00FF8F, 0)
[19:55:22.547] [D] [Pulse] Slow bot root: 267ms bot=Wholesome Auto Quest poi=None combat=True
[19:55:23.520] [D] [Pulse] Slow bot root: 207ms bot=Wholesome Auto Quest poi=None combat=True
[19:55:24.443] [D] [Pulse] Slow bot root: 194ms bot=Wholesome Auto Quest poi=None combat=True
[19:55:25.348] [D] [Pulse] Slow bot root: 191ms bot=Wholesome Auto Quest poi=None combat=True
[19:55:26.255] [D] [Pulse] Slow bot root: 192ms bot=Wholesome Auto Quest poi=None combat=True
[19:55:27.161] [D] [Pulse] Slow bot root: 195ms bot=Wholesome Auto Quest poi=None combat=True
[19:55:28.039] [N] [Singular] Casting Holy Light on Myself
[19:55:28.039] [D] Spell_C::CastSpell(1026, 0, 0x6000000007EAB80, 0)
[19:55:28.074] [D] [Pulse] Slow bot root: 201ms bot=Wholesome Auto Quest poi=None combat=True
[19:55:30.445] [D] [Pulse] Slow plugin: name=Tidy Bags 3 Reloaded elapsed=51ms
[19:55:32.793] [N] [Singular] Casting Judgement of Light on Galak Scout
[19:55:32.793] [D] Spell_C::CastSpell(20271, 0, 0xF130000FFE00FF8F, 0)
[19:55:32.827] [D] [Pulse] Slow bot root: 265ms bot=Wholesome Auto Quest poi=None combat=True
[19:55:33.804] [D] [Pulse] Slow bot root: 242ms bot=Wholesome Auto Quest poi=None combat=True
[19:55:34.804] [N] [Singular] Casting Exorcism on Galak Scout
[19:55:34.804] [D] Spell_C::CastSpell(879, 0, 0xF130000FFE00FF8F, 0)
[19:55:34.839] [D] [Pulse] Slow bot root: 269ms bot=Wholesome Auto Quest poi=None combat=True
[19:55:35.737] [D] [Pulse] Slow bot root: 168ms bot=Wholesome Auto Quest poi=None combat=True
[19:55:36.643] [D] [Pulse] Slow bot root: 168ms bot=Wholesome Auto Quest poi=None combat=True
[19:55:37.576] [D] [Pulse] Slow bot root: 193ms bot=Wholesome Auto Quest poi=None combat=True
[19:55:38.492] [D] [Pulse] Slow bot root: 207ms bot=Wholesome Auto Quest poi=None combat=True
[19:55:39.419] [D] [Pulse] Slow bot root: 203ms bot=Wholesome Auto Quest poi=None combat=True
[19:55:40.354] [D] [Pulse] Slow bot root: 192ms bot=Wholesome Auto Quest poi=None combat=True
[19:55:41.297] [N] [Singular] Casting Judgement of Light on Galak Scout
[19:55:41.297] [D] Spell_C::CastSpell(20271, 0, 0xF130000FFE00FF8F, 0)
[19:55:41.331] [D] [Pulse] Slow bot root: 266ms bot=Wholesome Auto Quest poi=None combat=True
[19:55:41.429] [D] [Pulse] Slow plugin: name=Tidy Bags 3 Reloaded elapsed=51ms
[19:55:42.203] [D] Changed POI to: Type: Loot, Name: Galak Scout, Guid: F130000FFE00E44D, Entry: 4094, Location: (-4979.20, -2204.63, -53.96)
[19:55:42.203] [D] [Pulse] Slow bot root: 135ms bot=Wholesome Auto Quest poi=Loot combat=True
[19:55:43.134] [N] Drinking Melon Juice
[19:55:43.167] [D] [Pulse] Slow bot root: 233ms bot=Wholesome Auto Quest poi=Loot combat=False
[19:55:44.800] [D] [Pulse] Slow bot root: 166ms bot=Wholesome Auto Quest poi=Loot combat=False
[19:55:45.736] [D] [Pulse] Slow bot root: 167ms bot=Wholesome Auto Quest poi=Loot combat=False
[19:55:46.658] [D] [Pulse] Slow bot root: 167ms bot=Wholesome Auto Quest poi=Loot combat=False
[19:55:47.561] [D] [Pulse] Slow bot root: 167ms bot=Wholesome Auto Quest poi=Loot combat=False
[19:55:48.464] [D] [Pulse] Slow bot root: 165ms bot=Wholesome Auto Quest poi=Loot combat=False
[19:55:49.383] [D] [Pulse] Slow bot root: 188ms bot=Wholesome Auto Quest poi=Loot combat=False
[19:55:50.289] [D] [Pulse] Slow bot root: 167ms bot=Wholesome Auto Quest poi=Loot combat=False
[19:55:51.221] [D] [Pulse] Slow bot root: 165ms bot=Wholesome Auto Quest poi=Loot combat=False
[19:55:52.119] [D] [Pulse] Slow bot root: 165ms bot=Wholesome Auto Quest poi=Loot combat=False
[19:55:52.319] [D] [Pulse] Slow plugin: name=AutoEquip2 elapsed=152ms
[19:55:52.386] [D] [Pulse] Slow plugin: name=Tidy Bags 3 Reloaded elapsed=65ms
[19:55:52.386] [D] [Pulse] Slow shared pulse: total=266ms movement=0 objects=0 lua=0 info=0 loot=2 targeting=45 events=0 plugins=218 routine=0
[19:55:53.189] [D] [Pulse] Slow bot root: 165ms bot=Wholesome Auto Quest poi=Loot combat=False
[19:55:54.087] [D] [Pulse] Slow bot root: 165ms bot=Wholesome Auto Quest poi=Loot combat=False
[19:55:54.990] [D] [Pulse] Slow bot root: 169ms bot=Wholesome Auto Quest poi=Loot combat=False
[19:55:55.892] [D] [Pulse] Slow bot root: 168ms bot=Wholesome Auto Quest poi=Loot combat=False
[19:55:56.831] [D] [Pulse] Slow bot root: 170ms bot=Wholesome Auto Quest poi=Loot combat=False
[19:55:57.732] [D] [Pulse] Slow bot root: 167ms bot=Wholesome Auto Quest poi=Loot combat=False
[19:55:58.631] [D] [Pulse] Slow bot root: 167ms bot=Wholesome Auto Quest poi=Loot combat=False
[19:55:59.566] [D] [Pulse] Slow bot root: 165ms bot=Wholesome Auto Quest poi=Loot combat=False
[19:56:00.475] [D] [Pulse] Slow bot root: 173ms bot=Wholesome Auto Quest poi=Loot combat=False
[19:56:01.521] [D] [Pulse] Slow bot root: 203ms bot=Wholesome Auto Quest poi=Loot combat=False
[19:56:02.496] [D] [Pulse] Slow bot root: 165ms bot=Wholesome Auto Quest poi=Loot combat=False
[19:56:02.700] [D] [Pulse] Slow plugin: name=AutoEquip2 elapsed=156ms
[19:56:02.766] [D] [Pulse] Slow plugin: name=Tidy Bags 3 Reloaded elapsed=64ms
[19:56:02.766] [D] [Pulse] Slow shared pulse: total=269ms movement=0 objects=0 lua=0 info=0 loot=2 targeting=44 events=0 plugins=221 routine=0
[19:56:03.574] [N] Moving to Type: Loot, Name: Galak Scout, Guid: F130000FFE00E44D, Entry: 4094, Location: (-4979.20, -2204.63, -53.96)
[19:56:03.874] [D] [Pulse] Slow bot root: 470ms bot=Wholesome Auto Quest poi=Loot combat=False
[19:56:04.773] [D] [Interact] Interacting with object at 0x33F4CAB0
[19:56:04.807] [D] [Interact] Done interacting with object at 0x33F4CAB0
[19:56:04.841] [D] [Pulse] Slow bot root: 233ms bot=Wholesome Auto Quest poi=Loot combat=False
[19:56:05.712] [D] [Singular-DEBUG] Switched targets!
[19:56:05.712] [D] [Singular-DEBUG] Melee Distance: 5
[19:56:05.712] [D] [Singular-DEBUG] Health: 0
[19:56:05.712] [D] [Singular-DEBUG] Level: 24
[19:56:06.431] [N] Looting Galak Scout Guid 0xF130000FFE00E44D
[19:56:06.538] [D] Cleared POI - Reason Waiting for loot flag
[19:56:06.538] [D] Cleared POI
[19:56:06.576] [D] [Pulse] Slow bot root: 144ms bot=Wholesome Auto Quest poi=None combat=False
[19:56:07.533] [D] Changed POI to: Type: Loot, Name: Galak Scout, Guid: F130000FFE00FF8F, Entry: 4094, Location: (-4980.95, -2210.96, -53.99)
[19:56:07.533] [D] [Pulse] Slow bot root: 167ms bot=Wholesome Auto Quest poi=Loot combat=False
[19:56:07.797] [N] [AutoEquip]: Equipping Cloak "Slayer's Cape" instead of "Watcher's Cape" - it scored 2.1966667 while the old scored 1.6666666
[19:56:07.995] [N] [AutoEquip]: Equipping Cloak "Slayer's Cape" instead of "Watcher's Cape" - it scored 2.1966667 while the old scored 1.6666666
[19:56:09.093] [D] [Interact] Interacting with object at 0x33F4B660
[19:56:09.127] [D] [Interact] Done interacting with object at 0x33F4B660
[19:56:09.161] [D] [Pulse] Slow bot root: 236ms bot=Wholesome Auto Quest poi=Loot combat=False
[19:56:09.327] [N] [AutoEquip]: Equipping Cloak "Slayer's Cape" instead of "Watcher's Cape" - it scored 2.1966667 while the old scored 1.6666666
[19:56:09.529] [N] [AutoEquip]: Equipping Cloak "Slayer's Cape" instead of "Watcher's Cape" - it scored 2.1966667 while the old scored 1.6666666
[19:56:11.359] [N] Looting Galak Scout Guid 0xF130000FFE00FF8F
[19:56:11.460] [D] Cleared POI - Reason Waiting for loot flag
[19:56:11.460] [D] Cleared POI
[19:56:11.493] [D] [Pulse] Slow bot root: 134ms bot=Wholesome Auto Quest poi=None combat=False
[19:56:12.394] [D] Changed POI to: Type: Loot, Name: Galak Scout, Guid: F130000FFE00FF74, Entry: 4094, Location: (-5002.09, -2215.27, -53.40)
[19:56:12.394] [D] [Pulse] Slow bot root: 167ms bot=Wholesome Auto Quest poi=Loot combat=False
[19:56:13.332] [N] Moving to Type: Loot, Name: Galak Scout, Guid: F130000FFE00FF74, Entry: 4094, Location: (-5002.09, -2215.27, -53.40)
[19:56:13.634] [D] [Pulse] Slow bot root: 472ms bot=Wholesome Auto Quest poi=Loot combat=False
[19:56:13.869] [D] [Pulse] Slow plugin: name=AutoEquip2 elapsed=186ms
[19:56:13.935] [D] [Pulse] Slow plugin: name=Tidy Bags 3 Reloaded elapsed=64ms
[19:56:13.935] [D] [Pulse] Slow shared pulse: total=300ms movement=0 objects=0 lua=0 info=0 loot=2 targeting=45 events=0 plugins=252 routine=0
[19:56:15.007] [D] [Pulse] Slow bot root: 438ms bot=Wholesome Auto Quest poi=Loot combat=False
[19:56:16.145] [D] [Pulse] Slow bot root: 398ms bot=Wholesome Auto Quest poi=Loot combat=False
[19:56:17.252] [D] [Interact] Interacting with object at 0x33F4DF00
[19:56:17.282] [D] [Interact] Done interacting with object at 0x33F4DF00
[19:56:17.316] [D] [Pulse] Slow bot root: 431ms bot=Wholesome Auto Quest poi=Loot combat=False
[19:56:18.187] [D] [Singular-DEBUG] Switched targets!
[19:56:18.187] [D] [Singular-DEBUG] Melee Distance: 5
[19:56:18.187] [D] [Singular-DEBUG] Health: 0
[19:56:18.187] [D] [Singular-DEBUG] Level: 25
[19:56:19.722] [N] Looting Galak Scout Guid 0xF130000FFE00FF74
[19:56:19.821] [D] Cleared POI - Reason Waiting for loot flag
[19:56:19.821] [D] Cleared POI
[19:56:19.854] [D] [Pulse] Slow bot root: 132ms bot=Wholesome Auto Quest poi=None combat=False
[19:56:20.790] [D] Changed POI to: Type: QuestPickUp, Name: Hagar Lightninghoof, Guid: 0, Entry: 10539, Location: (-5441.80, -2397.47, 89.32)
[19:56:20.790] [D] [Pulse] Slow bot root: 198ms bot=Wholesome Auto Quest poi=QuestPickUp combat=False
[19:56:22.166] [D] [QuestLog] Loaded 76 completed quests from Lua fallback
[19:56:22.500] [N] Mounting: 34769
[19:56:24.595] [N] Loading 90_32_31
[19:56:24.596] [N] Loading 90_32_32
[19:56:24.597] [N] Loading 90_33_31
[19:56:24.597] [N] Loading 90_33_32
[19:56:24.598] [N] Could not generate path from (0.00, 0.00, -0.12) to (-5441.80, -2397.47, 89.32) on map 90 (status: Failed)
[19:56:24.598] [D] [Nav] MoveTo failed: map=90 from=(0.00, 0.00, -0.12) to=(-5441.80, -2397.47, 89.32) result=PathGenerationFailed pathCount=0 pathIndex=0 partial=False
[19:56:24.598] [D] [Pulse] Slow bot root: 3068ms bot=Wholesome Auto Quest poi=QuestPickUp combat=True
[19:56:24.598] [N] Not in game
[19:56:24.686] [N] Not in game
[19:56:24.896] [N] [Singular] Context changed. New context: Instances. Rebuilding behaviors.
[19:56:24.896] [D] [Singular-DEBUG] Creating Combat behavior.
[19:56:24.896] [D] [Singular-DEBUG] CreateRetributionPaladinInstancePullAndCombat is a match!
[19:56:24.896] [N] [Singular]  Using CreateRetributionPaladinInstancePullAndCombat for Retribution Paladin - Combat (Priority: 0)
[19:56:24.898] [D] [Singular-DEBUG] Creating Pull behavior.
[19:56:24.898] [D] [Singular-DEBUG] CreateRetributionPaladinInstancePullAndCombat is a match!
[19:56:24.899] [N] [Singular]  Using CreateRetributionPaladinInstancePullAndCombat for Retribution Paladin - Pull (Priority: 0)
[19:56:24.899] [D] [Singular-DEBUG] Creating Rest behavior.
[19:56:24.900] [D] [Singular-DEBUG] CreateRetributionPaladinRest is a match!
[19:56:24.900] [N] [Singular]  Using CreateRetributionPaladinRest for Retribution Paladin - Rest (Priority: 0)
[19:56:24.901] [D] [Singular-DEBUG] Creating CombatBuffs behavior.
[19:56:24.901] [D] [Singular-DEBUG] Creating Heal behavior.
[19:56:24.903] [D] [Singular-DEBUG] CreateRetributionPaladinHeal is a match!
[19:56:24.903] [N] [Singular]  Using CreateRetributionPaladinHeal for Retribution Paladin - Heal (Priority: 0)
[19:56:24.904] [D] [Singular-DEBUG] Creating PullBuffs behavior.
[19:56:24.905] [D] [Singular-DEBUG] Creating PreCombatBuffs behavior.
[19:56:24.905] [D] [Singular-DEBUG] CreatePaladinPreCombatBuffs is a match!
[19:56:24.905] [N] [Singular]  Using CreatePaladinPreCombatBuffs for Retribution Paladin - PreCombatBuffs (Priority: 0)
[19:56:25.097] [D] [Pulse] Slow plugin: name=AutoEquip2 elapsed=190ms
[19:56:25.163] [D] [Pulse] Slow plugin: name=Tidy Bags 3 Reloaded elapsed=64ms
[19:56:25.163] [D] [Pulse] Slow shared pulse: total=385ms movement=0 objects=0 lua=71 info=0 loot=1 targeting=43 events=11 plugins=256 routine=0
[19:56:25.995] [N] [Singular] Casting Blessing of Kings on Hunter
[19:56:25.995] [D] Spell_C::CastSpell(20217, 0, 0x6000000007EDA68, 0)
[19:56:26.028] [D] [Pulse] Slow bot root: 232ms bot=Wholesome Auto Quest poi=QuestPickUp combat=False
[19:56:27.396] [N] Could not generate path from (-329.48, -3.23, -152.85) to (-5441.80, -2397.47, 89.32) on map 90 (status: Failed)
[19:56:27.396] [D] [Nav] MoveTo failed: map=90 from=(-329.48, -3.23, -152.85) to=(-5441.80, -2397.47, 89.32) result=PathGenerationFailed pathCount=0 pathIndex=0 partial=False
[19:56:27.396] [D] [Pulse] Slow bot root: 600ms bot=Wholesome Auto Quest poi=QuestPickUp combat=False
[19:56:28.399] [N] [Singular] Casting Blessing of Kings on Hunter
[19:56:28.399] [D] Spell_C::CastSpell(20217, 0, 0x6000000007F46C5, 0)
[19:56:28.432] [D] [Pulse] Slow bot root: 301ms bot=Wholesome Auto Quest poi=QuestPickUp combat=False
[19:56:28.895] [N] Stopping the bot!
[19:56:28.896] [N] Bot stopping! Reason: User request
[19:56:28.896] [D] Exception in CGQuestLog__IsQuestCompleted: Thread was interrupted from a waiting state.
[19:56:29.663] [N] Could not generate path from (-329.48, -3.23, -152.85) to (-5441.80, -2397.47, 89.32) on map 90 (status: Failed)
[19:56:29.663] [D] [Pulse] Slow bot root: 535ms bot=Wholesome Auto Quest poi=QuestPickUp combat=False
[19:56:29.663] [D] [QuestRecovery] quest=4821, stage=Pickup, old=Attempting, new=Eligible, reason=None, episode=0, attempt=0, retry=
[19:56:29.675] [D] Cleared POI
[19:56:29.675] [D] Worker thread exited cleanly
[19:56:34.054] [N] Changing current bot to: Combat Bot
[19:56:35.373] [D] [Settings] Saved all settings
[19:56:35.373] [N] Starting the bot.
[19:56:35.374] [N] Currently Using BotBase : Combat Bot
[19:56:35.374] [N] Character is a level 26 BloodElf Paladin
[19:56:35.375] [N] Current zone is Gnomeregan
[19:56:35.375] [D] Loading profile from D:\World of Warcraft 3.3.5a\CB\Bots\WholesomeAutoQuest\WHOLESOME_AUTOQUESTER.xml
[19:56:35.376] [D] [CompileBatch] Compiling 1 entries...
[19:56:35.445] [D] [CompileBatch] Compiled successfully.
[19:56:35.445] [N] Profile loaded: WholesomeAQ - Thousand Needles
[19:56:35.464] [D] Selected sub-profile: WholesomeAQ - Thousand Needles (L1-80)
[19:56:35.530] [D] Setting CVars: autoSelfCast=1, autoLootDefault=1
[19:56:35.596] [D] Cleared POI
[19:56:35.597] [D] Refresh() called. LastCount=0, CurrentCount=34
[19:56:35.597] [N] Building spell book
[19:56:35.598] [D] Found 34 spells from LocalPlayer.KnownSpells
[19:56:35.598] [N] Adding Arcane Affinity
[19:56:35.598] [N] Adding Arcane Torrent
[19:56:35.599] [N] Adding Auto Attack
[19:56:35.599] [N] Adding Block
[19:56:35.600] [N] Adding Dodge
[19:56:35.601] [N] Adding Magic Resistance
[19:56:35.601] [N] Adding Parry
[19:56:35.602] [N] Adding Blessing of Wisdom
[19:56:35.602] [N] Adding Concentration Aura
[19:56:35.603] [N] Adding Consecration
[19:56:35.603] [N] Adding Exorcism
[19:56:35.604] [N] Adding Flash of Light
[19:56:35.605] [N] Adding Holy Light
[19:56:35.605] [N] Adding Lay on Hands
[19:56:35.606] [N] Adding Purify
[19:56:35.606] [N] Adding Seal of Righteousness
[19:56:35.607] [N] Adding Sense Undead
[19:56:35.608] [N] Adding Turn Evil
[19:56:35.608] [N] Adding Blessing of Kings
[19:56:35.609] [N] Adding Devotion Aura
[19:56:35.609] [N] Adding Divine Protection
[19:56:35.610] [N] Adding Hammer of Justice
[19:56:35.616] [N] Adding Hand of Freedom
[19:56:35.617] [N] Adding Hand of Protection
[19:56:35.618] [N] Adding Hand of Reckoning
[19:56:35.618] [N] Adding Hand of Salvation
[19:56:35.619] [N] Adding Righteous Defense
[19:56:35.619] [N] Adding Righteous Fury
[19:56:35.620] [N] Adding Seal of Justice
[19:56:35.621] [N] Adding Blessing of Might
[19:56:35.621] [N] Adding Judgement of Light
[19:56:35.622] [N] Adding Judgement of Wisdom
[19:56:35.622] [N] Adding Retribution Aura
[19:56:35.623] [N] Adding Seal of Command
[19:56:35.624] [N] Spell book built
[19:56:35.625] [D] [SpellManager] Initialize — subscribed to BotEvents.OnBotStart
[19:56:35.625] [D] Default area costs set (Road=1.0, Ground=1.66)
[19:56:35.625] [D] Faction filter set: Horde (excluding Alliance paths)
[19:56:35.625] [D] Refresh() called. LastCount=0, CurrentCount=34
[19:56:35.625] [N] Building spell book
[19:56:35.626] [D] Found 34 spells from LocalPlayer.KnownSpells
[19:56:35.626] [N] Adding Arcane Affinity
[19:56:35.627] [N] Adding Arcane Torrent
[19:56:35.627] [N] Adding Auto Attack
[19:56:35.628] [N] Adding Block
[19:56:35.629] [N] Adding Dodge
[19:56:35.629] [N] Adding Magic Resistance
[19:56:35.630] [N] Adding Parry
[19:56:35.630] [N] Adding Blessing of Wisdom
[19:56:35.631] [N] Adding Concentration Aura
[19:56:35.632] [N] Adding Consecration
[19:56:35.632] [N] Adding Exorcism
[19:56:35.633] [N] Adding Flash of Light
[19:56:35.633] [N] Adding Holy Light
[19:56:35.634] [N] Adding Lay on Hands
[19:56:35.635] [N] Adding Purify
[19:56:35.635] [N] Adding Seal of Righteousness
[19:56:35.636] [N] Adding Sense Undead
[19:56:35.637] [N] Adding Turn Evil
[19:56:35.637] [N] Adding Blessing of Kings
[19:56:35.638] [N] Adding Devotion Aura
[19:56:35.638] [N] Adding Divine Protection
[19:56:35.639] [N] Adding Hammer of Justice
[19:56:35.640] [N] Adding Hand of Freedom
[19:56:35.640] [N] Adding Hand of Protection
[19:56:35.641] [N] Adding Hand of Reckoning
[19:56:35.644] [N] Adding Hand of Salvation
[19:56:35.645] [N] Adding Righteous Defense
[19:56:35.645] [N] Adding Righteous Fury
[19:56:35.646] [N] Adding Seal of Justice
[19:56:35.647] [N] Adding Blessing of Might
[19:56:35.647] [N] Adding Judgement of Light
[19:56:35.648] [N] Adding Judgement of Wisdom
[19:56:35.649] [N] Adding Retribution Aura
[19:56:35.649] [N] Adding Seal of Command
[19:56:35.650] [N] Spell book built
[19:56:35.651] [D] [SpellManager] Subscribed to LEARNED_SPELL_IN_TAB, ACTIVE_TALENT_GROUP_CHANGED
[19:56:35.651] [D] Refresh() called. LastCount=0, CurrentCount=34
[19:56:35.651] [N] Building spell book
[19:56:35.652] [D] Found 34 spells from LocalPlayer.KnownSpells
[19:56:35.652] [N] Adding Arcane Affinity
[19:56:35.653] [N] Adding Arcane Torrent
[19:56:35.653] [N] Adding Auto Attack
[19:56:35.654] [N] Adding Block
[19:56:35.655] [N] Adding Dodge
[19:56:35.655] [N] Adding Magic Resistance
[19:56:35.656] [N] Adding Parry
[19:56:35.657] [N] Adding Blessing of Wisdom
[19:56:35.657] [N] Adding Concentration Aura
[19:56:35.658] [N] Adding Consecration
[19:56:35.659] [N] Adding Exorcism
[19:56:35.659] [N] Adding Flash of Light
[19:56:35.660] [N] Adding Holy Light
[19:56:35.661] [N] Adding Lay on Hands
[19:56:35.661] [N] Adding Purify
[19:56:35.662] [N] Adding Seal of Righteousness
[19:56:35.663] [N] Adding Sense Undead
[19:56:35.663] [N] Adding Turn Evil
[19:56:35.664] [N] Adding Blessing of Kings
[19:56:35.665] [N] Adding Devotion Aura
[19:56:35.665] [N] Adding Divine Protection
[19:56:35.666] [N] Adding Hammer of Justice
[19:56:35.667] [N] Adding Hand of Freedom
[19:56:35.668] [N] Adding Hand of Protection
[19:56:35.668] [N] Adding Hand of Reckoning
[19:56:35.669] [N] Adding Hand of Salvation
[19:56:35.670] [N] Adding Righteous Defense
[19:56:35.670] [N] Adding Righteous Fury
[19:56:35.671] [N] Adding Seal of Justice
[19:56:35.672] [N] Adding Blessing of Might
[19:56:35.672] [N] Adding Judgement of Light
[19:56:35.673] [N] Adding Judgement of Wisdom
[19:56:35.674] [N] Adding Retribution Aura
[19:56:35.675] [N] Adding Seal of Command
[19:56:35.675] [N] Spell book built
[19:56:35.676] [D] [SpellManager] Subscribed to LEARNED_SPELL_IN_TAB, ACTIVE_TALENT_GROUP_CHANGED
[19:56:35.677] [D] Refresh() called. LastCount=0, CurrentCount=34
[19:56:35.677] [N] Building spell book
[19:56:35.677] [D] Found 34 spells from LocalPlayer.KnownSpells
[19:56:35.677] [N] Adding Arcane Affinity
[19:56:35.678] [N] Adding Arcane Torrent
[19:56:35.679] [N] Adding Auto Attack
[19:56:35.680] [N] Adding Block
[19:56:35.680] [N] Adding Dodge
[19:56:35.681] [N] Adding Magic Resistance
[19:56:35.682] [N] Adding Parry
[19:56:35.682] [N] Adding Blessing of Wisdom
[19:56:35.683] [N] Adding Concentration Aura
[19:56:35.684] [N] Adding Consecration
[19:56:35.684] [N] Adding Exorcism
[19:56:35.685] [N] Adding Flash of Light
[19:56:35.686] [N] Adding Holy Light
[19:56:35.686] [N] Adding Lay on Hands
[19:56:35.687] [N] Adding Purify
[19:56:35.688] [N] Adding Seal of Righteousness
[19:56:35.689] [N] Adding Sense Undead
[19:56:35.690] [N] Adding Turn Evil
[19:56:35.691] [N] Adding Blessing of Kings
[19:56:35.691] [N] Adding Devotion Aura
[19:56:35.692] [N] Adding Divine Protection
[19:56:35.693] [N] Adding Hammer of Justice
[19:56:35.693] [N] Adding Hand of Freedom
[19:56:35.694] [N] Adding Hand of Protection
[19:56:35.695] [N] Adding Hand of Reckoning
[19:56:35.696] [N] Adding Hand of Salvation
[19:56:35.696] [N] Adding Righteous Defense
[19:56:35.697] [N] Adding Righteous Fury
[19:56:35.698] [N] Adding Seal of Justice
[19:56:35.698] [N] Adding Blessing of Might
[19:56:35.699] [N] Adding Judgement of Light
[19:56:35.700] [N] Adding Judgement of Wisdom
[19:56:35.701] [N] Adding Retribution Aura
[19:56:35.701] [N] Adding Seal of Command
[19:56:35.702] [N] Spell book built
[19:56:35.703] [D] [SpellManager] Subscribed to LEARNED_SPELL_IN_TAB, ACTIVE_TALENT_GROUP_CHANGED
[19:56:35.965] [D] [Pulse] Slow plugin: name=AutoEquip2 elapsed=190ms
[19:56:36.032] [D] [Pulse] Slow plugin: name=Tidy Bags 3 Reloaded elapsed=65ms
[19:56:36.032] [D] [Pulse] Slow shared pulse: total=328ms movement=0 objects=0 lua=25 info=0 loot=1 targeting=43 events=0 plugins=256 routine=0
[19:56:36.300] [N] [Singular] Casting Blessing of Might on Druid
[19:56:36.300] [D] Spell_C::CastSpell(19835, 0, 0x6000000007E28FF, 0)
[19:56:36.334] [D] [Pulse] Slow bot root: 268ms bot=Combat Bot poi=None combat=False
[19:56:36.566] [D] [Pulse] Slow bot root: 134ms bot=Combat Bot poi=None combat=False
[19:56:36.799] [D] [Pulse] Slow bot root: 134ms bot=Combat Bot poi=None combat=False
[19:56:37.033] [D] [Pulse] Slow bot root: 135ms bot=Combat Bot poi=None combat=False
[19:56:37.267] [D] [Pulse] Slow bot root: 132ms bot=Combat Bot poi=None combat=False
[19:56:37.501] [D] [Pulse] Slow bot root: 133ms bot=Combat Bot poi=None combat=False
[19:56:37.737] [D] [Pulse] Slow bot root: 135ms bot=Combat Bot poi=None combat=False
[19:56:37.996] [D] [Pulse] Slow bot root: 133ms bot=Combat Bot poi=None combat=False
[19:56:38.230] [D] [Pulse] Slow bot root: 134ms bot=Combat Bot poi=None combat=False
[19:56:38.565] [D] [Pulse] Slow bot root: 234ms bot=Combat Bot poi=None combat=False
[19:56:38.897] [D] [Pulse] Slow bot root: 231ms bot=Combat Bot poi=None combat=False
[19:56:39.233] [D] [Pulse] Slow bot root: 234ms bot=Combat Bot poi=None combat=False
[19:56:55.912] [D] [Pulse] Slow plugin: name=AutoEquip2 elapsed=37ms
[19:57:05.963] [D] [Pulse] Slow plugin: name=AutoEquip2 elapsed=36ms
[19:57:15.989] [D] [Pulse] Slow plugin: name=AutoEquip2 elapsed=37ms
[19:57:26.086] [D] [Pulse] Slow plugin: name=AutoEquip2 elapsed=50ms
[19:57:31.119] [N] [Singular] Casting Blessing of Might on Druid
[19:57:31.119] [D] Spell_C::CastSpell(19835, 0, 0x6000000007F5D8B, 0)
[19:57:36.125] [D] [Pulse] Slow plugin: name=AutoEquip2 elapsed=32ms
[19:57:46.011] [N] [Singular] Casting Blessing of Might on Myself
[19:57:46.011] [D] Spell_C::CastSpell(19835, 0, 0x6000000007EAB80, 0)
[19:57:46.156] [D] [Pulse] Slow plugin: name=AutoEquip2 elapsed=34ms
[19:57:48.818] [N] [Singular] Casting Blessing of Might on Hunter
[19:57:48.818] [D] Spell_C::CastSpell(19835, 0, 0x6000000007EDA68, 0)
[19:57:51.001] [N] [Singular] Casting Blessing of Might on Hunter
[19:57:51.001] [D] Spell_C::CastSpell(19835, 0, 0x6000000007F46C5, 0)
[19:57:56.223] [D] [Pulse] Slow plugin: name=AutoEquip2 elapsed=33ms
[19:58:01.570] [D] [Pulse] Slow bot root: 112ms bot=Combat Bot poi=None combat=False
[19:58:06.334] [D] [Pulse] Slow plugin: name=AutoEquip2 elapsed=52ms
[19:58:18.608] [D] [Pulse] Slow plugin: name=Tidy Bags 3 Reloaded elapsed=22ms
[19:58:18.951] [D] [Singular-DEBUG] Switched targets!
[19:58:18.951] [D] [Singular-DEBUG] Melee Distance: 5
[19:58:18.951] [D] [Singular-DEBUG] Health: 61.85968819599109
[19:58:18.951] [D] [Singular-DEBUG] Level: 25
[19:58:20.774] [N] [Singular] Casting Exorcism on Irradiated Pillager
[19:58:20.774] [D] Spell_C::CastSpell(879, 0, 0xF1300018B9000109, 0)
[19:58:23.452] [N] [Singular] Currect target is invalid. Switching to Irradiated Pillager!
[19:58:23.464] [D] [Pulse] Slow bot root: 1072ms bot=Combat Bot poi=None combat=True
[19:58:23.778] [D] [Singular-DEBUG] Switched targets!
[19:58:23.778] [D] [Singular-DEBUG] Melee Distance: 5
[19:58:23.778] [D] [Singular-DEBUG] Health: 100
[19:58:23.778] [D] [Singular-DEBUG] Level: 25
[19:58:23.973] [D] [Nav] Loaded 2 mesh tiles for one path query
[19:58:23.985] [D] [Pulse] Slow bot root: 110ms bot=Combat Bot poi=None combat=True
[19:58:25.124] [N] [Singular] Casting Judgement of Light on Irradiated Pillager
[19:58:25.124] [D] Spell_C::CastSpell(20271, 0, 0xF1300018B9000107, 0)
[19:58:26.700] [N] [Singular] Casting Exorcism on Irradiated Pillager
[19:58:26.700] [D] Spell_C::CastSpell(879, 0, 0xF1300018B9000107, 0)
[19:58:27.770] [N] [AutoEquip]: Loot roll in progress
[19:58:27.790] [N] [AutoEquip]: Equipped item in slot:LegsSlot scored 31.190002 while loot-roll item scored:2.2666667
[19:58:27.790] [N] [AutoEquip]: Rolling Greed
[19:58:31.951] [D] [Pulse] Slow plugin: name=Tidy Bags 3 Reloaded elapsed=23ms
[19:58:34.948] [D] [Pulse] Slow bot root: 100ms bot=Combat Bot poi=None combat=False
[19:58:36.435] [D] [Pulse] Slow plugin: name=AutoEquip2 elapsed=46ms
[19:58:37.036] [D] [Pulse] Slow bot root: 104ms bot=Combat Bot poi=None combat=False
[19:58:37.207] [D] [Pulse] Slow bot root: 112ms bot=Combat Bot poi=None combat=False
[19:58:37.418] [D] [Pulse] Slow bot root: 114ms bot=Combat Bot poi=None combat=False
[19:58:37.657] [D] [Pulse] Slow bot root: 156ms bot=Combat Bot poi=None combat=False
[19:58:37.853] [D] [Pulse] Slow bot root: 112ms bot=Combat Bot poi=None combat=False
[19:58:38.077] [D] [Pulse] Slow bot root: 133ms bot=Combat Bot poi=None combat=False
[19:58:38.314] [D] [Pulse] Slow bot root: 135ms bot=Combat Bot poi=None combat=False
[19:58:42.184] [D] [Pulse] Slow plugin: name=Tidy Bags 3 Reloaded elapsed=29ms
[19:58:42.506] [D] [Pulse] Slow bot root: 105ms bot=Combat Bot poi=None combat=False
[19:58:42.626] [N] [Singular] Casting Lay on Hands on Myself
[19:58:42.626] [D] Spell_C::CastSpell(633, 0, 0x6000000007EAB80, 0)
[19:58:42.813] [N] Eating Bristle Whisker Catfish
[19:58:43.260] [D] [Pulse] Slow bot root: 123ms bot=Combat Bot poi=None combat=False
[19:58:43.466] [N] [Singular] Currect target is invalid. Switching to Viscous Fallout!
[19:58:43.766] [D] [Singular-DEBUG] Switched targets!
[19:58:43.766] [D] [Singular-DEBUG] Melee Distance: 5
[19:58:43.766] [D] [Singular-DEBUG] Health: 100
[19:58:43.766] [D] [Singular-DEBUG] Level: 28
[19:58:44.264] [N] [Singular] Casting Judgement of Light on Viscous Fallout
[19:58:44.264] [D] Spell_C::CastSpell(20271, 0, 0xF130001BA700011B, 0)
[19:58:48.643] [N] Stopping the bot!
[19:58:48.644] [N] Bot stopping! Reason: User request
[19:58:48.646] [D] Exception in GetReturnValues: Thread was interrupted from a waiting state.
[19:58:48.788] [D] [Pulse] Slow bot root: 200ms bot=Combat Bot poi=None combat=True
[19:58:48.788] [D] Cleared POI
[19:58:48.788] [D] Worker thread exited cleanly
[19:58:58.054] [D] [Settings] Saved all settings
[19:58:58.055] [N] Starting the bot.
[19:58:58.056] [N] Currently Using BotBase : Combat Bot
[19:58:58.057] [N] Character is a level 26 BloodElf Paladin
[19:58:58.058] [N] Current zone is Gnomeregan
[19:58:58.059] [D] Loading profile from D:\World of Warcraft 3.3.5a\CB\Bots\WholesomeAutoQuest\WHOLESOME_AUTOQUESTER.xml
[19:58:58.059] [D] [CompileBatch] Compiling 1 entries...
[19:58:58.135] [D] [CompileBatch] Compiled successfully.
[19:58:58.135] [N] Profile loaded: WholesomeAQ - Thousand Needles
[19:58:58.589] [D] [QuestLog] Loaded 76 completed quests from Lua fallback
[19:58:58.630] [D] Selected sub-profile: WholesomeAQ - Thousand Needles (L1-80)
[19:58:58.668] [D] Setting CVars: autoSelfCast=1, autoLootDefault=1
[19:58:58.691] [D] Cleared POI
[19:58:58.691] [D] Refresh() called. LastCount=0, CurrentCount=34
[19:58:58.691] [N] Building spell book
[19:58:58.693] [D] Found 34 spells from LocalPlayer.KnownSpells
[19:58:58.693] [N] Adding Arcane Affinity
[19:58:58.693] [N] Adding Arcane Torrent
[19:58:58.694] [N] Adding Auto Attack
[19:58:58.696] [N] Adding Block
[19:58:58.697] [N] Adding Dodge
[19:58:58.697] [N] Adding Magic Resistance
[19:58:58.698] [N] Adding Parry
[19:58:58.699] [N] Adding Blessing of Wisdom
[19:58:58.700] [N] Adding Concentration Aura
[19:58:58.701] [N] Adding Consecration
[19:58:58.702] [N] Adding Exorcism
[19:58:58.703] [N] Adding Flash of Light
[19:58:58.704] [N] Adding Holy Light
[19:58:58.705] [N] Adding Lay on Hands
[19:58:58.711] [N] Adding Purify
[19:58:58.713] [N] Adding Seal of Righteousness
[19:58:58.714] [N] Adding Sense Undead
[19:58:58.715] [N] Adding Turn Evil
[19:58:58.715] [N] Adding Blessing of Kings
[19:58:58.716] [N] Adding Devotion Aura
[19:58:58.717] [N] Adding Divine Protection
[19:58:58.718] [N] Adding Hammer of Justice
[19:58:58.719] [N] Adding Hand of Freedom
[19:58:58.720] [N] Adding Hand of Protection
[19:58:58.721] [N] Adding Hand of Reckoning
[19:58:58.722] [N] Adding Hand of Salvation
[19:58:58.723] [N] Adding Righteous Defense
[19:58:58.724] [N] Adding Righteous Fury
[19:58:58.725] [N] Adding Seal of Justice
[19:58:58.726] [N] Adding Blessing of Might
[19:58:58.727] [N] Adding Judgement of Light
[19:58:58.728] [N] Adding Judgement of Wisdom
[19:58:58.729] [N] Adding Retribution Aura
[19:58:58.730] [N] Adding Seal of Command
[19:58:58.731] [N] Spell book built
[19:58:58.732] [D] [SpellManager] Initialize — subscribed to BotEvents.OnBotStart
[19:58:58.732] [D] Default area costs set (Road=1.0, Ground=1.66)
[19:58:58.732] [D] Faction filter set: Horde (excluding Alliance paths)
[19:58:58.733] [D] Refresh() called. LastCount=0, CurrentCount=34
[19:58:58.733] [N] Building spell book
[19:58:58.734] [D] Found 34 spells from LocalPlayer.KnownSpells
[19:58:58.734] [N] Adding Arcane Affinity
[19:58:58.735] [N] Adding Arcane Torrent
[19:58:58.736] [N] Adding Auto Attack
[19:58:58.737] [N] Adding Block
[19:58:58.737] [N] Adding Dodge
[19:58:58.738] [N] Adding Magic Resistance
[19:58:58.739] [N] Adding Parry
[19:58:58.740] [N] Adding Blessing of Wisdom
[19:58:58.741] [N] Adding Concentration Aura
[19:58:58.744] [N] Adding Consecration
[19:58:58.745] [N] Adding Exorcism
[19:58:58.746] [N] Adding Flash of Light
[19:58:58.747] [N] Adding Holy Light
[19:58:58.748] [N] Adding Lay on Hands
[19:58:58.749] [N] Adding Purify
[19:58:58.750] [N] Adding Seal of Righteousness
[19:58:58.751] [N] Adding Sense Undead
[19:58:58.752] [N] Adding Turn Evil
[19:58:58.753] [N] Adding Blessing of Kings
[19:58:58.754] [N] Adding Devotion Aura
[19:58:58.755] [N] Adding Divine Protection
[19:58:58.756] [N] Adding Hammer of Justice
[19:58:58.756] [N] Adding Hand of Freedom
[19:58:58.757] [N] Adding Hand of Protection
[19:58:58.758] [N] Adding Hand of Reckoning
[19:58:58.759] [N] Adding Hand of Salvation
[19:58:58.760] [N] Adding Righteous Defense
[19:58:58.761] [N] Adding Righteous Fury
[19:58:58.762] [N] Adding Seal of Justice
[19:58:58.763] [N] Adding Blessing of Might
[19:58:58.764] [N] Adding Judgement of Light
[19:58:58.765] [N] Adding Judgement of Wisdom
[19:58:58.766] [N] Adding Retribution Aura
[19:58:58.767] [N] Adding Seal of Command
[19:58:58.768] [N] Spell book built
[19:58:58.770] [D] [SpellManager] Subscribed to LEARNED_SPELL_IN_TAB, ACTIVE_TALENT_GROUP_CHANGED
[19:58:58.770] [D] Refresh() called. LastCount=0, CurrentCount=34
[19:58:58.770] [N] Building spell book
[19:58:58.771] [D] Found 34 spells from LocalPlayer.KnownSpells
[19:58:58.771] [N] Adding Arcane Affinity
[19:58:58.772] [N] Adding Arcane Torrent
[19:58:58.773] [N] Adding Auto Attack
[19:58:58.774] [N] Adding Block
[19:58:58.775] [N] Adding Dodge
[19:58:58.776] [N] Adding Magic Resistance
[19:58:58.777] [N] Adding Parry
[19:58:58.778] [N] Adding Blessing of Wisdom
[19:58:58.779] [N] Adding Concentration Aura
[19:58:58.779] [N] Adding Consecration
[19:58:58.780] [N] Adding Exorcism
[19:58:58.781] [N] Adding Flash of Light
[19:58:58.782] [N] Adding Holy Light
[19:58:58.783] [N] Adding Lay on Hands
[19:58:58.784] [N] Adding Purify
[19:58:58.786] [N] Adding Seal of Righteousness
[19:58:58.787] [N] Adding Sense Undead
[19:58:58.788] [N] Adding Turn Evil
[19:58:58.789] [N] Adding Blessing of Kings
[19:58:58.790] [N] Adding Devotion Aura
[19:58:58.791] [N] Adding Divine Protection
[19:58:58.792] [N] Adding Hammer of Justice
[19:58:58.793] [N] Adding Hand of Freedom
[19:58:58.794] [N] Adding Hand of Protection
[19:58:58.795] [N] Adding Hand of Reckoning
[19:58:58.796] [N] Adding Hand of Salvation
[19:58:58.797] [N] Adding Righteous Defense
[19:58:58.798] [N] Adding Righteous Fury
[19:58:58.799] [N] Adding Seal of Justice
[19:58:58.800] [N] Adding Blessing of Might
[19:58:58.801] [N] Adding Judgement of Light
[19:58:58.802] [N] Adding Judgement of Wisdom
[19:58:58.803] [N] Adding Retribution Aura
[19:58:58.804] [N] Adding Seal of Command
[19:58:58.805] [N] Spell book built
[19:58:58.807] [D] [SpellManager] Subscribed to LEARNED_SPELL_IN_TAB, ACTIVE_TALENT_GROUP_CHANGED
[19:58:58.807] [D] Refresh() called. LastCount=0, CurrentCount=34
[19:58:58.807] [N] Building spell book
[19:58:58.808] [D] Found 34 spells from LocalPlayer.KnownSpells
[19:58:58.808] [N] Adding Arcane Affinity
[19:58:58.809] [N] Adding Arcane Torrent
[19:58:58.810] [N] Adding Auto Attack
[19:58:58.811] [N] Adding Block
[19:58:58.812] [N] Adding Dodge
[19:58:58.813] [N] Adding Magic Resistance
[19:58:58.814] [N] Adding Parry
[19:58:58.815] [N] Adding Blessing of Wisdom
[19:58:58.816] [N] Adding Concentration Aura
[19:58:58.817] [N] Adding Consecration
[19:58:58.818] [N] Adding Exorcism
[19:58:58.820] [N] Adding Flash of Light
[19:58:58.821] [N] Adding Holy Light
[19:58:58.822] [N] Adding Lay on Hands
[19:58:58.823] [N] Adding Purify
[19:58:58.824] [N] Adding Seal of Righteousness
[19:58:58.825] [N] Adding Sense Undead
[19:58:58.826] [N] Adding Turn Evil
[19:58:58.827] [N] Adding Blessing of Kings
[19:58:58.828] [N] Adding Devotion Aura
[19:58:58.829] [N] Adding Divine Protection
[19:58:58.830] [N] Adding Hammer of Justice
[19:58:58.831] [N] Adding Hand of Freedom
[19:58:58.832] [N] Adding Hand of Protection
[19:58:58.833] [N] Adding Hand of Reckoning
[19:58:58.834] [N] Adding Hand of Salvation
[19:58:58.835] [N] Adding Righteous Defense
[19:58:58.836] [N] Adding Righteous Fury
[19:58:58.837] [N] Adding Seal of Justice
[19:58:58.838] [N] Adding Blessing of Might
[19:58:58.839] [N] Adding Judgement of Light
[19:58:58.840] [N] Adding Judgement of Wisdom
[19:58:58.841] [N] Adding Retribution Aura
[19:58:58.842] [N] Adding Seal of Command
[19:58:58.843] [N] Spell book built
[19:58:58.845] [D] [SpellManager] Subscribed to LEARNED_SPELL_IN_TAB, ACTIVE_TALENT_GROUP_CHANGED
[19:58:58.845] [D] Refresh() called. LastCount=0, CurrentCount=34
[19:58:58.845] [N] Building spell book
[19:58:58.847] [D] Found 34 spells from LocalPlayer.KnownSpells
[19:58:58.847] [N] Adding Arcane Affinity
[19:58:58.848] [N] Adding Arcane Torrent
[19:58:58.849] [N] Adding Auto Attack
[19:58:58.850] [N] Adding Block
[19:58:58.851] [N] Adding Dodge
[19:58:58.852] [N] Adding Magic Resistance
[19:58:58.853] [N] Adding Parry
[19:58:58.854] [N] Adding Blessing of Wisdom
[19:58:58.855] [N] Adding Concentration Aura
[19:58:58.856] [N] Adding Consecration
[19:58:58.857] [N] Adding Exorcism
[19:58:58.858] [N] Adding Flash of Light
[19:58:58.859] [N] Adding Holy Light
[19:58:58.860] [N] Adding Lay on Hands
[19:58:58.862] [N] Adding Purify
[19:58:58.863] [N] Adding Seal of Righteousness
[19:58:58.864] [N] Adding Sense Undead
[19:58:58.865] [N] Adding Turn Evil
[19:58:58.866] [N] Adding Blessing of Kings
[19:58:58.867] [N] Adding Devotion Aura
[19:58:58.868] [N] Adding Divine Protection
[19:58:58.869] [N] Adding Hammer of Justice
[19:58:58.870] [N] Adding Hand of Freedom
[19:58:58.872] [N] Adding Hand of Protection
[19:58:58.873] [N] Adding Hand of Reckoning
[19:58:58.874] [N] Adding Hand of Salvation
[19:58:58.875] [N] Adding Righteous Defense
[19:58:58.876] [N] Adding Righteous Fury
[19:58:58.877] [N] Adding Seal of Justice
[19:58:58.879] [N] Adding Blessing of Might
[19:58:58.880] [N] Adding Judgement of Light
[19:58:58.881] [N] Adding Judgement of Wisdom
[19:58:58.882] [N] Adding Retribution Aura
[19:58:58.883] [N] Adding Seal of Command
[19:58:58.885] [N] Spell book built
[19:58:58.886] [D] [SpellManager] Subscribed to LEARNED_SPELL_IN_TAB, ACTIVE_TALENT_GROUP_CHANGED
[19:58:58.959] [N] [Singular] Currect target is invalid. Switching to Viscous Fallout!
[19:58:59.281] [D] [Singular-DEBUG] Switched targets!
[19:58:59.281] [D] [Singular-DEBUG] Melee Distance: 5
[19:58:59.281] [D] [Singular-DEBUG] Health: 42.59476357952325
[19:58:59.281] [D] [Singular-DEBUG] Level: 28
[19:58:59.412] [N] [Singular] Casting Exorcism on Viscous Fallout
[19:58:59.412] [D] Spell_C::CastSpell(879, 0, 0xF130001BA700011B, 0)
[19:59:00.754] [D] [Singular-DEBUG] Viscous Fallout is immune to Physical spell school
[19:59:00.989] [N] [Singular] Casting Judgement of Light on Viscous Fallout
[19:59:00.989] [D] Spell_C::CastSpell(20271, 0, 0xF130001BA700011B, 0)
[19:59:01.477] [D] [Pulse] Slow plugin: name=Tidy Bags 3 Reloaded elapsed=21ms
[19:59:02.518] [N] [Singular] Casting Exorcism on Viscous Fallout
[19:59:02.518] [D] Spell_C::CastSpell(879, 0, 0xF130001BA700011B, 0)
[19:59:04.751] [D] [Singular-DEBUG] Viscous Fallout is immune to Physical spell school
[19:59:06.363] [N] [Singular] Currect target is invalid. Switching to Irradiated Horror!
[19:59:06.697] [D] [Singular-DEBUG] Switched targets!
[19:59:06.697] [D] [Singular-DEBUG] Melee Distance: 5
[19:59:06.697] [D] [Singular-DEBUG] Health: 98.60566448801742
[19:59:06.697] [D] [Singular-DEBUG] Level: 28
[19:59:09.399] [N] [Singular] Casting Judgement of Light on Irradiated Horror
[19:59:09.399] [D] Spell_C::CastSpell(20271, 0, 0xF13000184C0000DD, 0)
[19:59:10.427] [D] [Pulse] Slow bot root: 111ms bot=Combat Bot poi=None combat=True
[19:59:17.736] [N] [Singular] Casting Judgement of Light on Irradiated Horror
[19:59:17.736] [D] Spell_C::CastSpell(20271, 0, 0xF13000184C0000DD, 0)
[19:59:19.386] [N] [Singular] Casting Exorcism on Irradiated Horror
[19:59:19.386] [D] Spell_C::CastSpell(879, 0, 0xF13000184C0000DD, 0)
[19:59:21.362] [D] [Pulse] Slow plugin: name=Tidy Bags 3 Reloaded elapsed=22ms
[19:59:21.671] [D] System.NullReferenceException: Object reference not set to an instance of an object.
   at Singular.Helpers.Unit.IsBoss(WoWUnit unit)
   at Singular.ClassSpecific.Paladin.Retribution.<>c.<CreateRetributionPaladinInstancePullAndCombat>b__4_7(Object ret)
   at Singular.Helpers.Spell.<>c__DisplayClass18_0.<Cast>b__0(Object ret)
   at TreeSharp.Decorator.Execute(Object context)+MoveNext()
   at TreeSharp.Composite.Tick(Object context)
[19:59:21.671] [D] System.NullReferenceException: Object reference not set to an instance of an object.
   at Singular.ClassSpecific.Paladin.Retribution.<>c.<CreateRetributionPaladinInstancePullAndCombat>b__4_12(Object ret)
   at Singular.Helpers.Spell.<>c__DisplayClass18_0.<Cast>b__0(Object ret)
   at TreeSharp.Decorator.Execute(Object context)+MoveNext()
   at TreeSharp.Composite.Tick(Object context)
[19:59:21.678] [D] System.NullReferenceException: Object reference not set to an instance of an object.
   at Singular.ClassSpecific.Paladin.Retribution.<>c.<CreateRetributionPaladinInstancePullAndCombat>b__4_14(Object ret)
   at Singular.Helpers.Spell.<>c__DisplayClass18_0.<Cast>b__0(Object ret)
   at TreeSharp.Decorator.Execute(Object context)+MoveNext()
   at TreeSharp.Composite.Tick(Object context)
[19:59:21.684] [D] System.NullReferenceException: Object reference not set to an instance of an object.
   at Singular.ClassSpecific.Paladin.Retribution.<>c.<CreateRetributionPaladinInstancePullAndCombat>b__4_16(Object ret)
   at Singular.Helpers.Spell.<>c__DisplayClass18_0.<Cast>b__0(Object ret)
   at TreeSharp.Decorator.Execute(Object context)+MoveNext()
   at TreeSharp.Composite.Tick(Object context)
[19:59:21.749] [D] System.NullReferenceException: Object reference not set to an instance of an object.
   at Singular.Helpers.Unit.IsBoss(WoWUnit unit)
   at Singular.ClassSpecific.Paladin.Retribution.<>c.<CreateRetributionPaladinInstancePullAndCombat>b__4_7(Object ret)
   at Singular.Helpers.Spell.<>c__DisplayClass18_0.<Cast>b__0(Object ret)
   at TreeSharp.Decorator.Execute(Object context)+MoveNext()
   at TreeSharp.Composite.Tick(Object context)
[19:59:21.750] [D] System.NullReferenceException: Object reference not set to an instance of an object.
   at Singular.ClassSpecific.Paladin.Retribution.<>c.<CreateRetributionPaladinInstancePullAndCombat>b__4_12(Object ret)
   at Singular.Helpers.Spell.<>c__DisplayClass18_0.<Cast>b__0(Object ret)
   at TreeSharp.Decorator.Execute(Object context)+MoveNext()
   at TreeSharp.Composite.Tick(Object context)
[19:59:21.756] [D] System.NullReferenceException: Object reference not set to an instance of an object.
   at Singular.ClassSpecific.Paladin.Retribution.<>c.<CreateRetributionPaladinInstancePullAndCombat>b__4_14(Object ret)
   at Singular.Helpers.Spell.<>c__DisplayClass18_0.<Cast>b__0(Object ret)
   at TreeSharp.Decorator.Execute(Object context)+MoveNext()
   at TreeSharp.Composite.Tick(Object context)
[19:59:21.762] [D] System.NullReferenceException: Object reference not set to an instance of an object.
   at Singular.ClassSpecific.Paladin.Retribution.<>c.<CreateRetributionPaladinInstancePullAndCombat>b__4_16(Object ret)
   at Singular.Helpers.Spell.<>c__DisplayClass18_0.<Cast>b__0(Object ret)
   at TreeSharp.Decorator.Execute(Object context)+MoveNext()
   at TreeSharp.Composite.Tick(Object context)
[19:59:21.830] [D] System.NullReferenceException: Object reference not set to an instance of an object.
   at Singular.Helpers.Unit.IsBoss(WoWUnit unit)
   at Singular.ClassSpecific.Paladin.Retribution.<>c.<CreateRetributionPaladinInstancePullAndCombat>b__4_7(Object ret)
   at Singular.Helpers.Spell.<>c__DisplayClass18_0.<Cast>b__0(Object ret)
   at TreeSharp.Decorator.Execute(Object context)+MoveNext()
   at TreeSharp.Composite.Tick(Object context)
[19:59:21.830] [D] System.NullReferenceException: Object reference not set to an instance of an object.
   at Singular.ClassSpecific.Paladin.Retribution.<>c.<CreateRetributionPaladinInstancePullAndCombat>b__4_12(Object ret)
   at Singular.Helpers.Spell.<>c__DisplayClass18_0.<Cast>b__0(Object ret)
   at TreeSharp.Decorator.Execute(Object context)+MoveNext()
   at TreeSharp.Composite.Tick(Object context)
[19:59:21.836] [D] System.NullReferenceException: Object reference not set to an instance of an object.
   at Singular.ClassSpecific.Paladin.Retribution.<>c.<CreateRetributionPaladinInstancePullAndCombat>b__4_14(Object ret)
   at Singular.Helpers.Spell.<>c__DisplayClass18_0.<Cast>b__0(Object ret)
   at TreeSharp.Decorator.Execute(Object context)+MoveNext()
   at TreeSharp.Composite.Tick(Object context)
[19:59:21.842] [D] System.NullReferenceException: Object reference not set to an instance of an object.
   at Singular.ClassSpecific.Paladin.Retribution.<>c.<CreateRetributionPaladinInstancePullAndCombat>b__4_16(Object ret)
   at Singular.Helpers.Spell.<>c__DisplayClass18_0.<Cast>b__0(Object ret)
   at TreeSharp.Decorator.Execute(Object context)+MoveNext()
   at TreeSharp.Composite.Tick(Object context)
[19:59:21.843] [N] [AutoEquip]: Loot roll in progress
[19:59:21.866] [N] [AutoEquip]: Equipped item in slot:MainHandSlot scored 72.66235 while loot-roll item scored:101.10715
[19:59:21.872] [N] [AutoEquip]: Rolling Greed
[19:59:21.949] [D] System.NullReferenceException: Object reference not set to an instance of an object.
   at Singular.Helpers.Unit.IsBoss(WoWUnit unit)
   at Singular.ClassSpecific.Paladin.Retribution.<>c.<CreateRetributionPaladinInstancePullAndCombat>b__4_7(Object ret)
   at Singular.Helpers.Spell.<>c__DisplayClass18_0.<Cast>b__0(Object ret)
   at TreeSharp.Decorator.Execute(Object context)+MoveNext()
   at TreeSharp.Composite.Tick(Object context)
[19:59:21.949] [D] System.NullReferenceException: Object reference not set to an instance of an object.
   at Singular.ClassSpecific.Paladin.Retribution.<>c.<CreateRetributionPaladinInstancePullAndCombat>b__4_12(Object ret)
   at Singular.Helpers.Spell.<>c__DisplayClass18_0.<Cast>b__0(Object ret)
   at TreeSharp.Decorator.Execute(Object context)+MoveNext()
   at TreeSharp.Composite.Tick(Object context)
[19:59:21.956] [D] System.NullReferenceException: Object reference not set to an instance of an object.
   at Singular.ClassSpecific.Paladin.Retribution.<>c.<CreateRetributionPaladinInstancePullAndCombat>b__4_14(Object ret)
   at Singular.Helpers.Spell.<>c__DisplayClass18_0.<Cast>b__0(Object ret)
   at TreeSharp.Decorator.Execute(Object context)+MoveNext()
   at TreeSharp.Composite.Tick(Object context)
[19:59:21.962] [D] System.NullReferenceException: Object reference not set to an instance of an object.
   at Singular.ClassSpecific.Paladin.Retribution.<>c.<CreateRetributionPaladinInstancePullAndCombat>b__4_16(Object ret)
   at Singular.Helpers.Spell.<>c__DisplayClass18_0.<Cast>b__0(Object ret)
   at TreeSharp.Decorator.Execute(Object context)+MoveNext()
   at TreeSharp.Composite.Tick(Object context)
[19:59:22.030] [D] System.NullReferenceException: Object reference not set to an instance of an object.
   at Singular.Helpers.Unit.IsBoss(WoWUnit unit)
   at Singular.ClassSpecific.Paladin.Retribution.<>c.<CreateRetributionPaladinInstancePullAndCombat>b__4_7(Object ret)
   at Singular.Helpers.Spell.<>c__DisplayClass18_0.<Cast>b__0(Object ret)
   at TreeSharp.Decorator.Execute(Object context)+MoveNext()
   at TreeSharp.Composite.Tick(Object context)
[19:59:22.030] [D] System.NullReferenceException: Object reference not set to an instance of an object.
   at Singular.ClassSpecific.Paladin.Retribution.<>c.<CreateRetributionPaladinInstancePullAndCombat>b__4_12(Object ret)
   at Singular.Helpers.Spell.<>c__DisplayClass18_0.<Cast>b__0(Object ret)
   at TreeSharp.Decorator.Execute(Object context)+MoveNext()
   at TreeSharp.Composite.Tick(Object context)
[19:59:22.036] [D] System.NullReferenceException: Object reference not set to an instance of an object.
   at Singular.ClassSpecific.Paladin.Retribution.<>c.<CreateRetributionPaladinInstancePullAndCombat>b__4_14(Object ret)
   at Singular.Helpers.Spell.<>c__DisplayClass18_0.<Cast>b__0(Object ret)
   at TreeSharp.Decorator.Execute(Object context)+MoveNext()
   at TreeSharp.Composite.Tick(Object context)
[19:59:22.043] [D] System.NullReferenceException: Object reference not set to an instance of an object.
   at Singular.ClassSpecific.Paladin.Retribution.<>c.<CreateRetributionPaladinInstancePullAndCombat>b__4_16(Object ret)
   at Singular.Helpers.Spell.<>c__DisplayClass18_0.<Cast>b__0(Object ret)
   at TreeSharp.Decorator.Execute(Object context)+MoveNext()
   at TreeSharp.Composite.Tick(Object context)
[19:59:22.135] [D] System.NullReferenceException: Object reference not set to an instance of an object.
   at Singular.Helpers.Unit.IsBoss(WoWUnit unit)
   at Singular.ClassSpecific.Paladin.Retribution.<>c.<CreateRetributionPaladinInstancePullAndCombat>b__4_7(Object ret)
   at Singular.Helpers.Spell.<>c__DisplayClass18_0.<Cast>b__0(Object ret)
   at TreeSharp.Decorator.Execute(Object context)+MoveNext()
   at TreeSharp.Composite.Tick(Object context)
[19:59:22.136] [D] System.NullReferenceException: Object reference not set to an instance of an object.
   at Singular.ClassSpecific.Paladin.Retribution.<>c.<CreateRetributionPaladinInstancePullAndCombat>b__4_12(Object ret)
   at Singular.Helpers.Spell.<>c__DisplayClass18_0.<Cast>b__0(Object ret)
   at TreeSharp.Decorator.Execute(Object context)+MoveNext()
   at TreeSharp.Composite.Tick(Object context)
[19:59:22.141] [D] System.NullReferenceException: Object reference not set to an instance of an object.
   at Singular.ClassSpecific.Paladin.Retribution.<>c.<CreateRetributionPaladinInstancePullAndCombat>b__4_14(Object ret)
   at Singular.Helpers.Spell.<>c__DisplayClass18_0.<Cast>b__0(Object ret)
   at TreeSharp.Decorator.Execute(Object context)+MoveNext()
   at TreeSharp.Composite.Tick(Object context)
[19:59:22.147] [D] System.NullReferenceException: Object reference not set to an instance of an object.
   at Singular.ClassSpecific.Paladin.Retribution.<>c.<CreateRetributionPaladinInstancePullAndCombat>b__4_16(Object ret)
   at Singular.Helpers.Spell.<>c__DisplayClass18_0.<Cast>b__0(Object ret)
   at TreeSharp.Decorator.Execute(Object context)+MoveNext()
   at TreeSharp.Composite.Tick(Object context)
[19:59:22.269] [D] System.NullReferenceException: Object reference not set to an instance of an object.
   at Singular.Helpers.Unit.IsBoss(WoWUnit unit)
   at Singular.ClassSpecific.Paladin.Retribution.<>c.<CreateRetributionPaladinInstancePullAndCombat>b__4_7(Object ret)
   at Singular.Helpers.Spell.<>c__DisplayClass18_0.<Cast>b__0(Object ret)
   at TreeSharp.Decorator.Execute(Object context)+MoveNext()
   at TreeSharp.Composite.Tick(Object context)
[19:59:22.269] [D] System.NullReferenceException: Object reference not set to an instance of an object.
   at Singular.ClassSpecific.Paladin.Retribution.<>c.<CreateRetributionPaladinInstancePullAndCombat>b__4_12(Object ret)
   at Singular.Helpers.Spell.<>c__DisplayClass18_0.<Cast>b__0(Object ret)
   at TreeSharp.Decorator.Execute(Object context)+MoveNext()
   at TreeSharp.Composite.Tick(Object context)
[19:59:22.275] [D] System.NullReferenceException: Object reference not set to an instance of an object.
   at Singular.ClassSpecific.Paladin.Retribution.<>c.<CreateRetributionPaladinInstancePullAndCombat>b__4_14(Object ret)
   at Singular.Helpers.Spell.<>c__DisplayClass18_0.<Cast>b__0(Object ret)
   at TreeSharp.Decorator.Execute(Object context)+MoveNext()
   at TreeSharp.Composite.Tick(Object context)
[19:59:22.280] [D] System.NullReferenceException: Object reference not set to an instance of an object.
   at Singular.ClassSpecific.Paladin.Retribution.<>c.<CreateRetributionPaladinInstancePullAndCombat>b__4_16(Object ret)
   at Singular.Helpers.Spell.<>c__DisplayClass18_0.<Cast>b__0(Object ret)
   at TreeSharp.Decorator.Execute(Object context)+MoveNext()
   at TreeSharp.Composite.Tick(Object context)
[19:59:22.404] [D] System.NullReferenceException: Object reference not set to an instance of an object.
   at Singular.Helpers.Unit.IsBoss(WoWUnit unit)
   at Singular.ClassSpecific.Paladin.Retribution.<>c.<CreateRetributionPaladinInstancePullAndCombat>b__4_7(Object ret)
   at Singular.Helpers.Spell.<>c__DisplayClass18_0.<Cast>b__0(Object ret)
   at TreeSharp.Decorator.Execute(Object context)+MoveNext()
   at TreeSharp.Composite.Tick(Object context)
[19:59:22.404] [D] System.NullReferenceException: Object reference not set to an instance of an object.
   at Singular.ClassSpecific.Paladin.Retribution.<>c.<CreateRetributionPaladinInstancePullAndCombat>b__4_12(Object ret)
   at Singular.Helpers.Spell.<>c__DisplayClass18_0.<Cast>b__0(Object ret)
   at TreeSharp.Decorator.Execute(Object context)+MoveNext()
   at TreeSharp.Composite.Tick(Object context)
[19:59:22.410] [D] System.NullReferenceException: Object reference not set to an instance of an object.
   at Singular.ClassSpecific.Paladin.Retribution.<>c.<CreateRetributionPaladinInstancePullAndCombat>b__4_14(Object ret)
   at Singular.Helpers.Spell.<>c__DisplayClass18_0.<Cast>b__0(Object ret)
   at TreeSharp.Decorator.Execute(Object context)+MoveNext()
   at TreeSharp.Composite.Tick(Object context)
[19:59:22.415] [D] System.NullReferenceException: Object reference not set to an instance of an object.
   at Singular.ClassSpecific.Paladin.Retribution.<>c.<CreateRetributionPaladinInstancePullAndCombat>b__4_16(Object ret)
   at Singular.Helpers.Spell.<>c__DisplayClass18_0.<Cast>b__0(Object ret)
   at TreeSharp.Decorator.Execute(Object context)+MoveNext()
   at TreeSharp.Composite.Tick(Object context)
[19:59:22.536] [D] System.NullReferenceException: Object reference not set to an instance of an object.
   at Singular.Helpers.Unit.IsBoss(WoWUnit unit)
   at Singular.ClassSpecific.Paladin.Retribution.<>c.<CreateRetributionPaladinInstancePullAndCombat>b__4_7(Object ret)
   at Singular.Helpers.Spell.<>c__DisplayClass18_0.<Cast>b__0(Object ret)
   at TreeSharp.Decorator.Execute(Object context)+MoveNext()
   at TreeSharp.Composite.Tick(Object context)
[19:59:22.537] [D] System.NullReferenceException: Object reference not set to an instance of an object.
   at Singular.ClassSpecific.Paladin.Retribution.<>c.<CreateRetributionPaladinInstancePullAndCombat>b__4_12(Object ret)
   at Singular.Helpers.Spell.<>c__DisplayClass18_0.<Cast>b__0(Object ret)
   at TreeSharp.Decorator.Execute(Object context)+MoveNext()
   at TreeSharp.Composite.Tick(Object context)
[19:59:22.542] [D] System.NullReferenceException: Object reference not set to an instance of an object.
   at Singular.ClassSpecific.Paladin.Retribution.<>c.<CreateRetributionPaladinInstancePullAndCombat>b__4_14(Object ret)
   at Singular.Helpers.Spell.<>c__DisplayClass18_0.<Cast>b__0(Object ret)
   at TreeSharp.Decorator.Execute(Object context)+MoveNext()
   at TreeSharp.Composite.Tick(Object context)
[19:59:22.547] [D] System.NullReferenceException: Object reference not set to an instance of an object.
   at Singular.ClassSpecific.Paladin.Retribution.<>c.<CreateRetributionPaladinInstancePullAndCombat>b__4_16(Object ret)
   at Singular.Helpers.Spell.<>c__DisplayClass18_0.<Cast>b__0(Object ret)
   at TreeSharp.Decorator.Execute(Object context)+MoveNext()
   at TreeSharp.Composite.Tick(Object context)
[19:59:22.670] [D] System.NullReferenceException: Object reference not set to an instance of an object.
   at Singular.Helpers.Unit.IsBoss(WoWUnit unit)
   at Singular.ClassSpecific.Paladin.Retribution.<>c.<CreateRetributionPaladinInstancePullAndCombat>b__4_7(Object ret)
   at Singular.Helpers.Spell.<>c__DisplayClass18_0.<Cast>b__0(Object ret)
   at TreeSharp.Decorator.Execute(Object context)+MoveNext()
   at TreeSharp.Composite.Tick(Object context)
[19:59:22.671] [D] System.NullReferenceException: Object reference not set to an instance of an object.
   at Singular.ClassSpecific.Paladin.Retribution.<>c.<CreateRetributionPaladinInstancePullAndCombat>b__4_12(Object ret)
   at Singular.Helpers.Spell.<>c__DisplayClass18_0.<Cast>b__0(Object ret)
   at TreeSharp.Decorator.Execute(Object context)+MoveNext()
   at TreeSharp.Composite.Tick(Object context)
[19:59:22.677] [D] System.NullReferenceException: Object reference not set to an instance of an object.
   at Singular.ClassSpecific.Paladin.Retribution.<>c.<CreateRetributionPaladinInstancePullAndCombat>b__4_14(Object ret)
   at Singular.Helpers.Spell.<>c__DisplayClass18_0.<Cast>b__0(Object ret)
   at TreeSharp.Decorator.Execute(Object context)+MoveNext()
   at TreeSharp.Composite.Tick(Object context)
[19:59:22.682] [D] System.NullReferenceException: Object reference not set to an instance of an object.
   at Singular.ClassSpecific.Paladin.Retribution.<>c.<CreateRetributionPaladinInstancePullAndCombat>b__4_16(Object ret)
   at Singular.Helpers.Spell.<>c__DisplayClass18_0.<Cast>b__0(Object ret)
   at TreeSharp.Decorator.Execute(Object context)+MoveNext()
   at TreeSharp.Composite.Tick(Object context)
[19:59:22.804] [D] System.NullReferenceException: Object reference not set to an instance of an object.
   at Singular.Helpers.Unit.IsBoss(WoWUnit unit)
   at Singular.ClassSpecific.Paladin.Retribution.<>c.<CreateRetributionPaladinInstancePullAndCombat>b__4_7(Object ret)
   at Singular.Helpers.Spell.<>c__DisplayClass18_0.<Cast>b__0(Object ret)
   at TreeSharp.Decorator.Execute(Object context)+MoveNext()
   at TreeSharp.Composite.Tick(Object context)
[19:59:22.804] [D] System.NullReferenceException: Object reference not set to an instance of an object.
   at Singular.ClassSpecific.Paladin.Retribution.<>c.<CreateRetributionPaladinInstancePullAndCombat>b__4_12(Object ret)
   at Singular.Helpers.Spell.<>c__DisplayClass18_0.<Cast>b__0(Object ret)
   at TreeSharp.Decorator.Execute(Object context)+MoveNext()
   at TreeSharp.Composite.Tick(Object context)
[19:59:22.809] [D] System.NullReferenceException: Object reference not set to an instance of an object.
   at Singular.ClassSpecific.Paladin.Retribution.<>c.<CreateRetributionPaladinInstancePullAndCombat>b__4_14(Object ret)
   at Singular.Helpers.Spell.<>c__DisplayClass18_0.<Cast>b__0(Object ret)
   at TreeSharp.Decorator.Execute(Object context)+MoveNext()
   at TreeSharp.Composite.Tick(Object context)
[19:59:22.815] [D] System.NullReferenceException: Object reference not set to an instance of an object.
   at Singular.ClassSpecific.Paladin.Retribution.<>c.<CreateRetributionPaladinInstancePullAndCombat>b__4_16(Object ret)
   at Singular.Helpers.Spell.<>c__DisplayClass18_0.<Cast>b__0(Object ret)
   at TreeSharp.Decorator.Execute(Object context)+MoveNext()
   at TreeSharp.Composite.Tick(Object context)
[19:59:22.937] [D] System.NullReferenceException: Object reference not set to an instance of an object.
   at Singular.Helpers.Unit.IsBoss(WoWUnit unit)
   at Singular.ClassSpecific.Paladin.Retribution.<>c.<CreateRetributionPaladinInstancePullAndCombat>b__4_7(Object ret)
   at Singular.Helpers.Spell.<>c__DisplayClass18_0.<Cast>b__0(Object ret)
   at TreeSharp.Decorator.Execute(Object context)+MoveNext()
   at TreeSharp.Composite.Tick(Object context)
[19:59:22.937] [D] System.NullReferenceException: Object reference not set to an instance of an object.
   at Singular.ClassSpecific.Paladin.Retribution.<>c.<CreateRetributionPaladinInstancePullAndCombat>b__4_12(Object ret)
   at Singular.Helpers.Spell.<>c__DisplayClass18_0.<Cast>b__0(Object ret)
   at TreeSharp.Decorator.Execute(Object context)+MoveNext()
   at TreeSharp.Composite.Tick(Object context)
[19:59:22.943] [D] System.NullReferenceException: Object reference not set to an instance of an object.
   at Singular.ClassSpecific.Paladin.Retribution.<>c.<CreateRetributionPaladinInstancePullAndCombat>b__4_14(Object ret)
   at Singular.Helpers.Spell.<>c__DisplayClass18_0.<Cast>b__0(Object ret)
   at TreeSharp.Decorator.Execute(Object context)+MoveNext()
   at TreeSharp.Composite.Tick(Object context)
[19:59:22.948] [D] System.NullReferenceException: Object reference not set to an instance of an object.
   at Singular.ClassSpecific.Paladin.Retribution.<>c.<CreateRetributionPaladinInstancePullAndCombat>b__4_16(Object ret)
   at Singular.Helpers.Spell.<>c__DisplayClass18_0.<Cast>b__0(Object ret)
   at TreeSharp.Decorator.Execute(Object context)+MoveNext()
   at TreeSharp.Composite.Tick(Object context)
[19:59:23.072] [D] System.NullReferenceException: Object reference not set to an instance of an object.
   at Singular.Helpers.Unit.IsBoss(WoWUnit unit)
   at Singular.ClassSpecific.Paladin.Retribution.<>c.<CreateRetributionPaladinInstancePullAndCombat>b__4_7(Object ret)
   at Singular.Helpers.Spell.<>c__DisplayClass18_0.<Cast>b__0(Object ret)
   at TreeSharp.Decorator.Execute(Object context)+MoveNext()
   at TreeSharp.Composite.Tick(Object context)
[19:59:23.073] [D] System.NullReferenceException: Object reference not set to an instance of an object.
   at Singular.ClassSpecific.Paladin.Retribution.<>c.<CreateRetributionPaladinInstancePullAndCombat>b__4_12(Object ret)
   at Singular.Helpers.Spell.<>c__DisplayClass18_0.<Cast>b__0(Object ret)
   at TreeSharp.Decorator.Execute(Object context)+MoveNext()
   at TreeSharp.Composite.Tick(Object context)
[19:59:23.078] [D] System.NullReferenceException: Object reference not set to an instance of an object.
   at Singular.ClassSpecific.Paladin.Retribution.<>c.<CreateRetributionPaladinInstancePullAndCombat>b__4_14(Object ret)
   at Singular.Helpers.Spell.<>c__DisplayClass18_0.<Cast>b__0(Object ret)
   at TreeSharp.Decorator.Execute(Object context)+MoveNext()
   at TreeSharp.Composite.Tick(Object context)
[19:59:23.083] [D] System.NullReferenceException: Object reference not set to an instance of an object.
   at Singular.ClassSpecific.Paladin.Retribution.<>c.<CreateRetributionPaladinInstancePullAndCombat>b__4_16(Object ret)
   at Singular.Helpers.Spell.<>c__DisplayClass18_0.<Cast>b__0(Object ret)
   at TreeSharp.Decorator.Execute(Object context)+MoveNext()
   at TreeSharp.Composite.Tick(Object context)
[19:59:23.205] [D] System.NullReferenceException: Object reference not set to an instance of an object.
   at Singular.Helpers.Unit.IsBoss(WoWUnit unit)
   at Singular.ClassSpecific.Paladin.Retribution.<>c.<CreateRetributionPaladinInstancePullAndCombat>b__4_7(Object ret)
   at Singular.Helpers.Spell.<>c__DisplayClass18_0.<Cast>b__0(Object ret)
   at TreeSharp.Decorator.Execute(Object context)+MoveNext()
   at TreeSharp.Composite.Tick(Object context)
[19:59:23.205] [D] System.NullReferenceException: Object reference not set to an instance of an object.
   at Singular.ClassSpecific.Paladin.Retribution.<>c.<CreateRetributionPaladinInstancePullAndCombat>b__4_12(Object ret)
   at Singular.Helpers.Spell.<>c__DisplayClass18_0.<Cast>b__0(Object ret)
   at TreeSharp.Decorator.Execute(Object context)+MoveNext()
   at TreeSharp.Composite.Tick(Object context)
[19:59:23.211] [D] System.NullReferenceException: Object reference not set to an instance of an object.
   at Singular.ClassSpecific.Paladin.Retribution.<>c.<CreateRetributionPaladinInstancePullAndCombat>b__4_14(Object ret)
   at Singular.Helpers.Spell.<>c__DisplayClass18_0.<Cast>b__0(Object ret)
   at TreeSharp.Decorator.Execute(Object context)+MoveNext()
   at TreeSharp.Composite.Tick(Object context)
[19:59:23.216] [D] System.NullReferenceException: Object reference not set to an instance of an object.
   at Singular.ClassSpecific.Paladin.Retribution.<>c.<CreateRetributionPaladinInstancePullAndCombat>b__4_16(Object ret)
   at Singular.Helpers.Spell.<>c__DisplayClass18_0.<Cast>b__0(Object ret)
   at TreeSharp.Decorator.Execute(Object context)+MoveNext()
   at TreeSharp.Composite.Tick(Object context)
[19:59:23.347] [D] System.NullReferenceException: Object reference not set to an instance of an object.
   at Singular.Helpers.Unit.IsBoss(WoWUnit unit)
   at Singular.ClassSpecific.Paladin.Retribution.<>c.<CreateRetributionPaladinInstancePullAndCombat>b__4_7(Object ret)
   at Singular.Helpers.Spell.<>c__DisplayClass18_0.<Cast>b__0(Object ret)
   at TreeSharp.Decorator.Execute(Object context)+MoveNext()
   at TreeSharp.Composite.Tick(Object context)
[19:59:23.347] [D] System.NullReferenceException: Object reference not set to an instance of an object.
   at Singular.ClassSpecific.Paladin.Retribution.<>c.<CreateRetributionPaladinInstancePullAndCombat>b__4_12(Object ret)
   at Singular.Helpers.Spell.<>c__DisplayClass18_0.<Cast>b__0(Object ret)
   at TreeSharp.Decorator.Execute(Object context)+MoveNext()
   at TreeSharp.Composite.Tick(Object context)
[19:59:23.352] [D] System.NullReferenceException: Object reference not set to an instance of an object.
   at Singular.ClassSpecific.Paladin.Retribution.<>c.<CreateRetributionPaladinInstancePullAndCombat>b__4_14(Object ret)
   at Singular.Helpers.Spell.<>c__DisplayClass18_0.<Cast>b__0(Object ret)
   at TreeSharp.Decorator.Execute(Object context)+MoveNext()
   at TreeSharp.Composite.Tick(Object context)
[19:59:23.358] [D] System.NullReferenceException: Object reference not set to an instance of an object.
   at Singular.ClassSpecific.Paladin.Retribution.<>c.<CreateRetributionPaladinInstancePullAndCombat>b__4_16(Object ret)
   at Singular.Helpers.Spell.<>c__DisplayClass18_0.<Cast>b__0(Object ret)
   at TreeSharp.Decorator.Execute(Object context)+MoveNext()
   at TreeSharp.Composite.Tick(Object context)
[19:59:23.698] [D] [Pulse] Slow bot root: 235ms bot=Combat Bot poi=None combat=False
[19:59:24.065] [D] [Pulse] Slow bot root: 232ms bot=Combat Bot poi=None combat=False
[19:59:24.094] [N] Stopping the bot!
[19:59:24.096] [N] Bot stopping! Reason: User request
[19:59:24.097] [D] Exception in GetReturnValues: Thread was interrupted from a waiting state.
[19:59:25.831] [N] Changing current bot to: DungeonBuddy
[19:59:26.272] [D] [Pulse] Slow shared pulse: total=2206ms movement=0 objects=0 lua=0 info=0 loot=2 targeting=2139 events=0 plugins=63 routine=0
[19:59:26.375] [N] [DungeonBuddy] No script found for dungeon 14
[19:59:26.438] [N] [DungeonBuddy] No script found for dungeon 14
[19:59:26.671] [N] [DungeonBuddy] No script found for dungeon 14
[19:59:26.705] [D] [Pulse] Slow bot root: 255ms bot=DungeonBuddy poi=None combat=False
[19:59:26.706] [D] Cleared POI
[19:59:26.706] [D] Worker thread exited cleanly
[19:59:28.650] [D] [Settings] Saved all settings
[19:59:28.651] [N] Starting the bot.
[19:59:28.652] [N] Currently Using BotBase : DungeonBuddy
[19:59:28.653] [N] Character is a level 26 BloodElf Paladin
[19:59:28.654] [N] Current zone is Gnomeregan
[19:59:28.655] [D] Loading profile from D:\World of Warcraft 3.3.5a\CB\Bots\WholesomeAutoQuest\WHOLESOME_AUTOQUESTER.xml
[19:59:28.655] [D] [CompileBatch] Compiling 1 entries...
[19:59:28.726] [D] [CompileBatch] Compiled successfully.
[19:59:28.726] [N] Profile loaded: WholesomeAQ - Thousand Needles
[19:59:28.732] [D] Selected sub-profile: WholesomeAQ - Thousand Needles (L1-80)
[19:59:28.737] [N] [DungeonBuddy] Compiling dungeon scripts...
[19:59:29.667] [N] [DungeonBuddy] Loaded 93 dungeon scripts.
[19:59:30.000] [N] [WorldObstacleManager] Geometric avoidance initialized for world navigation.
[19:59:30.065] [D] Setting CVars: autoSelfCast=1, autoLootDefault=1
[19:59:30.132] [D] Cleared POI
[19:59:30.144] [D] Refresh() called. LastCount=0, CurrentCount=34
[19:59:30.144] [N] Building spell book
[19:59:30.146] [D] Found 34 spells from LocalPlayer.KnownSpells
[19:59:30.146] [N] Adding Arcane Affinity
[19:59:30.147] [N] Adding Arcane Torrent
[19:59:30.148] [N] Adding Auto Attack
[19:59:30.149] [N] Adding Block
[19:59:30.150] [N] Adding Dodge
[19:59:30.152] [N] Adding Magic Resistance
[19:59:30.153] [N] Adding Parry
[19:59:30.154] [N] Adding Blessing of Wisdom
[19:59:30.155] [N] Adding Concentration Aura
[19:59:30.156] [N] Adding Consecration
[19:59:30.158] [N] Adding Exorcism
[19:59:30.159] [N] Adding Flash of Light
[19:59:30.160] [N] Adding Holy Light
[19:59:30.161] [N] Adding Lay on Hands
[19:59:30.162] [N] Adding Purify
[19:59:30.164] [N] Adding Seal of Righteousness
[19:59:30.165] [N] Adding Sense Undead
[19:59:30.166] [N] Adding Turn Evil
[19:59:30.167] [N] Adding Blessing of Kings
[19:59:30.168] [N] Adding Devotion Aura
[19:59:30.170] [N] Adding Divine Protection
[19:59:30.176] [N] Adding Hammer of Justice
[19:59:30.177] [N] Adding Hand of Freedom
[19:59:30.178] [N] Adding Hand of Protection
[19:59:30.180] [N] Adding Hand of Reckoning
[19:59:30.181] [N] Adding Hand of Salvation
[19:59:30.182] [N] Adding Righteous Defense
[19:59:30.183] [N] Adding Righteous Fury
[19:59:30.184] [N] Adding Seal of Justice
[19:59:30.185] [N] Adding Blessing of Might
[19:59:30.187] [N] Adding Judgement of Light
[19:59:30.188] [N] Adding Judgement of Wisdom
[19:59:30.189] [N] Adding Retribution Aura
[19:59:30.190] [N] Adding Seal of Command
[19:59:30.192] [N] Spell book built
[19:59:30.193] [D] [SpellManager] Initialize — subscribed to BotEvents.OnBotStart
[19:59:30.193] [D] Default area costs set (Road=1.0, Ground=1.66)
[19:59:30.193] [D] Faction filter set: Horde (excluding Alliance paths)
[19:59:30.193] [D] Refresh() called. LastCount=0, CurrentCount=34
[19:59:30.194] [N] Building spell book
[19:59:30.195] [D] Found 34 spells from LocalPlayer.KnownSpells
[19:59:30.195] [N] Adding Arcane Affinity
[19:59:30.197] [N] Adding Arcane Torrent
[19:59:30.198] [N] Adding Auto Attack
[19:59:30.199] [N] Adding Block
[19:59:30.200] [N] Adding Dodge
[19:59:30.203] [N] Adding Magic Resistance
[19:59:30.204] [N] Adding Parry
[19:59:30.205] [N] Adding Blessing of Wisdom
[19:59:30.206] [N] Adding Concentration Aura
[19:59:30.208] [N] Adding Consecration
[19:59:30.209] [N] Adding Exorcism
[19:59:30.210] [N] Adding Flash of Light
[19:59:30.211] [N] Adding Holy Light
[19:59:30.212] [N] Adding Lay on Hands
[19:59:30.214] [N] Adding Purify
[19:59:30.215] [N] Adding Seal of Righteousness
[19:59:30.216] [N] Adding Sense Undead
[19:59:30.217] [N] Adding Turn Evil
[19:59:30.218] [N] Adding Blessing of Kings
[19:59:30.220] [N] Adding Devotion Aura
[19:59:30.221] [N] Adding Divine Protection
[19:59:30.222] [N] Adding Hammer of Justice
[19:59:30.223] [N] Adding Hand of Freedom
[19:59:30.225] [N] Adding Hand of Protection
[19:59:30.226] [N] Adding Hand of Reckoning
[19:59:30.228] [N] Adding Hand of Salvation
[19:59:30.229] [N] Adding Righteous Defense
[19:59:30.230] [N] Adding Righteous Fury
[19:59:30.232] [N] Adding Seal of Justice
[19:59:30.233] [N] Adding Blessing of Might
[19:59:30.234] [N] Adding Judgement of Light
[19:59:30.235] [N] Adding Judgement of Wisdom
[19:59:30.236] [N] Adding Retribution Aura
[19:59:30.238] [N] Adding Seal of Command
[19:59:30.239] [N] Spell book built
[19:59:30.241] [D] [SpellManager] Subscribed to LEARNED_SPELL_IN_TAB, ACTIVE_TALENT_GROUP_CHANGED
[19:59:30.241] [D] Refresh() called. LastCount=0, CurrentCount=34
[19:59:30.241] [N] Building spell book
[19:59:30.242] [D] Found 34 spells from LocalPlayer.KnownSpells
[19:59:30.242] [N] Adding Arcane Affinity
[19:59:30.244] [N] Adding Arcane Torrent
[19:59:30.245] [N] Adding Auto Attack
[19:59:30.246] [N] Adding Block
[19:59:30.247] [N] Adding Dodge
[19:59:30.249] [N] Adding Magic Resistance
[19:59:30.250] [N] Adding Parry
[19:59:30.251] [N] Adding Blessing of Wisdom
[19:59:30.252] [N] Adding Concentration Aura
[19:59:30.254] [N] Adding Consecration
[19:59:30.256] [N] Adding Exorcism
[19:59:30.257] [N] Adding Flash of Light
[19:59:30.258] [N] Adding Holy Light
[19:59:30.260] [N] Adding Lay on Hands
[19:59:30.261] [N] Adding Purify
[19:59:30.262] [N] Adding Seal of Righteousness
[19:59:30.263] [N] Adding Sense Undead
[19:59:30.265] [N] Adding Turn Evil
[19:59:30.266] [N] Adding Blessing of Kings
[19:59:30.267] [N] Adding Devotion Aura
[19:59:30.268] [N] Adding Divine Protection
[19:59:30.270] [N] Adding Hammer of Justice
[19:59:30.271] [N] Adding Hand of Freedom
[19:59:30.272] [N] Adding Hand of Protection
[19:59:30.274] [N] Adding Hand of Reckoning
[19:59:30.275] [N] Adding Hand of Salvation
[19:59:30.276] [N] Adding Righteous Defense
[19:59:30.277] [N] Adding Righteous Fury
[19:59:30.279] [N] Adding Seal of Justice
[19:59:30.281] [N] Adding Blessing of Might
[19:59:30.282] [N] Adding Judgement of Light
[19:59:30.283] [N] Adding Judgement of Wisdom
[19:59:30.284] [N] Adding Retribution Aura
[19:59:30.286] [N] Adding Seal of Command
[19:59:30.287] [N] Spell book built
[19:59:30.289] [D] [SpellManager] Subscribed to LEARNED_SPELL_IN_TAB, ACTIVE_TALENT_GROUP_CHANGED
[19:59:30.289] [D] Refresh() called. LastCount=0, CurrentCount=34
[19:59:30.289] [N] Building spell book
[19:59:30.291] [D] Found 34 spells from LocalPlayer.KnownSpells
[19:59:30.291] [N] Adding Arcane Affinity
[19:59:30.292] [N] Adding Arcane Torrent
[19:59:30.294] [N] Adding Auto Attack
[19:59:30.295] [N] Adding Block
[19:59:30.296] [N] Adding Dodge
[19:59:30.298] [N] Adding Magic Resistance
[19:59:30.299] [N] Adding Parry
[19:59:30.301] [N] Adding Blessing of Wisdom
[19:59:30.302] [N] Adding Concentration Aura
[19:59:30.304] [N] Adding Consecration
[19:59:30.305] [N] Adding Exorcism
[19:59:30.306] [N] Adding Flash of Light
[19:59:30.308] [N] Adding Holy Light
[19:59:30.310] [N] Adding Lay on Hands
[19:59:30.311] [N] Adding Purify
[19:59:30.312] [N] Adding Seal of Righteousness
[19:59:30.314] [N] Adding Sense Undead
[19:59:30.315] [N] Adding Turn Evil
[19:59:30.316] [N] Adding Blessing of Kings
[19:59:30.318] [N] Adding Devotion Aura
[19:59:30.319] [N] Adding Divine Protection
[19:59:30.320] [N] Adding Hammer of Justice
[19:59:30.322] [N] Adding Hand of Freedom
[19:59:30.323] [N] Adding Hand of Protection
[19:59:30.324] [N] Adding Hand of Reckoning
[19:59:30.325] [N] Adding Hand of Salvation
[19:59:30.327] [N] Adding Righteous Defense
[19:59:30.328] [N] Adding Righteous Fury
[19:59:30.329] [N] Adding Seal of Justice
[19:59:30.331] [N] Adding Blessing of Might
[19:59:30.332] [N] Adding Judgement of Light
[19:59:30.334] [N] Adding Judgement of Wisdom
[19:59:30.336] [N] Adding Retribution Aura
[19:59:30.337] [N] Adding Seal of Command
[19:59:30.339] [N] Spell book built
[19:59:30.340] [D] [SpellManager] Subscribed to LEARNED_SPELL_IN_TAB, ACTIVE_TALENT_GROUP_CHANGED
[19:59:30.340] [D] Refresh() called. LastCount=0, CurrentCount=34
[19:59:30.340] [N] Building spell book
[19:59:30.342] [D] Found 34 spells from LocalPlayer.KnownSpells
[19:59:30.342] [N] Adding Arcane Affinity
[19:59:30.343] [N] Adding Arcane Torrent
[19:59:30.345] [N] Adding Auto Attack
[19:59:30.346] [N] Adding Block
[19:59:30.347] [N] Adding Dodge
[19:59:30.349] [N] Adding Magic Resistance
[19:59:30.350] [N] Adding Parry
[19:59:30.351] [N] Adding Blessing of Wisdom
[19:59:30.353] [N] Adding Concentration Aura
[19:59:30.354] [N] Adding Consecration
[19:59:30.356] [N] Adding Exorcism
[19:59:30.357] [N] Adding Flash of Light
[19:59:30.359] [N] Adding Holy Light
[19:59:30.360] [N] Adding Lay on Hands
[19:59:30.363] [N] Adding Purify
[19:59:30.364] [N] Adding Seal of Righteousness
[19:59:30.366] [N] Adding Sense Undead
[19:59:30.368] [N] Adding Turn Evil
[19:59:30.370] [N] Adding Blessing of Kings
[19:59:30.371] [N] Adding Devotion Aura
[19:59:30.373] [N] Adding Divine Protection
[19:59:30.374] [N] Adding Hammer of Justice
[19:59:30.375] [N] Adding Hand of Freedom
[19:59:30.377] [N] Adding Hand of Protection
[19:59:30.378] [N] Adding Hand of Reckoning
[19:59:30.380] [N] Adding Hand of Salvation
[19:59:30.381] [N] Adding Righteous Defense
[19:59:30.382] [N] Adding Righteous Fury
[19:59:30.384] [N] Adding Seal of Justice
[19:59:30.385] [N] Adding Blessing of Might
[19:59:30.387] [N] Adding Judgement of Light
[19:59:30.388] [N] Adding Judgement of Wisdom
[19:59:30.390] [N] Adding Retribution Aura
[19:59:30.392] [N] Adding Seal of Command
[19:59:30.394] [N] Spell book built
[19:59:30.395] [D] [SpellManager] Subscribed to LEARNED_SPELL_IN_TAB, ACTIVE_TALENT_GROUP_CHANGED
[19:59:30.395] [D] Refresh() called. LastCount=0, CurrentCount=34
[19:59:30.395] [N] Building spell book
[19:59:30.397] [D] Found 34 spells from LocalPlayer.KnownSpells
[19:59:30.397] [N] Adding Arcane Affinity
[19:59:30.399] [N] Adding Arcane Torrent
[19:59:30.400] [N] Adding Auto Attack
[19:59:30.401] [N] Adding Block
[19:59:30.403] [N] Adding Dodge
[19:59:30.404] [N] Adding Magic Resistance
[19:59:30.406] [N] Adding Parry
[19:59:30.407] [N] Adding Blessing of Wisdom
[19:59:30.408] [N] Adding Concentration Aura
[19:59:30.410] [N] Adding Consecration
[19:59:30.411] [N] Adding Exorcism
[19:59:30.413] [N] Adding Flash of Light
[19:59:30.414] [N] Adding Holy Light
[19:59:30.416] [N] Adding Lay on Hands
[19:59:30.418] [N] Adding Purify
[19:59:30.419] [N] Adding Seal of Righteousness
[19:59:30.421] [N] Adding Sense Undead
[19:59:30.422] [N] Adding Turn Evil
[19:59:30.424] [N] Adding Blessing of Kings
[19:59:30.425] [N] Adding Devotion Aura
[19:59:30.427] [N] Adding Divine Protection
[19:59:30.428] [N] Adding Hammer of Justice
[19:59:30.430] [N] Adding Hand of Freedom
[19:59:30.431] [N] Adding Hand of Protection
[19:59:30.432] [N] Adding Hand of Reckoning
[19:59:30.434] [N] Adding Hand of Salvation
[19:59:30.435] [N] Adding Righteous Defense
[19:59:30.437] [N] Adding Righteous Fury
[19:59:30.438] [N] Adding Seal of Justice
[19:59:30.440] [N] Adding Blessing of Might
[19:59:30.441] [N] Adding Judgement of Light
[19:59:30.443] [N] Adding Judgement of Wisdom
[19:59:30.444] [N] Adding Retribution Aura
[19:59:30.446] [N] Adding Seal of Command
[19:59:30.449] [N] Spell book built
[19:59:30.451] [D] [SpellManager] Subscribed to LEARNED_SPELL_IN_TAB, ACTIVE_TALENT_GROUP_CHANGED
[19:59:30.737] [D] [Pulse] Slow plugin: name=AutoEquip2 elapsed=220ms
[19:59:30.890] [N] [DungeonBuddy]: Successfully loaded: Gnomeregan
[19:59:30.892] [N] Entered dungeon: Gnomeregan
[19:59:31.075] [D] [Pulse] Slow bot root: 180ms bot=DungeonBuddy poi=None combat=False
[19:59:31.576] [D] Changed POI to: Type: Kill, Name: Corrosive Lurker, Guid: F13000184B0000D5, Entry: 6219, Location: (-473.84, 48.72, -207.72)
[19:59:31.576] [D] [Pulse] Slow bot root: 404ms bot=DungeonBuddy poi=Kill combat=False
[19:59:31.673] [D] [Pulse] Slow plugin: name=Tidy Bags 3 Reloaded elapsed=53ms
[19:59:32.174] [D] [Pulse] Slow bot root: 499ms bot=DungeonBuddy poi=Kill combat=False
[19:59:32.469] [D] [Singular-DEBUG] Switched targets!
[19:59:32.469] [D] [Singular-DEBUG] Melee Distance: 5.3333335
[19:59:32.469] [D] [Singular-DEBUG] Health: 100
[19:59:32.469] [D] [Singular-DEBUG] Level: 27
[19:59:33.373] [D] [MeshNavigator] Skipped 2 path nodes
[19:59:33.412] [D] [Pulse] Slow bot root: 841ms bot=DungeonBuddy poi=Kill combat=False
[19:59:33.940] [D] Current POI is not the best target. Changing.
[19:59:33.940] [D] Changed POI to: Type: Kill, Name: Irradiated Slime, Guid: F13000184A0000CC, Entry: 6218, Location: (-401.47, 49.89, -208.98)
[19:59:33.940] [D] [Pulse] Slow bot root: 431ms bot=DungeonBuddy poi=Kill combat=False
[19:59:34.512] [D] [Pulse] Slow bot root: 468ms bot=DungeonBuddy poi=Kill combat=False
[19:59:34.815] [D] [Singular-DEBUG] Switched targets!
[19:59:34.815] [D] [Singular-DEBUG] Melee Distance: 5
[19:59:34.815] [D] [Singular-DEBUG] Health: 100
[19:59:34.815] [D] [Singular-DEBUG] Level: 26
[19:59:35.443] [D] [Pulse] Slow bot root: 534ms bot=DungeonBuddy poi=Kill combat=False
[19:59:36.318] [D] [Pulse] Slow bot root: 768ms bot=DungeonBuddy poi=Kill combat=False
[19:59:36.874] [D] [Pulse] Slow bot root: 388ms bot=DungeonBuddy poi=Kill combat=False
[19:59:37.121] [D] [Pulse] Slow bot root: 211ms bot=DungeonBuddy poi=Kill combat=False
[19:59:37.348] [D] [Pulse] Slow bot root: 191ms bot=DungeonBuddy poi=Kill combat=False
[19:59:37.589] [D] [Pulse] Slow bot root: 206ms bot=DungeonBuddy poi=Kill combat=False
[19:59:37.779] [D] [Pulse] Slow bot root: 161ms bot=DungeonBuddy poi=Kill combat=False
[19:59:37.955] [D] [Pulse] Slow bot root: 148ms bot=DungeonBuddy poi=Kill combat=False
[19:59:38.150] [D] [Pulse] Slow bot root: 163ms bot=DungeonBuddy poi=Kill combat=False
[19:59:38.332] [D] [Pulse] Slow bot root: 156ms bot=DungeonBuddy poi=Kill combat=False
[19:59:38.538] [D] [Pulse] Slow bot root: 180ms bot=DungeonBuddy poi=Kill combat=False
[19:59:38.646] [N] Stopping the bot!
[19:59:38.648] [N] Bot stopping! Reason: User request
[19:59:38.650] [D] Exception in GetReturnValues: Thread was interrupted from a waiting state.
[19:59:38.650] [D] Setting roles.
[19:59:38.972] [D] Cleared POI
[19:59:38.972] [D] Worker thread exited cleanly
[19:59:47.519] [N] Changing current bot to: Combat Bot
[19:59:48.721] [D] [Settings] Saved all settings
[19:59:48.721] [N] Starting the bot.
[19:59:48.723] [N] Currently Using BotBase : Combat Bot
[19:59:48.725] [N] Character is a level 26 BloodElf Paladin
[19:59:48.729] [N] Current zone is Gnomeregan
[19:59:48.729] [D] Loading profile from D:\World of Warcraft 3.3.5a\CB\Bots\WholesomeAutoQuest\WHOLESOME_AUTOQUESTER.xml
[19:59:48.730] [D] [CompileBatch] Compiling 1 entries...
[19:59:48.795] [D] [CompileBatch] Compiled successfully.
[19:59:48.795] [N] Profile loaded: WholesomeAQ - Thousand Needles
[19:59:48.808] [D] Selected sub-profile: WholesomeAQ - Thousand Needles (L1-80)
[19:59:48.874] [D] Setting CVars: autoSelfCast=1, autoLootDefault=1
[19:59:48.941] [D] Cleared POI
[19:59:48.941] [D] Refresh() called. LastCount=0, CurrentCount=34
[19:59:48.941] [N] Building spell book
[19:59:48.946] [D] Found 34 spells from LocalPlayer.KnownSpells
[19:59:48.946] [N] Adding Arcane Affinity
[19:59:48.948] [N] Adding Arcane Torrent
[19:59:48.950] [N] Adding Auto Attack
[19:59:48.952] [N] Adding Block
[19:59:48.953] [N] Adding Dodge
[19:59:48.955] [N] Adding Magic Resistance
[19:59:48.956] [N] Adding Parry
[19:59:48.958] [N] Adding Blessing of Wisdom
[19:59:48.960] [N] Adding Concentration Aura
[19:59:48.961] [N] Adding Consecration
[19:59:48.963] [N] Adding Exorcism
[19:59:48.964] [N] Adding Flash of Light
[19:59:48.966] [N] Adding Holy Light
[19:59:48.968] [N] Adding Lay on Hands
[19:59:48.969] [N] Adding Purify
[19:59:48.971] [N] Adding Seal of Righteousness
[19:59:48.973] [N] Adding Sense Undead
[19:59:48.974] [N] Adding Turn Evil
[19:59:48.976] [N] Adding Blessing of Kings
[19:59:48.977] [N] Adding Devotion Aura
[19:59:48.979] [N] Adding Divine Protection
[19:59:48.981] [N] Adding Hammer of Justice
[19:59:48.982] [N] Adding Hand of Freedom
[19:59:48.984] [N] Adding Hand of Protection
[19:59:48.986] [N] Adding Hand of Reckoning
[19:59:48.987] [N] Adding Hand of Salvation
[19:59:48.989] [N] Adding Righteous Defense
[19:59:48.991] [N] Adding Righteous Fury
[19:59:48.992] [N] Adding Seal of Justice
[19:59:48.994] [N] Adding Blessing of Might
[19:59:48.995] [N] Adding Judgement of Light
[19:59:48.997] [N] Adding Judgement of Wisdom
[19:59:48.999] [N] Adding Retribution Aura
[19:59:49.000] [N] Adding Seal of Command
[19:59:49.002] [N] Spell book built
[19:59:49.004] [D] [SpellManager] Initialize — subscribed to BotEvents.OnBotStart
[19:59:49.004] [D] Default area costs set (Road=1.0, Ground=1.66)
[19:59:49.004] [D] Faction filter set: Horde (excluding Alliance paths)
[19:59:49.005] [D] Refresh() called. LastCount=0, CurrentCount=34
[19:59:49.005] [N] Building spell book
[19:59:49.007] [D] Found 34 spells from LocalPlayer.KnownSpells
[19:59:49.007] [N] Adding Arcane Affinity
[19:59:49.009] [N] Adding Arcane Torrent
[19:59:49.011] [N] Adding Auto Attack
[19:59:49.012] [N] Adding Block
[19:59:49.014] [N] Adding Dodge
[19:59:49.016] [N] Adding Magic Resistance
[19:59:49.018] [N] Adding Parry
[19:59:49.019] [N] Adding Blessing of Wisdom
[19:59:49.021] [N] Adding Concentration Aura
[19:59:49.023] [N] Adding Consecration
[19:59:49.025] [N] Adding Exorcism
[19:59:49.026] [N] Adding Flash of Light
[19:59:49.028] [N] Adding Holy Light
[19:59:49.036] [N] Adding Lay on Hands
[19:59:49.038] [N] Adding Purify
[19:59:49.040] [N] Adding Seal of Righteousness
[19:59:49.042] [N] Adding Sense Undead
[19:59:49.044] [N] Adding Turn Evil
[19:59:49.046] [N] Adding Blessing of Kings
[19:59:49.048] [N] Adding Devotion Aura
[19:59:49.050] [N] Adding Divine Protection
[19:59:49.052] [N] Adding Hammer of Justice
[19:59:49.054] [N] Adding Hand of Freedom
[19:59:49.056] [N] Adding Hand of Protection
[19:59:49.057] [N] Adding Hand of Reckoning
[19:59:49.059] [N] Adding Hand of Salvation
[19:59:49.061] [N] Adding Righteous Defense
[19:59:49.062] [N] Adding Righteous Fury
[19:59:49.064] [N] Adding Seal of Justice
[19:59:49.066] [N] Adding Blessing of Might
[19:59:49.068] [N] Adding Judgement of Light
[19:59:49.069] [N] Adding Judgement of Wisdom
[19:59:49.071] [N] Adding Retribution Aura
[19:59:49.073] [N] Adding Seal of Command
[19:59:49.075] [N] Spell book built
[19:59:49.077] [D] [SpellManager] Subscribed to LEARNED_SPELL_IN_TAB, ACTIVE_TALENT_GROUP_CHANGED
[19:59:49.077] [D] Refresh() called. LastCount=0, CurrentCount=34
[19:59:49.077] [N] Building spell book
[19:59:49.079] [D] Found 34 spells from LocalPlayer.KnownSpells
[19:59:49.079] [N] Adding Arcane Affinity
[19:59:49.081] [N] Adding Arcane Torrent
[19:59:49.083] [N] Adding Auto Attack
[19:59:49.084] [N] Adding Block
[19:59:49.086] [N] Adding Dodge
[19:59:49.088] [N] Adding Magic Resistance
[19:59:49.090] [N] Adding Parry
[19:59:49.091] [N] Adding Blessing of Wisdom
[19:59:49.093] [N] Adding Concentration Aura
[19:59:49.095] [N] Adding Consecration
[19:59:49.097] [N] Adding Exorcism
[19:59:49.098] [N] Adding Flash of Light
[19:59:49.100] [N] Adding Holy Light
[19:59:49.102] [N] Adding Lay on Hands
[19:59:49.104] [N] Adding Purify
[19:59:49.106] [N] Adding Seal of Righteousness
[19:59:49.107] [N] Adding Sense Undead
[19:59:49.109] [N] Adding Turn Evil
[19:59:49.113] [N] Adding Blessing of Kings
[19:59:49.115] [N] Adding Devotion Aura
[19:59:49.116] [N] Adding Divine Protection
[19:59:49.118] [N] Adding Hammer of Justice
[19:59:49.120] [N] Adding Hand of Freedom
[19:59:49.122] [N] Adding Hand of Protection
[19:59:49.123] [N] Adding Hand of Reckoning
[19:59:49.125] [N] Adding Hand of Salvation
[19:59:49.127] [N] Adding Righteous Defense
[19:59:49.129] [N] Adding Righteous Fury
[19:59:49.131] [N] Adding Seal of Justice
[19:59:49.132] [N] Adding Blessing of Might
[19:59:49.134] [N] Adding Judgement of Light
[19:59:49.136] [N] Adding Judgement of Wisdom
[19:59:49.138] [N] Adding Retribution Aura
[19:59:49.140] [N] Adding Seal of Command
[19:59:49.142] [N] Spell book built
[19:59:49.144] [D] [SpellManager] Subscribed to LEARNED_SPELL_IN_TAB, ACTIVE_TALENT_GROUP_CHANGED
[19:59:49.144] [D] Refresh() called. LastCount=0, CurrentCount=34
[19:59:49.144] [N] Building spell book
[19:59:49.146] [D] Found 34 spells from LocalPlayer.KnownSpells
[19:59:49.146] [N] Adding Arcane Affinity
[19:59:49.148] [N] Adding Arcane Torrent
[19:59:49.150] [N] Adding Auto Attack
[19:59:49.152] [N] Adding Block
[19:59:49.153] [N] Adding Dodge
[19:59:49.155] [N] Adding Magic Resistance
[19:59:49.157] [N] Adding Parry
[19:59:49.159] [N] Adding Blessing of Wisdom
[19:59:49.160] [N] Adding Concentration Aura
[19:59:49.162] [N] Adding Consecration
[19:59:49.164] [N] Adding Exorcism
[19:59:49.166] [N] Adding Flash of Light
[19:59:49.168] [N] Adding Holy Light
[19:59:49.170] [N] Adding Lay on Hands
[19:59:49.171] [N] Adding Purify
[19:59:49.173] [N] Adding Seal of Righteousness
[19:59:49.175] [N] Adding Sense Undead
[19:59:49.177] [N] Adding Turn Evil
[19:59:49.179] [N] Adding Blessing of Kings
[19:59:49.181] [N] Adding Devotion Aura
[19:59:49.182] [N] Adding Divine Protection
[19:59:49.185] [N] Adding Hammer of Justice
[19:59:49.187] [N] Adding Hand of Freedom
[19:59:49.189] [N] Adding Hand of Protection
[19:59:49.190] [N] Adding Hand of Reckoning
[19:59:49.192] [N] Adding Hand of Salvation
[19:59:49.194] [N] Adding Righteous Defense
[19:59:49.196] [N] Adding Righteous Fury
[19:59:49.198] [N] Adding Seal of Justice
[19:59:49.199] [N] Adding Blessing of Might
[19:59:49.201] [N] Adding Judgement of Light
[19:59:49.203] [N] Adding Judgement of Wisdom
[19:59:49.205] [N] Adding Retribution Aura
[19:59:49.207] [N] Adding Seal of Command
[19:59:49.209] [N] Spell book built
[19:59:49.211] [D] [SpellManager] Subscribed to LEARNED_SPELL_IN_TAB, ACTIVE_TALENT_GROUP_CHANGED
[19:59:49.211] [D] Refresh() called. LastCount=0, CurrentCount=34
[19:59:49.211] [N] Building spell book
[19:59:49.213] [D] Found 34 spells from LocalPlayer.KnownSpells
[19:59:49.213] [N] Adding Arcane Affinity
[19:59:49.215] [N] Adding Arcane Torrent
[19:59:49.217] [N] Adding Auto Attack
[19:59:49.219] [N] Adding Block
[19:59:49.221] [N] Adding Dodge
[19:59:49.223] [N] Adding Magic Resistance
[19:59:49.261] [N] Adding Parry
[19:59:49.264] [N] Adding Blessing of Wisdom
[19:59:49.266] [N] Adding Concentration Aura
[19:59:49.268] [N] Adding Consecration
[19:59:49.270] [N] Adding Exorcism
[19:59:49.272] [N] Adding Flash of Light
[19:59:49.274] [N] Adding Holy Light
[19:59:49.276] [N] Adding Lay on Hands
[19:59:49.278] [N] Adding Purify
[19:59:49.279] [N] Adding Seal of Righteousness
[19:59:49.281] [N] Adding Sense Undead
[19:59:49.283] [N] Adding Turn Evil
[19:59:49.285] [N] Adding Blessing of Kings
[19:59:49.287] [N] Adding Devotion Aura
[19:59:49.289] [N] Adding Divine Protection
[19:59:49.292] [N] Adding Hammer of Justice
[19:59:49.294] [N] Adding Hand of Freedom
[19:59:49.296] [N] Adding Hand of Protection
[19:59:49.298] [N] Adding Hand of Reckoning
[19:59:49.300] [N] Adding Hand of Salvation
[19:59:49.302] [N] Adding Righteous Defense
[19:59:49.304] [N] Adding Righteous Fury
[19:59:49.306] [N] Adding Seal of Justice
[19:59:49.307] [N] Adding Blessing of Might
[19:59:49.309] [N] Adding Judgement of Light
[19:59:49.311] [N] Adding Judgement of Wisdom
[19:59:49.313] [N] Adding Retribution Aura
[19:59:49.315] [N] Adding Seal of Command
[19:59:49.317] [N] Spell book built
[19:59:49.319] [D] [SpellManager] Subscribed to LEARNED_SPELL_IN_TAB, ACTIVE_TALENT_GROUP_CHANGED
[19:59:49.319] [D] Refresh() called. LastCount=0, CurrentCount=34
[19:59:49.319] [N] Building spell book
[19:59:49.322] [D] Found 34 spells from LocalPlayer.KnownSpells
[19:59:49.322] [N] Adding Arcane Affinity
[19:59:49.324] [N] Adding Arcane Torrent
[19:59:49.325] [N] Adding Auto Attack
[19:59:49.327] [N] Adding Block
[19:59:49.329] [N] Adding Dodge
[19:59:49.331] [N] Adding Magic Resistance
[19:59:49.355] [N] Adding Parry
[19:59:49.355] [N] Adding Blessing of Wisdom
[19:59:49.356] [N] Adding Concentration Aura
[19:59:49.356] [N] Adding Consecration
[19:59:49.356] [N] Adding Exorcism
[19:59:49.356] [N] Adding Flash of Light
[19:59:49.356] [N] Adding Holy Light
[19:59:49.356] [N] Adding Lay on Hands
[19:59:49.356] [N] Adding Purify
[19:59:49.356] [N] Adding Seal of Righteousness
[19:59:49.356] [N] Adding Sense Undead
[19:59:49.356] [N] Adding Turn Evil
[19:59:49.357] [N] Adding Blessing of Kings
[19:59:49.357] [N] Adding Devotion Aura
[19:59:49.357] [N] Adding Divine Protection
[19:59:49.357] [N] Adding Hammer of Justice
[19:59:49.357] [N] Adding Hand of Freedom
[19:59:49.357] [N] Adding Hand of Protection
[19:59:49.357] [N] Adding Hand of Reckoning
[19:59:49.357] [N] Adding Hand of Salvation
[19:59:49.357] [N] Adding Righteous Defense
[19:59:49.358] [N] Adding Righteous Fury
[19:59:49.358] [N] Adding Seal of Justice
[19:59:49.358] [N] Adding Blessing of Might
[19:59:49.358] [N] Adding Judgement of Light
[19:59:49.358] [N] Adding Judgement of Wisdom
[19:59:49.358] [N] Adding Retribution Aura
[19:59:49.358] [N] Adding Seal of Command
[19:59:49.359] [N] Spell book built
[19:59:49.359] [D] [SpellManager] Subscribed to LEARNED_SPELL_IN_TAB, ACTIVE_TALENT_GROUP_CHANGED
[19:59:49.359] [D] Refresh() called. LastCount=0, CurrentCount=34
[19:59:49.359] [N] Building spell book
[19:59:49.360] [D] Found 34 spells from LocalPlayer.KnownSpells
[19:59:49.360] [N] Adding Arcane Affinity
[19:59:49.360] [N] Adding Arcane Torrent
[19:59:49.360] [N] Adding Auto Attack
[19:59:49.360] [N] Adding Block
[19:59:49.360] [N] Adding Dodge
[19:59:49.360] [N] Adding Magic Resistance
[19:59:49.360] [N] Adding Parry
[19:59:49.360] [N] Adding Blessing of Wisdom
[19:59:49.361] [N] Adding Concentration Aura
[19:59:49.361] [N] Adding Consecration
[19:59:49.361] [N] Adding Exorcism
[19:59:49.361] [N] Adding Flash of Light
[19:59:49.361] [N] Adding Holy Light
[19:59:49.361] [N] Adding Lay on Hands
[19:59:49.361] [N] Adding Purify
[19:59:49.362] [N] Adding Seal of Righteousness
[19:59:49.362] [N] Adding Sense Undead
[19:59:49.362] [N] Adding Turn Evil
[19:59:49.362] [N] Adding Blessing of Kings
[19:59:49.362] [N] Adding Devotion Aura
[19:59:49.362] [N] Adding Divine Protection
[19:59:49.362] [N] Adding Hammer of Justice
[19:59:49.363] [N] Adding Hand of Freedom
[19:59:49.363] [N] Adding Hand of Protection
[19:59:49.363] [N] Adding Hand of Reckoning
[19:59:49.363] [N] Adding Hand of Salvation
[19:59:49.363] [N] Adding Righteous Defense
[19:59:49.363] [N] Adding Righteous Fury
[19:59:49.363] [N] Adding Seal of Justice
[19:59:49.364] [N] Adding Blessing of Might
[19:59:49.364] [N] Adding Judgement of Light
[19:59:49.364] [N] Adding Judgement of Wisdom
[19:59:49.364] [N] Adding Retribution Aura
[19:59:49.364] [N] Adding Seal of Command
[19:59:49.365] [N] Spell book built
[19:59:49.365] [D] [SpellManager] Subscribed to LEARNED_SPELL_IN_TAB, ACTIVE_TALENT_GROUP_CHANGED
[19:59:49.595] [D] [Pulse] Slow plugin: name=AutoEquip2 elapsed=159ms
[19:59:49.621] [D] [Pulse] Slow plugin: name=Tidy Bags 3 Reloaded elapsed=24ms
[19:59:49.621] [D] [Pulse] Slow shared pulse: total=256ms movement=0 objects=0 lua=11 info=0 loot=3 targeting=54 events=0 plugins=185 routine=0
[19:59:49.695] [N] [Singular] Casting Blessing of Might on Druid
[19:59:49.695] [D] Spell_C::CastSpell(19835, 0, 0x6000000007F5D8B, 0)
[20:00:05.669] [D] [Singular-DEBUG] Switched targets!
[20:00:05.669] [D] [Singular-DEBUG] Melee Distance: 5.3333335
[20:00:05.669] [D] [Singular-DEBUG] Health: 98.79166666666667
[20:00:05.669] [D] [Singular-DEBUG] Level: 27
[20:00:07.491] [N] [Singular] Casting Exorcism on Corrosive Lurker
[20:00:07.491] [D] Spell_C::CastSpell(879, 0, 0xF13000184B0000D5, 0)
[20:00:07.499] [D] [Pulse] Slow bot root: 115ms bot=Combat Bot poi=None combat=True
[20:00:09.303] [N] [Singular] Casting Judgement of Light on Corrosive Lurker
[20:00:09.303] [D] Spell_C::CastSpell(20271, 0, 0xF13000184B0000D5, 0)
[20:00:11.735] [D] [Pulse] Slow plugin: name=Tidy Bags 3 Reloaded elapsed=22ms
[20:00:19.739] [D] [Pulse] Slow plugin: name=AutoEquip2 elapsed=43ms
[20:00:23.264] [D] [Singular-DEBUG] Switched targets!
[20:00:23.264] [D] [Singular-DEBUG] Melee Distance: 5.3333335
[20:00:23.264] [D] [Singular-DEBUG] Health: 77.33333333333333
[20:00:23.264] [D] [Singular-DEBUG] Level: 27
[20:00:23.588] [N] [Singular] Casting Judgement of Light on Corrosive Lurker
[20:00:23.588] [D] Spell_C::CastSpell(20271, 0, 0xF13000184B0000D3, 0)
[20:00:23.594] [D] [Pulse] Slow bot root: 111ms bot=Combat Bot poi=None combat=True
[20:00:24.345] [N] [Singular] Casting Exorcism on Corrosive Lurker
[20:00:24.345] [D] Spell_C::CastSpell(879, 0, 0xF13000184B0000D3, 0)
[20:00:24.885] [N] [Singular] Casting Exorcism on Corrosive Lurker
[20:00:24.885] [D] Spell_C::CastSpell(879, 0, 0xF13000184B0000D3, 0)
[20:00:26.464] [N] [Singular] Casting Exorcism on Corrosive Lurker
[20:00:26.464] [D] Spell_C::CastSpell(879, 0, 0xF13000184B0000D3, 0)
[20:00:29.591] [D] [Singular-DEBUG] [Talents] Best Tree: 16
[20:00:29.599] [D] [Talented] SelectMajorTalentTree called but not needed in WotLK 3.3.5a
[20:00:29.658] [N] We leveled up! Checking if we need to switch profiles.
[20:00:29.658] [D] Selected sub-profile: WholesomeAQ - Thousand Needles (L1-80)
[20:00:29.677] [D] [Pulse] Slow shared pulse: total=663ms movement=0 objects=0 lua=599 info=0 loot=2 targeting=33 events=10 plugins=17 routine=0
[20:00:29.837] [D] [Pulse] Slow plugin: name=AutoEquip2 elapsed=47ms
[20:00:30.668] [D] [Singular-DEBUG] [Talents] Best Tree: 17
[20:00:30.675] [D] [Talented] SelectMajorTalentTree called but not needed in WotLK 3.3.5a
[20:00:39.955] [D] [Pulse] Slow plugin: name=AutoEquip2 elapsed=52ms
[20:00:42.023] [D] [Singular-DEBUG] Switched targets!
[20:00:42.023] [D] [Singular-DEBUG] Melee Distance: 5
[20:00:42.023] [D] [Singular-DEBUG] Health: 68.13333333333334
[20:00:42.023] [D] [Singular-DEBUG] Level: 26
[20:00:42.373] [N] [Singular] Casting Judgement of Light on Irradiated Slime
[20:00:42.373] [D] Spell_C::CastSpell(20271, 0, 0xF13000184A0000D0, 0)
[20:00:42.382] [D] [Pulse] Slow bot root: 129ms bot=Combat Bot poi=None combat=True
[20:00:43.954] [N] [Singular] Casting Exorcism on Irradiated Slime
[20:00:43.955] [D] Spell_C::CastSpell(879, 0, 0xF13000184A0000D0, 0)
[20:00:47.259] [D] [Pulse] Slow plugin: name=Tidy Bags 3 Reloaded elapsed=23ms
[20:00:47.497] [D] [Pulse] Slow bot root: 237ms bot=Combat Bot poi=None combat=False
[20:00:49.113] [D] [Pulse] Slow bot root: 128ms bot=Combat Bot poi=None combat=False
[20:00:49.431] [D] [Pulse] Slow bot root: 117ms bot=Combat Bot poi=None combat=False
[20:00:49.767] [D] [Pulse] Slow bot root: 106ms bot=Combat Bot poi=None combat=False
[20:00:49.975] [D] [Pulse] Slow plugin: name=AutoEquip2 elapsed=44ms
[20:00:51.920] [D] [Pulse] Slow bot root: 121ms bot=Combat Bot poi=None combat=False
[20:00:54.266] [D] [Pulse] Slow bot root: 105ms bot=Combat Bot poi=None combat=False
[20:00:54.333] [D] [Singular-DEBUG] Switched targets!
[20:00:54.333] [D] [Singular-DEBUG] Melee Distance: 5
[20:00:54.333] [D] [Singular-DEBUG] Health: 75.31985142385473
[20:00:54.333] [D] [Singular-DEBUG] Level: 29
[20:00:54.659] [N] [Singular] Casting Judgement of Light on Irradiated Horror
[20:00:54.660] [D] Spell_C::CastSpell(20271, 0, 0xF13000184C0000D8, 0)
[20:00:55.431] [D] [MeshNavigator] Skipped 2 path nodes
[20:01:00.816] [N] [Singular] Casting Exorcism on Irradiated Horror
[20:01:00.816] [D] Spell_C::CastSpell(879, 0, 0xF13000184C0000D8, 0)
[20:01:02.887] [D] [Pulse] Slow bot root: 151ms bot=Combat Bot poi=None combat=True
[20:01:02.967] [D] System.NullReferenceException: Object reference not set to an instance of an object.
   at Singular.Helpers.Unit.IsBoss(WoWUnit unit)
   at Singular.ClassSpecific.Paladin.Retribution.<>c.<CreateRetributionPaladinInstancePullAndCombat>b__4_7(Object ret)
   at Singular.Helpers.Spell.<>c__DisplayClass18_0.<Cast>b__0(Object ret)
   at TreeSharp.Decorator.Execute(Object context)+MoveNext()
   at TreeSharp.Composite.Tick(Object context)
[20:01:02.968] [D] System.NullReferenceException: Object reference not set to an instance of an object.
   at Singular.ClassSpecific.Paladin.Retribution.<>c.<CreateRetributionPaladinInstancePullAndCombat>b__4_12(Object ret)
   at Singular.Helpers.Spell.<>c__DisplayClass18_0.<Cast>b__0(Object ret)
   at TreeSharp.Decorator.Execute(Object context)+MoveNext()
   at TreeSharp.Composite.Tick(Object context)
[20:01:02.975] [D] System.NullReferenceException: Object reference not set to an instance of an object.
   at Singular.ClassSpecific.Paladin.Retribution.<>c.<CreateRetributionPaladinInstancePullAndCombat>b__4_14(Object ret)
   at Singular.Helpers.Spell.<>c__DisplayClass18_0.<Cast>b__0(Object ret)
   at TreeSharp.Decorator.Execute(Object context)+MoveNext()
   at TreeSharp.Composite.Tick(Object context)
[20:01:02.982] [D] System.NullReferenceException: Object reference not set to an instance of an object.
   at Singular.ClassSpecific.Paladin.Retribution.<>c.<CreateRetributionPaladinInstancePullAndCombat>b__4_16(Object ret)
   at Singular.Helpers.Spell.<>c__DisplayClass18_0.<Cast>b__0(Object ret)
   at TreeSharp.Decorator.Execute(Object context)+MoveNext()
   at TreeSharp.Composite.Tick(Object context)
[20:01:03.065] [D] System.NullReferenceException: Object reference not set to an instance of an object.
   at Singular.Helpers.Unit.IsBoss(WoWUnit unit)
   at Singular.ClassSpecific.Paladin.Retribution.<>c.<CreateRetributionPaladinInstancePullAndCombat>b__4_7(Object ret)
   at Singular.Helpers.Spell.<>c__DisplayClass18_0.<Cast>b__0(Object ret)
   at TreeSharp.Decorator.Execute(Object context)+MoveNext()
   at TreeSharp.Composite.Tick(Object context)
[20:01:03.065] [D] System.NullReferenceException: Object reference not set to an instance of an object.
   at Singular.ClassSpecific.Paladin.Retribution.<>c.<CreateRetributionPaladinInstancePullAndCombat>b__4_12(Object ret)
   at Singular.Helpers.Spell.<>c__DisplayClass18_0.<Cast>b__0(Object ret)
   at TreeSharp.Decorator.Execute(Object context)+MoveNext()
   at TreeSharp.Composite.Tick(Object context)
[20:01:03.073] [D] System.NullReferenceException: Object reference not set to an instance of an object.
   at Singular.ClassSpecific.Paladin.Retribution.<>c.<CreateRetributionPaladinInstancePullAndCombat>b__4_14(Object ret)
   at Singular.Helpers.Spell.<>c__DisplayClass18_0.<Cast>b__0(Object ret)
   at TreeSharp.Decorator.Execute(Object context)+MoveNext()
   at TreeSharp.Composite.Tick(Object context)
[20:01:03.080] [D] System.NullReferenceException: Object reference not set to an instance of an object.
   at Singular.ClassSpecific.Paladin.Retribution.<>c.<CreateRetributionPaladinInstancePullAndCombat>b__4_16(Object ret)
   at Singular.Helpers.Spell.<>c__DisplayClass18_0.<Cast>b__0(Object ret)
   at TreeSharp.Decorator.Execute(Object context)+MoveNext()
   at TreeSharp.Composite.Tick(Object context)
[20:01:03.162] [D] System.NullReferenceException: Object reference not set to an instance of an object.
   at Singular.Helpers.Unit.IsBoss(WoWUnit unit)
   at Singular.ClassSpecific.Paladin.Retribution.<>c.<CreateRetributionPaladinInstancePullAndCombat>b__4_7(Object ret)
   at Singular.Helpers.Spell.<>c__DisplayClass18_0.<Cast>b__0(Object ret)
   at TreeSharp.Decorator.Execute(Object context)+MoveNext()
   at TreeSharp.Composite.Tick(Object context)
[20:01:03.162] [D] System.NullReferenceException: Object reference not set to an instance of an object.
   at Singular.ClassSpecific.Paladin.Retribution.<>c.<CreateRetributionPaladinInstancePullAndCombat>b__4_12(Object ret)
   at Singular.Helpers.Spell.<>c__DisplayClass18_0.<Cast>b__0(Object ret)
   at TreeSharp.Decorator.Execute(Object context)+MoveNext()
   at TreeSharp.Composite.Tick(Object context)
[20:01:03.169] [D] System.NullReferenceException: Object reference not set to an instance of an object.
   at Singular.ClassSpecific.Paladin.Retribution.<>c.<CreateRetributionPaladinInstancePullAndCombat>b__4_14(Object ret)
   at Singular.Helpers.Spell.<>c__DisplayClass18_0.<Cast>b__0(Object ret)
   at TreeSharp.Decorator.Execute(Object context)+MoveNext()
   at TreeSharp.Composite.Tick(Object context)
[20:01:03.177] [D] System.NullReferenceException: Object reference not set to an instance of an object.
   at Singular.ClassSpecific.Paladin.Retribution.<>c.<CreateRetributionPaladinInstancePullAndCombat>b__4_16(Object ret)
   at Singular.Helpers.Spell.<>c__DisplayClass18_0.<Cast>b__0(Object ret)
   at TreeSharp.Decorator.Execute(Object context)+MoveNext()
   at TreeSharp.Composite.Tick(Object context)
[20:01:03.259] [D] System.NullReferenceException: Object reference not set to an instance of an object.
   at Singular.Helpers.Unit.IsBoss(WoWUnit unit)
   at Singular.ClassSpecific.Paladin.Retribution.<>c.<CreateRetributionPaladinInstancePullAndCombat>b__4_7(Object ret)
   at Singular.Helpers.Spell.<>c__DisplayClass18_0.<Cast>b__0(Object ret)
   at TreeSharp.Decorator.Execute(Object context)+MoveNext()
   at TreeSharp.Composite.Tick(Object context)
[20:01:03.259] [D] System.NullReferenceException: Object reference not set to an instance of an object.
   at Singular.ClassSpecific.Paladin.Retribution.<>c.<CreateRetributionPaladinInstancePullAndCombat>b__4_12(Object ret)
   at Singular.Helpers.Spell.<>c__DisplayClass18_0.<Cast>b__0(Object ret)
   at TreeSharp.Decorator.Execute(Object context)+MoveNext()
   at TreeSharp.Composite.Tick(Object context)
[20:01:03.266] [D] System.NullReferenceException: Object reference not set to an instance of an object.
   at Singular.ClassSpecific.Paladin.Retribution.<>c.<CreateRetributionPaladinInstancePullAndCombat>b__4_14(Object ret)
   at Singular.Helpers.Spell.<>c__DisplayClass18_0.<Cast>b__0(Object ret)
   at TreeSharp.Decorator.Execute(Object context)+MoveNext()
   at TreeSharp.Composite.Tick(Object context)
[20:01:03.274] [D] System.NullReferenceException: Object reference not set to an instance of an object.
   at Singular.ClassSpecific.Paladin.Retribution.<>c.<CreateRetributionPaladinInstancePullAndCombat>b__4_16(Object ret)
   at Singular.Helpers.Spell.<>c__DisplayClass18_0.<Cast>b__0(Object ret)
   at TreeSharp.Decorator.Execute(Object context)+MoveNext()
   at TreeSharp.Composite.Tick(Object context)
[20:01:03.357] [D] System.NullReferenceException: Object reference not set to an instance of an object.
   at Singular.Helpers.Unit.IsBoss(WoWUnit unit)
   at Singular.ClassSpecific.Paladin.Retribution.<>c.<CreateRetributionPaladinInstancePullAndCombat>b__4_7(Object ret)
   at Singular.Helpers.Spell.<>c__DisplayClass18_0.<Cast>b__0(Object ret)
   at TreeSharp.Decorator.Execute(Object context)+MoveNext()
   at TreeSharp.Composite.Tick(Object context)
[20:01:03.357] [D] System.NullReferenceException: Object reference not set to an instance of an object.
   at Singular.ClassSpecific.Paladin.Retribution.<>c.<CreateRetributionPaladinInstancePullAndCombat>b__4_12(Object ret)
   at Singular.Helpers.Spell.<>c__DisplayClass18_0.<Cast>b__0(Object ret)
   at TreeSharp.Decorator.Execute(Object context)+MoveNext()
   at TreeSharp.Composite.Tick(Object context)
[20:01:03.365] [D] System.NullReferenceException: Object reference not set to an instance of an object.
   at Singular.ClassSpecific.Paladin.Retribution.<>c.<CreateRetributionPaladinInstancePullAndCombat>b__4_14(Object ret)
   at Singular.Helpers.Spell.<>c__DisplayClass18_0.<Cast>b__0(Object ret)
   at TreeSharp.Decorator.Execute(Object context)+MoveNext()
   at TreeSharp.Composite.Tick(Object context)
[20:01:03.373] [D] System.NullReferenceException: Object reference not set to an instance of an object.
   at Singular.ClassSpecific.Paladin.Retribution.<>c.<CreateRetributionPaladinInstancePullAndCombat>b__4_16(Object ret)
   at Singular.Helpers.Spell.<>c__DisplayClass18_0.<Cast>b__0(Object ret)
   at TreeSharp.Decorator.Execute(Object context)+MoveNext()
   at TreeSharp.Composite.Tick(Object context)
[20:01:03.454] [D] System.NullReferenceException: Object reference not set to an instance of an object.
   at Singular.Helpers.Unit.IsBoss(WoWUnit unit)
   at Singular.ClassSpecific.Paladin.Retribution.<>c.<CreateRetributionPaladinInstancePullAndCombat>b__4_7(Object ret)
   at Singular.Helpers.Spell.<>c__DisplayClass18_0.<Cast>b__0(Object ret)
   at TreeSharp.Decorator.Execute(Object context)+MoveNext()
   at TreeSharp.Composite.Tick(Object context)
[20:01:03.455] [D] System.NullReferenceException: Object reference not set to an instance of an object.
   at Singular.ClassSpecific.Paladin.Retribution.<>c.<CreateRetributionPaladinInstancePullAndCombat>b__4_12(Object ret)
   at Singular.Helpers.Spell.<>c__DisplayClass18_0.<Cast>b__0(Object ret)
   at TreeSharp.Decorator.Execute(Object context)+MoveNext()
   at TreeSharp.Composite.Tick(Object context)
[20:01:03.462] [D] System.NullReferenceException: Object reference not set to an instance of an object.
   at Singular.ClassSpecific.Paladin.Retribution.<>c.<CreateRetributionPaladinInstancePullAndCombat>b__4_14(Object ret)
   at Singular.Helpers.Spell.<>c__DisplayClass18_0.<Cast>b__0(Object ret)
   at TreeSharp.Decorator.Execute(Object context)+MoveNext()
   at TreeSharp.Composite.Tick(Object context)
[20:01:03.470] [D] System.NullReferenceException: Object reference not set to an instance of an object.
   at Singular.ClassSpecific.Paladin.Retribution.<>c.<CreateRetributionPaladinInstancePullAndCombat>b__4_16(Object ret)
   at Singular.Helpers.Spell.<>c__DisplayClass18_0.<Cast>b__0(Object ret)
   at TreeSharp.Decorator.Execute(Object context)+MoveNext()
   at TreeSharp.Composite.Tick(Object context)
[20:01:03.548] [D] System.NullReferenceException: Object reference not set to an instance of an object.
   at Singular.Helpers.Unit.IsBoss(WoWUnit unit)
   at Singular.ClassSpecific.Paladin.Retribution.<>c.<CreateRetributionPaladinInstancePullAndCombat>b__4_7(Object ret)
   at Singular.Helpers.Spell.<>c__DisplayClass18_0.<Cast>b__0(Object ret)
   at TreeSharp.Decorator.Execute(Object context)+MoveNext()
   at TreeSharp.Composite.Tick(Object context)
[20:01:03.548] [D] System.NullReferenceException: Object reference not set to an instance of an object.
   at Singular.ClassSpecific.Paladin.Retribution.<>c.<CreateRetributionPaladinInstancePullAndCombat>b__4_12(Object ret)
   at Singular.Helpers.Spell.<>c__DisplayClass18_0.<Cast>b__0(Object ret)
   at TreeSharp.Decorator.Execute(Object context)+MoveNext()
   at TreeSharp.Composite.Tick(Object context)
[20:01:03.555] [D] System.NullReferenceException: Object reference not set to an instance of an object.
   at Singular.ClassSpecific.Paladin.Retribution.<>c.<CreateRetributionPaladinInstancePullAndCombat>b__4_14(Object ret)
   at Singular.Helpers.Spell.<>c__DisplayClass18_0.<Cast>b__0(Object ret)
   at TreeSharp.Decorator.Execute(Object context)+MoveNext()
   at TreeSharp.Composite.Tick(Object context)
[20:01:03.563] [D] System.NullReferenceException: Object reference not set to an instance of an object.
   at Singular.ClassSpecific.Paladin.Retribution.<>c.<CreateRetributionPaladinInstancePullAndCombat>b__4_16(Object ret)
   at Singular.Helpers.Spell.<>c__DisplayClass18_0.<Cast>b__0(Object ret)
   at TreeSharp.Decorator.Execute(Object context)+MoveNext()
   at TreeSharp.Composite.Tick(Object context)
[20:01:03.644] [D] System.NullReferenceException: Object reference not set to an instance of an object.
   at Singular.Helpers.Unit.IsBoss(WoWUnit unit)
   at Singular.ClassSpecific.Paladin.Retribution.<>c.<CreateRetributionPaladinInstancePullAndCombat>b__4_7(Object ret)
   at Singular.Helpers.Spell.<>c__DisplayClass18_0.<Cast>b__0(Object ret)
   at TreeSharp.Decorator.Execute(Object context)+MoveNext()
   at TreeSharp.Composite.Tick(Object context)
[20:01:03.644] [D] System.NullReferenceException: Object reference not set to an instance of an object.
   at Singular.ClassSpecific.Paladin.Retribution.<>c.<CreateRetributionPaladinInstancePullAndCombat>b__4_12(Object ret)
   at Singular.Helpers.Spell.<>c__DisplayClass18_0.<Cast>b__0(Object ret)
   at TreeSharp.Decorator.Execute(Object context)+MoveNext()
   at TreeSharp.Composite.Tick(Object context)
[20:01:03.651] [D] System.NullReferenceException: Object reference not set to an instance of an object.
   at Singular.ClassSpecific.Paladin.Retribution.<>c.<CreateRetributionPaladinInstancePullAndCombat>b__4_14(Object ret)
   at Singular.Helpers.Spell.<>c__DisplayClass18_0.<Cast>b__0(Object ret)
   at TreeSharp.Decorator.Execute(Object context)+MoveNext()
   at TreeSharp.Composite.Tick(Object context)
[20:01:03.659] [D] System.NullReferenceException: Object reference not set to an instance of an object.
   at Singular.ClassSpecific.Paladin.Retribution.<>c.<CreateRetributionPaladinInstancePullAndCombat>b__4_16(Object ret)
   at Singular.Helpers.Spell.<>c__DisplayClass18_0.<Cast>b__0(Object ret)
   at TreeSharp.Decorator.Execute(Object context)+MoveNext()
   at TreeSharp.Composite.Tick(Object context)
[20:01:03.741] [D] System.NullReferenceException: Object reference not set to an instance of an object.
   at Singular.Helpers.Unit.IsBoss(WoWUnit unit)
   at Singular.ClassSpecific.Paladin.Retribution.<>c.<CreateRetributionPaladinInstancePullAndCombat>b__4_7(Object ret)
   at Singular.Helpers.Spell.<>c__DisplayClass18_0.<Cast>b__0(Object ret)
   at TreeSharp.Decorator.Execute(Object context)+MoveNext()
   at TreeSharp.Composite.Tick(Object context)
[20:01:03.741] [D] System.NullReferenceException: Object reference not set to an instance of an object.
   at Singular.ClassSpecific.Paladin.Retribution.<>c.<CreateRetributionPaladinInstancePullAndCombat>b__4_12(Object ret)
   at Singular.Helpers.Spell.<>c__DisplayClass18_0.<Cast>b__0(Object ret)
   at TreeSharp.Decorator.Execute(Object context)+MoveNext()
   at TreeSharp.Composite.Tick(Object context)
[20:01:03.748] [D] System.NullReferenceException: Object reference not set to an instance of an object.
   at Singular.ClassSpecific.Paladin.Retribution.<>c.<CreateRetributionPaladinInstancePullAndCombat>b__4_14(Object ret)
   at Singular.Helpers.Spell.<>c__DisplayClass18_0.<Cast>b__0(Object ret)
   at TreeSharp.Decorator.Execute(Object context)+MoveNext()
   at TreeSharp.Composite.Tick(Object context)
[20:01:03.755] [D] System.NullReferenceException: Object reference not set to an instance of an object.
   at Singular.ClassSpecific.Paladin.Retribution.<>c.<CreateRetributionPaladinInstancePullAndCombat>b__4_16(Object ret)
   at Singular.Helpers.Spell.<>c__DisplayClass18_0.<Cast>b__0(Object ret)
   at TreeSharp.Decorator.Execute(Object context)+MoveNext()
   at TreeSharp.Composite.Tick(Object context)
[20:01:03.836] [D] System.NullReferenceException: Object reference not set to an instance of an object.
   at Singular.Helpers.Unit.IsBoss(WoWUnit unit)
   at Singular.ClassSpecific.Paladin.Retribution.<>c.<CreateRetributionPaladinInstancePullAndCombat>b__4_7(Object ret)
   at Singular.Helpers.Spell.<>c__DisplayClass18_0.<Cast>b__0(Object ret)
   at TreeSharp.Decorator.Execute(Object context)+MoveNext()
   at TreeSharp.Composite.Tick(Object context)
[20:01:03.836] [D] System.NullReferenceException: Object reference not set to an instance of an object.
   at Singular.ClassSpecific.Paladin.Retribution.<>c.<CreateRetributionPaladinInstancePullAndCombat>b__4_12(Object ret)
   at Singular.Helpers.Spell.<>c__DisplayClass18_0.<Cast>b__0(Object ret)
   at TreeSharp.Decorator.Execute(Object context)+MoveNext()
   at TreeSharp.Composite.Tick(Object context)
[20:01:03.844] [D] System.NullReferenceException: Object reference not set to an instance of an object.
   at Singular.ClassSpecific.Paladin.Retribution.<>c.<CreateRetributionPaladinInstancePullAndCombat>b__4_14(Object ret)
   at Singular.Helpers.Spell.<>c__DisplayClass18_0.<Cast>b__0(Object ret)
   at TreeSharp.Decorator.Execute(Object context)+MoveNext()
   at TreeSharp.Composite.Tick(Object context)
[20:01:03.851] [D] System.NullReferenceException: Object reference not set to an instance of an object.
   at Singular.ClassSpecific.Paladin.Retribution.<>c.<CreateRetributionPaladinInstancePullAndCombat>b__4_16(Object ret)
   at Singular.Helpers.Spell.<>c__DisplayClass18_0.<Cast>b__0(Object ret)
   at TreeSharp.Decorator.Execute(Object context)+MoveNext()
   at TreeSharp.Composite.Tick(Object context)
[20:01:03.933] [D] System.NullReferenceException: Object reference not set to an instance of an object.
   at Singular.Helpers.Unit.IsBoss(WoWUnit unit)
   at Singular.ClassSpecific.Paladin.Retribution.<>c.<CreateRetributionPaladinInstancePullAndCombat>b__4_7(Object ret)
   at Singular.Helpers.Spell.<>c__DisplayClass18_0.<Cast>b__0(Object ret)
   at TreeSharp.Decorator.Execute(Object context)+MoveNext()
   at TreeSharp.Composite.Tick(Object context)
[20:01:03.933] [D] System.NullReferenceException: Object reference not set to an instance of an object.
   at Singular.ClassSpecific.Paladin.Retribution.<>c.<CreateRetributionPaladinInstancePullAndCombat>b__4_12(Object ret)
   at Singular.Helpers.Spell.<>c__DisplayClass18_0.<Cast>b__0(Object ret)
   at TreeSharp.Decorator.Execute(Object context)+MoveNext()
   at TreeSharp.Composite.Tick(Object context)
[20:01:03.941] [D] System.NullReferenceException: Object reference not set to an instance of an object.
   at Singular.ClassSpecific.Paladin.Retribution.<>c.<CreateRetributionPaladinInstancePullAndCombat>b__4_14(Object ret)
   at Singular.Helpers.Spell.<>c__DisplayClass18_0.<Cast>b__0(Object ret)
   at TreeSharp.Decorator.Execute(Object context)+MoveNext()
   at TreeSharp.Composite.Tick(Object context)
[20:01:03.948] [D] System.NullReferenceException: Object reference not set to an instance of an object.
   at Singular.ClassSpecific.Paladin.Retribution.<>c.<CreateRetributionPaladinInstancePullAndCombat>b__4_16(Object ret)
   at Singular.Helpers.Spell.<>c__DisplayClass18_0.<Cast>b__0(Object ret)
   at TreeSharp.Decorator.Execute(Object context)+MoveNext()
   at TreeSharp.Composite.Tick(Object context)
[20:01:04.032] [D] System.NullReferenceException: Object reference not set to an instance of an object.
   at Singular.Helpers.Unit.IsBoss(WoWUnit unit)
   at Singular.ClassSpecific.Paladin.Retribution.<>c.<CreateRetributionPaladinInstancePullAndCombat>b__4_7(Object ret)
   at Singular.Helpers.Spell.<>c__DisplayClass18_0.<Cast>b__0(Object ret)
   at TreeSharp.Decorator.Execute(Object context)+MoveNext()
   at TreeSharp.Composite.Tick(Object context)
[20:01:04.032] [D] System.NullReferenceException: Object reference not set to an instance of an object.
   at Singular.ClassSpecific.Paladin.Retribution.<>c.<CreateRetributionPaladinInstancePullAndCombat>b__4_12(Object ret)
   at Singular.Helpers.Spell.<>c__DisplayClass18_0.<Cast>b__0(Object ret)
   at TreeSharp.Decorator.Execute(Object context)+MoveNext()
   at TreeSharp.Composite.Tick(Object context)
[20:01:04.039] [D] System.NullReferenceException: Object reference not set to an instance of an object.
   at Singular.ClassSpecific.Paladin.Retribution.<>c.<CreateRetributionPaladinInstancePullAndCombat>b__4_14(Object ret)
   at Singular.Helpers.Spell.<>c__DisplayClass18_0.<Cast>b__0(Object ret)
   at TreeSharp.Decorator.Execute(Object context)+MoveNext()
   at TreeSharp.Composite.Tick(Object context)
[20:01:04.047] [D] System.NullReferenceException: Object reference not set to an instance of an object.
   at Singular.ClassSpecific.Paladin.Retribution.<>c.<CreateRetributionPaladinInstancePullAndCombat>b__4_16(Object ret)
   at Singular.Helpers.Spell.<>c__DisplayClass18_0.<Cast>b__0(Object ret)
   at TreeSharp.Decorator.Execute(Object context)+MoveNext()
   at TreeSharp.Composite.Tick(Object context)
[20:01:04.129] [D] System.NullReferenceException: Object reference not set to an instance of an object.
   at Singular.Helpers.Unit.IsBoss(WoWUnit unit)
   at Singular.ClassSpecific.Paladin.Retribution.<>c.<CreateRetributionPaladinInstancePullAndCombat>b__4_7(Object ret)
   at Singular.Helpers.Spell.<>c__DisplayClass18_0.<Cast>b__0(Object ret)
   at TreeSharp.Decorator.Execute(Object context)+MoveNext()
   at TreeSharp.Composite.Tick(Object context)
[20:01:04.130] [D] System.NullReferenceException: Object reference not set to an instance of an object.
   at Singular.ClassSpecific.Paladin.Retribution.<>c.<CreateRetributionPaladinInstancePullAndCombat>b__4_12(Object ret)
   at Singular.Helpers.Spell.<>c__DisplayClass18_0.<Cast>b__0(Object ret)
   at TreeSharp.Decorator.Execute(Object context)+MoveNext()
   at TreeSharp.Composite.Tick(Object context)
[20:01:04.137] [D] System.NullReferenceException: Object reference not set to an instance of an object.
   at Singular.ClassSpecific.Paladin.Retribution.<>c.<CreateRetributionPaladinInstancePullAndCombat>b__4_14(Object ret)
   at Singular.Helpers.Spell.<>c__DisplayClass18_0.<Cast>b__0(Object ret)
   at TreeSharp.Decorator.Execute(Object context)+MoveNext()
   at TreeSharp.Composite.Tick(Object context)
[20:01:04.145] [D] System.NullReferenceException: Object reference not set to an instance of an object.
   at Singular.ClassSpecific.Paladin.Retribution.<>c.<CreateRetributionPaladinInstancePullAndCombat>b__4_16(Object ret)
   at Singular.Helpers.Spell.<>c__DisplayClass18_0.<Cast>b__0(Object ret)
   at TreeSharp.Decorator.Execute(Object context)+MoveNext()
   at TreeSharp.Composite.Tick(Object context)
[20:01:04.223] [D] System.NullReferenceException: Object reference not set to an instance of an object.
   at Singular.Helpers.Unit.IsBoss(WoWUnit unit)
   at Singular.ClassSpecific.Paladin.Retribution.<>c.<CreateRetributionPaladinInstancePullAndCombat>b__4_7(Object ret)
   at Singular.Helpers.Spell.<>c__DisplayClass18_0.<Cast>b__0(Object ret)
   at TreeSharp.Decorator.Execute(Object context)+MoveNext()
   at TreeSharp.Composite.Tick(Object context)
[20:01:04.223] [D] System.NullReferenceException: Object reference not set to an instance of an object.
   at Singular.ClassSpecific.Paladin.Retribution.<>c.<CreateRetributionPaladinInstancePullAndCombat>b__4_12(Object ret)
   at Singular.Helpers.Spell.<>c__DisplayClass18_0.<Cast>b__0(Object ret)
   at TreeSharp.Decorator.Execute(Object context)+MoveNext()
   at TreeSharp.Composite.Tick(Object context)
[20:01:04.231] [D] System.NullReferenceException: Object reference not set to an instance of an object.
   at Singular.ClassSpecific.Paladin.Retribution.<>c.<CreateRetributionPaladinInstancePullAndCombat>b__4_14(Object ret)
   at Singular.Helpers.Spell.<>c__DisplayClass18_0.<Cast>b__0(Object ret)
   at TreeSharp.Decorator.Execute(Object context)+MoveNext()
   at TreeSharp.Composite.Tick(Object context)
[20:01:04.238] [D] System.NullReferenceException: Object reference not set to an instance of an object.
   at Singular.ClassSpecific.Paladin.Retribution.<>c.<CreateRetributionPaladinInstancePullAndCombat>b__4_16(Object ret)
   at Singular.Helpers.Spell.<>c__DisplayClass18_0.<Cast>b__0(Object ret)
   at TreeSharp.Decorator.Execute(Object context)+MoveNext()
   at TreeSharp.Composite.Tick(Object context)
[20:01:04.322] [D] System.NullReferenceException: Object reference not set to an instance of an object.
   at Singular.Helpers.Unit.IsBoss(WoWUnit unit)
   at Singular.ClassSpecific.Paladin.Retribution.<>c.<CreateRetributionPaladinInstancePullAndCombat>b__4_7(Object ret)
   at Singular.Helpers.Spell.<>c__DisplayClass18_0.<Cast>b__0(Object ret)
   at TreeSharp.Decorator.Execute(Object context)+MoveNext()
   at TreeSharp.Composite.Tick(Object context)
[20:01:04.322] [D] System.NullReferenceException: Object reference not set to an instance of an object.
   at Singular.ClassSpecific.Paladin.Retribution.<>c.<CreateRetributionPaladinInstancePullAndCombat>b__4_12(Object ret)
   at Singular.Helpers.Spell.<>c__DisplayClass18_0.<Cast>b__0(Object ret)
   at TreeSharp.Decorator.Execute(Object context)+MoveNext()
   at TreeSharp.Composite.Tick(Object context)
[20:01:04.329] [D] System.NullReferenceException: Object reference not set to an instance of an object.
   at Singular.ClassSpecific.Paladin.Retribution.<>c.<CreateRetributionPaladinInstancePullAndCombat>b__4_14(Object ret)
   at Singular.Helpers.Spell.<>c__DisplayClass18_0.<Cast>b__0(Object ret)
   at TreeSharp.Decorator.Execute(Object context)+MoveNext()
   at TreeSharp.Composite.Tick(Object context)
[20:01:04.337] [D] System.NullReferenceException: Object reference not set to an instance of an object.
   at Singular.ClassSpecific.Paladin.Retribution.<>c.<CreateRetributionPaladinInstancePullAndCombat>b__4_16(Object ret)
   at Singular.Helpers.Spell.<>c__DisplayClass18_0.<Cast>b__0(Object ret)
   at TreeSharp.Decorator.Execute(Object context)+MoveNext()
   at TreeSharp.Composite.Tick(Object context)
[20:01:04.417] [D] System.NullReferenceException: Object reference not set to an instance of an object.
   at Singular.Helpers.Unit.IsBoss(WoWUnit unit)
   at Singular.ClassSpecific.Paladin.Retribution.<>c.<CreateRetributionPaladinInstancePullAndCombat>b__4_7(Object ret)
   at Singular.Helpers.Spell.<>c__DisplayClass18_0.<Cast>b__0(Object ret)
   at TreeSharp.Decorator.Execute(Object context)+MoveNext()
   at TreeSharp.Composite.Tick(Object context)
[20:01:04.418] [D] System.NullReferenceException: Object reference not set to an instance of an object.
   at Singular.ClassSpecific.Paladin.Retribution.<>c.<CreateRetributionPaladinInstancePullAndCombat>b__4_12(Object ret)
   at Singular.Helpers.Spell.<>c__DisplayClass18_0.<Cast>b__0(Object ret)
   at TreeSharp.Decorator.Execute(Object context)+MoveNext()
   at TreeSharp.Composite.Tick(Object context)
[20:01:04.425] [D] System.NullReferenceException: Object reference not set to an instance of an object.
   at Singular.ClassSpecific.Paladin.Retribution.<>c.<CreateRetributionPaladinInstancePullAndCombat>b__4_14(Object ret)
   at Singular.Helpers.Spell.<>c__DisplayClass18_0.<Cast>b__0(Object ret)
   at TreeSharp.Decorator.Execute(Object context)+MoveNext()
   at TreeSharp.Composite.Tick(Object context)
[20:01:04.433] [D] System.NullReferenceException: Object reference not set to an instance of an object.
   at Singular.ClassSpecific.Paladin.Retribution.<>c.<CreateRetributionPaladinInstancePullAndCombat>b__4_16(Object ret)
   at Singular.Helpers.Spell.<>c__DisplayClass18_0.<Cast>b__0(Object ret)
   at TreeSharp.Decorator.Execute(Object context)+MoveNext()
   at TreeSharp.Composite.Tick(Object context)
[20:01:04.514] [D] System.NullReferenceException: Object reference not set to an instance of an object.
   at Singular.Helpers.Unit.IsBoss(WoWUnit unit)
   at Singular.ClassSpecific.Paladin.Retribution.<>c.<CreateRetributionPaladinInstancePullAndCombat>b__4_7(Object ret)
   at Singular.Helpers.Spell.<>c__DisplayClass18_0.<Cast>b__0(Object ret)
   at TreeSharp.Decorator.Execute(Object context)+MoveNext()
   at TreeSharp.Composite.Tick(Object context)
[20:01:04.515] [D] System.NullReferenceException: Object reference not set to an instance of an object.
   at Singular.ClassSpecific.Paladin.Retribution.<>c.<CreateRetributionPaladinInstancePullAndCombat>b__4_12(Object ret)
   at Singular.Helpers.Spell.<>c__DisplayClass18_0.<Cast>b__0(Object ret)
   at TreeSharp.Decorator.Execute(Object context)+MoveNext()
   at TreeSharp.Composite.Tick(Object context)
[20:01:04.522] [D] System.NullReferenceException: Object reference not set to an instance of an object.
   at Singular.ClassSpecific.Paladin.Retribution.<>c.<CreateRetributionPaladinInstancePullAndCombat>b__4_14(Object ret)
   at Singular.Helpers.Spell.<>c__DisplayClass18_0.<Cast>b__0(Object ret)
   at TreeSharp.Decorator.Execute(Object context)+MoveNext()
   at TreeSharp.Composite.Tick(Object context)
[20:01:04.530] [D] System.NullReferenceException: Object reference not set to an instance of an object.
   at Singular.ClassSpecific.Paladin.Retribution.<>c.<CreateRetributionPaladinInstancePullAndCombat>b__4_16(Object ret)
   at Singular.Helpers.Spell.<>c__DisplayClass18_0.<Cast>b__0(Object ret)
   at TreeSharp.Decorator.Execute(Object context)+MoveNext()
   at TreeSharp.Composite.Tick(Object context)
[20:01:04.612] [D] System.NullReferenceException: Object reference not set to an instance of an object.
   at Singular.Helpers.Unit.IsBoss(WoWUnit unit)
   at Singular.ClassSpecific.Paladin.Retribution.<>c.<CreateRetributionPaladinInstancePullAndCombat>b__4_7(Object ret)
   at Singular.Helpers.Spell.<>c__DisplayClass18_0.<Cast>b__0(Object ret)
   at TreeSharp.Decorator.Execute(Object context)+MoveNext()
   at TreeSharp.Composite.Tick(Object context)
[20:01:04.612] [D] System.NullReferenceException: Object reference not set to an instance of an object.
   at Singular.ClassSpecific.Paladin.Retribution.<>c.<CreateRetributionPaladinInstancePullAndCombat>b__4_12(Object ret)
   at Singular.Helpers.Spell.<>c__DisplayClass18_0.<Cast>b__0(Object ret)
   at TreeSharp.Decorator.Execute(Object context)+MoveNext()
   at TreeSharp.Composite.Tick(Object context)
[20:01:04.620] [D] System.NullReferenceException: Object reference not set to an instance of an object.
   at Singular.ClassSpecific.Paladin.Retribution.<>c.<CreateRetributionPaladinInstancePullAndCombat>b__4_14(Object ret)
   at Singular.Helpers.Spell.<>c__DisplayClass18_0.<Cast>b__0(Object ret)
   at TreeSharp.Decorator.Execute(Object context)+MoveNext()
   at TreeSharp.Composite.Tick(Object context)
[20:01:04.628] [D] System.NullReferenceException: Object reference not set to an instance of an object.
   at Singular.ClassSpecific.Paladin.Retribution.<>c.<CreateRetributionPaladinInstancePullAndCombat>b__4_16(Object ret)
   at Singular.Helpers.Spell.<>c__DisplayClass18_0.<Cast>b__0(Object ret)
   at TreeSharp.Decorator.Execute(Object context)+MoveNext()
   at TreeSharp.Composite.Tick(Object context)
[20:01:04.709] [D] System.NullReferenceException: Object reference not set to an instance of an object.
   at Singular.Helpers.Unit.IsBoss(WoWUnit unit)
   at Singular.ClassSpecific.Paladin.Retribution.<>c.<CreateRetributionPaladinInstancePullAndCombat>b__4_7(Object ret)
   at Singular.Helpers.Spell.<>c__DisplayClass18_0.<Cast>b__0(Object ret)
   at TreeSharp.Decorator.Execute(Object context)+MoveNext()
   at TreeSharp.Composite.Tick(Object context)
[20:01:04.709] [D] System.NullReferenceException: Object reference not set to an instance of an object.
   at Singular.ClassSpecific.Paladin.Retribution.<>c.<CreateRetributionPaladinInstancePullAndCombat>b__4_12(Object ret)
   at Singular.Helpers.Spell.<>c__DisplayClass18_0.<Cast>b__0(Object ret)
   at TreeSharp.Decorator.Execute(Object context)+MoveNext()
   at TreeSharp.Composite.Tick(Object context)
[20:01:04.716] [D] System.NullReferenceException: Object reference not set to an instance of an object.
   at Singular.ClassSpecific.Paladin.Retribution.<>c.<CreateRetributionPaladinInstancePullAndCombat>b__4_14(Object ret)
   at Singular.Helpers.Spell.<>c__DisplayClass18_0.<Cast>b__0(Object ret)
   at TreeSharp.Decorator.Execute(Object context)+MoveNext()
   at TreeSharp.Composite.Tick(Object context)
[20:01:04.724] [D] System.NullReferenceException: Object reference not set to an instance of an object.
   at Singular.ClassSpecific.Paladin.Retribution.<>c.<CreateRetributionPaladinInstancePullAndCombat>b__4_16(Object ret)
   at Singular.Helpers.Spell.<>c__DisplayClass18_0.<Cast>b__0(Object ret)
   at TreeSharp.Decorator.Execute(Object context)+MoveNext()
   at TreeSharp.Composite.Tick(Object context)
[20:01:04.814] [D] System.NullReferenceException: Object reference not set to an instance of an object.
   at Singular.Helpers.Unit.IsBoss(WoWUnit unit)
   at Singular.ClassSpecific.Paladin.Retribution.<>c.<CreateRetributionPaladinInstancePullAndCombat>b__4_7(Object ret)
   at Singular.Helpers.Spell.<>c__DisplayClass18_0.<Cast>b__0(Object ret)
   at TreeSharp.Decorator.Execute(Object context)+MoveNext()
   at TreeSharp.Composite.Tick(Object context)
[20:01:04.814] [D] System.NullReferenceException: Object reference not set to an instance of an object.
   at Singular.ClassSpecific.Paladin.Retribution.<>c.<CreateRetributionPaladinInstancePullAndCombat>b__4_12(Object ret)
   at Singular.Helpers.Spell.<>c__DisplayClass18_0.<Cast>b__0(Object ret)
   at TreeSharp.Decorator.Execute(Object context)+MoveNext()
   at TreeSharp.Composite.Tick(Object context)
[20:01:04.822] [D] System.NullReferenceException: Object reference not set to an instance of an object.
   at Singular.ClassSpecific.Paladin.Retribution.<>c.<CreateRetributionPaladinInstancePullAndCombat>b__4_14(Object ret)
   at Singular.Helpers.Spell.<>c__DisplayClass18_0.<Cast>b__0(Object ret)
   at TreeSharp.Decorator.Execute(Object context)+MoveNext()
   at TreeSharp.Composite.Tick(Object context)
[20:01:04.829] [D] System.NullReferenceException: Object reference not set to an instance of an object.
   at Singular.ClassSpecific.Paladin.Retribution.<>c.<CreateRetributionPaladinInstancePullAndCombat>b__4_16(Object ret)
   at Singular.Helpers.Spell.<>c__DisplayClass18_0.<Cast>b__0(Object ret)
   at TreeSharp.Decorator.Execute(Object context)+MoveNext()
   at TreeSharp.Composite.Tick(Object context)
[20:01:04.915] [D] System.NullReferenceException: Object reference not set to an instance of an object.
   at Singular.Helpers.Unit.IsBoss(WoWUnit unit)
   at Singular.ClassSpecific.Paladin.Retribution.<>c.<CreateRetributionPaladinInstancePullAndCombat>b__4_7(Object ret)
   at Singular.Helpers.Spell.<>c__DisplayClass18_0.<Cast>b__0(Object ret)
   at TreeSharp.Decorator.Execute(Object context)+MoveNext()
   at TreeSharp.Composite.Tick(Object context)
[20:01:04.915] [D] System.NullReferenceException: Object reference not set to an instance of an object.
   at Singular.ClassSpecific.Paladin.Retribution.<>c.<CreateRetributionPaladinInstancePullAndCombat>b__4_12(Object ret)
   at Singular.Helpers.Spell.<>c__DisplayClass18_0.<Cast>b__0(Object ret)
   at TreeSharp.Decorator.Execute(Object context)+MoveNext()
   at TreeSharp.Composite.Tick(Object context)
[20:01:04.923] [D] System.NullReferenceException: Object reference not set to an instance of an object.
   at Singular.ClassSpecific.Paladin.Retribution.<>c.<CreateRetributionPaladinInstancePullAndCombat>b__4_14(Object ret)
   at Singular.Helpers.Spell.<>c__DisplayClass18_0.<Cast>b__0(Object ret)
   at TreeSharp.Decorator.Execute(Object context)+MoveNext()
   at TreeSharp.Composite.Tick(Object context)
[20:01:04.931] [D] System.NullReferenceException: Object reference not set to an instance of an object.
   at Singular.ClassSpecific.Paladin.Retribution.<>c.<CreateRetributionPaladinInstancePullAndCombat>b__4_16(Object ret)
   at Singular.Helpers.Spell.<>c__DisplayClass18_0.<Cast>b__0(Object ret)
   at TreeSharp.Decorator.Execute(Object context)+MoveNext()
   at TreeSharp.Composite.Tick(Object context)
[20:01:05.030] [D] System.NullReferenceException: Object reference not set to an instance of an object.
   at Singular.Helpers.Unit.IsBoss(WoWUnit unit)
   at Singular.ClassSpecific.Paladin.Retribution.<>c.<CreateRetributionPaladinInstancePullAndCombat>b__4_7(Object ret)
   at Singular.Helpers.Spell.<>c__DisplayClass18_0.<Cast>b__0(Object ret)
   at TreeSharp.Decorator.Execute(Object context)+MoveNext()
   at TreeSharp.Composite.Tick(Object context)
[20:01:05.031] [D] System.NullReferenceException: Object reference not set to an instance of an object.
   at Singular.ClassSpecific.Paladin.Retribution.<>c.<CreateRetributionPaladinInstancePullAndCombat>b__4_12(Object ret)
   at Singular.Helpers.Spell.<>c__DisplayClass18_0.<Cast>b__0(Object ret)
   at TreeSharp.Decorator.Execute(Object context)+MoveNext()
   at TreeSharp.Composite.Tick(Object context)
[20:01:05.038] [D] System.NullReferenceException: Object reference not set to an instance of an object.
   at Singular.ClassSpecific.Paladin.Retribution.<>c.<CreateRetributionPaladinInstancePullAndCombat>b__4_14(Object ret)
   at Singular.Helpers.Spell.<>c__DisplayClass18_0.<Cast>b__0(Object ret)
   at TreeSharp.Decorator.Execute(Object context)+MoveNext()
   at TreeSharp.Composite.Tick(Object context)
[20:01:05.046] [D] System.NullReferenceException: Object reference not set to an instance of an object.
   at Singular.ClassSpecific.Paladin.Retribution.<>c.<CreateRetributionPaladinInstancePullAndCombat>b__4_16(Object ret)
   at Singular.Helpers.Spell.<>c__DisplayClass18_0.<Cast>b__0(Object ret)
   at TreeSharp.Decorator.Execute(Object context)+MoveNext()
   at TreeSharp.Composite.Tick(Object context)
[20:01:05.127] [D] System.NullReferenceException: Object reference not set to an instance of an object.
   at Singular.Helpers.Unit.IsBoss(WoWUnit unit)
   at Singular.ClassSpecific.Paladin.Retribution.<>c.<CreateRetributionPaladinInstancePullAndCombat>b__4_7(Object ret)
   at Singular.Helpers.Spell.<>c__DisplayClass18_0.<Cast>b__0(Object ret)
   at TreeSharp.Decorator.Execute(Object context)+MoveNext()
   at TreeSharp.Composite.Tick(Object context)
[20:01:05.127] [D] System.NullReferenceException: Object reference not set to an instance of an object.
   at Singular.ClassSpecific.Paladin.Retribution.<>c.<CreateRetributionPaladinInstancePullAndCombat>b__4_12(Object ret)
   at Singular.Helpers.Spell.<>c__DisplayClass18_0.<Cast>b__0(Object ret)
   at TreeSharp.Decorator.Execute(Object context)+MoveNext()
   at TreeSharp.Composite.Tick(Object context)
[20:01:05.134] [D] System.NullReferenceException: Object reference not set to an instance of an object.
   at Singular.ClassSpecific.Paladin.Retribution.<>c.<CreateRetributionPaladinInstancePullAndCombat>b__4_14(Object ret)
   at Singular.Helpers.Spell.<>c__DisplayClass18_0.<Cast>b__0(Object ret)
   at TreeSharp.Decorator.Execute(Object context)+MoveNext()
   at TreeSharp.Composite.Tick(Object context)
[20:01:05.142] [D] System.NullReferenceException: Object reference not set to an instance of an object.
   at Singular.ClassSpecific.Paladin.Retribution.<>c.<CreateRetributionPaladinInstancePullAndCombat>b__4_16(Object ret)
   at Singular.Helpers.Spell.<>c__DisplayClass18_0.<Cast>b__0(Object ret)
   at TreeSharp.Decorator.Execute(Object context)+MoveNext()
   at TreeSharp.Composite.Tick(Object context)
[20:01:05.223] [D] System.NullReferenceException: Object reference not set to an instance of an object.
   at Singular.Helpers.Unit.IsBoss(WoWUnit unit)
   at Singular.ClassSpecific.Paladin.Retribution.<>c.<CreateRetributionPaladinInstancePullAndCombat>b__4_7(Object ret)
   at Singular.Helpers.Spell.<>c__DisplayClass18_0.<Cast>b__0(Object ret)
   at TreeSharp.Decorator.Execute(Object context)+MoveNext()
   at TreeSharp.Composite.Tick(Object context)
[20:01:05.223] [D] System.NullReferenceException: Object reference not set to an instance of an object.
   at Singular.ClassSpecific.Paladin.Retribution.<>c.<CreateRetributionPaladinInstancePullAndCombat>b__4_12(Object ret)
   at Singular.Helpers.Spell.<>c__DisplayClass18_0.<Cast>b__0(Object ret)
   at TreeSharp.Decorator.Execute(Object context)+MoveNext()
   at TreeSharp.Composite.Tick(Object context)
[20:01:05.231] [D] System.NullReferenceException: Object reference not set to an instance of an object.
   at Singular.ClassSpecific.Paladin.Retribution.<>c.<CreateRetributionPaladinInstancePullAndCombat>b__4_14(Object ret)
   at Singular.Helpers.Spell.<>c__DisplayClass18_0.<Cast>b__0(Object ret)
   at TreeSharp.Decorator.Execute(Object context)+MoveNext()
   at TreeSharp.Composite.Tick(Object context)
[20:01:05.238] [D] System.NullReferenceException: Object reference not set to an instance of an object.
   at Singular.ClassSpecific.Paladin.Retribution.<>c.<CreateRetributionPaladinInstancePullAndCombat>b__4_16(Object ret)
   at Singular.Helpers.Spell.<>c__DisplayClass18_0.<Cast>b__0(Object ret)
   at TreeSharp.Decorator.Execute(Object context)+MoveNext()
   at TreeSharp.Composite.Tick(Object context)
[20:01:05.323] [D] System.NullReferenceException: Object reference not set to an instance of an object.
   at Singular.Helpers.Unit.IsBoss(WoWUnit unit)
   at Singular.ClassSpecific.Paladin.Retribution.<>c.<CreateRetributionPaladinInstancePullAndCombat>b__4_7(Object ret)
   at Singular.Helpers.Spell.<>c__DisplayClass18_0.<Cast>b__0(Object ret)
   at TreeSharp.Decorator.Execute(Object context)+MoveNext()
   at TreeSharp.Composite.Tick(Object context)
[20:01:05.324] [D] System.NullReferenceException: Object reference not set to an instance of an object.
   at Singular.ClassSpecific.Paladin.Retribution.<>c.<CreateRetributionPaladinInstancePullAndCombat>b__4_12(Object ret)
   at Singular.Helpers.Spell.<>c__DisplayClass18_0.<Cast>b__0(Object ret)
   at TreeSharp.Decorator.Execute(Object context)+MoveNext()
   at TreeSharp.Composite.Tick(Object context)
[20:01:05.332] [D] System.NullReferenceException: Object reference not set to an instance of an object.
   at Singular.ClassSpecific.Paladin.Retribution.<>c.<CreateRetributionPaladinInstancePullAndCombat>b__4_14(Object ret)
   at Singular.Helpers.Spell.<>c__DisplayClass18_0.<Cast>b__0(Object ret)
   at TreeSharp.Decorator.Execute(Object context)+MoveNext()
   at TreeSharp.Composite.Tick(Object context)
[20:01:05.339] [D] System.NullReferenceException: Object reference not set to an instance of an object.
   at Singular.ClassSpecific.Paladin.Retribution.<>c.<CreateRetributionPaladinInstancePullAndCombat>b__4_16(Object ret)
   at Singular.Helpers.Spell.<>c__DisplayClass18_0.<Cast>b__0(Object ret)
   at TreeSharp.Decorator.Execute(Object context)+MoveNext()
   at TreeSharp.Composite.Tick(Object context)
[20:01:05.998] [D] [Pulse] Slow bot root: 104ms bot=Combat Bot poi=None combat=False
[20:01:08.432] [D] [Pulse] Slow bot root: 144ms bot=Combat Bot poi=None combat=False
[20:01:10.134] [D] [Pulse] Slow plugin: name=AutoEquip2 elapsed=43ms
[20:01:10.653] [D] [Pulse] Slow bot root: 111ms bot=Combat Bot poi=None combat=False
[20:01:10.968] [D] [Singular-DEBUG] Switched targets!
[20:01:10.969] [D] [Singular-DEBUG] Melee Distance: 5
[20:01:10.969] [D] [Singular-DEBUG] Health: 74.37908496732027
[20:01:10.969] [D] [Singular-DEBUG] Level: 28
[20:01:11.369] [N] [Singular] Casting Judgement of Light on Irradiated Horror
[20:01:11.369] [D] Spell_C::CastSpell(20271, 0, 0xF13000184C0000DC, 0)
[20:01:11.375] [D] [Pulse] Slow bot root: 103ms bot=Combat Bot poi=None combat=True
[20:01:15.043] [D] [Pulse] Slow plugin: name=Tidy Bags 3 Reloaded elapsed=73ms
[20:01:17.649] [N] [Singular] Casting Exorcism on Irradiated Horror
[20:01:17.650] [D] Spell_C::CastSpell(879, 0, 0xF13000184C0000DC, 0)
[20:01:19.705] [N] [Singular] Casting Judgement of Light on Irradiated Horror
[20:01:19.705] [D] Spell_C::CastSpell(20271, 0, 0xF13000184C0000DC, 0)
[20:01:19.803] [D] System.NullReferenceException: Object reference not set to an instance of an object.
   at Singular.Helpers.Unit.IsBoss(WoWUnit unit)
   at Singular.ClassSpecific.Paladin.Retribution.<>c.<CreateRetributionPaladinInstancePullAndCombat>b__4_7(Object ret)
   at Singular.Helpers.Spell.<>c__DisplayClass18_0.<Cast>b__0(Object ret)
   at TreeSharp.Decorator.Execute(Object context)+MoveNext()
   at TreeSharp.Composite.Tick(Object context)
[20:01:19.804] [D] System.NullReferenceException: Object reference not set to an instance of an object.
   at Singular.ClassSpecific.Paladin.Retribution.<>c.<CreateRetributionPaladinInstancePullAndCombat>b__4_12(Object ret)
   at Singular.Helpers.Spell.<>c__DisplayClass18_0.<Cast>b__0(Object ret)
   at TreeSharp.Decorator.Execute(Object context)+MoveNext()
   at TreeSharp.Composite.Tick(Object context)
[20:01:19.810] [D] System.NullReferenceException: Object reference not set to an instance of an object.
   at Singular.ClassSpecific.Paladin.Retribution.<>c.<CreateRetributionPaladinInstancePullAndCombat>b__4_14(Object ret)
   at Singular.Helpers.Spell.<>c__DisplayClass18_0.<Cast>b__0(Object ret)
   at TreeSharp.Decorator.Execute(Object context)+MoveNext()
   at TreeSharp.Composite.Tick(Object context)
[20:01:19.817] [D] System.NullReferenceException: Object reference not set to an instance of an object.
   at Singular.ClassSpecific.Paladin.Retribution.<>c.<CreateRetributionPaladinInstancePullAndCombat>b__4_16(Object ret)
   at Singular.Helpers.Spell.<>c__DisplayClass18_0.<Cast>b__0(Object ret)
   at TreeSharp.Decorator.Execute(Object context)+MoveNext()
   at TreeSharp.Composite.Tick(Object context)
[20:01:19.898] [D] System.NullReferenceException: Object reference not set to an instance of an object.
   at Singular.Helpers.Unit.IsBoss(WoWUnit unit)
   at Singular.ClassSpecific.Paladin.Retribution.<>c.<CreateRetributionPaladinInstancePullAndCombat>b__4_7(Object ret)
   at Singular.Helpers.Spell.<>c__DisplayClass18_0.<Cast>b__0(Object ret)
   at TreeSharp.Decorator.Execute(Object context)+MoveNext()
   at TreeSharp.Composite.Tick(Object context)
[20:01:19.898] [D] System.NullReferenceException: Object reference not set to an instance of an object.
   at Singular.ClassSpecific.Paladin.Retribution.<>c.<CreateRetributionPaladinInstancePullAndCombat>b__4_12(Object ret)
   at Singular.Helpers.Spell.<>c__DisplayClass18_0.<Cast>b__0(Object ret)
   at TreeSharp.Decorator.Execute(Object context)+MoveNext()
   at TreeSharp.Composite.Tick(Object context)
[20:01:19.905] [D] System.NullReferenceException: Object reference not set to an instance of an object.
   at Singular.ClassSpecific.Paladin.Retribution.<>c.<CreateRetributionPaladinInstancePullAndCombat>b__4_14(Object ret)
   at Singular.Helpers.Spell.<>c__DisplayClass18_0.<Cast>b__0(Object ret)
   at TreeSharp.Decorator.Execute(Object context)+MoveNext()
   at TreeSharp.Composite.Tick(Object context)
[20:01:19.912] [D] System.NullReferenceException: Object reference not set to an instance of an object.
   at Singular.ClassSpecific.Paladin.Retribution.<>c.<CreateRetributionPaladinInstancePullAndCombat>b__4_16(Object ret)
   at Singular.Helpers.Spell.<>c__DisplayClass18_0.<Cast>b__0(Object ret)
   at TreeSharp.Decorator.Execute(Object context)+MoveNext()
   at TreeSharp.Composite.Tick(Object context)
[20:01:19.990] [D] System.NullReferenceException: Object reference not set to an instance of an object.
   at Singular.Helpers.Unit.IsBoss(WoWUnit unit)
   at Singular.ClassSpecific.Paladin.Retribution.<>c.<CreateRetributionPaladinInstancePullAndCombat>b__4_7(Object ret)
   at Singular.Helpers.Spell.<>c__DisplayClass18_0.<Cast>b__0(Object ret)
   at TreeSharp.Decorator.Execute(Object context)+MoveNext()
   at TreeSharp.Composite.Tick(Object context)
[20:01:19.990] [D] System.NullReferenceException: Object reference not set to an instance of an object.
   at Singular.ClassSpecific.Paladin.Retribution.<>c.<CreateRetributionPaladinInstancePullAndCombat>b__4_12(Object ret)
   at Singular.Helpers.Spell.<>c__DisplayClass18_0.<Cast>b__0(Object ret)
   at TreeSharp.Decorator.Execute(Object context)+MoveNext()
   at TreeSharp.Composite.Tick(Object context)
[20:01:19.997] [D] System.NullReferenceException: Object reference not set to an instance of an object.
   at Singular.ClassSpecific.Paladin.Retribution.<>c.<CreateRetributionPaladinInstancePullAndCombat>b__4_14(Object ret)
   at Singular.Helpers.Spell.<>c__DisplayClass18_0.<Cast>b__0(Object ret)
   at TreeSharp.Decorator.Execute(Object context)+MoveNext()
   at TreeSharp.Composite.Tick(Object context)
[20:01:20.017] [N] [Singular] Casting Judgement of Light on Irradiated Horror
[20:01:20.018] [D] Spell_C::CastSpell(20271, 0, 0xF13000184C0000DC, 0)
[20:01:20.079] [D] [Singular-DEBUG] Switched targets!
[20:01:20.079] [D] [Singular-DEBUG] Melee Distance: 5
[20:01:20.079] [D] [Singular-DEBUG] Health: 0
[20:01:20.079] [D] [Singular-DEBUG] Level: 28
[20:01:20.339] [N] [Singular] Casting Judgement of Light on Irradiated Horror
[20:01:20.339] [D] Spell_C::CastSpell(20271, 0, 0xF13000184C0000DC, 0)
[20:01:20.661] [N] [Singular] Casting Judgement of Light on Irradiated Horror
[20:01:20.661] [D] Spell_C::CastSpell(20271, 0, 0xF13000184C0000DC, 0)
[20:01:20.990] [N] [Singular] Casting Judgement of Light on Irradiated Horror
[20:01:20.990] [D] Spell_C::CastSpell(20271, 0, 0xF13000184C0000DC, 0)
[20:01:21.324] [N] [Singular] Casting Judgement of Light on Irradiated Horror
[20:01:21.324] [D] Spell_C::CastSpell(20271, 0, 0xF13000184C0000DC, 0)
[20:01:21.397] [N] Drinking Melon Juice
[20:01:26.515] [N] Drinking Melon Juice
[20:01:30.297] [D] [Pulse] Slow plugin: name=AutoEquip2 elapsed=51ms
[20:01:31.616] [N] Drinking Melon Juice
[20:01:32.552] [N] Stopping the bot!
[20:01:32.552] [N] Bot stopping! Reason: User request
[20:01:32.559] [D] Exception in GetReturnValues: Thread was interrupted from a waiting state.
[20:01:32.621] [D] [Pulse] Slow plugin: name=Tidy Bags 3 Reloaded elapsed=36ms
[20:01:32.622] [D] Cleared POI
[20:01:32.622] [D] Worker thread exited cleanly
[20:01:37.632] [D] [Settings] Saved all settings
[20:01:37.632] [N] Starting the bot.
[20:01:37.633] [N] Currently Using BotBase : Combat Bot
[20:01:37.633] [N] Character is a level 27 BloodElf Paladin
[20:01:37.634] [N] Current zone is Gnomeregan
[20:01:37.634] [D] Loading profile from D:\World of Warcraft 3.3.5a\CB\Bots\WholesomeAutoQuest\WHOLESOME_AUTOQUESTER.xml
[20:01:37.635] [D] [CompileBatch] Compiling 1 entries...
[20:01:37.708] [D] [CompileBatch] Compiled successfully.
[20:01:37.708] [N] Profile loaded: WholesomeAQ - Thousand Needles
[20:01:38.173] [D] [QuestLog] Loaded 76 completed quests from Lua fallback
[20:01:38.205] [D] Selected sub-profile: WholesomeAQ - Thousand Needles (L1-80)
[20:01:38.273] [D] Setting CVars: autoSelfCast=1, autoLootDefault=1
[20:01:38.338] [D] Cleared POI
[20:01:38.338] [D] Refresh() called. LastCount=0, CurrentCount=34
[20:01:38.338] [N] Building spell book
[20:01:38.339] [D] Found 34 spells from LocalPlayer.KnownSpells
[20:01:38.339] [N] Adding Arcane Affinity
[20:01:38.339] [N] Adding Arcane Torrent
[20:01:38.340] [N] Adding Auto Attack
[20:01:38.340] [N] Adding Block
[20:01:38.340] [N] Adding Dodge
[20:01:38.341] [N] Adding Magic Resistance
[20:01:38.341] [N] Adding Parry
[20:01:38.341] [N] Adding Blessing of Wisdom
[20:01:38.342] [N] Adding Concentration Aura
[20:01:38.342] [N] Adding Consecration
[20:01:38.342] [N] Adding Exorcism
[20:01:38.342] [N] Adding Flash of Light
[20:01:38.343] [N] Adding Holy Light
[20:01:38.343] [N] Adding Lay on Hands
[20:01:38.344] [N] Adding Purify
[20:01:38.344] [N] Adding Seal of Righteousness
[20:01:38.344] [N] Adding Sense Undead
[20:01:38.344] [N] Adding Turn Evil
[20:01:38.345] [N] Adding Blessing of Kings
[20:01:38.345] [N] Adding Devotion Aura
[20:01:38.346] [N] Adding Divine Protection
[20:01:38.346] [N] Adding Hammer of Justice
[20:01:38.346] [N] Adding Hand of Freedom
[20:01:38.347] [N] Adding Hand of Protection
[20:01:38.347] [N] Adding Hand of Reckoning
[20:01:38.347] [N] Adding Hand of Salvation
[20:01:38.348] [N] Adding Righteous Defense
[20:01:38.348] [N] Adding Righteous Fury
[20:01:38.348] [N] Adding Seal of Justice
[20:01:38.349] [N] Adding Blessing of Might
[20:01:38.349] [N] Adding Judgement of Light
[20:01:38.349] [N] Adding Judgement of Wisdom
[20:01:38.350] [N] Adding Retribution Aura
[20:01:38.350] [N] Adding Seal of Command
[20:01:38.351] [N] Spell book built
[20:01:38.351] [D] [SpellManager] Initialize — subscribed to BotEvents.OnBotStart
[20:01:38.351] [D] Default area costs set (Road=1.0, Ground=1.66)
[20:01:38.351] [D] Faction filter set: Horde (excluding Alliance paths)
[20:01:38.352] [D] Refresh() called. LastCount=0, CurrentCount=34
[20:01:38.352] [N] Building spell book
[20:01:38.352] [D] Found 34 spells from LocalPlayer.KnownSpells
[20:01:38.352] [N] Adding Arcane Affinity
[20:01:38.358] [N] Adding Arcane Torrent
[20:01:38.359] [N] Adding Auto Attack
[20:01:38.359] [N] Adding Block
[20:01:38.359] [N] Adding Dodge
[20:01:38.360] [N] Adding Magic Resistance
[20:01:38.360] [N] Adding Parry
[20:01:38.361] [N] Adding Blessing of Wisdom
[20:01:38.361] [N] Adding Concentration Aura
[20:01:38.361] [N] Adding Consecration
[20:01:38.362] [N] Adding Exorcism
[20:01:38.362] [N] Adding Flash of Light
[20:01:38.362] [N] Adding Holy Light
[20:01:38.363] [N] Adding Lay on Hands
[20:01:38.363] [N] Adding Purify
[20:01:38.364] [N] Adding Seal of Righteousness
[20:01:38.364] [N] Adding Sense Undead
[20:01:38.364] [N] Adding Turn Evil
[20:01:38.365] [N] Adding Blessing of Kings
[20:01:38.365] [N] Adding Devotion Aura
[20:01:38.365] [N] Adding Divine Protection
[20:01:38.366] [N] Adding Hammer of Justice
[20:01:38.366] [N] Adding Hand of Freedom
[20:01:38.367] [N] Adding Hand of Protection
[20:01:38.367] [N] Adding Hand of Reckoning
[20:01:38.367] [N] Adding Hand of Salvation
[20:01:38.368] [N] Adding Righteous Defense
[20:01:38.368] [N] Adding Righteous Fury
[20:01:38.368] [N] Adding Seal of Justice
[20:01:38.369] [N] Adding Blessing of Might
[20:01:38.369] [N] Adding Judgement of Light
[20:01:38.370] [N] Adding Judgement of Wisdom
[20:01:38.370] [N] Adding Retribution Aura
[20:01:38.370] [N] Adding Seal of Command
[20:01:38.371] [N] Spell book built
[20:01:38.372] [D] [SpellManager] Subscribed to LEARNED_SPELL_IN_TAB, ACTIVE_TALENT_GROUP_CHANGED
[20:01:38.372] [D] Refresh() called. LastCount=0, CurrentCount=34
[20:01:38.372] [N] Building spell book
[20:01:38.372] [D] Found 34 spells from LocalPlayer.KnownSpells
[20:01:38.372] [N] Adding Arcane Affinity
[20:01:38.373] [N] Adding Arcane Torrent
[20:01:38.373] [N] Adding Auto Attack
[20:01:38.374] [N] Adding Block
[20:01:38.374] [N] Adding Dodge
[20:01:38.374] [N] Adding Magic Resistance
[20:01:38.375] [N] Adding Parry
[20:01:38.375] [N] Adding Blessing of Wisdom
[20:01:38.376] [N] Adding Concentration Aura
[20:01:38.376] [N] Adding Consecration
[20:01:38.377] [N] Adding Exorcism
[20:01:38.377] [N] Adding Flash of Light
[20:01:38.377] [N] Adding Holy Light
[20:01:38.378] [N] Adding Lay on Hands
[20:01:38.378] [N] Adding Purify
[20:01:38.379] [N] Adding Seal of Righteousness
[20:01:38.379] [N] Adding Sense Undead
[20:01:38.379] [N] Adding Turn Evil
[20:01:38.380] [N] Adding Blessing of Kings
[20:01:38.380] [N] Adding Devotion Aura
[20:01:38.381] [N] Adding Divine Protection
[20:01:38.381] [N] Adding Hammer of Justice
[20:01:38.382] [N] Adding Hand of Freedom
[20:01:38.382] [N] Adding Hand of Protection
[20:01:38.382] [N] Adding Hand of Reckoning
[20:01:38.383] [N] Adding Hand of Salvation
[20:01:38.383] [N] Adding Righteous Defense
[20:01:38.384] [N] Adding Righteous Fury
[20:01:38.384] [N] Adding Seal of Justice
[20:01:38.384] [N] Adding Blessing of Might
[20:01:38.385] [N] Adding Judgement of Light
[20:01:38.385] [N] Adding Judgement of Wisdom
[20:01:38.386] [N] Adding Retribution Aura
[20:01:38.386] [N] Adding Seal of Command
[20:01:38.387] [N] Spell book built
[20:01:38.387] [D] [SpellManager] Subscribed to LEARNED_SPELL_IN_TAB, ACTIVE_TALENT_GROUP_CHANGED
[20:01:38.388] [D] Refresh() called. LastCount=0, CurrentCount=34
[20:01:38.388] [N] Building spell book
[20:01:38.388] [D] Found 34 spells from LocalPlayer.KnownSpells
[20:01:38.388] [N] Adding Arcane Affinity
[20:01:38.389] [N] Adding Arcane Torrent
[20:01:38.389] [N] Adding Auto Attack
[20:01:38.390] [N] Adding Block
[20:01:38.390] [N] Adding Dodge
[20:01:38.391] [N] Adding Magic Resistance
[20:01:38.391] [N] Adding Parry
[20:01:38.391] [N] Adding Blessing of Wisdom
[20:01:38.392] [N] Adding Concentration Aura
[20:01:38.392] [N] Adding Consecration
[20:01:38.393] [N] Adding Exorcism
[20:01:38.393] [N] Adding Flash of Light
[20:01:38.394] [N] Adding Holy Light
[20:01:38.394] [N] Adding Lay on Hands
[20:01:38.395] [N] Adding Purify
[20:01:38.395] [N] Adding Seal of Righteousness
[20:01:38.396] [N] Adding Sense Undead
[20:01:38.396] [N] Adding Turn Evil
[20:01:38.396] [N] Adding Blessing of Kings
[20:01:38.400] [N] Adding Devotion Aura
[20:01:38.400] [N] Adding Divine Protection
[20:01:38.401] [N] Adding Hammer of Justice
[20:01:38.401] [N] Adding Hand of Freedom
[20:01:38.402] [N] Adding Hand of Protection
[20:01:38.402] [N] Adding Hand of Reckoning
[20:01:38.403] [N] Adding Hand of Salvation
[20:01:38.403] [N] Adding Righteous Defense
[20:01:38.404] [N] Adding Righteous Fury
[20:01:38.404] [N] Adding Seal of Justice
[20:01:38.405] [N] Adding Blessing of Might
[20:01:38.405] [N] Adding Judgement of Light
[20:01:38.406] [N] Adding Judgement of Wisdom
[20:01:38.406] [N] Adding Retribution Aura
[20:01:38.407] [N] Adding Seal of Command
[20:01:38.407] [N] Spell book built
[20:01:38.408] [D] [SpellManager] Subscribed to LEARNED_SPELL_IN_TAB, ACTIVE_TALENT_GROUP_CHANGED
[20:01:38.408] [D] Refresh() called. LastCount=0, CurrentCount=34
[20:01:38.408] [N] Building spell book
[20:01:38.409] [D] Found 34 spells from LocalPlayer.KnownSpells
[20:01:38.409] [N] Adding Arcane Affinity
[20:01:38.409] [N] Adding Arcane Torrent
[20:01:38.410] [N] Adding Auto Attack
[20:01:38.410] [N] Adding Block
[20:01:38.411] [N] Adding Dodge
[20:01:38.411] [N] Adding Magic Resistance
[20:01:38.412] [N] Adding Parry
[20:01:38.412] [N] Adding Blessing of Wisdom
[20:01:38.413] [N] Adding Concentration Aura
[20:01:38.413] [N] Adding Consecration
[20:01:38.414] [N] Adding Exorcism
[20:01:38.414] [N] Adding Flash of Light
[20:01:38.415] [N] Adding Holy Light
[20:01:38.415] [N] Adding Lay on Hands
[20:01:38.416] [N] Adding Purify
[20:01:38.416] [N] Adding Seal of Righteousness
[20:01:38.417] [N] Adding Sense Undead
[20:01:38.417] [N] Adding Turn Evil
[20:01:38.418] [N] Adding Blessing of Kings
[20:01:38.418] [N] Adding Devotion Aura
[20:01:38.419] [N] Adding Divine Protection
[20:01:38.419] [N] Adding Hammer of Justice
[20:01:38.420] [N] Adding Hand of Freedom
[20:01:38.420] [N] Adding Hand of Protection
[20:01:38.421] [N] Adding Hand of Reckoning
[20:01:38.422] [N] Adding Hand of Salvation
[20:01:38.422] [N] Adding Righteous Defense
[20:01:38.423] [N] Adding Righteous Fury
[20:01:38.423] [N] Adding Seal of Justice
[20:01:38.424] [N] Adding Blessing of Might
[20:01:38.424] [N] Adding Judgement of Light
[20:01:38.425] [N] Adding Judgement of Wisdom
[20:01:38.425] [N] Adding Retribution Aura
[20:01:38.426] [N] Adding Seal of Command
[20:01:38.426] [N] Spell book built
[20:01:38.427] [D] [SpellManager] Subscribed to LEARNED_SPELL_IN_TAB, ACTIVE_TALENT_GROUP_CHANGED
[20:01:38.427] [D] Refresh() called. LastCount=0, CurrentCount=34
[20:01:38.427] [N] Building spell book
[20:01:38.428] [D] Found 34 spells from LocalPlayer.KnownSpells
[20:01:38.428] [N] Adding Arcane Affinity
[20:01:38.429] [N] Adding Arcane Torrent
[20:01:38.430] [N] Adding Auto Attack
[20:01:38.430] [N] Adding Block
[20:01:38.431] [N] Adding Dodge
[20:01:38.431] [N] Adding Magic Resistance
[20:01:38.432] [N] Adding Parry
[20:01:38.432] [N] Adding Blessing of Wisdom
[20:01:38.433] [N] Adding Concentration Aura
[20:01:38.433] [N] Adding Consecration
[20:01:38.434] [N] Adding Exorcism
[20:01:38.434] [N] Adding Flash of Light
[20:01:38.435] [N] Adding Holy Light
[20:01:38.436] [N] Adding Lay on Hands
[20:01:38.436] [N] Adding Purify
[20:01:38.437] [N] Adding Seal of Righteousness
[20:01:38.437] [N] Adding Sense Undead
[20:01:38.438] [N] Adding Turn Evil
[20:01:38.438] [N] Adding Blessing of Kings
[20:01:38.439] [N] Adding Devotion Aura
[20:01:38.439] [N] Adding Divine Protection
[20:01:38.440] [N] Adding Hammer of Justice
[20:01:38.441] [N] Adding Hand of Freedom
[20:01:38.441] [N] Adding Hand of Protection
[20:01:38.442] [N] Adding Hand of Reckoning
[20:01:38.442] [N] Adding Hand of Salvation
[20:01:38.443] [N] Adding Righteous Defense
[20:01:38.443] [N] Adding Righteous Fury
[20:01:38.444] [N] Adding Seal of Justice
[20:01:38.444] [N] Adding Blessing of Might
[20:01:38.445] [N] Adding Judgement of Light
[20:01:38.445] [N] Adding Judgement of Wisdom
[20:01:38.446] [N] Adding Retribution Aura
[20:01:38.447] [N] Adding Seal of Command
[20:01:38.447] [N] Spell book built
[20:01:38.448] [D] [SpellManager] Subscribed to LEARNED_SPELL_IN_TAB, ACTIVE_TALENT_GROUP_CHANGED
[20:01:38.448] [D] Refresh() called. LastCount=0, CurrentCount=34
[20:01:38.448] [N] Building spell book
[20:01:38.449] [D] Found 34 spells from LocalPlayer.KnownSpells
[20:01:38.449] [N] Adding Arcane Affinity
[20:01:38.450] [N] Adding Arcane Torrent
[20:01:38.450] [N] Adding Auto Attack
[20:01:38.451] [N] Adding Block
[20:01:38.451] [N] Adding Dodge
[20:01:38.452] [N] Adding Magic Resistance
[20:01:38.453] [N] Adding Parry
[20:01:38.453] [N] Adding Blessing of Wisdom
[20:01:38.454] [N] Adding Concentration Aura
[20:01:38.454] [N] Adding Consecration
[20:01:38.455] [N] Adding Exorcism
[20:01:38.455] [N] Adding Flash of Light
[20:01:38.456] [N] Adding Holy Light
[20:01:38.457] [N] Adding Lay on Hands
[20:01:38.457] [N] Adding Purify
[20:01:38.458] [N] Adding Seal of Righteousness
[20:01:38.459] [N] Adding Sense Undead
[20:01:38.460] [N] Adding Turn Evil
[20:01:38.460] [N] Adding Blessing of Kings
[20:01:38.461] [N] Adding Devotion Aura
[20:01:38.461] [N] Adding Divine Protection
[20:01:38.462] [N] Adding Hammer of Justice
[20:01:38.462] [N] Adding Hand of Freedom
[20:01:38.463] [N] Adding Hand of Protection
[20:01:38.464] [N] Adding Hand of Reckoning
[20:01:38.464] [N] Adding Hand of Salvation
[20:01:38.465] [N] Adding Righteous Defense
[20:01:38.465] [N] Adding Righteous Fury
[20:01:38.466] [N] Adding Seal of Justice
[20:01:38.467] [N] Adding Blessing of Might
[20:01:38.467] [N] Adding Judgement of Light
[20:01:38.468] [N] Adding Judgement of Wisdom
[20:01:38.468] [N] Adding Retribution Aura
[20:01:38.469] [N] Adding Seal of Command
[20:01:38.470] [N] Spell book built
[20:01:38.470] [D] [SpellManager] Subscribed to LEARNED_SPELL_IN_TAB, ACTIVE_TALENT_GROUP_CHANGED
[20:01:38.471] [D] Refresh() called. LastCount=0, CurrentCount=34
[20:01:38.471] [N] Building spell book
[20:01:38.471] [D] Found 34 spells from LocalPlayer.KnownSpells
[20:01:38.471] [N] Adding Arcane Affinity
[20:01:38.472] [N] Adding Arcane Torrent
[20:01:38.473] [N] Adding Auto Attack
[20:01:38.473] [N] Adding Block
[20:01:38.474] [N] Adding Dodge
[20:01:38.474] [N] Adding Magic Resistance
[20:01:38.475] [N] Adding Parry
[20:01:38.476] [N] Adding Blessing of Wisdom
[20:01:38.476] [N] Adding Concentration Aura
[20:01:38.477] [N] Adding Consecration
[20:01:38.477] [N] Adding Exorcism
[20:01:38.478] [N] Adding Flash of Light
[20:01:38.479] [N] Adding Holy Light
[20:01:38.479] [N] Adding Lay on Hands
[20:01:38.480] [N] Adding Purify
[20:01:38.481] [N] Adding Seal of Righteousness
[20:01:38.481] [N] Adding Sense Undead
[20:01:38.482] [N] Adding Turn Evil
[20:01:38.482] [N] Adding Blessing of Kings
[20:01:38.483] [N] Adding Devotion Aura
[20:01:38.484] [N] Adding Divine Protection
[20:01:38.484] [N] Adding Hammer of Justice
[20:01:38.485] [N] Adding Hand of Freedom
[20:01:38.485] [N] Adding Hand of Protection
[20:01:38.486] [N] Adding Hand of Reckoning
[20:01:38.487] [N] Adding Hand of Salvation
[20:01:38.488] [N] Adding Righteous Defense
[20:01:38.489] [N] Adding Righteous Fury
[20:01:38.489] [N] Adding Seal of Justice
[20:01:38.490] [N] Adding Blessing of Might
[20:01:38.490] [N] Adding Judgement of Light
[20:01:38.491] [N] Adding Judgement of Wisdom
[20:01:38.492] [N] Adding Retribution Aura
[20:01:38.492] [N] Adding Seal of Command
[20:01:38.493] [N] Spell book built
[20:01:38.494] [D] [SpellManager] Subscribed to LEARNED_SPELL_IN_TAB, ACTIVE_TALENT_GROUP_CHANGED
[20:01:38.624] [N] [Singular] Currect target is invalid. Switching to Mechanized Sentry!
[20:01:39.013] [D] [Singular-DEBUG] Switched targets!
[20:01:39.013] [D] [Singular-DEBUG] Melee Distance: 5.3333335
[20:01:39.014] [D] [Singular-DEBUG] Health: 49.73325429756965
[20:01:39.014] [D] [Singular-DEBUG] Level: 28
[20:01:39.264] [N] [Singular] Casting Exorcism on Mechanized Sentry
[20:01:39.264] [D] Spell_C::CastSpell(879, 0, 0xF1300018590000ED, 0)
[20:01:39.299] [D] [Pulse] Slow bot root: 168ms bot=Combat Bot poi=None combat=True
[20:01:39.551] [D] [Pulse] Slow bot root: 131ms bot=Combat Bot poi=None combat=True
[20:01:41.294] [N] [Singular] Casting Judgement of Light on Mechanized Sentry
[20:01:41.294] [D] Spell_C::CastSpell(20271, 0, 0xF1300018590000ED, 0)
[20:01:41.328] [D] [Pulse] Slow bot root: 167ms bot=Combat Bot poi=None combat=True
[20:01:42.754] [D] [Pulse] Slow plugin: name=Tidy Bags 3 Reloaded elapsed=36ms
[20:01:42.857] [N] [Singular] Casting Consecration on Mechanized Sentry
[20:01:42.857] [D] Spell_C::CastSpell(26573, 0, 0xF1300018590000ED, 0)
[20:01:42.889] [D] [Pulse] Slow bot root: 134ms bot=Combat Bot poi=None combat=True
[20:01:43.323] [D] [Pulse] Slow bot root: 100ms bot=Combat Bot poi=None combat=True
[20:01:46.849] [N] [Singular] Currect target is invalid. Switching to Mechanized Sentry!
[20:01:46.881] [D] [Pulse] Slow bot root: 871ms bot=Combat Bot poi=None combat=True
[20:01:47.205] [D] [Singular-DEBUG] Switched targets!
[20:01:47.205] [D] [Singular-DEBUG] Melee Distance: 5.3333335
[20:01:47.205] [D] [Singular-DEBUG] Health: 85.65500889152341
[20:01:47.205] [D] [Singular-DEBUG] Level: 28
[20:01:47.422] [D] [Pulse] Slow bot root: 104ms bot=Combat Bot poi=None combat=True
[20:01:48.675] [D] [Pulse] Slow bot root: 200ms bot=Combat Bot poi=None combat=True
[20:01:48.957] [D] [Pulse] Slow bot root: 165ms bot=Combat Bot poi=None combat=True
[20:01:49.717] [N] [Singular] Casting Judgement of Light on Mechanized Sentry
[20:01:49.718] [D] Spell_C::CastSpell(20271, 0, 0xF1300018590000F8, 0)
[20:01:49.752] [D] [Pulse] Slow bot root: 133ms bot=Combat Bot poi=None combat=True
[20:01:52.771] [D] [Pulse] Slow plugin: name=Tidy Bags 3 Reloaded elapsed=37ms
[20:01:55.756] [D] [Singular-DEBUG] Mechanized Sentry is immune to Nature spell school
[20:01:56.321] [N] [Singular] Casting Exorcism on Mechanized Sentry
[20:01:56.322] [D] Spell_C::CastSpell(879, 0, 0xF1300018590000F8, 0)
[20:01:56.355] [D] [Pulse] Slow bot root: 131ms bot=Combat Bot poi=None combat=True
[20:01:58.347] [N] [Singular] Casting Judgement of Light on Mechanized Sentry
[20:01:58.347] [D] Spell_C::CastSpell(20271, 0, 0xF1300018590000F8, 0)
[20:01:58.380] [D] [Pulse] Slow bot root: 167ms bot=Combat Bot poi=None combat=True
[20:01:58.692] [D] [Pulse] Slow bot root: 199ms bot=Combat Bot poi=None combat=True
[20:01:59.005] [D] [Pulse] Slow bot root: 201ms bot=Combat Bot poi=None combat=True
[20:01:59.282] [D] [Pulse] Slow bot root: 166ms bot=Combat Bot poi=None combat=True
[20:02:01.265] [D] [Pulse] Slow bot root: 101ms bot=Combat Bot poi=None combat=True
[20:02:02.796] [D] [Pulse] Slow plugin: name=Tidy Bags 3 Reloaded elapsed=37ms
[20:02:04.044] [N] Drinking Melon Juice
[20:02:04.796] [D] [Singular-DEBUG] Switched targets!
[20:02:04.796] [D] [Singular-DEBUG] Melee Distance: 5
[20:02:04.796] [D] [Singular-DEBUG] Health: 100
[20:02:04.796] [D] [Singular-DEBUG] Level: 28
[20:02:09.097] [N] Drinking Melon Juice
[20:02:10.488] [D] [Pulse] Slow plugin: name=AutoEquip2 elapsed=40ms
[20:02:20.499] [D] [Pulse] Slow plugin: name=AutoEquip2 elapsed=49ms
[20:02:28.734] [D] [Singular-DEBUG] Switched targets!
[20:02:28.734] [D] [Singular-DEBUG] Melee Distance: 5
[20:02:28.734] [D] [Singular-DEBUG] Health: 77.16666666666667
[20:02:28.734] [D] [Singular-DEBUG] Level: 27
[20:02:29.121] [N] [Singular] Casting Exorcism on Leprous Defender
[20:02:29.121] [D] Spell_C::CastSpell(879, 0, 0xF13000184F0000E6, 0)
[20:02:31.018] [N] [Singular] Casting Judgement of Light on Leprous Defender
[20:02:31.018] [D] Spell_C::CastSpell(20271, 0, 0xF13000184F0000E6, 0)
[20:02:39.344] [N] [Singular] Casting Judgement of Light on Leprous Defender
[20:02:39.344] [D] Spell_C::CastSpell(20271, 0, 0xF13000184F0000E6, 0)
[20:02:43.813] [D] [Singular-DEBUG] Switched targets!
[20:02:43.813] [D] [Singular-DEBUG] Melee Distance: 5.3333335
[20:02:43.813] [D] [Singular-DEBUG] Health: 6.3146130203967585
[20:02:43.813] [D] [Singular-DEBUG] Level: 29
[20:02:44.455] [D] [Pulse] Slow plugin: name=Tidy Bags 3 Reloaded elapsed=57ms
[20:02:44.572] [D] [Pulse] Slow bot root: 116ms bot=Combat Bot poi=None combat=True
[20:02:48.470] [N] [Singular] Casting Exorcism on Mechanized Sentry
[20:02:48.470] [D] Spell_C::CastSpell(879, 0, 0xF1300018590000EF, 0)
[20:02:48.478] [D] [Pulse] Slow bot root: 112ms bot=Combat Bot poi=None combat=True
[20:02:48.537] [D] [Singular-DEBUG] Switched targets!
[20:02:48.537] [D] [Singular-DEBUG] Melee Distance: 5.3333335
[20:02:48.537] [D] [Singular-DEBUG] Health: 58.56550088915234
[20:02:48.537] [D] [Singular-DEBUG] Level: 28
[20:02:50.338] [N] [Singular] Casting Judgement of Light on Mechanized Sentry
[20:02:50.338] [D] Spell_C::CastSpell(20271, 0, 0xF1300018590000EF, 0)
[20:02:54.935] [D] [Singular-DEBUG] Mechanized Sentry is immune to Nature spell school
[20:02:55.744] [D] [Pulse] Slow plugin: name=Tidy Bags 3 Reloaded elapsed=20ms
[20:02:55.928] [D] [Pulse] Slow bot root: 183ms bot=Combat Bot poi=None combat=False
[20:02:56.243] [D] [Singular-DEBUG] Switched targets!
[20:02:56.243] [D] [Singular-DEBUG] Melee Distance: 5.3333335
[20:02:56.243] [D] [Singular-DEBUG] Health: 100
[20:02:56.243] [D] [Singular-DEBUG] Level: 28
[20:03:00.662] [D] [Pulse] Slow plugin: name=AutoEquip2 elapsed=52ms
[20:03:01.404] [N] [Singular] Casting Judgement of Light on Mechanized Sentry
[20:03:01.404] [D] Spell_C::CastSpell(20271, 0, 0xF1300018590000F6, 0)
[20:03:01.413] [D] [Pulse] Slow bot root: 140ms bot=Combat Bot poi=None combat=True
[20:03:01.414] [D] [Singular-DEBUG] Mechanized Sentry is immune to Nature spell school
[20:03:05.307] [N] [Singular] Casting Exorcism on Mechanized Sentry
[20:03:05.307] [D] Spell_C::CastSpell(879, 0, 0xF1300018590000F6, 0)
[20:03:09.778] [N] [Singular] Casting Judgement of Light on Mechanized Sentry
[20:03:09.778] [D] Spell_C::CastSpell(20271, 0, 0xF1300018590000F6, 0)
[20:03:15.281] [D] [Pulse] Slow bot root: 115ms bot=Combat Bot poi=None combat=False
[20:03:20.769] [D] [Pulse] Slow plugin: name=AutoEquip2 elapsed=52ms
[20:03:22.103] [N] [Singular] Casting Judgement of Light on Leprous Defender
[20:03:22.103] [D] Spell_C::CastSpell(20271, 0, 0xF13000184F0000E7, 0)
[20:03:22.112] [D] [Pulse] Slow bot root: 145ms bot=Combat Bot poi=None combat=True
[20:03:22.176] [D] [Singular-DEBUG] Switched targets!
[20:03:22.176] [D] [Singular-DEBUG] Melee Distance: 5
[20:03:22.176] [D] [Singular-DEBUG] Health: 75.77777777777777
[20:03:22.176] [D] [Singular-DEBUG] Level: 26
[20:03:23.631] [N] [Singular] Casting Exorcism on Leprous Defender
[20:03:23.631] [D] Spell_C::CastSpell(879, 0, 0xF13000184F0000E7, 0)
[20:03:26.988] [D] [Pulse] Slow bot root: 104ms bot=Combat Bot poi=None combat=True
[20:03:29.268] [N] [Singular] Currect target is invalid. Switching to Mechanized Sentry!
[20:03:29.282] [D] [Pulse] Slow bot root: 306ms bot=Combat Bot poi=None combat=False
[20:03:29.578] [D] [Singular-DEBUG] Switched targets!
[20:03:29.578] [D] [Singular-DEBUG] Melee Distance: 5.3333335
[20:03:29.578] [D] [Singular-DEBUG] Health: 83.15171835708298
[20:03:29.578] [D] [Singular-DEBUG] Level: 29
[20:03:30.853] [D] [Pulse] Slow plugin: name=AutoEquip2 elapsed=53ms
[20:03:32.025] [D] [Pulse] Slow bot root: 149ms bot=Combat Bot poi=None combat=False
[20:03:36.481] [N] [Singular] Casting Judgement of Light on Mechanized Sentry
[20:03:36.481] [D] Spell_C::CastSpell(20271, 0, 0xF1300018590000F7, 0)
[20:03:36.492] [D] [Pulse] Slow bot root: 152ms bot=Combat Bot poi=None combat=True
[20:03:36.901] [D] [Pulse] Slow plugin: name=Tidy Bags 3 Reloaded elapsed=25ms
[20:03:40.498] [N] [Singular] Casting Exorcism on Mechanized Sentry
[20:03:40.498] [D] Spell_C::CastSpell(879, 0, 0xF1300018590000F7, 0)
[20:03:43.749] [D] [Singular-DEBUG] Mechanized Sentry is immune to Nature spell school
[20:03:44.819] [N] [Singular] Casting Judgement of Light on Mechanized Sentry
[20:03:44.819] [D] Spell_C::CastSpell(20271, 0, 0xF1300018590000F7, 0)
[20:03:47.599] [D] [Pulse] Slow plugin: name=Tidy Bags 3 Reloaded elapsed=23ms
[20:03:49.778] [D] [Singular-DEBUG] Mechanized Sentry is immune to Nature spell school
[20:03:51.298] [N] Drinking Melon Juice
[20:03:54.054] [D] [Singular-DEBUG] Mechanized Sentry is immune to Nature spell school
[20:03:54.560] [D] [Singular-DEBUG] Switched targets!
[20:03:54.560] [D] [Singular-DEBUG] Melee Distance: 5.3333335
[20:03:54.560] [D] [Singular-DEBUG] Health: 86.60343805572022
[20:03:54.560] [D] [Singular-DEBUG] Level: 28
[20:03:54.702] [N] [Singular] Casting Judgement of Light on Mechanized Sentry
[20:03:54.702] [D] Spell_C::CastSpell(20271, 0, 0xF1300018590000F9, 0)
[20:03:57.325] [N] [Singular] Casting Exorcism on Mechanized Sentry
[20:03:57.325] [D] Spell_C::CastSpell(879, 0, 0xF1300018590000F9, 0)
[20:04:03.016] [N] [Singular] Casting Judgement of Light on Mechanized Sentry
[20:04:03.016] [D] Spell_C::CastSpell(20271, 0, 0xF1300018590000F9, 0)
[20:04:07.306] [N] Drinking Melon Juice
[20:04:10.258] [D] [Pulse] Slow plugin: name=Tidy Bags 3 Reloaded elapsed=74ms
[20:04:11.187] [D] [Pulse] Slow plugin: name=AutoEquip2 elapsed=45ms
[20:04:12.514] [N] Drinking Melon Juice
[20:04:21.231] [D] [Pulse] Slow plugin: name=AutoEquip2 elapsed=55ms
[20:04:31.309] [D] [Pulse] Slow plugin: name=AutoEquip2 elapsed=51ms
[20:04:33.349] [D] [Singular-DEBUG] Switched targets!
[20:04:33.349] [D] [Singular-DEBUG] Melee Distance: 5
[20:04:33.350] [D] [Singular-DEBUG] Health: 23.666666666666668
[20:04:33.350] [D] [Singular-DEBUG] Level: 27
[20:04:36.058] [N] [Singular] Casting Exorcism on Leprous Defender
[20:04:36.059] [D] Spell_C::CastSpell(879, 0, 0xF13000184F00002C, 0)
[20:04:36.068] [D] [Pulse] Slow bot root: 139ms bot=Combat Bot poi=None combat=True
[20:04:36.396] [D] [Pulse] Slow plugin: name=Tidy Bags 3 Reloaded elapsed=20ms
[20:04:37.777] [N] [Singular] Casting Exorcism on Leprous Defender
[20:04:37.777] [D] Spell_C::CastSpell(879, 0, 0xF13000184F00002C, 0)
[20:04:38.085] [D] [Singular-DEBUG] Switched targets!
[20:04:38.085] [D] [Singular-DEBUG] Melee Distance: 5.3333335
[20:04:38.085] [D] [Singular-DEBUG] Health: 3.319502074688797
[20:04:38.085] [D] [Singular-DEBUG] Level: 28
[20:04:40.847] [D] [Pulse] Slow bot root: 125ms bot=Combat Bot poi=None combat=False
[20:04:41.342] [D] [Pulse] Slow plugin: name=AutoEquip2 elapsed=55ms
[20:04:45.380] [N] [Singular] Currect target is invalid. Switching to Leprous Defender!
[20:04:45.393] [D] [Pulse] Slow bot root: 199ms bot=Combat Bot poi=None combat=True
[20:04:45.723] [D] [Singular-DEBUG] Switched targets!
[20:04:45.723] [D] [Singular-DEBUG] Melee Distance: 5
[20:04:45.723] [D] [Singular-DEBUG] Health: 92.31111111111112
[20:04:45.723] [D] [Singular-DEBUG] Level: 26
[20:04:45.866] [N] [Singular] Casting Judgement of Light on Leprous Defender
[20:04:45.866] [D] Spell_C::CastSpell(20271, 0, 0xF13000184F00002A, 0)
[20:04:46.976] [D] [Singular-DEBUG] Switched targets!
[20:04:46.976] [D] [Singular-DEBUG] Melee Distance: 3.5
[20:04:46.976] [D] [Singular-DEBUG] Health: 79.83402489626556
[20:04:46.976] [D] [Singular-DEBUG] Level: 28
[20:04:47.358] [D] [Singular-DEBUG] Switched targets!
[20:04:47.358] [D] [Singular-DEBUG] Melee Distance: 5
[20:04:47.358] [D] [Singular-DEBUG] Health: 79.42222222222222
[20:04:47.358] [D] [Singular-DEBUG] Level: 26
[20:04:47.401] [N] [Singular] Casting Exorcism on Leprous Defender
[20:04:47.401] [D] Spell_C::CastSpell(879, 0, 0xF13000184F00002A, 0)
[20:04:48.478] [D] [Singular-DEBUG] Switched targets!
[20:04:48.478] [D] [Singular-DEBUG] Melee Distance: 5.3333335
[20:04:48.479] [D] [Singular-DEBUG] Health: 94.1044984632579
[20:04:48.479] [D] [Singular-DEBUG] Level: 29
[20:04:49.573] [N] [Singular] Casting Exorcism on Mechanized Sentry
[20:04:49.573] [D] Spell_C::CastSpell(879, 0, 0xF130001859000062, 0)
[20:04:53.684] [D] [Pulse] Slow plugin: name=Tidy Bags 3 Reloaded elapsed=23ms
[20:04:54.152] [N] [Singular] Casting Judgement of Light on Mechanized Sentry
[20:04:54.152] [D] Spell_C::CastSpell(20271, 0, 0xF130001859000062, 0)
[20:04:58.982] [N] [Singular] Casting Consecration on Mechanized Sentry
[20:04:58.982] [D] Spell_C::CastSpell(26573, 0, 0xF130001859000062, 0)
[20:05:02.493] [N] [Singular] Casting Judgement of Light on Mechanized Sentry
[20:05:02.493] [D] Spell_C::CastSpell(20271, 0, 0xF130001859000062, 0)
[20:05:02.730] [N] [Singular] Casting Divine Protection on Myself
[20:05:02.730] [D] Spell_C::CastSpell(498, 0, 0x6000000007EAB80, 0)
[20:05:06.382] [N] [Singular] Casting Exorcism on Mechanized Sentry
[20:05:06.382] [D] Spell_C::CastSpell(879, 0, 0xF130001859000062, 0)
[20:05:07.815] [D] [Pulse] Slow plugin: name=Tidy Bags 3 Reloaded elapsed=23ms
[20:05:08.293] [N] [Singular] Casting Consecration on Mechanized Sentry
[20:05:08.293] [D] Spell_C::CastSpell(26573, 0, 0xF130001859000062, 0)
[20:05:09.622] [N] [Singular] Currect target is invalid. Switching to Leprous Defender!
[20:05:09.636] [D] [Pulse] Slow bot root: 150ms bot=Combat Bot poi=None combat=True
[20:05:09.965] [D] [Singular-DEBUG] Switched targets!
[20:05:09.965] [D] [Singular-DEBUG] Melee Distance: 5
[20:05:09.965] [D] [Singular-DEBUG] Health: 85.46666666666667
[20:05:09.965] [D] [Singular-DEBUG] Level: 26
[20:05:10.908] [N] [Singular] Casting Judgement of Light on Leprous Defender
[20:05:10.908] [D] Spell_C::CastSpell(20271, 0, 0xF13000184F00002B, 0)
[20:05:16.569] [N] [Singular] Casting Consecration on Leprous Defender
[20:05:16.569] [D] Spell_C::CastSpell(26573, 0, 0xF13000184F00002B, 0)
[20:05:19.332] [N] [Singular] Casting Judgement of Light on Leprous Defender
[20:05:19.332] [D] Spell_C::CastSpell(20271, 0, 0xF13000184F00002B, 0)
[20:05:19.550] [N] [Singular] Currect target is invalid. Switching to Mechanized Sentry!
[20:05:19.885] [D] [Singular-DEBUG] Switched targets!
[20:05:19.885] [D] [Singular-DEBUG] Melee Distance: 5.3333335
[20:05:19.886] [D] [Singular-DEBUG] Health: 35.832839359810315
[20:05:19.886] [D] [Singular-DEBUG] Level: 28
[20:05:20.145] [N] [Singular] Casting Judgement of Light on Mechanized Sentry
[20:05:20.145] [D] Spell_C::CastSpell(20271, 0, 0xF13000185900005A, 0)
[20:05:20.154] [D] [Pulse] Slow bot root: 102ms bot=Combat Bot poi=None combat=True
[20:05:23.276] [N] [Singular] Casting Exorcism on Mechanized Sentry
[20:05:23.276] [D] Spell_C::CastSpell(879, 0, 0xF13000185900005A, 0)
[20:05:24.967] [N] [Singular] Currect target is invalid. Switching to Mechanized Sentry!
[20:05:25.306] [D] [Singular-DEBUG] Switched targets!
[20:05:25.306] [D] [Singular-DEBUG] Melee Distance: 5.3333335
[20:05:25.306] [D] [Singular-DEBUG] Health: 49.140486069946654
[20:05:25.306] [D] [Singular-DEBUG] Level: 28
[20:05:25.466] [N] [Singular] Casting Exorcism on Mechanized Sentry
[20:05:25.466] [D] Spell_C::CastSpell(879, 0, 0xF130001859000060, 0)
[20:05:28.046] [D] [Pulse] Slow plugin: name=Tidy Bags 3 Reloaded elapsed=36ms
[20:05:28.531] [N] [Singular] Casting Judgement of Light on Mechanized Sentry
[20:05:28.531] [D] Spell_C::CastSpell(20271, 0, 0xF130001859000060, 0)
[20:05:28.565] [D] [Pulse] Slow bot root: 165ms bot=Combat Bot poi=None combat=True
[20:05:28.962] [D] [Pulse] Slow bot root: 107ms bot=Combat Bot poi=None combat=True
[20:05:31.008] [D] [Pulse] Slow bot root: 146ms bot=Combat Bot poi=None combat=True
[20:05:31.149] [D] System.NullReferenceException: Object reference not set to an instance of an object.
   at Singular.Helpers.Unit.IsBoss(WoWUnit unit)
   at Singular.ClassSpecific.Paladin.Retribution.<>c.<CreateRetributionPaladinInstancePullAndCombat>b__4_7(Object ret)
   at Singular.Helpers.Spell.<>c__DisplayClass18_0.<Cast>b__0(Object ret)
   at TreeSharp.Decorator.Execute(Object context)+MoveNext()
   at TreeSharp.Composite.Tick(Object context)
[20:05:31.150] [D] System.NullReferenceException: Object reference not set to an instance of an object.
   at Singular.ClassSpecific.Paladin.Retribution.<>c.<CreateRetributionPaladinInstancePullAndCombat>b__4_12(Object ret)
   at Singular.Helpers.Spell.<>c__DisplayClass18_0.<Cast>b__0(Object ret)
   at TreeSharp.Decorator.Execute(Object context)+MoveNext()
   at TreeSharp.Composite.Tick(Object context)
[20:05:31.160] [D] System.NullReferenceException: Object reference not set to an instance of an object.
   at Singular.ClassSpecific.Paladin.Retribution.<>c.<CreateRetributionPaladinInstancePullAndCombat>b__4_14(Object ret)
   at Singular.Helpers.Spell.<>c__DisplayClass18_0.<Cast>b__0(Object ret)
   at TreeSharp.Decorator.Execute(Object context)+MoveNext()
   at TreeSharp.Composite.Tick(Object context)
[20:05:31.170] [D] System.NullReferenceException: Object reference not set to an instance of an object.
   at Singular.ClassSpecific.Paladin.Retribution.<>c.<CreateRetributionPaladinInstancePullAndCombat>b__4_16(Object ret)
   at Singular.Helpers.Spell.<>c__DisplayClass18_0.<Cast>b__0(Object ret)
   at TreeSharp.Decorator.Execute(Object context)+MoveNext()
   at TreeSharp.Composite.Tick(Object context)
[20:05:31.320] [D] System.NullReferenceException: Object reference not set to an instance of an object.
   at Singular.Helpers.Unit.IsBoss(WoWUnit unit)
   at Singular.ClassSpecific.Paladin.Retribution.<>c.<CreateRetributionPaladinInstancePullAndCombat>b__4_7(Object ret)
   at Singular.Helpers.Spell.<>c__DisplayClass18_0.<Cast>b__0(Object ret)
   at TreeSharp.Decorator.Execute(Object context)+MoveNext()
   at TreeSharp.Composite.Tick(Object context)
[20:05:31.321] [D] System.NullReferenceException: Object reference not set to an instance of an object.
   at Singular.ClassSpecific.Paladin.Retribution.<>c.<CreateRetributionPaladinInstancePullAndCombat>b__4_12(Object ret)
   at Singular.Helpers.Spell.<>c__DisplayClass18_0.<Cast>b__0(Object ret)
   at TreeSharp.Decorator.Execute(Object context)+MoveNext()
   at TreeSharp.Composite.Tick(Object context)
[20:05:31.330] [D] System.NullReferenceException: Object reference not set to an instance of an object.
   at Singular.ClassSpecific.Paladin.Retribution.<>c.<CreateRetributionPaladinInstancePullAndCombat>b__4_14(Object ret)
   at Singular.Helpers.Spell.<>c__DisplayClass18_0.<Cast>b__0(Object ret)
   at TreeSharp.Decorator.Execute(Object context)+MoveNext()
   at TreeSharp.Composite.Tick(Object context)
[20:05:31.340] [D] System.NullReferenceException: Object reference not set to an instance of an object.
   at Singular.ClassSpecific.Paladin.Retribution.<>c.<CreateRetributionPaladinInstancePullAndCombat>b__4_16(Object ret)
   at Singular.Helpers.Spell.<>c__DisplayClass18_0.<Cast>b__0(Object ret)
   at TreeSharp.Decorator.Execute(Object context)+MoveNext()
   at TreeSharp.Composite.Tick(Object context)
[20:05:31.471] [N] Drinking Melon Juice
[20:05:31.882] [D] [Pulse] Slow plugin: name=AutoEquip2 elapsed=208ms
[20:05:31.948] [D] [Pulse] Slow shared pulse: total=338ms movement=0 objects=0 lua=0 info=0 loot=4 targeting=57 events=0 plugins=274 routine=0
[20:05:32.913] [N] [AutoEquip]: Loot roll in progress
[20:05:33.045] [N] [AutoEquip]: Equipped item in slot:ChestSlot scored 37.485 while loot-roll item scored:11.0296
[20:05:33.045] [N] [AutoEquip]: New item did not contain our primary stat of:Strength so we are not rolling need.
[20:05:33.045] [N] [AutoEquip]: Rolling Greed
[20:05:38.055] [D] [Pulse] Slow plugin: name=Tidy Bags 3 Reloaded elapsed=36ms
[20:05:41.889] [D] [Pulse] Slow plugin: name=AutoEquip2 elapsed=206ms
[20:05:41.956] [D] [Pulse] Slow shared pulse: total=336ms movement=0 objects=0 lua=0 info=0 loot=4 targeting=56 events=0 plugins=273 routine=0
[20:06:01.836] [D] [Pulse] Slow plugin: name=AutoEquip2 elapsed=65ms
[20:06:05.326] [D] [Pulse] Slow plugin: name=Tidy Bags 3 Reloaded elapsed=24ms
[20:06:16.683] [D] [Pulse] Slow plugin: name=Tidy Bags 3 Reloaded elapsed=20ms
[20:06:21.852] [D] [Pulse] Slow plugin: name=AutoEquip2 elapsed=58ms
[20:06:24.004] [D] [Pulse] Slow bot root: 101ms bot=Combat Bot poi=None combat=False
[20:06:28.389] [D] [Singular-DEBUG] Switched targets!
[20:06:28.389] [D] [Singular-DEBUG] Melee Distance: 5
[20:06:28.389] [D] [Singular-DEBUG] Health: 92.61904761904762
[20:06:28.389] [D] [Singular-DEBUG] Level: 27
[20:06:28.431] [N] [Singular] Casting Exorcism on Leprous Assistant
[20:06:28.431] [D] Spell_C::CastSpell(879, 0, 0xF130001DB300008E, 0)
[20:06:30.317] [N] [Singular] Casting Judgement of Light on Leprous Assistant
[20:06:30.317] [D] Spell_C::CastSpell(20271, 0, 0xF130001DB300008E, 0)
[20:06:31.362] [D] [Pulse] Slow plugin: name=Tidy Bags 3 Reloaded elapsed=26ms
[20:06:31.857] [N] [Singular] Casting Consecration on Leprous Assistant
[20:06:31.857] [D] Spell_C::CastSpell(26573, 0, 0xF130001DB300008E, 0)
[20:06:33.681] [D] [Pulse] Slow bot root: 100ms bot=Combat Bot poi=None combat=True
[20:06:34.356] [D] [MeshNavigator] Skipped 2 path nodes
[20:06:34.364] [D] [Pulse] Slow bot root: 112ms bot=Combat Bot poi=None combat=True
[20:06:38.352] [N] [Singular] Currect target is invalid. Switching to Leprous Assistant!
[20:06:38.363] [D] [Pulse] Slow bot root: 689ms bot=Combat Bot poi=None combat=True
[20:06:38.683] [D] [Singular-DEBUG] Switched targets!
[20:06:38.683] [D] [Singular-DEBUG] Melee Distance: 5
[20:06:38.683] [D] [Singular-DEBUG] Health: 0
[20:06:38.683] [D] [Singular-DEBUG] Level: 26
[20:06:38.777] [N] [Singular] Currect target is invalid. Switching to Leprous Technician!
[20:06:39.101] [D] [Singular-DEBUG] Switched targets!
[20:06:39.101] [D] [Singular-DEBUG] Melee Distance: 5
[20:06:39.101] [D] [Singular-DEBUG] Health: 71.19289340101523
[20:06:39.101] [D] [Singular-DEBUG] Level: 26
[20:06:39.246] [N] [Singular] Casting Judgement of Light on Leprous Technician
[20:06:39.246] [D] Spell_C::CastSpell(20271, 0, 0xF13000184E000023, 0)
[20:06:39.428] [D] [Pulse] Slow bot root: 100ms bot=Combat Bot poi=None combat=True
[20:06:41.023] [N] [AutoEquip]: Loot roll in progress
[20:06:41.054] [N] [AutoEquip]: Equipped item in slot:HandsSlot scored 21.4296 while loot-roll item scored:5.958
[20:06:41.054] [N] [AutoEquip]: New item did not contain our primary stat of:Strength so we are not rolling need.
[20:06:41.054] [N] [AutoEquip]: Rolling Greed
[20:06:41.405] [D] [Pulse] Slow plugin: name=Tidy Bags 3 Reloaded elapsed=27ms
[20:06:41.478] [N] [Singular] Casting Blessing of Might on Druid
[20:06:41.478] [D] Spell_C::CastSpell(19835, 0, 0x6000000007E28FF, 0)
[20:06:42.002] [D] [Pulse] Slow plugin: name=AutoEquip2 elapsed=54ms
[20:06:44.702] [D] [Pulse] Slow bot root: 116ms bot=Combat Bot poi=None combat=False
[20:06:51.584] [D] [Pulse] Slow bot root: 105ms bot=Combat Bot poi=None combat=False
[20:06:51.942] [D] [Pulse] Slow bot root: 119ms bot=Combat Bot poi=None combat=False
[20:06:52.051] [D] [Pulse] Slow plugin: name=AutoEquip2 elapsed=54ms
[20:07:02.145] [D] [Pulse] Slow plugin: name=AutoEquip2 elapsed=51ms
[20:07:06.117] [D] [Pulse] Slow plugin: name=Tidy Bags 3 Reloaded elapsed=23ms
[20:07:09.458] [N] [Singular] Currect target is invalid. Switching to Mechano-Tank!
[20:07:09.462] [D] [Pulse] Slow bot root: 109ms bot=Combat Bot poi=None combat=True
[20:07:09.715] [D] [Singular-DEBUG] Switched targets!
[20:07:09.715] [D] [Singular-DEBUG] Melee Distance: 5
[20:07:09.715] [D] [Singular-DEBUG] Health: 100
[20:07:09.715] [D] [Singular-DEBUG] Level: 30
[20:07:09.939] [D] [MeshNavigator] Skipped 3 path nodes
[20:07:09.964] [D] [Pulse] Slow bot root: 165ms bot=Combat Bot poi=None combat=True
[20:07:10.165] [D] [Pulse] Slow bot root: 129ms bot=Combat Bot poi=None combat=True
[20:07:10.322] [D] Generating new path because we are not on the old path anymore!
[20:07:10.493] [D] [Pulse] Slow bot root: 110ms bot=Combat Bot poi=None combat=True
[20:07:10.665] [D] [Pulse] Slow bot root: 108ms bot=Combat Bot poi=None combat=True
[20:07:11.497] [D] [Nav] Confirmed live collision 1.0y ahead at (-511.52, 451.38, -273.08); blackspotting and regenerating path.
[20:07:11.512] [D] [Blackspot] Marked 9/9 polygons at (-511.52, 451.38, -273.08) (radius 3)
[20:07:11.951] [D] Generating new path because we are not on the old path anymore!
[20:07:11.951] [D] [Pulse] Slow bot root: 108ms bot=Combat Bot poi=None combat=True
[20:07:12.155] [D] [Pulse] Slow bot root: 131ms bot=Combat Bot poi=None combat=True
[20:07:12.334] [D] [Pulse] Slow bot root: 110ms bot=Combat Bot poi=None combat=True
[20:07:12.513] [D] [Pulse] Slow bot root: 118ms bot=Combat Bot poi=None combat=True
[20:07:12.839] [D] [Pulse] Slow bot root: 104ms bot=Combat Bot poi=None combat=True
[20:07:13.007] [D] [Pulse] Slow bot root: 102ms bot=Combat Bot poi=None combat=True
[20:07:13.118] [N] [Singular] Casting Judgement of Light on Mechano-Tank
[20:07:13.118] [D] Spell_C::CastSpell(20271, 0, 0xF130001851000044, 0)
[20:07:14.638] [N] [Singular] Casting Exorcism on Mechano-Tank
[20:07:14.638] [D] Spell_C::CastSpell(879, 0, 0xF130001851000044, 0)
[20:07:16.566] [D] [Pulse] Slow plugin: name=Tidy Bags 3 Reloaded elapsed=22ms
[20:07:20.791] [N] [Singular] Casting Holy Light on Myself
[20:07:20.791] [D] Spell_C::CastSpell(1026, 0, 0x6000000007EAB80, 0)
[20:07:23.433] [D] [Pulse] Slow bot root: 139ms bot=Combat Bot poi=None combat=True
[20:07:23.757] [N] [Singular] Casting Judgement of Light on Mechano-Tank
[20:07:23.757] [D] Spell_C::CastSpell(20271, 0, 0xF130001851000044, 0)
[20:07:24.120] [D] [Pulse] Slow bot root: 104ms bot=Combat Bot poi=None combat=True
[20:07:24.331] [D] [Pulse] Slow bot root: 112ms bot=Combat Bot poi=None combat=True
[20:07:25.303] [N] [Singular] Casting Consecration on Mechano-Tank
[20:07:25.304] [D] Spell_C::CastSpell(26573, 0, 0xF130001851000044, 0)
[20:07:27.857] [D] [Pulse] Slow plugin: name=Tidy Bags 3 Reloaded elapsed=23ms
[20:07:27.865] [N] [Singular] Currect target is invalid. Switching to Leprous Assistant!
[20:07:28.198] [D] [Singular-DEBUG] Switched targets!
[20:07:28.199] [D] [Singular-DEBUG] Melee Distance: 5
[20:07:28.199] [D] [Singular-DEBUG] Health: 59.64467005076142
[20:07:28.199] [D] [Singular-DEBUG] Level: 26
[20:07:31.568] [N] [Singular] Casting Exorcism on Leprous Assistant
[20:07:31.568] [D] Spell_C::CastSpell(879, 0, 0xF130001DB300012C, 0)
[20:07:33.492] [N] [Singular] Casting Judgement of Light on Leprous Assistant
[20:07:33.492] [D] Spell_C::CastSpell(20271, 0, 0xF130001DB300012C, 0)
[20:07:33.589] [N] [Singular] Currect target is invalid. Switching to Leprous Assistant!
[20:07:33.839] [D] [Singular-DEBUG] Switched targets!
[20:07:33.839] [D] [Singular-DEBUG] Melee Distance: 5
[20:07:33.839] [D] [Singular-DEBUG] Health: 0
[20:07:33.839] [D] [Singular-DEBUG] Level: 26
[20:07:33.934] [D] [Singular-DEBUG] Switched targets!
[20:07:33.934] [D] [Singular-DEBUG] Melee Distance: 5
[20:07:33.934] [D] [Singular-DEBUG] Health: 43.333333333333336
[20:07:33.934] [D] [Singular-DEBUG] Level: 27
[20:07:34.092] [N] [Singular] Casting Judgement of Light on Leprous Assistant
[20:07:34.092] [D] Spell_C::CastSpell(20271, 0, 0xF130001DB300012B, 0)
[20:07:34.227] [D] [Singular-DEBUG] Mechanized Sentry is immune to Nature spell school
[20:07:35.693] [N] [Singular] Casting Consecration on Leprous Assistant
[20:07:35.694] [D] Spell_C::CastSpell(26573, 0, 0xF130001DB300012B, 0)
[20:07:35.946] [D] [Singular-DEBUG] Mechanized Sentry is immune to Nature spell school
[20:07:37.915] [D] [Pulse] Slow plugin: name=Tidy Bags 3 Reloaded elapsed=38ms
[20:07:38.116] [D] [Pulse] Slow bot root: 200ms bot=Combat Bot poi=None combat=True
[20:07:38.409] [D] [Pulse] Slow bot root: 168ms bot=Combat Bot poi=None combat=True
[20:07:38.732] [D] [Pulse] Slow bot root: 200ms bot=Combat Bot poi=None combat=True
[20:07:38.961] [D] [Pulse] Slow bot root: 105ms bot=Combat Bot poi=None combat=True
[20:07:40.449] [N] [Singular] Currect target is invalid. Switching to Mechanized Sentry!
[20:07:40.822] [D] [Singular-DEBUG] Switched targets!
[20:07:40.822] [D] [Singular-DEBUG] Melee Distance: 5.3333335
[20:07:40.822] [D] [Singular-DEBUG] Health: 11.736810906935387
[20:07:40.822] [D] [Singular-DEBUG] Level: 28
[20:07:41.076] [D] [Pulse] Slow bot root: 138ms bot=Combat Bot poi=None combat=True
[20:07:42.371] [N] Drinking Melon Juice
[20:07:47.974] [D] [Pulse] Slow plugin: name=Tidy Bags 3 Reloaded elapsed=38ms
[20:07:48.985] [D] [Singular-DEBUG] Peacekeeper Security Suit is immune to Nature spell school
[20:07:52.451] [D] [Pulse] Slow plugin: name=AutoEquip2 elapsed=53ms
[20:07:52.669] [N] [Singular] Casting Blessing of Might on Myself
[20:07:52.669] [D] Spell_C::CastSpell(19835, 0, 0x6000000007EAB80, 0)
[20:07:54.628] [D] [Singular-DEBUG] Switched targets!
[20:07:54.628] [D] [Singular-DEBUG] Melee Distance: 5
[20:07:54.628] [D] [Singular-DEBUG] Health: 55.708333333333336
[20:07:54.628] [D] [Singular-DEBUG] Level: 27
[20:07:54.662] [N] [Singular] Casting Exorcism on Peacekeeper Security Suit
[20:07:54.662] [D] Spell_C::CastSpell(879, 0, 0xF1300018560000EB, 0)
[20:07:55.016] [D] [Singular-DEBUG] Peacekeeper Security Suit is immune to Nature spell school
[20:07:56.532] [N] [Singular] Casting Judgement of Light on Peacekeeper Security Suit
[20:07:56.532] [D] Spell_C::CastSpell(20271, 0, 0xF1300018560000EB, 0)
[20:08:00.005] [N] [Singular] Casting Blessing of Might on Hunter
[20:08:00.005] [D] Spell_C::CastSpell(19835, 0, 0x6000000007EDA68, 0)
[20:08:00.370] [N] Drinking Melon Juice
[20:08:01.065] [D] [Pulse] Slow plugin: name=Tidy Bags 3 Reloaded elapsed=20ms
[20:08:02.465] [D] [Pulse] Slow plugin: name=AutoEquip2 elapsed=49ms
[20:08:05.190] [N] [Singular] Casting Blessing of Might on Hunter
[20:08:05.190] [D] Spell_C::CastSpell(19835, 0, 0x6000000007F46C5, 0)
[20:08:06.700] [N] [Singular] Casting Seal of Righteousness on Myself
[20:08:06.700] [D] Spell_C::CastSpell(21084, 0, 0x6000000007EAB80, 0)
[20:08:07.153] [N] Drinking Melon Juice
[20:08:12.500] [D] [Pulse] Slow plugin: name=AutoEquip2 elapsed=56ms
[20:08:18.550] [D] [Pulse] Slow plugin: name=Tidy Bags 3 Reloaded elapsed=29ms
[20:08:21.089] [D] [Singular-DEBUG] Mechano-Tank is immune to Nature spell school
[20:08:22.613] [D] [Pulse] Slow plugin: name=AutoEquip2 elapsed=61ms
[20:08:23.382] [N] [Singular] Currect target is invalid. Switching to Mobile Alert System!
[20:08:23.715] [D] [Singular-DEBUG] Switched targets!
[20:08:23.715] [D] [Singular-DEBUG] Melee Distance: 5
[20:08:23.715] [D] [Singular-DEBUG] Health: 100
[20:08:23.715] [D] [Singular-DEBUG] Level: 25
[20:08:23.928] [D] [Pulse] Slow bot root: 145ms bot=Combat Bot poi=None combat=True
[20:08:24.041] [N] [Singular] Casting Exorcism on Mobile Alert System
[20:08:24.041] [D] Spell_C::CastSpell(879, 0, 0xF130001EA90000B8, 0)
[20:08:24.366] [N] [Singular] Casting Exorcism on Mobile Alert System
[20:08:24.366] [D] Spell_C::CastSpell(879, 0, 0xF130001EA90000B8, 0)
[20:08:24.565] [D] [Pulse] Slow bot root: 110ms bot=Combat Bot poi=None combat=True
[20:08:25.101] [D] [Pulse] Slow bot root: 123ms bot=Combat Bot poi=None combat=True
[20:08:25.282] [D] [Pulse] Slow bot root: 105ms bot=Combat Bot poi=None combat=True
[20:08:25.461] [D] [Pulse] Slow bot root: 105ms bot=Combat Bot poi=None combat=True
[20:08:25.821] [D] [Pulse] Slow bot root: 102ms bot=Combat Bot poi=None combat=True
[20:08:26.016] [D] [Pulse] Slow bot root: 121ms bot=Combat Bot poi=None combat=True
[20:08:26.203] [D] [Pulse] Slow bot root: 115ms bot=Combat Bot poi=None combat=True
[20:08:26.395] [D] [Pulse] Slow bot root: 115ms bot=Combat Bot poi=None combat=True
[20:08:26.601] [D] [Pulse] Slow bot root: 125ms bot=Combat Bot poi=None combat=True
[20:08:26.794] [D] [Pulse] Slow bot root: 111ms bot=Combat Bot poi=None combat=True
[20:08:27.012] [D] [Pulse] Slow bot root: 137ms bot=Combat Bot poi=None combat=True
[20:08:27.217] [D] [Pulse] Slow bot root: 116ms bot=Combat Bot poi=None combat=True
[20:08:27.438] [D] [Pulse] Slow bot root: 140ms bot=Combat Bot poi=None combat=True
[20:08:27.630] [D] [Pulse] Slow bot root: 109ms bot=Combat Bot poi=None combat=True
[20:08:27.829] [D] [Pulse] Slow bot root: 119ms bot=Combat Bot poi=None combat=True
[20:08:28.033] [D] [Pulse] Slow bot root: 116ms bot=Combat Bot poi=None combat=True
[20:08:28.250] [D] [Pulse] Slow bot root: 138ms bot=Combat Bot poi=None combat=True
[20:08:28.465] [D] [Pulse] Slow bot root: 109ms bot=Combat Bot poi=None combat=True
[20:08:28.644] [D] [Pulse] Slow bot root: 113ms bot=Combat Bot poi=None combat=True
[20:08:28.819] [D] [Pulse] Slow bot root: 107ms bot=Combat Bot poi=None combat=True
[20:08:28.999] [D] [Pulse] Slow bot root: 113ms bot=Combat Bot poi=None combat=True
[20:08:29.167] [D] [Pulse] Slow bot root: 104ms bot=Combat Bot poi=None combat=True
[20:08:29.338] [D] [Pulse] Slow bot root: 107ms bot=Combat Bot poi=None combat=True
[20:08:29.516] [D] [Pulse] Slow bot root: 108ms bot=Combat Bot poi=None combat=True
[20:08:29.635] [N] [Singular] Casting Exorcism on Mobile Alert System
[20:08:29.635] [D] Spell_C::CastSpell(879, 0, 0xF130001EA90000B8, 0)
[20:08:29.822] [D] [Pulse] Slow bot root: 106ms bot=Combat Bot poi=None combat=True
[20:08:30.536] [D] [Pulse] Slow bot root: 102ms bot=Combat Bot poi=None combat=True
[20:08:31.483] [D] [Pulse] Slow bot root: 118ms bot=Combat Bot poi=None combat=True
[20:08:31.651] [D] [Pulse] Slow bot root: 105ms bot=Combat Bot poi=None combat=True
[20:08:31.830] [D] [Pulse] Slow bot root: 111ms bot=Combat Bot poi=None combat=True
[20:08:32.000] [D] [Pulse] Slow bot root: 105ms bot=Combat Bot poi=None combat=True
[20:08:32.170] [D] [Pulse] Slow bot root: 100ms bot=Combat Bot poi=None combat=True
[20:08:32.343] [D] [Pulse] Slow bot root: 104ms bot=Combat Bot poi=None combat=True
[20:08:32.526] [D] [Pulse] Slow bot root: 114ms bot=Combat Bot poi=None combat=True
[20:08:32.882] [D] [Pulse] Slow bot root: 119ms bot=Combat Bot poi=None combat=True
[20:08:33.479] [N] [Singular] Casting Judgement of Light on Mobile Alert System
[20:08:33.479] [D] Spell_C::CastSpell(20271, 0, 0xF130001EA90000B8, 0)
[20:08:33.658] [D] [Pulse] Slow bot root: 101ms bot=Combat Bot poi=None combat=True
[20:08:34.296] [N] [Singular] Currect target is invalid. Switching to Mechanized Guardian!
[20:08:34.305] [D] [Pulse] Slow bot root: 276ms bot=Combat Bot poi=None combat=True
[20:08:34.538] [D] [Singular-DEBUG] Switched targets!
[20:08:34.538] [D] [Singular-DEBUG] Melee Distance: 5.8333335
[20:08:34.538] [D] [Singular-DEBUG] Health: 99.66465459423206
[20:08:34.538] [D] [Singular-DEBUG] Level: 31
[20:08:34.619] [D] [Singular-DEBUG] Switched targets!
[20:08:34.619] [D] [Singular-DEBUG] Melee Distance: 5.8333335
[20:08:34.619] [D] [Singular-DEBUG] Health: 100
[20:08:34.619] [D] [Singular-DEBUG] Level: 31
[20:08:35.001] [N] [Singular] Casting Exorcism on Mechanized Guardian
[20:08:35.001] [D] Spell_C::CastSpell(879, 0, 0xF13000185A00019B, 0)
[20:08:35.587] [N] [Singular] Casting Exorcism on Mechanized Guardian
[20:08:35.587] [D] Spell_C::CastSpell(879, 0, 0xF13000185A00019B, 0)
[20:08:38.086] [N] [Singular] Casting Divine Protection on Myself
[20:08:38.086] [D] Spell_C::CastSpell(498, 0, 0x6000000007EAB80, 0)
[20:08:38.292] [N] [Singular] Casting Holy Light on Myself
[20:08:38.292] [D] Spell_C::CastSpell(1026, 0, 0x6000000007EAB80, 0)
[20:08:39.443] [D] [Pulse] Slow plugin: name=Tidy Bags 3 Reloaded elapsed=20ms
[20:08:39.459] [N] [Singular] Casting Holy Light on Myself
[20:08:39.459] [D] Spell_C::CastSpell(1026, 0, 0x6000000007EAB80, 0)
[20:08:41.573] [D] [Pulse] Slow plugin: name=DrinkPotions elapsed=234ms
[20:08:41.595] [D] [Pulse] Slow shared pulse: total=308ms movement=0 objects=0 lua=0 info=0 loot=4 targeting=45 events=0 plugins=256 routine=0
[20:08:42.032] [D] [Singular-DEBUG] Mechanized Guardian is immune to Nature spell school
[20:08:43.426] [N] [Singular] Casting Hand of Freedom on Myself
[20:08:43.427] [D] Spell_C::CastSpell(1044, 0, 0x6000000007EAB80, 0)
[20:08:44.985] [N] [Singular] Casting Judgement of Light on Mechanized Guardian
[20:08:44.985] [D] Spell_C::CastSpell(20271, 0, 0xF13000185A00019B, 0)
[20:08:49.825] [N] [Singular] Casting Consecration on Mechanized Guardian
[20:08:49.825] [D] Spell_C::CastSpell(26573, 0, 0xF13000185A00019B, 0)
[20:08:50.440] [D] [Pulse] Slow plugin: name=Tidy Bags 3 Reloaded elapsed=21ms
[20:08:52.907] [N] [Singular] Casting Exorcism on Mechanized Guardian
[20:08:52.907] [D] Spell_C::CastSpell(879, 0, 0xF13000185A00019B, 0)
[20:08:54.868] [N] [Singular] Casting Judgement of Light on Mechanized Guardian
[20:08:54.868] [D] Spell_C::CastSpell(20271, 0, 0xF13000185A00019B, 0)
[20:08:58.152] [N] [Singular] Casting Consecration on Mechanized Guardian
[20:08:58.152] [D] Spell_C::CastSpell(26573, 0, 0xF13000185A00019B, 0)
[20:08:58.276] [D] [Singular-DEBUG] Switched targets!
[20:08:58.277] [D] [Singular-DEBUG] Melee Distance: 5.8333335
[20:08:58.277] [D] [Singular-DEBUG] Health: 70.85848423876593
[20:08:58.277] [D] [Singular-DEBUG] Level: 31
[20:09:01.568] [D] [Pulse] Slow plugin: name=Tidy Bags 3 Reloaded elapsed=47ms
[20:09:03.263] [N] [Singular] Casting Judgement of Light on Mechanized Guardian
[20:09:03.263] [D] Spell_C::CastSpell(20271, 0, 0xF13000185A00019A, 0)
[20:09:06.250] [D] [Pulse] Slow bot root: 104ms bot=Combat Bot poi=None combat=True
[20:09:06.603] [N] [Singular] Casting Consecration on Mechanized Guardian
[20:09:06.603] [D] Spell_C::CastSpell(26573, 0, 0xF13000185A00019A, 0)
[20:09:09.859] [N] [Singular] Casting Exorcism on Mechanized Guardian
[20:09:09.859] [D] Spell_C::CastSpell(879, 0, 0xF13000185A00019A, 0)
[20:09:11.774] [N] [Singular] Casting Judgement of Light on Mechanized Guardian
[20:09:11.774] [D] Spell_C::CastSpell(20271, 0, 0xF13000185A00019A, 0)
[20:09:11.976] [N] [Singular] Currect target is invalid. Switching to Leprous Technician!
[20:09:11.984] [D] [Pulse] Slow bot root: 117ms bot=Combat Bot poi=None combat=True
[20:09:12.302] [D] [Singular-DEBUG] Switched targets!
[20:09:12.302] [D] [Singular-DEBUG] Melee Distance: 5
[20:09:12.302] [D] [Singular-DEBUG] Health: 58.333333333333336
[20:09:12.302] [D] [Singular-DEBUG] Level: 27
[20:09:12.459] [N] [Singular] Casting Judgement of Light on Leprous Technician
[20:09:12.459] [D] Spell_C::CastSpell(20271, 0, 0xF13000184E000027, 0)
[20:09:14.603] [D] [Pulse] Slow plugin: name=Tidy Bags 3 Reloaded elapsed=22ms
[20:09:14.618] [N] [Singular] Currect target is invalid. Switching to Leprous Technician!
[20:09:14.942] [D] [Singular-DEBUG] Switched targets!
[20:09:14.942] [D] [Singular-DEBUG] Melee Distance: 5
[20:09:14.942] [D] [Singular-DEBUG] Health: 31.428571428571427
[20:09:14.942] [D] [Singular-DEBUG] Level: 27
[20:09:18.920] [N] [Singular] Currect target is invalid. Switching to Leprous Technician!
[20:09:19.235] [D] [Singular-DEBUG] Switched targets!
[20:09:19.235] [D] [Singular-DEBUG] Melee Distance: 5
[20:09:19.235] [D] [Singular-DEBUG] Health: 17.61904761904762
[20:09:19.235] [D] [Singular-DEBUG] Level: 27
[20:09:20.841] [N] [Singular] Casting Judgement of Light on Leprous Technician
[20:09:20.841] [D] Spell_C::CastSpell(20271, 0, 0xF13000184E000029, 0)
[20:09:20.917] [N] Drinking Melon Juice
[20:09:21.145] [D] [Singular-DEBUG] Switched targets!
[20:09:21.145] [D] [Singular-DEBUG] Melee Distance: 5
[20:09:21.145] [D] [Singular-DEBUG] Health: 0
[20:09:21.145] [D] [Singular-DEBUG] Level: 27
[20:09:23.123] [D] [Pulse] Slow plugin: name=AutoEquip2 elapsed=55ms
[20:09:33.190] [D] [Pulse] Slow plugin: name=AutoEquip2 elapsed=55ms
[20:09:43.240] [D] [Pulse] Slow plugin: name=AutoEquip2 elapsed=53ms
[20:09:50.271] [N] [Singular] Casting Blessing of Might on Druid
[20:09:50.271] [D] Spell_C::CastSpell(19835, 0, 0x6000000007F5D8B, 0)
[20:09:50.633] [D] [Pulse] Slow plugin: name=Tidy Bags 3 Reloaded elapsed=21ms
[20:09:50.749] [N] [Singular] Currect target is invalid. Switching to Leprous Assistant!
[20:09:50.757] [D] [Pulse] Slow bot root: 123ms bot=Combat Bot poi=None combat=True
[20:09:51.071] [D] [Singular-DEBUG] Switched targets!
[20:09:51.071] [D] [Singular-DEBUG] Melee Distance: 5
[20:09:51.071] [D] [Singular-DEBUG] Health: 60.786802030456855
[20:09:51.071] [D] [Singular-DEBUG] Level: 26
[20:09:51.269] [D] [Pulse] Slow bot root: 109ms bot=Combat Bot poi=None combat=True
[20:09:52.188] [D] [Pulse] Slow bot root: 108ms bot=Combat Bot poi=None combat=True
[20:09:52.432] [N] [Singular] Currect target is invalid. Switching to Leprous Assistant!
[20:09:52.761] [D] [Singular-DEBUG] Switched targets!
[20:09:52.761] [D] [Singular-DEBUG] Melee Distance: 5
[20:09:52.761] [D] [Singular-DEBUG] Health: 96.19047619047619
[20:09:52.761] [D] [Singular-DEBUG] Level: 27
[20:09:52.981] [D] [Pulse] Slow bot root: 119ms bot=Combat Bot poi=None combat=True
[20:09:53.293] [D] [Pulse] Slow bot root: 100ms bot=Combat Bot poi=None combat=True
[20:09:53.892] [N] [Singular] Casting Judgement of Light on Leprous Assistant
[20:09:53.892] [D] Spell_C::CastSpell(20271, 0, 0xF130001DB30000B2, 0)
[20:09:55.520] [N] [Singular] Casting Exorcism on Leprous Assistant
[20:09:55.520] [D] Spell_C::CastSpell(879, 0, 0xF130001DB30000B2, 0)
[20:09:57.949] [N] [Singular] Currect target is invalid. Switching to Leprous Technician!
[20:09:58.270] [D] [Singular-DEBUG] Switched targets!
[20:09:58.270] [D] [Singular-DEBUG] Melee Distance: 5
[20:09:58.270] [D] [Singular-DEBUG] Health: 57.10659898477157
[20:09:58.270] [D] [Singular-DEBUG] Level: 26
[20:09:58.469] [D] [Pulse] Slow bot root: 109ms bot=Combat Bot poi=None combat=True
[20:10:00.702] [N] [AutoEquip]: Loot roll in progress
[20:10:00.726] [N] [AutoEquip]: Equipped item in slot:BackSlot scored 2.1966667 while loot-roll item scored:1.4000001
[20:10:00.726] [N] [AutoEquip]: New item did not contain our primary stat of:Strength so we are not rolling need.
[20:10:00.726] [N] [AutoEquip]: Rolling Greed
[20:10:02.236] [D] System.NullReferenceException: Object reference not set to an instance of an object.
   at Singular.Helpers.Unit.IsBoss(WoWUnit unit)
   at Singular.ClassSpecific.Paladin.Retribution.<>c.<CreateRetributionPaladinInstancePullAndCombat>b__4_7(Object ret)
   at Singular.Helpers.Spell.<>c__DisplayClass18_0.<Cast>b__0(Object ret)
   at TreeSharp.Decorator.Execute(Object context)+MoveNext()
   at TreeSharp.Composite.Tick(Object context)
[20:10:02.236] [D] System.NullReferenceException: Object reference not set to an instance of an object.
   at Singular.ClassSpecific.Paladin.Retribution.<>c.<CreateRetributionPaladinInstancePullAndCombat>b__4_12(Object ret)
   at Singular.Helpers.Spell.<>c__DisplayClass18_0.<Cast>b__0(Object ret)
   at TreeSharp.Decorator.Execute(Object context)+MoveNext()
   at TreeSharp.Composite.Tick(Object context)
[20:10:02.247] [D] System.NullReferenceException: Object reference not set to an instance of an object.
   at Singular.ClassSpecific.Paladin.Retribution.<>c.<CreateRetributionPaladinInstancePullAndCombat>b__4_14(Object ret)
   at Singular.Helpers.Spell.<>c__DisplayClass18_0.<Cast>b__0(Object ret)
   at TreeSharp.Decorator.Execute(Object context)+MoveNext()
   at TreeSharp.Composite.Tick(Object context)
[20:10:02.259] [D] System.NullReferenceException: Object reference not set to an instance of an object.
   at Singular.ClassSpecific.Paladin.Retribution.<>c.<CreateRetributionPaladinInstancePullAndCombat>b__4_16(Object ret)
   at Singular.Helpers.Spell.<>c__DisplayClass18_0.<Cast>b__0(Object ret)
   at TreeSharp.Decorator.Execute(Object context)+MoveNext()
   at TreeSharp.Composite.Tick(Object context)
[20:10:02.259] [D] [Pulse] Slow bot root: 218ms bot=Combat Bot poi=None combat=False
[20:10:03.449] [D] [Pulse] Slow plugin: name=AutoEquip2 elapsed=49ms
[20:10:04.952] [D] [Pulse] Slow bot root: 116ms bot=Combat Bot poi=None combat=False
[20:10:13.452] [D] [Pulse] Slow plugin: name=AutoEquip2 elapsed=50ms
[20:10:19.829] [D] [Pulse] Slow plugin: name=Tidy Bags 3 Reloaded elapsed=22ms
[20:10:20.150] [D] [Singular-DEBUG] Switched targets!
[20:10:20.150] [D] [Singular-DEBUG] Melee Distance: 5.3333335
[20:10:20.150] [D] [Singular-DEBUG] Health: 94.16123295791346
[20:10:20.150] [D] [Singular-DEBUG] Level: 28
[20:10:20.253] [N] [Singular] Casting Exorcism on Mechanized Sentry
[20:10:20.253] [D] Spell_C::CastSpell(879, 0, 0xF130001859000061, 0)
[20:10:20.263] [D] [Pulse] Slow bot root: 112ms bot=Combat Bot poi=None combat=True
[20:10:22.138] [N] [Singular] Casting Judgement of Light on Mechanized Sentry
[20:10:22.138] [D] Spell_C::CastSpell(20271, 0, 0xF130001859000061, 0)
[20:10:30.518] [N] [Singular] Casting Judgement of Light on Mechanized Sentry
[20:10:30.518] [D] Spell_C::CastSpell(20271, 0, 0xF130001859000061, 0)
[20:10:37.558] [D] [Pulse] Slow bot root: 109ms bot=Combat Bot poi=None combat=False
[20:10:40.339] [D] [Singular-DEBUG] Switched targets!
[20:10:40.339] [D] [Singular-DEBUG] Melee Distance: 3.5
[20:10:40.339] [D] [Singular-DEBUG] Health: 79.25311203319502
[20:10:40.339] [D] [Singular-DEBUG] Level: 28
[20:10:41.704] [D] [Singular-DEBUG] Switched targets!
[20:10:41.704] [D] [Singular-DEBUG] Melee Distance: 5
[20:10:41.704] [D] [Singular-DEBUG] Health: 58.266666666666666
[20:10:41.704] [D] [Singular-DEBUG] Level: 26
[20:10:41.928] [N] [Singular] Casting Exorcism on Leprous Defender
[20:10:41.928] [D] Spell_C::CastSpell(879, 0, 0xF13000184F00002D, 0)
[20:10:41.942] [D] [Pulse] Slow bot root: 129ms bot=Combat Bot poi=None combat=True
[20:10:43.852] [N] [Singular] Casting Judgement of Light on Leprous Defender
[20:10:43.852] [D] Spell_C::CastSpell(20271, 0, 0xF13000184F00002D, 0)
[20:10:45.412] [D] [Pulse] Slow plugin: name=Tidy Bags 3 Reloaded elapsed=25ms
[20:10:48.458] [D] [Pulse] Slow bot root: 112ms bot=Combat Bot poi=None combat=False
[20:10:51.331] [D] [Singular-DEBUG] Mechanized Sentry is immune to Nature spell school
[20:10:51.903] [D] [Singular-DEBUG] Switched targets!
[20:10:51.903] [D] [Singular-DEBUG] Melee Distance: 5.3333335
[20:10:51.903] [D] [Singular-DEBUG] Health: 84.49287510477787
[20:10:51.903] [D] [Singular-DEBUG] Level: 29
[20:10:52.046] [D] [Pulse] Slow bot root: 142ms bot=Combat Bot poi=None combat=True
[20:10:52.167] [N] [Singular] Casting Judgement of Light on Mechanized Sentry
[20:10:52.167] [D] Spell_C::CastSpell(20271, 0, 0xF130001859000058, 0)
[20:10:58.848] [N] [Singular] Casting Exorcism on Mechanized Sentry
[20:10:58.848] [D] Spell_C::CastSpell(879, 0, 0xF130001859000058, 0)
[20:11:00.782] [N] [Singular] Casting Judgement of Light on Mechanized Sentry
[20:11:00.782] [D] Spell_C::CastSpell(20271, 0, 0xF130001859000058, 0)
[20:11:09.750] [D] [Singular-DEBUG] Switched targets!
[20:11:09.751] [D] [Singular-DEBUG] Melee Distance: 5.3333335
[20:11:09.751] [D] [Singular-DEBUG] Health: 92.06482257613858
[20:11:09.751] [D] [Singular-DEBUG] Level: 29
[20:11:09.816] [N] [Singular] Casting Judgement of Light on Mechanized Sentry
[20:11:09.816] [D] Spell_C::CastSpell(20271, 0, 0xF130001859000059, 0)
[20:11:11.656] [D] [Singular-DEBUG] Mechanized Sentry is immune to Nature spell school
[20:11:15.708] [N] [Singular] Casting Exorcism on Mechanized Sentry
[20:11:15.708] [D] Spell_C::CastSpell(879, 0, 0xF130001859000059, 0)
[20:11:18.199] [N] [Singular] Casting Judgement of Light on Mechanized Sentry
[20:11:18.199] [D] Spell_C::CastSpell(20271, 0, 0xF130001859000059, 0)
[20:11:25.071] [D] [Singular-DEBUG] Switched targets!
[20:11:25.071] [D] [Singular-DEBUG] Melee Distance: 5.3333335
[20:11:25.071] [D] [Singular-DEBUG] Health: 0
[20:11:25.071] [D] [Singular-DEBUG] Level: 29
[20:11:27.583] [D] [Pulse] Slow bot root: 113ms bot=Combat Bot poi=None combat=False
[20:11:33.952] [D] [Pulse] Slow plugin: name=AutoEquip2 elapsed=59ms
[20:11:38.502] [D] [Pulse] Slow plugin: name=Tidy Bags 3 Reloaded elapsed=20ms
[20:11:44.025] [D] [Pulse] Slow plugin: name=AutoEquip2 elapsed=57ms
[20:11:54.138] [D] [Pulse] Slow plugin: name=AutoEquip2 elapsed=64ms
[20:11:56.641] [D] [Pulse] Slow plugin: name=Tidy Bags 3 Reloaded elapsed=20ms
[20:12:02.089] [N] [Singular] Casting Holy Light on Myself
[20:12:02.089] [D] Spell_C::CastSpell(1026, 0, 0x6000000007EAB80, 0)
[20:12:03.537] [N] [Singular] Casting Holy Light on Myself
[20:12:03.537] [D] Spell_C::CastSpell(1026, 0, 0x6000000007EAB80, 0)
[20:12:04.248] [N] [Singular] Casting Holy Light on Myself
[20:12:04.248] [D] Spell_C::CastSpell(1026, 0, 0x6000000007EAB80, 0)
[20:12:05.426] [N] Eating Bristle Whisker Catfish
[20:12:14.172] [D] [Pulse] Slow plugin: name=AutoEquip2 elapsed=55ms
[20:12:17.323] [D] [Singular-DEBUG] Peacekeeper Security Suit is immune to Nature spell school
[20:12:19.980] [N] [Singular] Casting Exorcism on Peacekeeper Security Suit
[20:12:19.980] [D] Spell_C::CastSpell(879, 0, 0xF130001856000056, 0)
[20:12:20.004] [D] [Pulse] Slow bot root: 149ms bot=Combat Bot poi=None combat=True
[20:12:20.075] [D] [Singular-DEBUG] Switched targets!
[20:12:20.075] [D] [Singular-DEBUG] Melee Distance: 5
[20:12:20.075] [D] [Singular-DEBUG] Health: 15.5
[20:12:20.075] [D] [Singular-DEBUG] Level: 27
[20:12:21.625] [N] [Singular] Casting Judgement of Light on Peacekeeper Security Suit
[20:12:21.625] [D] Spell_C::CastSpell(20271, 0, 0xF130001856000056, 0)
[20:12:22.368] [N] [Singular] Currect target is invalid. Switching to Mechano-Tank!
[20:12:22.380] [D] [Pulse] Slow bot root: 317ms bot=Combat Bot poi=None combat=True
[20:12:22.713] [D] [Singular-DEBUG] Switched targets!
[20:12:22.713] [D] [Singular-DEBUG] Melee Distance: 5
[20:12:22.713] [D] [Singular-DEBUG] Health: 81.88716595183108
[20:12:22.713] [D] [Singular-DEBUG] Level: 30
[20:12:23.178] [N] [Singular] Casting Exorcism on Mechano-Tank
[20:12:23.178] [D] Spell_C::CastSpell(879, 0, 0xF130001851000045, 0)
[20:12:28.269] [D] [Pulse] Slow plugin: name=Tidy Bags 3 Reloaded elapsed=24ms
[20:12:29.990] [N] [Singular] Casting Judgement of Light on Mechano-Tank
[20:12:29.990] [D] Spell_C::CastSpell(20271, 0, 0xF130001851000045, 0)
[20:12:33.241] [D] System.NullReferenceException: Object reference not set to an instance of an object.
   at Singular.Helpers.Unit.IsBoss(WoWUnit unit)
   at Singular.ClassSpecific.Paladin.Retribution.<>c.<CreateRetributionPaladinInstancePullAndCombat>b__4_7(Object ret)
   at Singular.Helpers.Spell.<>c__DisplayClass18_0.<Cast>b__0(Object ret)
   at TreeSharp.Decorator.Execute(Object context)+MoveNext()
   at TreeSharp.Composite.Tick(Object context)
[20:12:33.241] [D] System.NullReferenceException: Object reference not set to an instance of an object.
   at Singular.ClassSpecific.Paladin.Retribution.<>c.<CreateRetributionPaladinInstancePullAndCombat>b__4_12(Object ret)
   at Singular.Helpers.Spell.<>c__DisplayClass18_0.<Cast>b__0(Object ret)
   at TreeSharp.Decorator.Execute(Object context)+MoveNext()
   at TreeSharp.Composite.Tick(Object context)
[20:12:33.249] [D] System.NullReferenceException: Object reference not set to an instance of an object.
   at Singular.ClassSpecific.Paladin.Retribution.<>c.<CreateRetributionPaladinInstancePullAndCombat>b__4_14(Object ret)
   at Singular.Helpers.Spell.<>c__DisplayClass18_0.<Cast>b__0(Object ret)
   at TreeSharp.Decorator.Execute(Object context)+MoveNext()
   at TreeSharp.Composite.Tick(Object context)
[20:12:33.256] [D] System.NullReferenceException: Object reference not set to an instance of an object.
   at Singular.ClassSpecific.Paladin.Retribution.<>c.<CreateRetributionPaladinInstancePullAndCombat>b__4_16(Object ret)
   at Singular.Helpers.Spell.<>c__DisplayClass18_0.<Cast>b__0(Object ret)
   at TreeSharp.Decorator.Execute(Object context)+MoveNext()
   at TreeSharp.Composite.Tick(Object context)
[20:12:33.334] [D] System.NullReferenceException: Object reference not set to an instance of an object.
   at Singular.Helpers.Unit.IsBoss(WoWUnit unit)
   at Singular.ClassSpecific.Paladin.Retribution.<>c.<CreateRetributionPaladinInstancePullAndCombat>b__4_7(Object ret)
   at Singular.Helpers.Spell.<>c__DisplayClass18_0.<Cast>b__0(Object ret)
   at TreeSharp.Decorator.Execute(Object context)+MoveNext()
   at TreeSharp.Composite.Tick(Object context)
[20:12:33.334] [D] System.NullReferenceException: Object reference not set to an instance of an object.
   at Singular.ClassSpecific.Paladin.Retribution.<>c.<CreateRetributionPaladinInstancePullAndCombat>b__4_12(Object ret)
   at Singular.Helpers.Spell.<>c__DisplayClass18_0.<Cast>b__0(Object ret)
   at TreeSharp.Decorator.Execute(Object context)+MoveNext()
   at TreeSharp.Composite.Tick(Object context)
[20:12:33.342] [D] System.NullReferenceException: Object reference not set to an instance of an object.
   at Singular.ClassSpecific.Paladin.Retribution.<>c.<CreateRetributionPaladinInstancePullAndCombat>b__4_14(Object ret)
   at Singular.Helpers.Spell.<>c__DisplayClass18_0.<Cast>b__0(Object ret)
   at TreeSharp.Decorator.Execute(Object context)+MoveNext()
   at TreeSharp.Composite.Tick(Object context)
[20:12:33.349] [D] System.NullReferenceException: Object reference not set to an instance of an object.
   at Singular.ClassSpecific.Paladin.Retribution.<>c.<CreateRetributionPaladinInstancePullAndCombat>b__4_16(Object ret)
   at Singular.Helpers.Spell.<>c__DisplayClass18_0.<Cast>b__0(Object ret)
   at TreeSharp.Decorator.Execute(Object context)+MoveNext()
   at TreeSharp.Composite.Tick(Object context)
[20:12:34.301] [D] [Pulse] Slow plugin: name=AutoEquip2 elapsed=52ms
[20:12:36.420] [D] [Pulse] Slow bot root: 112ms bot=Combat Bot poi=None combat=False
[20:12:39.675] [D] [Singular-DEBUG] Mechanized Guardian is immune to Nature spell school
[20:12:41.831] [N] [Singular] Casting Exorcism on Mechanized Guardian
[20:12:41.831] [D] Spell_C::CastSpell(879, 0, 0xF13000185A000065, 0)
[20:12:41.838] [D] [Pulse] Slow bot root: 109ms bot=Combat Bot poi=None combat=True
[20:12:41.897] [D] [Singular-DEBUG] Switched targets!
[20:12:41.897] [D] [Singular-DEBUG] Melee Distance: 5.8333335
[20:12:41.898] [D] [Singular-DEBUG] Health: 88.93360160965794
[20:12:41.898] [D] [Singular-DEBUG] Level: 31
[20:12:43.686] [N] [Singular] Casting Judgement of Light on Mechanized Guardian
[20:12:43.686] [D] Spell_C::CastSpell(20271, 0, 0xF13000185A000065, 0)
[20:12:49.553] [D] [Pulse] Slow plugin: name=Tidy Bags 3 Reloaded elapsed=20ms
[20:12:52.033] [N] [Singular] Casting Judgement of Light on Mechanized Guardian
[20:12:52.033] [D] Spell_C::CastSpell(20271, 0, 0xF13000185A000065, 0)
[20:12:54.388] [D] [Pulse] Slow plugin: name=AutoEquip2 elapsed=44ms
[20:12:55.235] [D] [Pulse] Slow bot root: 122ms bot=Combat Bot poi=None combat=False
[20:12:56.152] [D] [Singular-DEBUG] Switched targets!
[20:12:56.152] [D] [Singular-DEBUG] Melee Distance: 5
[20:12:56.152] [D] [Singular-DEBUG] Health: 55.75
[20:12:56.152] [D] [Singular-DEBUG] Level: 27
[20:12:56.289] [N] [Singular] Casting Judgement of Light on Dark Iron Agent
[20:12:56.289] [D] Spell_C::CastSpell(20271, 0, 0xF13000184400001F, 0)
[20:12:56.297] [D] [Pulse] Slow bot root: 144ms bot=Combat Bot poi=None combat=True
[20:12:58.711] [N] [Singular] Casting Exorcism on Dark Iron Agent
[20:12:58.711] [D] Spell_C::CastSpell(879, 0, 0xF13000184400001F, 0)
[20:13:00.839] [D] System.NullReferenceException: Object reference not set to an instance of an object.
   at Singular.Helpers.Unit.IsBoss(WoWUnit unit)
   at Singular.ClassSpecific.Paladin.Retribution.<>c.<CreateRetributionPaladinInstancePullAndCombat>b__4_7(Object ret)
   at Singular.Helpers.Spell.<>c__DisplayClass18_0.<Cast>b__0(Object ret)
   at TreeSharp.Decorator.Execute(Object context)+MoveNext()
   at TreeSharp.Composite.Tick(Object context)
[20:13:00.840] [D] System.NullReferenceException: Object reference not set to an instance of an object.
   at Singular.ClassSpecific.Paladin.Retribution.<>c.<CreateRetributionPaladinInstancePullAndCombat>b__4_12(Object ret)
   at Singular.Helpers.Spell.<>c__DisplayClass18_0.<Cast>b__0(Object ret)
   at TreeSharp.Decorator.Execute(Object context)+MoveNext()
   at TreeSharp.Composite.Tick(Object context)
[20:13:00.847] [D] System.NullReferenceException: Object reference not set to an instance of an object.
   at Singular.ClassSpecific.Paladin.Retribution.<>c.<CreateRetributionPaladinInstancePullAndCombat>b__4_14(Object ret)
   at Singular.Helpers.Spell.<>c__DisplayClass18_0.<Cast>b__0(Object ret)
   at TreeSharp.Decorator.Execute(Object context)+MoveNext()
   at TreeSharp.Composite.Tick(Object context)
[20:13:00.853] [D] System.NullReferenceException: Object reference not set to an instance of an object.
   at Singular.ClassSpecific.Paladin.Retribution.<>c.<CreateRetributionPaladinInstancePullAndCombat>b__4_16(Object ret)
   at Singular.Helpers.Spell.<>c__DisplayClass18_0.<Cast>b__0(Object ret)
   at TreeSharp.Decorator.Execute(Object context)+MoveNext()
   at TreeSharp.Composite.Tick(Object context)
[20:13:00.920] [D] System.NullReferenceException: Object reference not set to an instance of an object.
   at Singular.Helpers.Unit.IsBoss(WoWUnit unit)
   at Singular.ClassSpecific.Paladin.Retribution.<>c.<CreateRetributionPaladinInstancePullAndCombat>b__4_7(Object ret)
   at Singular.Helpers.Spell.<>c__DisplayClass18_0.<Cast>b__0(Object ret)
   at TreeSharp.Decorator.Execute(Object context)+MoveNext()
   at TreeSharp.Composite.Tick(Object context)
[20:13:00.921] [D] System.NullReferenceException: Object reference not set to an instance of an object.
   at Singular.ClassSpecific.Paladin.Retribution.<>c.<CreateRetributionPaladinInstancePullAndCombat>b__4_12(Object ret)
   at Singular.Helpers.Spell.<>c__DisplayClass18_0.<Cast>b__0(Object ret)
   at TreeSharp.Decorator.Execute(Object context)+MoveNext()
   at TreeSharp.Composite.Tick(Object context)
[20:13:00.928] [D] System.NullReferenceException: Object reference not set to an instance of an object.
   at Singular.ClassSpecific.Paladin.Retribution.<>c.<CreateRetributionPaladinInstancePullAndCombat>b__4_14(Object ret)
   at Singular.Helpers.Spell.<>c__DisplayClass18_0.<Cast>b__0(Object ret)
   at TreeSharp.Decorator.Execute(Object context)+MoveNext()
   at TreeSharp.Composite.Tick(Object context)
[20:13:00.934] [D] System.NullReferenceException: Object reference not set to an instance of an object.
   at Singular.ClassSpecific.Paladin.Retribution.<>c.<CreateRetributionPaladinInstancePullAndCombat>b__4_16(Object ret)
   at Singular.Helpers.Spell.<>c__DisplayClass18_0.<Cast>b__0(Object ret)
   at TreeSharp.Decorator.Execute(Object context)+MoveNext()
   at TreeSharp.Composite.Tick(Object context)
[20:13:01.004] [D] System.NullReferenceException: Object reference not set to an instance of an object.
   at Singular.Helpers.Unit.IsBoss(WoWUnit unit)
   at Singular.ClassSpecific.Paladin.Retribution.<>c.<CreateRetributionPaladinInstancePullAndCombat>b__4_7(Object ret)
   at Singular.Helpers.Spell.<>c__DisplayClass18_0.<Cast>b__0(Object ret)
   at TreeSharp.Decorator.Execute(Object context)+MoveNext()
   at TreeSharp.Composite.Tick(Object context)
[20:13:01.005] [D] System.NullReferenceException: Object reference not set to an instance of an object.
   at Singular.ClassSpecific.Paladin.Retribution.<>c.<CreateRetributionPaladinInstancePullAndCombat>b__4_12(Object ret)
   at Singular.Helpers.Spell.<>c__DisplayClass18_0.<Cast>b__0(Object ret)
   at TreeSharp.Decorator.Execute(Object context)+MoveNext()
   at TreeSharp.Composite.Tick(Object context)
[20:13:01.012] [D] System.NullReferenceException: Object reference not set to an instance of an object.
   at Singular.ClassSpecific.Paladin.Retribution.<>c.<CreateRetributionPaladinInstancePullAndCombat>b__4_14(Object ret)
   at Singular.Helpers.Spell.<>c__DisplayClass18_0.<Cast>b__0(Object ret)
   at TreeSharp.Decorator.Execute(Object context)+MoveNext()
   at TreeSharp.Composite.Tick(Object context)
[20:13:01.019] [D] System.NullReferenceException: Object reference not set to an instance of an object.
   at Singular.ClassSpecific.Paladin.Retribution.<>c.<CreateRetributionPaladinInstancePullAndCombat>b__4_16(Object ret)
   at Singular.Helpers.Spell.<>c__DisplayClass18_0.<Cast>b__0(Object ret)
   at TreeSharp.Decorator.Execute(Object context)+MoveNext()
   at TreeSharp.Composite.Tick(Object context)
[20:13:01.093] [D] System.NullReferenceException: Object reference not set to an instance of an object.
   at Singular.Helpers.Unit.IsBoss(WoWUnit unit)
   at Singular.ClassSpecific.Paladin.Retribution.<>c.<CreateRetributionPaladinInstancePullAndCombat>b__4_7(Object ret)
   at Singular.Helpers.Spell.<>c__DisplayClass18_0.<Cast>b__0(Object ret)
   at TreeSharp.Decorator.Execute(Object context)+MoveNext()
   at TreeSharp.Composite.Tick(Object context)
[20:13:01.093] [D] System.NullReferenceException: Object reference not set to an instance of an object.
   at Singular.ClassSpecific.Paladin.Retribution.<>c.<CreateRetributionPaladinInstancePullAndCombat>b__4_12(Object ret)
   at Singular.Helpers.Spell.<>c__DisplayClass18_0.<Cast>b__0(Object ret)
   at TreeSharp.Decorator.Execute(Object context)+MoveNext()
   at TreeSharp.Composite.Tick(Object context)
[20:13:01.101] [D] System.NullReferenceException: Object reference not set to an instance of an object.
   at Singular.ClassSpecific.Paladin.Retribution.<>c.<CreateRetributionPaladinInstancePullAndCombat>b__4_14(Object ret)
   at Singular.Helpers.Spell.<>c__DisplayClass18_0.<Cast>b__0(Object ret)
   at TreeSharp.Decorator.Execute(Object context)+MoveNext()
   at TreeSharp.Composite.Tick(Object context)
[20:13:01.108] [D] System.NullReferenceException: Object reference not set to an instance of an object.
   at Singular.ClassSpecific.Paladin.Retribution.<>c.<CreateRetributionPaladinInstancePullAndCombat>b__4_16(Object ret)
   at Singular.Helpers.Spell.<>c__DisplayClass18_0.<Cast>b__0(Object ret)
   at TreeSharp.Decorator.Execute(Object context)+MoveNext()
   at TreeSharp.Composite.Tick(Object context)
[20:13:01.181] [D] System.NullReferenceException: Object reference not set to an instance of an object.
   at Singular.Helpers.Unit.IsBoss(WoWUnit unit)
   at Singular.ClassSpecific.Paladin.Retribution.<>c.<CreateRetributionPaladinInstancePullAndCombat>b__4_7(Object ret)
   at Singular.Helpers.Spell.<>c__DisplayClass18_0.<Cast>b__0(Object ret)
   at TreeSharp.Decorator.Execute(Object context)+MoveNext()
   at TreeSharp.Composite.Tick(Object context)
[20:13:01.182] [D] System.NullReferenceException: Object reference not set to an instance of an object.
   at Singular.ClassSpecific.Paladin.Retribution.<>c.<CreateRetributionPaladinInstancePullAndCombat>b__4_12(Object ret)
   at Singular.Helpers.Spell.<>c__DisplayClass18_0.<Cast>b__0(Object ret)
   at TreeSharp.Decorator.Execute(Object context)+MoveNext()
   at TreeSharp.Composite.Tick(Object context)
[20:13:01.189] [D] System.NullReferenceException: Object reference not set to an instance of an object.
   at Singular.ClassSpecific.Paladin.Retribution.<>c.<CreateRetributionPaladinInstancePullAndCombat>b__4_14(Object ret)
   at Singular.Helpers.Spell.<>c__DisplayClass18_0.<Cast>b__0(Object ret)
   at TreeSharp.Decorator.Execute(Object context)+MoveNext()
   at TreeSharp.Composite.Tick(Object context)
[20:13:01.196] [D] System.NullReferenceException: Object reference not set to an instance of an object.
   at Singular.ClassSpecific.Paladin.Retribution.<>c.<CreateRetributionPaladinInstancePullAndCombat>b__4_16(Object ret)
   at Singular.Helpers.Spell.<>c__DisplayClass18_0.<Cast>b__0(Object ret)
   at TreeSharp.Decorator.Execute(Object context)+MoveNext()
   at TreeSharp.Composite.Tick(Object context)
[20:13:01.268] [D] System.NullReferenceException: Object reference not set to an instance of an object.
   at Singular.Helpers.Unit.IsBoss(WoWUnit unit)
   at Singular.ClassSpecific.Paladin.Retribution.<>c.<CreateRetributionPaladinInstancePullAndCombat>b__4_7(Object ret)
   at Singular.Helpers.Spell.<>c__DisplayClass18_0.<Cast>b__0(Object ret)
   at TreeSharp.Decorator.Execute(Object context)+MoveNext()
   at TreeSharp.Composite.Tick(Object context)
[20:13:01.269] [D] System.NullReferenceException: Object reference not set to an instance of an object.
   at Singular.ClassSpecific.Paladin.Retribution.<>c.<CreateRetributionPaladinInstancePullAndCombat>b__4_12(Object ret)
   at Singular.Helpers.Spell.<>c__DisplayClass18_0.<Cast>b__0(Object ret)
   at TreeSharp.Decorator.Execute(Object context)+MoveNext()
   at TreeSharp.Composite.Tick(Object context)
[20:13:01.276] [D] System.NullReferenceException: Object reference not set to an instance of an object.
   at Singular.ClassSpecific.Paladin.Retribution.<>c.<CreateRetributionPaladinInstancePullAndCombat>b__4_14(Object ret)
   at Singular.Helpers.Spell.<>c__DisplayClass18_0.<Cast>b__0(Object ret)
   at TreeSharp.Decorator.Execute(Object context)+MoveNext()
   at TreeSharp.Composite.Tick(Object context)
[20:13:01.283] [D] System.NullReferenceException: Object reference not set to an instance of an object.
   at Singular.ClassSpecific.Paladin.Retribution.<>c.<CreateRetributionPaladinInstancePullAndCombat>b__4_16(Object ret)
   at Singular.Helpers.Spell.<>c__DisplayClass18_0.<Cast>b__0(Object ret)
   at TreeSharp.Decorator.Execute(Object context)+MoveNext()
   at TreeSharp.Composite.Tick(Object context)
[20:13:01.353] [D] System.NullReferenceException: Object reference not set to an instance of an object.
   at Singular.Helpers.Unit.IsBoss(WoWUnit unit)
   at Singular.ClassSpecific.Paladin.Retribution.<>c.<CreateRetributionPaladinInstancePullAndCombat>b__4_7(Object ret)
   at Singular.Helpers.Spell.<>c__DisplayClass18_0.<Cast>b__0(Object ret)
   at TreeSharp.Decorator.Execute(Object context)+MoveNext()
   at TreeSharp.Composite.Tick(Object context)
[20:13:01.353] [D] System.NullReferenceException: Object reference not set to an instance of an object.
   at Singular.ClassSpecific.Paladin.Retribution.<>c.<CreateRetributionPaladinInstancePullAndCombat>b__4_12(Object ret)
   at Singular.Helpers.Spell.<>c__DisplayClass18_0.<Cast>b__0(Object ret)
   at TreeSharp.Decorator.Execute(Object context)+MoveNext()
   at TreeSharp.Composite.Tick(Object context)
[20:13:01.360] [D] System.NullReferenceException: Object reference not set to an instance of an object.
   at Singular.ClassSpecific.Paladin.Retribution.<>c.<CreateRetributionPaladinInstancePullAndCombat>b__4_14(Object ret)
   at Singular.Helpers.Spell.<>c__DisplayClass18_0.<Cast>b__0(Object ret)
   at TreeSharp.Decorator.Execute(Object context)+MoveNext()
   at TreeSharp.Composite.Tick(Object context)
[20:13:01.367] [D] System.NullReferenceException: Object reference not set to an instance of an object.
   at Singular.ClassSpecific.Paladin.Retribution.<>c.<CreateRetributionPaladinInstancePullAndCombat>b__4_16(Object ret)
   at Singular.Helpers.Spell.<>c__DisplayClass18_0.<Cast>b__0(Object ret)
   at TreeSharp.Decorator.Execute(Object context)+MoveNext()
   at TreeSharp.Composite.Tick(Object context)
[20:13:01.432] [D] System.NullReferenceException: Object reference not set to an instance of an object.
   at Singular.Helpers.Unit.IsBoss(WoWUnit unit)
   at Singular.ClassSpecific.Paladin.Retribution.<>c.<CreateRetributionPaladinInstancePullAndCombat>b__4_7(Object ret)
   at Singular.Helpers.Spell.<>c__DisplayClass18_0.<Cast>b__0(Object ret)
   at TreeSharp.Decorator.Execute(Object context)+MoveNext()
   at TreeSharp.Composite.Tick(Object context)
[20:13:01.432] [D] System.NullReferenceException: Object reference not set to an instance of an object.
   at Singular.ClassSpecific.Paladin.Retribution.<>c.<CreateRetributionPaladinInstancePullAndCombat>b__4_12(Object ret)
   at Singular.Helpers.Spell.<>c__DisplayClass18_0.<Cast>b__0(Object ret)
   at TreeSharp.Decorator.Execute(Object context)+MoveNext()
   at TreeSharp.Composite.Tick(Object context)
[20:13:01.439] [D] System.NullReferenceException: Object reference not set to an instance of an object.
   at Singular.ClassSpecific.Paladin.Retribution.<>c.<CreateRetributionPaladinInstancePullAndCombat>b__4_14(Object ret)
   at Singular.Helpers.Spell.<>c__DisplayClass18_0.<Cast>b__0(Object ret)
   at TreeSharp.Decorator.Execute(Object context)+MoveNext()
   at TreeSharp.Composite.Tick(Object context)
[20:13:01.446] [D] System.NullReferenceException: Object reference not set to an instance of an object.
   at Singular.ClassSpecific.Paladin.Retribution.<>c.<CreateRetributionPaladinInstancePullAndCombat>b__4_16(Object ret)
   at Singular.Helpers.Spell.<>c__DisplayClass18_0.<Cast>b__0(Object ret)
   at TreeSharp.Decorator.Execute(Object context)+MoveNext()
   at TreeSharp.Composite.Tick(Object context)
[20:13:01.511] [D] System.NullReferenceException: Object reference not set to an instance of an object.
   at Singular.Helpers.Unit.IsBoss(WoWUnit unit)
   at Singular.ClassSpecific.Paladin.Retribution.<>c.<CreateRetributionPaladinInstancePullAndCombat>b__4_7(Object ret)
   at Singular.Helpers.Spell.<>c__DisplayClass18_0.<Cast>b__0(Object ret)
   at TreeSharp.Decorator.Execute(Object context)+MoveNext()
   at TreeSharp.Composite.Tick(Object context)
[20:13:01.511] [D] System.NullReferenceException: Object reference not set to an instance of an object.
   at Singular.ClassSpecific.Paladin.Retribution.<>c.<CreateRetributionPaladinInstancePullAndCombat>b__4_12(Object ret)
   at Singular.Helpers.Spell.<>c__DisplayClass18_0.<Cast>b__0(Object ret)
   at TreeSharp.Decorator.Execute(Object context)+MoveNext()
   at TreeSharp.Composite.Tick(Object context)
[20:13:01.519] [D] System.NullReferenceException: Object reference not set to an instance of an object.
   at Singular.ClassSpecific.Paladin.Retribution.<>c.<CreateRetributionPaladinInstancePullAndCombat>b__4_14(Object ret)
   at Singular.Helpers.Spell.<>c__DisplayClass18_0.<Cast>b__0(Object ret)
   at TreeSharp.Decorator.Execute(Object context)+MoveNext()
   at TreeSharp.Composite.Tick(Object context)
[20:13:01.525] [D] System.NullReferenceException: Object reference not set to an instance of an object.
   at Singular.ClassSpecific.Paladin.Retribution.<>c.<CreateRetributionPaladinInstancePullAndCombat>b__4_16(Object ret)
   at Singular.Helpers.Spell.<>c__DisplayClass18_0.<Cast>b__0(Object ret)
   at TreeSharp.Decorator.Execute(Object context)+MoveNext()
   at TreeSharp.Composite.Tick(Object context)
[20:13:01.593] [D] System.NullReferenceException: Object reference not set to an instance of an object.
   at Singular.Helpers.Unit.IsBoss(WoWUnit unit)
   at Singular.ClassSpecific.Paladin.Retribution.<>c.<CreateRetributionPaladinInstancePullAndCombat>b__4_7(Object ret)
   at Singular.Helpers.Spell.<>c__DisplayClass18_0.<Cast>b__0(Object ret)
   at TreeSharp.Decorator.Execute(Object context)+MoveNext()
   at TreeSharp.Composite.Tick(Object context)
[20:13:01.593] [D] System.NullReferenceException: Object reference not set to an instance of an object.
   at Singular.ClassSpecific.Paladin.Retribution.<>c.<CreateRetributionPaladinInstancePullAndCombat>b__4_12(Object ret)
   at Singular.Helpers.Spell.<>c__DisplayClass18_0.<Cast>b__0(Object ret)
   at TreeSharp.Decorator.Execute(Object context)+MoveNext()
   at TreeSharp.Composite.Tick(Object context)
[20:13:01.600] [D] System.NullReferenceException: Object reference not set to an instance of an object.
   at Singular.ClassSpecific.Paladin.Retribution.<>c.<CreateRetributionPaladinInstancePullAndCombat>b__4_14(Object ret)
   at Singular.Helpers.Spell.<>c__DisplayClass18_0.<Cast>b__0(Object ret)
   at TreeSharp.Decorator.Execute(Object context)+MoveNext()
   at TreeSharp.Composite.Tick(Object context)
[20:13:01.607] [D] System.NullReferenceException: Object reference not set to an instance of an object.
   at Singular.ClassSpecific.Paladin.Retribution.<>c.<CreateRetributionPaladinInstancePullAndCombat>b__4_16(Object ret)
   at Singular.Helpers.Spell.<>c__DisplayClass18_0.<Cast>b__0(Object ret)
   at TreeSharp.Decorator.Execute(Object context)+MoveNext()
   at TreeSharp.Composite.Tick(Object context)
[20:13:01.672] [D] System.NullReferenceException: Object reference not set to an instance of an object.
   at Singular.Helpers.Unit.IsBoss(WoWUnit unit)
   at Singular.ClassSpecific.Paladin.Retribution.<>c.<CreateRetributionPaladinInstancePullAndCombat>b__4_7(Object ret)
   at Singular.Helpers.Spell.<>c__DisplayClass18_0.<Cast>b__0(Object ret)
   at TreeSharp.Decorator.Execute(Object context)+MoveNext()
   at TreeSharp.Composite.Tick(Object context)
[20:13:01.672] [D] System.NullReferenceException: Object reference not set to an instance of an object.
   at Singular.ClassSpecific.Paladin.Retribution.<>c.<CreateRetributionPaladinInstancePullAndCombat>b__4_12(Object ret)
   at Singular.Helpers.Spell.<>c__DisplayClass18_0.<Cast>b__0(Object ret)
   at TreeSharp.Decorator.Execute(Object context)+MoveNext()
   at TreeSharp.Composite.Tick(Object context)
[20:13:01.679] [D] System.NullReferenceException: Object reference not set to an instance of an object.
   at Singular.ClassSpecific.Paladin.Retribution.<>c.<CreateRetributionPaladinInstancePullAndCombat>b__4_14(Object ret)
   at Singular.Helpers.Spell.<>c__DisplayClass18_0.<Cast>b__0(Object ret)
   at TreeSharp.Decorator.Execute(Object context)+MoveNext()
   at TreeSharp.Composite.Tick(Object context)
[20:13:01.686] [D] System.NullReferenceException: Object reference not set to an instance of an object.
   at Singular.ClassSpecific.Paladin.Retribution.<>c.<CreateRetributionPaladinInstancePullAndCombat>b__4_16(Object ret)
   at Singular.Helpers.Spell.<>c__DisplayClass18_0.<Cast>b__0(Object ret)
   at TreeSharp.Decorator.Execute(Object context)+MoveNext()
   at TreeSharp.Composite.Tick(Object context)
[20:13:01.756] [D] System.NullReferenceException: Object reference not set to an instance of an object.
   at Singular.Helpers.Unit.IsBoss(WoWUnit unit)
   at Singular.ClassSpecific.Paladin.Retribution.<>c.<CreateRetributionPaladinInstancePullAndCombat>b__4_7(Object ret)
   at Singular.Helpers.Spell.<>c__DisplayClass18_0.<Cast>b__0(Object ret)
   at TreeSharp.Decorator.Execute(Object context)+MoveNext()
   at TreeSharp.Composite.Tick(Object context)
[20:13:01.756] [D] System.NullReferenceException: Object reference not set to an instance of an object.
   at Singular.ClassSpecific.Paladin.Retribution.<>c.<CreateRetributionPaladinInstancePullAndCombat>b__4_12(Object ret)
   at Singular.Helpers.Spell.<>c__DisplayClass18_0.<Cast>b__0(Object ret)
   at TreeSharp.Decorator.Execute(Object context)+MoveNext()
   at TreeSharp.Composite.Tick(Object context)
[20:13:01.763] [D] System.NullReferenceException: Object reference not set to an instance of an object.
   at Singular.ClassSpecific.Paladin.Retribution.<>c.<CreateRetributionPaladinInstancePullAndCombat>b__4_14(Object ret)
   at Singular.Helpers.Spell.<>c__DisplayClass18_0.<Cast>b__0(Object ret)
   at TreeSharp.Decorator.Execute(Object context)+MoveNext()
   at TreeSharp.Composite.Tick(Object context)
[20:13:01.770] [D] System.NullReferenceException: Object reference not set to an instance of an object.
   at Singular.ClassSpecific.Paladin.Retribution.<>c.<CreateRetributionPaladinInstancePullAndCombat>b__4_16(Object ret)
   at Singular.Helpers.Spell.<>c__DisplayClass18_0.<Cast>b__0(Object ret)
   at TreeSharp.Decorator.Execute(Object context)+MoveNext()
   at TreeSharp.Composite.Tick(Object context)
[20:13:01.835] [D] System.NullReferenceException: Object reference not set to an instance of an object.
   at Singular.Helpers.Unit.IsBoss(WoWUnit unit)
   at Singular.ClassSpecific.Paladin.Retribution.<>c.<CreateRetributionPaladinInstancePullAndCombat>b__4_7(Object ret)
   at Singular.Helpers.Spell.<>c__DisplayClass18_0.<Cast>b__0(Object ret)
   at TreeSharp.Decorator.Execute(Object context)+MoveNext()
   at TreeSharp.Composite.Tick(Object context)
[20:13:01.836] [D] System.NullReferenceException: Object reference not set to an instance of an object.
   at Singular.ClassSpecific.Paladin.Retribution.<>c.<CreateRetributionPaladinInstancePullAndCombat>b__4_12(Object ret)
   at Singular.Helpers.Spell.<>c__DisplayClass18_0.<Cast>b__0(Object ret)
   at TreeSharp.Decorator.Execute(Object context)+MoveNext()
   at TreeSharp.Composite.Tick(Object context)
[20:13:01.843] [D] System.NullReferenceException: Object reference not set to an instance of an object.
   at Singular.ClassSpecific.Paladin.Retribution.<>c.<CreateRetributionPaladinInstancePullAndCombat>b__4_14(Object ret)
   at Singular.Helpers.Spell.<>c__DisplayClass18_0.<Cast>b__0(Object ret)
   at TreeSharp.Decorator.Execute(Object context)+MoveNext()
   at TreeSharp.Composite.Tick(Object context)
[20:13:01.850] [D] System.NullReferenceException: Object reference not set to an instance of an object.
   at Singular.ClassSpecific.Paladin.Retribution.<>c.<CreateRetributionPaladinInstancePullAndCombat>b__4_16(Object ret)
   at Singular.Helpers.Spell.<>c__DisplayClass18_0.<Cast>b__0(Object ret)
   at TreeSharp.Decorator.Execute(Object context)+MoveNext()
   at TreeSharp.Composite.Tick(Object context)
[20:13:01.921] [D] System.NullReferenceException: Object reference not set to an instance of an object.
   at Singular.Helpers.Unit.IsBoss(WoWUnit unit)
   at Singular.ClassSpecific.Paladin.Retribution.<>c.<CreateRetributionPaladinInstancePullAndCombat>b__4_7(Object ret)
   at Singular.Helpers.Spell.<>c__DisplayClass18_0.<Cast>b__0(Object ret)
   at TreeSharp.Decorator.Execute(Object context)+MoveNext()
   at TreeSharp.Composite.Tick(Object context)
[20:13:01.921] [D] System.NullReferenceException: Object reference not set to an instance of an object.
   at Singular.ClassSpecific.Paladin.Retribution.<>c.<CreateRetributionPaladinInstancePullAndCombat>b__4_12(Object ret)
   at Singular.Helpers.Spell.<>c__DisplayClass18_0.<Cast>b__0(Object ret)
   at TreeSharp.Decorator.Execute(Object context)+MoveNext()
   at TreeSharp.Composite.Tick(Object context)
[20:13:01.928] [D] System.NullReferenceException: Object reference not set to an instance of an object.
   at Singular.ClassSpecific.Paladin.Retribution.<>c.<CreateRetributionPaladinInstancePullAndCombat>b__4_14(Object ret)
   at Singular.Helpers.Spell.<>c__DisplayClass18_0.<Cast>b__0(Object ret)
   at TreeSharp.Decorator.Execute(Object context)+MoveNext()
   at TreeSharp.Composite.Tick(Object context)
[20:13:01.935] [D] System.NullReferenceException: Object reference not set to an instance of an object.
   at Singular.ClassSpecific.Paladin.Retribution.<>c.<CreateRetributionPaladinInstancePullAndCombat>b__4_16(Object ret)
   at Singular.Helpers.Spell.<>c__DisplayClass18_0.<Cast>b__0(Object ret)
   at TreeSharp.Decorator.Execute(Object context)+MoveNext()
   at TreeSharp.Composite.Tick(Object context)
[20:13:02.002] [D] System.NullReferenceException: Object reference not set to an instance of an object.
   at Singular.Helpers.Unit.IsBoss(WoWUnit unit)
   at Singular.ClassSpecific.Paladin.Retribution.<>c.<CreateRetributionPaladinInstancePullAndCombat>b__4_7(Object ret)
   at Singular.Helpers.Spell.<>c__DisplayClass18_0.<Cast>b__0(Object ret)
   at TreeSharp.Decorator.Execute(Object context)+MoveNext()
   at TreeSharp.Composite.Tick(Object context)
[20:13:02.003] [D] System.NullReferenceException: Object reference not set to an instance of an object.
   at Singular.ClassSpecific.Paladin.Retribution.<>c.<CreateRetributionPaladinInstancePullAndCombat>b__4_12(Object ret)
   at Singular.Helpers.Spell.<>c__DisplayClass18_0.<Cast>b__0(Object ret)
   at TreeSharp.Decorator.Execute(Object context)+MoveNext()
   at TreeSharp.Composite.Tick(Object context)
[20:13:02.010] [D] System.NullReferenceException: Object reference not set to an instance of an object.
   at Singular.ClassSpecific.Paladin.Retribution.<>c.<CreateRetributionPaladinInstancePullAndCombat>b__4_14(Object ret)
   at Singular.Helpers.Spell.<>c__DisplayClass18_0.<Cast>b__0(Object ret)
   at TreeSharp.Decorator.Execute(Object context)+MoveNext()
   at TreeSharp.Composite.Tick(Object context)
[20:13:02.016] [D] System.NullReferenceException: Object reference not set to an instance of an object.
   at Singular.ClassSpecific.Paladin.Retribution.<>c.<CreateRetributionPaladinInstancePullAndCombat>b__4_16(Object ret)
   at Singular.Helpers.Spell.<>c__DisplayClass18_0.<Cast>b__0(Object ret)
   at TreeSharp.Decorator.Execute(Object context)+MoveNext()
   at TreeSharp.Composite.Tick(Object context)
[20:13:02.088] [D] System.NullReferenceException: Object reference not set to an instance of an object.
   at Singular.Helpers.Unit.IsBoss(WoWUnit unit)
   at Singular.ClassSpecific.Paladin.Retribution.<>c.<CreateRetributionPaladinInstancePullAndCombat>b__4_7(Object ret)
   at Singular.Helpers.Spell.<>c__DisplayClass18_0.<Cast>b__0(Object ret)
   at TreeSharp.Decorator.Execute(Object context)+MoveNext()
   at TreeSharp.Composite.Tick(Object context)
[20:13:02.089] [D] System.NullReferenceException: Object reference not set to an instance of an object.
   at Singular.ClassSpecific.Paladin.Retribution.<>c.<CreateRetributionPaladinInstancePullAndCombat>b__4_12(Object ret)
   at Singular.Helpers.Spell.<>c__DisplayClass18_0.<Cast>b__0(Object ret)
   at TreeSharp.Decorator.Execute(Object context)+MoveNext()
   at TreeSharp.Composite.Tick(Object context)
[20:13:02.096] [D] System.NullReferenceException: Object reference not set to an instance of an object.
   at Singular.ClassSpecific.Paladin.Retribution.<>c.<CreateRetributionPaladinInstancePullAndCombat>b__4_14(Object ret)
   at Singular.Helpers.Spell.<>c__DisplayClass18_0.<Cast>b__0(Object ret)
   at TreeSharp.Decorator.Execute(Object context)+MoveNext()
   at TreeSharp.Composite.Tick(Object context)
[20:13:02.103] [D] System.NullReferenceException: Object reference not set to an instance of an object.
   at Singular.ClassSpecific.Paladin.Retribution.<>c.<CreateRetributionPaladinInstancePullAndCombat>b__4_16(Object ret)
   at Singular.Helpers.Spell.<>c__DisplayClass18_0.<Cast>b__0(Object ret)
   at TreeSharp.Decorator.Execute(Object context)+MoveNext()
   at TreeSharp.Composite.Tick(Object context)
[20:13:02.172] [D] System.NullReferenceException: Object reference not set to an instance of an object.
   at Singular.Helpers.Unit.IsBoss(WoWUnit unit)
   at Singular.ClassSpecific.Paladin.Retribution.<>c.<CreateRetributionPaladinInstancePullAndCombat>b__4_7(Object ret)
   at Singular.Helpers.Spell.<>c__DisplayClass18_0.<Cast>b__0(Object ret)
   at TreeSharp.Decorator.Execute(Object context)+MoveNext()
   at TreeSharp.Composite.Tick(Object context)
[20:13:02.172] [D] System.NullReferenceException: Object reference not set to an instance of an object.
   at Singular.ClassSpecific.Paladin.Retribution.<>c.<CreateRetributionPaladinInstancePullAndCombat>b__4_12(Object ret)
   at Singular.Helpers.Spell.<>c__DisplayClass18_0.<Cast>b__0(Object ret)
   at TreeSharp.Decorator.Execute(Object context)+MoveNext()
   at TreeSharp.Composite.Tick(Object context)
[20:13:02.179] [D] System.NullReferenceException: Object reference not set to an instance of an object.
   at Singular.ClassSpecific.Paladin.Retribution.<>c.<CreateRetributionPaladinInstancePullAndCombat>b__4_14(Object ret)
   at Singular.Helpers.Spell.<>c__DisplayClass18_0.<Cast>b__0(Object ret)
   at TreeSharp.Decorator.Execute(Object context)+MoveNext()
   at TreeSharp.Composite.Tick(Object context)
[20:13:02.187] [D] System.NullReferenceException: Object reference not set to an instance of an object.
   at Singular.ClassSpecific.Paladin.Retribution.<>c.<CreateRetributionPaladinInstancePullAndCombat>b__4_16(Object ret)
   at Singular.Helpers.Spell.<>c__DisplayClass18_0.<Cast>b__0(Object ret)
   at TreeSharp.Decorator.Execute(Object context)+MoveNext()
   at TreeSharp.Composite.Tick(Object context)
[20:13:02.250] [D] System.NullReferenceException: Object reference not set to an instance of an object.
   at Singular.Helpers.Unit.IsBoss(WoWUnit unit)
   at Singular.ClassSpecific.Paladin.Retribution.<>c.<CreateRetributionPaladinInstancePullAndCombat>b__4_7(Object ret)
   at Singular.Helpers.Spell.<>c__DisplayClass18_0.<Cast>b__0(Object ret)
   at TreeSharp.Decorator.Execute(Object context)+MoveNext()
   at TreeSharp.Composite.Tick(Object context)
[20:13:02.250] [D] System.NullReferenceException: Object reference not set to an instance of an object.
   at Singular.ClassSpecific.Paladin.Retribution.<>c.<CreateRetributionPaladinInstancePullAndCombat>b__4_12(Object ret)
   at Singular.Helpers.Spell.<>c__DisplayClass18_0.<Cast>b__0(Object ret)
   at TreeSharp.Decorator.Execute(Object context)+MoveNext()
   at TreeSharp.Composite.Tick(Object context)
[20:13:02.257] [D] System.NullReferenceException: Object reference not set to an instance of an object.
   at Singular.ClassSpecific.Paladin.Retribution.<>c.<CreateRetributionPaladinInstancePullAndCombat>b__4_14(Object ret)
   at Singular.Helpers.Spell.<>c__DisplayClass18_0.<Cast>b__0(Object ret)
   at TreeSharp.Decorator.Execute(Object context)+MoveNext()
   at TreeSharp.Composite.Tick(Object context)
[20:13:02.264] [D] System.NullReferenceException: Object reference not set to an instance of an object.
   at Singular.ClassSpecific.Paladin.Retribution.<>c.<CreateRetributionPaladinInstancePullAndCombat>b__4_16(Object ret)
   at Singular.Helpers.Spell.<>c__DisplayClass18_0.<Cast>b__0(Object ret)
   at TreeSharp.Decorator.Execute(Object context)+MoveNext()
   at TreeSharp.Composite.Tick(Object context)
[20:13:02.340] [D] System.NullReferenceException: Object reference not set to an instance of an object.
   at Singular.Helpers.Unit.IsBoss(WoWUnit unit)
   at Singular.ClassSpecific.Paladin.Retribution.<>c.<CreateRetributionPaladinInstancePullAndCombat>b__4_7(Object ret)
   at Singular.Helpers.Spell.<>c__DisplayClass18_0.<Cast>b__0(Object ret)
   at TreeSharp.Decorator.Execute(Object context)+MoveNext()
   at TreeSharp.Composite.Tick(Object context)
[20:13:02.340] [D] System.NullReferenceException: Object reference not set to an instance of an object.
   at Singular.ClassSpecific.Paladin.Retribution.<>c.<CreateRetributionPaladinInstancePullAndCombat>b__4_12(Object ret)
   at Singular.Helpers.Spell.<>c__DisplayClass18_0.<Cast>b__0(Object ret)
   at TreeSharp.Decorator.Execute(Object context)+MoveNext()
   at TreeSharp.Composite.Tick(Object context)
[20:13:02.347] [D] System.NullReferenceException: Object reference not set to an instance of an object.
   at Singular.ClassSpecific.Paladin.Retribution.<>c.<CreateRetributionPaladinInstancePullAndCombat>b__4_14(Object ret)
   at Singular.Helpers.Spell.<>c__DisplayClass18_0.<Cast>b__0(Object ret)
   at TreeSharp.Decorator.Execute(Object context)+MoveNext()
   at TreeSharp.Composite.Tick(Object context)
[20:13:02.354] [D] System.NullReferenceException: Object reference not set to an instance of an object.
   at Singular.ClassSpecific.Paladin.Retribution.<>c.<CreateRetributionPaladinInstancePullAndCombat>b__4_16(Object ret)
   at Singular.Helpers.Spell.<>c__DisplayClass18_0.<Cast>b__0(Object ret)
   at TreeSharp.Decorator.Execute(Object context)+MoveNext()
   at TreeSharp.Composite.Tick(Object context)
[20:13:02.427] [D] System.NullReferenceException: Object reference not set to an instance of an object.
   at Singular.Helpers.Unit.IsBoss(WoWUnit unit)
   at Singular.ClassSpecific.Paladin.Retribution.<>c.<CreateRetributionPaladinInstancePullAndCombat>b__4_7(Object ret)
   at Singular.Helpers.Spell.<>c__DisplayClass18_0.<Cast>b__0(Object ret)
   at TreeSharp.Decorator.Execute(Object context)+MoveNext()
   at TreeSharp.Composite.Tick(Object context)
[20:13:02.427] [D] System.NullReferenceException: Object reference not set to an instance of an object.
   at Singular.ClassSpecific.Paladin.Retribution.<>c.<CreateRetributionPaladinInstancePullAndCombat>b__4_12(Object ret)
   at Singular.Helpers.Spell.<>c__DisplayClass18_0.<Cast>b__0(Object ret)
   at TreeSharp.Decorator.Execute(Object context)+MoveNext()
   at TreeSharp.Composite.Tick(Object context)
[20:13:02.434] [D] System.NullReferenceException: Object reference not set to an instance of an object.
   at Singular.ClassSpecific.Paladin.Retribution.<>c.<CreateRetributionPaladinInstancePullAndCombat>b__4_14(Object ret)
   at Singular.Helpers.Spell.<>c__DisplayClass18_0.<Cast>b__0(Object ret)
   at TreeSharp.Decorator.Execute(Object context)+MoveNext()
   at TreeSharp.Composite.Tick(Object context)
[20:13:02.441] [D] System.NullReferenceException: Object reference not set to an instance of an object.
   at Singular.ClassSpecific.Paladin.Retribution.<>c.<CreateRetributionPaladinInstancePullAndCombat>b__4_16(Object ret)
   at Singular.Helpers.Spell.<>c__DisplayClass18_0.<Cast>b__0(Object ret)
   at TreeSharp.Decorator.Execute(Object context)+MoveNext()
   at TreeSharp.Composite.Tick(Object context)
[20:13:02.506] [D] System.NullReferenceException: Object reference not set to an instance of an object.
   at Singular.Helpers.Unit.IsBoss(WoWUnit unit)
   at Singular.ClassSpecific.Paladin.Retribution.<>c.<CreateRetributionPaladinInstancePullAndCombat>b__4_7(Object ret)
   at Singular.Helpers.Spell.<>c__DisplayClass18_0.<Cast>b__0(Object ret)
   at TreeSharp.Decorator.Execute(Object context)+MoveNext()
   at TreeSharp.Composite.Tick(Object context)
[20:13:02.506] [D] System.NullReferenceException: Object reference not set to an instance of an object.
   at Singular.ClassSpecific.Paladin.Retribution.<>c.<CreateRetributionPaladinInstancePullAndCombat>b__4_12(Object ret)
   at Singular.Helpers.Spell.<>c__DisplayClass18_0.<Cast>b__0(Object ret)
   at TreeSharp.Decorator.Execute(Object context)+MoveNext()
   at TreeSharp.Composite.Tick(Object context)
[20:13:02.513] [D] System.NullReferenceException: Object reference not set to an instance of an object.
   at Singular.ClassSpecific.Paladin.Retribution.<>c.<CreateRetributionPaladinInstancePullAndCombat>b__4_14(Object ret)
   at Singular.Helpers.Spell.<>c__DisplayClass18_0.<Cast>b__0(Object ret)
   at TreeSharp.Decorator.Execute(Object context)+MoveNext()
   at TreeSharp.Composite.Tick(Object context)
[20:13:02.520] [D] System.NullReferenceException: Object reference not set to an instance of an object.
   at Singular.ClassSpecific.Paladin.Retribution.<>c.<CreateRetributionPaladinInstancePullAndCombat>b__4_16(Object ret)
   at Singular.Helpers.Spell.<>c__DisplayClass18_0.<Cast>b__0(Object ret)
   at TreeSharp.Decorator.Execute(Object context)+MoveNext()
   at TreeSharp.Composite.Tick(Object context)
[20:13:02.589] [D] System.NullReferenceException: Object reference not set to an instance of an object.
   at Singular.Helpers.Unit.IsBoss(WoWUnit unit)
   at Singular.ClassSpecific.Paladin.Retribution.<>c.<CreateRetributionPaladinInstancePullAndCombat>b__4_7(Object ret)
   at Singular.Helpers.Spell.<>c__DisplayClass18_0.<Cast>b__0(Object ret)
   at TreeSharp.Decorator.Execute(Object context)+MoveNext()
   at TreeSharp.Composite.Tick(Object context)
[20:13:02.589] [D] System.NullReferenceException: Object reference not set to an instance of an object.
   at Singular.ClassSpecific.Paladin.Retribution.<>c.<CreateRetributionPaladinInstancePullAndCombat>b__4_12(Object ret)
   at Singular.Helpers.Spell.<>c__DisplayClass18_0.<Cast>b__0(Object ret)
   at TreeSharp.Decorator.Execute(Object context)+MoveNext()
   at TreeSharp.Composite.Tick(Object context)
[20:13:02.596] [D] System.NullReferenceException: Object reference not set to an instance of an object.
   at Singular.ClassSpecific.Paladin.Retribution.<>c.<CreateRetributionPaladinInstancePullAndCombat>b__4_14(Object ret)
   at Singular.Helpers.Spell.<>c__DisplayClass18_0.<Cast>b__0(Object ret)
   at TreeSharp.Decorator.Execute(Object context)+MoveNext()
   at TreeSharp.Composite.Tick(Object context)
[20:13:02.603] [D] System.NullReferenceException: Object reference not set to an instance of an object.
   at Singular.ClassSpecific.Paladin.Retribution.<>c.<CreateRetributionPaladinInstancePullAndCombat>b__4_16(Object ret)
   at Singular.Helpers.Spell.<>c__DisplayClass18_0.<Cast>b__0(Object ret)
   at TreeSharp.Decorator.Execute(Object context)+MoveNext()
   at TreeSharp.Composite.Tick(Object context)
[20:13:02.673] [D] System.NullReferenceException: Object reference not set to an instance of an object.
   at Singular.Helpers.Unit.IsBoss(WoWUnit unit)
   at Singular.ClassSpecific.Paladin.Retribution.<>c.<CreateRetributionPaladinInstancePullAndCombat>b__4_7(Object ret)
   at Singular.Helpers.Spell.<>c__DisplayClass18_0.<Cast>b__0(Object ret)
   at TreeSharp.Decorator.Execute(Object context)+MoveNext()
   at TreeSharp.Composite.Tick(Object context)
[20:13:02.673] [D] System.NullReferenceException: Object reference not set to an instance of an object.
   at Singular.ClassSpecific.Paladin.Retribution.<>c.<CreateRetributionPaladinInstancePullAndCombat>b__4_12(Object ret)
   at Singular.Helpers.Spell.<>c__DisplayClass18_0.<Cast>b__0(Object ret)
   at TreeSharp.Decorator.Execute(Object context)+MoveNext()
   at TreeSharp.Composite.Tick(Object context)
[20:13:02.680] [D] System.NullReferenceException: Object reference not set to an instance of an object.
   at Singular.ClassSpecific.Paladin.Retribution.<>c.<CreateRetributionPaladinInstancePullAndCombat>b__4_14(Object ret)
   at Singular.Helpers.Spell.<>c__DisplayClass18_0.<Cast>b__0(Object ret)
   at TreeSharp.Decorator.Execute(Object context)+MoveNext()
   at TreeSharp.Composite.Tick(Object context)
[20:13:02.687] [D] System.NullReferenceException: Object reference not set to an instance of an object.
   at Singular.ClassSpecific.Paladin.Retribution.<>c.<CreateRetributionPaladinInstancePullAndCombat>b__4_16(Object ret)
   at Singular.Helpers.Spell.<>c__DisplayClass18_0.<Cast>b__0(Object ret)
   at TreeSharp.Decorator.Execute(Object context)+MoveNext()
   at TreeSharp.Composite.Tick(Object context)
[20:13:02.751] [D] System.NullReferenceException: Object reference not set to an instance of an object.
   at Singular.Helpers.Unit.IsBoss(WoWUnit unit)
   at Singular.ClassSpecific.Paladin.Retribution.<>c.<CreateRetributionPaladinInstancePullAndCombat>b__4_7(Object ret)
   at Singular.Helpers.Spell.<>c__DisplayClass18_0.<Cast>b__0(Object ret)
   at TreeSharp.Decorator.Execute(Object context)+MoveNext()
   at TreeSharp.Composite.Tick(Object context)
[20:13:02.752] [D] System.NullReferenceException: Object reference not set to an instance of an object.
   at Singular.ClassSpecific.Paladin.Retribution.<>c.<CreateRetributionPaladinInstancePullAndCombat>b__4_12(Object ret)
   at Singular.Helpers.Spell.<>c__DisplayClass18_0.<Cast>b__0(Object ret)
   at TreeSharp.Decorator.Execute(Object context)+MoveNext()
   at TreeSharp.Composite.Tick(Object context)
[20:13:02.759] [D] System.NullReferenceException: Object reference not set to an instance of an object.
   at Singular.ClassSpecific.Paladin.Retribution.<>c.<CreateRetributionPaladinInstancePullAndCombat>b__4_14(Object ret)
   at Singular.Helpers.Spell.<>c__DisplayClass18_0.<Cast>b__0(Object ret)
   at TreeSharp.Decorator.Execute(Object context)+MoveNext()
   at TreeSharp.Composite.Tick(Object context)
[20:13:02.766] [D] System.NullReferenceException: Object reference not set to an instance of an object.
   at Singular.ClassSpecific.Paladin.Retribution.<>c.<CreateRetributionPaladinInstancePullAndCombat>b__4_16(Object ret)
   at Singular.Helpers.Spell.<>c__DisplayClass18_0.<Cast>b__0(Object ret)
   at TreeSharp.Decorator.Execute(Object context)+MoveNext()
   at TreeSharp.Composite.Tick(Object context)
[20:13:02.838] [D] System.NullReferenceException: Object reference not set to an instance of an object.
   at Singular.Helpers.Unit.IsBoss(WoWUnit unit)
   at Singular.ClassSpecific.Paladin.Retribution.<>c.<CreateRetributionPaladinInstancePullAndCombat>b__4_7(Object ret)
   at Singular.Helpers.Spell.<>c__DisplayClass18_0.<Cast>b__0(Object ret)
   at TreeSharp.Decorator.Execute(Object context)+MoveNext()
   at TreeSharp.Composite.Tick(Object context)
[20:13:02.839] [D] System.NullReferenceException: Object reference not set to an instance of an object.
   at Singular.ClassSpecific.Paladin.Retribution.<>c.<CreateRetributionPaladinInstancePullAndCombat>b__4_12(Object ret)
   at Singular.Helpers.Spell.<>c__DisplayClass18_0.<Cast>b__0(Object ret)
   at TreeSharp.Decorator.Execute(Object context)+MoveNext()
   at TreeSharp.Composite.Tick(Object context)
[20:13:02.845] [D] System.NullReferenceException: Object reference not set to an instance of an object.
   at Singular.ClassSpecific.Paladin.Retribution.<>c.<CreateRetributionPaladinInstancePullAndCombat>b__4_14(Object ret)
   at Singular.Helpers.Spell.<>c__DisplayClass18_0.<Cast>b__0(Object ret)
   at TreeSharp.Decorator.Execute(Object context)+MoveNext()
   at TreeSharp.Composite.Tick(Object context)
[20:13:02.852] [D] System.NullReferenceException: Object reference not set to an instance of an object.
   at Singular.ClassSpecific.Paladin.Retribution.<>c.<CreateRetributionPaladinInstancePullAndCombat>b__4_16(Object ret)
   at Singular.Helpers.Spell.<>c__DisplayClass18_0.<Cast>b__0(Object ret)
   at TreeSharp.Decorator.Execute(Object context)+MoveNext()
   at TreeSharp.Composite.Tick(Object context)
[20:13:02.920] [D] System.NullReferenceException: Object reference not set to an instance of an object.
   at Singular.Helpers.Unit.IsBoss(WoWUnit unit)
   at Singular.ClassSpecific.Paladin.Retribution.<>c.<CreateRetributionPaladinInstancePullAndCombat>b__4_7(Object ret)
   at Singular.Helpers.Spell.<>c__DisplayClass18_0.<Cast>b__0(Object ret)
   at TreeSharp.Decorator.Execute(Object context)+MoveNext()
   at TreeSharp.Composite.Tick(Object context)
[20:13:02.920] [D] System.NullReferenceException: Object reference not set to an instance of an object.
   at Singular.ClassSpecific.Paladin.Retribution.<>c.<CreateRetributionPaladinInstancePullAndCombat>b__4_12(Object ret)
   at Singular.Helpers.Spell.<>c__DisplayClass18_0.<Cast>b__0(Object ret)
   at TreeSharp.Decorator.Execute(Object context)+MoveNext()
   at TreeSharp.Composite.Tick(Object context)
[20:13:02.928] [D] System.NullReferenceException: Object reference not set to an instance of an object.
   at Singular.ClassSpecific.Paladin.Retribution.<>c.<CreateRetributionPaladinInstancePullAndCombat>b__4_14(Object ret)
   at Singular.Helpers.Spell.<>c__DisplayClass18_0.<Cast>b__0(Object ret)
   at TreeSharp.Decorator.Execute(Object context)+MoveNext()
   at TreeSharp.Composite.Tick(Object context)
[20:13:02.935] [D] System.NullReferenceException: Object reference not set to an instance of an object.
   at Singular.ClassSpecific.Paladin.Retribution.<>c.<CreateRetributionPaladinInstancePullAndCombat>b__4_16(Object ret)
   at Singular.Helpers.Spell.<>c__DisplayClass18_0.<Cast>b__0(Object ret)
   at TreeSharp.Decorator.Execute(Object context)+MoveNext()
   at TreeSharp.Composite.Tick(Object context)
[20:13:03.007] [D] System.NullReferenceException: Object reference not set to an instance of an object.
   at Singular.Helpers.Unit.IsBoss(WoWUnit unit)
   at Singular.ClassSpecific.Paladin.Retribution.<>c.<CreateRetributionPaladinInstancePullAndCombat>b__4_7(Object ret)
   at Singular.Helpers.Spell.<>c__DisplayClass18_0.<Cast>b__0(Object ret)
   at TreeSharp.Decorator.Execute(Object context)+MoveNext()
   at TreeSharp.Composite.Tick(Object context)
[20:13:03.007] [D] System.NullReferenceException: Object reference not set to an instance of an object.
   at Singular.ClassSpecific.Paladin.Retribution.<>c.<CreateRetributionPaladinInstancePullAndCombat>b__4_12(Object ret)
   at Singular.Helpers.Spell.<>c__DisplayClass18_0.<Cast>b__0(Object ret)
   at TreeSharp.Decorator.Execute(Object context)+MoveNext()
   at TreeSharp.Composite.Tick(Object context)
[20:13:03.014] [D] System.NullReferenceException: Object reference not set to an instance of an object.
   at Singular.ClassSpecific.Paladin.Retribution.<>c.<CreateRetributionPaladinInstancePullAndCombat>b__4_14(Object ret)
   at Singular.Helpers.Spell.<>c__DisplayClass18_0.<Cast>b__0(Object ret)
   at TreeSharp.Decorator.Execute(Object context)+MoveNext()
   at TreeSharp.Composite.Tick(Object context)
[20:13:03.022] [D] System.NullReferenceException: Object reference not set to an instance of an object.
   at Singular.ClassSpecific.Paladin.Retribution.<>c.<CreateRetributionPaladinInstancePullAndCombat>b__4_16(Object ret)
   at Singular.Helpers.Spell.<>c__DisplayClass18_0.<Cast>b__0(Object ret)
   at TreeSharp.Decorator.Execute(Object context)+MoveNext()
   at TreeSharp.Composite.Tick(Object context)
[20:13:03.091] [D] System.NullReferenceException: Object reference not set to an instance of an object.
   at Singular.Helpers.Unit.IsBoss(WoWUnit unit)
   at Singular.ClassSpecific.Paladin.Retribution.<>c.<CreateRetributionPaladinInstancePullAndCombat>b__4_7(Object ret)
   at Singular.Helpers.Spell.<>c__DisplayClass18_0.<Cast>b__0(Object ret)
   at TreeSharp.Decorator.Execute(Object context)+MoveNext()
   at TreeSharp.Composite.Tick(Object context)
[20:13:03.092] [D] System.NullReferenceException: Object reference not set to an instance of an object.
   at Singular.ClassSpecific.Paladin.Retribution.<>c.<CreateRetributionPaladinInstancePullAndCombat>b__4_12(Object ret)
   at Singular.Helpers.Spell.<>c__DisplayClass18_0.<Cast>b__0(Object ret)
   at TreeSharp.Decorator.Execute(Object context)+MoveNext()
   at TreeSharp.Composite.Tick(Object context)
[20:13:03.099] [D] System.NullReferenceException: Object reference not set to an instance of an object.
   at Singular.ClassSpecific.Paladin.Retribution.<>c.<CreateRetributionPaladinInstancePullAndCombat>b__4_14(Object ret)
   at Singular.Helpers.Spell.<>c__DisplayClass18_0.<Cast>b__0(Object ret)
   at TreeSharp.Decorator.Execute(Object context)+MoveNext()
   at TreeSharp.Composite.Tick(Object context)
[20:13:03.106] [D] System.NullReferenceException: Object reference not set to an instance of an object.
   at Singular.ClassSpecific.Paladin.Retribution.<>c.<CreateRetributionPaladinInstancePullAndCombat>b__4_16(Object ret)
   at Singular.Helpers.Spell.<>c__DisplayClass18_0.<Cast>b__0(Object ret)
   at TreeSharp.Decorator.Execute(Object context)+MoveNext()
   at TreeSharp.Composite.Tick(Object context)
[20:13:03.181] [D] System.NullReferenceException: Object reference not set to an instance of an object.
   at Singular.Helpers.Unit.IsBoss(WoWUnit unit)
   at Singular.ClassSpecific.Paladin.Retribution.<>c.<CreateRetributionPaladinInstancePullAndCombat>b__4_7(Object ret)
   at Singular.Helpers.Spell.<>c__DisplayClass18_0.<Cast>b__0(Object ret)
   at TreeSharp.Decorator.Execute(Object context)+MoveNext()
   at TreeSharp.Composite.Tick(Object context)
[20:13:03.181] [D] System.NullReferenceException: Object reference not set to an instance of an object.
   at Singular.ClassSpecific.Paladin.Retribution.<>c.<CreateRetributionPaladinInstancePullAndCombat>b__4_12(Object ret)
   at Singular.Helpers.Spell.<>c__DisplayClass18_0.<Cast>b__0(Object ret)
   at TreeSharp.Decorator.Execute(Object context)+MoveNext()
   at TreeSharp.Composite.Tick(Object context)
[20:13:03.188] [D] System.NullReferenceException: Object reference not set to an instance of an object.
   at Singular.ClassSpecific.Paladin.Retribution.<>c.<CreateRetributionPaladinInstancePullAndCombat>b__4_14(Object ret)
   at Singular.Helpers.Spell.<>c__DisplayClass18_0.<Cast>b__0(Object ret)
   at TreeSharp.Decorator.Execute(Object context)+MoveNext()
   at TreeSharp.Composite.Tick(Object context)
[20:13:03.195] [D] System.NullReferenceException: Object reference not set to an instance of an object.
   at Singular.ClassSpecific.Paladin.Retribution.<>c.<CreateRetributionPaladinInstancePullAndCombat>b__4_16(Object ret)
   at Singular.Helpers.Spell.<>c__DisplayClass18_0.<Cast>b__0(Object ret)
   at TreeSharp.Decorator.Execute(Object context)+MoveNext()
   at TreeSharp.Composite.Tick(Object context)
[20:13:03.261] [D] System.NullReferenceException: Object reference not set to an instance of an object.
   at Singular.Helpers.Unit.IsBoss(WoWUnit unit)
   at Singular.ClassSpecific.Paladin.Retribution.<>c.<CreateRetributionPaladinInstancePullAndCombat>b__4_7(Object ret)
   at Singular.Helpers.Spell.<>c__DisplayClass18_0.<Cast>b__0(Object ret)
   at TreeSharp.Decorator.Execute(Object context)+MoveNext()
   at TreeSharp.Composite.Tick(Object context)
[20:13:03.261] [D] System.NullReferenceException: Object reference not set to an instance of an object.
   at Singular.ClassSpecific.Paladin.Retribution.<>c.<CreateRetributionPaladinInstancePullAndCombat>b__4_12(Object ret)
   at Singular.Helpers.Spell.<>c__DisplayClass18_0.<Cast>b__0(Object ret)
   at TreeSharp.Decorator.Execute(Object context)+MoveNext()
   at TreeSharp.Composite.Tick(Object context)
[20:13:03.268] [D] System.NullReferenceException: Object reference not set to an instance of an object.
   at Singular.ClassSpecific.Paladin.Retribution.<>c.<CreateRetributionPaladinInstancePullAndCombat>b__4_14(Object ret)
   at Singular.Helpers.Spell.<>c__DisplayClass18_0.<Cast>b__0(Object ret)
   at TreeSharp.Decorator.Execute(Object context)+MoveNext()
   at TreeSharp.Composite.Tick(Object context)
[20:13:03.275] [D] System.NullReferenceException: Object reference not set to an instance of an object.
   at Singular.ClassSpecific.Paladin.Retribution.<>c.<CreateRetributionPaladinInstancePullAndCombat>b__4_16(Object ret)
   at Singular.Helpers.Spell.<>c__DisplayClass18_0.<Cast>b__0(Object ret)
   at TreeSharp.Decorator.Execute(Object context)+MoveNext()
   at TreeSharp.Composite.Tick(Object context)
[20:13:04.479] [D] [Pulse] Slow plugin: name=AutoEquip2 elapsed=60ms
[20:13:06.325] [D] [Pulse] Slow plugin: name=Tidy Bags 3 Reloaded elapsed=52ms
[20:13:14.576] [D] [Pulse] Slow plugin: name=AutoEquip2 elapsed=53ms
[20:13:18.224] [D] [Pulse] Slow plugin: name=Tidy Bags 3 Reloaded elapsed=21ms
[20:13:24.250] [N] [Singular] Mob is evading. Blacklisting it!
[20:13:24.251] [D] Blacklisting F13000185A00016F for 00:30:00
[20:13:24.251] [D] Cleared POI - Reason Blacklisting evading mob
[20:13:24.251] [D] Cleared POI
[20:13:24.461] [D] [Pulse] Slow shared pulse: total=211ms movement=0 objects=0 lua=159 info=0 loot=6 targeting=33 events=0 plugins=10 routine=0
[20:13:24.624] [D] [Pulse] Slow plugin: name=AutoEquip2 elapsed=49ms
[20:13:26.156] [N] [Singular] Mob is evading. Blacklisting it!
[20:13:26.156] [D] Blacklisting F13000185A00016F for 00:30:00
[20:13:26.156] [D] Cleared POI - Reason Blacklisting evading mob
[20:13:26.156] [D] Cleared POI
[20:13:26.567] [N] [Singular] Mob is evading. Blacklisting it!
[20:13:26.567] [D] Blacklisting F13000184400013B for 00:30:00
[20:13:26.567] [D] Cleared POI - Reason Blacklisting evading mob
[20:13:26.567] [D] Cleared POI
[20:13:26.727] [N] [Singular] Mob is evading. Blacklisting it!
[20:13:26.727] [D] Blacklisting F13000185A00016F for 00:30:00
[20:13:26.734] [D] Cleared POI - Reason Blacklisting evading mob
[20:13:26.734] [D] Cleared POI
[20:13:26.949] [D] [Singular-DEBUG] Switched targets!
[20:13:26.949] [D] [Singular-DEBUG] Melee Distance: 5.8333335
[20:13:26.949] [D] [Singular-DEBUG] Health: 77.08266836897542
[20:13:26.949] [D] [Singular-DEBUG] Level: 32
[20:13:27.019] [N] [Singular] Mob is evading. Blacklisting it!
[20:13:27.020] [D] Blacklisting F13000185A00016F for 00:30:00
[20:13:27.020] [D] Cleared POI - Reason Blacklisting evading mob
[20:13:27.020] [D] Cleared POI
[20:13:27.661] [N] [Singular] Mob is evading. Blacklisting it!
[20:13:27.661] [D] Blacklisting F13000185A00016F for 00:30:00
[20:13:27.661] [D] Cleared POI - Reason Blacklisting evading mob
[20:13:27.661] [D] Cleared POI
[20:13:27.949] [N] [Singular] Mob is evading. Blacklisting it!
[20:13:27.949] [D] Blacklisting F13000185A00016F for 00:30:00
[20:13:27.949] [D] Cleared POI - Reason Blacklisting evading mob
[20:13:27.949] [D] Cleared POI
[20:13:29.206] [N] [Singular] Mob is evading. Blacklisting it!
[20:13:29.206] [D] Blacklisting F13000185A00016F for 00:30:00
[20:13:29.206] [D] Cleared POI - Reason Blacklisting evading mob
[20:13:29.206] [D] Cleared POI
[20:13:29.473] [N] [Singular] Mob is evading. Blacklisting it!
[20:13:29.473] [D] Blacklisting F13000185A00016F for 00:30:00
[20:13:29.473] [D] Cleared POI - Reason Blacklisting evading mob
[20:13:29.473] [D] Cleared POI
[20:13:29.746] [N] [Singular] Mob is evading. Blacklisting it!
[20:13:29.746] [D] Blacklisting F13000185A00016F for 00:30:00
[20:13:29.746] [D] Cleared POI - Reason Blacklisting evading mob
[20:13:29.746] [D] Cleared POI
[20:13:30.906] [N] [Singular] Mob is evading. Blacklisting it!
[20:13:30.906] [D] Blacklisting F13000184400013B for 00:30:00
[20:13:30.906] [D] Cleared POI - Reason Blacklisting evading mob
[20:13:30.906] [D] Cleared POI
[20:13:31.701] [N] [Singular] Mob is evading. Blacklisting it!
[20:13:31.701] [D] Blacklisting F13000185A00016F for 00:30:00
[20:13:31.701] [D] Cleared POI - Reason Blacklisting evading mob
[20:13:31.701] [D] Cleared POI
[20:13:31.855] [N] [Singular] Mob is evading. Blacklisting it!
[20:13:31.856] [D] Blacklisting F13000185A00016F for 00:30:00
[20:13:31.856] [D] Cleared POI - Reason Blacklisting evading mob
[20:13:31.856] [D] Cleared POI
[20:13:32.009] [N] [Singular] Mob is evading. Blacklisting it!
[20:13:32.009] [D] Blacklisting F13000185A00016F for 00:30:00
[20:13:32.009] [D] Cleared POI - Reason Blacklisting evading mob
[20:13:32.009] [D] Cleared POI
[20:13:32.415] [N] [Singular] Mob is evading. Blacklisting it!
[20:13:32.415] [D] Blacklisting F13000184400013B for 00:30:00
[20:13:32.415] [D] Cleared POI - Reason Blacklisting evading mob
[20:13:32.415] [D] Cleared POI
[20:13:32.863] [D] [Singular-DEBUG] Switched targets!
[20:13:32.863] [D] [Singular-DEBUG] Melee Distance: 5.8333335
[20:13:32.863] [D] [Singular-DEBUG] Health: 77.08266836897542
[20:13:32.863] [D] [Singular-DEBUG] Level: 32
[20:13:33.798] [N] [Singular] Mob is evading. Blacklisting it!
[20:13:33.798] [D] Blacklisting F13000185A00016F for 00:30:00
[20:13:33.804] [D] Cleared POI - Reason Blacklisting evading mob
[20:13:33.804] [D] Cleared POI
[20:13:34.091] [N] [Singular] Mob is evading. Blacklisting it!
[20:13:34.091] [D] Blacklisting F13000184400013B for 00:30:00
[20:13:34.091] [D] Cleared POI - Reason Blacklisting evading mob
[20:13:34.091] [D] Cleared POI
[20:13:34.256] [N] [Singular] Mob is evading. Blacklisting it!
[20:13:34.256] [D] Blacklisting F13000185A00016F for 00:30:00
[20:13:34.256] [D] Cleared POI - Reason Blacklisting evading mob
[20:13:34.256] [D] Cleared POI
[20:13:34.410] [N] [Singular] Mob is evading. Blacklisting it!
[20:13:34.410] [D] Blacklisting F13000185A000175 for 00:30:00
[20:13:34.410] [D] Cleared POI - Reason Blacklisting evading mob
[20:13:34.410] [D] Cleared POI
[20:13:34.643] [D] [Pulse] Slow plugin: name=AutoEquip2 elapsed=43ms
[20:13:34.655] [D] [Pulse] Slow shared pulse: total=565ms movement=0 objects=0 lua=473 info=0 loot=4 targeting=31 events=0 plugins=55 routine=0
[20:13:34.709] [N] [Singular] Mob is evading. Blacklisting it!
[20:13:34.709] [D] Blacklisting F13000184400013B for 00:30:00
[20:13:34.709] [D] Cleared POI - Reason Blacklisting evading mob
[20:13:34.709] [D] Cleared POI
[20:13:35.241] [D] [Singular-DEBUG] Switched targets!
[20:13:35.241] [D] [Singular-DEBUG] Melee Distance: 5
[20:13:35.241] [D] [Singular-DEBUG] Health: 98.125
[20:13:35.241] [D] [Singular-DEBUG] Level: 27
[20:13:35.271] [N] [Singular] Casting Exorcism on Dark Iron Agent
[20:13:35.272] [D] Spell_C::CastSpell(879, 0, 0xF13000184400013B, 0)
[20:13:37.623] [N] [Singular] Casting Judgement of Light on Dark Iron Agent
[20:13:37.623] [D] Spell_C::CastSpell(20271, 0, 0xF13000184400013B, 0)
[20:13:39.197] [N] [Singular] Casting Consecration on Dark Iron Agent
[20:13:39.197] [D] Spell_C::CastSpell(26573, 0, 0xF13000184400013B, 0)
[20:13:45.965] [N] [Singular] Casting Judgement of Light on Dark Iron Agent
[20:13:45.965] [D] Spell_C::CastSpell(20271, 0, 0xF13000184400013B, 0)
[20:13:47.567] [N] [Singular] Casting Consecration on Dark Iron Agent
[20:13:47.567] [D] Spell_C::CastSpell(26573, 0, 0xF13000184400013B, 0)
[20:13:51.553] [N] [Singular] Currect target is invalid. Switching to Dark Iron Land Mine!
[20:13:51.563] [D] [Pulse] Slow bot root: 202ms bot=Combat Bot poi=None combat=True
[20:13:51.872] [D] [Singular-DEBUG] Switched targets!
[20:13:51.872] [D] [Singular-DEBUG] Melee Distance: 5
[20:13:51.872] [D] [Singular-DEBUG] Health: 100
[20:13:51.872] [D] [Singular-DEBUG] Level: 32
[20:13:54.280] [V] We are stuck! (TPS: 7.8, Latency: 0, loc: (-713.81, 530.85, -283.87))!
[20:13:54.288] [D] Nearest game object, distance 26.78 yards, entry 142344, type Chest, name Artificial Extrapolator
[20:13:54.298] [V] Trying jump
[20:13:54.316] [D] [Pulse] Slow bot root: 102ms bot=Combat Bot poi=None combat=True
[20:13:54.412] [N] [Singular] Casting Exorcism on Dark Iron Land Mine
[20:13:54.412] [D] Spell_C::CastSpell(879, 0, 0xF130001F6300019E, 0)
[20:13:54.421] [D] Flushing timed movement. Direction: Forward, JumpAscend
[20:13:54.719] [N] [Singular] Casting Judgement of Light on Mechanized Guardian
[20:13:54.719] [D] Spell_C::CastSpell(20271, 0, 0xF13000185A000175, 0)
[20:13:54.786] [D] [Singular-DEBUG] Switched targets!
[20:13:54.786] [D] [Singular-DEBUG] Melee Distance: 5.8333335
[20:13:54.786] [D] [Singular-DEBUG] Health: 58.34663262049154
[20:13:54.786] [D] [Singular-DEBUG] Level: 32
[20:13:55.764] [D] [Singular-DEBUG] Mechanized Guardian is immune to Nature spell school
[20:13:56.290] [N] [Singular] Casting Exorcism on Mechanized Guardian
[20:13:56.290] [D] Spell_C::CastSpell(879, 0, 0xF13000185A000175, 0)
[20:13:57.051] [D] [Pulse] Slow plugin: name=Tidy Bags 3 Reloaded elapsed=20ms
[20:13:59.840] [D] [Singular-DEBUG] Switched targets!
[20:13:59.840] [D] [Singular-DEBUG] Melee Distance: 5.8333335
[20:13:59.840] [D] [Singular-DEBUG] Health: 5.617618895627194
[20:13:59.840] [D] [Singular-DEBUG] Level: 32
[20:14:03.090] [N] [Singular] Casting Judgement of Light on Mechanized Guardian
[20:14:03.090] [D] Spell_C::CastSpell(20271, 0, 0xF13000185A00016F, 0)
[20:14:05.829] [N] [Singular] Currect target is invalid. Switching to Dark Iron Land Mine!
[20:14:06.150] [D] [Singular-DEBUG] Switched targets!
[20:14:06.150] [D] [Singular-DEBUG] Melee Distance: 5
[20:14:06.150] [D] [Singular-DEBUG] Health: 100
[20:14:06.150] [D] [Singular-DEBUG] Level: 32
[20:14:07.154] [D] [Pulse] Slow plugin: name=Tidy Bags 3 Reloaded elapsed=22ms
[20:14:07.327] [N] Drinking Melon Juice
[20:14:08.819] [N] [AutoEquip]: Loot roll in progress
[20:14:08.844] [N] [AutoEquip]: Rolling Greed
[20:14:14.487] [N] Drinking Melon Juice
[20:14:14.945] [D] [Pulse] Slow plugin: name=AutoEquip2 elapsed=57ms
[20:14:19.492] [N] Drinking Melon Juice
[20:14:25.009] [D] [Pulse] Slow plugin: name=AutoEquip2 elapsed=51ms
[20:14:35.107] [D] [Pulse] Slow plugin: name=AutoEquip2 elapsed=50ms
[20:14:39.623] [D] [Singular-DEBUG] Switched targets!
[20:14:39.623] [D] [Singular-DEBUG] Melee Distance: 5.8333335
[20:14:39.623] [D] [Singular-DEBUG] Health: 83.66867873910128
[20:14:39.623] [D] [Singular-DEBUG] Level: 31
[20:14:40.175] [D] [Singular-DEBUG] Mechanized Guardian is immune to Nature spell school
[20:14:40.437] [N] [Singular] Casting Judgement of Light on Mechanized Guardian
[20:14:40.437] [D] Spell_C::CastSpell(20271, 0, 0xF13000185A000171, 0)
[20:14:40.445] [D] [Pulse] Slow bot root: 118ms bot=Combat Bot poi=None combat=True
[20:14:41.970] [N] [Singular] Casting Exorcism on Mechanized Guardian
[20:14:41.970] [D] Spell_C::CastSpell(879, 0, 0xF13000185A000171, 0)
[20:14:42.744] [D] [Pulse] Slow plugin: name=Tidy Bags 3 Reloaded elapsed=21ms
[20:14:45.967] [N] [Singular] Casting Hammer of Justice on Mechanized Guardian
[20:14:45.967] [D] Spell_C::CastSpell(5588, 0, 0xF13000185A000171, 0)
[20:14:48.736] [N] [Singular] Casting Judgement of Light on Mechanized Guardian
[20:14:48.736] [D] Spell_C::CastSpell(20271, 0, 0xF13000185A000171, 0)
[20:14:57.073] [N] [Singular] Casting Judgement of Light on Mechanized Guardian
[20:14:57.073] [D] Spell_C::CastSpell(20271, 0, 0xF13000185A000171, 0)
[20:14:57.594] [N] [Singular] Currect target is invalid. Switching to Dark Iron Land Mine!
[20:14:57.930] [D] [Singular-DEBUG] Switched targets!
[20:14:57.930] [D] [Singular-DEBUG] Melee Distance: 5
[20:14:57.930] [D] [Singular-DEBUG] Health: 100
[20:14:57.930] [D] [Singular-DEBUG] Level: 33
[20:14:58.206] [D] [Pulse] Slow bot root: 103ms bot=Combat Bot poi=None combat=True
[20:14:58.566] [N] Stopping the bot!
[20:14:58.568] [N] Bot stopping! Reason: User request
[20:14:58.570] [D] Exception in GetReturnValues: Thread was interrupted from a waiting state.
[20:14:58.637] [D] [Pulse] Slow bot root: 134ms bot=Combat Bot poi=None combat=True
[20:14:58.637] [D] Cleared POI
[20:14:58.645] [D] [Blackspot] Restored 9 polygons at (-511.52, 451.38, -273.08) (radius 3)
[20:14:58.645] [D] Worker thread exited cleanly
[20:15:15.782] [D] [Settings] Saved all settings
[20:15:15.783] [N] Starting the bot.
[20:15:15.785] [N] Currently Using BotBase : Combat Bot
[20:15:15.787] [N] Character is a level 27 BloodElf Paladin
[20:15:15.788] [N] Current zone is Gnomeregan
[20:15:15.789] [D] Loading profile from D:\World of Warcraft 3.3.5a\CB\Bots\WholesomeAutoQuest\WHOLESOME_AUTOQUESTER.xml
[20:15:15.789] [D] [CompileBatch] Compiling 1 entries...
[20:15:15.862] [D] [CompileBatch] Compiled successfully.
[20:15:15.862] [N] Profile loaded: WholesomeAQ - Thousand Needles
[20:15:16.279] [D] [QuestLog] Loaded 76 completed quests from Lua fallback
[20:15:16.313] [D] Selected sub-profile: WholesomeAQ - Thousand Needles (L1-80)
[20:15:16.378] [D] Setting CVars: autoSelfCast=1, autoLootDefault=1
[20:15:16.444] [D] Cleared POI
[20:15:16.444] [D] Refresh() called. LastCount=0, CurrentCount=34
[20:15:16.444] [N] Building spell book
[20:15:16.446] [D] Found 34 spells from LocalPlayer.KnownSpells
[20:15:16.446] [N] Adding Arcane Affinity
[20:15:16.448] [N] Adding Arcane Torrent
[20:15:16.449] [N] Adding Auto Attack
[20:15:16.451] [N] Adding Block
[20:15:16.452] [N] Adding Dodge
[20:15:16.454] [N] Adding Magic Resistance
[20:15:16.455] [N] Adding Parry
[20:15:16.457] [N] Adding Blessing of Wisdom
[20:15:16.458] [N] Adding Concentration Aura
[20:15:16.460] [N] Adding Consecration
[20:15:16.462] [N] Adding Exorcism
[20:15:16.468] [N] Adding Flash of Light
[20:15:16.469] [N] Adding Holy Light
[20:15:16.471] [N] Adding Lay on Hands
[20:15:16.472] [N] Adding Purify
[20:15:16.474] [N] Adding Seal of Righteousness
[20:15:16.476] [N] Adding Sense Undead
[20:15:16.477] [N] Adding Turn Evil
[20:15:16.479] [N] Adding Blessing of Kings
[20:15:16.480] [N] Adding Devotion Aura
[20:15:16.482] [N] Adding Divine Protection
[20:15:16.483] [N] Adding Hammer of Justice
[20:15:16.485] [N] Adding Hand of Freedom
[20:15:16.486] [N] Adding Hand of Protection
[20:15:16.488] [N] Adding Hand of Reckoning
[20:15:16.489] [N] Adding Hand of Salvation
[20:15:16.491] [N] Adding Righteous Defense
[20:15:16.492] [N] Adding Righteous Fury
[20:15:16.494] [N] Adding Seal of Justice
[20:15:16.495] [N] Adding Blessing of Might
[20:15:16.497] [N] Adding Judgement of Light
[20:15:16.498] [N] Adding Judgement of Wisdom
[20:15:16.500] [N] Adding Retribution Aura
[20:15:16.501] [N] Adding Seal of Command
[20:15:16.503] [N] Spell book built
[20:15:16.505] [D] [SpellManager] Initialize — subscribed to BotEvents.OnBotStart
[20:15:16.505] [D] Default area costs set (Road=1.0, Ground=1.66)
[20:15:16.505] [D] Faction filter set: Horde (excluding Alliance paths)
[20:15:16.505] [D] Refresh() called. LastCount=0, CurrentCount=34
[20:15:16.505] [N] Building spell book
[20:15:16.507] [D] Found 34 spells from LocalPlayer.KnownSpells
[20:15:16.507] [N] Adding Arcane Affinity
[20:15:16.508] [N] Adding Arcane Torrent
[20:15:16.510] [N] Adding Auto Attack
[20:15:16.514] [N] Adding Block
[20:15:16.516] [N] Adding Dodge
[20:15:16.517] [N] Adding Magic Resistance
[20:15:16.519] [N] Adding Parry
[20:15:16.520] [N] Adding Blessing of Wisdom
[20:15:16.522] [N] Adding Concentration Aura
[20:15:16.523] [N] Adding Consecration
[20:15:16.525] [N] Adding Exorcism
[20:15:16.527] [N] Adding Flash of Light
[20:15:16.528] [N] Adding Holy Light
[20:15:16.530] [N] Adding Lay on Hands
[20:15:16.531] [N] Adding Purify
[20:15:16.533] [N] Adding Seal of Righteousness
[20:15:16.534] [N] Adding Sense Undead
[20:15:16.536] [N] Adding Turn Evil
[20:15:16.537] [N] Adding Blessing of Kings
[20:15:16.539] [N] Adding Devotion Aura
[20:15:16.541] [N] Adding Divine Protection
[20:15:16.542] [N] Adding Hammer of Justice
[20:15:16.544] [N] Adding Hand of Freedom
[20:15:16.545] [N] Adding Hand of Protection
[20:15:16.547] [N] Adding Hand of Reckoning
[20:15:16.548] [N] Adding Hand of Salvation
[20:15:16.550] [N] Adding Righteous Defense
[20:15:16.552] [N] Adding Righteous Fury
[20:15:16.554] [N] Adding Seal of Justice
[20:15:16.555] [N] Adding Blessing of Might
[20:15:16.557] [N] Adding Judgement of Light
[20:15:16.558] [N] Adding Judgement of Wisdom
[20:15:16.560] [N] Adding Retribution Aura
[20:15:16.562] [N] Adding Seal of Command
[20:15:16.563] [N] Spell book built
[20:15:16.565] [D] [SpellManager] Subscribed to LEARNED_SPELL_IN_TAB, ACTIVE_TALENT_GROUP_CHANGED
[20:15:16.565] [D] Refresh() called. LastCount=0, CurrentCount=34
[20:15:16.565] [N] Building spell book
[20:15:16.567] [D] Found 34 spells from LocalPlayer.KnownSpells
[20:15:16.567] [N] Adding Arcane Affinity
[20:15:16.569] [N] Adding Arcane Torrent
[20:15:16.570] [N] Adding Auto Attack
[20:15:16.572] [N] Adding Block
[20:15:16.573] [N] Adding Dodge
[20:15:16.575] [N] Adding Magic Resistance
[20:15:16.577] [N] Adding Parry
[20:15:16.578] [N] Adding Blessing of Wisdom
[20:15:16.580] [N] Adding Concentration Aura
[20:15:16.581] [N] Adding Consecration
[20:15:16.583] [N] Adding Exorcism
[20:15:16.585] [N] Adding Flash of Light
[20:15:16.586] [N] Adding Holy Light
[20:15:16.588] [N] Adding Lay on Hands
[20:15:16.590] [N] Adding Purify
[20:15:16.591] [N] Adding Seal of Righteousness
[20:15:16.593] [N] Adding Sense Undead
[20:15:16.595] [N] Adding Turn Evil
[20:15:16.596] [N] Adding Blessing of Kings
[20:15:16.598] [N] Adding Devotion Aura
[20:15:16.600] [N] Adding Divine Protection
[20:15:16.601] [N] Adding Hammer of Justice
[20:15:16.603] [N] Adding Hand of Freedom
[20:15:16.605] [N] Adding Hand of Protection
[20:15:16.606] [N] Adding Hand of Reckoning
[20:15:16.608] [N] Adding Hand of Salvation
[20:15:16.609] [N] Adding Righteous Defense
[20:15:16.611] [N] Adding Righteous Fury
[20:15:16.613] [N] Adding Seal of Justice
[20:15:16.614] [N] Adding Blessing of Might
[20:15:16.616] [N] Adding Judgement of Light
[20:15:16.618] [N] Adding Judgement of Wisdom
[20:15:16.619] [N] Adding Retribution Aura
[20:15:16.621] [N] Adding Seal of Command
[20:15:16.623] [N] Spell book built
[20:15:16.625] [D] [SpellManager] Subscribed to LEARNED_SPELL_IN_TAB, ACTIVE_TALENT_GROUP_CHANGED
[20:15:16.625] [D] Refresh() called. LastCount=0, CurrentCount=34
[20:15:16.625] [N] Building spell book
[20:15:16.627] [D] Found 34 spells from LocalPlayer.KnownSpells
[20:15:16.627] [N] Adding Arcane Affinity
[20:15:16.629] [N] Adding Arcane Torrent
[20:15:16.631] [N] Adding Auto Attack
[20:15:16.632] [N] Adding Block
[20:15:16.634] [N] Adding Dodge
[20:15:16.636] [N] Adding Magic Resistance
[20:15:16.637] [N] Adding Parry
[20:15:16.639] [N] Adding Blessing of Wisdom
[20:15:16.641] [N] Adding Concentration Aura
[20:15:16.642] [N] Adding Consecration
[20:15:16.644] [N] Adding Exorcism
[20:15:16.646] [N] Adding Flash of Light
[20:15:16.647] [N] Adding Holy Light
[20:15:16.649] [N] Adding Lay on Hands
[20:15:16.651] [N] Adding Purify
[20:15:16.652] [N] Adding Seal of Righteousness
[20:15:16.654] [N] Adding Sense Undead
[20:15:16.656] [N] Adding Turn Evil
[20:15:16.657] [N] Adding Blessing of Kings
[20:15:16.659] [N] Adding Devotion Aura
[20:15:16.661] [N] Adding Divine Protection
[20:15:16.663] [N] Adding Hammer of Justice
[20:15:16.665] [N] Adding Hand of Freedom
[20:15:16.666] [N] Adding Hand of Protection
[20:15:16.668] [N] Adding Hand of Reckoning
[20:15:16.670] [N] Adding Hand of Salvation
[20:15:16.671] [N] Adding Righteous Defense
[20:15:16.673] [N] Adding Righteous Fury
[20:15:16.675] [N] Adding Seal of Justice
[20:15:16.676] [N] Adding Blessing of Might
[20:15:16.678] [N] Adding Judgement of Light
[20:15:16.680] [N] Adding Judgement of Wisdom
[20:15:16.681] [N] Adding Retribution Aura
[20:15:16.683] [N] Adding Seal of Command
[20:15:16.685] [N] Spell book built
[20:15:16.687] [D] [SpellManager] Subscribed to LEARNED_SPELL_IN_TAB, ACTIVE_TALENT_GROUP_CHANGED
[20:15:16.687] [D] Refresh() called. LastCount=0, CurrentCount=34
[20:15:16.687] [N] Building spell book
[20:15:16.689] [D] Found 34 spells from LocalPlayer.KnownSpells
[20:15:16.689] [N] Adding Arcane Affinity
[20:15:16.691] [N] Adding Arcane Torrent
[20:15:16.692] [N] Adding Auto Attack
[20:15:16.694] [N] Adding Block
[20:15:16.696] [N] Adding Dodge
[20:15:16.697] [N] Adding Magic Resistance
[20:15:16.700] [N] Adding Parry
[20:15:16.701] [N] Adding Blessing of Wisdom
[20:15:16.703] [N] Adding Concentration Aura
[20:15:16.704] [N] Adding Consecration
[20:15:16.706] [N] Adding Exorcism
[20:15:16.708] [N] Adding Flash of Light
[20:15:16.709] [N] Adding Holy Light
[20:15:16.711] [N] Adding Lay on Hands
[20:15:16.713] [N] Adding Purify
[20:15:16.715] [N] Adding Seal of Righteousness
[20:15:16.716] [N] Adding Sense Undead
[20:15:16.718] [N] Adding Turn Evil
[20:15:16.720] [N] Adding Blessing of Kings
[20:15:16.721] [N] Adding Devotion Aura
[20:15:16.723] [N] Adding Divine Protection
[20:15:16.725] [N] Adding Hammer of Justice
[20:15:16.726] [N] Adding Hand of Freedom
[20:15:16.728] [N] Adding Hand of Protection
[20:15:16.730] [N] Adding Hand of Reckoning
[20:15:16.732] [N] Adding Hand of Salvation
[20:15:16.733] [N] Adding Righteous Defense
[20:15:16.736] [N] Adding Righteous Fury
[20:15:16.737] [N] Adding Seal of Justice
[20:15:16.739] [N] Adding Blessing of Might
[20:15:16.741] [N] Adding Judgement of Light
[20:15:16.742] [N] Adding Judgement of Wisdom
[20:15:16.744] [N] Adding Retribution Aura
[20:15:16.746] [N] Adding Seal of Command
[20:15:16.748] [N] Spell book built
[20:15:16.750] [D] [SpellManager] Subscribed to LEARNED_SPELL_IN_TAB, ACTIVE_TALENT_GROUP_CHANGED
[20:15:16.750] [D] Refresh() called. LastCount=0, CurrentCount=34
[20:15:16.750] [N] Building spell book
[20:15:16.752] [D] Found 34 spells from LocalPlayer.KnownSpells
[20:15:16.752] [N] Adding Arcane Affinity
[20:15:16.754] [N] Adding Arcane Torrent
[20:15:16.755] [N] Adding Auto Attack
[20:15:16.757] [N] Adding Block
[20:15:16.759] [N] Adding Dodge
[20:15:16.760] [N] Adding Magic Resistance
[20:15:16.762] [N] Adding Parry
[20:15:16.764] [N] Adding Blessing of Wisdom
[20:15:16.766] [N] Adding Concentration Aura
[20:15:16.767] [N] Adding Consecration
[20:15:16.769] [N] Adding Exorcism
[20:15:16.771] [N] Adding Flash of Light
[20:15:16.773] [N] Adding Holy Light
[20:15:16.775] [N] Adding Lay on Hands
[20:15:16.776] [N] Adding Purify
[20:15:16.778] [N] Adding Seal of Righteousness
[20:15:16.780] [N] Adding Sense Undead
[20:15:16.782] [N] Adding Turn Evil
[20:15:16.783] [N] Adding Blessing of Kings
[20:15:16.785] [N] Adding Devotion Aura
[20:15:16.787] [N] Adding Divine Protection
[20:15:16.788] [N] Adding Hammer of Justice
[20:15:16.790] [N] Adding Hand of Freedom
[20:15:16.792] [N] Adding Hand of Protection
[20:15:16.794] [N] Adding Hand of Reckoning
[20:15:16.795] [N] Adding Hand of Salvation
[20:15:16.797] [N] Adding Righteous Defense
[20:15:16.799] [N] Adding Righteous Fury
[20:15:16.800] [N] Adding Seal of Justice
[20:15:16.802] [N] Adding Blessing of Might
[20:15:16.804] [N] Adding Judgement of Light
[20:15:16.806] [N] Adding Judgement of Wisdom
[20:15:16.808] [N] Adding Retribution Aura
[20:15:16.810] [N] Adding Seal of Command
[20:15:16.812] [N] Spell book built
[20:15:16.814] [D] [SpellManager] Subscribed to LEARNED_SPELL_IN_TAB, ACTIVE_TALENT_GROUP_CHANGED
[20:15:16.814] [D] Refresh() called. LastCount=0, CurrentCount=34
[20:15:16.814] [N] Building spell book
[20:15:16.816] [D] Found 34 spells from LocalPlayer.KnownSpells
[20:15:16.816] [N] Adding Arcane Affinity
[20:15:16.818] [N] Adding Arcane Torrent
[20:15:16.819] [N] Adding Auto Attack
[20:15:16.821] [N] Adding Block
[20:15:16.823] [N] Adding Dodge
[20:15:16.825] [N] Adding Magic Resistance
[20:15:16.826] [N] Adding Parry
[20:15:16.828] [N] Adding Blessing of Wisdom
[20:15:16.830] [N] Adding Concentration Aura
[20:15:16.832] [N] Adding Consecration
[20:15:16.834] [N] Adding Exorcism
[20:15:16.835] [N] Adding Flash of Light
[20:15:16.837] [N] Adding Holy Light
[20:15:16.839] [N] Adding Lay on Hands
[20:15:16.841] [N] Adding Purify
[20:15:16.843] [N] Adding Seal of Righteousness
[20:15:16.845] [N] Adding Sense Undead
[20:15:16.847] [N] Adding Turn Evil
[20:15:16.849] [N] Adding Blessing of Kings
[20:15:16.851] [N] Adding Devotion Aura
[20:15:16.852] [N] Adding Divine Protection
[20:15:16.854] [N] Adding Hammer of Justice
[20:15:16.856] [N] Adding Hand of Freedom
[20:15:16.858] [N] Adding Hand of Protection
[20:15:16.860] [N] Adding Hand of Reckoning
[20:15:16.861] [N] Adding Hand of Salvation
[20:15:16.863] [N] Adding Righteous Defense
[20:15:16.865] [N] Adding Righteous Fury
[20:15:16.867] [N] Adding Seal of Justice
[20:15:16.869] [N] Adding Blessing of Might
[20:15:16.871] [N] Adding Judgement of Light
[20:15:16.872] [N] Adding Judgement of Wisdom
[20:15:16.874] [N] Adding Retribution Aura
[20:15:16.876] [N] Adding Seal of Command
[20:15:16.879] [N] Spell book built
[20:15:16.881] [D] [SpellManager] Subscribed to LEARNED_SPELL_IN_TAB, ACTIVE_TALENT_GROUP_CHANGED
[20:15:16.881] [D] Refresh() called. LastCount=0, CurrentCount=34
[20:15:16.881] [N] Building spell book
[20:15:16.883] [D] Found 34 spells from LocalPlayer.KnownSpells
[20:15:16.883] [N] Adding Arcane Affinity
[20:15:16.885] [N] Adding Arcane Torrent
[20:15:16.887] [N] Adding Auto Attack
[20:15:16.889] [N] Adding Block
[20:15:16.890] [N] Adding Dodge
[20:15:16.892] [N] Adding Magic Resistance
[20:15:16.894] [N] Adding Parry
[20:15:16.896] [N] Adding Blessing of Wisdom
[20:15:16.898] [N] Adding Concentration Aura
[20:15:16.900] [N] Adding Consecration
[20:15:16.901] [N] Adding Exorcism
[20:15:16.903] [N] Adding Flash of Light
[20:15:16.905] [N] Adding Holy Light
[20:15:16.907] [N] Adding Lay on Hands
[20:15:16.909] [N] Adding Purify
[20:15:16.911] [N] Adding Seal of Righteousness
[20:15:16.913] [N] Adding Sense Undead
[20:15:16.915] [N] Adding Turn Evil
[20:15:16.917] [N] Adding Blessing of Kings
[20:15:16.919] [N] Adding Devotion Aura
[20:15:16.921] [N] Adding Divine Protection
[20:15:16.923] [N] Adding Hammer of Justice
[20:15:16.925] [N] Adding Hand of Freedom
[20:15:16.927] [N] Adding Hand of Protection
[20:15:16.928] [N] Adding Hand of Reckoning
[20:15:16.930] [N] Adding Hand of Salvation
[20:15:16.932] [N] Adding Righteous Defense
[20:15:16.934] [N] Adding Righteous Fury
[20:15:16.936] [N] Adding Seal of Justice
[20:15:16.938] [N] Adding Blessing of Might
[20:15:16.939] [N] Adding Judgement of Light
[20:15:16.941] [N] Adding Judgement of Wisdom
[20:15:16.943] [N] Adding Retribution Aura
[20:15:16.945] [N] Adding Seal of Command
[20:15:16.947] [N] Spell book built
[20:15:16.949] [D] [SpellManager] Subscribed to LEARNED_SPELL_IN_TAB, ACTIVE_TALENT_GROUP_CHANGED
[20:15:16.949] [D] Refresh() called. LastCount=0, CurrentCount=34
[20:15:16.949] [N] Building spell book
[20:15:16.952] [D] Found 34 spells from LocalPlayer.KnownSpells
[20:15:16.952] [N] Adding Arcane Affinity
[20:15:16.954] [N] Adding Arcane Torrent
[20:15:16.955] [N] Adding Auto Attack
[20:15:16.957] [N] Adding Block
[20:15:16.959] [N] Adding Dodge
[20:15:16.961] [N] Adding Magic Resistance
[20:15:16.963] [N] Adding Parry
[20:15:16.965] [N] Adding Blessing of Wisdom
[20:15:16.967] [N] Adding Concentration Aura
[20:15:16.969] [N] Adding Consecration
[20:15:16.971] [N] Adding Exorcism
[20:15:16.973] [N] Adding Flash of Light
[20:15:16.975] [N] Adding Holy Light
[20:15:16.977] [N] Adding Lay on Hands
[20:15:16.978] [N] Adding Purify
[20:15:16.980] [N] Adding Seal of Righteousness
[20:15:16.982] [N] Adding Sense Undead
[20:15:16.984] [N] Adding Turn Evil
[20:15:16.986] [N] Adding Blessing of Kings
[20:15:16.988] [N] Adding Devotion Aura
[20:15:16.990] [N] Adding Divine Protection
[20:15:16.992] [N] Adding Hammer of Justice
[20:15:16.994] [N] Adding Hand of Freedom
[20:15:16.996] [N] Adding Hand of Protection
[20:15:16.998] [N] Adding Hand of Reckoning
[20:15:17.000] [N] Adding Hand of Salvation
[20:15:17.002] [N] Adding Righteous Defense
[20:15:17.004] [N] Adding Righteous Fury
[20:15:17.006] [N] Adding Seal of Justice
[20:15:17.008] [N] Adding Blessing of Might
[20:15:17.010] [N] Adding Judgement of Light
[20:15:17.012] [N] Adding Judgement of Wisdom
[20:15:17.014] [N] Adding Retribution Aura
[20:15:17.016] [N] Adding Seal of Command
[20:15:17.018] [N] Spell book built
[20:15:17.020] [D] [SpellManager] Subscribed to LEARNED_SPELL_IN_TAB, ACTIVE_TALENT_GROUP_CHANGED
[20:15:17.126] [D] [Pulse] Slow plugin: name=Tidy Bags 3 Reloaded elapsed=36ms
[20:15:17.126] [D] [Singular-DEBUG] Switched targets!
[20:15:17.126] [D] [Singular-DEBUG] Melee Distance: 5
[20:15:17.126] [D] [Singular-DEBUG] Health: 88.5
[20:15:17.127] [D] [Singular-DEBUG] Level: 27
[20:15:17.293] [N] [Singular] Casting Exorcism on Dark Iron Agent
[20:15:17.293] [D] Spell_C::CastSpell(879, 0, 0xF130001844000151, 0)
[20:15:17.329] [D] [Pulse] Slow bot root: 169ms bot=Combat Bot poi=None combat=True
[20:15:17.537] [D] [Pulse] Slow bot root: 100ms bot=Combat Bot poi=None combat=True
[20:15:19.231] [N] [Singular] Casting Judgement of Light on Dark Iron Agent
[20:15:19.231] [D] Spell_C::CastSpell(20271, 0, 0xF130001844000151, 0)
[20:15:19.266] [D] [Pulse] Slow bot root: 170ms bot=Combat Bot poi=None combat=True
[20:15:20.819] [N] [Singular] Casting Consecration on Dark Iron Agent
[20:15:20.819] [D] Spell_C::CastSpell(26573, 0, 0xF130001844000151, 0)
[20:15:24.911] [N] Stopping the bot!
[20:15:24.913] [N] Bot stopping! Reason: User request
[20:15:24.940] [D] Cleared POI
[20:15:24.940] [D] Worker thread exited cleanly
[20:15:43.491] [D] [Settings] Saved all settings
[20:15:43.491] [N] Starting the bot.
[20:15:43.493] [N] Currently Using BotBase : Combat Bot
[20:15:43.495] [N] Character is a level 27 BloodElf Paladin
[20:15:43.498] [N] Current zone is Gnomeregan
[20:15:43.499] [D] Loading profile from D:\World of Warcraft 3.3.5a\CB\Bots\WholesomeAutoQuest\WHOLESOME_AUTOQUESTER.xml
[20:15:43.499] [D] [CompileBatch] Compiling 1 entries...
[20:15:43.564] [D] [CompileBatch] Compiled successfully.
[20:15:43.564] [N] Profile loaded: WholesomeAQ - Thousand Needles
[20:15:43.584] [D] Selected sub-profile: WholesomeAQ - Thousand Needles (L1-80)
[20:15:43.650] [D] Setting CVars: autoSelfCast=1, autoLootDefault=1
[20:15:43.718] [D] Cleared POI
[20:15:43.718] [D] Refresh() called. LastCount=0, CurrentCount=34
[20:15:43.718] [N] Building spell book
[20:15:43.720] [D] Found 34 spells from LocalPlayer.KnownSpells
[20:15:43.720] [N] Adding Arcane Affinity
[20:15:43.727] [N] Adding Arcane Torrent
[20:15:43.729] [N] Adding Auto Attack
[20:15:43.732] [N] Adding Block
[20:15:43.734] [N] Adding Dodge
[20:15:43.736] [N] Adding Magic Resistance
[20:15:43.738] [N] Adding Parry
[20:15:43.740] [N] Adding Blessing of Wisdom
[20:15:43.742] [N] Adding Concentration Aura
[20:15:43.744] [N] Adding Consecration
[20:15:43.747] [N] Adding Exorcism
[20:15:43.749] [N] Adding Flash of Light
[20:15:43.751] [N] Adding Holy Light
[20:15:43.753] [N] Adding Lay on Hands
[20:15:43.755] [N] Adding Purify
[20:15:43.757] [N] Adding Seal of Righteousness
[20:15:43.759] [N] Adding Sense Undead
[20:15:43.762] [N] Adding Turn Evil
[20:15:43.764] [N] Adding Blessing of Kings
[20:15:43.766] [N] Adding Devotion Aura
[20:15:43.768] [N] Adding Divine Protection
[20:15:43.770] [N] Adding Hammer of Justice
[20:15:43.772] [N] Adding Hand of Freedom
[20:15:43.774] [N] Adding Hand of Protection
[20:15:43.777] [N] Adding Hand of Reckoning
[20:15:43.779] [N] Adding Hand of Salvation
[20:15:43.781] [N] Adding Righteous Defense
[20:15:43.783] [N] Adding Righteous Fury
[20:15:43.785] [N] Adding Seal of Justice
[20:15:43.788] [N] Adding Blessing of Might
[20:15:43.790] [N] Adding Judgement of Light
[20:15:43.792] [N] Adding Judgement of Wisdom
[20:15:43.794] [N] Adding Retribution Aura
[20:15:43.796] [N] Adding Seal of Command
[20:15:43.799] [N] Spell book built
[20:15:43.801] [D] [SpellManager] Initialize — subscribed to BotEvents.OnBotStart
[20:15:43.801] [D] Default area costs set (Road=1.0, Ground=1.66)
[20:15:43.801] [D] Faction filter set: Horde (excluding Alliance paths)
[20:15:43.802] [D] Refresh() called. LastCount=0, CurrentCount=34
[20:15:43.802] [N] Building spell book
[20:15:43.804] [D] Found 34 spells from LocalPlayer.KnownSpells
[20:15:43.804] [N] Adding Arcane Affinity
[20:15:43.807] [N] Adding Arcane Torrent
[20:15:43.809] [N] Adding Auto Attack
[20:15:43.811] [N] Adding Block
[20:15:43.813] [N] Adding Dodge
[20:15:43.815] [N] Adding Magic Resistance
[20:15:43.818] [N] Adding Parry
[20:15:43.820] [N] Adding Blessing of Wisdom
[20:15:43.822] [N] Adding Concentration Aura
[20:15:43.824] [N] Adding Consecration
[20:15:43.826] [N] Adding Exorcism
[20:15:43.829] [N] Adding Flash of Light
[20:15:43.831] [N] Adding Holy Light
[20:15:43.833] [N] Adding Lay on Hands
[20:15:43.835] [N] Adding Purify
[20:15:43.837] [N] Adding Seal of Righteousness
[20:15:43.839] [N] Adding Sense Undead
[20:15:43.841] [N] Adding Turn Evil
[20:15:43.847] [N] Adding Blessing of Kings
[20:15:43.849] [N] Adding Devotion Aura
[20:15:43.851] [N] Adding Divine Protection
[20:15:43.854] [N] Adding Hammer of Justice
[20:15:43.856] [N] Adding Hand of Freedom
[20:15:43.858] [N] Adding Hand of Protection
[20:15:43.860] [N] Adding Hand of Reckoning
[20:15:43.862] [N] Adding Hand of Salvation
[20:15:43.864] [N] Adding Righteous Defense
[20:15:43.866] [N] Adding Righteous Fury
[20:15:43.868] [N] Adding Seal of Justice
[20:15:43.870] [N] Adding Blessing of Might
[20:15:43.872] [N] Adding Judgement of Light
[20:15:43.875] [N] Adding Judgement of Wisdom
[20:15:43.877] [N] Adding Retribution Aura
[20:15:43.879] [N] Adding Seal of Command
[20:15:43.881] [N] Spell book built
[20:15:43.883] [D] [SpellManager] Subscribed to LEARNED_SPELL_IN_TAB, ACTIVE_TALENT_GROUP_CHANGED
[20:15:43.884] [D] Refresh() called. LastCount=0, CurrentCount=34
[20:15:43.884] [N] Building spell book
[20:15:43.886] [D] Found 34 spells from LocalPlayer.KnownSpells
[20:15:43.886] [N] Adding Arcane Affinity
[20:15:43.888] [N] Adding Arcane Torrent
[20:15:43.890] [N] Adding Auto Attack
[20:15:43.892] [N] Adding Block
[20:15:43.894] [N] Adding Dodge
[20:15:43.897] [N] Adding Magic Resistance
[20:15:43.899] [N] Adding Parry
[20:15:43.902] [N] Adding Blessing of Wisdom
[20:15:43.904] [N] Adding Concentration Aura
[20:15:43.942] [N] Adding Consecration
[20:15:43.943] [N] Adding Exorcism
[20:15:43.943] [N] Adding Flash of Light
[20:15:43.943] [N] Adding Holy Light
[20:15:43.943] [N] Adding Lay on Hands
[20:15:43.943] [N] Adding Purify
[20:15:43.943] [N] Adding Seal of Righteousness
[20:15:43.943] [N] Adding Sense Undead
[20:15:43.943] [N] Adding Turn Evil
[20:15:43.943] [N] Adding Blessing of Kings
[20:15:43.944] [N] Adding Devotion Aura
[20:15:43.944] [N] Adding Divine Protection
[20:15:43.944] [N] Adding Hammer of Justice
[20:15:43.944] [N] Adding Hand of Freedom
[20:15:43.944] [N] Adding Hand of Protection
[20:15:43.944] [N] Adding Hand of Reckoning
[20:15:43.944] [N] Adding Hand of Salvation
[20:15:43.944] [N] Adding Righteous Defense
[20:15:43.944] [N] Adding Righteous Fury
[20:15:43.945] [N] Adding Seal of Justice
[20:15:43.945] [N] Adding Blessing of Might
[20:15:43.945] [N] Adding Judgement of Light
[20:15:43.945] [N] Adding Judgement of Wisdom
[20:15:43.945] [N] Adding Retribution Aura
[20:15:43.945] [N] Adding Seal of Command
[20:15:43.946] [N] Spell book built
[20:15:43.946] [D] [SpellManager] Subscribed to LEARNED_SPELL_IN_TAB, ACTIVE_TALENT_GROUP_CHANGED
[20:15:43.946] [D] Refresh() called. LastCount=0, CurrentCount=34
[20:15:43.946] [N] Building spell book
[20:15:43.946] [D] Found 34 spells from LocalPlayer.KnownSpells
[20:15:43.946] [N] Adding Arcane Affinity
[20:15:43.947] [N] Adding Arcane Torrent
[20:15:43.947] [N] Adding Auto Attack
[20:15:43.947] [N] Adding Block
[20:15:43.947] [N] Adding Dodge
[20:15:43.947] [N] Adding Magic Resistance
[20:15:43.947] [N] Adding Parry
[20:15:43.947] [N] Adding Blessing of Wisdom
[20:15:43.948] [N] Adding Concentration Aura
[20:15:43.948] [N] Adding Consecration
[20:15:43.948] [N] Adding Exorcism
[20:15:43.948] [N] Adding Flash of Light
[20:15:43.948] [N] Adding Holy Light
[20:15:43.948] [N] Adding Lay on Hands
[20:15:43.948] [N] Adding Purify
[20:15:43.949] [N] Adding Seal of Righteousness
[20:15:43.949] [N] Adding Sense Undead
[20:15:43.949] [N] Adding Turn Evil
[20:15:43.949] [N] Adding Blessing of Kings
[20:15:43.949] [N] Adding Devotion Aura
[20:15:43.949] [N] Adding Divine Protection
[20:15:43.949] [N] Adding Hammer of Justice
[20:15:43.950] [N] Adding Hand of Freedom
[20:15:43.950] [N] Adding Hand of Protection
[20:15:43.950] [N] Adding Hand of Reckoning
[20:15:43.950] [N] Adding Hand of Salvation
[20:15:43.950] [N] Adding Righteous Defense
[20:15:43.950] [N] Adding Righteous Fury
[20:15:43.950] [N] Adding Seal of Justice
[20:15:43.951] [N] Adding Blessing of Might
[20:15:43.951] [N] Adding Judgement of Light
[20:15:43.951] [N] Adding Judgement of Wisdom
[20:15:43.951] [N] Adding Retribution Aura
[20:15:43.952] [N] Adding Seal of Command
[20:15:43.952] [N] Spell book built
[20:15:43.952] [D] [SpellManager] Subscribed to LEARNED_SPELL_IN_TAB, ACTIVE_TALENT_GROUP_CHANGED
[20:15:43.952] [D] Refresh() called. LastCount=0, CurrentCount=34
[20:15:43.952] [N] Building spell book
[20:15:43.953] [D] Found 34 spells from LocalPlayer.KnownSpells
[20:15:43.953] [N] Adding Arcane Affinity
[20:15:43.953] [N] Adding Arcane Torrent
[20:15:43.953] [N] Adding Auto Attack
[20:15:43.953] [N] Adding Block
[20:15:43.954] [N] Adding Dodge
[20:15:43.954] [N] Adding Magic Resistance
[20:15:43.954] [N] Adding Parry
[20:15:43.954] [N] Adding Blessing of Wisdom
[20:15:43.954] [N] Adding Concentration Aura
[20:15:43.954] [N] Adding Consecration
[20:15:43.955] [N] Adding Exorcism
[20:15:43.955] [N] Adding Flash of Light
[20:15:43.955] [N] Adding Holy Light
[20:15:43.955] [N] Adding Lay on Hands
[20:15:43.955] [N] Adding Purify
[20:15:43.955] [N] Adding Seal of Righteousness
[20:15:43.956] [N] Adding Sense Undead
[20:15:43.956] [N] Adding Turn Evil
[20:15:43.956] [N] Adding Blessing of Kings
[20:15:43.956] [N] Adding Devotion Aura
[20:15:43.956] [N] Adding Divine Protection
[20:15:43.957] [N] Adding Hammer of Justice
[20:15:43.957] [N] Adding Hand of Freedom
[20:15:43.957] [N] Adding Hand of Protection
[20:15:43.957] [N] Adding Hand of Reckoning
[20:15:43.957] [N] Adding Hand of Salvation
[20:15:43.958] [N] Adding Righteous Defense
[20:15:43.958] [N] Adding Righteous Fury
[20:15:43.958] [N] Adding Seal of Justice
[20:15:43.958] [N] Adding Blessing of Might
[20:15:43.958] [N] Adding Judgement of Light
[20:15:43.959] [N] Adding Judgement of Wisdom
[20:15:43.959] [N] Adding Retribution Aura
[20:15:43.959] [N] Adding Seal of Command
[20:15:43.959] [N] Spell book built
[20:15:43.960] [D] [SpellManager] Subscribed to LEARNED_SPELL_IN_TAB, ACTIVE_TALENT_GROUP_CHANGED
[20:15:43.960] [D] Refresh() called. LastCount=0, CurrentCount=34
[20:15:43.960] [N] Building spell book
[20:15:43.960] [D] Found 34 spells from LocalPlayer.KnownSpells
[20:15:43.961] [N] Adding Arcane Affinity
[20:15:43.961] [N] Adding Arcane Torrent
[20:15:43.961] [N] Adding Auto Attack
[20:15:43.961] [N] Adding Block
[20:15:43.961] [N] Adding Dodge
[20:15:43.962] [N] Adding Magic Resistance
[20:15:43.962] [N] Adding Parry
[20:15:43.962] [N] Adding Blessing of Wisdom
[20:15:43.962] [N] Adding Concentration Aura
[20:15:43.962] [N] Adding Consecration
[20:15:43.963] [N] Adding Exorcism
[20:15:43.963] [N] Adding Flash of Light
[20:15:43.963] [N] Adding Holy Light
[20:15:43.963] [N] Adding Lay on Hands
[20:15:43.964] [N] Adding Purify
[20:15:43.964] [N] Adding Seal of Righteousness
[20:15:43.964] [N] Adding Sense Undead
[20:15:43.964] [N] Adding Turn Evil
[20:15:43.965] [N] Adding Blessing of Kings
[20:15:43.965] [N] Adding Devotion Aura
[20:15:43.965] [N] Adding Divine Protection
[20:15:43.965] [N] Adding Hammer of Justice
[20:15:43.965] [N] Adding Hand of Freedom
[20:15:43.966] [N] Adding Hand of Protection
[20:15:43.966] [N] Adding Hand of Reckoning
[20:15:43.966] [N] Adding Hand of Salvation
[20:15:43.966] [N] Adding Righteous Defense
[20:15:43.967] [N] Adding Righteous Fury
[20:15:43.967] [N] Adding Seal of Justice
[20:15:43.967] [N] Adding Blessing of Might
[20:15:43.967] [N] Adding Judgement of Light
[20:15:43.968] [N] Adding Judgement of Wisdom
[20:15:43.968] [N] Adding Retribution Aura
[20:15:43.968] [N] Adding Seal of Command
[20:15:43.969] [N] Spell book built
[20:15:43.969] [D] [SpellManager] Subscribed to LEARNED_SPELL_IN_TAB, ACTIVE_TALENT_GROUP_CHANGED
[20:15:43.969] [D] Refresh() called. LastCount=0, CurrentCount=34
[20:15:43.969] [N] Building spell book
[20:15:43.970] [D] Found 34 spells from LocalPlayer.KnownSpells
[20:15:43.970] [N] Adding Arcane Affinity
[20:15:43.970] [N] Adding Arcane Torrent
[20:15:43.970] [N] Adding Auto Attack
[20:15:43.970] [N] Adding Block
[20:15:43.971] [N] Adding Dodge
[20:15:43.971] [N] Adding Magic Resistance
[20:15:43.971] [N] Adding Parry
[20:15:43.972] [N] Adding Blessing of Wisdom
[20:15:43.972] [N] Adding Concentration Aura
[20:15:43.972] [N] Adding Consecration
[20:15:43.972] [N] Adding Exorcism
[20:15:43.973] [N] Adding Flash of Light
[20:15:43.973] [N] Adding Holy Light
[20:15:43.973] [N] Adding Lay on Hands
[20:15:43.973] [N] Adding Purify
[20:15:43.974] [N] Adding Seal of Righteousness
[20:15:43.974] [N] Adding Sense Undead
[20:15:43.974] [N] Adding Turn Evil
[20:15:43.975] [N] Adding Blessing of Kings
[20:15:43.978] [N] Adding Devotion Aura
[20:15:43.979] [N] Adding Divine Protection
[20:15:43.979] [N] Adding Hammer of Justice
[20:15:43.979] [N] Adding Hand of Freedom
[20:15:43.979] [N] Adding Hand of Protection
[20:15:43.980] [N] Adding Hand of Reckoning
[20:15:43.980] [N] Adding Hand of Salvation
[20:15:43.980] [N] Adding Righteous Defense
[20:15:43.980] [N] Adding Righteous Fury
[20:15:43.981] [N] Adding Seal of Justice
[20:15:43.981] [N] Adding Blessing of Might
[20:15:43.981] [N] Adding Judgement of Light
[20:15:43.982] [N] Adding Judgement of Wisdom
[20:15:43.982] [N] Adding Retribution Aura
[20:15:43.982] [N] Adding Seal of Command
[20:15:43.983] [N] Spell book built
[20:15:43.983] [D] [SpellManager] Subscribed to LEARNED_SPELL_IN_TAB, ACTIVE_TALENT_GROUP_CHANGED
[20:15:43.983] [D] Refresh() called. LastCount=0, CurrentCount=34
[20:15:43.983] [N] Building spell book
[20:15:43.984] [D] Found 34 spells from LocalPlayer.KnownSpells
[20:15:43.984] [N] Adding Arcane Affinity
[20:15:43.984] [N] Adding Arcane Torrent
[20:15:43.984] [N] Adding Auto Attack
[20:15:43.985] [N] Adding Block
[20:15:43.985] [N] Adding Dodge
[20:15:43.985] [N] Adding Magic Resistance
[20:15:43.985] [N] Adding Parry
[20:15:43.986] [N] Adding Blessing of Wisdom
[20:15:43.986] [N] Adding Concentration Aura
[20:15:43.986] [N] Adding Consecration
[20:15:43.987] [N] Adding Exorcism
[20:15:43.987] [N] Adding Flash of Light
[20:15:43.987] [N] Adding Holy Light
[20:15:43.987] [N] Adding Lay on Hands
[20:15:43.988] [N] Adding Purify
[20:15:43.988] [N] Adding Seal of Righteousness
[20:15:43.988] [N] Adding Sense Undead
[20:15:43.989] [N] Adding Turn Evil
[20:15:43.989] [N] Adding Blessing of Kings
[20:15:43.989] [N] Adding Devotion Aura
[20:15:43.990] [N] Adding Divine Protection
[20:15:43.990] [N] Adding Hammer of Justice
[20:15:43.990] [N] Adding Hand of Freedom
[20:15:43.990] [N] Adding Hand of Protection
[20:15:43.991] [N] Adding Hand of Reckoning
[20:15:43.991] [N] Adding Hand of Salvation
[20:15:43.991] [N] Adding Righteous Defense
[20:15:43.992] [N] Adding Righteous Fury
[20:15:43.992] [N] Adding Seal of Justice
[20:15:43.992] [N] Adding Blessing of Might
[20:15:43.993] [N] Adding Judgement of Light
[20:15:43.993] [N] Adding Judgement of Wisdom
[20:15:43.993] [N] Adding Retribution Aura
[20:15:43.994] [N] Adding Seal of Command
[20:15:43.994] [N] Spell book built
[20:15:43.995] [D] [SpellManager] Subscribed to LEARNED_SPELL_IN_TAB, ACTIVE_TALENT_GROUP_CHANGED
[20:15:43.995] [D] Refresh() called. LastCount=0, CurrentCount=34
[20:15:43.995] [N] Building spell book
[20:15:43.995] [D] Found 34 spells from LocalPlayer.KnownSpells
[20:15:43.995] [N] Adding Arcane Affinity
[20:15:43.996] [N] Adding Arcane Torrent
[20:15:43.996] [N] Adding Auto Attack
[20:15:43.996] [N] Adding Block
[20:15:43.997] [N] Adding Dodge
[20:15:43.997] [N] Adding Magic Resistance
[20:15:43.997] [N] Adding Parry
[20:15:43.998] [N] Adding Blessing of Wisdom
[20:15:43.998] [N] Adding Concentration Aura
[20:15:43.998] [N] Adding Consecration
[20:15:43.999] [N] Adding Exorcism
[20:15:43.999] [N] Adding Flash of Light
[20:15:43.999] [N] Adding Holy Light
[20:15:44.000] [N] Adding Lay on Hands
[20:15:44.000] [N] Adding Purify
[20:15:44.000] [N] Adding Seal of Righteousness
[20:15:44.001] [N] Adding Sense Undead
[20:15:44.001] [N] Adding Turn Evil
[20:15:44.001] [N] Adding Blessing of Kings
[20:15:44.002] [N] Adding Devotion Aura
[20:15:44.003] [N] Adding Divine Protection
[20:15:44.003] [N] Adding Hammer of Justice
[20:15:44.004] [N] Adding Hand of Freedom
[20:15:44.004] [N] Adding Hand of Protection
[20:15:44.004] [N] Adding Hand of Reckoning
[20:15:44.005] [N] Adding Hand of Salvation
[20:15:44.005] [N] Adding Righteous Defense
[20:15:44.005] [N] Adding Righteous Fury
[20:15:44.006] [N] Adding Seal of Justice
[20:15:44.006] [N] Adding Blessing of Might
[20:15:44.006] [N] Adding Judgement of Light
[20:15:44.007] [N] Adding Judgement of Wisdom
[20:15:44.007] [N] Adding Retribution Aura
[20:15:44.008] [N] Adding Seal of Command
[20:15:44.008] [N] Spell book built
[20:15:44.009] [D] [SpellManager] Subscribed to LEARNED_SPELL_IN_TAB, ACTIVE_TALENT_GROUP_CHANGED
[20:15:44.009] [D] Refresh() called. LastCount=0, CurrentCount=34
[20:15:44.009] [N] Building spell book
[20:15:44.009] [D] Found 34 spells from LocalPlayer.KnownSpells
[20:15:44.009] [N] Adding Arcane Affinity
[20:15:44.010] [N] Adding Arcane Torrent
[20:15:44.010] [N] Adding Auto Attack
[20:15:44.011] [N] Adding Block
[20:15:44.011] [N] Adding Dodge
[20:15:44.011] [N] Adding Magic Resistance
[20:15:44.012] [N] Adding Parry
[20:15:44.012] [N] Adding Blessing of Wisdom
[20:15:44.012] [N] Adding Concentration Aura
[20:15:44.013] [N] Adding Consecration
[20:15:44.013] [N] Adding Exorcism
[20:15:44.013] [N] Adding Flash of Light
[20:15:44.014] [N] Adding Holy Light
[20:15:44.014] [N] Adding Lay on Hands
[20:15:44.015] [N] Adding Purify
[20:15:44.015] [N] Adding Seal of Righteousness
[20:15:44.015] [N] Adding Sense Undead
[20:15:44.016] [N] Adding Turn Evil
[20:15:44.016] [N] Adding Blessing of Kings
[20:15:44.016] [N] Adding Devotion Aura
[20:15:44.017] [N] Adding Divine Protection
[20:15:44.017] [N] Adding Hammer of Justice
[20:15:44.018] [N] Adding Hand of Freedom
[20:15:44.018] [N] Adding Hand of Protection
[20:15:44.018] [N] Adding Hand of Reckoning
[20:15:44.019] [N] Adding Hand of Salvation
[20:15:44.019] [N] Adding Righteous Defense
[20:15:44.020] [N] Adding Righteous Fury
[20:15:44.020] [N] Adding Seal of Justice
[20:15:44.020] [N] Adding Blessing of Might
[20:15:44.021] [N] Adding Judgement of Light
[20:15:44.021] [N] Adding Judgement of Wisdom
[20:15:44.022] [N] Adding Retribution Aura
[20:15:44.022] [N] Adding Seal of Command
[20:15:44.023] [N] Spell book built
[20:15:44.023] [D] [SpellManager] Subscribed to LEARNED_SPELL_IN_TAB, ACTIVE_TALENT_GROUP_CHANGED
[20:15:44.319] [D] [Pulse] Slow plugin: name=AutoEquip2 elapsed=206ms
[20:15:44.384] [D] [Pulse] Slow plugin: name=Tidy Bags 3 Reloaded elapsed=64ms
[20:15:44.385] [D] [Pulse] Slow shared pulse: total=361ms movement=0 objects=0 lua=27 info=0 loot=3 targeting=57 events=0 plugins=271 routine=0
[20:15:44.686] [D] [Pulse] Slow bot root: 300ms bot=Combat Bot poi=None combat=False
[20:15:44.689] [N] [AutoEquip]: Loot roll in progress
[20:15:44.820] [N] [AutoEquip]: Equipped item in slot:WaistSlot scored 17.695 while loot-roll item scored:2.3333333
[20:15:44.820] [N] [AutoEquip]: Rolling Greed
[20:16:01.509] [D] [Singular-DEBUG] Switched targets!
[20:16:01.510] [D] [Singular-DEBUG] Melee Distance: 5
[20:16:01.510] [D] [Singular-DEBUG] Health: 92.61695906432749
[20:16:01.510] [D] [Singular-DEBUG] Level: 28
[20:16:01.710] [D] [Singular-DEBUG] Arcane Nullifier X-21 is immune to Nature spell school
[20:16:04.289] [D] [Pulse] Slow plugin: name=AutoEquip2 elapsed=54ms
[20:16:07.155] [D] [Pulse] Slow plugin: name=Tidy Bags 3 Reloaded elapsed=22ms
[20:16:09.473] [D] [Singular-DEBUG] Switched targets!
[20:16:09.474] [D] [Singular-DEBUG] Melee Distance: 5.8333335
[20:16:09.474] [D] [Singular-DEBUG] Health: 89.63782696177063
[20:16:09.474] [D] [Singular-DEBUG] Level: 31
[20:16:09.694] [N] [Singular] Casting Exorcism on Mechanized Guardian
[20:16:09.694] [D] Spell_C::CastSpell(879, 0, 0xF13000185A00016B, 0)
[20:16:09.702] [D] [Pulse] Slow bot root: 120ms bot=Combat Bot poi=None combat=True
[20:16:11.489] [N] [Singular] Casting Judgement of Light on Mechanized Guardian
[20:16:11.489] [D] Spell_C::CastSpell(20271, 0, 0xF13000185A00016B, 0)
[20:16:13.037] [N] [Singular] Casting Consecration on Mechanized Guardian
[20:16:13.037] [D] Spell_C::CastSpell(26573, 0, 0xF13000185A00016B, 0)
[20:16:15.802] [D] [Singular-DEBUG] Arcane Nullifier X-21 is immune to Nature spell school
[20:16:19.834] [N] [Singular] Casting Judgement of Light on Mechanized Guardian
[20:16:19.834] [D] Spell_C::CastSpell(20271, 0, 0xF13000185A00016B, 0)
[20:16:22.635] [D] [Pulse] Slow plugin: name=Tidy Bags 3 Reloaded elapsed=23ms
[20:16:22.641] [N] [Singular] Currect target is invalid. Switching to Mechanized Guardian!
[20:16:22.971] [D] [Singular-DEBUG] Switched targets!
[20:16:22.971] [D] [Singular-DEBUG] Melee Distance: 5.8333335
[20:16:22.971] [D] [Singular-DEBUG] Health: 76.82732205553782
[20:16:22.971] [D] [Singular-DEBUG] Level: 32
[20:16:26.489] [N] [Singular] Casting Exorcism on Mechanized Guardian
[20:16:26.489] [D] Spell_C::CastSpell(879, 0, 0xF13000185A000167, 0)
[20:16:28.355] [N] [Singular] Casting Judgement of Light on Mechanized Guardian
[20:16:28.355] [D] Spell_C::CastSpell(20271, 0, 0xF13000185A000167, 0)
[20:16:33.744] [N] Drinking Melon Juice
[20:16:33.991] [D] [Singular-DEBUG] Switched targets!
[20:16:33.992] [D] [Singular-DEBUG] Melee Distance: 5
[20:16:33.992] [D] [Singular-DEBUG] Health: 100
[20:16:33.992] [D] [Singular-DEBUG] Level: 27
[20:16:34.462] [D] [Pulse] Slow plugin: name=AutoEquip2 elapsed=60ms
[20:16:36.699] [D] [Pulse] Slow plugin: name=Tidy Bags 3 Reloaded elapsed=64ms
[20:16:44.466] [D] [Pulse] Slow plugin: name=AutoEquip2 elapsed=51ms
[20:16:46.451] [N] [Singular] Casting Blessing of Might on Druid
[20:16:46.451] [D] Spell_C::CastSpell(19835, 0, 0x6000000007E28FF, 0)
[20:16:48.588] [D] [Nav] Confirmed live collision 4.4y ahead at (-765.87, 604.95, -293.78); blackspotting and regenerating path.
[20:16:48.589] [D] [Blackspot] Marked 2/2 polygons at (-765.87, 604.95, -293.78) (radius 3)
[20:16:49.037] [D] Generating new path because we are not on the old path anymore!
[20:16:50.807] [D] [Pulse] Slow bot root: 229ms bot=Combat Bot poi=None combat=True
[20:16:50.908] [D] [Pulse] Slow plugin: name=Tidy Bags 3 Reloaded elapsed=42ms
[20:16:51.106] [D] [Pulse] Slow bot root: 197ms bot=Combat Bot poi=None combat=True
[20:16:51.411] [D] [Pulse] Slow bot root: 205ms bot=Combat Bot poi=None combat=True
[20:16:51.610] [D] [Pulse] Slow bot root: 102ms bot=Combat Bot poi=None combat=True
[20:16:53.039] [N] [Singular] Currect target is invalid. Switching to Dark Iron Land Mine!
[20:16:54.529] [D] [Pulse] Slow plugin: name=AutoEquip2 elapsed=60ms
[20:16:55.215] [N] Stopping the bot!
[20:16:55.216] [N] Bot stopping! Reason: User request
[20:16:55.217] [D] Exception in TraceLine: Thread was interrupted from a waiting state.
[20:16:55.218] [D] Cleared POI
[20:16:55.218] [D] [Blackspot] Restored 2 polygons at (-765.87, 604.95, -293.78) (radius 3)
[20:16:55.218] [D] Worker thread exited cleanly
[20:17:15.701] [D] [Settings] Saved all settings
[20:17:15.701] [N] Starting the bot.
[20:17:15.702] [N] Currently Using BotBase : Combat Bot
[20:17:15.703] [N] Character is a level 27 BloodElf Paladin
[20:17:15.703] [N] Current zone is Gnomeregan
[20:17:15.704] [D] Loading profile from D:\World of Warcraft 3.3.5a\CB\Bots\WholesomeAutoQuest\WHOLESOME_AUTOQUESTER.xml
[20:17:15.704] [D] [CompileBatch] Compiling 1 entries...
[20:17:15.772] [D] [CompileBatch] Compiled successfully.
[20:17:15.772] [N] Profile loaded: WholesomeAQ - Thousand Needles
[20:17:15.924] [D] [Singular-DEBUG] Arcane Nullifier X-21 is immune to Nature spell school
[20:17:15.928] [D] [Singular-DEBUG] Arcane Nullifier X-21 is immune to Nature spell school
[20:17:16.190] [D] [QuestLog] Loaded 76 completed quests from Lua fallback
[20:17:16.224] [D] Selected sub-profile: WholesomeAQ - Thousand Needles (L1-80)
[20:17:16.291] [D] Setting CVars: autoSelfCast=1, autoLootDefault=1
[20:17:16.356] [D] Cleared POI
[20:17:16.357] [D] Refresh() called. LastCount=0, CurrentCount=34
[20:17:16.357] [N] Building spell book
[20:17:16.358] [D] Found 34 spells from LocalPlayer.KnownSpells
[20:17:16.358] [N] Adding Arcane Affinity
[20:17:16.358] [N] Adding Arcane Torrent
[20:17:16.359] [N] Adding Auto Attack
[20:17:16.360] [N] Adding Block
[20:17:16.360] [N] Adding Dodge
[20:17:16.361] [N] Adding Magic Resistance
[20:17:16.362] [N] Adding Parry
[20:17:16.362] [N] Adding Blessing of Wisdom
[20:17:16.363] [N] Adding Concentration Aura
[20:17:16.364] [N] Adding Consecration
[20:17:16.364] [N] Adding Exorcism
[20:17:16.365] [N] Adding Flash of Light
[20:17:16.365] [N] Adding Holy Light
[20:17:16.366] [N] Adding Lay on Hands
[20:17:16.367] [N] Adding Purify
[20:17:16.367] [N] Adding Seal of Righteousness
[20:17:16.368] [N] Adding Sense Undead
[20:17:16.369] [N] Adding Turn Evil
[20:17:16.369] [N] Adding Blessing of Kings
[20:17:16.370] [N] Adding Devotion Aura
[20:17:16.370] [N] Adding Divine Protection
[20:17:16.371] [N] Adding Hammer of Justice
[20:17:16.372] [N] Adding Hand of Freedom
[20:17:16.372] [N] Adding Hand of Protection
[20:17:16.373] [N] Adding Hand of Reckoning
[20:17:16.374] [N] Adding Hand of Salvation
[20:17:16.374] [N] Adding Righteous Defense
[20:17:16.375] [N] Adding Righteous Fury
[20:17:16.376] [N] Adding Seal of Justice
[20:17:16.376] [N] Adding Blessing of Might
[20:17:16.377] [N] Adding Judgement of Light
[20:17:16.378] [N] Adding Judgement of Wisdom
[20:17:16.378] [N] Adding Retribution Aura
[20:17:16.379] [N] Adding Seal of Command
[20:17:16.380] [N] Spell book built
[20:17:16.380] [D] [SpellManager] Initialize — subscribed to BotEvents.OnBotStart
[20:17:16.380] [D] Default area costs set (Road=1.0, Ground=1.66)
[20:17:16.380] [D] Faction filter set: Horde (excluding Alliance paths)
[20:17:16.386] [D] Refresh() called. LastCount=0, CurrentCount=34
[20:17:16.386] [N] Building spell book
[20:17:16.388] [D] Found 34 spells from LocalPlayer.KnownSpells
[20:17:16.388] [N] Adding Arcane Affinity
[20:17:16.388] [N] Adding Arcane Torrent
[20:17:16.389] [N] Adding Auto Attack
[20:17:16.389] [N] Adding Block
[20:17:16.390] [N] Adding Dodge
[20:17:16.391] [N] Adding Magic Resistance
[20:17:16.391] [N] Adding Parry
[20:17:16.392] [N] Adding Blessing of Wisdom
[20:17:16.393] [N] Adding Concentration Aura
[20:17:16.393] [N] Adding Consecration
[20:17:16.394] [N] Adding Exorcism
[20:17:16.395] [N] Adding Flash of Light
[20:17:16.395] [N] Adding Holy Light
[20:17:16.396] [N] Adding Lay on Hands
[20:17:16.396] [N] Adding Purify
[20:17:16.397] [N] Adding Seal of Righteousness
[20:17:16.398] [N] Adding Sense Undead
[20:17:16.398] [N] Adding Turn Evil
[20:17:16.399] [N] Adding Blessing of Kings
[20:17:16.400] [N] Adding Devotion Aura
[20:17:16.400] [N] Adding Divine Protection
[20:17:16.401] [N] Adding Hammer of Justice
[20:17:16.402] [N] Adding Hand of Freedom
[20:17:16.402] [N] Adding Hand of Protection
[20:17:16.403] [N] Adding Hand of Reckoning
[20:17:16.404] [N] Adding Hand of Salvation
[20:17:16.404] [N] Adding Righteous Defense
[20:17:16.405] [N] Adding Righteous Fury
[20:17:16.406] [N] Adding Seal of Justice
[20:17:16.406] [N] Adding Blessing of Might
[20:17:16.407] [N] Adding Judgement of Light
[20:17:16.408] [N] Adding Judgement of Wisdom
[20:17:16.408] [N] Adding Retribution Aura
[20:17:16.409] [N] Adding Seal of Command
[20:17:16.410] [N] Spell book built
[20:17:16.411] [D] [SpellManager] Subscribed to LEARNED_SPELL_IN_TAB, ACTIVE_TALENT_GROUP_CHANGED
[20:17:16.411] [D] Refresh() called. LastCount=0, CurrentCount=34
[20:17:16.411] [N] Building spell book
[20:17:16.412] [D] Found 34 spells from LocalPlayer.KnownSpells
[20:17:16.412] [N] Adding Arcane Affinity
[20:17:16.413] [N] Adding Arcane Torrent
[20:17:16.413] [N] Adding Auto Attack
[20:17:16.414] [N] Adding Block
[20:17:16.415] [N] Adding Dodge
[20:17:16.415] [N] Adding Magic Resistance
[20:17:16.416] [N] Adding Parry
[20:17:16.418] [N] Adding Blessing of Wisdom
[20:17:16.418] [N] Adding Concentration Aura
[20:17:16.419] [N] Adding Consecration
[20:17:16.420] [N] Adding Exorcism
[20:17:16.420] [N] Adding Flash of Light
[20:17:16.421] [N] Adding Holy Light
[20:17:16.422] [N] Adding Lay on Hands
[20:17:16.422] [N] Adding Purify
[20:17:16.423] [N] Adding Seal of Righteousness
[20:17:16.424] [N] Adding Sense Undead
[20:17:16.424] [N] Adding Turn Evil
[20:17:16.425] [N] Adding Blessing of Kings
[20:17:16.426] [N] Adding Devotion Aura
[20:17:16.427] [N] Adding Divine Protection
[20:17:16.427] [N] Adding Hammer of Justice
[20:17:16.428] [N] Adding Hand of Freedom
[20:17:16.429] [N] Adding Hand of Protection
[20:17:16.430] [N] Adding Hand of Reckoning
[20:17:16.430] [N] Adding Hand of Salvation
[20:17:16.431] [N] Adding Righteous Defense
[20:17:16.432] [N] Adding Righteous Fury
[20:17:16.432] [N] Adding Seal of Justice
[20:17:16.433] [N] Adding Blessing of Might
[20:17:16.434] [N] Adding Judgement of Light
[20:17:16.435] [N] Adding Judgement of Wisdom
[20:17:16.435] [N] Adding Retribution Aura
[20:17:16.436] [N] Adding Seal of Command
[20:17:16.437] [N] Spell book built
[20:17:16.438] [D] [SpellManager] Subscribed to LEARNED_SPELL_IN_TAB, ACTIVE_TALENT_GROUP_CHANGED
[20:17:16.438] [D] Refresh() called. LastCount=0, CurrentCount=34
[20:17:16.438] [N] Building spell book
[20:17:16.439] [D] Found 34 spells from LocalPlayer.KnownSpells
[20:17:16.439] [N] Adding Arcane Affinity
[20:17:16.440] [N] Adding Arcane Torrent
[20:17:16.440] [N] Adding Auto Attack
[20:17:16.441] [N] Adding Block
[20:17:16.442] [N] Adding Dodge
[20:17:16.443] [N] Adding Magic Resistance
[20:17:16.443] [N] Adding Parry
[20:17:16.444] [N] Adding Blessing of Wisdom
[20:17:16.445] [N] Adding Concentration Aura
[20:17:16.446] [N] Adding Consecration
[20:17:16.446] [N] Adding Exorcism
[20:17:16.447] [N] Adding Flash of Light
[20:17:16.448] [N] Adding Holy Light
[20:17:16.449] [N] Adding Lay on Hands
[20:17:16.450] [N] Adding Purify
[20:17:16.451] [N] Adding Seal of Righteousness
[20:17:16.451] [N] Adding Sense Undead
[20:17:16.452] [N] Adding Turn Evil
[20:17:16.453] [N] Adding Blessing of Kings
[20:17:16.454] [N] Adding Devotion Aura
[20:17:16.454] [N] Adding Divine Protection
[20:17:16.455] [N] Adding Hammer of Justice
[20:17:16.456] [N] Adding Hand of Freedom
[20:17:16.457] [N] Adding Hand of Protection
[20:17:16.457] [N] Adding Hand of Reckoning
[20:17:16.458] [N] Adding Hand of Salvation
[20:17:16.459] [N] Adding Righteous Defense
[20:17:16.460] [N] Adding Righteous Fury
[20:17:16.461] [N] Adding Seal of Justice
[20:17:16.461] [N] Adding Blessing of Might
[20:17:16.462] [N] Adding Judgement of Light
[20:17:16.463] [N] Adding Judgement of Wisdom
[20:17:16.464] [N] Adding Retribution Aura
[20:17:16.464] [N] Adding Seal of Command
[20:17:16.465] [N] Spell book built
[20:17:16.466] [D] [SpellManager] Subscribed to LEARNED_SPELL_IN_TAB, ACTIVE_TALENT_GROUP_CHANGED
[20:17:16.466] [D] Refresh() called. LastCount=0, CurrentCount=34
[20:17:16.466] [N] Building spell book
[20:17:16.468] [D] Found 34 spells from LocalPlayer.KnownSpells
[20:17:16.468] [N] Adding Arcane Affinity
[20:17:16.468] [N] Adding Arcane Torrent
[20:17:16.469] [N] Adding Auto Attack
[20:17:16.470] [N] Adding Block
[20:17:16.471] [N] Adding Dodge
[20:17:16.472] [N] Adding Magic Resistance
[20:17:16.472] [N] Adding Parry
[20:17:16.473] [N] Adding Blessing of Wisdom
[20:17:16.474] [N] Adding Concentration Aura
[20:17:16.475] [N] Adding Consecration
[20:17:16.476] [N] Adding Exorcism
[20:17:16.476] [N] Adding Flash of Light
[20:17:16.477] [N] Adding Holy Light
[20:17:16.478] [N] Adding Lay on Hands
[20:17:16.479] [N] Adding Purify
[20:17:16.479] [N] Adding Seal of Righteousness
[20:17:16.480] [N] Adding Sense Undead
[20:17:16.482] [N] Adding Turn Evil
[20:17:16.483] [N] Adding Blessing of Kings
[20:17:16.483] [N] Adding Devotion Aura
[20:17:16.484] [N] Adding Divine Protection
[20:17:16.485] [N] Adding Hammer of Justice
[20:17:16.486] [N] Adding Hand of Freedom
[20:17:16.486] [N] Adding Hand of Protection
[20:17:16.487] [N] Adding Hand of Reckoning
[20:17:16.488] [N] Adding Hand of Salvation
[20:17:16.489] [N] Adding Righteous Defense
[20:17:16.490] [N] Adding Righteous Fury
[20:17:16.491] [N] Adding Seal of Justice
[20:17:16.491] [N] Adding Blessing of Might
[20:17:16.492] [N] Adding Judgement of Light
[20:17:16.493] [N] Adding Judgement of Wisdom
[20:17:16.494] [N] Adding Retribution Aura
[20:17:16.495] [N] Adding Seal of Command
[20:17:16.496] [N] Spell book built
[20:17:16.497] [D] [SpellManager] Subscribed to LEARNED_SPELL_IN_TAB, ACTIVE_TALENT_GROUP_CHANGED
[20:17:16.497] [D] Refresh() called. LastCount=0, CurrentCount=34
[20:17:16.497] [N] Building spell book
[20:17:16.498] [D] Found 34 spells from LocalPlayer.KnownSpells
[20:17:16.498] [N] Adding Arcane Affinity
[20:17:16.499] [N] Adding Arcane Torrent
[20:17:16.500] [N] Adding Auto Attack
[20:17:16.501] [N] Adding Block
[20:17:16.502] [N] Adding Dodge
[20:17:16.503] [N] Adding Magic Resistance
[20:17:16.503] [N] Adding Parry
[20:17:16.504] [N] Adding Blessing of Wisdom
[20:17:16.505] [N] Adding Concentration Aura
[20:17:16.506] [N] Adding Consecration
[20:17:16.507] [N] Adding Exorcism
[20:17:16.508] [N] Adding Flash of Light
[20:17:16.508] [N] Adding Holy Light
[20:17:16.509] [N] Adding Lay on Hands
[20:17:16.510] [N] Adding Purify
[20:17:16.512] [N] Adding Seal of Righteousness
[20:17:16.512] [N] Adding Sense Undead
[20:17:16.513] [N] Adding Turn Evil
[20:17:16.514] [N] Adding Blessing of Kings
[20:17:16.515] [N] Adding Devotion Aura
[20:17:16.516] [N] Adding Divine Protection
[20:17:16.517] [N] Adding Hammer of Justice
[20:17:16.517] [N] Adding Hand of Freedom
[20:17:16.518] [N] Adding Hand of Protection
[20:17:16.519] [N] Adding Hand of Reckoning
[20:17:16.520] [N] Adding Hand of Salvation
[20:17:16.521] [N] Adding Righteous Defense
[20:17:16.522] [N] Adding Righteous Fury
[20:17:16.523] [N] Adding Seal of Justice
[20:17:16.523] [N] Adding Blessing of Might
[20:17:16.524] [N] Adding Judgement of Light
[20:17:16.525] [N] Adding Judgement of Wisdom
[20:17:16.526] [N] Adding Retribution Aura
[20:17:16.527] [N] Adding Seal of Command
[20:17:16.528] [N] Spell book built
[20:17:16.529] [D] [SpellManager] Subscribed to LEARNED_SPELL_IN_TAB, ACTIVE_TALENT_GROUP_CHANGED
[20:17:16.529] [D] Refresh() called. LastCount=0, CurrentCount=34
[20:17:16.529] [N] Building spell book
[20:17:16.530] [D] Found 34 spells from LocalPlayer.KnownSpells
[20:17:16.530] [N] Adding Arcane Affinity
[20:17:16.531] [N] Adding Arcane Torrent
[20:17:16.532] [N] Adding Auto Attack
[20:17:16.533] [N] Adding Block
[20:17:16.534] [N] Adding Dodge
[20:17:16.535] [N] Adding Magic Resistance
[20:17:16.536] [N] Adding Parry
[20:17:16.537] [N] Adding Blessing of Wisdom
[20:17:16.537] [N] Adding Concentration Aura
[20:17:16.538] [N] Adding Consecration
[20:17:16.539] [N] Adding Exorcism
[20:17:16.541] [N] Adding Flash of Light
[20:17:16.542] [N] Adding Holy Light
[20:17:16.542] [N] Adding Lay on Hands
[20:17:16.543] [N] Adding Purify
[20:17:16.544] [N] Adding Seal of Righteousness
[20:17:16.545] [N] Adding Sense Undead
[20:17:16.546] [N] Adding Turn Evil
[20:17:16.547] [N] Adding Blessing of Kings
[20:17:16.548] [N] Adding Devotion Aura
[20:17:16.548] [N] Adding Divine Protection
[20:17:16.549] [N] Adding Hammer of Justice
[20:17:16.550] [N] Adding Hand of Freedom
[20:17:16.551] [N] Adding Hand of Protection
[20:17:16.552] [N] Adding Hand of Reckoning
[20:17:16.553] [N] Adding Hand of Salvation
[20:17:16.554] [N] Adding Righteous Defense
[20:17:16.554] [N] Adding Righteous Fury
[20:17:16.555] [N] Adding Seal of Justice
[20:17:16.556] [N] Adding Blessing of Might
[20:17:16.557] [N] Adding Judgement of Light
[20:17:16.558] [N] Adding Judgement of Wisdom
[20:17:16.559] [N] Adding Retribution Aura
[20:17:16.560] [N] Adding Seal of Command
[20:17:16.561] [N] Spell book built
[20:17:16.562] [D] [SpellManager] Subscribed to LEARNED_SPELL_IN_TAB, ACTIVE_TALENT_GROUP_CHANGED
[20:17:16.562] [D] Refresh() called. LastCount=0, CurrentCount=34
[20:17:16.562] [N] Building spell book
[20:17:16.563] [D] Found 34 spells from LocalPlayer.KnownSpells
[20:17:16.563] [N] Adding Arcane Affinity
[20:17:16.564] [N] Adding Arcane Torrent
[20:17:16.565] [N] Adding Auto Attack
[20:17:16.566] [N] Adding Block
[20:17:16.566] [N] Adding Dodge
[20:17:16.567] [N] Adding Magic Resistance
[20:17:16.568] [N] Adding Parry
[20:17:16.570] [N] Adding Blessing of Wisdom
[20:17:16.571] [N] Adding Concentration Aura
[20:17:16.572] [N] Adding Consecration
[20:17:16.573] [N] Adding Exorcism
[20:17:16.573] [N] Adding Flash of Light
[20:17:16.574] [N] Adding Holy Light
[20:17:16.575] [N] Adding Lay on Hands
[20:17:16.576] [N] Adding Purify
[20:17:16.577] [N] Adding Seal of Righteousness
[20:17:16.578] [N] Adding Sense Undead
[20:17:16.579] [N] Adding Turn Evil
[20:17:16.579] [N] Adding Blessing of Kings
[20:17:16.580] [N] Adding Devotion Aura
[20:17:16.581] [N] Adding Divine Protection
[20:17:16.582] [N] Adding Hammer of Justice
[20:17:16.583] [N] Adding Hand of Freedom
[20:17:16.584] [N] Adding Hand of Protection
[20:17:16.585] [N] Adding Hand of Reckoning
[20:17:16.586] [N] Adding Hand of Salvation
[20:17:16.587] [N] Adding Righteous Defense
[20:17:16.587] [N] Adding Righteous Fury
[20:17:16.588] [N] Adding Seal of Justice
[20:17:16.589] [N] Adding Blessing of Might
[20:17:16.590] [N] Adding Judgement of Light
[20:17:16.591] [N] Adding Judgement of Wisdom
[20:17:16.592] [N] Adding Retribution Aura
[20:17:16.593] [N] Adding Seal of Command
[20:17:16.594] [N] Spell book built
[20:17:16.595] [D] [SpellManager] Subscribed to LEARNED_SPELL_IN_TAB, ACTIVE_TALENT_GROUP_CHANGED
[20:17:16.595] [D] Refresh() called. LastCount=0, CurrentCount=34
[20:17:16.595] [N] Building spell book
[20:17:16.596] [D] Found 34 spells from LocalPlayer.KnownSpells
[20:17:16.596] [N] Adding Arcane Affinity
[20:17:16.598] [N] Adding Arcane Torrent
[20:17:16.599] [N] Adding Auto Attack
[20:17:16.600] [N] Adding Block
[20:17:16.601] [N] Adding Dodge
[20:17:16.602] [N] Adding Magic Resistance
[20:17:16.603] [N] Adding Parry
[20:17:16.604] [N] Adding Blessing of Wisdom
[20:17:16.605] [N] Adding Concentration Aura
[20:17:16.605] [N] Adding Consecration
[20:17:16.606] [N] Adding Exorcism
[20:17:16.607] [N] Adding Flash of Light
[20:17:16.608] [N] Adding Holy Light
[20:17:16.609] [N] Adding Lay on Hands
[20:17:16.610] [N] Adding Purify
[20:17:16.611] [N] Adding Seal of Righteousness
[20:17:16.612] [N] Adding Sense Undead
[20:17:16.613] [N] Adding Turn Evil
[20:17:16.614] [N] Adding Blessing of Kings
[20:17:16.615] [N] Adding Devotion Aura
[20:17:16.616] [N] Adding Divine Protection
[20:17:16.616] [N] Adding Hammer of Justice
[20:17:16.617] [N] Adding Hand of Freedom
[20:17:16.618] [N] Adding Hand of Protection
[20:17:16.619] [N] Adding Hand of Reckoning
[20:17:16.620] [N] Adding Hand of Salvation
[20:17:16.621] [N] Adding Righteous Defense
[20:17:16.622] [N] Adding Righteous Fury
[20:17:16.623] [N] Adding Seal of Justice
[20:17:16.624] [N] Adding Blessing of Might
[20:17:16.625] [N] Adding Judgement of Light
[20:17:16.626] [N] Adding Judgement of Wisdom
[20:17:16.628] [N] Adding Retribution Aura
[20:17:16.629] [N] Adding Seal of Command
[20:17:16.630] [N] Spell book built
[20:17:16.631] [D] [SpellManager] Subscribed to LEARNED_SPELL_IN_TAB, ACTIVE_TALENT_GROUP_CHANGED
[20:17:16.631] [D] Refresh() called. LastCount=0, CurrentCount=34
[20:17:16.631] [N] Building spell book
[20:17:16.632] [D] Found 34 spells from LocalPlayer.KnownSpells
[20:17:16.632] [N] Adding Arcane Affinity
[20:17:16.633] [N] Adding Arcane Torrent
[20:17:16.634] [N] Adding Auto Attack
[20:17:16.635] [N] Adding Block
[20:17:16.636] [N] Adding Dodge
[20:17:16.637] [N] Adding Magic Resistance
[20:17:16.638] [N] Adding Parry
[20:17:16.639] [N] Adding Blessing of Wisdom
[20:17:16.640] [N] Adding Concentration Aura
[20:17:16.641] [N] Adding Consecration
[20:17:16.642] [N] Adding Exorcism
[20:17:16.643] [N] Adding Flash of Light
[20:17:16.644] [N] Adding Holy Light
[20:17:16.645] [N] Adding Lay on Hands
[20:17:16.645] [N] Adding Purify
[20:17:16.646] [N] Adding Seal of Righteousness
[20:17:16.647] [N] Adding Sense Undead
[20:17:16.648] [N] Adding Turn Evil
[20:17:16.649] [N] Adding Blessing of Kings
[20:17:16.650] [N] Adding Devotion Aura
[20:17:16.651] [N] Adding Divine Protection
[20:17:16.652] [N] Adding Hammer of Justice
[20:17:16.653] [N] Adding Hand of Freedom
[20:17:16.654] [N] Adding Hand of Protection
[20:17:16.655] [N] Adding Hand of Reckoning
[20:17:16.657] [N] Adding Hand of Salvation
[20:17:16.658] [N] Adding Righteous Defense
[20:17:16.659] [N] Adding Righteous Fury
[20:17:16.660] [N] Adding Seal of Justice
[20:17:16.661] [N] Adding Blessing of Might
[20:17:16.662] [N] Adding Judgement of Light
[20:17:16.663] [N] Adding Judgement of Wisdom
[20:17:16.664] [N] Adding Retribution Aura
[20:17:16.665] [N] Adding Seal of Command
[20:17:16.666] [N] Spell book built
[20:17:16.667] [D] [SpellManager] Subscribed to LEARNED_SPELL_IN_TAB, ACTIVE_TALENT_GROUP_CHANGED
[20:17:16.667] [D] Refresh() called. LastCount=0, CurrentCount=34
[20:17:16.667] [N] Building spell book
[20:17:16.669] [D] Found 34 spells from LocalPlayer.KnownSpells
[20:17:16.669] [N] Adding Arcane Affinity
[20:17:16.670] [N] Adding Arcane Torrent
[20:17:16.670] [N] Adding Auto Attack
[20:17:16.671] [N] Adding Block
[20:17:16.672] [N] Adding Dodge
[20:17:16.673] [N] Adding Magic Resistance
[20:17:16.674] [N] Adding Parry
[20:17:16.675] [N] Adding Blessing of Wisdom
[20:17:16.676] [N] Adding Concentration Aura
[20:17:16.677] [N] Adding Consecration
[20:17:16.678] [N] Adding Exorcism
[20:17:16.679] [N] Adding Flash of Light
[20:17:16.680] [N] Adding Holy Light
[20:17:16.681] [N] Adding Lay on Hands
[20:17:16.682] [N] Adding Purify
[20:17:16.685] [N] Adding Seal of Righteousness
[20:17:16.686] [N] Adding Sense Undead
[20:17:16.687] [N] Adding Turn Evil
[20:17:16.688] [N] Adding Blessing of Kings
[20:17:16.689] [N] Adding Devotion Aura
[20:17:16.690] [N] Adding Divine Protection
[20:17:16.691] [N] Adding Hammer of Justice
[20:17:16.692] [N] Adding Hand of Freedom
[20:17:16.693] [N] Adding Hand of Protection
[20:17:16.694] [N] Adding Hand of Reckoning
[20:17:16.695] [N] Adding Hand of Salvation
[20:17:16.696] [N] Adding Righteous Defense
[20:17:16.697] [N] Adding Righteous Fury
[20:17:16.698] [N] Adding Seal of Justice
[20:17:16.699] [N] Adding Blessing of Might
[20:17:16.700] [N] Adding Judgement of Light
[20:17:16.701] [N] Adding Judgement of Wisdom
[20:17:16.702] [N] Adding Retribution Aura
[20:17:16.703] [N] Adding Seal of Command
[20:17:16.704] [N] Spell book built
[20:17:16.706] [D] [SpellManager] Subscribed to LEARNED_SPELL_IN_TAB, ACTIVE_TALENT_GROUP_CHANGED
[20:17:16.958] [D] [Pulse] Slow plugin: name=AutoEquip2 elapsed=211ms
[20:17:17.026] [D] [Pulse] Slow plugin: name=Tidy Bags 3 Reloaded elapsed=66ms
[20:17:17.026] [D] [Pulse] Slow shared pulse: total=320ms movement=0 objects=0 lua=0 info=0 loot=2 targeting=36 events=0 plugins=279 routine=0
[20:17:17.327] [D] [Pulse] Slow bot root: 300ms bot=Combat Bot poi=None combat=False
[20:17:17.760] [D] [Pulse] Slow bot root: 301ms bot=Combat Bot poi=None combat=False
[20:17:18.164] [D] [Pulse] Slow bot root: 302ms bot=Combat Bot poi=None combat=False
[20:17:18.564] [D] [Pulse] Slow bot root: 299ms bot=Combat Bot poi=None combat=False
[20:17:18.962] [D] [Pulse] Slow bot root: 297ms bot=Combat Bot poi=None combat=False
[20:17:19.364] [D] [Pulse] Slow bot root: 300ms bot=Combat Bot poi=None combat=False
[20:17:19.538] [D] [Pulse] Slow bot root: 118ms bot=Combat Bot poi=None combat=False
[20:17:19.691] [D] [Pulse] Slow bot root: 101ms bot=Combat Bot poi=None combat=False
[20:17:20.643] [D] [Singular-DEBUG] Switched targets!
[20:17:20.644] [D] [Singular-DEBUG] Melee Distance: 5
[20:17:20.644] [D] [Singular-DEBUG] Health: 10.725
[20:17:20.644] [D] [Singular-DEBUG] Level: 27
[20:17:20.667] [N] [Singular] Casting Exorcism on Arcane Nullifier X-21
[20:17:20.667] [D] Spell_C::CastSpell(879, 0, 0xF130001858000164, 0)
[20:17:22.492] [N] [Singular] Currect target is invalid. Switching to Dark Iron Agent!
[20:17:22.796] [D] [Singular-DEBUG] Switched targets!
[20:17:22.796] [D] [Singular-DEBUG] Melee Distance: 5
[20:17:22.796] [D] [Singular-DEBUG] Health: 91.5
[20:17:22.796] [D] [Singular-DEBUG] Level: 27
[20:17:22.928] [N] [Singular] Casting Judgement of Light on Dark Iron Agent
[20:17:22.928] [D] Spell_C::CastSpell(20271, 0, 0xF130001844000139, 0)
[20:17:24.506] [N] [Singular] Casting Consecration on Dark Iron Agent
[20:17:24.506] [D] Spell_C::CastSpell(26573, 0, 0xF130001844000139, 0)
[20:17:25.653] [N] [AutoEquip]: Loot roll in progress
[20:17:25.670] [N] [AutoEquip]: Rolling Greed
[20:17:26.660] [N] [Combat Bot] has no configuration window.
[20:17:27.056] [D] [Pulse] Slow plugin: name=Tidy Bags 3 Reloaded elapsed=39ms
[20:17:30.676] [D] [Pulse] Slow bot root: 134ms bot=Combat Bot poi=None combat=True
[20:17:31.374] [N] [Singular] Casting Judgement of Light on Dark Iron Agent
[20:17:31.374] [D] Spell_C::CastSpell(20271, 0, 0xF130001844000139, 0)
[20:17:31.408] [D] [Pulse] Slow bot root: 134ms bot=Combat Bot poi=None combat=True
[20:17:32.996] [N] [Singular] Casting Consecration on Dark Iron Agent
[20:17:32.996] [D] Spell_C::CastSpell(26573, 0, 0xF130001844000139, 0)
[20:17:33.029] [D] [Pulse] Slow bot root: 101ms bot=Combat Bot poi=None combat=True
[20:17:36.135] [N] [Singular] Currect target is invalid. Switching to Dark Iron Agent!
[20:17:36.504] [D] [Singular-DEBUG] Switched targets!
[20:17:36.504] [D] [Singular-DEBUG] Melee Distance: 5
[20:17:36.504] [D] [Singular-DEBUG] Health: 66.33333333333333
[20:17:36.504] [D] [Singular-DEBUG] Level: 27
[20:17:37.170] [D] [Pulse] Slow plugin: name=Tidy Bags 3 Reloaded elapsed=40ms
[20:17:37.538] [N] [Singular] Casting Exorcism on Dark Iron Agent
[20:17:37.538] [D] Spell_C::CastSpell(879, 0, 0xF130001844000132, 0)
[20:17:37.571] [D] [Pulse] Slow bot root: 133ms bot=Combat Bot poi=None combat=True
[20:17:39.814] [N] [Singular] Casting Judgement of Light on Dark Iron Agent
[20:17:39.814] [D] Spell_C::CastSpell(20271, 0, 0xF130001844000132, 0)
[20:17:39.848] [D] [Pulse] Slow bot root: 134ms bot=Combat Bot poi=None combat=True
[20:17:47.293] [D] [Pulse] Slow plugin: name=Tidy Bags 3 Reloaded elapsed=43ms
[20:17:48.228] [N] [Singular] Casting Judgement of Light on Dark Iron Agent
[20:17:48.228] [D] Spell_C::CastSpell(20271, 0, 0xF130001844000132, 0)
[20:17:48.260] [D] [Pulse] Slow bot root: 133ms bot=Combat Bot poi=None combat=True
[20:17:49.668] [N] [Singular] Currect target is invalid. Switching to Dark Iron Agent!
[20:17:49.802] [D] [Singular-DEBUG] Switched targets!
[20:17:49.802] [D] [Singular-DEBUG] Melee Distance: 5
[20:17:49.802] [D] [Singular-DEBUG] Health: 4.125
[20:17:49.802] [D] [Singular-DEBUG] Level: 27
[20:17:50.101] [D] [Pulse] Slow bot root: 199ms bot=Combat Bot poi=None combat=True
[20:17:50.369] [D] [Pulse] Slow bot root: 165ms bot=Combat Bot poi=None combat=True
[20:17:50.603] [D] [Pulse] Slow bot root: 131ms bot=Combat Bot poi=None combat=True
[20:17:51.286] [D] System.NullReferenceException: Object reference not set to an instance of an object.
   at Singular.Helpers.Unit.IsBoss(WoWUnit unit)
   at Singular.ClassSpecific.Paladin.Retribution.<>c.<CreateRetributionPaladinInstancePullAndCombat>b__4_7(Object ret)
   at Singular.Helpers.Spell.<>c__DisplayClass18_0.<Cast>b__0(Object ret)
   at TreeSharp.Decorator.Execute(Object context)+MoveNext()
   at TreeSharp.Composite.Tick(Object context)
[20:17:51.287] [D] System.NullReferenceException: Object reference not set to an instance of an object.
   at Singular.ClassSpecific.Paladin.Retribution.<>c.<CreateRetributionPaladinInstancePullAndCombat>b__4_12(Object ret)
   at Singular.Helpers.Spell.<>c__DisplayClass18_0.<Cast>b__0(Object ret)
   at TreeSharp.Decorator.Execute(Object context)+MoveNext()
   at TreeSharp.Composite.Tick(Object context)
[20:17:51.291] [D] System.NullReferenceException: Object reference not set to an instance of an object.
   at Singular.ClassSpecific.Paladin.Retribution.<>c.<CreateRetributionPaladinInstancePullAndCombat>b__4_14(Object ret)
   at Singular.Helpers.Spell.<>c__DisplayClass18_0.<Cast>b__0(Object ret)
   at TreeSharp.Decorator.Execute(Object context)+MoveNext()
   at TreeSharp.Composite.Tick(Object context)
[20:17:51.294] [D] System.NullReferenceException: Object reference not set to an instance of an object.
   at Singular.ClassSpecific.Paladin.Retribution.<>c.<CreateRetributionPaladinInstancePullAndCombat>b__4_16(Object ret)
   at Singular.Helpers.Spell.<>c__DisplayClass18_0.<Cast>b__0(Object ret)
   at TreeSharp.Decorator.Execute(Object context)+MoveNext()
   at TreeSharp.Composite.Tick(Object context)
[20:17:51.408] [D] [Singular-DEBUG] Switched targets!
[20:17:51.408] [D] [Singular-DEBUG] Melee Distance: 5.8333335
[20:17:51.408] [D] [Singular-DEBUG] Health: 100
[20:17:51.408] [D] [Singular-DEBUG] Level: 31
[20:17:51.441] [N] Drinking Melon Juice
[20:17:52.552] [N] Stopping the bot!
[20:17:52.553] [N] Bot stopping! Reason: User request
[20:17:52.556] [D] Exception in GetReturnValues: Thread was interrupted from a waiting state.
[20:17:52.611] [D] Cleared POI
[20:17:52.611] [D] Worker thread exited cleanly
[20:18:06.609] [D] [Settings] Saved all settings
[20:18:06.609] [N] Starting the bot.
[20:18:06.611] [N] Currently Using BotBase : Combat Bot
[20:18:06.612] [N] Character is a level 27 BloodElf Paladin
[20:18:06.614] [N] Current zone is Gnomeregan
[20:18:06.614] [D] Loading profile from D:\World of Warcraft 3.3.5a\CB\Bots\WholesomeAutoQuest\WHOLESOME_AUTOQUESTER.xml
[20:18:06.615] [D] [CompileBatch] Compiling 1 entries...
[20:18:06.687] [D] [CompileBatch] Compiled successfully.
[20:18:06.687] [N] Profile loaded: WholesomeAQ - Thousand Needles
[20:18:06.700] [D] Selected sub-profile: WholesomeAQ - Thousand Needles (L1-80)
[20:18:06.767] [D] Setting CVars: autoSelfCast=1, autoLootDefault=1
[20:18:06.836] [D] Cleared POI
[20:18:06.836] [D] Refresh() called. LastCount=0, CurrentCount=34
[20:18:06.836] [N] Building spell book
[20:18:06.838] [D] Found 34 spells from LocalPlayer.KnownSpells
[20:18:06.838] [N] Adding Arcane Affinity
[20:18:06.843] [N] Adding Arcane Torrent
[20:18:06.844] [N] Adding Auto Attack
[20:18:06.846] [N] Adding Block
[20:18:06.847] [N] Adding Dodge
[20:18:06.848] [N] Adding Magic Resistance
[20:18:06.850] [N] Adding Parry
[20:18:06.851] [N] Adding Blessing of Wisdom
[20:18:06.853] [N] Adding Concentration Aura
[20:18:06.854] [N] Adding Consecration
[20:18:06.856] [N] Adding Exorcism
[20:18:06.857] [N] Adding Flash of Light
[20:18:06.858] [N] Adding Holy Light
[20:18:06.860] [N] Adding Lay on Hands
[20:18:06.861] [N] Adding Purify
[20:18:06.863] [N] Adding Seal of Righteousness
[20:18:06.864] [N] Adding Sense Undead
[20:18:06.866] [N] Adding Turn Evil
[20:18:06.867] [N] Adding Blessing of Kings
[20:18:06.869] [N] Adding Devotion Aura
[20:18:06.870] [N] Adding Divine Protection
[20:18:06.871] [N] Adding Hammer of Justice
[20:18:06.873] [N] Adding Hand of Freedom
[20:18:06.874] [N] Adding Hand of Protection
[20:18:06.876] [N] Adding Hand of Reckoning
[20:18:06.877] [N] Adding Hand of Salvation
[20:18:06.879] [N] Adding Righteous Defense
[20:18:06.881] [N] Adding Righteous Fury
[20:18:06.882] [N] Adding Seal of Justice
[20:18:06.884] [N] Adding Blessing of Might
[20:18:06.885] [N] Adding Judgement of Light
[20:18:06.892] [N] Adding Judgement of Wisdom
[20:18:06.894] [N] Adding Retribution Aura
[20:18:06.896] [N] Adding Seal of Command
[20:18:06.898] [N] Spell book built
[20:18:06.899] [D] [SpellManager] Initialize — subscribed to BotEvents.OnBotStart
[20:18:06.899] [D] Default area costs set (Road=1.0, Ground=1.66)
[20:18:06.899] [D] Faction filter set: Horde (excluding Alliance paths)
[20:18:06.900] [D] Refresh() called. LastCount=0, CurrentCount=34
[20:18:06.900] [N] Building spell book
[20:18:06.901] [D] Found 34 spells from LocalPlayer.KnownSpells
[20:18:06.901] [N] Adding Arcane Affinity
[20:18:06.903] [N] Adding Arcane Torrent
[20:18:06.904] [N] Adding Auto Attack
[20:18:06.906] [N] Adding Block
[20:18:06.907] [N] Adding Dodge
[20:18:06.909] [N] Adding Magic Resistance
[20:18:06.910] [N] Adding Parry
[20:18:06.911] [N] Adding Blessing of Wisdom
[20:18:06.913] [N] Adding Concentration Aura
[20:18:06.914] [N] Adding Consecration
[20:18:06.916] [N] Adding Exorcism
[20:18:06.917] [N] Adding Flash of Light
[20:18:06.919] [N] Adding Holy Light
[20:18:06.920] [N] Adding Lay on Hands
[20:18:06.921] [N] Adding Purify
[20:18:06.923] [N] Adding Seal of Righteousness
[20:18:06.924] [N] Adding Sense Undead
[20:18:06.926] [N] Adding Turn Evil
[20:18:06.928] [N] Adding Blessing of Kings
[20:18:06.930] [N] Adding Devotion Aura
[20:18:06.931] [N] Adding Divine Protection
[20:18:06.933] [N] Adding Hammer of Justice
[20:18:06.934] [N] Adding Hand of Freedom
[20:18:06.936] [N] Adding Hand of Protection
[20:18:06.937] [N] Adding Hand of Reckoning
[20:18:06.938] [N] Adding Hand of Salvation
[20:18:06.940] [N] Adding Righteous Defense
[20:18:06.941] [N] Adding Righteous Fury
[20:18:06.943] [N] Adding Seal of Justice
[20:18:06.944] [N] Adding Blessing of Might
[20:18:06.946] [N] Adding Judgement of Light
[20:18:06.947] [N] Adding Judgement of Wisdom
[20:18:06.949] [N] Adding Retribution Aura
[20:18:06.950] [N] Adding Seal of Command
[20:18:06.952] [N] Spell book built
[20:18:06.953] [D] [SpellManager] Subscribed to LEARNED_SPELL_IN_TAB, ACTIVE_TALENT_GROUP_CHANGED
[20:18:06.954] [D] Refresh() called. LastCount=0, CurrentCount=34
[20:18:06.954] [N] Building spell book
[20:18:06.955] [D] Found 34 spells from LocalPlayer.KnownSpells
[20:18:06.955] [N] Adding Arcane Affinity
[20:18:06.957] [N] Adding Arcane Torrent
[20:18:06.958] [N] Adding Auto Attack
[20:18:06.960] [N] Adding Block
[20:18:06.961] [N] Adding Dodge
[20:18:06.964] [N] Adding Magic Resistance
[20:18:06.965] [N] Adding Parry
[20:18:06.967] [N] Adding Blessing of Wisdom
[20:18:06.968] [N] Adding Concentration Aura
[20:18:06.970] [N] Adding Consecration
[20:18:06.971] [N] Adding Exorcism
[20:18:06.972] [N] Adding Flash of Light
[20:18:06.974] [N] Adding Holy Light
[20:18:06.975] [N] Adding Lay on Hands
[20:18:06.977] [N] Adding Purify
[20:18:06.978] [N] Adding Seal of Righteousness
[20:18:06.980] [N] Adding Sense Undead
[20:18:06.981] [N] Adding Turn Evil
[20:18:06.983] [N] Adding Blessing of Kings
[20:18:06.984] [N] Adding Devotion Aura
[20:18:06.986] [N] Adding Divine Protection
[20:18:06.987] [N] Adding Hammer of Justice
[20:18:06.989] [N] Adding Hand of Freedom
[20:18:06.990] [N] Adding Hand of Protection
[20:18:06.992] [N] Adding Hand of Reckoning
[20:18:06.993] [N] Adding Hand of Salvation
[20:18:06.995] [N] Adding Righteous Defense
[20:18:06.996] [N] Adding Righteous Fury
[20:18:06.998] [N] Adding Seal of Justice
[20:18:07.000] [N] Adding Blessing of Might
[20:18:07.002] [N] Adding Judgement of Light
[20:18:07.003] [N] Adding Judgement of Wisdom
[20:18:07.005] [N] Adding Retribution Aura
[20:18:07.006] [N] Adding Seal of Command
[20:18:07.008] [N] Spell book built
[20:18:07.010] [D] [SpellManager] Subscribed to LEARNED_SPELL_IN_TAB, ACTIVE_TALENT_GROUP_CHANGED
[20:18:07.010] [D] Refresh() called. LastCount=0, CurrentCount=34
[20:18:07.010] [N] Building spell book
[20:18:07.011] [D] Found 34 spells from LocalPlayer.KnownSpells
[20:18:07.011] [N] Adding Arcane Affinity
[20:18:07.013] [N] Adding Arcane Torrent
[20:18:07.014] [N] Adding Auto Attack
[20:18:07.016] [N] Adding Block
[20:18:07.018] [N] Adding Dodge
[20:18:07.019] [N] Adding Magic Resistance
[20:18:07.020] [N] Adding Parry
[20:18:07.022] [N] Adding Blessing of Wisdom
[20:18:07.023] [N] Adding Concentration Aura
[20:18:07.025] [N] Adding Consecration
[20:18:07.027] [N] Adding Exorcism
[20:18:07.028] [N] Adding Flash of Light
[20:18:07.030] [N] Adding Holy Light
[20:18:07.031] [N] Adding Lay on Hands
[20:18:07.033] [N] Adding Purify
[20:18:07.035] [N] Adding Seal of Righteousness
[20:18:07.037] [N] Adding Sense Undead
[20:18:07.038] [N] Adding Turn Evil
[20:18:07.040] [N] Adding Blessing of Kings
[20:18:07.041] [N] Adding Devotion Aura
[20:18:07.043] [N] Adding Divine Protection
[20:18:07.044] [N] Adding Hammer of Justice
[20:18:07.046] [N] Adding Hand of Freedom
[20:18:07.047] [N] Adding Hand of Protection
[20:18:07.049] [N] Adding Hand of Reckoning
[20:18:07.051] [N] Adding Hand of Salvation
[20:18:07.052] [N] Adding Righteous Defense
[20:18:07.054] [N] Adding Righteous Fury
[20:18:07.055] [N] Adding Seal of Justice
[20:18:07.057] [N] Adding Blessing of Might
[20:18:07.058] [N] Adding Judgement of Light
[20:18:07.060] [N] Adding Judgement of Wisdom
[20:18:07.062] [N] Adding Retribution Aura
[20:18:07.063] [N] Adding Seal of Command
[20:18:07.065] [N] Spell book built
[20:18:07.068] [D] [SpellManager] Subscribed to LEARNED_SPELL_IN_TAB, ACTIVE_TALENT_GROUP_CHANGED
[20:18:07.068] [D] Refresh() called. LastCount=0, CurrentCount=34
[20:18:07.068] [N] Building spell book
[20:18:07.070] [D] Found 34 spells from LocalPlayer.KnownSpells
[20:18:07.070] [N] Adding Arcane Affinity
[20:18:07.071] [N] Adding Arcane Torrent
[20:18:07.073] [N] Adding Auto Attack
[20:18:07.075] [N] Adding Block
[20:18:07.076] [N] Adding Dodge
[20:18:07.078] [N] Adding Magic Resistance
[20:18:07.080] [N] Adding Parry
[20:18:07.081] [N] Adding Blessing of Wisdom
[20:18:07.083] [N] Adding Concentration Aura
[20:18:07.084] [N] Adding Consecration
[20:18:07.086] [N] Adding Exorcism
[20:18:07.088] [N] Adding Flash of Light
[20:18:07.089] [N] Adding Holy Light
[20:18:07.091] [N] Adding Lay on Hands
[20:18:07.092] [N] Adding Purify
[20:18:07.094] [N] Adding Seal of Righteousness
[20:18:07.096] [N] Adding Sense Undead
[20:18:07.097] [N] Adding Turn Evil
[20:18:07.099] [N] Adding Blessing of Kings
[20:18:07.101] [N] Adding Devotion Aura
[20:18:07.103] [N] Adding Divine Protection
[20:18:07.105] [N] Adding Hammer of Justice
[20:18:07.106] [N] Adding Hand of Freedom
[20:18:07.108] [N] Adding Hand of Protection
[20:18:07.110] [N] Adding Hand of Reckoning
[20:18:07.111] [N] Adding Hand of Salvation
[20:18:07.113] [N] Adding Righteous Defense
[20:18:07.114] [N] Adding Righteous Fury
[20:18:07.116] [N] Adding Seal of Justice
[20:18:07.118] [N] Adding Blessing of Might
[20:18:07.119] [N] Adding Judgement of Light
[20:18:07.121] [N] Adding Judgement of Wisdom
[20:18:07.123] [N] Adding Retribution Aura
[20:18:07.124] [N] Adding Seal of Command
[20:18:07.126] [N] Spell book built
[20:18:07.128] [D] [SpellManager] Subscribed to LEARNED_SPELL_IN_TAB, ACTIVE_TALENT_GROUP_CHANGED
[20:18:07.128] [D] Refresh() called. LastCount=0, CurrentCount=34
[20:18:07.128] [N] Building spell book
[20:18:07.130] [D] Found 34 spells from LocalPlayer.KnownSpells
[20:18:07.130] [N] Adding Arcane Affinity
[20:18:07.132] [N] Adding Arcane Torrent
[20:18:07.133] [N] Adding Auto Attack
[20:18:07.135] [N] Adding Block
[20:18:07.137] [N] Adding Dodge
[20:18:07.139] [N] Adding Magic Resistance
[20:18:07.141] [N] Adding Parry
[20:18:07.142] [N] Adding Blessing of Wisdom
[20:18:07.144] [N] Adding Concentration Aura
[20:18:07.145] [N] Adding Consecration
[20:18:07.147] [N] Adding Exorcism
[20:18:07.149] [N] Adding Flash of Light
[20:18:07.150] [N] Adding Holy Light
[20:18:07.152] [N] Adding Lay on Hands
[20:18:07.153] [N] Adding Purify
[20:18:07.155] [N] Adding Seal of Righteousness
[20:18:07.157] [N] Adding Sense Undead
[20:18:07.158] [N] Adding Turn Evil
[20:18:07.160] [N] Adding Blessing of Kings
[20:18:07.162] [N] Adding Devotion Aura
[20:18:07.163] [N] Adding Divine Protection
[20:18:07.165] [N] Adding Hammer of Justice
[20:18:07.167] [N] Adding Hand of Freedom
[20:18:07.168] [N] Adding Hand of Protection
[20:18:07.170] [N] Adding Hand of Reckoning
[20:18:07.172] [N] Adding Hand of Salvation
[20:18:07.174] [N] Adding Righteous Defense
[20:18:07.176] [N] Adding Righteous Fury
[20:18:07.177] [N] Adding Seal of Justice
[20:18:07.179] [N] Adding Blessing of Might
[20:18:07.180] [N] Adding Judgement of Light
[20:18:07.182] [N] Adding Judgement of Wisdom
[20:18:07.184] [N] Adding Retribution Aura
[20:18:07.185] [N] Adding Seal of Command
[20:18:07.187] [N] Spell book built
[20:18:07.189] [D] [SpellManager] Subscribed to LEARNED_SPELL_IN_TAB, ACTIVE_TALENT_GROUP_CHANGED
[20:18:07.189] [D] Refresh() called. LastCount=0, CurrentCount=34
[20:18:07.189] [N] Building spell book
[20:18:07.191] [D] Found 34 spells from LocalPlayer.KnownSpells
[20:18:07.191] [N] Adding Arcane Affinity
[20:18:07.193] [N] Adding Arcane Torrent
[20:18:07.194] [N] Adding Auto Attack
[20:18:07.196] [N] Adding Block
[20:18:07.197] [N] Adding Dodge
[20:18:07.199] [N] Adding Magic Resistance
[20:18:07.201] [N] Adding Parry
[20:18:07.203] [N] Adding Blessing of Wisdom
[20:18:07.205] [N] Adding Concentration Aura
[20:18:07.207] [N] Adding Consecration
[20:18:07.209] [N] Adding Exorcism
[20:18:07.210] [N] Adding Flash of Light
[20:18:07.212] [N] Adding Holy Light
[20:18:07.213] [N] Adding Lay on Hands
[20:18:07.215] [N] Adding Purify
[20:18:07.217] [N] Adding Seal of Righteousness
[20:18:07.218] [N] Adding Sense Undead
[20:18:07.220] [N] Adding Turn Evil
[20:18:07.222] [N] Adding Blessing of Kings
[20:18:07.223] [N] Adding Devotion Aura
[20:18:07.225] [N] Adding Divine Protection
[20:18:07.227] [N] Adding Hammer of Justice
[20:18:07.228] [N] Adding Hand of Freedom
[20:18:07.230] [N] Adding Hand of Protection
[20:18:07.232] [N] Adding Hand of Reckoning
[20:18:07.233] [N] Adding Hand of Salvation
[20:18:07.235] [N] Adding Righteous Defense
[20:18:07.236] [N] Adding Righteous Fury
[20:18:07.238] [N] Adding Seal of Justice
[20:18:07.241] [N] Adding Blessing of Might
[20:18:07.242] [N] Adding Judgement of Light
[20:18:07.244] [N] Adding Judgement of Wisdom
[20:18:07.246] [N] Adding Retribution Aura
[20:18:07.247] [N] Adding Seal of Command
[20:18:07.249] [N] Spell book built
[20:18:07.251] [D] [SpellManager] Subscribed to LEARNED_SPELL_IN_TAB, ACTIVE_TALENT_GROUP_CHANGED
[20:18:07.251] [D] Refresh() called. LastCount=0, CurrentCount=34
[20:18:07.251] [N] Building spell book
[20:18:07.253] [D] Found 34 spells from LocalPlayer.KnownSpells
[20:18:07.253] [N] Adding Arcane Affinity
[20:18:07.255] [N] Adding Arcane Torrent
[20:18:07.256] [N] Adding Auto Attack
[20:18:07.258] [N] Adding Block
[20:18:07.260] [N] Adding Dodge
[20:18:07.261] [N] Adding Magic Resistance
[20:18:07.263] [N] Adding Parry
[20:18:07.265] [N] Adding Blessing of Wisdom
[20:18:07.266] [N] Adding Concentration Aura
[20:18:07.268] [N] Adding Consecration
[20:18:07.270] [N] Adding Exorcism
[20:18:07.271] [N] Adding Flash of Light
[20:18:07.274] [N] Adding Holy Light
[20:18:07.276] [N] Adding Lay on Hands
[20:18:07.278] [N] Adding Purify
[20:18:07.279] [N] Adding Seal of Righteousness
[20:18:07.281] [N] Adding Sense Undead
[20:18:07.283] [N] Adding Turn Evil
[20:18:07.284] [N] Adding Blessing of Kings
[20:18:07.286] [N] Adding Devotion Aura
[20:18:07.288] [N] Adding Divine Protection
[20:18:07.290] [N] Adding Hammer of Justice
[20:18:07.291] [N] Adding Hand of Freedom
[20:18:07.293] [N] Adding Hand of Protection
[20:18:07.295] [N] Adding Hand of Reckoning
[20:18:07.297] [N] Adding Hand of Salvation
[20:18:07.298] [N] Adding Righteous Defense
[20:18:07.300] [N] Adding Righteous Fury
[20:18:07.302] [N] Adding Seal of Justice
[20:18:07.304] [N] Adding Blessing of Might
[20:18:07.306] [N] Adding Judgement of Light
[20:18:07.328] [N] Adding Judgement of Wisdom
[20:18:07.328] [N] Adding Retribution Aura
[20:18:07.328] [N] Adding Seal of Command
[20:18:07.328] [N] Spell book built
[20:18:07.328] [D] [SpellManager] Subscribed to LEARNED_SPELL_IN_TAB, ACTIVE_TALENT_GROUP_CHANGED
[20:18:07.328] [D] Refresh() called. LastCount=0, CurrentCount=34
[20:18:07.328] [N] Building spell book
[20:18:07.329] [D] Found 34 spells from LocalPlayer.KnownSpells
[20:18:07.329] [N] Adding Arcane Affinity
[20:18:07.329] [N] Adding Arcane Torrent
[20:18:07.329] [N] Adding Auto Attack
[20:18:07.329] [N] Adding Block
[20:18:07.329] [N] Adding Dodge
[20:18:07.329] [N] Adding Magic Resistance
[20:18:07.329] [N] Adding Parry
[20:18:07.329] [N] Adding Blessing of Wisdom
[20:18:07.330] [N] Adding Concentration Aura
[20:18:07.330] [N] Adding Consecration
[20:18:07.330] [N] Adding Exorcism
[20:18:07.330] [N] Adding Flash of Light
[20:18:07.330] [N] Adding Holy Light
[20:18:07.330] [N] Adding Lay on Hands
[20:18:07.330] [N] Adding Purify
[20:18:07.330] [N] Adding Seal of Righteousness
[20:18:07.330] [N] Adding Sense Undead
[20:18:07.331] [N] Adding Turn Evil
[20:18:07.331] [N] Adding Blessing of Kings
[20:18:07.331] [N] Adding Devotion Aura
[20:18:07.331] [N] Adding Divine Protection
[20:18:07.331] [N] Adding Hammer of Justice
[20:18:07.331] [N] Adding Hand of Freedom
[20:18:07.331] [N] Adding Hand of Protection
[20:18:07.331] [N] Adding Hand of Reckoning
[20:18:07.332] [N] Adding Hand of Salvation
[20:18:07.332] [N] Adding Righteous Defense
[20:18:07.332] [N] Adding Righteous Fury
[20:18:07.332] [N] Adding Seal of Justice
[20:18:07.332] [N] Adding Blessing of Might
[20:18:07.332] [N] Adding Judgement of Light
[20:18:07.332] [N] Adding Judgement of Wisdom
[20:18:07.332] [N] Adding Retribution Aura
[20:18:07.333] [N] Adding Seal of Command
[20:18:07.333] [N] Spell book built
[20:18:07.333] [D] [SpellManager] Subscribed to LEARNED_SPELL_IN_TAB, ACTIVE_TALENT_GROUP_CHANGED
[20:18:07.333] [D] Refresh() called. LastCount=0, CurrentCount=34
[20:18:07.333] [N] Building spell book
[20:18:07.334] [D] Found 34 spells from LocalPlayer.KnownSpells
[20:18:07.334] [N] Adding Arcane Affinity
[20:18:07.334] [N] Adding Arcane Torrent
[20:18:07.334] [N] Adding Auto Attack
[20:18:07.334] [N] Adding Block
[20:18:07.334] [N] Adding Dodge
[20:18:07.334] [N] Adding Magic Resistance
[20:18:07.335] [N] Adding Parry
[20:18:07.335] [N] Adding Blessing of Wisdom
[20:18:07.335] [N] Adding Concentration Aura
[20:18:07.335] [N] Adding Consecration
[20:18:07.335] [N] Adding Exorcism
[20:18:07.335] [N] Adding Flash of Light
[20:18:07.335] [N] Adding Holy Light
[20:18:07.336] [N] Adding Lay on Hands
[20:18:07.336] [N] Adding Purify
[20:18:07.336] [N] Adding Seal of Righteousness
[20:18:07.336] [N] Adding Sense Undead
[20:18:07.336] [N] Adding Turn Evil
[20:18:07.336] [N] Adding Blessing of Kings
[20:18:07.337] [N] Adding Devotion Aura
[20:18:07.337] [N] Adding Divine Protection
[20:18:07.337] [N] Adding Hammer of Justice
[20:18:07.337] [N] Adding Hand of Freedom
[20:18:07.337] [N] Adding Hand of Protection
[20:18:07.337] [N] Adding Hand of Reckoning
[20:18:07.337] [N] Adding Hand of Salvation
[20:18:07.338] [N] Adding Righteous Defense
[20:18:07.338] [N] Adding Righteous Fury
[20:18:07.338] [N] Adding Seal of Justice
[20:18:07.338] [N] Adding Blessing of Might
[20:18:07.338] [N] Adding Judgement of Light
[20:18:07.338] [N] Adding Judgement of Wisdom
[20:18:07.339] [N] Adding Retribution Aura
[20:18:07.339] [N] Adding Seal of Command
[20:18:07.339] [N] Spell book built
[20:18:07.339] [D] [SpellManager] Subscribed to LEARNED_SPELL_IN_TAB, ACTIVE_TALENT_GROUP_CHANGED
[20:18:07.340] [D] Refresh() called. LastCount=0, CurrentCount=34
[20:18:07.340] [N] Building spell book
[20:18:07.340] [D] Found 34 spells from LocalPlayer.KnownSpells
[20:18:07.340] [N] Adding Arcane Affinity
[20:18:07.340] [N] Adding Arcane Torrent
[20:18:07.340] [N] Adding Auto Attack
[20:18:07.341] [N] Adding Block
[20:18:07.341] [N] Adding Dodge
[20:18:07.341] [N] Adding Magic Resistance
[20:18:07.341] [N] Adding Parry
[20:18:07.341] [N] Adding Blessing of Wisdom
[20:18:07.342] [N] Adding Concentration Aura
[20:18:07.342] [N] Adding Consecration
[20:18:07.342] [N] Adding Exorcism
[20:18:07.342] [N] Adding Flash of Light
[20:18:07.342] [N] Adding Holy Light
[20:18:07.342] [N] Adding Lay on Hands
[20:18:07.343] [N] Adding Purify
[20:18:07.343] [N] Adding Seal of Righteousness
[20:18:07.343] [N] Adding Sense Undead
[20:18:07.343] [N] Adding Turn Evil
[20:18:07.343] [N] Adding Blessing of Kings
[20:18:07.344] [N] Adding Devotion Aura
[20:18:07.344] [N] Adding Divine Protection
[20:18:07.344] [N] Adding Hammer of Justice
[20:18:07.344] [N] Adding Hand of Freedom
[20:18:07.344] [N] Adding Hand of Protection
[20:18:07.345] [N] Adding Hand of Reckoning
[20:18:07.345] [N] Adding Hand of Salvation
[20:18:07.345] [N] Adding Righteous Defense
[20:18:07.345] [N] Adding Righteous Fury
[20:18:07.345] [N] Adding Seal of Justice
[20:18:07.346] [N] Adding Blessing of Might
[20:18:07.346] [N] Adding Judgement of Light
[20:18:07.346] [N] Adding Judgement of Wisdom
[20:18:07.346] [N] Adding Retribution Aura
[20:18:07.347] [N] Adding Seal of Command
[20:18:07.347] [N] Spell book built
[20:18:07.347] [D] [SpellManager] Subscribed to LEARNED_SPELL_IN_TAB, ACTIVE_TALENT_GROUP_CHANGED
[20:18:07.348] [D] Refresh() called. LastCount=0, CurrentCount=34
[20:18:07.348] [N] Building spell book
[20:18:07.348] [D] Found 34 spells from LocalPlayer.KnownSpells
[20:18:07.348] [N] Adding Arcane Affinity
[20:18:07.348] [N] Adding Arcane Torrent
[20:18:07.348] [N] Adding Auto Attack
[20:18:07.349] [N] Adding Block
[20:18:07.349] [N] Adding Dodge
[20:18:07.349] [N] Adding Magic Resistance
[20:18:07.349] [N] Adding Parry
[20:18:07.349] [N] Adding Blessing of Wisdom
[20:18:07.350] [N] Adding Concentration Aura
[20:18:07.350] [N] Adding Consecration
[20:18:07.350] [N] Adding Exorcism
[20:18:07.350] [N] Adding Flash of Light
[20:18:07.351] [N] Adding Holy Light
[20:18:07.351] [N] Adding Lay on Hands
[20:18:07.351] [N] Adding Purify
[20:18:07.351] [N] Adding Seal of Righteousness
[20:18:07.352] [N] Adding Sense Undead
[20:18:07.352] [N] Adding Turn Evil
[20:18:07.352] [N] Adding Blessing of Kings
[20:18:07.352] [N] Adding Devotion Aura
[20:18:07.352] [N] Adding Divine Protection
[20:18:07.353] [N] Adding Hammer of Justice
[20:18:07.353] [N] Adding Hand of Freedom
[20:18:07.353] [N] Adding Hand of Protection
[20:18:07.353] [N] Adding Hand of Reckoning
[20:18:07.354] [N] Adding Hand of Salvation
[20:18:07.354] [N] Adding Righteous Defense
[20:18:07.354] [N] Adding Righteous Fury
[20:18:07.354] [N] Adding Seal of Justice
[20:18:07.355] [N] Adding Blessing of Might
[20:18:07.358] [N] Adding Judgement of Light
[20:18:07.359] [N] Adding Judgement of Wisdom
[20:18:07.359] [N] Adding Retribution Aura
[20:18:07.360] [N] Adding Seal of Command
[20:18:07.360] [N] Spell book built
[20:18:07.360] [D] [SpellManager] Subscribed to LEARNED_SPELL_IN_TAB, ACTIVE_TALENT_GROUP_CHANGED
[20:18:07.459] [D] [Pulse] Slow plugin: name=AutoEquip2 elapsed=56ms
[20:18:07.523] [N] [Singular] Casting Blessing of Might on Myself
[20:18:07.523] [D] Spell_C::CastSpell(19835, 0, 0x6000000007EAB80, 0)
[20:18:07.532] [N] [AutoEquip]: Loot roll in progress
[20:18:07.542] [D] [Singular-DEBUG] Mechanized Guardian is immune to Nature spell school
[20:18:08.103] [D] [Singular-DEBUG] Mechanized Guardian is immune to Nature spell school
[20:18:11.402] [N] [Singular] Casting Blessing of Might on Hunter
[20:18:11.402] [D] Spell_C::CastSpell(19835, 0, 0x6000000007EDA68, 0)
[20:18:11.728] [N] [Singular] Currect target is invalid. Switching to Mechanized Guardian!
[20:18:12.066] [D] [Singular-DEBUG] Switched targets!
[20:18:12.066] [D] [Singular-DEBUG] Melee Distance: 5.8333335
[20:18:12.066] [D] [Singular-DEBUG] Health: 67.20321931589537
[20:18:12.066] [D] [Singular-DEBUG] Level: 31
[20:18:12.945] [N] [Singular] Casting Exorcism on Mechanized Guardian
[20:18:12.945] [D] Spell_C::CastSpell(879, 0, 0xF13000185A000170, 0)
[20:18:14.760] [N] [Singular] Casting Judgement of Light on Mechanized Guardian
[20:18:14.760] [D] Spell_C::CastSpell(20271, 0, 0xF13000185A000170, 0)
[20:18:23.102] [N] [Singular] Casting Judgement of Light on Mechanized Guardian
[20:18:23.102] [D] Spell_C::CastSpell(20271, 0, 0xF13000185A000170, 0)
[20:18:29.742] [N] [Singular] Casting Exorcism on Mechanized Guardian
[20:18:29.742] [D] Spell_C::CastSpell(879, 0, 0xF13000185A000170, 0)
[20:18:31.589] [N] [Singular] Casting Judgement of Light on Mechanized Guardian
[20:18:31.589] [D] Spell_C::CastSpell(20271, 0, 0xF13000185A000170, 0)
[20:18:31.958] [D] [Pulse] Slow plugin: name=Tidy Bags 3 Reloaded elapsed=22ms
[20:18:31.967] [N] [Singular] Currect target is invalid. Switching to Mechanized Guardian!
[20:18:32.287] [D] [Singular-DEBUG] Switched targets!
[20:18:32.287] [D] [Singular-DEBUG] Melee Distance: 5.8333335
[20:18:32.287] [D] [Singular-DEBUG] Health: 6.338028169014085
[20:18:32.287] [D] [Singular-DEBUG] Level: 31
[20:18:34.218] [N] [Singular] Casting Blessing of Might on Hunter
[20:18:34.218] [D] Spell_C::CastSpell(19835, 0, 0x6000000007F46C5, 0)
[20:18:34.564] [D] System.NullReferenceException: Object reference not set to an instance of an object.
   at Singular.Helpers.Unit.IsBoss(WoWUnit unit)
   at Singular.ClassSpecific.Paladin.Retribution.<>c.<CreateRetributionPaladinInstancePullAndCombat>b__4_7(Object ret)
   at Singular.Helpers.Spell.<>c__DisplayClass18_0.<Cast>b__0(Object ret)
   at TreeSharp.Decorator.Execute(Object context)+MoveNext()
   at TreeSharp.Composite.Tick(Object context)
[20:18:34.564] [D] System.NullReferenceException: Object reference not set to an instance of an object.
   at Singular.ClassSpecific.Paladin.Retribution.<>c.<CreateRetributionPaladinInstancePullAndCombat>b__4_12(Object ret)
   at Singular.Helpers.Spell.<>c__DisplayClass18_0.<Cast>b__0(Object ret)
   at TreeSharp.Decorator.Execute(Object context)+MoveNext()
   at TreeSharp.Composite.Tick(Object context)
[20:18:34.568] [D] System.NullReferenceException: Object reference not set to an instance of an object.
   at Singular.ClassSpecific.Paladin.Retribution.<>c.<CreateRetributionPaladinInstancePullAndCombat>b__4_14(Object ret)
   at Singular.Helpers.Spell.<>c__DisplayClass18_0.<Cast>b__0(Object ret)
   at TreeSharp.Decorator.Execute(Object context)+MoveNext()
   at TreeSharp.Composite.Tick(Object context)
[20:18:34.571] [D] System.NullReferenceException: Object reference not set to an instance of an object.
   at Singular.ClassSpecific.Paladin.Retribution.<>c.<CreateRetributionPaladinInstancePullAndCombat>b__4_16(Object ret)
   at Singular.Helpers.Spell.<>c__DisplayClass18_0.<Cast>b__0(Object ret)
   at TreeSharp.Decorator.Execute(Object context)+MoveNext()
   at TreeSharp.Composite.Tick(Object context)
[20:18:34.623] [D] System.NullReferenceException: Object reference not set to an instance of an object.
   at Singular.Helpers.Unit.IsBoss(WoWUnit unit)
   at Singular.ClassSpecific.Paladin.Retribution.<>c.<CreateRetributionPaladinInstancePullAndCombat>b__4_7(Object ret)
   at Singular.Helpers.Spell.<>c__DisplayClass18_0.<Cast>b__0(Object ret)
   at TreeSharp.Decorator.Execute(Object context)+MoveNext()
   at TreeSharp.Composite.Tick(Object context)
[20:18:34.623] [D] System.NullReferenceException: Object reference not set to an instance of an object.
   at Singular.ClassSpecific.Paladin.Retribution.<>c.<CreateRetributionPaladinInstancePullAndCombat>b__4_12(Object ret)
   at Singular.Helpers.Spell.<>c__DisplayClass18_0.<Cast>b__0(Object ret)
   at TreeSharp.Decorator.Execute(Object context)+MoveNext()
   at TreeSharp.Composite.Tick(Object context)
[20:18:34.627] [D] System.NullReferenceException: Object reference not set to an instance of an object.
   at Singular.ClassSpecific.Paladin.Retribution.<>c.<CreateRetributionPaladinInstancePullAndCombat>b__4_14(Object ret)
   at Singular.Helpers.Spell.<>c__DisplayClass18_0.<Cast>b__0(Object ret)
   at TreeSharp.Decorator.Execute(Object context)+MoveNext()
   at TreeSharp.Composite.Tick(Object context)
[20:18:34.630] [D] System.NullReferenceException: Object reference not set to an instance of an object.
   at Singular.ClassSpecific.Paladin.Retribution.<>c.<CreateRetributionPaladinInstancePullAndCombat>b__4_16(Object ret)
   at Singular.Helpers.Spell.<>c__DisplayClass18_0.<Cast>b__0(Object ret)
   at TreeSharp.Decorator.Execute(Object context)+MoveNext()
   at TreeSharp.Composite.Tick(Object context)
[20:18:34.703] [D] System.NullReferenceException: Object reference not set to an instance of an object.
   at Singular.Helpers.Unit.IsBoss(WoWUnit unit)
   at Singular.ClassSpecific.Paladin.Retribution.<>c.<CreateRetributionPaladinInstancePullAndCombat>b__4_7(Object ret)
   at Singular.Helpers.Spell.<>c__DisplayClass18_0.<Cast>b__0(Object ret)
   at TreeSharp.Decorator.Execute(Object context)+MoveNext()
   at TreeSharp.Composite.Tick(Object context)
[20:18:34.703] [D] System.NullReferenceException: Object reference not set to an instance of an object.
   at Singular.ClassSpecific.Paladin.Retribution.<>c.<CreateRetributionPaladinInstancePullAndCombat>b__4_12(Object ret)
   at Singular.Helpers.Spell.<>c__DisplayClass18_0.<Cast>b__0(Object ret)
   at TreeSharp.Decorator.Execute(Object context)+MoveNext()
   at TreeSharp.Composite.Tick(Object context)
[20:18:34.706] [D] System.NullReferenceException: Object reference not set to an instance of an object.
   at Singular.ClassSpecific.Paladin.Retribution.<>c.<CreateRetributionPaladinInstancePullAndCombat>b__4_14(Object ret)
   at Singular.Helpers.Spell.<>c__DisplayClass18_0.<Cast>b__0(Object ret)
   at TreeSharp.Decorator.Execute(Object context)+MoveNext()
   at TreeSharp.Composite.Tick(Object context)
[20:18:34.710] [D] System.NullReferenceException: Object reference not set to an instance of an object.
   at Singular.ClassSpecific.Paladin.Retribution.<>c.<CreateRetributionPaladinInstancePullAndCombat>b__4_16(Object ret)
   at Singular.Helpers.Spell.<>c__DisplayClass18_0.<Cast>b__0(Object ret)
   at TreeSharp.Decorator.Execute(Object context)+MoveNext()
   at TreeSharp.Composite.Tick(Object context)
[20:18:34.788] [D] System.NullReferenceException: Object reference not set to an instance of an object.
   at Singular.Helpers.Unit.IsBoss(WoWUnit unit)
   at Singular.ClassSpecific.Paladin.Retribution.<>c.<CreateRetributionPaladinInstancePullAndCombat>b__4_7(Object ret)
   at Singular.Helpers.Spell.<>c__DisplayClass18_0.<Cast>b__0(Object ret)
   at TreeSharp.Decorator.Execute(Object context)+MoveNext()
   at TreeSharp.Composite.Tick(Object context)
[20:18:34.789] [D] System.NullReferenceException: Object reference not set to an instance of an object.
   at Singular.ClassSpecific.Paladin.Retribution.<>c.<CreateRetributionPaladinInstancePullAndCombat>b__4_12(Object ret)
   at Singular.Helpers.Spell.<>c__DisplayClass18_0.<Cast>b__0(Object ret)
   at TreeSharp.Decorator.Execute(Object context)+MoveNext()
   at TreeSharp.Composite.Tick(Object context)
[20:18:34.793] [D] System.NullReferenceException: Object reference not set to an instance of an object.
   at Singular.ClassSpecific.Paladin.Retribution.<>c.<CreateRetributionPaladinInstancePullAndCombat>b__4_14(Object ret)
   at Singular.Helpers.Spell.<>c__DisplayClass18_0.<Cast>b__0(Object ret)
   at TreeSharp.Decorator.Execute(Object context)+MoveNext()
   at TreeSharp.Composite.Tick(Object context)
[20:18:34.796] [D] System.NullReferenceException: Object reference not set to an instance of an object.
   at Singular.ClassSpecific.Paladin.Retribution.<>c.<CreateRetributionPaladinInstancePullAndCombat>b__4_16(Object ret)
   at Singular.Helpers.Spell.<>c__DisplayClass18_0.<Cast>b__0(Object ret)
   at TreeSharp.Decorator.Execute(Object context)+MoveNext()
   at TreeSharp.Composite.Tick(Object context)
[20:18:34.871] [D] System.NullReferenceException: Object reference not set to an instance of an object.
   at Singular.Helpers.Unit.IsBoss(WoWUnit unit)
   at Singular.ClassSpecific.Paladin.Retribution.<>c.<CreateRetributionPaladinInstancePullAndCombat>b__4_7(Object ret)
   at Singular.Helpers.Spell.<>c__DisplayClass18_0.<Cast>b__0(Object ret)
   at TreeSharp.Decorator.Execute(Object context)+MoveNext()
   at TreeSharp.Composite.Tick(Object context)
[20:18:34.871] [D] System.NullReferenceException: Object reference not set to an instance of an object.
   at Singular.ClassSpecific.Paladin.Retribution.<>c.<CreateRetributionPaladinInstancePullAndCombat>b__4_12(Object ret)
   at Singular.Helpers.Spell.<>c__DisplayClass18_0.<Cast>b__0(Object ret)
   at TreeSharp.Decorator.Execute(Object context)+MoveNext()
   at TreeSharp.Composite.Tick(Object context)
[20:18:34.875] [D] System.NullReferenceException: Object reference not set to an instance of an object.
   at Singular.ClassSpecific.Paladin.Retribution.<>c.<CreateRetributionPaladinInstancePullAndCombat>b__4_14(Object ret)
   at Singular.Helpers.Spell.<>c__DisplayClass18_0.<Cast>b__0(Object ret)
   at TreeSharp.Decorator.Execute(Object context)+MoveNext()
   at TreeSharp.Composite.Tick(Object context)
[20:18:34.879] [D] System.NullReferenceException: Object reference not set to an instance of an object.
   at Singular.ClassSpecific.Paladin.Retribution.<>c.<CreateRetributionPaladinInstancePullAndCombat>b__4_16(Object ret)
   at Singular.Helpers.Spell.<>c__DisplayClass18_0.<Cast>b__0(Object ret)
   at TreeSharp.Decorator.Execute(Object context)+MoveNext()
   at TreeSharp.Composite.Tick(Object context)
[20:18:34.953] [D] System.NullReferenceException: Object reference not set to an instance of an object.
   at Singular.Helpers.Unit.IsBoss(WoWUnit unit)
   at Singular.ClassSpecific.Paladin.Retribution.<>c.<CreateRetributionPaladinInstancePullAndCombat>b__4_7(Object ret)
   at Singular.Helpers.Spell.<>c__DisplayClass18_0.<Cast>b__0(Object ret)
   at TreeSharp.Decorator.Execute(Object context)+MoveNext()
   at TreeSharp.Composite.Tick(Object context)
[20:18:34.954] [D] System.NullReferenceException: Object reference not set to an instance of an object.
   at Singular.ClassSpecific.Paladin.Retribution.<>c.<CreateRetributionPaladinInstancePullAndCombat>b__4_12(Object ret)
   at Singular.Helpers.Spell.<>c__DisplayClass18_0.<Cast>b__0(Object ret)
   at TreeSharp.Decorator.Execute(Object context)+MoveNext()
   at TreeSharp.Composite.Tick(Object context)
[20:18:34.957] [D] System.NullReferenceException: Object reference not set to an instance of an object.
   at Singular.ClassSpecific.Paladin.Retribution.<>c.<CreateRetributionPaladinInstancePullAndCombat>b__4_14(Object ret)
   at Singular.Helpers.Spell.<>c__DisplayClass18_0.<Cast>b__0(Object ret)
   at TreeSharp.Decorator.Execute(Object context)+MoveNext()
   at TreeSharp.Composite.Tick(Object context)
[20:18:34.961] [D] System.NullReferenceException: Object reference not set to an instance of an object.
   at Singular.ClassSpecific.Paladin.Retribution.<>c.<CreateRetributionPaladinInstancePullAndCombat>b__4_16(Object ret)
   at Singular.Helpers.Spell.<>c__DisplayClass18_0.<Cast>b__0(Object ret)
   at TreeSharp.Decorator.Execute(Object context)+MoveNext()
   at TreeSharp.Composite.Tick(Object context)
[20:18:34.992] [N] [AutoEquip]: Loot roll in progress
[20:18:35.012] [N] [AutoEquip]: Rolling Greed
[20:18:35.073] [D] System.NullReferenceException: Object reference not set to an instance of an object.
   at Singular.Helpers.Unit.IsBoss(WoWUnit unit)
   at Singular.ClassSpecific.Paladin.Retribution.<>c.<CreateRetributionPaladinInstancePullAndCombat>b__4_7(Object ret)
   at Singular.Helpers.Spell.<>c__DisplayClass18_0.<Cast>b__0(Object ret)
   at TreeSharp.Decorator.Execute(Object context)+MoveNext()
   at TreeSharp.Composite.Tick(Object context)
[20:18:35.074] [D] System.NullReferenceException: Object reference not set to an instance of an object.
   at Singular.ClassSpecific.Paladin.Retribution.<>c.<CreateRetributionPaladinInstancePullAndCombat>b__4_12(Object ret)
   at Singular.Helpers.Spell.<>c__DisplayClass18_0.<Cast>b__0(Object ret)
   at TreeSharp.Decorator.Execute(Object context)+MoveNext()
   at TreeSharp.Composite.Tick(Object context)
[20:18:35.077] [D] System.NullReferenceException: Object reference not set to an instance of an object.
   at Singular.ClassSpecific.Paladin.Retribution.<>c.<CreateRetributionPaladinInstancePullAndCombat>b__4_14(Object ret)
   at Singular.Helpers.Spell.<>c__DisplayClass18_0.<Cast>b__0(Object ret)
   at TreeSharp.Decorator.Execute(Object context)+MoveNext()
   at TreeSharp.Composite.Tick(Object context)
[20:18:35.081] [D] System.NullReferenceException: Object reference not set to an instance of an object.
   at Singular.ClassSpecific.Paladin.Retribution.<>c.<CreateRetributionPaladinInstancePullAndCombat>b__4_16(Object ret)
   at Singular.Helpers.Spell.<>c__DisplayClass18_0.<Cast>b__0(Object ret)
   at TreeSharp.Decorator.Execute(Object context)+MoveNext()
   at TreeSharp.Composite.Tick(Object context)
[20:18:35.137] [D] System.NullReferenceException: Object reference not set to an instance of an object.
   at Singular.Helpers.Unit.IsBoss(WoWUnit unit)
   at Singular.ClassSpecific.Paladin.Retribution.<>c.<CreateRetributionPaladinInstancePullAndCombat>b__4_7(Object ret)
   at Singular.Helpers.Spell.<>c__DisplayClass18_0.<Cast>b__0(Object ret)
   at TreeSharp.Decorator.Execute(Object context)+MoveNext()
   at TreeSharp.Composite.Tick(Object context)
[20:18:35.137] [D] System.NullReferenceException: Object reference not set to an instance of an object.
   at Singular.ClassSpecific.Paladin.Retribution.<>c.<CreateRetributionPaladinInstancePullAndCombat>b__4_12(Object ret)
   at Singular.Helpers.Spell.<>c__DisplayClass18_0.<Cast>b__0(Object ret)
   at TreeSharp.Decorator.Execute(Object context)+MoveNext()
   at TreeSharp.Composite.Tick(Object context)
[20:18:35.141] [D] System.NullReferenceException: Object reference not set to an instance of an object.
   at Singular.ClassSpecific.Paladin.Retribution.<>c.<CreateRetributionPaladinInstancePullAndCombat>b__4_14(Object ret)
   at Singular.Helpers.Spell.<>c__DisplayClass18_0.<Cast>b__0(Object ret)
   at TreeSharp.Decorator.Execute(Object context)+MoveNext()
   at TreeSharp.Composite.Tick(Object context)
[20:18:35.145] [D] System.NullReferenceException: Object reference not set to an instance of an object.
   at Singular.ClassSpecific.Paladin.Retribution.<>c.<CreateRetributionPaladinInstancePullAndCombat>b__4_16(Object ret)
   at Singular.Helpers.Spell.<>c__DisplayClass18_0.<Cast>b__0(Object ret)
   at TreeSharp.Decorator.Execute(Object context)+MoveNext()
   at TreeSharp.Composite.Tick(Object context)
[20:18:35.210] [D] System.NullReferenceException: Object reference not set to an instance of an object.
   at Singular.Helpers.Unit.IsBoss(WoWUnit unit)
   at Singular.ClassSpecific.Paladin.Retribution.<>c.<CreateRetributionPaladinInstancePullAndCombat>b__4_7(Object ret)
   at Singular.Helpers.Spell.<>c__DisplayClass18_0.<Cast>b__0(Object ret)
   at TreeSharp.Decorator.Execute(Object context)+MoveNext()
   at TreeSharp.Composite.Tick(Object context)
[20:18:35.211] [D] System.NullReferenceException: Object reference not set to an instance of an object.
   at Singular.ClassSpecific.Paladin.Retribution.<>c.<CreateRetributionPaladinInstancePullAndCombat>b__4_12(Object ret)
   at Singular.Helpers.Spell.<>c__DisplayClass18_0.<Cast>b__0(Object ret)
   at TreeSharp.Decorator.Execute(Object context)+MoveNext()
   at TreeSharp.Composite.Tick(Object context)
[20:18:35.214] [D] System.NullReferenceException: Object reference not set to an instance of an object.
   at Singular.ClassSpecific.Paladin.Retribution.<>c.<CreateRetributionPaladinInstancePullAndCombat>b__4_14(Object ret)
   at Singular.Helpers.Spell.<>c__DisplayClass18_0.<Cast>b__0(Object ret)
   at TreeSharp.Decorator.Execute(Object context)+MoveNext()
   at TreeSharp.Composite.Tick(Object context)
[20:18:35.218] [D] System.NullReferenceException: Object reference not set to an instance of an object.
   at Singular.ClassSpecific.Paladin.Retribution.<>c.<CreateRetributionPaladinInstancePullAndCombat>b__4_16(Object ret)
   at Singular.Helpers.Spell.<>c__DisplayClass18_0.<Cast>b__0(Object ret)
   at TreeSharp.Decorator.Execute(Object context)+MoveNext()
   at TreeSharp.Composite.Tick(Object context)
[20:18:35.291] [D] System.NullReferenceException: Object reference not set to an instance of an object.
   at Singular.Helpers.Unit.IsBoss(WoWUnit unit)
   at Singular.ClassSpecific.Paladin.Retribution.<>c.<CreateRetributionPaladinInstancePullAndCombat>b__4_7(Object ret)
   at Singular.Helpers.Spell.<>c__DisplayClass18_0.<Cast>b__0(Object ret)
   at TreeSharp.Decorator.Execute(Object context)+MoveNext()
   at TreeSharp.Composite.Tick(Object context)
[20:18:35.291] [D] System.NullReferenceException: Object reference not set to an instance of an object.
   at Singular.ClassSpecific.Paladin.Retribution.<>c.<CreateRetributionPaladinInstancePullAndCombat>b__4_12(Object ret)
   at Singular.Helpers.Spell.<>c__DisplayClass18_0.<Cast>b__0(Object ret)
   at TreeSharp.Decorator.Execute(Object context)+MoveNext()
   at TreeSharp.Composite.Tick(Object context)
[20:18:35.295] [D] System.NullReferenceException: Object reference not set to an instance of an object.
   at Singular.ClassSpecific.Paladin.Retribution.<>c.<CreateRetributionPaladinInstancePullAndCombat>b__4_14(Object ret)
   at Singular.Helpers.Spell.<>c__DisplayClass18_0.<Cast>b__0(Object ret)
   at TreeSharp.Decorator.Execute(Object context)+MoveNext()
   at TreeSharp.Composite.Tick(Object context)
[20:18:35.298] [D] System.NullReferenceException: Object reference not set to an instance of an object.
   at Singular.ClassSpecific.Paladin.Retribution.<>c.<CreateRetributionPaladinInstancePullAndCombat>b__4_16(Object ret)
   at Singular.Helpers.Spell.<>c__DisplayClass18_0.<Cast>b__0(Object ret)
   at TreeSharp.Decorator.Execute(Object context)+MoveNext()
   at TreeSharp.Composite.Tick(Object context)
[20:18:35.387] [D] System.NullReferenceException: Object reference not set to an instance of an object.
   at Singular.Helpers.Unit.IsBoss(WoWUnit unit)
   at Singular.ClassSpecific.Paladin.Retribution.<>c.<CreateRetributionPaladinInstancePullAndCombat>b__4_7(Object ret)
   at Singular.Helpers.Spell.<>c__DisplayClass18_0.<Cast>b__0(Object ret)
   at TreeSharp.Decorator.Execute(Object context)+MoveNext()
   at TreeSharp.Composite.Tick(Object context)
[20:18:35.388] [D] System.NullReferenceException: Object reference not set to an instance of an object.
   at Singular.ClassSpecific.Paladin.Retribution.<>c.<CreateRetributionPaladinInstancePullAndCombat>b__4_12(Object ret)
   at Singular.Helpers.Spell.<>c__DisplayClass18_0.<Cast>b__0(Object ret)
   at TreeSharp.Decorator.Execute(Object context)+MoveNext()
   at TreeSharp.Composite.Tick(Object context)
[20:18:35.392] [D] System.NullReferenceException: Object reference not set to an instance of an object.
   at Singular.ClassSpecific.Paladin.Retribution.<>c.<CreateRetributionPaladinInstancePullAndCombat>b__4_14(Object ret)
   at Singular.Helpers.Spell.<>c__DisplayClass18_0.<Cast>b__0(Object ret)
   at TreeSharp.Decorator.Execute(Object context)+MoveNext()
   at TreeSharp.Composite.Tick(Object context)
[20:18:35.395] [D] System.NullReferenceException: Object reference not set to an instance of an object.
   at Singular.ClassSpecific.Paladin.Retribution.<>c.<CreateRetributionPaladinInstancePullAndCombat>b__4_16(Object ret)
   at Singular.Helpers.Spell.<>c__DisplayClass18_0.<Cast>b__0(Object ret)
   at TreeSharp.Decorator.Execute(Object context)+MoveNext()
   at TreeSharp.Composite.Tick(Object context)
[20:18:35.475] [D] System.NullReferenceException: Object reference not set to an instance of an object.
   at Singular.Helpers.Unit.IsBoss(WoWUnit unit)
   at Singular.ClassSpecific.Paladin.Retribution.<>c.<CreateRetributionPaladinInstancePullAndCombat>b__4_7(Object ret)
   at Singular.Helpers.Spell.<>c__DisplayClass18_0.<Cast>b__0(Object ret)
   at TreeSharp.Decorator.Execute(Object context)+MoveNext()
   at TreeSharp.Composite.Tick(Object context)
[20:18:35.475] [D] System.NullReferenceException: Object reference not set to an instance of an object.
   at Singular.ClassSpecific.Paladin.Retribution.<>c.<CreateRetributionPaladinInstancePullAndCombat>b__4_12(Object ret)
   at Singular.Helpers.Spell.<>c__DisplayClass18_0.<Cast>b__0(Object ret)
   at TreeSharp.Decorator.Execute(Object context)+MoveNext()
   at TreeSharp.Composite.Tick(Object context)
[20:18:35.479] [D] System.NullReferenceException: Object reference not set to an instance of an object.
   at Singular.ClassSpecific.Paladin.Retribution.<>c.<CreateRetributionPaladinInstancePullAndCombat>b__4_14(Object ret)
   at Singular.Helpers.Spell.<>c__DisplayClass18_0.<Cast>b__0(Object ret)
   at TreeSharp.Decorator.Execute(Object context)+MoveNext()
   at TreeSharp.Composite.Tick(Object context)
[20:18:35.482] [D] System.NullReferenceException: Object reference not set to an instance of an object.
   at Singular.ClassSpecific.Paladin.Retribution.<>c.<CreateRetributionPaladinInstancePullAndCombat>b__4_16(Object ret)
   at Singular.Helpers.Spell.<>c__DisplayClass18_0.<Cast>b__0(Object ret)
   at TreeSharp.Decorator.Execute(Object context)+MoveNext()
   at TreeSharp.Composite.Tick(Object context)
[20:18:35.563] [D] System.NullReferenceException: Object reference not set to an instance of an object.
   at Singular.Helpers.Unit.IsBoss(WoWUnit unit)
   at Singular.ClassSpecific.Paladin.Retribution.<>c.<CreateRetributionPaladinInstancePullAndCombat>b__4_7(Object ret)
   at Singular.Helpers.Spell.<>c__DisplayClass18_0.<Cast>b__0(Object ret)
   at TreeSharp.Decorator.Execute(Object context)+MoveNext()
   at TreeSharp.Composite.Tick(Object context)
[20:18:35.563] [D] System.NullReferenceException: Object reference not set to an instance of an object.
   at Singular.ClassSpecific.Paladin.Retribution.<>c.<CreateRetributionPaladinInstancePullAndCombat>b__4_12(Object ret)
   at Singular.Helpers.Spell.<>c__DisplayClass18_0.<Cast>b__0(Object ret)
   at TreeSharp.Decorator.Execute(Object context)+MoveNext()
   at TreeSharp.Composite.Tick(Object context)
[20:18:35.567] [D] System.NullReferenceException: Object reference not set to an instance of an object.
   at Singular.ClassSpecific.Paladin.Retribution.<>c.<CreateRetributionPaladinInstancePullAndCombat>b__4_14(Object ret)
   at Singular.Helpers.Spell.<>c__DisplayClass18_0.<Cast>b__0(Object ret)
   at TreeSharp.Decorator.Execute(Object context)+MoveNext()
   at TreeSharp.Composite.Tick(Object context)
[20:18:35.570] [D] System.NullReferenceException: Object reference not set to an instance of an object.
   at Singular.ClassSpecific.Paladin.Retribution.<>c.<CreateRetributionPaladinInstancePullAndCombat>b__4_16(Object ret)
   at Singular.Helpers.Spell.<>c__DisplayClass18_0.<Cast>b__0(Object ret)
   at TreeSharp.Decorator.Execute(Object context)+MoveNext()
   at TreeSharp.Composite.Tick(Object context)
[20:18:35.672] [D] System.NullReferenceException: Object reference not set to an instance of an object.
   at Singular.Helpers.Unit.IsBoss(WoWUnit unit)
   at Singular.ClassSpecific.Paladin.Retribution.<>c.<CreateRetributionPaladinInstancePullAndCombat>b__4_7(Object ret)
   at Singular.Helpers.Spell.<>c__DisplayClass18_0.<Cast>b__0(Object ret)
   at TreeSharp.Decorator.Execute(Object context)+MoveNext()
   at TreeSharp.Composite.Tick(Object context)
[20:18:35.672] [D] System.NullReferenceException: Object reference not set to an instance of an object.
   at Singular.ClassSpecific.Paladin.Retribution.<>c.<CreateRetributionPaladinInstancePullAndCombat>b__4_12(Object ret)
   at Singular.Helpers.Spell.<>c__DisplayClass18_0.<Cast>b__0(Object ret)
   at TreeSharp.Decorator.Execute(Object context)+MoveNext()
   at TreeSharp.Composite.Tick(Object context)
[20:18:35.676] [D] System.NullReferenceException: Object reference not set to an instance of an object.
   at Singular.ClassSpecific.Paladin.Retribution.<>c.<CreateRetributionPaladinInstancePullAndCombat>b__4_14(Object ret)
   at Singular.Helpers.Spell.<>c__DisplayClass18_0.<Cast>b__0(Object ret)
   at TreeSharp.Decorator.Execute(Object context)+MoveNext()
   at TreeSharp.Composite.Tick(Object context)
[20:18:35.680] [D] System.NullReferenceException: Object reference not set to an instance of an object.
   at Singular.ClassSpecific.Paladin.Retribution.<>c.<CreateRetributionPaladinInstancePullAndCombat>b__4_16(Object ret)
   at Singular.Helpers.Spell.<>c__DisplayClass18_0.<Cast>b__0(Object ret)
   at TreeSharp.Decorator.Execute(Object context)+MoveNext()
   at TreeSharp.Composite.Tick(Object context)
[20:18:35.734] [D] System.NullReferenceException: Object reference not set to an instance of an object.
   at Singular.Helpers.Unit.IsBoss(WoWUnit unit)
   at Singular.ClassSpecific.Paladin.Retribution.<>c.<CreateRetributionPaladinInstancePullAndCombat>b__4_7(Object ret)
   at Singular.Helpers.Spell.<>c__DisplayClass18_0.<Cast>b__0(Object ret)
   at TreeSharp.Decorator.Execute(Object context)+MoveNext()
   at TreeSharp.Composite.Tick(Object context)
[20:18:35.734] [D] System.NullReferenceException: Object reference not set to an instance of an object.
   at Singular.ClassSpecific.Paladin.Retribution.<>c.<CreateRetributionPaladinInstancePullAndCombat>b__4_12(Object ret)
   at Singular.Helpers.Spell.<>c__DisplayClass18_0.<Cast>b__0(Object ret)
   at TreeSharp.Decorator.Execute(Object context)+MoveNext()
   at TreeSharp.Composite.Tick(Object context)
[20:18:35.738] [D] System.NullReferenceException: Object reference not set to an instance of an object.
   at Singular.ClassSpecific.Paladin.Retribution.<>c.<CreateRetributionPaladinInstancePullAndCombat>b__4_14(Object ret)
   at Singular.Helpers.Spell.<>c__DisplayClass18_0.<Cast>b__0(Object ret)
   at TreeSharp.Decorator.Execute(Object context)+MoveNext()
   at TreeSharp.Composite.Tick(Object context)
[20:18:35.742] [D] System.NullReferenceException: Object reference not set to an instance of an object.
   at Singular.ClassSpecific.Paladin.Retribution.<>c.<CreateRetributionPaladinInstancePullAndCombat>b__4_16(Object ret)
   at Singular.Helpers.Spell.<>c__DisplayClass18_0.<Cast>b__0(Object ret)
   at TreeSharp.Decorator.Execute(Object context)+MoveNext()
   at TreeSharp.Composite.Tick(Object context)
[20:18:35.827] [D] System.NullReferenceException: Object reference not set to an instance of an object.
   at Singular.Helpers.Unit.IsBoss(WoWUnit unit)
   at Singular.ClassSpecific.Paladin.Retribution.<>c.<CreateRetributionPaladinInstancePullAndCombat>b__4_7(Object ret)
   at Singular.Helpers.Spell.<>c__DisplayClass18_0.<Cast>b__0(Object ret)
   at TreeSharp.Decorator.Execute(Object context)+MoveNext()
   at TreeSharp.Composite.Tick(Object context)
[20:18:35.827] [D] System.NullReferenceException: Object reference not set to an instance of an object.
   at Singular.ClassSpecific.Paladin.Retribution.<>c.<CreateRetributionPaladinInstancePullAndCombat>b__4_12(Object ret)
   at Singular.Helpers.Spell.<>c__DisplayClass18_0.<Cast>b__0(Object ret)
   at TreeSharp.Decorator.Execute(Object context)+MoveNext()
   at TreeSharp.Composite.Tick(Object context)
[20:18:35.831] [D] System.NullReferenceException: Object reference not set to an instance of an object.
   at Singular.ClassSpecific.Paladin.Retribution.<>c.<CreateRetributionPaladinInstancePullAndCombat>b__4_14(Object ret)
   at Singular.Helpers.Spell.<>c__DisplayClass18_0.<Cast>b__0(Object ret)
   at TreeSharp.Decorator.Execute(Object context)+MoveNext()
   at TreeSharp.Composite.Tick(Object context)
[20:18:35.834] [D] System.NullReferenceException: Object reference not set to an instance of an object.
   at Singular.ClassSpecific.Paladin.Retribution.<>c.<CreateRetributionPaladinInstancePullAndCombat>b__4_16(Object ret)
   at Singular.Helpers.Spell.<>c__DisplayClass18_0.<Cast>b__0(Object ret)
   at TreeSharp.Decorator.Execute(Object context)+MoveNext()
   at TreeSharp.Composite.Tick(Object context)
[20:18:35.924] [D] System.NullReferenceException: Object reference not set to an instance of an object.
   at Singular.Helpers.Unit.IsBoss(WoWUnit unit)
   at Singular.ClassSpecific.Paladin.Retribution.<>c.<CreateRetributionPaladinInstancePullAndCombat>b__4_7(Object ret)
   at Singular.Helpers.Spell.<>c__DisplayClass18_0.<Cast>b__0(Object ret)
   at TreeSharp.Decorator.Execute(Object context)+MoveNext()
   at TreeSharp.Composite.Tick(Object context)
[20:18:35.925] [D] System.NullReferenceException: Object reference not set to an instance of an object.
   at Singular.ClassSpecific.Paladin.Retribution.<>c.<CreateRetributionPaladinInstancePullAndCombat>b__4_12(Object ret)
   at Singular.Helpers.Spell.<>c__DisplayClass18_0.<Cast>b__0(Object ret)
   at TreeSharp.Decorator.Execute(Object context)+MoveNext()
   at TreeSharp.Composite.Tick(Object context)
[20:18:35.928] [D] System.NullReferenceException: Object reference not set to an instance of an object.
   at Singular.ClassSpecific.Paladin.Retribution.<>c.<CreateRetributionPaladinInstancePullAndCombat>b__4_14(Object ret)
   at Singular.Helpers.Spell.<>c__DisplayClass18_0.<Cast>b__0(Object ret)
   at TreeSharp.Decorator.Execute(Object context)+MoveNext()
   at TreeSharp.Composite.Tick(Object context)
[20:18:35.932] [D] System.NullReferenceException: Object reference not set to an instance of an object.
   at Singular.ClassSpecific.Paladin.Retribution.<>c.<CreateRetributionPaladinInstancePullAndCombat>b__4_16(Object ret)
   at Singular.Helpers.Spell.<>c__DisplayClass18_0.<Cast>b__0(Object ret)
   at TreeSharp.Decorator.Execute(Object context)+MoveNext()
   at TreeSharp.Composite.Tick(Object context)
[20:18:36.013] [D] System.NullReferenceException: Object reference not set to an instance of an object.
   at Singular.Helpers.Unit.IsBoss(WoWUnit unit)
   at Singular.ClassSpecific.Paladin.Retribution.<>c.<CreateRetributionPaladinInstancePullAndCombat>b__4_7(Object ret)
   at Singular.Helpers.Spell.<>c__DisplayClass18_0.<Cast>b__0(Object ret)
   at TreeSharp.Decorator.Execute(Object context)+MoveNext()
   at TreeSharp.Composite.Tick(Object context)
[20:18:36.013] [D] System.NullReferenceException: Object reference not set to an instance of an object.
   at Singular.ClassSpecific.Paladin.Retribution.<>c.<CreateRetributionPaladinInstancePullAndCombat>b__4_12(Object ret)
   at Singular.Helpers.Spell.<>c__DisplayClass18_0.<Cast>b__0(Object ret)
   at TreeSharp.Decorator.Execute(Object context)+MoveNext()
   at TreeSharp.Composite.Tick(Object context)
[20:18:36.017] [D] System.NullReferenceException: Object reference not set to an instance of an object.
   at Singular.ClassSpecific.Paladin.Retribution.<>c.<CreateRetributionPaladinInstancePullAndCombat>b__4_14(Object ret)
   at Singular.Helpers.Spell.<>c__DisplayClass18_0.<Cast>b__0(Object ret)
   at TreeSharp.Decorator.Execute(Object context)+MoveNext()
   at TreeSharp.Composite.Tick(Object context)
[20:18:36.021] [D] System.NullReferenceException: Object reference not set to an instance of an object.
   at Singular.ClassSpecific.Paladin.Retribution.<>c.<CreateRetributionPaladinInstancePullAndCombat>b__4_16(Object ret)
   at Singular.Helpers.Spell.<>c__DisplayClass18_0.<Cast>b__0(Object ret)
   at TreeSharp.Decorator.Execute(Object context)+MoveNext()
   at TreeSharp.Composite.Tick(Object context)
[20:18:36.090] [D] System.NullReferenceException: Object reference not set to an instance of an object.
   at Singular.Helpers.Unit.IsBoss(WoWUnit unit)
   at Singular.ClassSpecific.Paladin.Retribution.<>c.<CreateRetributionPaladinInstancePullAndCombat>b__4_7(Object ret)
   at Singular.Helpers.Spell.<>c__DisplayClass18_0.<Cast>b__0(Object ret)
   at TreeSharp.Decorator.Execute(Object context)+MoveNext()
   at TreeSharp.Composite.Tick(Object context)
[20:18:36.090] [D] System.NullReferenceException: Object reference not set to an instance of an object.
   at Singular.ClassSpecific.Paladin.Retribution.<>c.<CreateRetributionPaladinInstancePullAndCombat>b__4_12(Object ret)
   at Singular.Helpers.Spell.<>c__DisplayClass18_0.<Cast>b__0(Object ret)
   at TreeSharp.Decorator.Execute(Object context)+MoveNext()
   at TreeSharp.Composite.Tick(Object context)
[20:18:36.094] [D] System.NullReferenceException: Object reference not set to an instance of an object.
   at Singular.ClassSpecific.Paladin.Retribution.<>c.<CreateRetributionPaladinInstancePullAndCombat>b__4_14(Object ret)
   at Singular.Helpers.Spell.<>c__DisplayClass18_0.<Cast>b__0(Object ret)
   at TreeSharp.Decorator.Execute(Object context)+MoveNext()
   at TreeSharp.Composite.Tick(Object context)
[20:18:36.097] [D] System.NullReferenceException: Object reference not set to an instance of an object.
   at Singular.ClassSpecific.Paladin.Retribution.<>c.<CreateRetributionPaladinInstancePullAndCombat>b__4_16(Object ret)
   at Singular.Helpers.Spell.<>c__DisplayClass18_0.<Cast>b__0(Object ret)
   at TreeSharp.Decorator.Execute(Object context)+MoveNext()
   at TreeSharp.Composite.Tick(Object context)
[20:18:36.166] [D] System.NullReferenceException: Object reference not set to an instance of an object.
   at Singular.Helpers.Unit.IsBoss(WoWUnit unit)
   at Singular.ClassSpecific.Paladin.Retribution.<>c.<CreateRetributionPaladinInstancePullAndCombat>b__4_7(Object ret)
   at Singular.Helpers.Spell.<>c__DisplayClass18_0.<Cast>b__0(Object ret)
   at TreeSharp.Decorator.Execute(Object context)+MoveNext()
   at TreeSharp.Composite.Tick(Object context)
[20:18:36.166] [D] System.NullReferenceException: Object reference not set to an instance of an object.
   at Singular.ClassSpecific.Paladin.Retribution.<>c.<CreateRetributionPaladinInstancePullAndCombat>b__4_12(Object ret)
   at Singular.Helpers.Spell.<>c__DisplayClass18_0.<Cast>b__0(Object ret)
   at TreeSharp.Decorator.Execute(Object context)+MoveNext()
   at TreeSharp.Composite.Tick(Object context)
[20:18:36.170] [D] System.NullReferenceException: Object reference not set to an instance of an object.
   at Singular.ClassSpecific.Paladin.Retribution.<>c.<CreateRetributionPaladinInstancePullAndCombat>b__4_14(Object ret)
   at Singular.Helpers.Spell.<>c__DisplayClass18_0.<Cast>b__0(Object ret)
   at TreeSharp.Decorator.Execute(Object context)+MoveNext()
   at TreeSharp.Composite.Tick(Object context)
[20:18:36.173] [D] System.NullReferenceException: Object reference not set to an instance of an object.
   at Singular.ClassSpecific.Paladin.Retribution.<>c.<CreateRetributionPaladinInstancePullAndCombat>b__4_16(Object ret)
   at Singular.Helpers.Spell.<>c__DisplayClass18_0.<Cast>b__0(Object ret)
   at TreeSharp.Decorator.Execute(Object context)+MoveNext()
   at TreeSharp.Composite.Tick(Object context)
[20:18:36.257] [D] System.NullReferenceException: Object reference not set to an instance of an object.
   at Singular.Helpers.Unit.IsBoss(WoWUnit unit)
   at Singular.ClassSpecific.Paladin.Retribution.<>c.<CreateRetributionPaladinInstancePullAndCombat>b__4_7(Object ret)
   at Singular.Helpers.Spell.<>c__DisplayClass18_0.<Cast>b__0(Object ret)
   at TreeSharp.Decorator.Execute(Object context)+MoveNext()
   at TreeSharp.Composite.Tick(Object context)
[20:18:36.257] [D] System.NullReferenceException: Object reference not set to an instance of an object.
   at Singular.ClassSpecific.Paladin.Retribution.<>c.<CreateRetributionPaladinInstancePullAndCombat>b__4_12(Object ret)
   at Singular.Helpers.Spell.<>c__DisplayClass18_0.<Cast>b__0(Object ret)
   at TreeSharp.Decorator.Execute(Object context)+MoveNext()
   at TreeSharp.Composite.Tick(Object context)
[20:18:36.261] [D] System.NullReferenceException: Object reference not set to an instance of an object.
   at Singular.ClassSpecific.Paladin.Retribution.<>c.<CreateRetributionPaladinInstancePullAndCombat>b__4_14(Object ret)
   at Singular.Helpers.Spell.<>c__DisplayClass18_0.<Cast>b__0(Object ret)
   at TreeSharp.Decorator.Execute(Object context)+MoveNext()
   at TreeSharp.Composite.Tick(Object context)
[20:18:36.265] [D] System.NullReferenceException: Object reference not set to an instance of an object.
   at Singular.ClassSpecific.Paladin.Retribution.<>c.<CreateRetributionPaladinInstancePullAndCombat>b__4_16(Object ret)
   at Singular.Helpers.Spell.<>c__DisplayClass18_0.<Cast>b__0(Object ret)
   at TreeSharp.Decorator.Execute(Object context)+MoveNext()
   at TreeSharp.Composite.Tick(Object context)
[20:18:36.352] [D] System.NullReferenceException: Object reference not set to an instance of an object.
   at Singular.Helpers.Unit.IsBoss(WoWUnit unit)
   at Singular.ClassSpecific.Paladin.Retribution.<>c.<CreateRetributionPaladinInstancePullAndCombat>b__4_7(Object ret)
   at Singular.Helpers.Spell.<>c__DisplayClass18_0.<Cast>b__0(Object ret)
   at TreeSharp.Decorator.Execute(Object context)+MoveNext()
   at TreeSharp.Composite.Tick(Object context)
[20:18:36.352] [D] System.NullReferenceException: Object reference not set to an instance of an object.
   at Singular.ClassSpecific.Paladin.Retribution.<>c.<CreateRetributionPaladinInstancePullAndCombat>b__4_12(Object ret)
   at Singular.Helpers.Spell.<>c__DisplayClass18_0.<Cast>b__0(Object ret)
   at TreeSharp.Decorator.Execute(Object context)+MoveNext()
   at TreeSharp.Composite.Tick(Object context)
[20:18:36.356] [D] System.NullReferenceException: Object reference not set to an instance of an object.
   at Singular.ClassSpecific.Paladin.Retribution.<>c.<CreateRetributionPaladinInstancePullAndCombat>b__4_14(Object ret)
   at Singular.Helpers.Spell.<>c__DisplayClass18_0.<Cast>b__0(Object ret)
   at TreeSharp.Decorator.Execute(Object context)+MoveNext()
   at TreeSharp.Composite.Tick(Object context)
[20:18:36.360] [D] System.NullReferenceException: Object reference not set to an instance of an object.
   at Singular.ClassSpecific.Paladin.Retribution.<>c.<CreateRetributionPaladinInstancePullAndCombat>b__4_16(Object ret)
   at Singular.Helpers.Spell.<>c__DisplayClass18_0.<Cast>b__0(Object ret)
   at TreeSharp.Decorator.Execute(Object context)+MoveNext()
   at TreeSharp.Composite.Tick(Object context)
[20:18:36.426] [D] System.NullReferenceException: Object reference not set to an instance of an object.
   at Singular.Helpers.Unit.IsBoss(WoWUnit unit)
   at Singular.ClassSpecific.Paladin.Retribution.<>c.<CreateRetributionPaladinInstancePullAndCombat>b__4_7(Object ret)
   at Singular.Helpers.Spell.<>c__DisplayClass18_0.<Cast>b__0(Object ret)
   at TreeSharp.Decorator.Execute(Object context)+MoveNext()
   at TreeSharp.Composite.Tick(Object context)
[20:18:36.427] [D] System.NullReferenceException: Object reference not set to an instance of an object.
   at Singular.ClassSpecific.Paladin.Retribution.<>c.<CreateRetributionPaladinInstancePullAndCombat>b__4_12(Object ret)
   at Singular.Helpers.Spell.<>c__DisplayClass18_0.<Cast>b__0(Object ret)
   at TreeSharp.Decorator.Execute(Object context)+MoveNext()
   at TreeSharp.Composite.Tick(Object context)
[20:18:36.430] [D] System.NullReferenceException: Object reference not set to an instance of an object.
   at Singular.ClassSpecific.Paladin.Retribution.<>c.<CreateRetributionPaladinInstancePullAndCombat>b__4_14(Object ret)
   at Singular.Helpers.Spell.<>c__DisplayClass18_0.<Cast>b__0(Object ret)
   at TreeSharp.Decorator.Execute(Object context)+MoveNext()
   at TreeSharp.Composite.Tick(Object context)
[20:18:36.434] [D] System.NullReferenceException: Object reference not set to an instance of an object.
   at Singular.ClassSpecific.Paladin.Retribution.<>c.<CreateRetributionPaladinInstancePullAndCombat>b__4_16(Object ret)
   at Singular.Helpers.Spell.<>c__DisplayClass18_0.<Cast>b__0(Object ret)
   at TreeSharp.Decorator.Execute(Object context)+MoveNext()
   at TreeSharp.Composite.Tick(Object context)
[20:18:36.522] [D] System.NullReferenceException: Object reference not set to an instance of an object.
   at Singular.Helpers.Unit.IsBoss(WoWUnit unit)
   at Singular.ClassSpecific.Paladin.Retribution.<>c.<CreateRetributionPaladinInstancePullAndCombat>b__4_7(Object ret)
   at Singular.Helpers.Spell.<>c__DisplayClass18_0.<Cast>b__0(Object ret)
   at TreeSharp.Decorator.Execute(Object context)+MoveNext()
   at TreeSharp.Composite.Tick(Object context)
[20:18:36.522] [D] System.NullReferenceException: Object reference not set to an instance of an object.
   at Singular.ClassSpecific.Paladin.Retribution.<>c.<CreateRetributionPaladinInstancePullAndCombat>b__4_12(Object ret)
   at Singular.Helpers.Spell.<>c__DisplayClass18_0.<Cast>b__0(Object ret)
   at TreeSharp.Decorator.Execute(Object context)+MoveNext()
   at TreeSharp.Composite.Tick(Object context)
[20:18:36.526] [D] System.NullReferenceException: Object reference not set to an instance of an object.
   at Singular.ClassSpecific.Paladin.Retribution.<>c.<CreateRetributionPaladinInstancePullAndCombat>b__4_14(Object ret)
   at Singular.Helpers.Spell.<>c__DisplayClass18_0.<Cast>b__0(Object ret)
   at TreeSharp.Decorator.Execute(Object context)+MoveNext()
   at TreeSharp.Composite.Tick(Object context)
[20:18:36.530] [D] System.NullReferenceException: Object reference not set to an instance of an object.
   at Singular.ClassSpecific.Paladin.Retribution.<>c.<CreateRetributionPaladinInstancePullAndCombat>b__4_16(Object ret)
   at Singular.Helpers.Spell.<>c__DisplayClass18_0.<Cast>b__0(Object ret)
   at TreeSharp.Decorator.Execute(Object context)+MoveNext()
   at TreeSharp.Composite.Tick(Object context)
[20:18:36.609] [D] System.NullReferenceException: Object reference not set to an instance of an object.
   at Singular.Helpers.Unit.IsBoss(WoWUnit unit)
   at Singular.ClassSpecific.Paladin.Retribution.<>c.<CreateRetributionPaladinInstancePullAndCombat>b__4_7(Object ret)
   at Singular.Helpers.Spell.<>c__DisplayClass18_0.<Cast>b__0(Object ret)
   at TreeSharp.Decorator.Execute(Object context)+MoveNext()
   at TreeSharp.Composite.Tick(Object context)
[20:18:36.609] [D] System.NullReferenceException: Object reference not set to an instance of an object.
   at Singular.ClassSpecific.Paladin.Retribution.<>c.<CreateRetributionPaladinInstancePullAndCombat>b__4_12(Object ret)
   at Singular.Helpers.Spell.<>c__DisplayClass18_0.<Cast>b__0(Object ret)
   at TreeSharp.Decorator.Execute(Object context)+MoveNext()
   at TreeSharp.Composite.Tick(Object context)
[20:18:36.613] [D] System.NullReferenceException: Object reference not set to an instance of an object.
   at Singular.ClassSpecific.Paladin.Retribution.<>c.<CreateRetributionPaladinInstancePullAndCombat>b__4_14(Object ret)
   at Singular.Helpers.Spell.<>c__DisplayClass18_0.<Cast>b__0(Object ret)
   at TreeSharp.Decorator.Execute(Object context)+MoveNext()
   at TreeSharp.Composite.Tick(Object context)
[20:18:36.616] [D] System.NullReferenceException: Object reference not set to an instance of an object.
   at Singular.ClassSpecific.Paladin.Retribution.<>c.<CreateRetributionPaladinInstancePullAndCombat>b__4_16(Object ret)
   at Singular.Helpers.Spell.<>c__DisplayClass18_0.<Cast>b__0(Object ret)
   at TreeSharp.Decorator.Execute(Object context)+MoveNext()
   at TreeSharp.Composite.Tick(Object context)
[20:18:36.702] [D] System.NullReferenceException: Object reference not set to an instance of an object.
   at Singular.Helpers.Unit.IsBoss(WoWUnit unit)
   at Singular.ClassSpecific.Paladin.Retribution.<>c.<CreateRetributionPaladinInstancePullAndCombat>b__4_7(Object ret)
   at Singular.Helpers.Spell.<>c__DisplayClass18_0.<Cast>b__0(Object ret)
   at TreeSharp.Decorator.Execute(Object context)+MoveNext()
   at TreeSharp.Composite.Tick(Object context)
[20:18:36.702] [D] System.NullReferenceException: Object reference not set to an instance of an object.
   at Singular.ClassSpecific.Paladin.Retribution.<>c.<CreateRetributionPaladinInstancePullAndCombat>b__4_12(Object ret)
   at Singular.Helpers.Spell.<>c__DisplayClass18_0.<Cast>b__0(Object ret)
   at TreeSharp.Decorator.Execute(Object context)+MoveNext()
   at TreeSharp.Composite.Tick(Object context)
[20:18:36.706] [D] System.NullReferenceException: Object reference not set to an instance of an object.
   at Singular.ClassSpecific.Paladin.Retribution.<>c.<CreateRetributionPaladinInstancePullAndCombat>b__4_14(Object ret)
   at Singular.Helpers.Spell.<>c__DisplayClass18_0.<Cast>b__0(Object ret)
   at TreeSharp.Decorator.Execute(Object context)+MoveNext()
   at TreeSharp.Composite.Tick(Object context)
[20:18:36.710] [D] System.NullReferenceException: Object reference not set to an instance of an object.
   at Singular.ClassSpecific.Paladin.Retribution.<>c.<CreateRetributionPaladinInstancePullAndCombat>b__4_16(Object ret)
   at Singular.Helpers.Spell.<>c__DisplayClass18_0.<Cast>b__0(Object ret)
   at TreeSharp.Decorator.Execute(Object context)+MoveNext()
   at TreeSharp.Composite.Tick(Object context)
[20:18:36.797] [D] System.NullReferenceException: Object reference not set to an instance of an object.
   at Singular.Helpers.Unit.IsBoss(WoWUnit unit)
   at Singular.ClassSpecific.Paladin.Retribution.<>c.<CreateRetributionPaladinInstancePullAndCombat>b__4_7(Object ret)
   at Singular.Helpers.Spell.<>c__DisplayClass18_0.<Cast>b__0(Object ret)
   at TreeSharp.Decorator.Execute(Object context)+MoveNext()
   at TreeSharp.Composite.Tick(Object context)
[20:18:36.797] [D] System.NullReferenceException: Object reference not set to an instance of an object.
   at Singular.ClassSpecific.Paladin.Retribution.<>c.<CreateRetributionPaladinInstancePullAndCombat>b__4_12(Object ret)
   at Singular.Helpers.Spell.<>c__DisplayClass18_0.<Cast>b__0(Object ret)
   at TreeSharp.Decorator.Execute(Object context)+MoveNext()
   at TreeSharp.Composite.Tick(Object context)
[20:18:36.801] [D] System.NullReferenceException: Object reference not set to an instance of an object.
   at Singular.ClassSpecific.Paladin.Retribution.<>c.<CreateRetributionPaladinInstancePullAndCombat>b__4_14(Object ret)
   at Singular.Helpers.Spell.<>c__DisplayClass18_0.<Cast>b__0(Object ret)
   at TreeSharp.Decorator.Execute(Object context)+MoveNext()
   at TreeSharp.Composite.Tick(Object context)
[20:18:36.805] [D] System.NullReferenceException: Object reference not set to an instance of an object.
   at Singular.ClassSpecific.Paladin.Retribution.<>c.<CreateRetributionPaladinInstancePullAndCombat>b__4_16(Object ret)
   at Singular.Helpers.Spell.<>c__DisplayClass18_0.<Cast>b__0(Object ret)
   at TreeSharp.Decorator.Execute(Object context)+MoveNext()
   at TreeSharp.Composite.Tick(Object context)
[20:18:36.889] [D] System.NullReferenceException: Object reference not set to an instance of an object.
   at Singular.Helpers.Unit.IsBoss(WoWUnit unit)
   at Singular.ClassSpecific.Paladin.Retribution.<>c.<CreateRetributionPaladinInstancePullAndCombat>b__4_7(Object ret)
   at Singular.Helpers.Spell.<>c__DisplayClass18_0.<Cast>b__0(Object ret)
   at TreeSharp.Decorator.Execute(Object context)+MoveNext()
   at TreeSharp.Composite.Tick(Object context)
[20:18:36.889] [D] System.NullReferenceException: Object reference not set to an instance of an object.
   at Singular.ClassSpecific.Paladin.Retribution.<>c.<CreateRetributionPaladinInstancePullAndCombat>b__4_12(Object ret)
   at Singular.Helpers.Spell.<>c__DisplayClass18_0.<Cast>b__0(Object ret)
   at TreeSharp.Decorator.Execute(Object context)+MoveNext()
   at TreeSharp.Composite.Tick(Object context)
[20:18:36.893] [D] System.NullReferenceException: Object reference not set to an instance of an object.
   at Singular.ClassSpecific.Paladin.Retribution.<>c.<CreateRetributionPaladinInstancePullAndCombat>b__4_14(Object ret)
   at Singular.Helpers.Spell.<>c__DisplayClass18_0.<Cast>b__0(Object ret)
   at TreeSharp.Decorator.Execute(Object context)+MoveNext()
   at TreeSharp.Composite.Tick(Object context)
[20:18:36.897] [D] System.NullReferenceException: Object reference not set to an instance of an object.
   at Singular.ClassSpecific.Paladin.Retribution.<>c.<CreateRetributionPaladinInstancePullAndCombat>b__4_16(Object ret)
   at Singular.Helpers.Spell.<>c__DisplayClass18_0.<Cast>b__0(Object ret)
   at TreeSharp.Decorator.Execute(Object context)+MoveNext()
   at TreeSharp.Composite.Tick(Object context)
[20:18:36.985] [D] System.NullReferenceException: Object reference not set to an instance of an object.
   at Singular.Helpers.Unit.IsBoss(WoWUnit unit)
   at Singular.ClassSpecific.Paladin.Retribution.<>c.<CreateRetributionPaladinInstancePullAndCombat>b__4_7(Object ret)
   at Singular.Helpers.Spell.<>c__DisplayClass18_0.<Cast>b__0(Object ret)
   at TreeSharp.Decorator.Execute(Object context)+MoveNext()
   at TreeSharp.Composite.Tick(Object context)
[20:18:36.985] [D] System.NullReferenceException: Object reference not set to an instance of an object.
   at Singular.ClassSpecific.Paladin.Retribution.<>c.<CreateRetributionPaladinInstancePullAndCombat>b__4_12(Object ret)
   at Singular.Helpers.Spell.<>c__DisplayClass18_0.<Cast>b__0(Object ret)
   at TreeSharp.Decorator.Execute(Object context)+MoveNext()
   at TreeSharp.Composite.Tick(Object context)
[20:18:36.988] [D] System.NullReferenceException: Object reference not set to an instance of an object.
   at Singular.ClassSpecific.Paladin.Retribution.<>c.<CreateRetributionPaladinInstancePullAndCombat>b__4_14(Object ret)
   at Singular.Helpers.Spell.<>c__DisplayClass18_0.<Cast>b__0(Object ret)
   at TreeSharp.Decorator.Execute(Object context)+MoveNext()
   at TreeSharp.Composite.Tick(Object context)
[20:18:36.992] [D] System.NullReferenceException: Object reference not set to an instance of an object.
   at Singular.ClassSpecific.Paladin.Retribution.<>c.<CreateRetributionPaladinInstancePullAndCombat>b__4_16(Object ret)
   at Singular.Helpers.Spell.<>c__DisplayClass18_0.<Cast>b__0(Object ret)
   at TreeSharp.Decorator.Execute(Object context)+MoveNext()
   at TreeSharp.Composite.Tick(Object context)
[20:18:37.114] [D] System.NullReferenceException: Object reference not set to an instance of an object.
   at Singular.Helpers.Unit.IsBoss(WoWUnit unit)
   at Singular.ClassSpecific.Paladin.Retribution.<>c.<CreateRetributionPaladinInstancePullAndCombat>b__4_7(Object ret)
   at Singular.Helpers.Spell.<>c__DisplayClass18_0.<Cast>b__0(Object ret)
   at TreeSharp.Decorator.Execute(Object context)+MoveNext()
   at TreeSharp.Composite.Tick(Object context)
[20:18:37.114] [D] System.NullReferenceException: Object reference not set to an instance of an object.
   at Singular.ClassSpecific.Paladin.Retribution.<>c.<CreateRetributionPaladinInstancePullAndCombat>b__4_12(Object ret)
   at Singular.Helpers.Spell.<>c__DisplayClass18_0.<Cast>b__0(Object ret)
   at TreeSharp.Decorator.Execute(Object context)+MoveNext()
   at TreeSharp.Composite.Tick(Object context)
[20:18:37.118] [D] System.NullReferenceException: Object reference not set to an instance of an object.
   at Singular.ClassSpecific.Paladin.Retribution.<>c.<CreateRetributionPaladinInstancePullAndCombat>b__4_14(Object ret)
   at Singular.Helpers.Spell.<>c__DisplayClass18_0.<Cast>b__0(Object ret)
   at TreeSharp.Decorator.Execute(Object context)+MoveNext()
   at TreeSharp.Composite.Tick(Object context)
[20:18:37.121] [D] System.NullReferenceException: Object reference not set to an instance of an object.
   at Singular.ClassSpecific.Paladin.Retribution.<>c.<CreateRetributionPaladinInstancePullAndCombat>b__4_16(Object ret)
   at Singular.Helpers.Spell.<>c__DisplayClass18_0.<Cast>b__0(Object ret)
   at TreeSharp.Decorator.Execute(Object context)+MoveNext()
   at TreeSharp.Composite.Tick(Object context)
[20:18:37.168] [D] System.NullReferenceException: Object reference not set to an instance of an object.
   at Singular.Helpers.Unit.IsBoss(WoWUnit unit)
   at Singular.ClassSpecific.Paladin.Retribution.<>c.<CreateRetributionPaladinInstancePullAndCombat>b__4_7(Object ret)
   at Singular.Helpers.Spell.<>c__DisplayClass18_0.<Cast>b__0(Object ret)
   at TreeSharp.Decorator.Execute(Object context)+MoveNext()
   at TreeSharp.Composite.Tick(Object context)
[20:18:37.168] [D] System.NullReferenceException: Object reference not set to an instance of an object.
   at Singular.ClassSpecific.Paladin.Retribution.<>c.<CreateRetributionPaladinInstancePullAndCombat>b__4_12(Object ret)
   at Singular.Helpers.Spell.<>c__DisplayClass18_0.<Cast>b__0(Object ret)
   at TreeSharp.Decorator.Execute(Object context)+MoveNext()
   at TreeSharp.Composite.Tick(Object context)
[20:18:37.172] [D] System.NullReferenceException: Object reference not set to an instance of an object.
   at Singular.ClassSpecific.Paladin.Retribution.<>c.<CreateRetributionPaladinInstancePullAndCombat>b__4_14(Object ret)
   at Singular.Helpers.Spell.<>c__DisplayClass18_0.<Cast>b__0(Object ret)
   at TreeSharp.Decorator.Execute(Object context)+MoveNext()
   at TreeSharp.Composite.Tick(Object context)
[20:18:37.176] [D] System.NullReferenceException: Object reference not set to an instance of an object.
   at Singular.ClassSpecific.Paladin.Retribution.<>c.<CreateRetributionPaladinInstancePullAndCombat>b__4_16(Object ret)
   at Singular.Helpers.Spell.<>c__DisplayClass18_0.<Cast>b__0(Object ret)
   at TreeSharp.Decorator.Execute(Object context)+MoveNext()
   at TreeSharp.Composite.Tick(Object context)
[20:18:37.258] [D] System.NullReferenceException: Object reference not set to an instance of an object.
   at Singular.Helpers.Unit.IsBoss(WoWUnit unit)
   at Singular.ClassSpecific.Paladin.Retribution.<>c.<CreateRetributionPaladinInstancePullAndCombat>b__4_7(Object ret)
   at Singular.Helpers.Spell.<>c__DisplayClass18_0.<Cast>b__0(Object ret)
   at TreeSharp.Decorator.Execute(Object context)+MoveNext()
   at TreeSharp.Composite.Tick(Object context)
[20:18:37.258] [D] System.NullReferenceException: Object reference not set to an instance of an object.
   at Singular.ClassSpecific.Paladin.Retribution.<>c.<CreateRetributionPaladinInstancePullAndCombat>b__4_12(Object ret)
   at Singular.Helpers.Spell.<>c__DisplayClass18_0.<Cast>b__0(Object ret)
   at TreeSharp.Decorator.Execute(Object context)+MoveNext()
   at TreeSharp.Composite.Tick(Object context)
[20:18:37.262] [D] System.NullReferenceException: Object reference not set to an instance of an object.
   at Singular.ClassSpecific.Paladin.Retribution.<>c.<CreateRetributionPaladinInstancePullAndCombat>b__4_14(Object ret)
   at Singular.Helpers.Spell.<>c__DisplayClass18_0.<Cast>b__0(Object ret)
   at TreeSharp.Decorator.Execute(Object context)+MoveNext()
   at TreeSharp.Composite.Tick(Object context)
[20:18:37.265] [D] System.NullReferenceException: Object reference not set to an instance of an object.
   at Singular.ClassSpecific.Paladin.Retribution.<>c.<CreateRetributionPaladinInstancePullAndCombat>b__4_16(Object ret)
   at Singular.Helpers.Spell.<>c__DisplayClass18_0.<Cast>b__0(Object ret)
   at TreeSharp.Decorator.Execute(Object context)+MoveNext()
   at TreeSharp.Composite.Tick(Object context)
[20:18:37.351] [D] System.NullReferenceException: Object reference not set to an instance of an object.
   at Singular.Helpers.Unit.IsBoss(WoWUnit unit)
   at Singular.ClassSpecific.Paladin.Retribution.<>c.<CreateRetributionPaladinInstancePullAndCombat>b__4_7(Object ret)
   at Singular.Helpers.Spell.<>c__DisplayClass18_0.<Cast>b__0(Object ret)
   at TreeSharp.Decorator.Execute(Object context)+MoveNext()
   at TreeSharp.Composite.Tick(Object context)
[20:18:37.351] [D] System.NullReferenceException: Object reference not set to an instance of an object.
   at Singular.ClassSpecific.Paladin.Retribution.<>c.<CreateRetributionPaladinInstancePullAndCombat>b__4_12(Object ret)
   at Singular.Helpers.Spell.<>c__DisplayClass18_0.<Cast>b__0(Object ret)
   at TreeSharp.Decorator.Execute(Object context)+MoveNext()
   at TreeSharp.Composite.Tick(Object context)
[20:18:37.355] [D] System.NullReferenceException: Object reference not set to an instance of an object.
   at Singular.ClassSpecific.Paladin.Retribution.<>c.<CreateRetributionPaladinInstancePullAndCombat>b__4_14(Object ret)
   at Singular.Helpers.Spell.<>c__DisplayClass18_0.<Cast>b__0(Object ret)
   at TreeSharp.Decorator.Execute(Object context)+MoveNext()
   at TreeSharp.Composite.Tick(Object context)
[20:18:37.359] [D] System.NullReferenceException: Object reference not set to an instance of an object.
   at Singular.ClassSpecific.Paladin.Retribution.<>c.<CreateRetributionPaladinInstancePullAndCombat>b__4_16(Object ret)
   at Singular.Helpers.Spell.<>c__DisplayClass18_0.<Cast>b__0(Object ret)
   at TreeSharp.Decorator.Execute(Object context)+MoveNext()
   at TreeSharp.Composite.Tick(Object context)
[20:18:37.442] [D] System.NullReferenceException: Object reference not set to an instance of an object.
   at Singular.Helpers.Unit.IsBoss(WoWUnit unit)
   at Singular.ClassSpecific.Paladin.Retribution.<>c.<CreateRetributionPaladinInstancePullAndCombat>b__4_7(Object ret)
   at Singular.Helpers.Spell.<>c__DisplayClass18_0.<Cast>b__0(Object ret)
   at TreeSharp.Decorator.Execute(Object context)+MoveNext()
   at TreeSharp.Composite.Tick(Object context)
[20:18:37.442] [D] System.NullReferenceException: Object reference not set to an instance of an object.
   at Singular.ClassSpecific.Paladin.Retribution.<>c.<CreateRetributionPaladinInstancePullAndCombat>b__4_12(Object ret)
   at Singular.Helpers.Spell.<>c__DisplayClass18_0.<Cast>b__0(Object ret)
   at TreeSharp.Decorator.Execute(Object context)+MoveNext()
   at TreeSharp.Composite.Tick(Object context)
[20:18:37.446] [D] System.NullReferenceException: Object reference not set to an instance of an object.
   at Singular.ClassSpecific.Paladin.Retribution.<>c.<CreateRetributionPaladinInstancePullAndCombat>b__4_14(Object ret)
   at Singular.Helpers.Spell.<>c__DisplayClass18_0.<Cast>b__0(Object ret)
   at TreeSharp.Decorator.Execute(Object context)+MoveNext()
   at TreeSharp.Composite.Tick(Object context)
[20:18:37.450] [D] System.NullReferenceException: Object reference not set to an instance of an object.
   at Singular.ClassSpecific.Paladin.Retribution.<>c.<CreateRetributionPaladinInstancePullAndCombat>b__4_16(Object ret)
   at Singular.Helpers.Spell.<>c__DisplayClass18_0.<Cast>b__0(Object ret)
   at TreeSharp.Decorator.Execute(Object context)+MoveNext()
   at TreeSharp.Composite.Tick(Object context)
[20:18:37.537] [D] System.NullReferenceException: Object reference not set to an instance of an object.
   at Singular.Helpers.Unit.IsBoss(WoWUnit unit)
   at Singular.ClassSpecific.Paladin.Retribution.<>c.<CreateRetributionPaladinInstancePullAndCombat>b__4_7(Object ret)
   at Singular.Helpers.Spell.<>c__DisplayClass18_0.<Cast>b__0(Object ret)
   at TreeSharp.Decorator.Execute(Object context)+MoveNext()
   at TreeSharp.Composite.Tick(Object context)
[20:18:37.537] [D] System.NullReferenceException: Object reference not set to an instance of an object.
   at Singular.ClassSpecific.Paladin.Retribution.<>c.<CreateRetributionPaladinInstancePullAndCombat>b__4_12(Object ret)
   at Singular.Helpers.Spell.<>c__DisplayClass18_0.<Cast>b__0(Object ret)
   at TreeSharp.Decorator.Execute(Object context)+MoveNext()
   at TreeSharp.Composite.Tick(Object context)
[20:18:37.541] [D] System.NullReferenceException: Object reference not set to an instance of an object.
   at Singular.ClassSpecific.Paladin.Retribution.<>c.<CreateRetributionPaladinInstancePullAndCombat>b__4_14(Object ret)
   at Singular.Helpers.Spell.<>c__DisplayClass18_0.<Cast>b__0(Object ret)
   at TreeSharp.Decorator.Execute(Object context)+MoveNext()
   at TreeSharp.Composite.Tick(Object context)
[20:18:37.545] [D] System.NullReferenceException: Object reference not set to an instance of an object.
   at Singular.ClassSpecific.Paladin.Retribution.<>c.<CreateRetributionPaladinInstancePullAndCombat>b__4_16(Object ret)
   at Singular.Helpers.Spell.<>c__DisplayClass18_0.<Cast>b__0(Object ret)
   at TreeSharp.Decorator.Execute(Object context)+MoveNext()
   at TreeSharp.Composite.Tick(Object context)
[20:18:37.628] [D] System.NullReferenceException: Object reference not set to an instance of an object.
   at Singular.Helpers.Unit.IsBoss(WoWUnit unit)
   at Singular.ClassSpecific.Paladin.Retribution.<>c.<CreateRetributionPaladinInstancePullAndCombat>b__4_7(Object ret)
   at Singular.Helpers.Spell.<>c__DisplayClass18_0.<Cast>b__0(Object ret)
   at TreeSharp.Decorator.Execute(Object context)+MoveNext()
   at TreeSharp.Composite.Tick(Object context)
[20:18:37.629] [D] System.NullReferenceException: Object reference not set to an instance of an object.
   at Singular.ClassSpecific.Paladin.Retribution.<>c.<CreateRetributionPaladinInstancePullAndCombat>b__4_12(Object ret)
   at Singular.Helpers.Spell.<>c__DisplayClass18_0.<Cast>b__0(Object ret)
   at TreeSharp.Decorator.Execute(Object context)+MoveNext()
   at TreeSharp.Composite.Tick(Object context)
[20:18:37.632] [D] System.NullReferenceException: Object reference not set to an instance of an object.
   at Singular.ClassSpecific.Paladin.Retribution.<>c.<CreateRetributionPaladinInstancePullAndCombat>b__4_14(Object ret)
   at Singular.Helpers.Spell.<>c__DisplayClass18_0.<Cast>b__0(Object ret)
   at TreeSharp.Decorator.Execute(Object context)+MoveNext()
   at TreeSharp.Composite.Tick(Object context)
[20:18:37.636] [D] System.NullReferenceException: Object reference not set to an instance of an object.
   at Singular.ClassSpecific.Paladin.Retribution.<>c.<CreateRetributionPaladinInstancePullAndCombat>b__4_16(Object ret)
   at Singular.Helpers.Spell.<>c__DisplayClass18_0.<Cast>b__0(Object ret)
   at TreeSharp.Decorator.Execute(Object context)+MoveNext()
   at TreeSharp.Composite.Tick(Object context)
[20:18:37.702] [D] System.NullReferenceException: Object reference not set to an instance of an object.
   at Singular.Helpers.Unit.IsBoss(WoWUnit unit)
   at Singular.ClassSpecific.Paladin.Retribution.<>c.<CreateRetributionPaladinInstancePullAndCombat>b__4_7(Object ret)
   at Singular.Helpers.Spell.<>c__DisplayClass18_0.<Cast>b__0(Object ret)
   at TreeSharp.Decorator.Execute(Object context)+MoveNext()
   at TreeSharp.Composite.Tick(Object context)
[20:18:37.703] [D] System.NullReferenceException: Object reference not set to an instance of an object.
   at Singular.ClassSpecific.Paladin.Retribution.<>c.<CreateRetributionPaladinInstancePullAndCombat>b__4_12(Object ret)
   at Singular.Helpers.Spell.<>c__DisplayClass18_0.<Cast>b__0(Object ret)
   at TreeSharp.Decorator.Execute(Object context)+MoveNext()
   at TreeSharp.Composite.Tick(Object context)
[20:18:37.706] [D] System.NullReferenceException: Object reference not set to an instance of an object.
   at Singular.ClassSpecific.Paladin.Retribution.<>c.<CreateRetributionPaladinInstancePullAndCombat>b__4_14(Object ret)
   at Singular.Helpers.Spell.<>c__DisplayClass18_0.<Cast>b__0(Object ret)
   at TreeSharp.Decorator.Execute(Object context)+MoveNext()
   at TreeSharp.Composite.Tick(Object context)
[20:18:37.710] [D] System.NullReferenceException: Object reference not set to an instance of an object.
   at Singular.ClassSpecific.Paladin.Retribution.<>c.<CreateRetributionPaladinInstancePullAndCombat>b__4_16(Object ret)
   at Singular.Helpers.Spell.<>c__DisplayClass18_0.<Cast>b__0(Object ret)
   at TreeSharp.Decorator.Execute(Object context)+MoveNext()
   at TreeSharp.Composite.Tick(Object context)
[20:18:37.830] [D] System.NullReferenceException: Object reference not set to an instance of an object.
   at Singular.Helpers.Unit.IsBoss(WoWUnit unit)
   at Singular.ClassSpecific.Paladin.Retribution.<>c.<CreateRetributionPaladinInstancePullAndCombat>b__4_7(Object ret)
   at Singular.Helpers.Spell.<>c__DisplayClass18_0.<Cast>b__0(Object ret)
   at TreeSharp.Decorator.Execute(Object context)+MoveNext()
   at TreeSharp.Composite.Tick(Object context)
[20:18:37.830] [D] System.NullReferenceException: Object reference not set to an instance of an object.
   at Singular.ClassSpecific.Paladin.Retribution.<>c.<CreateRetributionPaladinInstancePullAndCombat>b__4_12(Object ret)
   at Singular.Helpers.Spell.<>c__DisplayClass18_0.<Cast>b__0(Object ret)
   at TreeSharp.Decorator.Execute(Object context)+MoveNext()
   at TreeSharp.Composite.Tick(Object context)
[20:18:37.835] [D] System.NullReferenceException: Object reference not set to an instance of an object.
   at Singular.ClassSpecific.Paladin.Retribution.<>c.<CreateRetributionPaladinInstancePullAndCombat>b__4_14(Object ret)
   at Singular.Helpers.Spell.<>c__DisplayClass18_0.<Cast>b__0(Object ret)
   at TreeSharp.Decorator.Execute(Object context)+MoveNext()
   at TreeSharp.Composite.Tick(Object context)
[20:18:37.839] [D] System.NullReferenceException: Object reference not set to an instance of an object.
   at Singular.ClassSpecific.Paladin.Retribution.<>c.<CreateRetributionPaladinInstancePullAndCombat>b__4_16(Object ret)
   at Singular.Helpers.Spell.<>c__DisplayClass18_0.<Cast>b__0(Object ret)
   at TreeSharp.Decorator.Execute(Object context)+MoveNext()
   at TreeSharp.Composite.Tick(Object context)
[20:18:37.891] [D] System.NullReferenceException: Object reference not set to an instance of an object.
   at Singular.Helpers.Unit.IsBoss(WoWUnit unit)
   at Singular.ClassSpecific.Paladin.Retribution.<>c.<CreateRetributionPaladinInstancePullAndCombat>b__4_7(Object ret)
   at Singular.Helpers.Spell.<>c__DisplayClass18_0.<Cast>b__0(Object ret)
   at TreeSharp.Decorator.Execute(Object context)+MoveNext()
   at TreeSharp.Composite.Tick(Object context)
[20:18:37.891] [D] System.NullReferenceException: Object reference not set to an instance of an object.
   at Singular.ClassSpecific.Paladin.Retribution.<>c.<CreateRetributionPaladinInstancePullAndCombat>b__4_12(Object ret)
   at Singular.Helpers.Spell.<>c__DisplayClass18_0.<Cast>b__0(Object ret)
   at TreeSharp.Decorator.Execute(Object context)+MoveNext()
   at TreeSharp.Composite.Tick(Object context)
[20:18:37.895] [D] System.NullReferenceException: Object reference not set to an instance of an object.
   at Singular.ClassSpecific.Paladin.Retribution.<>c.<CreateRetributionPaladinInstancePullAndCombat>b__4_14(Object ret)
   at Singular.Helpers.Spell.<>c__DisplayClass18_0.<Cast>b__0(Object ret)
   at TreeSharp.Decorator.Execute(Object context)+MoveNext()
   at TreeSharp.Composite.Tick(Object context)
[20:18:37.899] [D] System.NullReferenceException: Object reference not set to an instance of an object.
   at Singular.ClassSpecific.Paladin.Retribution.<>c.<CreateRetributionPaladinInstancePullAndCombat>b__4_16(Object ret)
   at Singular.Helpers.Spell.<>c__DisplayClass18_0.<Cast>b__0(Object ret)
   at TreeSharp.Decorator.Execute(Object context)+MoveNext()
   at TreeSharp.Composite.Tick(Object context)
[20:18:37.981] [D] System.NullReferenceException: Object reference not set to an instance of an object.
   at Singular.Helpers.Unit.IsBoss(WoWUnit unit)
   at Singular.ClassSpecific.Paladin.Retribution.<>c.<CreateRetributionPaladinInstancePullAndCombat>b__4_7(Object ret)
   at Singular.Helpers.Spell.<>c__DisplayClass18_0.<Cast>b__0(Object ret)
   at TreeSharp.Decorator.Execute(Object context)+MoveNext()
   at TreeSharp.Composite.Tick(Object context)
[20:18:37.981] [D] System.NullReferenceException: Object reference not set to an instance of an object.
   at Singular.ClassSpecific.Paladin.Retribution.<>c.<CreateRetributionPaladinInstancePullAndCombat>b__4_12(Object ret)
   at Singular.Helpers.Spell.<>c__DisplayClass18_0.<Cast>b__0(Object ret)
   at TreeSharp.Decorator.Execute(Object context)+MoveNext()
   at TreeSharp.Composite.Tick(Object context)
[20:18:37.985] [D] System.NullReferenceException: Object reference not set to an instance of an object.
   at Singular.ClassSpecific.Paladin.Retribution.<>c.<CreateRetributionPaladinInstancePullAndCombat>b__4_14(Object ret)
   at Singular.Helpers.Spell.<>c__DisplayClass18_0.<Cast>b__0(Object ret)
   at TreeSharp.Decorator.Execute(Object context)+MoveNext()
   at TreeSharp.Composite.Tick(Object context)
[20:18:37.988] [D] System.NullReferenceException: Object reference not set to an instance of an object.
   at Singular.ClassSpecific.Paladin.Retribution.<>c.<CreateRetributionPaladinInstancePullAndCombat>b__4_16(Object ret)
   at Singular.Helpers.Spell.<>c__DisplayClass18_0.<Cast>b__0(Object ret)
   at TreeSharp.Decorator.Execute(Object context)+MoveNext()
   at TreeSharp.Composite.Tick(Object context)
[20:18:38.060] [D] System.NullReferenceException: Object reference not set to an instance of an object.
   at Singular.Helpers.Unit.IsBoss(WoWUnit unit)
   at Singular.ClassSpecific.Paladin.Retribution.<>c.<CreateRetributionPaladinInstancePullAndCombat>b__4_7(Object ret)
   at Singular.Helpers.Spell.<>c__DisplayClass18_0.<Cast>b__0(Object ret)
   at TreeSharp.Decorator.Execute(Object context)+MoveNext()
   at TreeSharp.Composite.Tick(Object context)
[20:18:38.060] [D] System.NullReferenceException: Object reference not set to an instance of an object.
   at Singular.ClassSpecific.Paladin.Retribution.<>c.<CreateRetributionPaladinInstancePullAndCombat>b__4_12(Object ret)
   at Singular.Helpers.Spell.<>c__DisplayClass18_0.<Cast>b__0(Object ret)
   at TreeSharp.Decorator.Execute(Object context)+MoveNext()
   at TreeSharp.Composite.Tick(Object context)
[20:18:38.063] [D] System.NullReferenceException: Object reference not set to an instance of an object.
   at Singular.ClassSpecific.Paladin.Retribution.<>c.<CreateRetributionPaladinInstancePullAndCombat>b__4_14(Object ret)
   at Singular.Helpers.Spell.<>c__DisplayClass18_0.<Cast>b__0(Object ret)
   at TreeSharp.Decorator.Execute(Object context)+MoveNext()
   at TreeSharp.Composite.Tick(Object context)
[20:18:38.067] [D] System.NullReferenceException: Object reference not set to an instance of an object.
   at Singular.ClassSpecific.Paladin.Retribution.<>c.<CreateRetributionPaladinInstancePullAndCombat>b__4_16(Object ret)
   at Singular.Helpers.Spell.<>c__DisplayClass18_0.<Cast>b__0(Object ret)
   at TreeSharp.Decorator.Execute(Object context)+MoveNext()
   at TreeSharp.Composite.Tick(Object context)
[20:18:38.149] [D] System.NullReferenceException: Object reference not set to an instance of an object.
   at Singular.Helpers.Unit.IsBoss(WoWUnit unit)
   at Singular.ClassSpecific.Paladin.Retribution.<>c.<CreateRetributionPaladinInstancePullAndCombat>b__4_7(Object ret)
   at Singular.Helpers.Spell.<>c__DisplayClass18_0.<Cast>b__0(Object ret)
   at TreeSharp.Decorator.Execute(Object context)+MoveNext()
   at TreeSharp.Composite.Tick(Object context)
[20:18:38.150] [D] System.NullReferenceException: Object reference not set to an instance of an object.
   at Singular.ClassSpecific.Paladin.Retribution.<>c.<CreateRetributionPaladinInstancePullAndCombat>b__4_12(Object ret)
   at Singular.Helpers.Spell.<>c__DisplayClass18_0.<Cast>b__0(Object ret)
   at TreeSharp.Decorator.Execute(Object context)+MoveNext()
   at TreeSharp.Composite.Tick(Object context)
[20:18:38.153] [D] System.NullReferenceException: Object reference not set to an instance of an object.
   at Singular.ClassSpecific.Paladin.Retribution.<>c.<CreateRetributionPaladinInstancePullAndCombat>b__4_14(Object ret)
   at Singular.Helpers.Spell.<>c__DisplayClass18_0.<Cast>b__0(Object ret)
   at TreeSharp.Decorator.Execute(Object context)+MoveNext()
   at TreeSharp.Composite.Tick(Object context)
[20:18:38.158] [D] System.NullReferenceException: Object reference not set to an instance of an object.
   at Singular.ClassSpecific.Paladin.Retribution.<>c.<CreateRetributionPaladinInstancePullAndCombat>b__4_16(Object ret)
   at Singular.Helpers.Spell.<>c__DisplayClass18_0.<Cast>b__0(Object ret)
   at TreeSharp.Decorator.Execute(Object context)+MoveNext()
   at TreeSharp.Composite.Tick(Object context)
[20:18:38.222] [D] System.NullReferenceException: Object reference not set to an instance of an object.
   at Singular.Helpers.Unit.IsBoss(WoWUnit unit)
   at Singular.ClassSpecific.Paladin.Retribution.<>c.<CreateRetributionPaladinInstancePullAndCombat>b__4_7(Object ret)
   at Singular.Helpers.Spell.<>c__DisplayClass18_0.<Cast>b__0(Object ret)
   at TreeSharp.Decorator.Execute(Object context)+MoveNext()
   at TreeSharp.Composite.Tick(Object context)
[20:18:38.223] [D] System.NullReferenceException: Object reference not set to an instance of an object.
   at Singular.ClassSpecific.Paladin.Retribution.<>c.<CreateRetributionPaladinInstancePullAndCombat>b__4_12(Object ret)
   at Singular.Helpers.Spell.<>c__DisplayClass18_0.<Cast>b__0(Object ret)
   at TreeSharp.Decorator.Execute(Object context)+MoveNext()
   at TreeSharp.Composite.Tick(Object context)
[20:18:38.226] [D] System.NullReferenceException: Object reference not set to an instance of an object.
   at Singular.ClassSpecific.Paladin.Retribution.<>c.<CreateRetributionPaladinInstancePullAndCombat>b__4_14(Object ret)
   at Singular.Helpers.Spell.<>c__DisplayClass18_0.<Cast>b__0(Object ret)
   at TreeSharp.Decorator.Execute(Object context)+MoveNext()
   at TreeSharp.Composite.Tick(Object context)
[20:18:38.230] [D] System.NullReferenceException: Object reference not set to an instance of an object.
   at Singular.ClassSpecific.Paladin.Retribution.<>c.<CreateRetributionPaladinInstancePullAndCombat>b__4_16(Object ret)
   at Singular.Helpers.Spell.<>c__DisplayClass18_0.<Cast>b__0(Object ret)
   at TreeSharp.Decorator.Execute(Object context)+MoveNext()
   at TreeSharp.Composite.Tick(Object context)
[20:18:38.315] [D] System.NullReferenceException: Object reference not set to an instance of an object.
   at Singular.Helpers.Unit.IsBoss(WoWUnit unit)
   at Singular.ClassSpecific.Paladin.Retribution.<>c.<CreateRetributionPaladinInstancePullAndCombat>b__4_7(Object ret)
   at Singular.Helpers.Spell.<>c__DisplayClass18_0.<Cast>b__0(Object ret)
   at TreeSharp.Decorator.Execute(Object context)+MoveNext()
   at TreeSharp.Composite.Tick(Object context)
[20:18:38.315] [D] System.NullReferenceException: Object reference not set to an instance of an object.
   at Singular.ClassSpecific.Paladin.Retribution.<>c.<CreateRetributionPaladinInstancePullAndCombat>b__4_12(Object ret)
   at Singular.Helpers.Spell.<>c__DisplayClass18_0.<Cast>b__0(Object ret)
   at TreeSharp.Decorator.Execute(Object context)+MoveNext()
   at TreeSharp.Composite.Tick(Object context)
[20:18:38.319] [D] System.NullReferenceException: Object reference not set to an instance of an object.
   at Singular.ClassSpecific.Paladin.Retribution.<>c.<CreateRetributionPaladinInstancePullAndCombat>b__4_14(Object ret)
   at Singular.Helpers.Spell.<>c__DisplayClass18_0.<Cast>b__0(Object ret)
   at TreeSharp.Decorator.Execute(Object context)+MoveNext()
   at TreeSharp.Composite.Tick(Object context)
[20:18:38.323] [D] System.NullReferenceException: Object reference not set to an instance of an object.
   at Singular.ClassSpecific.Paladin.Retribution.<>c.<CreateRetributionPaladinInstancePullAndCombat>b__4_16(Object ret)
   at Singular.Helpers.Spell.<>c__DisplayClass18_0.<Cast>b__0(Object ret)
   at TreeSharp.Decorator.Execute(Object context)+MoveNext()
   at TreeSharp.Composite.Tick(Object context)
[20:18:38.394] [D] System.NullReferenceException: Object reference not set to an instance of an object.
   at Singular.Helpers.Unit.IsBoss(WoWUnit unit)
   at Singular.ClassSpecific.Paladin.Retribution.<>c.<CreateRetributionPaladinInstancePullAndCombat>b__4_7(Object ret)
   at Singular.Helpers.Spell.<>c__DisplayClass18_0.<Cast>b__0(Object ret)
   at TreeSharp.Decorator.Execute(Object context)+MoveNext()
   at TreeSharp.Composite.Tick(Object context)
[20:18:38.394] [D] System.NullReferenceException: Object reference not set to an instance of an object.
   at Singular.ClassSpecific.Paladin.Retribution.<>c.<CreateRetributionPaladinInstancePullAndCombat>b__4_12(Object ret)
   at Singular.Helpers.Spell.<>c__DisplayClass18_0.<Cast>b__0(Object ret)
   at TreeSharp.Decorator.Execute(Object context)+MoveNext()
   at TreeSharp.Composite.Tick(Object context)
[20:18:38.398] [D] System.NullReferenceException: Object reference not set to an instance of an object.
   at Singular.ClassSpecific.Paladin.Retribution.<>c.<CreateRetributionPaladinInstancePullAndCombat>b__4_14(Object ret)
   at Singular.Helpers.Spell.<>c__DisplayClass18_0.<Cast>b__0(Object ret)
   at TreeSharp.Decorator.Execute(Object context)+MoveNext()
   at TreeSharp.Composite.Tick(Object context)
[20:18:38.402] [D] System.NullReferenceException: Object reference not set to an instance of an object.
   at Singular.ClassSpecific.Paladin.Retribution.<>c.<CreateRetributionPaladinInstancePullAndCombat>b__4_16(Object ret)
   at Singular.Helpers.Spell.<>c__DisplayClass18_0.<Cast>b__0(Object ret)
   at TreeSharp.Decorator.Execute(Object context)+MoveNext()
   at TreeSharp.Composite.Tick(Object context)
[20:18:38.471] [D] System.NullReferenceException: Object reference not set to an instance of an object.
   at Singular.Helpers.Unit.IsBoss(WoWUnit unit)
   at Singular.ClassSpecific.Paladin.Retribution.<>c.<CreateRetributionPaladinInstancePullAndCombat>b__4_7(Object ret)
   at Singular.Helpers.Spell.<>c__DisplayClass18_0.<Cast>b__0(Object ret)
   at TreeSharp.Decorator.Execute(Object context)+MoveNext()
   at TreeSharp.Composite.Tick(Object context)
[20:18:38.471] [D] System.NullReferenceException: Object reference not set to an instance of an object.
   at Singular.ClassSpecific.Paladin.Retribution.<>c.<CreateRetributionPaladinInstancePullAndCombat>b__4_12(Object ret)
   at Singular.Helpers.Spell.<>c__DisplayClass18_0.<Cast>b__0(Object ret)
   at TreeSharp.Decorator.Execute(Object context)+MoveNext()
   at TreeSharp.Composite.Tick(Object context)
[20:18:38.475] [D] System.NullReferenceException: Object reference not set to an instance of an object.
   at Singular.ClassSpecific.Paladin.Retribution.<>c.<CreateRetributionPaladinInstancePullAndCombat>b__4_14(Object ret)
   at Singular.Helpers.Spell.<>c__DisplayClass18_0.<Cast>b__0(Object ret)
   at TreeSharp.Decorator.Execute(Object context)+MoveNext()
   at TreeSharp.Composite.Tick(Object context)
[20:18:38.479] [D] System.NullReferenceException: Object reference not set to an instance of an object.
   at Singular.ClassSpecific.Paladin.Retribution.<>c.<CreateRetributionPaladinInstancePullAndCombat>b__4_16(Object ret)
   at Singular.Helpers.Spell.<>c__DisplayClass18_0.<Cast>b__0(Object ret)
   at TreeSharp.Decorator.Execute(Object context)+MoveNext()
   at TreeSharp.Composite.Tick(Object context)
[20:18:38.556] [D] System.NullReferenceException: Object reference not set to an instance of an object.
   at Singular.Helpers.Unit.IsBoss(WoWUnit unit)
   at Singular.ClassSpecific.Paladin.Retribution.<>c.<CreateRetributionPaladinInstancePullAndCombat>b__4_7(Object ret)
   at Singular.Helpers.Spell.<>c__DisplayClass18_0.<Cast>b__0(Object ret)
   at TreeSharp.Decorator.Execute(Object context)+MoveNext()
   at TreeSharp.Composite.Tick(Object context)
[20:18:38.557] [D] System.NullReferenceException: Object reference not set to an instance of an object.
   at Singular.ClassSpecific.Paladin.Retribution.<>c.<CreateRetributionPaladinInstancePullAndCombat>b__4_12(Object ret)
   at Singular.Helpers.Spell.<>c__DisplayClass18_0.<Cast>b__0(Object ret)
   at TreeSharp.Decorator.Execute(Object context)+MoveNext()
   at TreeSharp.Composite.Tick(Object context)
[20:18:38.560] [D] System.NullReferenceException: Object reference not set to an instance of an object.
   at Singular.ClassSpecific.Paladin.Retribution.<>c.<CreateRetributionPaladinInstancePullAndCombat>b__4_14(Object ret)
   at Singular.Helpers.Spell.<>c__DisplayClass18_0.<Cast>b__0(Object ret)
   at TreeSharp.Decorator.Execute(Object context)+MoveNext()
   at TreeSharp.Composite.Tick(Object context)
[20:18:38.564] [D] System.NullReferenceException: Object reference not set to an instance of an object.
   at Singular.ClassSpecific.Paladin.Retribution.<>c.<CreateRetributionPaladinInstancePullAndCombat>b__4_16(Object ret)
   at Singular.Helpers.Spell.<>c__DisplayClass18_0.<Cast>b__0(Object ret)
   at TreeSharp.Decorator.Execute(Object context)+MoveNext()
   at TreeSharp.Composite.Tick(Object context)
[20:18:38.649] [D] System.NullReferenceException: Object reference not set to an instance of an object.
   at Singular.Helpers.Unit.IsBoss(WoWUnit unit)
   at Singular.ClassSpecific.Paladin.Retribution.<>c.<CreateRetributionPaladinInstancePullAndCombat>b__4_7(Object ret)
   at Singular.Helpers.Spell.<>c__DisplayClass18_0.<Cast>b__0(Object ret)
   at TreeSharp.Decorator.Execute(Object context)+MoveNext()
   at TreeSharp.Composite.Tick(Object context)
[20:18:38.649] [D] System.NullReferenceException: Object reference not set to an instance of an object.
   at Singular.ClassSpecific.Paladin.Retribution.<>c.<CreateRetributionPaladinInstancePullAndCombat>b__4_12(Object ret)
   at Singular.Helpers.Spell.<>c__DisplayClass18_0.<Cast>b__0(Object ret)
   at TreeSharp.Decorator.Execute(Object context)+MoveNext()
   at TreeSharp.Composite.Tick(Object context)
[20:18:38.653] [D] System.NullReferenceException: Object reference not set to an instance of an object.
   at Singular.ClassSpecific.Paladin.Retribution.<>c.<CreateRetributionPaladinInstancePullAndCombat>b__4_14(Object ret)
   at Singular.Helpers.Spell.<>c__DisplayClass18_0.<Cast>b__0(Object ret)
   at TreeSharp.Decorator.Execute(Object context)+MoveNext()
   at TreeSharp.Composite.Tick(Object context)
[20:18:38.657] [D] System.NullReferenceException: Object reference not set to an instance of an object.
   at Singular.ClassSpecific.Paladin.Retribution.<>c.<CreateRetributionPaladinInstancePullAndCombat>b__4_16(Object ret)
   at Singular.Helpers.Spell.<>c__DisplayClass18_0.<Cast>b__0(Object ret)
   at TreeSharp.Decorator.Execute(Object context)+MoveNext()
   at TreeSharp.Composite.Tick(Object context)
[20:18:38.738] [D] System.NullReferenceException: Object reference not set to an instance of an object.
   at Singular.Helpers.Unit.IsBoss(WoWUnit unit)
   at Singular.ClassSpecific.Paladin.Retribution.<>c.<CreateRetributionPaladinInstancePullAndCombat>b__4_7(Object ret)
   at Singular.Helpers.Spell.<>c__DisplayClass18_0.<Cast>b__0(Object ret)
   at TreeSharp.Decorator.Execute(Object context)+MoveNext()
   at TreeSharp.Composite.Tick(Object context)
[20:18:38.739] [D] System.NullReferenceException: Object reference not set to an instance of an object.
   at Singular.ClassSpecific.Paladin.Retribution.<>c.<CreateRetributionPaladinInstancePullAndCombat>b__4_12(Object ret)
   at Singular.Helpers.Spell.<>c__DisplayClass18_0.<Cast>b__0(Object ret)
   at TreeSharp.Decorator.Execute(Object context)+MoveNext()
   at TreeSharp.Composite.Tick(Object context)
[20:18:38.742] [D] System.NullReferenceException: Object reference not set to an instance of an object.
   at Singular.ClassSpecific.Paladin.Retribution.<>c.<CreateRetributionPaladinInstancePullAndCombat>b__4_14(Object ret)
   at Singular.Helpers.Spell.<>c__DisplayClass18_0.<Cast>b__0(Object ret)
   at TreeSharp.Decorator.Execute(Object context)+MoveNext()
   at TreeSharp.Composite.Tick(Object context)
[20:18:38.746] [D] System.NullReferenceException: Object reference not set to an instance of an object.
   at Singular.ClassSpecific.Paladin.Retribution.<>c.<CreateRetributionPaladinInstancePullAndCombat>b__4_16(Object ret)
   at Singular.Helpers.Spell.<>c__DisplayClass18_0.<Cast>b__0(Object ret)
   at TreeSharp.Decorator.Execute(Object context)+MoveNext()
   at TreeSharp.Composite.Tick(Object context)
[20:18:38.832] [D] System.NullReferenceException: Object reference not set to an instance of an object.
   at Singular.Helpers.Unit.IsBoss(WoWUnit unit)
   at Singular.ClassSpecific.Paladin.Retribution.<>c.<CreateRetributionPaladinInstancePullAndCombat>b__4_7(Object ret)
   at Singular.Helpers.Spell.<>c__DisplayClass18_0.<Cast>b__0(Object ret)
   at TreeSharp.Decorator.Execute(Object context)+MoveNext()
   at TreeSharp.Composite.Tick(Object context)
[20:18:38.832] [D] System.NullReferenceException: Object reference not set to an instance of an object.
   at Singular.ClassSpecific.Paladin.Retribution.<>c.<CreateRetributionPaladinInstancePullAndCombat>b__4_12(Object ret)
   at Singular.Helpers.Spell.<>c__DisplayClass18_0.<Cast>b__0(Object ret)
   at TreeSharp.Decorator.Execute(Object context)+MoveNext()
   at TreeSharp.Composite.Tick(Object context)
[20:18:38.836] [D] System.NullReferenceException: Object reference not set to an instance of an object.
   at Singular.ClassSpecific.Paladin.Retribution.<>c.<CreateRetributionPaladinInstancePullAndCombat>b__4_14(Object ret)
   at Singular.Helpers.Spell.<>c__DisplayClass18_0.<Cast>b__0(Object ret)
   at TreeSharp.Decorator.Execute(Object context)+MoveNext()
   at TreeSharp.Composite.Tick(Object context)
[20:18:38.840] [D] System.NullReferenceException: Object reference not set to an instance of an object.
   at Singular.ClassSpecific.Paladin.Retribution.<>c.<CreateRetributionPaladinInstancePullAndCombat>b__4_16(Object ret)
   at Singular.Helpers.Spell.<>c__DisplayClass18_0.<Cast>b__0(Object ret)
   at TreeSharp.Decorator.Execute(Object context)+MoveNext()
   at TreeSharp.Composite.Tick(Object context)
[20:18:38.928] [D] System.NullReferenceException: Object reference not set to an instance of an object.
   at Singular.Helpers.Unit.IsBoss(WoWUnit unit)
   at Singular.ClassSpecific.Paladin.Retribution.<>c.<CreateRetributionPaladinInstancePullAndCombat>b__4_7(Object ret)
   at Singular.Helpers.Spell.<>c__DisplayClass18_0.<Cast>b__0(Object ret)
   at TreeSharp.Decorator.Execute(Object context)+MoveNext()
   at TreeSharp.Composite.Tick(Object context)
[20:18:38.928] [D] System.NullReferenceException: Object reference not set to an instance of an object.
   at Singular.ClassSpecific.Paladin.Retribution.<>c.<CreateRetributionPaladinInstancePullAndCombat>b__4_12(Object ret)
   at Singular.Helpers.Spell.<>c__DisplayClass18_0.<Cast>b__0(Object ret)
   at TreeSharp.Decorator.Execute(Object context)+MoveNext()
   at TreeSharp.Composite.Tick(Object context)
[20:18:38.932] [D] System.NullReferenceException: Object reference not set to an instance of an object.
   at Singular.ClassSpecific.Paladin.Retribution.<>c.<CreateRetributionPaladinInstancePullAndCombat>b__4_14(Object ret)
   at Singular.Helpers.Spell.<>c__DisplayClass18_0.<Cast>b__0(Object ret)
   at TreeSharp.Decorator.Execute(Object context)+MoveNext()
   at TreeSharp.Composite.Tick(Object context)
[20:18:38.935] [D] System.NullReferenceException: Object reference not set to an instance of an object.
   at Singular.ClassSpecific.Paladin.Retribution.<>c.<CreateRetributionPaladinInstancePullAndCombat>b__4_16(Object ret)
   at Singular.Helpers.Spell.<>c__DisplayClass18_0.<Cast>b__0(Object ret)
   at TreeSharp.Decorator.Execute(Object context)+MoveNext()
   at TreeSharp.Composite.Tick(Object context)
[20:18:39.015] [D] System.NullReferenceException: Object reference not set to an instance of an object.
   at Singular.Helpers.Unit.IsBoss(WoWUnit unit)
   at Singular.ClassSpecific.Paladin.Retribution.<>c.<CreateRetributionPaladinInstancePullAndCombat>b__4_7(Object ret)
   at Singular.Helpers.Spell.<>c__DisplayClass18_0.<Cast>b__0(Object ret)
   at TreeSharp.Decorator.Execute(Object context)+MoveNext()
   at TreeSharp.Composite.Tick(Object context)
[20:18:39.015] [D] System.NullReferenceException: Object reference not set to an instance of an object.
   at Singular.ClassSpecific.Paladin.Retribution.<>c.<CreateRetributionPaladinInstancePullAndCombat>b__4_12(Object ret)
   at Singular.Helpers.Spell.<>c__DisplayClass18_0.<Cast>b__0(Object ret)
   at TreeSharp.Decorator.Execute(Object context)+MoveNext()
   at TreeSharp.Composite.Tick(Object context)
[20:18:39.019] [D] System.NullReferenceException: Object reference not set to an instance of an object.
   at Singular.ClassSpecific.Paladin.Retribution.<>c.<CreateRetributionPaladinInstancePullAndCombat>b__4_14(Object ret)
   at Singular.Helpers.Spell.<>c__DisplayClass18_0.<Cast>b__0(Object ret)
   at TreeSharp.Decorator.Execute(Object context)+MoveNext()
   at TreeSharp.Composite.Tick(Object context)
[20:18:39.023] [D] System.NullReferenceException: Object reference not set to an instance of an object.
   at Singular.ClassSpecific.Paladin.Retribution.<>c.<CreateRetributionPaladinInstancePullAndCombat>b__4_16(Object ret)
   at Singular.Helpers.Spell.<>c__DisplayClass18_0.<Cast>b__0(Object ret)
   at TreeSharp.Decorator.Execute(Object context)+MoveNext()
   at TreeSharp.Composite.Tick(Object context)
[20:18:39.110] [D] System.NullReferenceException: Object reference not set to an instance of an object.
   at Singular.Helpers.Unit.IsBoss(WoWUnit unit)
   at Singular.ClassSpecific.Paladin.Retribution.<>c.<CreateRetributionPaladinInstancePullAndCombat>b__4_7(Object ret)
   at Singular.Helpers.Spell.<>c__DisplayClass18_0.<Cast>b__0(Object ret)
   at TreeSharp.Decorator.Execute(Object context)+MoveNext()
   at TreeSharp.Composite.Tick(Object context)
[20:18:39.111] [D] System.NullReferenceException: Object reference not set to an instance of an object.
   at Singular.ClassSpecific.Paladin.Retribution.<>c.<CreateRetributionPaladinInstancePullAndCombat>b__4_12(Object ret)
   at Singular.Helpers.Spell.<>c__DisplayClass18_0.<Cast>b__0(Object ret)
   at TreeSharp.Decorator.Execute(Object context)+MoveNext()
   at TreeSharp.Composite.Tick(Object context)
[20:18:39.114] [D] System.NullReferenceException: Object reference not set to an instance of an object.
   at Singular.ClassSpecific.Paladin.Retribution.<>c.<CreateRetributionPaladinInstancePullAndCombat>b__4_14(Object ret)
   at Singular.Helpers.Spell.<>c__DisplayClass18_0.<Cast>b__0(Object ret)
   at TreeSharp.Decorator.Execute(Object context)+MoveNext()
   at TreeSharp.Composite.Tick(Object context)
[20:18:39.118] [D] System.NullReferenceException: Object reference not set to an instance of an object.
   at Singular.ClassSpecific.Paladin.Retribution.<>c.<CreateRetributionPaladinInstancePullAndCombat>b__4_16(Object ret)
   at Singular.Helpers.Spell.<>c__DisplayClass18_0.<Cast>b__0(Object ret)
   at TreeSharp.Decorator.Execute(Object context)+MoveNext()
   at TreeSharp.Composite.Tick(Object context)
[20:18:39.201] [D] System.NullReferenceException: Object reference not set to an instance of an object.
   at Singular.Helpers.Unit.IsBoss(WoWUnit unit)
   at Singular.ClassSpecific.Paladin.Retribution.<>c.<CreateRetributionPaladinInstancePullAndCombat>b__4_7(Object ret)
   at Singular.Helpers.Spell.<>c__DisplayClass18_0.<Cast>b__0(Object ret)
   at TreeSharp.Decorator.Execute(Object context)+MoveNext()
   at TreeSharp.Composite.Tick(Object context)
[20:18:39.201] [D] System.NullReferenceException: Object reference not set to an instance of an object.
   at Singular.ClassSpecific.Paladin.Retribution.<>c.<CreateRetributionPaladinInstancePullAndCombat>b__4_12(Object ret)
   at Singular.Helpers.Spell.<>c__DisplayClass18_0.<Cast>b__0(Object ret)
   at TreeSharp.Decorator.Execute(Object context)+MoveNext()
   at TreeSharp.Composite.Tick(Object context)
[20:18:39.205] [D] System.NullReferenceException: Object reference not set to an instance of an object.
   at Singular.ClassSpecific.Paladin.Retribution.<>c.<CreateRetributionPaladinInstancePullAndCombat>b__4_14(Object ret)
   at Singular.Helpers.Spell.<>c__DisplayClass18_0.<Cast>b__0(Object ret)
   at TreeSharp.Decorator.Execute(Object context)+MoveNext()
   at TreeSharp.Composite.Tick(Object context)
[20:18:39.208] [D] System.NullReferenceException: Object reference not set to an instance of an object.
   at Singular.ClassSpecific.Paladin.Retribution.<>c.<CreateRetributionPaladinInstancePullAndCombat>b__4_16(Object ret)
   at Singular.Helpers.Spell.<>c__DisplayClass18_0.<Cast>b__0(Object ret)
   at TreeSharp.Decorator.Execute(Object context)+MoveNext()
   at TreeSharp.Composite.Tick(Object context)
[20:18:39.291] [D] System.NullReferenceException: Object reference not set to an instance of an object.
   at Singular.Helpers.Unit.IsBoss(WoWUnit unit)
   at Singular.ClassSpecific.Paladin.Retribution.<>c.<CreateRetributionPaladinInstancePullAndCombat>b__4_7(Object ret)
   at Singular.Helpers.Spell.<>c__DisplayClass18_0.<Cast>b__0(Object ret)
   at TreeSharp.Decorator.Execute(Object context)+MoveNext()
   at TreeSharp.Composite.Tick(Object context)
[20:18:39.291] [D] System.NullReferenceException: Object reference not set to an instance of an object.
   at Singular.ClassSpecific.Paladin.Retribution.<>c.<CreateRetributionPaladinInstancePullAndCombat>b__4_12(Object ret)
   at Singular.Helpers.Spell.<>c__DisplayClass18_0.<Cast>b__0(Object ret)
   at TreeSharp.Decorator.Execute(Object context)+MoveNext()
   at TreeSharp.Composite.Tick(Object context)
[20:18:39.295] [D] System.NullReferenceException: Object reference not set to an instance of an object.
   at Singular.ClassSpecific.Paladin.Retribution.<>c.<CreateRetributionPaladinInstancePullAndCombat>b__4_14(Object ret)
   at Singular.Helpers.Spell.<>c__DisplayClass18_0.<Cast>b__0(Object ret)
   at TreeSharp.Decorator.Execute(Object context)+MoveNext()
   at TreeSharp.Composite.Tick(Object context)
[20:18:39.298] [D] System.NullReferenceException: Object reference not set to an instance of an object.
   at Singular.ClassSpecific.Paladin.Retribution.<>c.<CreateRetributionPaladinInstancePullAndCombat>b__4_16(Object ret)
   at Singular.Helpers.Spell.<>c__DisplayClass18_0.<Cast>b__0(Object ret)
   at TreeSharp.Decorator.Execute(Object context)+MoveNext()
   at TreeSharp.Composite.Tick(Object context)
[20:18:39.384] [D] System.NullReferenceException: Object reference not set to an instance of an object.
   at Singular.Helpers.Unit.IsBoss(WoWUnit unit)
   at Singular.ClassSpecific.Paladin.Retribution.<>c.<CreateRetributionPaladinInstancePullAndCombat>b__4_7(Object ret)
   at Singular.Helpers.Spell.<>c__DisplayClass18_0.<Cast>b__0(Object ret)
   at TreeSharp.Decorator.Execute(Object context)+MoveNext()
   at TreeSharp.Composite.Tick(Object context)
[20:18:39.384] [D] System.NullReferenceException: Object reference not set to an instance of an object.
   at Singular.ClassSpecific.Paladin.Retribution.<>c.<CreateRetributionPaladinInstancePullAndCombat>b__4_12(Object ret)
   at Singular.Helpers.Spell.<>c__DisplayClass18_0.<Cast>b__0(Object ret)
   at TreeSharp.Decorator.Execute(Object context)+MoveNext()
   at TreeSharp.Composite.Tick(Object context)
[20:18:39.388] [D] System.NullReferenceException: Object reference not set to an instance of an object.
   at Singular.ClassSpecific.Paladin.Retribution.<>c.<CreateRetributionPaladinInstancePullAndCombat>b__4_14(Object ret)
   at Singular.Helpers.Spell.<>c__DisplayClass18_0.<Cast>b__0(Object ret)
   at TreeSharp.Decorator.Execute(Object context)+MoveNext()
   at TreeSharp.Composite.Tick(Object context)
[20:18:39.391] [D] System.NullReferenceException: Object reference not set to an instance of an object.
   at Singular.ClassSpecific.Paladin.Retribution.<>c.<CreateRetributionPaladinInstancePullAndCombat>b__4_16(Object ret)
   at Singular.Helpers.Spell.<>c__DisplayClass18_0.<Cast>b__0(Object ret)
   at TreeSharp.Decorator.Execute(Object context)+MoveNext()
   at TreeSharp.Composite.Tick(Object context)
[20:18:39.463] [D] System.NullReferenceException: Object reference not set to an instance of an object.
   at Singular.Helpers.Unit.IsBoss(WoWUnit unit)
   at Singular.ClassSpecific.Paladin.Retribution.<>c.<CreateRetributionPaladinInstancePullAndCombat>b__4_7(Object ret)
   at Singular.Helpers.Spell.<>c__DisplayClass18_0.<Cast>b__0(Object ret)
   at TreeSharp.Decorator.Execute(Object context)+MoveNext()
   at TreeSharp.Composite.Tick(Object context)
[20:18:39.463] [D] System.NullReferenceException: Object reference not set to an instance of an object.
   at Singular.ClassSpecific.Paladin.Retribution.<>c.<CreateRetributionPaladinInstancePullAndCombat>b__4_12(Object ret)
   at Singular.Helpers.Spell.<>c__DisplayClass18_0.<Cast>b__0(Object ret)
   at TreeSharp.Decorator.Execute(Object context)+MoveNext()
   at TreeSharp.Composite.Tick(Object context)
[20:18:39.467] [D] System.NullReferenceException: Object reference not set to an instance of an object.
   at Singular.ClassSpecific.Paladin.Retribution.<>c.<CreateRetributionPaladinInstancePullAndCombat>b__4_14(Object ret)
   at Singular.Helpers.Spell.<>c__DisplayClass18_0.<Cast>b__0(Object ret)
   at TreeSharp.Decorator.Execute(Object context)+MoveNext()
   at TreeSharp.Composite.Tick(Object context)
[20:18:39.470] [D] System.NullReferenceException: Object reference not set to an instance of an object.
   at Singular.ClassSpecific.Paladin.Retribution.<>c.<CreateRetributionPaladinInstancePullAndCombat>b__4_16(Object ret)
   at Singular.Helpers.Spell.<>c__DisplayClass18_0.<Cast>b__0(Object ret)
   at TreeSharp.Decorator.Execute(Object context)+MoveNext()
   at TreeSharp.Composite.Tick(Object context)
[20:18:39.540] [D] System.NullReferenceException: Object reference not set to an instance of an object.
   at Singular.Helpers.Unit.IsBoss(WoWUnit unit)
   at Singular.ClassSpecific.Paladin.Retribution.<>c.<CreateRetributionPaladinInstancePullAndCombat>b__4_7(Object ret)
   at Singular.Helpers.Spell.<>c__DisplayClass18_0.<Cast>b__0(Object ret)
   at TreeSharp.Decorator.Execute(Object context)+MoveNext()
   at TreeSharp.Composite.Tick(Object context)
[20:18:39.540] [D] System.NullReferenceException: Object reference not set to an instance of an object.
   at Singular.ClassSpecific.Paladin.Retribution.<>c.<CreateRetributionPaladinInstancePullAndCombat>b__4_12(Object ret)
   at Singular.Helpers.Spell.<>c__DisplayClass18_0.<Cast>b__0(Object ret)
   at TreeSharp.Decorator.Execute(Object context)+MoveNext()
   at TreeSharp.Composite.Tick(Object context)
[20:18:39.544] [D] System.NullReferenceException: Object reference not set to an instance of an object.
   at Singular.ClassSpecific.Paladin.Retribution.<>c.<CreateRetributionPaladinInstancePullAndCombat>b__4_14(Object ret)
   at Singular.Helpers.Spell.<>c__DisplayClass18_0.<Cast>b__0(Object ret)
   at TreeSharp.Decorator.Execute(Object context)+MoveNext()
   at TreeSharp.Composite.Tick(Object context)
[20:18:39.547] [D] System.NullReferenceException: Object reference not set to an instance of an object.
   at Singular.ClassSpecific.Paladin.Retribution.<>c.<CreateRetributionPaladinInstancePullAndCombat>b__4_16(Object ret)
   at Singular.Helpers.Spell.<>c__DisplayClass18_0.<Cast>b__0(Object ret)
   at TreeSharp.Decorator.Execute(Object context)+MoveNext()
   at TreeSharp.Composite.Tick(Object context)
[20:18:39.632] [D] System.NullReferenceException: Object reference not set to an instance of an object.
   at Singular.Helpers.Unit.IsBoss(WoWUnit unit)
   at Singular.ClassSpecific.Paladin.Retribution.<>c.<CreateRetributionPaladinInstancePullAndCombat>b__4_7(Object ret)
   at Singular.Helpers.Spell.<>c__DisplayClass18_0.<Cast>b__0(Object ret)
   at TreeSharp.Decorator.Execute(Object context)+MoveNext()
   at TreeSharp.Composite.Tick(Object context)
[20:18:39.633] [D] System.NullReferenceException: Object reference not set to an instance of an object.
   at Singular.ClassSpecific.Paladin.Retribution.<>c.<CreateRetributionPaladinInstancePullAndCombat>b__4_12(Object ret)
   at Singular.Helpers.Spell.<>c__DisplayClass18_0.<Cast>b__0(Object ret)
   at TreeSharp.Decorator.Execute(Object context)+MoveNext()
   at TreeSharp.Composite.Tick(Object context)
[20:18:39.636] [D] System.NullReferenceException: Object reference not set to an instance of an object.
   at Singular.ClassSpecific.Paladin.Retribution.<>c.<CreateRetributionPaladinInstancePullAndCombat>b__4_14(Object ret)
   at Singular.Helpers.Spell.<>c__DisplayClass18_0.<Cast>b__0(Object ret)
   at TreeSharp.Decorator.Execute(Object context)+MoveNext()
   at TreeSharp.Composite.Tick(Object context)
[20:18:39.640] [D] System.NullReferenceException: Object reference not set to an instance of an object.
   at Singular.ClassSpecific.Paladin.Retribution.<>c.<CreateRetributionPaladinInstancePullAndCombat>b__4_16(Object ret)
   at Singular.Helpers.Spell.<>c__DisplayClass18_0.<Cast>b__0(Object ret)
   at TreeSharp.Decorator.Execute(Object context)+MoveNext()
   at TreeSharp.Composite.Tick(Object context)
[20:18:39.709] [D] System.NullReferenceException: Object reference not set to an instance of an object.
   at Singular.Helpers.Unit.IsBoss(WoWUnit unit)
   at Singular.ClassSpecific.Paladin.Retribution.<>c.<CreateRetributionPaladinInstancePullAndCombat>b__4_7(Object ret)
   at Singular.Helpers.Spell.<>c__DisplayClass18_0.<Cast>b__0(Object ret)
   at TreeSharp.Decorator.Execute(Object context)+MoveNext()
   at TreeSharp.Composite.Tick(Object context)
[20:18:39.709] [D] System.NullReferenceException: Object reference not set to an instance of an object.
   at Singular.ClassSpecific.Paladin.Retribution.<>c.<CreateRetributionPaladinInstancePullAndCombat>b__4_12(Object ret)
   at Singular.Helpers.Spell.<>c__DisplayClass18_0.<Cast>b__0(Object ret)
   at TreeSharp.Decorator.Execute(Object context)+MoveNext()
   at TreeSharp.Composite.Tick(Object context)
[20:18:39.713] [D] System.NullReferenceException: Object reference not set to an instance of an object.
   at Singular.ClassSpecific.Paladin.Retribution.<>c.<CreateRetributionPaladinInstancePullAndCombat>b__4_14(Object ret)
   at Singular.Helpers.Spell.<>c__DisplayClass18_0.<Cast>b__0(Object ret)
   at TreeSharp.Decorator.Execute(Object context)+MoveNext()
   at TreeSharp.Composite.Tick(Object context)
[20:18:39.716] [D] System.NullReferenceException: Object reference not set to an instance of an object.
   at Singular.ClassSpecific.Paladin.Retribution.<>c.<CreateRetributionPaladinInstancePullAndCombat>b__4_16(Object ret)
   at Singular.Helpers.Spell.<>c__DisplayClass18_0.<Cast>b__0(Object ret)
   at TreeSharp.Decorator.Execute(Object context)+MoveNext()
   at TreeSharp.Composite.Tick(Object context)
[20:18:39.783] [D] System.NullReferenceException: Object reference not set to an instance of an object.
   at Singular.Helpers.Unit.IsBoss(WoWUnit unit)
   at Singular.ClassSpecific.Paladin.Retribution.<>c.<CreateRetributionPaladinInstancePullAndCombat>b__4_7(Object ret)
   at Singular.Helpers.Spell.<>c__DisplayClass18_0.<Cast>b__0(Object ret)
   at TreeSharp.Decorator.Execute(Object context)+MoveNext()
   at TreeSharp.Composite.Tick(Object context)
[20:18:39.784] [D] System.NullReferenceException: Object reference not set to an instance of an object.
   at Singular.ClassSpecific.Paladin.Retribution.<>c.<CreateRetributionPaladinInstancePullAndCombat>b__4_12(Object ret)
   at Singular.Helpers.Spell.<>c__DisplayClass18_0.<Cast>b__0(Object ret)
   at TreeSharp.Decorator.Execute(Object context)+MoveNext()
   at TreeSharp.Composite.Tick(Object context)
[20:18:39.788] [D] System.NullReferenceException: Object reference not set to an instance of an object.
   at Singular.ClassSpecific.Paladin.Retribution.<>c.<CreateRetributionPaladinInstancePullAndCombat>b__4_14(Object ret)
   at Singular.Helpers.Spell.<>c__DisplayClass18_0.<Cast>b__0(Object ret)
   at TreeSharp.Decorator.Execute(Object context)+MoveNext()
   at TreeSharp.Composite.Tick(Object context)
[20:18:39.792] [D] System.NullReferenceException: Object reference not set to an instance of an object.
   at Singular.ClassSpecific.Paladin.Retribution.<>c.<CreateRetributionPaladinInstancePullAndCombat>b__4_16(Object ret)
   at Singular.Helpers.Spell.<>c__DisplayClass18_0.<Cast>b__0(Object ret)
   at TreeSharp.Decorator.Execute(Object context)+MoveNext()
   at TreeSharp.Composite.Tick(Object context)
[20:18:39.886] [D] System.NullReferenceException: Object reference not set to an instance of an object.
   at Singular.Helpers.Unit.IsBoss(WoWUnit unit)
   at Singular.ClassSpecific.Paladin.Retribution.<>c.<CreateRetributionPaladinInstancePullAndCombat>b__4_7(Object ret)
   at Singular.Helpers.Spell.<>c__DisplayClass18_0.<Cast>b__0(Object ret)
   at TreeSharp.Decorator.Execute(Object context)+MoveNext()
   at TreeSharp.Composite.Tick(Object context)
[20:18:39.886] [D] System.NullReferenceException: Object reference not set to an instance of an object.
   at Singular.ClassSpecific.Paladin.Retribution.<>c.<CreateRetributionPaladinInstancePullAndCombat>b__4_12(Object ret)
   at Singular.Helpers.Spell.<>c__DisplayClass18_0.<Cast>b__0(Object ret)
   at TreeSharp.Decorator.Execute(Object context)+MoveNext()
   at TreeSharp.Composite.Tick(Object context)
[20:18:39.889] [D] System.NullReferenceException: Object reference not set to an instance of an object.
   at Singular.ClassSpecific.Paladin.Retribution.<>c.<CreateRetributionPaladinInstancePullAndCombat>b__4_14(Object ret)
   at Singular.Helpers.Spell.<>c__DisplayClass18_0.<Cast>b__0(Object ret)
   at TreeSharp.Decorator.Execute(Object context)+MoveNext()
   at TreeSharp.Composite.Tick(Object context)
[20:18:39.893] [D] System.NullReferenceException: Object reference not set to an instance of an object.
   at Singular.ClassSpecific.Paladin.Retribution.<>c.<CreateRetributionPaladinInstancePullAndCombat>b__4_16(Object ret)
   at Singular.Helpers.Spell.<>c__DisplayClass18_0.<Cast>b__0(Object ret)
   at TreeSharp.Decorator.Execute(Object context)+MoveNext()
   at TreeSharp.Composite.Tick(Object context)
[20:18:39.960] [D] System.NullReferenceException: Object reference not set to an instance of an object.
   at Singular.Helpers.Unit.IsBoss(WoWUnit unit)
   at Singular.ClassSpecific.Paladin.Retribution.<>c.<CreateRetributionPaladinInstancePullAndCombat>b__4_7(Object ret)
   at Singular.Helpers.Spell.<>c__DisplayClass18_0.<Cast>b__0(Object ret)
   at TreeSharp.Decorator.Execute(Object context)+MoveNext()
   at TreeSharp.Composite.Tick(Object context)
[20:18:39.960] [D] System.NullReferenceException: Object reference not set to an instance of an object.
   at Singular.ClassSpecific.Paladin.Retribution.<>c.<CreateRetributionPaladinInstancePullAndCombat>b__4_12(Object ret)
   at Singular.Helpers.Spell.<>c__DisplayClass18_0.<Cast>b__0(Object ret)
   at TreeSharp.Decorator.Execute(Object context)+MoveNext()
   at TreeSharp.Composite.Tick(Object context)
[20:18:39.964] [D] System.NullReferenceException: Object reference not set to an instance of an object.
   at Singular.ClassSpecific.Paladin.Retribution.<>c.<CreateRetributionPaladinInstancePullAndCombat>b__4_14(Object ret)
   at Singular.Helpers.Spell.<>c__DisplayClass18_0.<Cast>b__0(Object ret)
   at TreeSharp.Decorator.Execute(Object context)+MoveNext()
   at TreeSharp.Composite.Tick(Object context)
[20:18:39.968] [D] System.NullReferenceException: Object reference not set to an instance of an object.
   at Singular.ClassSpecific.Paladin.Retribution.<>c.<CreateRetributionPaladinInstancePullAndCombat>b__4_16(Object ret)
   at Singular.Helpers.Spell.<>c__DisplayClass18_0.<Cast>b__0(Object ret)
   at TreeSharp.Decorator.Execute(Object context)+MoveNext()
   at TreeSharp.Composite.Tick(Object context)
[20:18:40.038] [D] System.NullReferenceException: Object reference not set to an instance of an object.
   at Singular.Helpers.Unit.IsBoss(WoWUnit unit)
   at Singular.ClassSpecific.Paladin.Retribution.<>c.<CreateRetributionPaladinInstancePullAndCombat>b__4_7(Object ret)
   at Singular.Helpers.Spell.<>c__DisplayClass18_0.<Cast>b__0(Object ret)
   at TreeSharp.Decorator.Execute(Object context)+MoveNext()
   at TreeSharp.Composite.Tick(Object context)
[20:18:40.038] [D] System.NullReferenceException: Object reference not set to an instance of an object.
   at Singular.ClassSpecific.Paladin.Retribution.<>c.<CreateRetributionPaladinInstancePullAndCombat>b__4_12(Object ret)
   at Singular.Helpers.Spell.<>c__DisplayClass18_0.<Cast>b__0(Object ret)
   at TreeSharp.Decorator.Execute(Object context)+MoveNext()
   at TreeSharp.Composite.Tick(Object context)
[20:18:40.042] [D] System.NullReferenceException: Object reference not set to an instance of an object.
   at Singular.ClassSpecific.Paladin.Retribution.<>c.<CreateRetributionPaladinInstancePullAndCombat>b__4_14(Object ret)
   at Singular.Helpers.Spell.<>c__DisplayClass18_0.<Cast>b__0(Object ret)
   at TreeSharp.Decorator.Execute(Object context)+MoveNext()
   at TreeSharp.Composite.Tick(Object context)
[20:18:40.045] [D] System.NullReferenceException: Object reference not set to an instance of an object.
   at Singular.ClassSpecific.Paladin.Retribution.<>c.<CreateRetributionPaladinInstancePullAndCombat>b__4_16(Object ret)
   at Singular.Helpers.Spell.<>c__DisplayClass18_0.<Cast>b__0(Object ret)
   at TreeSharp.Decorator.Execute(Object context)+MoveNext()
   at TreeSharp.Composite.Tick(Object context)
[20:18:40.131] [D] System.NullReferenceException: Object reference not set to an instance of an object.
   at Singular.Helpers.Unit.IsBoss(WoWUnit unit)
   at Singular.ClassSpecific.Paladin.Retribution.<>c.<CreateRetributionPaladinInstancePullAndCombat>b__4_7(Object ret)
   at Singular.Helpers.Spell.<>c__DisplayClass18_0.<Cast>b__0(Object ret)
   at TreeSharp.Decorator.Execute(Object context)+MoveNext()
   at TreeSharp.Composite.Tick(Object context)
[20:18:40.131] [D] System.NullReferenceException: Object reference not set to an instance of an object.
   at Singular.ClassSpecific.Paladin.Retribution.<>c.<CreateRetributionPaladinInstancePullAndCombat>b__4_12(Object ret)
   at Singular.Helpers.Spell.<>c__DisplayClass18_0.<Cast>b__0(Object ret)
   at TreeSharp.Decorator.Execute(Object context)+MoveNext()
   at TreeSharp.Composite.Tick(Object context)
[20:18:40.135] [D] System.NullReferenceException: Object reference not set to an instance of an object.
   at Singular.ClassSpecific.Paladin.Retribution.<>c.<CreateRetributionPaladinInstancePullAndCombat>b__4_14(Object ret)
   at Singular.Helpers.Spell.<>c__DisplayClass18_0.<Cast>b__0(Object ret)
   at TreeSharp.Decorator.Execute(Object context)+MoveNext()
   at TreeSharp.Composite.Tick(Object context)
[20:18:40.138] [D] System.NullReferenceException: Object reference not set to an instance of an object.
   at Singular.ClassSpecific.Paladin.Retribution.<>c.<CreateRetributionPaladinInstancePullAndCombat>b__4_16(Object ret)
   at Singular.Helpers.Spell.<>c__DisplayClass18_0.<Cast>b__0(Object ret)
   at TreeSharp.Decorator.Execute(Object context)+MoveNext()
   at TreeSharp.Composite.Tick(Object context)
[20:18:40.204] [D] System.NullReferenceException: Object reference not set to an instance of an object.
   at Singular.Helpers.Unit.IsBoss(WoWUnit unit)
   at Singular.ClassSpecific.Paladin.Retribution.<>c.<CreateRetributionPaladinInstancePullAndCombat>b__4_7(Object ret)
   at Singular.Helpers.Spell.<>c__DisplayClass18_0.<Cast>b__0(Object ret)
   at TreeSharp.Decorator.Execute(Object context)+MoveNext()
   at TreeSharp.Composite.Tick(Object context)
[20:18:40.205] [D] System.NullReferenceException: Object reference not set to an instance of an object.
   at Singular.ClassSpecific.Paladin.Retribution.<>c.<CreateRetributionPaladinInstancePullAndCombat>b__4_12(Object ret)
   at Singular.Helpers.Spell.<>c__DisplayClass18_0.<Cast>b__0(Object ret)
   at TreeSharp.Decorator.Execute(Object context)+MoveNext()
   at TreeSharp.Composite.Tick(Object context)
[20:18:40.208] [D] System.NullReferenceException: Object reference not set to an instance of an object.
   at Singular.ClassSpecific.Paladin.Retribution.<>c.<CreateRetributionPaladinInstancePullAndCombat>b__4_14(Object ret)
   at Singular.Helpers.Spell.<>c__DisplayClass18_0.<Cast>b__0(Object ret)
   at TreeSharp.Decorator.Execute(Object context)+MoveNext()
   at TreeSharp.Composite.Tick(Object context)
[20:18:40.212] [D] System.NullReferenceException: Object reference not set to an instance of an object.
   at Singular.ClassSpecific.Paladin.Retribution.<>c.<CreateRetributionPaladinInstancePullAndCombat>b__4_16(Object ret)
   at Singular.Helpers.Spell.<>c__DisplayClass18_0.<Cast>b__0(Object ret)
   at TreeSharp.Decorator.Execute(Object context)+MoveNext()
   at TreeSharp.Composite.Tick(Object context)
[20:18:40.302] [D] System.NullReferenceException: Object reference not set to an instance of an object.
   at Singular.Helpers.Unit.IsBoss(WoWUnit unit)
   at Singular.ClassSpecific.Paladin.Retribution.<>c.<CreateRetributionPaladinInstancePullAndCombat>b__4_7(Object ret)
   at Singular.Helpers.Spell.<>c__DisplayClass18_0.<Cast>b__0(Object ret)
   at TreeSharp.Decorator.Execute(Object context)+MoveNext()
   at TreeSharp.Composite.Tick(Object context)
[20:18:40.302] [D] System.NullReferenceException: Object reference not set to an instance of an object.
   at Singular.ClassSpecific.Paladin.Retribution.<>c.<CreateRetributionPaladinInstancePullAndCombat>b__4_12(Object ret)
   at Singular.Helpers.Spell.<>c__DisplayClass18_0.<Cast>b__0(Object ret)
   at TreeSharp.Decorator.Execute(Object context)+MoveNext()
   at TreeSharp.Composite.Tick(Object context)
[20:18:40.307] [D] System.NullReferenceException: Object reference not set to an instance of an object.
   at Singular.ClassSpecific.Paladin.Retribution.<>c.<CreateRetributionPaladinInstancePullAndCombat>b__4_14(Object ret)
   at Singular.Helpers.Spell.<>c__DisplayClass18_0.<Cast>b__0(Object ret)
   at TreeSharp.Decorator.Execute(Object context)+MoveNext()
   at TreeSharp.Composite.Tick(Object context)
[20:18:40.311] [D] System.NullReferenceException: Object reference not set to an instance of an object.
   at Singular.ClassSpecific.Paladin.Retribution.<>c.<CreateRetributionPaladinInstancePullAndCombat>b__4_16(Object ret)
   at Singular.Helpers.Spell.<>c__DisplayClass18_0.<Cast>b__0(Object ret)
   at TreeSharp.Decorator.Execute(Object context)+MoveNext()
   at TreeSharp.Composite.Tick(Object context)
[20:18:40.379] [D] System.NullReferenceException: Object reference not set to an instance of an object.
   at Singular.Helpers.Unit.IsBoss(WoWUnit unit)
   at Singular.ClassSpecific.Paladin.Retribution.<>c.<CreateRetributionPaladinInstancePullAndCombat>b__4_7(Object ret)
   at Singular.Helpers.Spell.<>c__DisplayClass18_0.<Cast>b__0(Object ret)
   at TreeSharp.Decorator.Execute(Object context)+MoveNext()
   at TreeSharp.Composite.Tick(Object context)
[20:18:40.379] [D] System.NullReferenceException: Object reference not set to an instance of an object.
   at Singular.ClassSpecific.Paladin.Retribution.<>c.<CreateRetributionPaladinInstancePullAndCombat>b__4_12(Object ret)
   at Singular.Helpers.Spell.<>c__DisplayClass18_0.<Cast>b__0(Object ret)
   at TreeSharp.Decorator.Execute(Object context)+MoveNext()
   at TreeSharp.Composite.Tick(Object context)
[20:18:40.383] [D] System.NullReferenceException: Object reference not set to an instance of an object.
   at Singular.ClassSpecific.Paladin.Retribution.<>c.<CreateRetributionPaladinInstancePullAndCombat>b__4_14(Object ret)
   at Singular.Helpers.Spell.<>c__DisplayClass18_0.<Cast>b__0(Object ret)
   at TreeSharp.Decorator.Execute(Object context)+MoveNext()
   at TreeSharp.Composite.Tick(Object context)
[20:18:40.386] [D] System.NullReferenceException: Object reference not set to an instance of an object.
   at Singular.ClassSpecific.Paladin.Retribution.<>c.<CreateRetributionPaladinInstancePullAndCombat>b__4_16(Object ret)
   at Singular.Helpers.Spell.<>c__DisplayClass18_0.<Cast>b__0(Object ret)
   at TreeSharp.Decorator.Execute(Object context)+MoveNext()
   at TreeSharp.Composite.Tick(Object context)
[20:18:40.459] [D] System.NullReferenceException: Object reference not set to an instance of an object.
   at Singular.Helpers.Unit.IsBoss(WoWUnit unit)
   at Singular.ClassSpecific.Paladin.Retribution.<>c.<CreateRetributionPaladinInstancePullAndCombat>b__4_7(Object ret)
   at Singular.Helpers.Spell.<>c__DisplayClass18_0.<Cast>b__0(Object ret)
   at TreeSharp.Decorator.Execute(Object context)+MoveNext()
   at TreeSharp.Composite.Tick(Object context)
[20:18:40.459] [D] System.NullReferenceException: Object reference not set to an instance of an object.
   at Singular.ClassSpecific.Paladin.Retribution.<>c.<CreateRetributionPaladinInstancePullAndCombat>b__4_12(Object ret)
   at Singular.Helpers.Spell.<>c__DisplayClass18_0.<Cast>b__0(Object ret)
   at TreeSharp.Decorator.Execute(Object context)+MoveNext()
   at TreeSharp.Composite.Tick(Object context)
[20:18:40.463] [D] System.NullReferenceException: Object reference not set to an instance of an object.
   at Singular.ClassSpecific.Paladin.Retribution.<>c.<CreateRetributionPaladinInstancePullAndCombat>b__4_14(Object ret)
   at Singular.Helpers.Spell.<>c__DisplayClass18_0.<Cast>b__0(Object ret)
   at TreeSharp.Decorator.Execute(Object context)+MoveNext()
   at TreeSharp.Composite.Tick(Object context)
[20:18:40.466] [D] System.NullReferenceException: Object reference not set to an instance of an object.
   at Singular.ClassSpecific.Paladin.Retribution.<>c.<CreateRetributionPaladinInstancePullAndCombat>b__4_16(Object ret)
   at Singular.Helpers.Spell.<>c__DisplayClass18_0.<Cast>b__0(Object ret)
   at TreeSharp.Decorator.Execute(Object context)+MoveNext()
   at TreeSharp.Composite.Tick(Object context)
[20:18:40.542] [D] System.NullReferenceException: Object reference not set to an instance of an object.
   at Singular.Helpers.Unit.IsBoss(WoWUnit unit)
   at Singular.ClassSpecific.Paladin.Retribution.<>c.<CreateRetributionPaladinInstancePullAndCombat>b__4_7(Object ret)
   at Singular.Helpers.Spell.<>c__DisplayClass18_0.<Cast>b__0(Object ret)
   at TreeSharp.Decorator.Execute(Object context)+MoveNext()
   at TreeSharp.Composite.Tick(Object context)
[20:18:40.542] [D] System.NullReferenceException: Object reference not set to an instance of an object.
   at Singular.ClassSpecific.Paladin.Retribution.<>c.<CreateRetributionPaladinInstancePullAndCombat>b__4_12(Object ret)
   at Singular.Helpers.Spell.<>c__DisplayClass18_0.<Cast>b__0(Object ret)
   at TreeSharp.Decorator.Execute(Object context)+MoveNext()
   at TreeSharp.Composite.Tick(Object context)
[20:18:40.546] [D] System.NullReferenceException: Object reference not set to an instance of an object.
   at Singular.ClassSpecific.Paladin.Retribution.<>c.<CreateRetributionPaladinInstancePullAndCombat>b__4_14(Object ret)
   at Singular.Helpers.Spell.<>c__DisplayClass18_0.<Cast>b__0(Object ret)
   at TreeSharp.Decorator.Execute(Object context)+MoveNext()
   at TreeSharp.Composite.Tick(Object context)
[20:18:40.550] [D] System.NullReferenceException: Object reference not set to an instance of an object.
   at Singular.ClassSpecific.Paladin.Retribution.<>c.<CreateRetributionPaladinInstancePullAndCombat>b__4_16(Object ret)
   at Singular.Helpers.Spell.<>c__DisplayClass18_0.<Cast>b__0(Object ret)
   at TreeSharp.Decorator.Execute(Object context)+MoveNext()
   at TreeSharp.Composite.Tick(Object context)
[20:18:40.642] [D] System.NullReferenceException: Object reference not set to an instance of an object.
   at Singular.Helpers.Unit.IsBoss(WoWUnit unit)
   at Singular.ClassSpecific.Paladin.Retribution.<>c.<CreateRetributionPaladinInstancePullAndCombat>b__4_7(Object ret)
   at Singular.Helpers.Spell.<>c__DisplayClass18_0.<Cast>b__0(Object ret)
   at TreeSharp.Decorator.Execute(Object context)+MoveNext()
   at TreeSharp.Composite.Tick(Object context)
[20:18:40.642] [D] System.NullReferenceException: Object reference not set to an instance of an object.
   at Singular.ClassSpecific.Paladin.Retribution.<>c.<CreateRetributionPaladinInstancePullAndCombat>b__4_12(Object ret)
   at Singular.Helpers.Spell.<>c__DisplayClass18_0.<Cast>b__0(Object ret)
   at TreeSharp.Decorator.Execute(Object context)+MoveNext()
   at TreeSharp.Composite.Tick(Object context)
[20:18:40.646] [D] System.NullReferenceException: Object reference not set to an instance of an object.
   at Singular.ClassSpecific.Paladin.Retribution.<>c.<CreateRetributionPaladinInstancePullAndCombat>b__4_14(Object ret)
   at Singular.Helpers.Spell.<>c__DisplayClass18_0.<Cast>b__0(Object ret)
   at TreeSharp.Decorator.Execute(Object context)+MoveNext()
   at TreeSharp.Composite.Tick(Object context)
[20:18:40.649] [D] System.NullReferenceException: Object reference not set to an instance of an object.
   at Singular.ClassSpecific.Paladin.Retribution.<>c.<CreateRetributionPaladinInstancePullAndCombat>b__4_16(Object ret)
   at Singular.Helpers.Spell.<>c__DisplayClass18_0.<Cast>b__0(Object ret)
   at TreeSharp.Decorator.Execute(Object context)+MoveNext()
   at TreeSharp.Composite.Tick(Object context)
[20:18:40.734] [D] System.NullReferenceException: Object reference not set to an instance of an object.
   at Singular.Helpers.Unit.IsBoss(WoWUnit unit)
   at Singular.ClassSpecific.Paladin.Retribution.<>c.<CreateRetributionPaladinInstancePullAndCombat>b__4_7(Object ret)
   at Singular.Helpers.Spell.<>c__DisplayClass18_0.<Cast>b__0(Object ret)
   at TreeSharp.Decorator.Execute(Object context)+MoveNext()
   at TreeSharp.Composite.Tick(Object context)
[20:18:40.735] [D] System.NullReferenceException: Object reference not set to an instance of an object.
   at Singular.ClassSpecific.Paladin.Retribution.<>c.<CreateRetributionPaladinInstancePullAndCombat>b__4_12(Object ret)
   at Singular.Helpers.Spell.<>c__DisplayClass18_0.<Cast>b__0(Object ret)
   at TreeSharp.Decorator.Execute(Object context)+MoveNext()
   at TreeSharp.Composite.Tick(Object context)
[20:18:40.738] [D] System.NullReferenceException: Object reference not set to an instance of an object.
   at Singular.ClassSpecific.Paladin.Retribution.<>c.<CreateRetributionPaladinInstancePullAndCombat>b__4_14(Object ret)
   at Singular.Helpers.Spell.<>c__DisplayClass18_0.<Cast>b__0(Object ret)
   at TreeSharp.Decorator.Execute(Object context)+MoveNext()
   at TreeSharp.Composite.Tick(Object context)
[20:18:40.742] [D] System.NullReferenceException: Object reference not set to an instance of an object.
   at Singular.ClassSpecific.Paladin.Retribution.<>c.<CreateRetributionPaladinInstancePullAndCombat>b__4_16(Object ret)
   at Singular.Helpers.Spell.<>c__DisplayClass18_0.<Cast>b__0(Object ret)
   at TreeSharp.Decorator.Execute(Object context)+MoveNext()
   at TreeSharp.Composite.Tick(Object context)
[20:18:40.826] [D] System.NullReferenceException: Object reference not set to an instance of an object.
   at Singular.Helpers.Unit.IsBoss(WoWUnit unit)
   at Singular.ClassSpecific.Paladin.Retribution.<>c.<CreateRetributionPaladinInstancePullAndCombat>b__4_7(Object ret)
   at Singular.Helpers.Spell.<>c__DisplayClass18_0.<Cast>b__0(Object ret)
   at TreeSharp.Decorator.Execute(Object context)+MoveNext()
   at TreeSharp.Composite.Tick(Object context)
[20:18:40.827] [D] System.NullReferenceException: Object reference not set to an instance of an object.
   at Singular.ClassSpecific.Paladin.Retribution.<>c.<CreateRetributionPaladinInstancePullAndCombat>b__4_12(Object ret)
   at Singular.Helpers.Spell.<>c__DisplayClass18_0.<Cast>b__0(Object ret)
   at TreeSharp.Decorator.Execute(Object context)+MoveNext()
   at TreeSharp.Composite.Tick(Object context)
[20:18:40.830] [D] System.NullReferenceException: Object reference not set to an instance of an object.
   at Singular.ClassSpecific.Paladin.Retribution.<>c.<CreateRetributionPaladinInstancePullAndCombat>b__4_14(Object ret)
   at Singular.Helpers.Spell.<>c__DisplayClass18_0.<Cast>b__0(Object ret)
   at TreeSharp.Decorator.Execute(Object context)+MoveNext()
   at TreeSharp.Composite.Tick(Object context)
[20:18:40.834] [D] System.NullReferenceException: Object reference not set to an instance of an object.
   at Singular.ClassSpecific.Paladin.Retribution.<>c.<CreateRetributionPaladinInstancePullAndCombat>b__4_16(Object ret)
   at Singular.Helpers.Spell.<>c__DisplayClass18_0.<Cast>b__0(Object ret)
   at TreeSharp.Decorator.Execute(Object context)+MoveNext()
   at TreeSharp.Composite.Tick(Object context)
[20:18:40.906] [D] System.NullReferenceException: Object reference not set to an instance of an object.
   at Singular.Helpers.Unit.IsBoss(WoWUnit unit)
   at Singular.ClassSpecific.Paladin.Retribution.<>c.<CreateRetributionPaladinInstancePullAndCombat>b__4_7(Object ret)
   at Singular.Helpers.Spell.<>c__DisplayClass18_0.<Cast>b__0(Object ret)
   at TreeSharp.Decorator.Execute(Object context)+MoveNext()
   at TreeSharp.Composite.Tick(Object context)
[20:18:40.906] [D] System.NullReferenceException: Object reference not set to an instance of an object.
   at Singular.ClassSpecific.Paladin.Retribution.<>c.<CreateRetributionPaladinInstancePullAndCombat>b__4_12(Object ret)
   at Singular.Helpers.Spell.<>c__DisplayClass18_0.<Cast>b__0(Object ret)
   at TreeSharp.Decorator.Execute(Object context)+MoveNext()
   at TreeSharp.Composite.Tick(Object context)
[20:18:40.910] [D] System.NullReferenceException: Object reference not set to an instance of an object.
   at Singular.ClassSpecific.Paladin.Retribution.<>c.<CreateRetributionPaladinInstancePullAndCombat>b__4_14(Object ret)
   at Singular.Helpers.Spell.<>c__DisplayClass18_0.<Cast>b__0(Object ret)
   at TreeSharp.Decorator.Execute(Object context)+MoveNext()
   at TreeSharp.Composite.Tick(Object context)
[20:18:40.913] [D] System.NullReferenceException: Object reference not set to an instance of an object.
   at Singular.ClassSpecific.Paladin.Retribution.<>c.<CreateRetributionPaladinInstancePullAndCombat>b__4_16(Object ret)
   at Singular.Helpers.Spell.<>c__DisplayClass18_0.<Cast>b__0(Object ret)
   at TreeSharp.Decorator.Execute(Object context)+MoveNext()
   at TreeSharp.Composite.Tick(Object context)
[20:18:40.999] [D] System.NullReferenceException: Object reference not set to an instance of an object.
   at Singular.Helpers.Unit.IsBoss(WoWUnit unit)
   at Singular.ClassSpecific.Paladin.Retribution.<>c.<CreateRetributionPaladinInstancePullAndCombat>b__4_7(Object ret)
   at Singular.Helpers.Spell.<>c__DisplayClass18_0.<Cast>b__0(Object ret)
   at TreeSharp.Decorator.Execute(Object context)+MoveNext()
   at TreeSharp.Composite.Tick(Object context)
[20:18:40.999] [D] System.NullReferenceException: Object reference not set to an instance of an object.
   at Singular.ClassSpecific.Paladin.Retribution.<>c.<CreateRetributionPaladinInstancePullAndCombat>b__4_12(Object ret)
   at Singular.Helpers.Spell.<>c__DisplayClass18_0.<Cast>b__0(Object ret)
   at TreeSharp.Decorator.Execute(Object context)+MoveNext()
   at TreeSharp.Composite.Tick(Object context)
[20:18:41.003] [D] System.NullReferenceException: Object reference not set to an instance of an object.
   at Singular.ClassSpecific.Paladin.Retribution.<>c.<CreateRetributionPaladinInstancePullAndCombat>b__4_14(Object ret)
   at Singular.Helpers.Spell.<>c__DisplayClass18_0.<Cast>b__0(Object ret)
   at TreeSharp.Decorator.Execute(Object context)+MoveNext()
   at TreeSharp.Composite.Tick(Object context)
[20:18:41.006] [D] System.NullReferenceException: Object reference not set to an instance of an object.
   at Singular.ClassSpecific.Paladin.Retribution.<>c.<CreateRetributionPaladinInstancePullAndCombat>b__4_16(Object ret)
   at Singular.Helpers.Spell.<>c__DisplayClass18_0.<Cast>b__0(Object ret)
   at TreeSharp.Decorator.Execute(Object context)+MoveNext()
   at TreeSharp.Composite.Tick(Object context)
[20:18:41.094] [D] System.NullReferenceException: Object reference not set to an instance of an object.
   at Singular.Helpers.Unit.IsBoss(WoWUnit unit)
   at Singular.ClassSpecific.Paladin.Retribution.<>c.<CreateRetributionPaladinInstancePullAndCombat>b__4_7(Object ret)
   at Singular.Helpers.Spell.<>c__DisplayClass18_0.<Cast>b__0(Object ret)
   at TreeSharp.Decorator.Execute(Object context)+MoveNext()
   at TreeSharp.Composite.Tick(Object context)
[20:18:41.094] [D] System.NullReferenceException: Object reference not set to an instance of an object.
   at Singular.ClassSpecific.Paladin.Retribution.<>c.<CreateRetributionPaladinInstancePullAndCombat>b__4_12(Object ret)
   at Singular.Helpers.Spell.<>c__DisplayClass18_0.<Cast>b__0(Object ret)
   at TreeSharp.Decorator.Execute(Object context)+MoveNext()
   at TreeSharp.Composite.Tick(Object context)
[20:18:41.098] [D] System.NullReferenceException: Object reference not set to an instance of an object.
   at Singular.ClassSpecific.Paladin.Retribution.<>c.<CreateRetributionPaladinInstancePullAndCombat>b__4_14(Object ret)
   at Singular.Helpers.Spell.<>c__DisplayClass18_0.<Cast>b__0(Object ret)
   at TreeSharp.Decorator.Execute(Object context)+MoveNext()
   at TreeSharp.Composite.Tick(Object context)
[20:18:41.101] [D] System.NullReferenceException: Object reference not set to an instance of an object.
   at Singular.ClassSpecific.Paladin.Retribution.<>c.<CreateRetributionPaladinInstancePullAndCombat>b__4_16(Object ret)
   at Singular.Helpers.Spell.<>c__DisplayClass18_0.<Cast>b__0(Object ret)
   at TreeSharp.Decorator.Execute(Object context)+MoveNext()
   at TreeSharp.Composite.Tick(Object context)
[20:18:41.167] [D] System.NullReferenceException: Object reference not set to an instance of an object.
   at Singular.Helpers.Unit.IsBoss(WoWUnit unit)
   at Singular.ClassSpecific.Paladin.Retribution.<>c.<CreateRetributionPaladinInstancePullAndCombat>b__4_7(Object ret)
   at Singular.Helpers.Spell.<>c__DisplayClass18_0.<Cast>b__0(Object ret)
   at TreeSharp.Decorator.Execute(Object context)+MoveNext()
   at TreeSharp.Composite.Tick(Object context)
[20:18:41.167] [D] System.NullReferenceException: Object reference not set to an instance of an object.
   at Singular.ClassSpecific.Paladin.Retribution.<>c.<CreateRetributionPaladinInstancePullAndCombat>b__4_12(Object ret)
   at Singular.Helpers.Spell.<>c__DisplayClass18_0.<Cast>b__0(Object ret)
   at TreeSharp.Decorator.Execute(Object context)+MoveNext()
   at TreeSharp.Composite.Tick(Object context)
[20:18:41.171] [D] System.NullReferenceException: Object reference not set to an instance of an object.
   at Singular.ClassSpecific.Paladin.Retribution.<>c.<CreateRetributionPaladinInstancePullAndCombat>b__4_14(Object ret)
   at Singular.Helpers.Spell.<>c__DisplayClass18_0.<Cast>b__0(Object ret)
   at TreeSharp.Decorator.Execute(Object context)+MoveNext()
   at TreeSharp.Composite.Tick(Object context)
[20:18:41.174] [D] System.NullReferenceException: Object reference not set to an instance of an object.
   at Singular.ClassSpecific.Paladin.Retribution.<>c.<CreateRetributionPaladinInstancePullAndCombat>b__4_16(Object ret)
   at Singular.Helpers.Spell.<>c__DisplayClass18_0.<Cast>b__0(Object ret)
   at TreeSharp.Decorator.Execute(Object context)+MoveNext()
   at TreeSharp.Composite.Tick(Object context)
[20:18:41.257] [D] System.NullReferenceException: Object reference not set to an instance of an object.
   at Singular.Helpers.Unit.IsBoss(WoWUnit unit)
   at Singular.ClassSpecific.Paladin.Retribution.<>c.<CreateRetributionPaladinInstancePullAndCombat>b__4_7(Object ret)
   at Singular.Helpers.Spell.<>c__DisplayClass18_0.<Cast>b__0(Object ret)
   at TreeSharp.Decorator.Execute(Object context)+MoveNext()
   at TreeSharp.Composite.Tick(Object context)
[20:18:41.258] [D] System.NullReferenceException: Object reference not set to an instance of an object.
   at Singular.ClassSpecific.Paladin.Retribution.<>c.<CreateRetributionPaladinInstancePullAndCombat>b__4_12(Object ret)
   at Singular.Helpers.Spell.<>c__DisplayClass18_0.<Cast>b__0(Object ret)
   at TreeSharp.Decorator.Execute(Object context)+MoveNext()
   at TreeSharp.Composite.Tick(Object context)
[20:18:41.261] [D] System.NullReferenceException: Object reference not set to an instance of an object.
   at Singular.ClassSpecific.Paladin.Retribution.<>c.<CreateRetributionPaladinInstancePullAndCombat>b__4_14(Object ret)
   at Singular.Helpers.Spell.<>c__DisplayClass18_0.<Cast>b__0(Object ret)
   at TreeSharp.Decorator.Execute(Object context)+MoveNext()
   at TreeSharp.Composite.Tick(Object context)
[20:18:41.265] [D] System.NullReferenceException: Object reference not set to an instance of an object.
   at Singular.ClassSpecific.Paladin.Retribution.<>c.<CreateRetributionPaladinInstancePullAndCombat>b__4_16(Object ret)
   at Singular.Helpers.Spell.<>c__DisplayClass18_0.<Cast>b__0(Object ret)
   at TreeSharp.Decorator.Execute(Object context)+MoveNext()
   at TreeSharp.Composite.Tick(Object context)
[20:18:44.392] [D] [Pulse] Slow bot root: 112ms bot=Combat Bot poi=None combat=False
[20:18:47.559] [D] [Pulse] Slow plugin: name=AutoEquip2 elapsed=49ms
[20:18:48.539] [D] [Singular-DEBUG] Switched targets!
[20:18:48.539] [D] [Singular-DEBUG] Melee Distance: 5.8333335
[20:18:48.539] [D] [Singular-DEBUG] Health: 90.10731052984575
[20:18:48.539] [D] [Singular-DEBUG] Level: 31
[20:18:48.571] [N] [Singular] Casting Exorcism on Mechanized Guardian
[20:18:48.571] [D] Spell_C::CastSpell(879, 0, 0xF13000185A000168, 0)
[20:18:50.490] [N] [Singular] Casting Judgement of Light on Mechanized Guardian
[20:18:50.490] [D] Spell_C::CastSpell(20271, 0, 0xF13000185A000168, 0)
[20:18:58.814] [N] [Singular] Casting Judgement of Light on Mechanized Guardian
[20:18:58.814] [D] Spell_C::CastSpell(20271, 0, 0xF13000185A000168, 0)
[20:19:07.573] [D] [Pulse] Slow plugin: name=AutoEquip2 elapsed=43ms
[20:19:09.461] [D] [Singular-DEBUG] Switched targets!
[20:19:09.462] [D] [Singular-DEBUG] Melee Distance: 5
[20:19:09.462] [D] [Singular-DEBUG] Health: 92.95
[20:19:09.462] [D] [Singular-DEBUG] Level: 27
[20:19:10.039] [N] [Singular] Casting Exorcism on Arcane Nullifier X-21
[20:19:10.039] [D] Spell_C::CastSpell(879, 0, 0xF130001858000165, 0)
[20:19:11.604] [N] [Singular] Casting Exorcism on Arcane Nullifier X-21
[20:19:11.604] [D] Spell_C::CastSpell(879, 0, 0xF130001858000165, 0)
[20:19:11.986] [D] [Pulse] Slow plugin: name=Tidy Bags 3 Reloaded elapsed=22ms
[20:19:13.482] [N] [Singular] Casting Judgement of Light on Arcane Nullifier X-21
[20:19:13.482] [D] Spell_C::CastSpell(20271, 0, 0xF130001858000165, 0)
[20:19:21.821] [N] [Singular] Casting Judgement of Light on Arcane Nullifier X-21
[20:19:21.821] [D] Spell_C::CastSpell(20271, 0, 0xF130001858000165, 0)
[20:19:25.963] [D] [Singular-DEBUG] Mechanized Guardian is immune to Nature spell school
[20:19:27.429] [D] [Singular-DEBUG] Switched targets!
[20:19:27.429] [D] [Singular-DEBUG] Melee Distance: 5.8333335
[20:19:27.429] [D] [Singular-DEBUG] Health: 48.92689470154259
[20:19:27.429] [D] [Singular-DEBUG] Level: 31
[20:19:27.684] [D] [Pulse] Slow plugin: name=AutoEquip2 elapsed=50ms
[20:19:28.146] [D] [Pulse] Slow plugin: name=Tidy Bags 3 Reloaded elapsed=20ms
[20:19:30.439] [N] [Singular] Casting Exorcism on Mechanized Guardian
[20:19:30.439] [D] Spell_C::CastSpell(879, 0, 0xF13000185A000176, 0)
[20:19:32.320] [N] [Singular] Casting Judgement of Light on Mechanized Guardian
[20:19:32.320] [D] Spell_C::CastSpell(20271, 0, 0xF13000185A000176, 0)
[20:19:32.436] [N] [Singular] Currect target is invalid. Switching to Dark Iron Agent!
[20:19:32.763] [D] [Singular-DEBUG] Switched targets!
[20:19:32.764] [D] [Singular-DEBUG] Melee Distance: 5
[20:19:32.764] [D] [Singular-DEBUG] Health: 87.41666666666667
[20:19:32.764] [D] [Singular-DEBUG] Level: 27
[20:19:33.042] [D] [Pulse] Slow bot root: 109ms bot=Combat Bot poi=None combat=True
[20:19:35.146] [N] [Singular] Casting Judgement of Light on Dark Iron Agent
[20:19:35.146] [D] Spell_C::CastSpell(20271, 0, 0xF130001844000137, 0)
[20:19:35.808] [N] Stopping the bot!
[20:19:35.808] [N] Bot stopping! Reason: User request
[20:19:35.809] [D] Exception in GetReturnValues: Thread was interrupted from a waiting state.
[20:19:35.885] [D] Cleared POI
[20:19:35.885] [D] Worker thread exited cleanly
[20:19:35.990] [D] [Settings] Saved all settings
[20:19:35.990] [N] Starting the bot.
[20:19:35.990] [N] Currently Using BotBase : Combat Bot
[20:19:35.991] [N] Character is a level 27 BloodElf Paladin
[20:19:35.991] [N] Current zone is Gnomeregan
[20:19:35.991] [D] Loading profile from D:\World of Warcraft 3.3.5a\CB\Bots\WholesomeAutoQuest\WHOLESOME_AUTOQUESTER.xml
[20:19:35.992] [D] [CompileBatch] Compiling 1 entries...
[20:19:36.065] [D] [CompileBatch] Compiled successfully.
[20:19:36.065] [N] Profile loaded: WholesomeAQ - Thousand Needles
[20:19:36.467] [D] [QuestLog] Loaded 76 completed quests from Lua fallback
[20:19:36.500] [D] Selected sub-profile: WholesomeAQ - Thousand Needles (L1-80)
[20:19:36.566] [D] Setting CVars: autoSelfCast=1, autoLootDefault=1
[20:19:36.633] [D] Cleared POI
[20:19:36.633] [D] Refresh() called. LastCount=0, CurrentCount=34
[20:19:36.633] [N] Building spell book
[20:19:36.634] [D] Found 34 spells from LocalPlayer.KnownSpells
[20:19:36.634] [N] Adding Arcane Affinity
[20:19:36.634] [N] Adding Arcane Torrent
[20:19:36.634] [N] Adding Auto Attack
[20:19:36.635] [N] Adding Block
[20:19:36.635] [N] Adding Dodge
[20:19:36.636] [N] Adding Magic Resistance
[20:19:36.636] [N] Adding Parry
[20:19:36.636] [N] Adding Blessing of Wisdom
[20:19:36.637] [N] Adding Concentration Aura
[20:19:36.637] [N] Adding Consecration
[20:19:36.637] [N] Adding Exorcism
[20:19:36.638] [N] Adding Flash of Light
[20:19:36.638] [N] Adding Holy Light
[20:19:36.638] [N] Adding Lay on Hands
[20:19:36.639] [N] Adding Purify
[20:19:36.639] [N] Adding Seal of Righteousness
[20:19:36.639] [N] Adding Sense Undead
[20:19:36.640] [N] Adding Turn Evil
[20:19:36.640] [N] Adding Blessing of Kings
[20:19:36.640] [N] Adding Devotion Aura
[20:19:36.641] [N] Adding Divine Protection
[20:19:36.641] [N] Adding Hammer of Justice
[20:19:36.642] [N] Adding Hand of Freedom
[20:19:36.642] [N] Adding Hand of Protection
[20:19:36.642] [N] Adding Hand of Reckoning
[20:19:36.643] [N] Adding Hand of Salvation
[20:19:36.643] [N] Adding Righteous Defense
[20:19:36.643] [N] Adding Righteous Fury
[20:19:36.644] [N] Adding Seal of Justice
[20:19:36.644] [N] Adding Blessing of Might
[20:19:36.645] [N] Adding Judgement of Light
[20:19:36.645] [N] Adding Judgement of Wisdom
[20:19:36.645] [N] Adding Retribution Aura
[20:19:36.646] [N] Adding Seal of Command
[20:19:36.646] [N] Spell book built
[20:19:36.647] [D] [SpellManager] Initialize — subscribed to BotEvents.OnBotStart
[20:19:36.647] [D] Default area costs set (Road=1.0, Ground=1.66)
[20:19:36.647] [D] Faction filter set: Horde (excluding Alliance paths)
[20:19:36.647] [D] Refresh() called. LastCount=0, CurrentCount=34
[20:19:36.647] [N] Building spell book
[20:19:36.648] [D] Found 34 spells from LocalPlayer.KnownSpells
[20:19:36.648] [N] Adding Arcane Affinity
[20:19:36.648] [N] Adding Arcane Torrent
[20:19:36.649] [N] Adding Auto Attack
[20:19:36.649] [N] Adding Block
[20:19:36.650] [N] Adding Dodge
[20:19:36.650] [N] Adding Magic Resistance
[20:19:36.650] [N] Adding Parry
[20:19:36.656] [N] Adding Blessing of Wisdom
[20:19:36.657] [N] Adding Concentration Aura
[20:19:36.657] [N] Adding Consecration
[20:19:36.658] [N] Adding Exorcism
[20:19:36.658] [N] Adding Flash of Light
[20:19:36.659] [N] Adding Holy Light
[20:19:36.659] [N] Adding Lay on Hands
[20:19:36.659] [N] Adding Purify
[20:19:36.660] [N] Adding Seal of Righteousness
[20:19:36.660] [N] Adding Sense Undead
[20:19:36.661] [N] Adding Turn Evil
[20:19:36.661] [N] Adding Blessing of Kings
[20:19:36.661] [N] Adding Devotion Aura
[20:19:36.662] [N] Adding Divine Protection
[20:19:36.662] [N] Adding Hammer of Justice
[20:19:36.663] [N] Adding Hand of Freedom
[20:19:36.663] [N] Adding Hand of Protection
[20:19:36.663] [N] Adding Hand of Reckoning
[20:19:36.664] [N] Adding Hand of Salvation
[20:19:36.664] [N] Adding Righteous Defense
[20:19:36.665] [N] Adding Righteous Fury
[20:19:36.665] [N] Adding Seal of Justice
[20:19:36.665] [N] Adding Blessing of Might
[20:19:36.666] [N] Adding Judgement of Light
[20:19:36.666] [N] Adding Judgement of Wisdom
[20:19:36.667] [N] Adding Retribution Aura
[20:19:36.667] [N] Adding Seal of Command
[20:19:36.668] [N] Spell book built
[20:19:36.668] [D] [SpellManager] Subscribed to LEARNED_SPELL_IN_TAB, ACTIVE_TALENT_GROUP_CHANGED
[20:19:36.669] [D] Refresh() called. LastCount=0, CurrentCount=34
[20:19:36.669] [N] Building spell book
[20:19:36.669] [D] Found 34 spells from LocalPlayer.KnownSpells
[20:19:36.669] [N] Adding Arcane Affinity
[20:19:36.670] [N] Adding Arcane Torrent
[20:19:36.670] [N] Adding Auto Attack
[20:19:36.670] [N] Adding Block
[20:19:36.671] [N] Adding Dodge
[20:19:36.671] [N] Adding Magic Resistance
[20:19:36.672] [N] Adding Parry
[20:19:36.672] [N] Adding Blessing of Wisdom
[20:19:36.673] [N] Adding Concentration Aura
[20:19:36.673] [N] Adding Consecration
[20:19:36.674] [N] Adding Exorcism
[20:19:36.674] [N] Adding Flash of Light
[20:19:36.674] [N] Adding Holy Light
[20:19:36.675] [N] Adding Lay on Hands
[20:19:36.675] [N] Adding Purify
[20:19:36.676] [N] Adding Seal of Righteousness
[20:19:36.676] [N] Adding Sense Undead
[20:19:36.677] [N] Adding Turn Evil
[20:19:36.677] [N] Adding Blessing of Kings
[20:19:36.677] [N] Adding Devotion Aura
[20:19:36.678] [N] Adding Divine Protection
[20:19:36.678] [N] Adding Hammer of Justice
[20:19:36.679] [N] Adding Hand of Freedom
[20:19:36.679] [N] Adding Hand of Protection
[20:19:36.680] [N] Adding Hand of Reckoning
[20:19:36.680] [N] Adding Hand of Salvation
[20:19:36.681] [N] Adding Righteous Defense
[20:19:36.681] [N] Adding Righteous Fury
[20:19:36.682] [N] Adding Seal of Justice
[20:19:36.682] [N] Adding Blessing of Might
[20:19:36.683] [N] Adding Judgement of Light
[20:19:36.683] [N] Adding Judgement of Wisdom
[20:19:36.684] [N] Adding Retribution Aura
[20:19:36.684] [N] Adding Seal of Command
[20:19:36.685] [N] Spell book built
[20:19:36.686] [D] [SpellManager] Subscribed to LEARNED_SPELL_IN_TAB, ACTIVE_TALENT_GROUP_CHANGED
[20:19:36.686] [D] Refresh() called. LastCount=0, CurrentCount=34
[20:19:36.686] [N] Building spell book
[20:19:36.686] [D] Found 34 spells from LocalPlayer.KnownSpells
[20:19:36.686] [N] Adding Arcane Affinity
[20:19:36.687] [N] Adding Arcane Torrent
[20:19:36.690] [N] Adding Auto Attack
[20:19:36.690] [N] Adding Block
[20:19:36.691] [N] Adding Dodge
[20:19:36.691] [N] Adding Magic Resistance
[20:19:36.692] [N] Adding Parry
[20:19:36.692] [N] Adding Blessing of Wisdom
[20:19:36.693] [N] Adding Concentration Aura
[20:19:36.693] [N] Adding Consecration
[20:19:36.694] [N] Adding Exorcism
[20:19:36.694] [N] Adding Flash of Light
[20:19:36.695] [N] Adding Holy Light
[20:19:36.695] [N] Adding Lay on Hands
[20:19:36.696] [N] Adding Purify
[20:19:36.696] [N] Adding Seal of Righteousness
[20:19:36.696] [N] Adding Sense Undead
[20:19:36.697] [N] Adding Turn Evil
[20:19:36.697] [N] Adding Blessing of Kings
[20:19:36.698] [N] Adding Devotion Aura
[20:19:36.698] [N] Adding Divine Protection
[20:19:36.699] [N] Adding Hammer of Justice
[20:19:36.699] [N] Adding Hand of Freedom
[20:19:36.700] [N] Adding Hand of Protection
[20:19:36.700] [N] Adding Hand of Reckoning
[20:19:36.701] [N] Adding Hand of Salvation
[20:19:36.701] [N] Adding Righteous Defense
[20:19:36.702] [N] Adding Righteous Fury
[20:19:36.702] [N] Adding Seal of Justice
[20:19:36.703] [N] Adding Blessing of Might
[20:19:36.703] [N] Adding Judgement of Light
[20:19:36.704] [N] Adding Judgement of Wisdom
[20:19:36.704] [N] Adding Retribution Aura
[20:19:36.705] [N] Adding Seal of Command
[20:19:36.705] [N] Spell book built
[20:19:36.706] [D] [SpellManager] Subscribed to LEARNED_SPELL_IN_TAB, ACTIVE_TALENT_GROUP_CHANGED
[20:19:36.706] [D] Refresh() called. LastCount=0, CurrentCount=34
[20:19:36.706] [N] Building spell book
[20:19:36.707] [D] Found 34 spells from LocalPlayer.KnownSpells
[20:19:36.707] [N] Adding Arcane Affinity
[20:19:36.708] [N] Adding Arcane Torrent
[20:19:36.708] [N] Adding Auto Attack
[20:19:36.709] [N] Adding Block
[20:19:36.709] [N] Adding Dodge
[20:19:36.710] [N] Adding Magic Resistance
[20:19:36.710] [N] Adding Parry
[20:19:36.711] [N] Adding Blessing of Wisdom
[20:19:36.711] [N] Adding Concentration Aura
[20:19:36.712] [N] Adding Consecration
[20:19:36.712] [N] Adding Exorcism
[20:19:36.713] [N] Adding Flash of Light
[20:19:36.713] [N] Adding Holy Light
[20:19:36.714] [N] Adding Lay on Hands
[20:19:36.715] [N] Adding Purify
[20:19:36.715] [N] Adding Seal of Righteousness
[20:19:36.716] [N] Adding Sense Undead
[20:19:36.716] [N] Adding Turn Evil
[20:19:36.717] [N] Adding Blessing of Kings
[20:19:36.717] [N] Adding Devotion Aura
[20:19:36.718] [N] Adding Divine Protection
[20:19:36.718] [N] Adding Hammer of Justice
[20:19:36.719] [N] Adding Hand of Freedom
[20:19:36.719] [N] Adding Hand of Protection
[20:19:36.720] [N] Adding Hand of Reckoning
[20:19:36.720] [N] Adding Hand of Salvation
[20:19:36.721] [N] Adding Righteous Defense
[20:19:36.722] [N] Adding Righteous Fury
[20:19:36.722] [N] Adding Seal of Justice
[20:19:36.723] [N] Adding Blessing of Might
[20:19:36.723] [N] Adding Judgement of Light
[20:19:36.724] [N] Adding Judgement of Wisdom
[20:19:36.724] [N] Adding Retribution Aura
[20:19:36.725] [N] Adding Seal of Command
[20:19:36.725] [N] Spell book built
[20:19:36.726] [D] [SpellManager] Subscribed to LEARNED_SPELL_IN_TAB, ACTIVE_TALENT_GROUP_CHANGED
[20:19:36.726] [D] Refresh() called. LastCount=0, CurrentCount=34
[20:19:36.726] [N] Building spell book
[20:19:36.727] [D] Found 34 spells from LocalPlayer.KnownSpells
[20:19:36.727] [N] Adding Arcane Affinity
[20:19:36.728] [N] Adding Arcane Torrent
[20:19:36.728] [N] Adding Auto Attack
[20:19:36.729] [N] Adding Block
[20:19:36.730] [N] Adding Dodge
[20:19:36.730] [N] Adding Magic Resistance
[20:19:36.731] [N] Adding Parry
[20:19:36.731] [N] Adding Blessing of Wisdom
[20:19:36.732] [N] Adding Concentration Aura
[20:19:36.732] [N] Adding Consecration
[20:19:36.733] [N] Adding Exorcism
[20:19:36.733] [N] Adding Flash of Light
[20:19:36.734] [N] Adding Holy Light
[20:19:36.735] [N] Adding Lay on Hands
[20:19:36.735] [N] Adding Purify
[20:19:36.736] [N] Adding Seal of Righteousness
[20:19:36.736] [N] Adding Sense Undead
[20:19:36.737] [N] Adding Turn Evil
[20:19:36.738] [N] Adding Blessing of Kings
[20:19:36.738] [N] Adding Devotion Aura
[20:19:36.739] [N] Adding Divine Protection
[20:19:36.740] [N] Adding Hammer of Justice
[20:19:36.740] [N] Adding Hand of Freedom
[20:19:36.741] [N] Adding Hand of Protection
[20:19:36.742] [N] Adding Hand of Reckoning
[20:19:36.742] [N] Adding Hand of Salvation
[20:19:36.743] [N] Adding Righteous Defense
[20:19:36.743] [N] Adding Righteous Fury
[20:19:36.744] [N] Adding Seal of Justice
[20:19:36.744] [N] Adding Blessing of Might
[20:19:36.745] [N] Adding Judgement of Light
[20:19:36.746] [N] Adding Judgement of Wisdom
[20:19:36.746] [N] Adding Retribution Aura
[20:19:36.747] [N] Adding Seal of Command
[20:19:36.748] [N] Spell book built
[20:19:36.748] [D] [SpellManager] Subscribed to LEARNED_SPELL_IN_TAB, ACTIVE_TALENT_GROUP_CHANGED
[20:19:36.748] [D] Refresh() called. LastCount=0, CurrentCount=34
[20:19:36.748] [N] Building spell book
[20:19:36.749] [D] Found 34 spells from LocalPlayer.KnownSpells
[20:19:36.749] [N] Adding Arcane Affinity
[20:19:36.750] [N] Adding Arcane Torrent
[20:19:36.750] [N] Adding Auto Attack
[20:19:36.751] [N] Adding Block
[20:19:36.752] [N] Adding Dodge
[20:19:36.752] [N] Adding Magic Resistance
[20:19:36.753] [N] Adding Parry
[20:19:36.753] [N] Adding Blessing of Wisdom
[20:19:36.754] [N] Adding Concentration Aura
[20:19:36.755] [N] Adding Consecration
[20:19:36.755] [N] Adding Exorcism
[20:19:36.756] [N] Adding Flash of Light
[20:19:36.756] [N] Adding Holy Light
[20:19:36.757] [N] Adding Lay on Hands
[20:19:36.757] [N] Adding Purify
[20:19:36.758] [N] Adding Seal of Righteousness
[20:19:36.759] [N] Adding Sense Undead
[20:19:36.759] [N] Adding Turn Evil
[20:19:36.760] [N] Adding Blessing of Kings
[20:19:36.760] [N] Adding Devotion Aura
[20:19:36.761] [N] Adding Divine Protection
[20:19:36.762] [N] Adding Hammer of Justice
[20:19:36.762] [N] Adding Hand of Freedom
[20:19:36.763] [N] Adding Hand of Protection
[20:19:36.763] [N] Adding Hand of Reckoning
[20:19:36.764] [N] Adding Hand of Salvation
[20:19:36.765] [N] Adding Righteous Defense
[20:19:36.766] [N] Adding Righteous Fury
[20:19:36.767] [N] Adding Seal of Justice
[20:19:36.767] [N] Adding Blessing of Might
[20:19:36.768] [N] Adding Judgement of Light
[20:19:36.768] [N] Adding Judgement of Wisdom
[20:19:36.769] [N] Adding Retribution Aura
[20:19:36.770] [N] Adding Seal of Command
[20:19:36.771] [N] Spell book built
[20:19:36.771] [D] [SpellManager] Subscribed to LEARNED_SPELL_IN_TAB, ACTIVE_TALENT_GROUP_CHANGED
[20:19:36.771] [D] Refresh() called. LastCount=0, CurrentCount=34
[20:19:36.771] [N] Building spell book
[20:19:36.772] [D] Found 34 spells from LocalPlayer.KnownSpells
[20:19:36.772] [N] Adding Arcane Affinity
[20:19:36.773] [N] Adding Arcane Torrent
[20:19:36.774] [N] Adding Auto Attack
[20:19:36.774] [N] Adding Block
[20:19:36.775] [N] Adding Dodge
[20:19:36.775] [N] Adding Magic Resistance
[20:19:36.776] [N] Adding Parry
[20:19:36.777] [N] Adding Blessing of Wisdom
[20:19:36.777] [N] Adding Concentration Aura
[20:19:36.778] [N] Adding Consecration
[20:19:36.779] [N] Adding Exorcism
[20:19:36.779] [N] Adding Flash of Light
[20:19:36.780] [N] Adding Holy Light
[20:19:36.780] [N] Adding Lay on Hands
[20:19:36.781] [N] Adding Purify
[20:19:36.782] [N] Adding Seal of Righteousness
[20:19:36.782] [N] Adding Sense Undead
[20:19:36.783] [N] Adding Turn Evil
[20:19:36.784] [N] Adding Blessing of Kings
[20:19:36.784] [N] Adding Devotion Aura
[20:19:36.785] [N] Adding Divine Protection
[20:19:36.785] [N] Adding Hammer of Justice
[20:19:36.786] [N] Adding Hand of Freedom
[20:19:36.787] [N] Adding Hand of Protection
[20:19:36.787] [N] Adding Hand of Reckoning
[20:19:36.788] [N] Adding Hand of Salvation
[20:19:36.789] [N] Adding Righteous Defense
[20:19:36.789] [N] Adding Righteous Fury
[20:19:36.790] [N] Adding Seal of Justice
[20:19:36.791] [N] Adding Blessing of Might
[20:19:36.792] [N] Adding Judgement of Light
[20:19:36.793] [N] Adding Judgement of Wisdom
[20:19:36.793] [N] Adding Retribution Aura
[20:19:36.794] [N] Adding Seal of Command
[20:19:36.795] [N] Spell book built
[20:19:36.796] [D] [SpellManager] Subscribed to LEARNED_SPELL_IN_TAB, ACTIVE_TALENT_GROUP_CHANGED
[20:19:36.796] [D] Refresh() called. LastCount=0, CurrentCount=34
[20:19:36.796] [N] Building spell book
[20:19:36.797] [D] Found 34 spells from LocalPlayer.KnownSpells
[20:19:36.797] [N] Adding Arcane Affinity
[20:19:36.797] [N] Adding Arcane Torrent
[20:19:36.798] [N] Adding Auto Attack
[20:19:36.799] [N] Adding Block
[20:19:36.799] [N] Adding Dodge
[20:19:36.800] [N] Adding Magic Resistance
[20:19:36.801] [N] Adding Parry
[20:19:36.801] [N] Adding Blessing of Wisdom
[20:19:36.802] [N] Adding Concentration Aura
[20:19:36.803] [N] Adding Consecration
[20:19:36.803] [N] Adding Exorcism
[20:19:36.804] [N] Adding Flash of Light
[20:19:36.805] [N] Adding Holy Light
[20:19:36.805] [N] Adding Lay on Hands
[20:19:36.806] [N] Adding Purify
[20:19:36.807] [N] Adding Seal of Righteousness
[20:19:36.807] [N] Adding Sense Undead
[20:19:36.808] [N] Adding Turn Evil
[20:19:36.809] [N] Adding Blessing of Kings
[20:19:36.809] [N] Adding Devotion Aura
[20:19:36.810] [N] Adding Divine Protection
[20:19:36.811] [N] Adding Hammer of Justice
[20:19:36.811] [N] Adding Hand of Freedom
[20:19:36.812] [N] Adding Hand of Protection
[20:19:36.813] [N] Adding Hand of Reckoning
[20:19:36.813] [N] Adding Hand of Salvation
[20:19:36.815] [N] Adding Righteous Defense
[20:19:36.816] [N] Adding Righteous Fury
[20:19:36.816] [N] Adding Seal of Justice
[20:19:36.817] [N] Adding Blessing of Might
[20:19:36.818] [N] Adding Judgement of Light
[20:19:36.818] [N] Adding Judgement of Wisdom
[20:19:36.819] [N] Adding Retribution Aura
[20:19:36.820] [N] Adding Seal of Command
[20:19:36.821] [N] Spell book built
[20:19:36.821] [D] [SpellManager] Subscribed to LEARNED_SPELL_IN_TAB, ACTIVE_TALENT_GROUP_CHANGED
[20:19:36.822] [D] Refresh() called. LastCount=0, CurrentCount=34
[20:19:36.822] [N] Building spell book
[20:19:36.823] [D] Found 34 spells from LocalPlayer.KnownSpells
[20:19:36.823] [N] Adding Arcane Affinity
[20:19:36.823] [N] Adding Arcane Torrent
[20:19:36.824] [N] Adding Auto Attack
[20:19:36.825] [N] Adding Block
[20:19:36.825] [N] Adding Dodge
[20:19:36.826] [N] Adding Magic Resistance
[20:19:36.827] [N] Adding Parry
[20:19:36.827] [N] Adding Blessing of Wisdom
[20:19:36.828] [N] Adding Concentration Aura
[20:19:36.829] [N] Adding Consecration
[20:19:36.830] [N] Adding Exorcism
[20:19:36.830] [N] Adding Flash of Light
[20:19:36.831] [N] Adding Holy Light
[20:19:36.832] [N] Adding Lay on Hands
[20:19:36.832] [N] Adding Purify
[20:19:36.833] [N] Adding Seal of Righteousness
[20:19:36.834] [N] Adding Sense Undead
[20:19:36.834] [N] Adding Turn Evil
[20:19:36.835] [N] Adding Blessing of Kings
[20:19:36.836] [N] Adding Devotion Aura
[20:19:36.837] [N] Adding Divine Protection
[20:19:36.837] [N] Adding Hammer of Justice
[20:19:36.838] [N] Adding Hand of Freedom
[20:19:36.840] [N] Adding Hand of Protection
[20:19:36.840] [N] Adding Hand of Reckoning
[20:19:36.841] [N] Adding Hand of Salvation
[20:19:36.842] [N] Adding Righteous Defense
[20:19:36.843] [N] Adding Righteous Fury
[20:19:36.843] [N] Adding Seal of Justice
[20:19:36.844] [N] Adding Blessing of Might
[20:19:36.845] [N] Adding Judgement of Light
[20:19:36.845] [N] Adding Judgement of Wisdom
[20:19:36.846] [N] Adding Retribution Aura
[20:19:36.847] [N] Adding Seal of Command
[20:19:36.848] [N] Spell book built
[20:19:36.849] [D] [SpellManager] Subscribed to LEARNED_SPELL_IN_TAB, ACTIVE_TALENT_GROUP_CHANGED
[20:19:36.849] [D] Refresh() called. LastCount=0, CurrentCount=34
[20:19:36.849] [N] Building spell book
[20:19:36.850] [D] Found 34 spells from LocalPlayer.KnownSpells
[20:19:36.850] [N] Adding Arcane Affinity
[20:19:36.851] [N] Adding Arcane Torrent
[20:19:36.851] [N] Adding Auto Attack
[20:19:36.852] [N] Adding Block
[20:19:36.853] [N] Adding Dodge
[20:19:36.854] [N] Adding Magic Resistance
[20:19:36.854] [N] Adding Parry
[20:19:36.855] [N] Adding Blessing of Wisdom
[20:19:36.856] [N] Adding Concentration Aura
[20:19:36.857] [N] Adding Consecration
[20:19:36.857] [N] Adding Exorcism
[20:19:36.858] [N] Adding Flash of Light
[20:19:36.859] [N] Adding Holy Light
[20:19:36.860] [N] Adding Lay on Hands
[20:19:36.860] [N] Adding Purify
[20:19:36.861] [N] Adding Seal of Righteousness
[20:19:36.862] [N] Adding Sense Undead
[20:19:36.863] [N] Adding Turn Evil
[20:19:36.864] [N] Adding Blessing of Kings
[20:19:36.865] [N] Adding Devotion Aura
[20:19:36.866] [N] Adding Divine Protection
[20:19:36.867] [N] Adding Hammer of Justice
[20:19:36.868] [N] Adding Hand of Freedom
[20:19:36.868] [N] Adding Hand of Protection
[20:19:36.869] [N] Adding Hand of Reckoning
[20:19:36.870] [N] Adding Hand of Salvation
[20:19:36.871] [N] Adding Righteous Defense
[20:19:36.871] [N] Adding Righteous Fury
[20:19:36.872] [N] Adding Seal of Justice
[20:19:36.873] [N] Adding Blessing of Might
[20:19:36.874] [N] Adding Judgement of Light
[20:19:36.874] [N] Adding Judgement of Wisdom
[20:19:36.875] [N] Adding Retribution Aura
[20:19:36.876] [N] Adding Seal of Command
[20:19:36.877] [N] Spell book built
[20:19:36.878] [D] [SpellManager] Subscribed to LEARNED_SPELL_IN_TAB, ACTIVE_TALENT_GROUP_CHANGED
[20:19:36.878] [D] Refresh() called. LastCount=0, CurrentCount=34
[20:19:36.878] [N] Building spell book
[20:19:36.879] [D] Found 34 spells from LocalPlayer.KnownSpells
[20:19:36.879] [N] Adding Arcane Affinity
[20:19:36.880] [N] Adding Arcane Torrent
[20:19:36.881] [N] Adding Auto Attack
[20:19:36.882] [N] Adding Block
[20:19:36.882] [N] Adding Dodge
[20:19:36.883] [N] Adding Magic Resistance
[20:19:36.884] [N] Adding Parry
[20:19:36.885] [N] Adding Blessing of Wisdom
[20:19:36.885] [N] Adding Concentration Aura
[20:19:36.886] [N] Adding Consecration
[20:19:36.887] [N] Adding Exorcism
[20:19:36.888] [N] Adding Flash of Light
[20:19:36.890] [N] Adding Holy Light
[20:19:36.890] [N] Adding Lay on Hands
[20:19:36.891] [N] Adding Purify
[20:19:36.892] [N] Adding Seal of Righteousness
[20:19:36.893] [N] Adding Sense Undead
[20:19:36.894] [N] Adding Turn Evil
[20:19:36.894] [N] Adding Blessing of Kings
[20:19:36.895] [N] Adding Devotion Aura
[20:19:36.896] [N] Adding Divine Protection
[20:19:36.897] [N] Adding Hammer of Justice
[20:19:36.898] [N] Adding Hand of Freedom
[20:19:36.898] [N] Adding Hand of Protection
[20:19:36.899] [N] Adding Hand of Reckoning
[20:19:36.900] [N] Adding Hand of Salvation
[20:19:36.901] [N] Adding Righteous Defense
[20:19:36.902] [N] Adding Righteous Fury
[20:19:36.902] [N] Adding Seal of Justice
[20:19:36.903] [N] Adding Blessing of Might
[20:19:36.904] [N] Adding Judgement of Light
[20:19:36.905] [N] Adding Judgement of Wisdom
[20:19:36.906] [N] Adding Retribution Aura
[20:19:36.907] [N] Adding Seal of Command
[20:19:36.908] [N] Spell book built
[20:19:36.909] [D] [SpellManager] Subscribed to LEARNED_SPELL_IN_TAB, ACTIVE_TALENT_GROUP_CHANGED
[20:19:36.909] [D] Refresh() called. LastCount=0, CurrentCount=34
[20:19:36.909] [N] Building spell book
[20:19:36.910] [D] Found 34 spells from LocalPlayer.KnownSpells
[20:19:36.910] [N] Adding Arcane Affinity
[20:19:36.911] [N] Adding Arcane Torrent
[20:19:36.911] [N] Adding Auto Attack
[20:19:36.912] [N] Adding Block
[20:19:36.913] [N] Adding Dodge
[20:19:36.915] [N] Adding Magic Resistance
[20:19:36.916] [N] Adding Parry
[20:19:36.917] [N] Adding Blessing of Wisdom
[20:19:36.917] [N] Adding Concentration Aura
[20:19:36.918] [N] Adding Consecration
[20:19:36.919] [N] Adding Exorcism
[20:19:36.920] [N] Adding Flash of Light
[20:19:36.921] [N] Adding Holy Light
[20:19:36.922] [N] Adding Lay on Hands
[20:19:36.922] [N] Adding Purify
[20:19:36.923] [N] Adding Seal of Righteousness
[20:19:36.924] [N] Adding Sense Undead
[20:19:36.925] [N] Adding Turn Evil
[20:19:36.926] [N] Adding Blessing of Kings
[20:19:36.927] [N] Adding Devotion Aura
[20:19:36.927] [N] Adding Divine Protection
[20:19:36.928] [N] Adding Hammer of Justice
[20:19:36.929] [N] Adding Hand of Freedom
[20:19:36.930] [N] Adding Hand of Protection
[20:19:36.931] [N] Adding Hand of Reckoning
[20:19:36.932] [N] Adding Hand of Salvation
[20:19:36.932] [N] Adding Righteous Defense
[20:19:36.933] [N] Adding Righteous Fury
[20:19:36.934] [N] Adding Seal of Justice
[20:19:36.935] [N] Adding Blessing of Might
[20:19:36.936] [N] Adding Judgement of Light
[20:19:36.937] [N] Adding Judgement of Wisdom
[20:19:36.938] [N] Adding Retribution Aura
[20:19:36.938] [N] Adding Seal of Command
[20:19:36.939] [N] Spell book built
[20:19:36.940] [D] [SpellManager] Subscribed to LEARNED_SPELL_IN_TAB, ACTIVE_TALENT_GROUP_CHANGED
[20:19:37.034] [N] [Singular] Currect target is invalid. Switching to Dark Iron Agent!
[20:19:37.368] [D] [Singular-DEBUG] Switched targets!
[20:19:37.368] [D] [Singular-DEBUG] Melee Distance: 5
[20:19:37.368] [D] [Singular-DEBUG] Health: 61.875
[20:19:37.368] [D] [Singular-DEBUG] Level: 27
[20:19:37.931] [D] [Pulse] Slow bot root: 296ms bot=Combat Bot poi=None combat=True
[20:19:38.203] [D] [Pulse] Slow bot root: 169ms bot=Combat Bot poi=None combat=True
[20:19:38.380] [D] [Pulse] Slow plugin: name=Tidy Bags 3 Reloaded elapsed=90ms
[20:19:38.522] [D] [Pulse] Slow bot root: 141ms bot=Combat Bot poi=None combat=True
[20:19:38.791] [D] [Pulse] Slow bot root: 167ms bot=Combat Bot poi=None combat=True
[20:19:39.022] [D] [Pulse] Slow bot root: 134ms bot=Combat Bot poi=None combat=True
[20:19:42.484] [N] Drinking Melon Juice
[20:19:44.081] [N] Stopping the bot!
[20:19:44.082] [N] Bot stopping! Reason: User request
[20:19:44.083] [D] Exception in GetReturnValues: Thread was interrupted from a waiting state.
[20:19:44.731] [D] [Pulse] Slow shared pulse: total=701ms movement=0 objects=0 lua=0 info=0 loot=2 targeting=688 events=0 plugins=9 routine=0
[20:19:44.736] [D] Cleared POI
[20:19:44.736] [D] Worker thread exited cleanly
[20:19:52.606] [D] [Settings] Saved all settings
[20:19:52.606] [N] Starting the bot.
[20:19:52.607] [N] Currently Using BotBase : Combat Bot
[20:19:52.609] [N] Character is a level 27 BloodElf Paladin
[20:19:52.610] [N] Current zone is Gnomeregan
[20:19:52.610] [D] Loading profile from D:\World of Warcraft 3.3.5a\CB\Bots\WholesomeAutoQuest\WHOLESOME_AUTOQUESTER.xml
[20:19:52.610] [D] [CompileBatch] Compiling 1 entries...
[20:19:52.686] [D] [CompileBatch] Compiled successfully.
[20:19:52.686] [N] Profile loaded: WholesomeAQ - Thousand Needles
[20:19:52.703] [D] Selected sub-profile: WholesomeAQ - Thousand Needles (L1-80)
[20:19:52.768] [D] Setting CVars: autoSelfCast=1, autoLootDefault=1
[20:19:52.836] [D] Cleared POI
[20:19:52.836] [D] Refresh() called. LastCount=0, CurrentCount=34
[20:19:52.836] [N] Building spell book
[20:19:52.837] [D] Found 34 spells from LocalPlayer.KnownSpells
[20:19:52.837] [N] Adding Arcane Affinity
[20:19:52.838] [N] Adding Arcane Torrent
[20:19:52.839] [N] Adding Auto Attack
[20:19:52.840] [N] Adding Block
[20:19:52.841] [N] Adding Dodge
[20:19:52.842] [N] Adding Magic Resistance
[20:19:52.843] [N] Adding Parry
[20:19:52.844] [N] Adding Blessing of Wisdom
[20:19:52.845] [N] Adding Concentration Aura
[20:19:52.846] [N] Adding Consecration
[20:19:52.847] [N] Adding Exorcism
[20:19:52.848] [N] Adding Flash of Light
[20:19:52.849] [N] Adding Holy Light
[20:19:52.855] [N] Adding Lay on Hands
[20:19:52.857] [N] Adding Purify
[20:19:52.858] [N] Adding Seal of Righteousness
[20:19:52.859] [N] Adding Sense Undead
[20:19:52.860] [N] Adding Turn Evil
[20:19:52.861] [N] Adding Blessing of Kings
[20:19:52.862] [N] Adding Devotion Aura
[20:19:52.863] [N] Adding Divine Protection
[20:19:52.864] [N] Adding Hammer of Justice
[20:19:52.865] [N] Adding Hand of Freedom
[20:19:52.866] [N] Adding Hand of Protection
[20:19:52.867] [N] Adding Hand of Reckoning
[20:19:52.868] [N] Adding Hand of Salvation
[20:19:52.869] [N] Adding Righteous Defense
[20:19:52.870] [N] Adding Righteous Fury
[20:19:52.871] [N] Adding Seal of Justice
[20:19:52.872] [N] Adding Blessing of Might
[20:19:52.873] [N] Adding Judgement of Light
[20:19:52.874] [N] Adding Judgement of Wisdom
[20:19:52.875] [N] Adding Retribution Aura
[20:19:52.876] [N] Adding Seal of Command
[20:19:52.878] [N] Spell book built
[20:19:52.879] [D] [SpellManager] Initialize — subscribed to BotEvents.OnBotStart
[20:19:52.879] [D] Default area costs set (Road=1.0, Ground=1.66)
[20:19:52.879] [D] Faction filter set: Horde (excluding Alliance paths)
[20:19:52.879] [D] Refresh() called. LastCount=0, CurrentCount=34
[20:19:52.879] [N] Building spell book
[20:19:52.881] [D] Found 34 spells from LocalPlayer.KnownSpells
[20:19:52.881] [N] Adding Arcane Affinity
[20:19:52.882] [N] Adding Arcane Torrent
[20:19:52.883] [N] Adding Auto Attack
[20:19:52.884] [N] Adding Block
[20:19:52.885] [N] Adding Dodge
[20:19:52.886] [N] Adding Magic Resistance
[20:19:52.887] [N] Adding Parry
[20:19:52.892] [N] Adding Blessing of Wisdom
[20:19:52.893] [N] Adding Concentration Aura
[20:19:52.894] [N] Adding Consecration
[20:19:52.895] [N] Adding Exorcism
[20:19:52.896] [N] Adding Flash of Light
[20:19:52.897] [N] Adding Holy Light
[20:19:52.898] [N] Adding Lay on Hands
[20:19:52.899] [N] Adding Purify
[20:19:52.900] [N] Adding Seal of Righteousness
[20:19:52.901] [N] Adding Sense Undead
[20:19:52.902] [N] Adding Turn Evil
[20:19:52.903] [N] Adding Blessing of Kings
[20:19:52.904] [N] Adding Devotion Aura
[20:19:52.905] [N] Adding Divine Protection
[20:19:52.907] [N] Adding Hammer of Justice
[20:19:52.908] [N] Adding Hand of Freedom
[20:19:52.909] [N] Adding Hand of Protection
[20:19:52.910] [N] Adding Hand of Reckoning
[20:19:52.911] [N] Adding Hand of Salvation
[20:19:52.912] [N] Adding Righteous Defense
[20:19:52.913] [N] Adding Righteous Fury
[20:19:52.914] [N] Adding Seal of Justice
[20:19:52.915] [N] Adding Blessing of Might
[20:19:52.916] [N] Adding Judgement of Light
[20:19:52.917] [N] Adding Judgement of Wisdom
[20:19:52.919] [N] Adding Retribution Aura
[20:19:52.921] [N] Adding Seal of Command
[20:19:52.922] [N] Spell book built
[20:19:52.923] [D] [SpellManager] Subscribed to LEARNED_SPELL_IN_TAB, ACTIVE_TALENT_GROUP_CHANGED
[20:19:52.923] [D] Refresh() called. LastCount=0, CurrentCount=34
[20:19:52.923] [N] Building spell book
[20:19:52.925] [D] Found 34 spells from LocalPlayer.KnownSpells
[20:19:52.925] [N] Adding Arcane Affinity
[20:19:52.926] [N] Adding Arcane Torrent
[20:19:52.927] [N] Adding Auto Attack
[20:19:52.928] [N] Adding Block
[20:19:52.929] [N] Adding Dodge
[20:19:52.930] [N] Adding Magic Resistance
[20:19:52.931] [N] Adding Parry
[20:19:52.932] [N] Adding Blessing of Wisdom
[20:19:52.934] [N] Adding Concentration Aura
[20:19:52.935] [N] Adding Consecration
[20:19:52.936] [N] Adding Exorcism
[20:19:52.937] [N] Adding Flash of Light
[20:19:52.938] [N] Adding Holy Light
[20:19:52.939] [N] Adding Lay on Hands
[20:19:52.940] [N] Adding Purify
[20:19:52.941] [N] Adding Seal of Righteousness
[20:19:52.942] [N] Adding Sense Undead
[20:19:52.943] [N] Adding Turn Evil
[20:19:52.945] [N] Adding Blessing of Kings
[20:19:52.946] [N] Adding Devotion Aura
[20:19:52.948] [N] Adding Divine Protection
[20:19:52.949] [N] Adding Hammer of Justice
[20:19:52.950] [N] Adding Hand of Freedom
[20:19:52.951] [N] Adding Hand of Protection
[20:19:52.953] [N] Adding Hand of Reckoning
[20:19:52.954] [N] Adding Hand of Salvation
[20:19:52.955] [N] Adding Righteous Defense
[20:19:52.956] [N] Adding Righteous Fury
[20:19:52.957] [N] Adding Seal of Justice
[20:19:52.958] [N] Adding Blessing of Might
[20:19:52.959] [N] Adding Judgement of Light
[20:19:52.960] [N] Adding Judgement of Wisdom
[20:19:52.961] [N] Adding Retribution Aura
[20:19:52.963] [N] Adding Seal of Command
[20:19:52.964] [N] Spell book built
[20:19:52.965] [D] [SpellManager] Subscribed to LEARNED_SPELL_IN_TAB, ACTIVE_TALENT_GROUP_CHANGED
[20:19:52.966] [D] Refresh() called. LastCount=0, CurrentCount=34
[20:19:52.966] [N] Building spell book
[20:19:52.967] [D] Found 34 spells from LocalPlayer.KnownSpells
[20:19:52.967] [N] Adding Arcane Affinity
[20:19:52.968] [N] Adding Arcane Torrent
[20:19:52.969] [N] Adding Auto Attack
[20:19:52.970] [N] Adding Block
[20:19:52.972] [N] Adding Dodge
[20:19:52.973] [N] Adding Magic Resistance
[20:19:52.974] [N] Adding Parry
[20:19:52.975] [N] Adding Blessing of Wisdom
[20:19:52.977] [N] Adding Concentration Aura
[20:19:52.978] [N] Adding Consecration
[20:19:52.979] [N] Adding Exorcism
[20:19:52.981] [N] Adding Flash of Light
[20:19:52.982] [N] Adding Holy Light
[20:19:52.983] [N] Adding Lay on Hands
[20:19:52.984] [N] Adding Purify
[20:19:52.985] [N] Adding Seal of Righteousness
[20:19:52.986] [N] Adding Sense Undead
[20:19:52.987] [N] Adding Turn Evil
[20:19:52.989] [N] Adding Blessing of Kings
[20:19:52.990] [N] Adding Devotion Aura
[20:19:52.991] [N] Adding Divine Protection
[20:19:52.992] [N] Adding Hammer of Justice
[20:19:52.993] [N] Adding Hand of Freedom
[20:19:52.994] [N] Adding Hand of Protection
[20:19:52.995] [N] Adding Hand of Reckoning
[20:19:52.997] [N] Adding Hand of Salvation
[20:19:52.998] [N] Adding Righteous Defense
[20:19:52.999] [N] Adding Righteous Fury
[20:19:53.000] [N] Adding Seal of Justice
[20:19:53.001] [N] Adding Blessing of Might
[20:19:53.002] [N] Adding Judgement of Light
[20:19:53.004] [N] Adding Judgement of Wisdom
[20:19:53.006] [N] Adding Retribution Aura
[20:19:53.007] [N] Adding Seal of Command
[20:19:53.008] [N] Spell book built
[20:19:53.010] [D] [SpellManager] Subscribed to LEARNED_SPELL_IN_TAB, ACTIVE_TALENT_GROUP_CHANGED
[20:19:53.010] [D] Refresh() called. LastCount=0, CurrentCount=34
[20:19:53.010] [N] Building spell book
[20:19:53.011] [D] Found 34 spells from LocalPlayer.KnownSpells
[20:19:53.011] [N] Adding Arcane Affinity
[20:19:53.013] [N] Adding Arcane Torrent
[20:19:53.014] [N] Adding Auto Attack
[20:19:53.015] [N] Adding Block
[20:19:53.016] [N] Adding Dodge
[20:19:53.017] [N] Adding Magic Resistance
[20:19:53.018] [N] Adding Parry
[20:19:53.020] [N] Adding Blessing of Wisdom
[20:19:53.021] [N] Adding Concentration Aura
[20:19:53.022] [N] Adding Consecration
[20:19:53.023] [N] Adding Exorcism
[20:19:53.024] [N] Adding Flash of Light
[20:19:53.026] [N] Adding Holy Light
[20:19:53.027] [N] Adding Lay on Hands
[20:19:53.028] [N] Adding Purify
[20:19:53.029] [N] Adding Seal of Righteousness
[20:19:53.031] [N] Adding Sense Undead
[20:19:53.032] [N] Adding Turn Evil
[20:19:53.034] [N] Adding Blessing of Kings
[20:19:53.035] [N] Adding Devotion Aura
[20:19:53.036] [N] Adding Divine Protection
[20:19:53.037] [N] Adding Hammer of Justice
[20:19:53.039] [N] Adding Hand of Freedom
[20:19:53.040] [N] Adding Hand of Protection
[20:19:53.041] [N] Adding Hand of Reckoning
[20:19:53.042] [N] Adding Hand of Salvation
[20:19:53.043] [N] Adding Righteous Defense
[20:19:53.045] [N] Adding Righteous Fury
[20:19:53.046] [N] Adding Seal of Justice
[20:19:53.047] [N] Adding Blessing of Might
[20:19:53.048] [N] Adding Judgement of Light
[20:19:53.049] [N] Adding Judgement of Wisdom
[20:19:53.050] [N] Adding Retribution Aura
[20:19:53.052] [N] Adding Seal of Command
[20:19:53.053] [N] Spell book built
[20:19:53.054] [D] [SpellManager] Subscribed to LEARNED_SPELL_IN_TAB, ACTIVE_TALENT_GROUP_CHANGED
[20:19:53.055] [D] Refresh() called. LastCount=0, CurrentCount=34
[20:19:53.055] [N] Building spell book
[20:19:53.056] [D] Found 34 spells from LocalPlayer.KnownSpells
[20:19:53.056] [N] Adding Arcane Affinity
[20:19:53.057] [N] Adding Arcane Torrent
[20:19:53.058] [N] Adding Auto Attack
[20:19:53.060] [N] Adding Block
[20:19:53.062] [N] Adding Dodge
[20:19:53.063] [N] Adding Magic Resistance
[20:19:53.064] [N] Adding Parry
[20:19:53.065] [N] Adding Blessing of Wisdom
[20:19:53.066] [N] Adding Concentration Aura
[20:19:53.068] [N] Adding Consecration
[20:19:53.069] [N] Adding Exorcism
[20:19:53.070] [N] Adding Flash of Light
[20:19:53.071] [N] Adding Holy Light
[20:19:53.073] [N] Adding Lay on Hands
[20:19:53.074] [N] Adding Purify
[20:19:53.075] [N] Adding Seal of Righteousness
[20:19:53.076] [N] Adding Sense Undead
[20:19:53.077] [N] Adding Turn Evil
[20:19:53.079] [N] Adding Blessing of Kings
[20:19:53.080] [N] Adding Devotion Aura
[20:19:53.081] [N] Adding Divine Protection
[20:19:53.082] [N] Adding Hammer of Justice
[20:19:53.083] [N] Adding Hand of Freedom
[20:19:53.085] [N] Adding Hand of Protection
[20:19:53.086] [N] Adding Hand of Reckoning
[20:19:53.087] [N] Adding Hand of Salvation
[20:19:53.089] [N] Adding Righteous Defense
[20:19:53.090] [N] Adding Righteous Fury
[20:19:53.092] [N] Adding Seal of Justice
[20:19:53.093] [N] Adding Blessing of Might
[20:19:53.094] [N] Adding Judgement of Light
[20:19:53.095] [N] Adding Judgement of Wisdom
[20:19:53.097] [N] Adding Retribution Aura
[20:19:53.098] [N] Adding Seal of Command
[20:19:53.099] [N] Spell book built
[20:19:53.101] [D] [SpellManager] Subscribed to LEARNED_SPELL_IN_TAB, ACTIVE_TALENT_GROUP_CHANGED
[20:19:53.101] [D] Refresh() called. LastCount=0, CurrentCount=34
[20:19:53.101] [N] Building spell book
[20:19:53.102] [D] Found 34 spells from LocalPlayer.KnownSpells
[20:19:53.102] [N] Adding Arcane Affinity
[20:19:53.104] [N] Adding Arcane Torrent
[20:19:53.105] [N] Adding Auto Attack
[20:19:53.106] [N] Adding Block
[20:19:53.107] [N] Adding Dodge
[20:19:53.108] [N] Adding Magic Resistance
[20:19:53.110] [N] Adding Parry
[20:19:53.111] [N] Adding Blessing of Wisdom
[20:19:53.112] [N] Adding Concentration Aura
[20:19:53.113] [N] Adding Consecration
[20:19:53.115] [N] Adding Exorcism
[20:19:53.117] [N] Adding Flash of Light
[20:19:53.118] [N] Adding Holy Light
[20:19:53.120] [N] Adding Lay on Hands
[20:19:53.121] [N] Adding Purify
[20:19:53.122] [N] Adding Seal of Righteousness
[20:19:53.123] [N] Adding Sense Undead
[20:19:53.125] [N] Adding Turn Evil
[20:19:53.126] [N] Adding Blessing of Kings
[20:19:53.127] [N] Adding Devotion Aura
[20:19:53.129] [N] Adding Divine Protection
[20:19:53.130] [N] Adding Hammer of Justice
[20:19:53.131] [N] Adding Hand of Freedom
[20:19:53.132] [N] Adding Hand of Protection
[20:19:53.134] [N] Adding Hand of Reckoning
[20:19:53.135] [N] Adding Hand of Salvation
[20:19:53.136] [N] Adding Righteous Defense
[20:19:53.137] [N] Adding Righteous Fury
[20:19:53.139] [N] Adding Seal of Justice
[20:19:53.140] [N] Adding Blessing of Might
[20:19:53.141] [N] Adding Judgement of Light
[20:19:53.144] [N] Adding Judgement of Wisdom
[20:19:53.145] [N] Adding Retribution Aura
[20:19:53.146] [N] Adding Seal of Command
[20:19:53.148] [N] Spell book built
[20:19:53.149] [D] [SpellManager] Subscribed to LEARNED_SPELL_IN_TAB, ACTIVE_TALENT_GROUP_CHANGED
[20:19:53.149] [D] Refresh() called. LastCount=0, CurrentCount=34
[20:19:53.149] [N] Building spell book
[20:19:53.151] [D] Found 34 spells from LocalPlayer.KnownSpells
[20:19:53.151] [N] Adding Arcane Affinity
[20:19:53.152] [N] Adding Arcane Torrent
[20:19:53.154] [N] Adding Auto Attack
[20:19:53.155] [N] Adding Block
[20:19:53.156] [N] Adding Dodge
[20:19:53.157] [N] Adding Magic Resistance
[20:19:53.159] [N] Adding Parry
[20:19:53.160] [N] Adding Blessing of Wisdom
[20:19:53.161] [N] Adding Concentration Aura
[20:19:53.163] [N] Adding Consecration
[20:19:53.164] [N] Adding Exorcism
[20:19:53.165] [N] Adding Flash of Light
[20:19:53.167] [N] Adding Holy Light
[20:19:53.168] [N] Adding Lay on Hands
[20:19:53.171] [N] Adding Purify
[20:19:53.172] [N] Adding Seal of Righteousness
[20:19:53.173] [N] Adding Sense Undead
[20:19:53.175] [N] Adding Turn Evil
[20:19:53.176] [N] Adding Blessing of Kings
[20:19:53.177] [N] Adding Devotion Aura
[20:19:53.179] [N] Adding Divine Protection
[20:19:53.180] [N] Adding Hammer of Justice
[20:19:53.181] [N] Adding Hand of Freedom
[20:19:53.183] [N] Adding Hand of Protection
[20:19:53.184] [N] Adding Hand of Reckoning
[20:19:53.185] [N] Adding Hand of Salvation
[20:19:53.187] [N] Adding Righteous Defense
[20:19:53.188] [N] Adding Righteous Fury
[20:19:53.189] [N] Adding Seal of Justice
[20:19:53.190] [N] Adding Blessing of Might
[20:19:53.192] [N] Adding Judgement of Light
[20:19:53.193] [N] Adding Judgement of Wisdom
[20:19:53.194] [N] Adding Retribution Aura
[20:19:53.196] [N] Adding Seal of Command
[20:19:53.198] [N] Spell book built
[20:19:53.200] [D] [SpellManager] Subscribed to LEARNED_SPELL_IN_TAB, ACTIVE_TALENT_GROUP_CHANGED
[20:19:53.200] [D] Refresh() called. LastCount=0, CurrentCount=34
[20:19:53.200] [N] Building spell book
[20:19:53.202] [D] Found 34 spells from LocalPlayer.KnownSpells
[20:19:53.202] [N] Adding Arcane Affinity
[20:19:53.203] [N] Adding Arcane Torrent
[20:19:53.204] [N] Adding Auto Attack
[20:19:53.206] [N] Adding Block
[20:19:53.207] [N] Adding Dodge
[20:19:53.208] [N] Adding Magic Resistance
[20:19:53.210] [N] Adding Parry
[20:19:53.211] [N] Adding Blessing of Wisdom
[20:19:53.212] [N] Adding Concentration Aura
[20:19:53.214] [N] Adding Consecration
[20:19:53.215] [N] Adding Exorcism
[20:19:53.216] [N] Adding Flash of Light
[20:19:53.218] [N] Adding Holy Light
[20:19:53.219] [N] Adding Lay on Hands
[20:19:53.221] [N] Adding Purify
[20:19:53.222] [N] Adding Seal of Righteousness
[20:19:53.223] [N] Adding Sense Undead
[20:19:53.225] [N] Adding Turn Evil
[20:19:53.227] [N] Adding Blessing of Kings
[20:19:53.229] [N] Adding Devotion Aura
[20:19:53.230] [N] Adding Divine Protection
[20:19:53.231] [N] Adding Hammer of Justice
[20:19:53.233] [N] Adding Hand of Freedom
[20:19:53.234] [N] Adding Hand of Protection
[20:19:53.236] [N] Adding Hand of Reckoning
[20:19:53.237] [N] Adding Hand of Salvation
[20:19:53.239] [N] Adding Righteous Defense
[20:19:53.240] [N] Adding Righteous Fury
[20:19:53.242] [N] Adding Seal of Justice
[20:19:53.243] [N] Adding Blessing of Might
[20:19:53.245] [N] Adding Judgement of Light
[20:19:53.246] [N] Adding Judgement of Wisdom
[20:19:53.248] [N] Adding Retribution Aura
[20:19:53.249] [N] Adding Seal of Command
[20:19:53.251] [N] Spell book built
[20:19:53.252] [D] [SpellManager] Subscribed to LEARNED_SPELL_IN_TAB, ACTIVE_TALENT_GROUP_CHANGED
[20:19:53.253] [D] Refresh() called. LastCount=0, CurrentCount=34
[20:19:53.253] [N] Building spell book
[20:19:53.256] [D] Found 34 spells from LocalPlayer.KnownSpells
[20:19:53.256] [N] Adding Arcane Affinity
[20:19:53.257] [N] Adding Arcane Torrent
[20:19:53.258] [N] Adding Auto Attack
[20:19:53.260] [N] Adding Block
[20:19:53.261] [N] Adding Dodge
[20:19:53.263] [N] Adding Magic Resistance
[20:19:53.264] [N] Adding Parry
[20:19:53.265] [N] Adding Blessing of Wisdom
[20:19:53.267] [N] Adding Concentration Aura
[20:19:53.268] [N] Adding Consecration
[20:19:53.269] [N] Adding Exorcism
[20:19:53.271] [N] Adding Flash of Light
[20:19:53.272] [N] Adding Holy Light
[20:19:53.274] [N] Adding Lay on Hands
[20:19:53.275] [N] Adding Purify
[20:19:53.276] [N] Adding Seal of Righteousness
[20:19:53.278] [N] Adding Sense Undead
[20:19:53.279] [N] Adding Turn Evil
[20:19:53.281] [N] Adding Blessing of Kings
[20:19:53.302] [N] Adding Devotion Aura
[20:19:53.302] [N] Adding Divine Protection
[20:19:53.302] [N] Adding Hammer of Justice
[20:19:53.303] [N] Adding Hand of Freedom
[20:19:53.303] [N] Adding Hand of Protection
[20:19:53.303] [N] Adding Hand of Reckoning
[20:19:53.303] [N] Adding Hand of Salvation
[20:19:53.303] [N] Adding Righteous Defense
[20:19:53.303] [N] Adding Righteous Fury
[20:19:53.303] [N] Adding Seal of Justice
[20:19:53.303] [N] Adding Blessing of Might
[20:19:53.303] [N] Adding Judgement of Light
[20:19:53.303] [N] Adding Judgement of Wisdom
[20:19:53.303] [N] Adding Retribution Aura
[20:19:53.304] [N] Adding Seal of Command
[20:19:53.304] [N] Spell book built
[20:19:53.304] [D] [SpellManager] Subscribed to LEARNED_SPELL_IN_TAB, ACTIVE_TALENT_GROUP_CHANGED
[20:19:53.304] [D] Refresh() called. LastCount=0, CurrentCount=34
[20:19:53.304] [N] Building spell book
[20:19:53.305] [D] Found 34 spells from LocalPlayer.KnownSpells
[20:19:53.305] [N] Adding Arcane Affinity
[20:19:53.305] [N] Adding Arcane Torrent
[20:19:53.305] [N] Adding Auto Attack
[20:19:53.305] [N] Adding Block
[20:19:53.305] [N] Adding Dodge
[20:19:53.305] [N] Adding Magic Resistance
[20:19:53.305] [N] Adding Parry
[20:19:53.306] [N] Adding Blessing of Wisdom
[20:19:53.306] [N] Adding Concentration Aura
[20:19:53.306] [N] Adding Consecration
[20:19:53.306] [N] Adding Exorcism
[20:19:53.306] [N] Adding Flash of Light
[20:19:53.306] [N] Adding Holy Light
[20:19:53.306] [N] Adding Lay on Hands
[20:19:53.306] [N] Adding Purify
[20:19:53.307] [N] Adding Seal of Righteousness
[20:19:53.307] [N] Adding Sense Undead
[20:19:53.307] [N] Adding Turn Evil
[20:19:53.307] [N] Adding Blessing of Kings
[20:19:53.307] [N] Adding Devotion Aura
[20:19:53.307] [N] Adding Divine Protection
[20:19:53.307] [N] Adding Hammer of Justice
[20:19:53.308] [N] Adding Hand of Freedom
[20:19:53.308] [N] Adding Hand of Protection
[20:19:53.308] [N] Adding Hand of Reckoning
[20:19:53.308] [N] Adding Hand of Salvation
[20:19:53.308] [N] Adding Righteous Defense
[20:19:53.308] [N] Adding Righteous Fury
[20:19:53.308] [N] Adding Seal of Justice
[20:19:53.308] [N] Adding Blessing of Might
[20:19:53.309] [N] Adding Judgement of Light
[20:19:53.309] [N] Adding Judgement of Wisdom
[20:19:53.309] [N] Adding Retribution Aura
[20:19:53.309] [N] Adding Seal of Command
[20:19:53.309] [N] Spell book built
[20:19:53.310] [D] [SpellManager] Subscribed to LEARNED_SPELL_IN_TAB, ACTIVE_TALENT_GROUP_CHANGED
[20:19:53.310] [D] Refresh() called. LastCount=0, CurrentCount=34
[20:19:53.310] [N] Building spell book
[20:19:53.310] [D] Found 34 spells from LocalPlayer.KnownSpells
[20:19:53.310] [N] Adding Arcane Affinity
[20:19:53.310] [N] Adding Arcane Torrent
[20:19:53.311] [N] Adding Auto Attack
[20:19:53.311] [N] Adding Block
[20:19:53.311] [N] Adding Dodge
[20:19:53.311] [N] Adding Magic Resistance
[20:19:53.311] [N] Adding Parry
[20:19:53.311] [N] Adding Blessing of Wisdom
[20:19:53.312] [N] Adding Concentration Aura
[20:19:53.312] [N] Adding Consecration
[20:19:53.312] [N] Adding Exorcism
[20:19:53.312] [N] Adding Flash of Light
[20:19:53.312] [N] Adding Holy Light
[20:19:53.312] [N] Adding Lay on Hands
[20:19:53.312] [N] Adding Purify
[20:19:53.313] [N] Adding Seal of Righteousness
[20:19:53.313] [N] Adding Sense Undead
[20:19:53.313] [N] Adding Turn Evil
[20:19:53.313] [N] Adding Blessing of Kings
[20:19:53.313] [N] Adding Devotion Aura
[20:19:53.313] [N] Adding Divine Protection
[20:19:53.314] [N] Adding Hammer of Justice
[20:19:53.314] [N] Adding Hand of Freedom
[20:19:53.314] [N] Adding Hand of Protection
[20:19:53.314] [N] Adding Hand of Reckoning
[20:19:53.314] [N] Adding Hand of Salvation
[20:19:53.314] [N] Adding Righteous Defense
[20:19:53.315] [N] Adding Righteous Fury
[20:19:53.315] [N] Adding Seal of Justice
[20:19:53.315] [N] Adding Blessing of Might
[20:19:53.315] [N] Adding Judgement of Light
[20:19:53.315] [N] Adding Judgement of Wisdom
[20:19:53.316] [N] Adding Retribution Aura
[20:19:53.316] [N] Adding Seal of Command
[20:19:53.316] [N] Spell book built
[20:19:53.316] [D] [SpellManager] Subscribed to LEARNED_SPELL_IN_TAB, ACTIVE_TALENT_GROUP_CHANGED
[20:19:53.317] [D] Refresh() called. LastCount=0, CurrentCount=34
[20:19:53.317] [N] Building spell book
[20:19:53.317] [D] Found 34 spells from LocalPlayer.KnownSpells
[20:19:53.317] [N] Adding Arcane Affinity
[20:19:53.317] [N] Adding Arcane Torrent
[20:19:53.317] [N] Adding Auto Attack
[20:19:53.318] [N] Adding Block
[20:19:53.318] [N] Adding Dodge
[20:19:53.318] [N] Adding Magic Resistance
[20:19:53.318] [N] Adding Parry
[20:19:53.318] [N] Adding Blessing of Wisdom
[20:19:53.319] [N] Adding Concentration Aura
[20:19:53.319] [N] Adding Consecration
[20:19:53.319] [N] Adding Exorcism
[20:19:53.319] [N] Adding Flash of Light
[20:19:53.319] [N] Adding Holy Light
[20:19:53.320] [N] Adding Lay on Hands
[20:19:53.320] [N] Adding Purify
[20:19:53.320] [N] Adding Seal of Righteousness
[20:19:53.320] [N] Adding Sense Undead
[20:19:53.321] [N] Adding Turn Evil
[20:19:53.321] [N] Adding Blessing of Kings
[20:19:53.321] [N] Adding Devotion Aura
[20:19:53.321] [N] Adding Divine Protection
[20:19:53.321] [N] Adding Hammer of Justice
[20:19:53.322] [N] Adding Hand of Freedom
[20:19:53.322] [N] Adding Hand of Protection
[20:19:53.322] [N] Adding Hand of Reckoning
[20:19:53.322] [N] Adding Hand of Salvation
[20:19:53.322] [N] Adding Righteous Defense
[20:19:53.323] [N] Adding Righteous Fury
[20:19:53.323] [N] Adding Seal of Justice
[20:19:53.323] [N] Adding Blessing of Might
[20:19:53.323] [N] Adding Judgement of Light
[20:19:53.324] [N] Adding Judgement of Wisdom
[20:19:53.324] [N] Adding Retribution Aura
[20:19:53.324] [N] Adding Seal of Command
[20:19:53.324] [N] Spell book built
[20:19:53.325] [D] [SpellManager] Subscribed to LEARNED_SPELL_IN_TAB, ACTIVE_TALENT_GROUP_CHANGED
[20:19:53.325] [D] Refresh() called. LastCount=0, CurrentCount=34
[20:19:53.325] [N] Building spell book
[20:19:53.325] [D] Found 34 spells from LocalPlayer.KnownSpells
[20:19:53.325] [N] Adding Arcane Affinity
[20:19:53.326] [N] Adding Arcane Torrent
[20:19:53.326] [N] Adding Auto Attack
[20:19:53.326] [N] Adding Block
[20:19:53.326] [N] Adding Dodge
[20:19:53.327] [N] Adding Magic Resistance
[20:19:53.327] [N] Adding Parry
[20:19:53.327] [N] Adding Blessing of Wisdom
[20:19:53.327] [N] Adding Concentration Aura
[20:19:53.328] [N] Adding Consecration
[20:19:53.328] [N] Adding Exorcism
[20:19:53.328] [N] Adding Flash of Light
[20:19:53.328] [N] Adding Holy Light
[20:19:53.328] [N] Adding Lay on Hands
[20:19:53.329] [N] Adding Purify
[20:19:53.329] [N] Adding Seal of Righteousness
[20:19:53.329] [N] Adding Sense Undead
[20:19:53.330] [N] Adding Turn Evil
[20:19:53.330] [N] Adding Blessing of Kings
[20:19:53.333] [N] Adding Devotion Aura
[20:19:53.334] [N] Adding Divine Protection
[20:19:53.334] [N] Adding Hammer of Justice
[20:19:53.335] [N] Adding Hand of Freedom
[20:19:53.335] [N] Adding Hand of Protection
[20:19:53.335] [N] Adding Hand of Reckoning
[20:19:53.336] [N] Adding Hand of Salvation
[20:19:53.336] [N] Adding Righteous Defense
[20:19:53.336] [N] Adding Righteous Fury
[20:19:53.336] [N] Adding Seal of Justice
[20:19:53.337] [N] Adding Blessing of Might
[20:19:53.337] [N] Adding Judgement of Light
[20:19:53.337] [N] Adding Judgement of Wisdom
[20:19:53.337] [N] Adding Retribution Aura
[20:19:53.338] [N] Adding Seal of Command
[20:19:53.338] [N] Spell book built
[20:19:53.338] [D] [SpellManager] Subscribed to LEARNED_SPELL_IN_TAB, ACTIVE_TALENT_GROUP_CHANGED
[20:19:53.638] [D] [Pulse] Slow plugin: name=AutoEquip2 elapsed=220ms
[20:19:53.706] [D] [Pulse] Slow plugin: name=Tidy Bags 3 Reloaded elapsed=65ms
[20:19:53.771] [N] Drinking Melon Juice
[20:19:55.397] [D] [Singular-DEBUG] Switched targets!
[20:19:55.397] [D] [Singular-DEBUG] Melee Distance: 5.8333335
[20:19:55.397] [D] [Singular-DEBUG] Health: 73.47590169166932
[20:19:55.397] [D] [Singular-DEBUG] Level: 32
[20:19:55.463] [N] [Singular] Casting Blessing of Might on Druid
[20:19:55.463] [D] Spell_C::CastSpell(19835, 0, 0x6000000007F5D8B, 0)
[20:19:55.993] [D] [Pulse] Slow bot root: 146ms bot=Combat Bot poi=None combat=True
[20:19:57.020] [N] [Singular] Casting Exorcism on Mechanized Guardian
[20:19:57.020] [D] Spell_C::CastSpell(879, 0, 0xF13000185A00016C, 0)
[20:19:58.855] [N] [Singular] Casting Judgement of Light on Mechanized Guardian
[20:19:58.855] [D] Spell_C::CastSpell(20271, 0, 0xF13000185A00016C, 0)
[20:20:03.024] [N] [Singular] Casting Divine Protection on Myself
[20:20:03.024] [D] Spell_C::CastSpell(498, 0, 0x6000000007EAB80, 0)
[20:20:07.155] [N] [Singular] Currect target is invalid. Switching to Mechanized Guardian!
[20:20:07.168] [D] [Pulse] Slow bot root: 199ms bot=Combat Bot poi=None combat=True
[20:20:07.461] [D] [Singular-DEBUG] Switched targets!
[20:20:07.461] [D] [Singular-DEBUG] Melee Distance: 5.8333335
[20:20:07.461] [D] [Singular-DEBUG] Health: 81.92488262910798
[20:20:07.461] [D] [Singular-DEBUG] Level: 31
[20:20:07.608] [N] [Singular] Casting Judgement of Light on Mechanized Guardian
[20:20:07.609] [D] Spell_C::CastSpell(20271, 0, 0xF13000185A00016A, 0)
[20:20:10.863] [N] [Singular] Casting Consecration on Mechanized Guardian
[20:20:10.863] [D] Spell_C::CastSpell(26573, 0, 0xF13000185A00016A, 0)
[20:20:13.855] [N] [Singular] Casting Exorcism on Mechanized Guardian
[20:20:13.855] [D] Spell_C::CastSpell(879, 0, 0xF13000185A00016A, 0)
[20:20:16.188] [N] [Singular] Casting Judgement of Light on Mechanized Guardian
[20:20:16.188] [D] Spell_C::CastSpell(20271, 0, 0xF13000185A00016A, 0)
[20:20:19.167] [N] [Singular] Casting Consecration on Mechanized Guardian
[20:20:19.167] [D] Spell_C::CastSpell(26573, 0, 0xF13000185A00016A, 0)
[20:20:19.237] [N] [Singular] Currect target is invalid. Switching to Leprous Machinesmith!
[20:20:19.552] [D] [Singular-DEBUG] Switched targets!
[20:20:19.552] [D] [Singular-DEBUG] Melee Distance: 5
[20:20:19.552] [D] [Singular-DEBUG] Health: 61.785714285714285
[20:20:19.552] [D] [Singular-DEBUG] Level: 27
[20:20:23.133] [N] [Singular] Currect target is invalid. Switching to Leprous Machinesmith!
[20:20:23.290] [D] [Pulse] Slow plugin: name=Tidy Bags 3 Reloaded elapsed=22ms
[20:20:23.460] [D] [Singular-DEBUG] Switched targets!
[20:20:23.460] [D] [Singular-DEBUG] Melee Distance: 5
[20:20:23.460] [D] [Singular-DEBUG] Health: 19.047619047619047
[20:20:23.460] [D] [Singular-DEBUG] Level: 27
[20:20:24.573] [N] [Singular] Casting Judgement of Light on Leprous Machinesmith
[20:20:24.573] [D] Spell_C::CastSpell(20271, 0, 0xF13000185000015A, 0)
[20:20:25.070] [N] [Singular] Currect target is invalid. Switching to Leprous Machinesmith!
[20:20:25.406] [D] [Singular-DEBUG] Switched targets!
[20:20:25.406] [D] [Singular-DEBUG] Melee Distance: 5
[20:20:25.406] [D] [Singular-DEBUG] Health: 42.61904761904762
[20:20:25.406] [D] [Singular-DEBUG] Level: 27
[20:20:27.358] [N] Drinking Melon Juice
[20:20:28.922] [N] [AutoEquip]: Loot roll in progress
[20:20:28.947] [N] [AutoEquip]: Rolling Greed
[20:20:33.755] [D] [Pulse] Slow plugin: name=AutoEquip2 elapsed=53ms
[20:20:46.048] [D] [Pulse] Slow plugin: name=Tidy Bags 3 Reloaded elapsed=38ms
[20:20:53.775] [D] [Pulse] Slow plugin: name=AutoEquip2 elapsed=39ms
[20:21:01.578] [D] [Singular-DEBUG] Switched targets!
[20:21:01.578] [D] [Singular-DEBUG] Melee Distance: 5.3333335
[20:21:01.578] [D] [Singular-DEBUG] Health: 100
[20:21:01.578] [D] [Singular-DEBUG] Level: 28
[20:21:03.422] [N] [Singular] Casting Exorcism on Mekgineer Thermaplugg
[20:21:03.422] [D] Spell_C::CastSpell(879, 0, 0xF130001E78000193, 0)
[20:21:04.750] [D] [Singular-DEBUG] Mekgineer Thermaplugg is immune to Nature spell school
[20:21:05.276] [N] [Singular] Casting Judgement of Light on Mekgineer Thermaplugg
[20:21:05.276] [D] Spell_C::CastSpell(20271, 0, 0xF130001E78000193, 0)
[20:21:06.948] [D] [Singular-DEBUG] Mekgineer Thermaplugg is immune to Nature spell school
[20:21:10.179] [D] [Singular-DEBUG] Mekgineer Thermaplugg is immune to Arcane spell school
[20:21:13.606] [N] [Singular] Casting Judgement of Light on Mekgineer Thermaplugg
[20:21:13.606] [D] Spell_C::CastSpell(20271, 0, 0xF130001E78000193, 0)
[20:21:17.773] [V] We are stuck! (TPS: 10.5, Latency: 0, loc: (-541.35, 671.49, -325.27))!
[20:21:17.782] [D] Nearest game object, distance 34.17 yards, entry 142219, type Button, name Button
[20:21:17.789] [V] Trying jump
[20:21:17.994] [D] Flushing timed movement. Direction: Forward, JumpAscend
[20:21:20.265] [N] [Singular] Casting Exorcism on Mekgineer Thermaplugg
[20:21:20.265] [D] Spell_C::CastSpell(879, 0, 0xF130001E78000193, 0)
[20:21:20.956] [D] [Singular-DEBUG] Mekgineer Thermaplugg is immune to Nature spell school
[20:21:22.167] [N] [Singular] Casting Judgement of Light on Mekgineer Thermaplugg
[20:21:22.167] [D] Spell_C::CastSpell(20271, 0, 0xF130001E78000193, 0)
[20:21:23.392] [D] [Singular-DEBUG] Mekgineer Thermaplugg is immune to Arcane spell school
[20:21:26.933] [D] [Singular-DEBUG] Mekgineer Thermaplugg is immune to Frost spell school
[20:21:27.573] [D] [Pulse] Slow plugin: name=Tidy Bags 3 Reloaded elapsed=75ms
[20:21:28.626] [N] [TidyBags 3]: Using Satchel of Helpful Goods we have 1
[20:21:29.333] [N] [AutoEquip]: Equipping Hand "Earthbound Handgrips" instead of "Soldier's Gauntlets" - it scored 36.1275 while the old scored 21.4296
[20:21:29.390] [N] [AutoEquip]: Equipping Hand "Earthbound Handgrips" instead of "Soldier's Gauntlets" - it scored 36.1275 while the old scored 21.4296
[20:21:29.441] [N] [AutoEquip]: Equipping Hand "Earthbound Handgrips" instead of "Soldier's Gauntlets" - it scored 36.1275 while the old scored 21.4296
[20:21:29.479] [D] [Pulse] Slow shared pulse: total=222ms movement=0 objects=0 lua=188 info=0 loot=2 targeting=18 events=0 plugins=12 routine=0
[20:21:29.537] [N] [AutoEquip]: Loot roll in progress
[20:21:29.554] [N] [AutoEquip]: Equipped item in slot:MainHandSlot scored 72.66235 while loot-roll item scored:129.64758
[20:21:29.560] [N] [AutoEquip]: Rolling Greed
[20:21:31.511] [D] System.NullReferenceException: Object reference not set to an instance of an object.
   at Singular.Helpers.Unit.IsBoss(WoWUnit unit)
   at Singular.ClassSpecific.Paladin.Retribution.<>c.<CreateRetributionPaladinInstancePullAndCombat>b__4_7(Object ret)
   at Singular.Helpers.Spell.<>c__DisplayClass18_0.<Cast>b__0(Object ret)
   at TreeSharp.Decorator.Execute(Object context)+MoveNext()
   at TreeSharp.Composite.Tick(Object context)
[20:21:31.511] [D] System.NullReferenceException: Object reference not set to an instance of an object.
   at Singular.ClassSpecific.Paladin.Retribution.<>c.<CreateRetributionPaladinInstancePullAndCombat>b__4_12(Object ret)
   at Singular.Helpers.Spell.<>c__DisplayClass18_0.<Cast>b__0(Object ret)
   at TreeSharp.Decorator.Execute(Object context)+MoveNext()
   at TreeSharp.Composite.Tick(Object context)
[20:21:31.515] [D] System.NullReferenceException: Object reference not set to an instance of an object.
   at Singular.ClassSpecific.Paladin.Retribution.<>c.<CreateRetributionPaladinInstancePullAndCombat>b__4_14(Object ret)
   at Singular.Helpers.Spell.<>c__DisplayClass18_0.<Cast>b__0(Object ret)
   at TreeSharp.Decorator.Execute(Object context)+MoveNext()
   at TreeSharp.Composite.Tick(Object context)
[20:21:31.520] [D] System.NullReferenceException: Object reference not set to an instance of an object.
   at Singular.ClassSpecific.Paladin.Retribution.<>c.<CreateRetributionPaladinInstancePullAndCombat>b__4_16(Object ret)
   at Singular.Helpers.Spell.<>c__DisplayClass18_0.<Cast>b__0(Object ret)
   at TreeSharp.Decorator.Execute(Object context)+MoveNext()
   at TreeSharp.Composite.Tick(Object context)
[20:21:33.933] [D] [Pulse] Slow plugin: name=AutoEquip2 elapsed=61ms
[20:21:38.127] [N] Stopping the bot!
[20:21:38.128] [N] Bot stopping! Reason: User request
[20:21:38.129] [D] Exception in TraceLine: Thread was interrupted from a waiting state.
[20:21:38.154] [D] [Pulse] Slow bot root: 117ms bot=Combat Bot poi=None combat=False
[20:21:38.154] [D] Cleared POI
[20:21:38.154] [D] Worker thread exited cleanly
[20:21:57.042] [D] [Settings] Saved all settings
[20:21:57.042] [N] Starting the bot.
[20:21:57.043] [N] Currently Using BotBase : Combat Bot
[20:21:57.043] [N] Character is a level 27 BloodElf Paladin
[20:21:57.044] [N] Current zone is Thousand Needles
[20:21:57.044] [D] Loading profile from D:\World of Warcraft 3.3.5a\CB\Bots\WholesomeAutoQuest\WHOLESOME_AUTOQUESTER.xml
[20:21:57.045] [D] [CompileBatch] Compiling 1 entries...
[20:21:57.119] [D] [CompileBatch] Compiled successfully.
[20:21:57.119] [N] Profile loaded: WholesomeAQ - Thousand Needles
[20:21:57.578] [D] [QuestLog] Loaded 77 completed quests from Lua fallback
[20:21:57.613] [D] Selected sub-profile: WholesomeAQ - Thousand Needles (L1-80)
[20:21:57.681] [D] Setting CVars: autoSelfCast=1, autoLootDefault=1
[20:21:57.746] [D] Cleared POI
[20:21:57.746] [D] Refresh() called. LastCount=0, CurrentCount=34
[20:21:57.746] [N] Building spell book
[20:21:57.747] [D] Found 34 spells from LocalPlayer.KnownSpells
[20:21:57.747] [N] Adding Arcane Affinity
[20:21:57.748] [N] Adding Arcane Torrent
[20:21:57.748] [N] Adding Auto Attack
[20:21:57.748] [N] Adding Block
[20:21:57.749] [N] Adding Dodge
[20:21:57.749] [N] Adding Magic Resistance
[20:21:57.750] [N] Adding Parry
[20:21:57.750] [N] Adding Blessing of Wisdom
[20:21:57.751] [N] Adding Concentration Aura
[20:21:57.751] [N] Adding Consecration
[20:21:57.752] [N] Adding Exorcism
[20:21:57.752] [N] Adding Flash of Light
[20:21:57.752] [N] Adding Holy Light
[20:21:57.753] [N] Adding Lay on Hands
[20:21:57.753] [N] Adding Purify
[20:21:57.754] [N] Adding Seal of Righteousness
[20:21:57.754] [N] Adding Sense Undead
[20:21:57.755] [N] Adding Turn Evil
[20:21:57.755] [N] Adding Blessing of Kings
[20:21:57.756] [N] Adding Devotion Aura
[20:21:57.756] [N] Adding Divine Protection
[20:21:57.756] [N] Adding Hammer of Justice
[20:21:57.757] [N] Adding Hand of Freedom
[20:21:57.757] [N] Adding Hand of Protection
[20:21:57.758] [N] Adding Hand of Reckoning
[20:21:57.758] [N] Adding Hand of Salvation
[20:21:57.759] [N] Adding Righteous Defense
[20:21:57.759] [N] Adding Righteous Fury
[20:21:57.759] [N] Adding Seal of Justice
[20:21:57.760] [N] Adding Blessing of Might
[20:21:57.760] [N] Adding Judgement of Light
[20:21:57.761] [N] Adding Judgement of Wisdom
[20:21:57.761] [N] Adding Retribution Aura
[20:21:57.762] [N] Adding Seal of Command
[20:21:57.762] [N] Spell book built
[20:21:57.763] [D] [SpellManager] Initialize — subscribed to BotEvents.OnBotStart
[20:21:57.763] [D] Default area costs set (Road=1.0, Ground=1.66)
[20:21:57.763] [D] Faction filter set: Horde (excluding Alliance paths)
[20:21:57.764] [D] Refresh() called. LastCount=0, CurrentCount=34
[20:21:57.764] [N] Building spell book
[20:21:57.764] [D] Found 34 spells from LocalPlayer.KnownSpells
[20:21:57.764] [N] Adding Arcane Affinity
[20:21:57.765] [N] Adding Arcane Torrent
[20:21:57.765] [N] Adding Auto Attack
[20:21:57.771] [N] Adding Block
[20:21:57.772] [N] Adding Dodge
[20:21:57.772] [N] Adding Magic Resistance
[20:21:57.773] [N] Adding Parry
[20:21:57.773] [N] Adding Blessing of Wisdom
[20:21:57.774] [N] Adding Concentration Aura
[20:21:57.774] [N] Adding Consecration
[20:21:57.775] [N] Adding Exorcism
[20:21:57.775] [N] Adding Flash of Light
[20:21:57.776] [N] Adding Holy Light
[20:21:57.776] [N] Adding Lay on Hands
[20:21:57.776] [N] Adding Purify
[20:21:57.777] [N] Adding Seal of Righteousness
[20:21:57.777] [N] Adding Sense Undead
[20:21:57.778] [N] Adding Turn Evil
[20:21:57.778] [N] Adding Blessing of Kings
[20:21:57.779] [N] Adding Devotion Aura
[20:21:57.779] [N] Adding Divine Protection
[20:21:57.780] [N] Adding Hammer of Justice
[20:21:57.780] [N] Adding Hand of Freedom
[20:21:57.781] [N] Adding Hand of Protection
[20:21:57.781] [N] Adding Hand of Reckoning
[20:21:57.782] [N] Adding Hand of Salvation
[20:21:57.782] [N] Adding Righteous Defense
[20:21:57.783] [N] Adding Righteous Fury
[20:21:57.783] [N] Adding Seal of Justice
[20:21:57.783] [N] Adding Blessing of Might
[20:21:57.784] [N] Adding Judgement of Light
[20:21:57.784] [N] Adding Judgement of Wisdom
[20:21:57.785] [N] Adding Retribution Aura
[20:21:57.785] [N] Adding Seal of Command
[20:21:57.786] [N] Spell book built
[20:21:57.787] [D] [SpellManager] Subscribed to LEARNED_SPELL_IN_TAB, ACTIVE_TALENT_GROUP_CHANGED
[20:21:57.787] [D] Refresh() called. LastCount=0, CurrentCount=34
[20:21:57.787] [N] Building spell book
[20:21:57.788] [D] Found 34 spells from LocalPlayer.KnownSpells
[20:21:57.788] [N] Adding Arcane Affinity
[20:21:57.788] [N] Adding Arcane Torrent
[20:21:57.789] [N] Adding Auto Attack
[20:21:57.789] [N] Adding Block
[20:21:57.790] [N] Adding Dodge
[20:21:57.790] [N] Adding Magic Resistance
[20:21:57.791] [N] Adding Parry
[20:21:57.791] [N] Adding Blessing of Wisdom
[20:21:57.792] [N] Adding Concentration Aura
[20:21:57.792] [N] Adding Consecration
[20:21:57.792] [N] Adding Exorcism
[20:21:57.793] [N] Adding Flash of Light
[20:21:57.793] [N] Adding Holy Light
[20:21:57.794] [N] Adding Lay on Hands
[20:21:57.795] [N] Adding Purify
[20:21:57.795] [N] Adding Seal of Righteousness
[20:21:57.796] [N] Adding Sense Undead
[20:21:57.796] [N] Adding Turn Evil
[20:21:57.797] [N] Adding Blessing of Kings
[20:21:57.797] [N] Adding Devotion Aura
[20:21:57.798] [N] Adding Divine Protection
[20:21:57.798] [N] Adding Hammer of Justice
[20:21:57.799] [N] Adding Hand of Freedom
[20:21:57.799] [N] Adding Hand of Protection
[20:21:57.800] [N] Adding Hand of Reckoning
[20:21:57.800] [N] Adding Hand of Salvation
[20:21:57.801] [N] Adding Righteous Defense
[20:21:57.801] [N] Adding Righteous Fury
[20:21:57.802] [N] Adding Seal of Justice
[20:21:57.805] [N] Adding Blessing of Might
[20:21:57.806] [N] Adding Judgement of Light
[20:21:57.806] [N] Adding Judgement of Wisdom
[20:21:57.807] [N] Adding Retribution Aura
[20:21:57.808] [N] Adding Seal of Command
[20:21:57.808] [N] Spell book built
[20:21:57.809] [D] [SpellManager] Subscribed to LEARNED_SPELL_IN_TAB, ACTIVE_TALENT_GROUP_CHANGED
[20:21:57.809] [D] Refresh() called. LastCount=0, CurrentCount=34
[20:21:57.809] [N] Building spell book
[20:21:57.810] [D] Found 34 spells from LocalPlayer.KnownSpells
[20:21:57.810] [N] Adding Arcane Affinity
[20:21:57.810] [N] Adding Arcane Torrent
[20:21:57.811] [N] Adding Auto Attack
[20:21:57.812] [N] Adding Block
[20:21:57.812] [N] Adding Dodge
[20:21:57.813] [N] Adding Magic Resistance
[20:21:57.813] [N] Adding Parry
[20:21:57.814] [N] Adding Blessing of Wisdom
[20:21:57.814] [N] Adding Concentration Aura
[20:21:57.815] [N] Adding Consecration
[20:21:57.815] [N] Adding Exorcism
[20:21:57.816] [N] Adding Flash of Light
[20:21:57.816] [N] Adding Holy Light
[20:21:57.817] [N] Adding Lay on Hands
[20:21:57.817] [N] Adding Purify
[20:21:57.818] [N] Adding Seal of Righteousness
[20:21:57.818] [N] Adding Sense Undead
[20:21:57.819] [N] Adding Turn Evil
[20:21:57.819] [N] Adding Blessing of Kings
[20:21:57.820] [N] Adding Devotion Aura
[20:21:57.820] [N] Adding Divine Protection
[20:21:57.821] [N] Adding Hammer of Justice
[20:21:57.822] [N] Adding Hand of Freedom
[20:21:57.822] [N] Adding Hand of Protection
[20:21:57.823] [N] Adding Hand of Reckoning
[20:21:57.823] [N] Adding Hand of Salvation
[20:21:57.824] [N] Adding Righteous Defense
[20:21:57.824] [N] Adding Righteous Fury
[20:21:57.825] [N] Adding Seal of Justice
[20:21:57.825] [N] Adding Blessing of Might
[20:21:57.826] [N] Adding Judgement of Light
[20:21:57.827] [N] Adding Judgement of Wisdom
[20:21:57.827] [N] Adding Retribution Aura
[20:21:57.828] [N] Adding Seal of Command
[20:21:57.828] [N] Spell book built
[20:21:57.829] [D] [SpellManager] Subscribed to LEARNED_SPELL_IN_TAB, ACTIVE_TALENT_GROUP_CHANGED
[20:21:57.829] [D] Refresh() called. LastCount=0, CurrentCount=34
[20:21:57.829] [N] Building spell book
[20:21:57.830] [D] Found 34 spells from LocalPlayer.KnownSpells
[20:21:57.830] [N] Adding Arcane Affinity
[20:21:57.831] [N] Adding Arcane Torrent
[20:21:57.832] [N] Adding Auto Attack
[20:21:57.833] [N] Adding Block
[20:21:57.833] [N] Adding Dodge
[20:21:57.834] [N] Adding Magic Resistance
[20:21:57.834] [N] Adding Parry
[20:21:57.835] [N] Adding Blessing of Wisdom
[20:21:57.835] [N] Adding Concentration Aura
[20:21:57.836] [N] Adding Consecration
[20:21:57.837] [N] Adding Exorcism
[20:21:57.837] [N] Adding Flash of Light
[20:21:57.838] [N] Adding Holy Light
[20:21:57.838] [N] Adding Lay on Hands
[20:21:57.839] [N] Adding Purify
[20:21:57.839] [N] Adding Seal of Righteousness
[20:21:57.840] [N] Adding Sense Undead
[20:21:57.841] [N] Adding Turn Evil
[20:21:57.841] [N] Adding Blessing of Kings
[20:21:57.842] [N] Adding Devotion Aura
[20:21:57.842] [N] Adding Divine Protection
[20:21:57.843] [N] Adding Hammer of Justice
[20:21:57.843] [N] Adding Hand of Freedom
[20:21:57.844] [N] Adding Hand of Protection
[20:21:57.845] [N] Adding Hand of Reckoning
[20:21:57.845] [N] Adding Hand of Salvation
[20:21:57.846] [N] Adding Righteous Defense
[20:21:57.846] [N] Adding Righteous Fury
[20:21:57.847] [N] Adding Seal of Justice
[20:21:57.848] [N] Adding Blessing of Might
[20:21:57.848] [N] Adding Judgement of Light
[20:21:57.849] [N] Adding Judgement of Wisdom
[20:21:57.849] [N] Adding Retribution Aura
[20:21:57.850] [N] Adding Seal of Command
[20:21:57.851] [N] Spell book built
[20:21:57.851] [D] [SpellManager] Subscribed to LEARNED_SPELL_IN_TAB, ACTIVE_TALENT_GROUP_CHANGED
[20:21:57.852] [D] Refresh() called. LastCount=0, CurrentCount=34
[20:21:57.852] [N] Building spell book
[20:21:57.853] [D] Found 34 spells from LocalPlayer.KnownSpells
[20:21:57.853] [N] Adding Arcane Affinity
[20:21:57.853] [N] Adding Arcane Torrent
[20:21:57.854] [N] Adding Auto Attack
[20:21:57.854] [N] Adding Block
[20:21:57.855] [N] Adding Dodge
[20:21:57.856] [N] Adding Magic Resistance
[20:21:57.856] [N] Adding Parry
[20:21:57.857] [N] Adding Blessing of Wisdom
[20:21:57.858] [N] Adding Concentration Aura
[20:21:57.859] [N] Adding Consecration
[20:21:57.859] [N] Adding Exorcism
[20:21:57.860] [N] Adding Flash of Light
[20:21:57.861] [N] Adding Holy Light
[20:21:57.861] [N] Adding Lay on Hands
[20:21:57.862] [N] Adding Purify
[20:21:57.862] [N] Adding Seal of Righteousness
[20:21:57.863] [N] Adding Sense Undead
[20:21:57.864] [N] Adding Turn Evil
[20:21:57.864] [N] Adding Blessing of Kings
[20:21:57.865] [N] Adding Devotion Aura
[20:21:57.866] [N] Adding Divine Protection
[20:21:57.866] [N] Adding Hammer of Justice
[20:21:57.867] [N] Adding Hand of Freedom
[20:21:57.867] [N] Adding Hand of Protection
[20:21:57.868] [N] Adding Hand of Reckoning
[20:21:57.869] [N] Adding Hand of Salvation
[20:21:57.869] [N] Adding Righteous Defense
[20:21:57.870] [N] Adding Righteous Fury
[20:21:57.871] [N] Adding Seal of Justice
[20:21:57.871] [N] Adding Blessing of Might
[20:21:57.872] [N] Adding Judgement of Light
[20:21:57.872] [N] Adding Judgement of Wisdom
[20:21:57.873] [N] Adding Retribution Aura
[20:21:57.874] [N] Adding Seal of Command
[20:21:57.875] [N] Spell book built
[20:21:57.875] [D] [SpellManager] Subscribed to LEARNED_SPELL_IN_TAB, ACTIVE_TALENT_GROUP_CHANGED
[20:21:57.876] [D] Refresh() called. LastCount=0, CurrentCount=34
[20:21:57.876] [N] Building spell book
[20:21:57.876] [D] Found 34 spells from LocalPlayer.KnownSpells
[20:21:57.876] [N] Adding Arcane Affinity
[20:21:57.877] [N] Adding Arcane Torrent
[20:21:57.878] [N] Adding Auto Attack
[20:21:57.878] [N] Adding Block
[20:21:57.879] [N] Adding Dodge
[20:21:57.880] [N] Adding Magic Resistance
[20:21:57.880] [N] Adding Parry
[20:21:57.881] [N] Adding Blessing of Wisdom
[20:21:57.881] [N] Adding Concentration Aura
[20:21:57.882] [N] Adding Consecration
[20:21:57.883] [N] Adding Exorcism
[20:21:57.883] [N] Adding Flash of Light
[20:21:57.884] [N] Adding Holy Light
[20:21:57.885] [N] Adding Lay on Hands
[20:21:57.886] [N] Adding Purify
[20:21:57.887] [N] Adding Seal of Righteousness
[20:21:57.887] [N] Adding Sense Undead
[20:21:57.888] [N] Adding Turn Evil
[20:21:57.889] [N] Adding Blessing of Kings
[20:21:57.889] [N] Adding Devotion Aura
[20:21:57.890] [N] Adding Divine Protection
[20:21:57.891] [N] Adding Hammer of Justice
[20:21:57.891] [N] Adding Hand of Freedom
[20:21:57.892] [N] Adding Hand of Protection
[20:21:57.893] [N] Adding Hand of Reckoning
[20:21:57.893] [N] Adding Hand of Salvation
[20:21:57.894] [N] Adding Righteous Defense
[20:21:57.895] [N] Adding Righteous Fury
[20:21:57.895] [N] Adding Seal of Justice
[20:21:57.896] [N] Adding Blessing of Might
[20:21:57.897] [N] Adding Judgement of Light
[20:21:57.897] [N] Adding Judgement of Wisdom
[20:21:57.898] [N] Adding Retribution Aura
[20:21:57.899] [N] Adding Seal of Command
[20:21:57.900] [N] Spell book built
[20:21:57.900] [D] [SpellManager] Subscribed to LEARNED_SPELL_IN_TAB, ACTIVE_TALENT_GROUP_CHANGED
[20:21:57.901] [D] Refresh() called. LastCount=0, CurrentCount=34
[20:21:57.901] [N] Building spell book
[20:21:57.902] [D] Found 34 spells from LocalPlayer.KnownSpells
[20:21:57.902] [N] Adding Arcane Affinity
[20:21:57.902] [N] Adding Arcane Torrent
[20:21:57.903] [N] Adding Auto Attack
[20:21:57.904] [N] Adding Block
[20:21:57.904] [N] Adding Dodge
[20:21:57.905] [N] Adding Magic Resistance
[20:21:57.906] [N] Adding Parry
[20:21:57.906] [N] Adding Blessing of Wisdom
[20:21:57.907] [N] Adding Concentration Aura
[20:21:57.908] [N] Adding Consecration
[20:21:57.908] [N] Adding Exorcism
[20:21:57.909] [N] Adding Flash of Light
[20:21:57.910] [N] Adding Holy Light
[20:21:57.911] [N] Adding Lay on Hands
[20:21:57.912] [N] Adding Purify
[20:21:57.913] [N] Adding Seal of Righteousness
[20:21:57.913] [N] Adding Sense Undead
[20:21:57.914] [N] Adding Turn Evil
[20:21:57.915] [N] Adding Blessing of Kings
[20:21:57.915] [N] Adding Devotion Aura
[20:21:57.916] [N] Adding Divine Protection
[20:21:57.917] [N] Adding Hammer of Justice
[20:21:57.918] [N] Adding Hand of Freedom
[20:21:57.918] [N] Adding Hand of Protection
[20:21:57.919] [N] Adding Hand of Reckoning
[20:21:57.920] [N] Adding Hand of Salvation
[20:21:57.920] [N] Adding Righteous Defense
[20:21:57.921] [N] Adding Righteous Fury
[20:21:57.922] [N] Adding Seal of Justice
[20:21:57.923] [N] Adding Blessing of Might
[20:21:57.923] [N] Adding Judgement of Light
[20:21:57.924] [N] Adding Judgement of Wisdom
[20:21:57.925] [N] Adding Retribution Aura
[20:21:57.926] [N] Adding Seal of Command
[20:21:57.927] [N] Spell book built
[20:21:57.927] [D] [SpellManager] Subscribed to LEARNED_SPELL_IN_TAB, ACTIVE_TALENT_GROUP_CHANGED
[20:21:57.928] [D] Refresh() called. LastCount=0, CurrentCount=34
[20:21:57.928] [N] Building spell book
[20:21:57.929] [D] Found 34 spells from LocalPlayer.KnownSpells
[20:21:57.929] [N] Adding Arcane Affinity
[20:21:57.929] [N] Adding Arcane Torrent
[20:21:57.930] [N] Adding Auto Attack
[20:21:57.931] [N] Adding Block
[20:21:57.932] [N] Adding Dodge
[20:21:57.932] [N] Adding Magic Resistance
[20:21:57.933] [N] Adding Parry
[20:21:57.934] [N] Adding Blessing of Wisdom
[20:21:57.935] [N] Adding Concentration Aura
[20:21:57.936] [N] Adding Consecration
[20:21:57.937] [N] Adding Exorcism
[20:21:57.938] [N] Adding Flash of Light
[20:21:57.938] [N] Adding Holy Light
[20:21:57.939] [N] Adding Lay on Hands
[20:21:57.940] [N] Adding Purify
[20:21:57.940] [N] Adding Seal of Righteousness
[20:21:57.941] [N] Adding Sense Undead
[20:21:57.942] [N] Adding Turn Evil
[20:21:57.943] [N] Adding Blessing of Kings
[20:21:57.943] [N] Adding Devotion Aura
[20:21:57.944] [N] Adding Divine Protection
[20:21:57.945] [N] Adding Hammer of Justice
[20:21:57.946] [N] Adding Hand of Freedom
[20:21:57.946] [N] Adding Hand of Protection
[20:21:57.947] [N] Adding Hand of Reckoning
[20:21:57.948] [N] Adding Hand of Salvation
[20:21:57.949] [N] Adding Righteous Defense
[20:21:57.949] [N] Adding Righteous Fury
[20:21:57.950] [N] Adding Seal of Justice
[20:21:57.951] [N] Adding Blessing of Might
[20:21:57.952] [N] Adding Judgement of Light
[20:21:57.952] [N] Adding Judgement of Wisdom
[20:21:57.953] [N] Adding Retribution Aura
[20:21:57.954] [N] Adding Seal of Command
[20:21:57.955] [N] Spell book built
[20:21:57.956] [D] [SpellManager] Subscribed to LEARNED_SPELL_IN_TAB, ACTIVE_TALENT_GROUP_CHANGED
[20:21:57.956] [D] Refresh() called. LastCount=0, CurrentCount=34
[20:21:57.956] [N] Building spell book
[20:21:57.957] [D] Found 34 spells from LocalPlayer.KnownSpells
[20:21:57.957] [N] Adding Arcane Affinity
[20:21:57.957] [N] Adding Arcane Torrent
[20:21:57.958] [N] Adding Auto Attack
[20:21:57.959] [N] Adding Block
[20:21:57.960] [N] Adding Dodge
[20:21:57.961] [N] Adding Magic Resistance
[20:21:57.962] [N] Adding Parry
[20:21:57.963] [N] Adding Blessing of Wisdom
[20:21:57.964] [N] Adding Concentration Aura
[20:21:57.964] [N] Adding Consecration
[20:21:57.965] [N] Adding Exorcism
[20:21:57.966] [N] Adding Flash of Light
[20:21:57.967] [N] Adding Holy Light
[20:21:57.968] [N] Adding Lay on Hands
[20:21:57.969] [N] Adding Purify
[20:21:57.970] [N] Adding Seal of Righteousness
[20:21:57.970] [N] Adding Sense Undead
[20:21:57.971] [N] Adding Turn Evil
[20:21:57.972] [N] Adding Blessing of Kings
[20:21:57.973] [N] Adding Devotion Aura
[20:21:57.974] [N] Adding Divine Protection
[20:21:57.974] [N] Adding Hammer of Justice
[20:21:57.975] [N] Adding Hand of Freedom
[20:21:57.976] [N] Adding Hand of Protection
[20:21:57.977] [N] Adding Hand of Reckoning
[20:21:57.977] [N] Adding Hand of Salvation
[20:21:57.978] [N] Adding Righteous Defense
[20:21:57.979] [N] Adding Righteous Fury
[20:21:57.980] [N] Adding Seal of Justice
[20:21:57.981] [N] Adding Blessing of Might
[20:21:57.981] [N] Adding Judgement of Light
[20:21:57.982] [N] Adding Judgement of Wisdom
[20:21:57.983] [N] Adding Retribution Aura
[20:21:57.984] [N] Adding Seal of Command
[20:21:57.985] [N] Spell book built
[20:21:57.986] [D] [SpellManager] Subscribed to LEARNED_SPELL_IN_TAB, ACTIVE_TALENT_GROUP_CHANGED
[20:21:57.986] [D] Refresh() called. LastCount=0, CurrentCount=34
[20:21:57.986] [N] Building spell book
[20:21:57.988] [D] Found 34 spells from LocalPlayer.KnownSpells
[20:21:57.988] [N] Adding Arcane Affinity
[20:21:57.989] [N] Adding Arcane Torrent
[20:21:57.990] [N] Adding Auto Attack
[20:21:57.990] [N] Adding Block
[20:21:57.991] [N] Adding Dodge
[20:21:57.992] [N] Adding Magic Resistance
[20:21:57.993] [N] Adding Parry
[20:21:57.994] [N] Adding Blessing of Wisdom
[20:21:57.994] [N] Adding Concentration Aura
[20:21:57.995] [N] Adding Consecration
[20:21:57.996] [N] Adding Exorcism
[20:21:57.997] [N] Adding Flash of Light
[20:21:57.998] [N] Adding Holy Light
[20:21:57.999] [N] Adding Lay on Hands
[20:21:57.999] [N] Adding Purify
[20:21:58.000] [N] Adding Seal of Righteousness
[20:21:58.001] [N] Adding Sense Undead
[20:21:58.002] [N] Adding Turn Evil
[20:21:58.003] [N] Adding Blessing of Kings
[20:21:58.004] [N] Adding Devotion Aura
[20:21:58.004] [N] Adding Divine Protection
[20:21:58.005] [N] Adding Hammer of Justice
[20:21:58.006] [N] Adding Hand of Freedom
[20:21:58.007] [N] Adding Hand of Protection
[20:21:58.008] [N] Adding Hand of Reckoning
[20:21:58.008] [N] Adding Hand of Salvation
[20:21:58.009] [N] Adding Righteous Defense
[20:21:58.010] [N] Adding Righteous Fury
[20:21:58.011] [N] Adding Seal of Justice
[20:21:58.012] [N] Adding Blessing of Might
[20:21:58.013] [N] Adding Judgement of Light
[20:21:58.014] [N] Adding Judgement of Wisdom
[20:21:58.015] [N] Adding Retribution Aura
[20:21:58.016] [N] Adding Seal of Command
[20:21:58.017] [N] Spell book built
[20:21:58.018] [D] [SpellManager] Subscribed to LEARNED_SPELL_IN_TAB, ACTIVE_TALENT_GROUP_CHANGED
[20:21:58.018] [D] Refresh() called. LastCount=0, CurrentCount=34
[20:21:58.018] [N] Building spell book
[20:21:58.019] [D] Found 34 spells from LocalPlayer.KnownSpells
[20:21:58.019] [N] Adding Arcane Affinity
[20:21:58.020] [N] Adding Arcane Torrent
[20:21:58.021] [N] Adding Auto Attack
[20:21:58.022] [N] Adding Block
[20:21:58.023] [N] Adding Dodge
[20:21:58.024] [N] Adding Magic Resistance
[20:21:58.025] [N] Adding Parry
[20:21:58.025] [N] Adding Blessing of Wisdom
[20:21:58.026] [N] Adding Concentration Aura
[20:21:58.027] [N] Adding Consecration
[20:21:58.028] [N] Adding Exorcism
[20:21:58.029] [N] Adding Flash of Light
[20:21:58.030] [N] Adding Holy Light
[20:21:58.030] [N] Adding Lay on Hands
[20:21:58.031] [N] Adding Purify
[20:21:58.032] [N] Adding Seal of Righteousness
[20:21:58.033] [N] Adding Sense Undead
[20:21:58.034] [N] Adding Turn Evil
[20:21:58.035] [N] Adding Blessing of Kings
[20:21:58.036] [N] Adding Devotion Aura
[20:21:58.036] [N] Adding Divine Protection
[20:21:58.037] [N] Adding Hammer of Justice
[20:21:58.038] [N] Adding Hand of Freedom
[20:21:58.039] [N] Adding Hand of Protection
[20:21:58.041] [N] Adding Hand of Reckoning
[20:21:58.042] [N] Adding Hand of Salvation
[20:21:58.043] [N] Adding Righteous Defense
[20:21:58.044] [N] Adding Righteous Fury
[20:21:58.044] [N] Adding Seal of Justice
[20:21:58.045] [N] Adding Blessing of Might
[20:21:58.046] [N] Adding Judgement of Light
[20:21:58.047] [N] Adding Judgement of Wisdom
[20:21:58.048] [N] Adding Retribution Aura
[20:21:58.049] [N] Adding Seal of Command
[20:21:58.050] [N] Spell book built
[20:21:58.051] [D] [SpellManager] Subscribed to LEARNED_SPELL_IN_TAB, ACTIVE_TALENT_GROUP_CHANGED
[20:21:58.051] [D] Refresh() called. LastCount=0, CurrentCount=34
[20:21:58.051] [N] Building spell book
[20:21:58.052] [D] Found 34 spells from LocalPlayer.KnownSpells
[20:21:58.052] [N] Adding Arcane Affinity
[20:21:58.053] [N] Adding Arcane Torrent
[20:21:58.054] [N] Adding Auto Attack
[20:21:58.055] [N] Adding Block
[20:21:58.056] [N] Adding Dodge
[20:21:58.057] [N] Adding Magic Resistance
[20:21:58.058] [N] Adding Parry
[20:21:58.058] [N] Adding Blessing of Wisdom
[20:21:58.059] [N] Adding Concentration Aura
[20:21:58.060] [N] Adding Consecration
[20:21:58.061] [N] Adding Exorcism
[20:21:58.062] [N] Adding Flash of Light
[20:21:58.063] [N] Adding Holy Light
[20:21:58.064] [N] Adding Lay on Hands
[20:21:58.065] [N] Adding Purify
[20:21:58.066] [N] Adding Seal of Righteousness
[20:21:58.066] [N] Adding Sense Undead
[20:21:58.069] [N] Adding Turn Evil
[20:21:58.070] [N] Adding Blessing of Kings
[20:21:58.071] [N] Adding Devotion Aura
[20:21:58.072] [N] Adding Divine Protection
[20:21:58.073] [N] Adding Hammer of Justice
[20:21:58.074] [N] Adding Hand of Freedom
[20:21:58.075] [N] Adding Hand of Protection
[20:21:58.076] [N] Adding Hand of Reckoning
[20:21:58.077] [N] Adding Hand of Salvation
[20:21:58.078] [N] Adding Righteous Defense
[20:21:58.079] [N] Adding Righteous Fury
[20:21:58.080] [N] Adding Seal of Justice
[20:21:58.081] [N] Adding Blessing of Might
[20:21:58.082] [N] Adding Judgement of Light
[20:21:58.083] [N] Adding Judgement of Wisdom
[20:21:58.084] [N] Adding Retribution Aura
[20:21:58.085] [N] Adding Seal of Command
[20:21:58.086] [N] Spell book built
[20:21:58.087] [D] [SpellManager] Subscribed to LEARNED_SPELL_IN_TAB, ACTIVE_TALENT_GROUP_CHANGED
[20:21:58.087] [D] Refresh() called. LastCount=0, CurrentCount=34
[20:21:58.087] [N] Building spell book
[20:21:58.088] [D] Found 34 spells from LocalPlayer.KnownSpells
[20:21:58.088] [N] Adding Arcane Affinity
[20:21:58.089] [N] Adding Arcane Torrent
[20:21:58.090] [N] Adding Auto Attack
[20:21:58.091] [N] Adding Block
[20:21:58.092] [N] Adding Dodge
[20:21:58.093] [N] Adding Magic Resistance
[20:21:58.094] [N] Adding Parry
[20:21:58.096] [N] Adding Blessing of Wisdom
[20:21:58.097] [N] Adding Concentration Aura
[20:21:58.098] [N] Adding Consecration
[20:21:58.099] [N] Adding Exorcism
[20:21:58.100] [N] Adding Flash of Light
[20:21:58.101] [N] Adding Holy Light
[20:21:58.102] [N] Adding Lay on Hands
[20:21:58.103] [N] Adding Purify
[20:21:58.103] [N] Adding Seal of Righteousness
[20:21:58.104] [N] Adding Sense Undead
[20:21:58.106] [N] Adding Turn Evil
[20:21:58.107] [N] Adding Blessing of Kings
[20:21:58.108] [N] Adding Devotion Aura
[20:21:58.109] [N] Adding Divine Protection
[20:21:58.110] [N] Adding Hammer of Justice
[20:21:58.110] [N] Adding Hand of Freedom
[20:21:58.111] [N] Adding Hand of Protection
[20:21:58.112] [N] Adding Hand of Reckoning
[20:21:58.113] [N] Adding Hand of Salvation
[20:21:58.114] [N] Adding Righteous Defense
[20:21:58.115] [N] Adding Righteous Fury
[20:21:58.116] [N] Adding Seal of Justice
[20:21:58.117] [N] Adding Blessing of Might
[20:21:58.118] [N] Adding Judgement of Light
[20:21:58.119] [N] Adding Judgement of Wisdom
[20:21:58.120] [N] Adding Retribution Aura
[20:21:58.122] [N] Adding Seal of Command
[20:21:58.124] [N] Spell book built
[20:21:58.125] [D] [SpellManager] Subscribed to LEARNED_SPELL_IN_TAB, ACTIVE_TALENT_GROUP_CHANGED
[20:21:58.125] [D] Refresh() called. LastCount=0, CurrentCount=34
[20:21:58.125] [N] Building spell book
[20:21:58.127] [D] Found 34 spells from LocalPlayer.KnownSpells
[20:21:58.127] [N] Adding Arcane Affinity
[20:21:58.128] [N] Adding Arcane Torrent
[20:21:58.129] [N] Adding Auto Attack
[20:21:58.130] [N] Adding Block
[20:21:58.131] [N] Adding Dodge
[20:21:58.132] [N] Adding Magic Resistance
[20:21:58.133] [N] Adding Parry
[20:21:58.134] [N] Adding Blessing of Wisdom
[20:21:58.135] [N] Adding Concentration Aura
[20:21:58.136] [N] Adding Consecration
[20:21:58.136] [N] Adding Exorcism
[20:21:58.137] [N] Adding Flash of Light
[20:21:58.138] [N] Adding Holy Light
[20:21:58.139] [N] Adding Lay on Hands
[20:21:58.140] [N] Adding Purify
[20:21:58.141] [N] Adding Seal of Righteousness
[20:21:58.142] [N] Adding Sense Undead
[20:21:58.143] [N] Adding Turn Evil
[20:21:58.144] [N] Adding Blessing of Kings
[20:21:58.145] [N] Adding Devotion Aura
[20:21:58.146] [N] Adding Divine Protection
[20:21:58.148] [N] Adding Hammer of Justice
[20:21:58.149] [N] Adding Hand of Freedom
[20:21:58.150] [N] Adding Hand of Protection
[20:21:58.151] [N] Adding Hand of Reckoning
[20:21:58.152] [N] Adding Hand of Salvation
[20:21:58.153] [N] Adding Righteous Defense
[20:21:58.154] [N] Adding Righteous Fury
[20:21:58.155] [N] Adding Seal of Justice
[20:21:58.156] [N] Adding Blessing of Might
[20:21:58.157] [N] Adding Judgement of Light
[20:21:58.158] [N] Adding Judgement of Wisdom
[20:21:58.159] [N] Adding Retribution Aura
[20:21:58.160] [N] Adding Seal of Command
[20:21:58.162] [N] Spell book built
[20:21:58.163] [D] [SpellManager] Subscribed to LEARNED_SPELL_IN_TAB, ACTIVE_TALENT_GROUP_CHANGED
[20:21:58.185] [N] [Singular] Context changed. New context: Normal. Rebuilding behaviors.
[20:21:58.185] [D] [Singular-DEBUG] Creating Combat behavior.
[20:21:58.186] [D] [Singular-DEBUG] CreateRetributionPaladinNormalPullAndCombat is a match!
[20:21:58.187] [N] [Singular]  Using CreateRetributionPaladinNormalPullAndCombat for Retribution Paladin - Combat (Priority: 0)
[20:21:58.188] [D] [Singular-DEBUG] Creating Pull behavior.
[20:21:58.189] [D] [Singular-DEBUG] CreateRetributionPaladinNormalPullAndCombat is a match!
[20:21:58.189] [N] [Singular]  Using CreateRetributionPaladinNormalPullAndCombat for Retribution Paladin - Pull (Priority: 0)
[20:21:58.190] [D] [Singular-DEBUG] Creating Rest behavior.
[20:21:58.191] [D] [Singular-DEBUG] CreateRetributionPaladinRest is a match!
[20:21:58.191] [N] [Singular]  Using CreateRetributionPaladinRest for Retribution Paladin - Rest (Priority: 0)
[20:21:58.192] [D] [Singular-DEBUG] Creating CombatBuffs behavior.
[20:21:58.193] [D] [Singular-DEBUG] Creating Heal behavior.
[20:21:58.194] [D] [Singular-DEBUG] CreateRetributionPaladinHeal is a match!
[20:21:58.194] [N] [Singular]  Using CreateRetributionPaladinHeal for Retribution Paladin - Heal (Priority: 0)
[20:21:58.194] [D] [Singular-DEBUG] CreateRetributionPaladinNormalPullAndCombat is a match!
[20:21:58.194] [N] [Singular]  Using CreateRetributionPaladinNormalPullAndCombat for Retribution Paladin - Heal (Priority: 0)
[20:21:58.195] [D] [Singular-DEBUG] Creating PullBuffs behavior.
[20:21:58.196] [D] [Singular-DEBUG] Creating PreCombatBuffs behavior.
[20:21:58.197] [D] [Singular-DEBUG] CreatePaladinPreCombatBuffs is a match!
[20:21:58.197] [N] [Singular]  Using CreatePaladinPreCombatBuffs for Retribution Paladin - PreCombatBuffs (Priority: 0)
[20:21:58.224] [N] [Singular] Currect target is invalid. Switching to Galak Scout!
[20:21:58.605] [D] [Singular-DEBUG] Switched targets!
[20:21:58.605] [D] [Singular-DEBUG] Melee Distance: 5
[20:21:58.606] [D] [Singular-DEBUG] Health: 100
[20:21:58.606] [D] [Singular-DEBUG] Level: 24
[20:21:58.896] [N] [Singular] Casting Judgement of Light on Galak Scout
[20:21:58.896] [D] Spell_C::CastSpell(20271, 0, 0xF130000FFE0105E5, 0)
[20:22:00.427] [N] [Singular] Casting Exorcism on Galak Scout
[20:22:00.427] [D] Spell_C::CastSpell(879, 0, 0xF130000FFE0105E5, 0)
[20:22:06.763] [D] [Pulse] Slow plugin: name=Tidy Bags 3 Reloaded elapsed=58ms
[20:22:07.191] [N] [Singular] Casting Judgement of Light on Galak Scout
[20:22:07.192] [D] Spell_C::CastSpell(20271, 0, 0xF130000FFE0105E5, 0)
[20:22:08.122] [D] [Pulse] Slow bot root: 552ms bot=Combat Bot poi=None combat=True
[20:22:16.233] [D] [Singular-DEBUG] Switched targets!
[20:22:16.233] [D] [Singular-DEBUG] Melee Distance: 5
[20:22:16.233] [D] [Singular-DEBUG] Health: 0
[20:22:16.233] [D] [Singular-DEBUG] Level: 24
[20:22:18.281] [D] [Pulse] Slow plugin: name=AutoEquip2 elapsed=54ms
[20:22:19.674] [N] Bot stopping! Reason: Main window is closing
[20:22:19.675] [D] Exception in TraceLine: Thread was interrupted from a waiting state.
[20:22:24.724] [N] Bot thread hung during window close
