[09:47:21.679] [N] CopilotBuddy v1.6.6 started. Original HonorBuddy by Apoc, raphus, highvoltz, bobby53, xanathos, chinajade. Ported to WotLK 3.3.5a by Likon69.
[09:47:22.028] [N] Searching for WoW process...
[09:47:22.131] [N] Please wait a few seconds while CopilotBuddy initializes.
[09:47:22.131] [D] Using WoW with process ID 25700
[09:47:22.131] [D] Platform: x86
[09:47:22.131] [D] Executable Path: D:\World of Warcraft 3.3.5a\CB\
[09:47:22.151] [D] [ObjectManager] WoW build 12340 detected - OK
[09:47:22.153] [D] [ObjectManager] D3DDevicePtr = 0x00C5DF88
[09:47:22.154] [D] [ObjectManager] devicePtrAddr = 0x052FCBD0
[09:47:22.154] [D] [ObjectManager] device = 0x0A4EFE60 (at 0x0530054C)
[09:47:22.154] [D] [ObjectManager] vtablePtr = 0x0A4F2DBC
[09:47:22.154] [D] [ObjectManager] endSceneAddr = 0x643348F0 (at 0x0A4F2E64)
[09:47:22.154] [D] [ObjectManager] D3D: Device=0x0A4EFE60, VTable=0x0A4F2DBC, EndScene=0x643348F0
[09:47:22.154] [D] [ObjectManager] Creating ExecutorRand...
[09:47:22.196] [D] [ObjectManager] ExecutorRand created, IsInitialized = True
[09:47:22.196] [D] [ObjectManager] EndScene hook succeeded
[09:47:22.201] [D] [ObjectManager] Initialized successfully
[09:47:22.202] [N] Attached to WoW with ID 25700
[09:47:22.204] [N] Character is a level 25 BloodElf Paladin
[09:47:22.205] [N] Current zone is Stonetalon Mountains
[09:47:22.218] [D] [Settings] Loaded settings for character: Jeof
[09:47:22.218] [N] Initializing Combat Routines...
[09:47:22.222] [D] Looking for routines in: D:\World of Warcraft 3.3.5a\CB\Routines
[09:47:22.222] [D] Compiling Singular wotlk
[09:47:24.569] [N] Loaded routine: Singular Wotlk for class Paladin
[09:47:24.570] [N] Loaded 1 combat routine(s)
[09:47:24.576] [N] Chose Singular Wotlk as your combat class.
[09:47:24.577] [N] Confirmed Paladin as your class.
[09:47:24.577] [N] [Singular] Starting Singular v2.0.0.0
[09:47:24.577] [N] [Singular] Determining talent spec.
[09:47:25.168] [D] [Singular-DEBUG] [Talents] Best Tree: 16
[09:47:25.168] [N] [Singular] Current spec is  Retribution Paladin
[09:47:25.178] [D] [WoWDb] Loaded 237 DBC tables
[09:47:25.178] [D] [WoWDb]   Key=235 (0x000000EB) Rows=1893
[09:47:25.178] [D] [WoWDb]   Key=236 (0x000000EC) Rows=7655
[09:47:25.178] [D] [WoWDb]   Key=237 (0x000000ED) Rows=86
[09:47:25.178] [D] [WoWDb]   Key=238 (0x000000EE) Rows=506
[09:47:25.178] [D] [WoWDb]   Key=239 (0x000000EF) Rows=291
[09:47:25.178] [D] [WoWDb] Lock DBC lookup: FOUND (rows=388)
[09:47:25.178] [D] [WoWDb] ClientDb.Lock enum value = 356 (0x00000164)
[09:47:25.179] [D] [Singular-DEBUG] Creating Combat behavior.
[09:47:25.180] [N] [Singular] Building method list
[09:47:25.181] [N] [Singular] Added 450 methods
[09:47:25.183] [D] [Singular-DEBUG] CreateRetributionPaladinNormalPullAndCombat is a match!
[09:47:25.183] [N] [Singular]  Using CreateRetributionPaladinNormalPullAndCombat for Retribution Paladin - Combat (Priority: 0)
[09:47:25.194] [D] [Singular-DEBUG] Creating Pull behavior.
[09:47:25.195] [D] [Singular-DEBUG] CreateRetributionPaladinNormalPullAndCombat is a match!
[09:47:25.195] [N] [Singular]  Using CreateRetributionPaladinNormalPullAndCombat for Retribution Paladin - Pull (Priority: 0)
[09:47:25.196] [D] [Singular-DEBUG] Creating Rest behavior.
[09:47:25.197] [D] [Singular-DEBUG] CreateRetributionPaladinRest is a match!
[09:47:25.197] [N] [Singular]  Using CreateRetributionPaladinRest for Retribution Paladin - Rest (Priority: 0)
[09:47:25.199] [D] [Singular-DEBUG] Creating CombatBuffs behavior.
[09:47:25.200] [D] [Singular-DEBUG] Creating Heal behavior.
[09:47:25.201] [D] [Singular-DEBUG] CreateRetributionPaladinHeal is a match!
[09:47:25.201] [N] [Singular]  Using CreateRetributionPaladinHeal for Retribution Paladin - Heal (Priority: 0)
[09:47:25.201] [D] [Singular-DEBUG] CreateRetributionPaladinNormalPullAndCombat is a match!
[09:47:25.201] [N] [Singular]  Using CreateRetributionPaladinNormalPullAndCombat for Retribution Paladin - Heal (Priority: 0)
[09:47:25.202] [D] [Singular-DEBUG] Creating PullBuffs behavior.
[09:47:25.209] [D] [Singular-DEBUG] Creating PreCombatBuffs behavior.
[09:47:25.210] [D] [Singular-DEBUG] CreatePaladinPreCombatBuffs is a match!
[09:47:25.210] [N] [Singular]  Using CreatePaladinPreCombatBuffs for Retribution Paladin - PreCombatBuffs (Priority: 0)
[09:47:25.213] [N] [Singular] Behaviors created!
[09:47:25.231] [D] [Singular-DEBUG] Attached combat log
[09:47:25.231] [D] Routine initialized successfully
[09:47:25.233] [D] Loading built-in bots from assembly: CopilotBuddy
[09:47:25.255] [D] Found bot type: PartyBot.DiscoBot
[09:47:25.255] [N] New bot added: Party Bot
[09:47:25.255] [D] Loaded built-in bot: Party Bot
[09:47:25.255] [D] Found bot type: Bots.Quest.QuestBot
[09:47:25.255] [N] New bot added: Questing
[09:47:25.255] [D] Loaded built-in bot: Questing
[09:47:25.255] [D] Found bot type: Bots.Grind.LevelBot
[09:47:25.255] [N] New bot added: Grind
[09:47:25.255] [D] Loaded built-in bot: Grind
[09:47:25.255] [D] Found bot type: Bots.Gatherbuddy.GatherbuddyBot
[09:47:25.255] [N] New bot added: GatherBuddy
[09:47:25.255] [D] Loaded built-in bot: GatherBuddy
[09:47:25.255] [D] Found bot type: Bots.DungeonBuddy.DungeonBuddy
[09:47:25.256] [N] New bot added: DungeonBuddy
[09:47:25.256] [D] Loaded built-in bot: DungeonBuddy
[09:47:25.256] [D] Found bot type: Bots.BGBuddy.BGBuddy
[09:47:25.256] [N] New bot added: BGBuddy
[09:47:25.256] [D] Loaded built-in bot: BGBuddy
[09:47:25.256] [D] Built-in bot loading complete. 6 bots loaded.
[09:47:25.260] [N] Loading bots from: D:\World of Warcraft 3.3.5a\CB\Bots
[09:47:25.267] [N] Found 122 source files
[09:47:25.273] [N] Found 0 dll files
[09:47:25.274] [N] Compiling: CombatBot.cs
[09:47:25.424] [N] Compiled successfully: CombatBot.cs
[09:47:25.425] [N] Compiling directory: Auto Angler 2/ (23 files)
[09:47:25.696] [N] Compiled successfully: Auto Angler 2/
[09:47:25.696] [N] Compiling directory: LazyRaider/ (4 files)
[09:47:25.925] [N] Compiled successfully: LazyRaider/
[09:47:25.925] [N] Compiling directory: ProfessionBuddy/ (52 files)
[09:47:26.747] [N] Compiled successfully: ProfessionBuddy/
[09:47:26.747] [N] Compiling directory: Templar/ (27 files)
[09:47:27.145] [N] Compiled successfully: Templar/
[09:47:27.145] [N] Compiling directory: Tyrael/ (5 files)
[09:47:27.315] [N] Compiled successfully: Tyrael/
[09:47:27.315] [N] Compiling directory: WholesomeAutoQuest-master/ (10 files)
[09:47:27.895] [N] Compiled successfully: WholesomeAutoQuest-master/
[09:47:27.895] [N] ClassCollection contains 7 compiled bots
[09:47:27.895] [N] Adding bot: Combat Bot
[09:47:27.895] [N] New bot added: Combat Bot
[09:47:27.895] [N] Adding bot: AutoAngler
[09:47:27.895] [N] New bot added: AutoAngler
[09:47:27.895] [N] Adding bot: LazyRaider
[09:47:27.895] [N] New bot added: LazyRaider
[09:47:27.895] [N] Adding bot: ProfessionBuddy
[09:47:27.895] [N] New bot added: ProfessionBuddy
[09:47:27.895] [N] Adding bot: Templar
[09:47:27.895] [N] New bot added: Templar
[09:47:27.895] [N] Adding bot: Tyrael
[09:47:27.895] [N] New bot added: Tyrael
[09:47:27.895] [N] Adding bot: Wholesome Auto Quest
[09:47:27.895] [N] New bot added: Wholesome Auto Quest
[09:47:27.895] [N] Bot loading complete. 13 bots loaded.
[09:47:27.895] [N] Initializing Plugins...
[09:47:28.487] [D] [WeightSet] Selected weight set: Paladin-Holy
[09:47:29.586] [N] [DeathStallRecovery] Enabled. The bot will stop if corpse recovery makes no movement progress for 60 seconds.
[09:47:30.472] [D] Rarekiller: Loading config file: D:\World of Warcraft 3.3.5a\CB\Plugins\RareKiller\config\Rarekiller.config
[09:47:30.472] [D] Root element is missing.
[09:47:30.472] [N] Rarekiller: Continuing with Default Config Values
[09:47:30.473] [D] Rarekiller: Loading config file: D:\World of Warcraft 3.3.5a\CB\Plugins\RareKiller\config\Rarekiller.config
[09:47:30.473] [D] Root element is missing.
[09:47:30.473] [N] Rarekiller: Continuing with Default Config Values
[09:47:30.474] [N] Rare Mob Killer - Version 3.3 Loaded.
[09:47:30.474] [N] Rarekiller Part Tamer: I'm no Hunter. Deactivate the Tamer Part
[09:47:31.033] [N] [VendorRecovery] Enabled. Failed Sell/Repair vendors will be skipped after 35 seconds at the NPC.
[09:47:31.201] [N] Plugin loading complete. 16 plugins loaded.
[09:47:31.201] [N] Plugins refreshed successfully.
[09:47:31.205] [N] Changing current bot to: Wholesome Auto Quest
[09:47:35.803] [D] [Settings] Saved all settings
[09:47:35.803] [N] Starting the bot.
[09:47:35.804] [N] Currently Using BotBase : Wholesome Auto Quest
[09:47:35.804] [N] Character is a level 25 BloodElf Paladin
[09:47:35.805] [N] Current zone is Stonetalon Mountains
[09:47:35.806] [D] Loading profile from D:\World of Warcraft 3.3.5a\CB\Bots\WholesomeAutoQuest\WHOLESOME_AUTOQUESTER.xml
[09:47:35.850] [N] Profile loaded: WholesomeAQ - Stonetalon Mountains
[09:47:35.850] [D] Selected sub-profile: WholesomeAQ - Stonetalon Mountains (L1-80)
[09:47:36.054] [D] [WholesomeAQ] Navigation fingerprint unknown: provider or mesh-root stamp unavailable.
[09:47:36.630] [D] [QuestLog] Loaded 66 completed quests from Lua fallback
[09:47:36.666] [D] [ProfileBatchManager] Batch reset for new profile session.
[09:47:36.667] [N] [Wholesome Auto Quest] Class Paladin → PullDistance set to 24
[09:47:36.668] [N] [Wholesome Auto Quest] Initial scheduler build.
[09:47:37.131] [N] Loaded 0 global blackspots
[09:47:37.163] [D] Loading profile from D:\World of Warcraft 3.3.5a\CB\Bots\WholesomeAutoQuest\WHOLESOME_AUTOQUESTER.xml
[09:47:37.168] [N] Profile loaded: WholesomeAQ - Stonetalon Mountains
[09:47:37.200] [D] Selected sub-profile: WholesomeAQ - Stonetalon Mountains (L1-80)
[09:47:37.200] [N] [Wholesome Auto Quest] Profile refreshed - Selected 1 quest work candidate(s). selected quest=6548;stage=Objective;state=Eligible. excluded quest=104;stage=Pickup;npc=392;reason=outside-scan-radius;retry=context-change excluded quest=1062;stage=Objective;objective=0;reason=outside-scan-radius;retry=context-change. excluded quest=1069;stage=Pickup;npc=3446;reason=outside-scan-radius;retry=context-change excluded quest=1087;stage=Pickup;npc=4198;reason=outside-scan-radius;retry=context-change excluded quest=1093;stage=Pickup;npc=4201;reason=outside-scan-radius;retry=context-change excluded quest=11127;stage=Pickup;scope=QuestStage;retry=2026-09-05T06:10:20.8287986Z;state=Quarantined. excluded quest=118;stage=Pickup;npc=415;reason=outside-scan-radius;retry=context-change excluded quest=1195;stage=Pickup;npc=4721;reason=outside-scan-radius;retry=context-change excluded quest=14106;stage=Pickup;scope=QuestStage;retry=2026-09-05T06:10:20.8250193Z;state=Quarantined. excluded quest=1483;stage=Pickup;npc=3442;reason=outside-scan-radius;retry=context-change excluded quest=152;stage=Pickup;npc=392;reason=outside-scan-radius;retry=context-change excluded quest=2098;stage=Pickup;npc=6667;reason=outside-scan-radius;retry=context-change excluded quest=216;stage=Pickup;npc=12757;reason=outside-scan-radius;retry=context-change excluded quest=235;stage=Pickup;npc=10880;reason=outside-scan-radius;retry=context-change excluded quest=3281;stage=TurnIn;npc=3464;reason=outside-scan-radius;retry=context-change excluded quest=4542;stage=Pickup;npc=10079;reason=outside-scan-radius;retry=context-change excluded quest=470;stage=Pickup;npc=2111;reason=outside-scan-radius;retry=context-change excluded quest=472;stage=Pickup;npc=2097;reason=outside-scan-radius;retry=context-change excluded quest=4740;stage=Pickup;npc=175320;reason=outside-scan-radius;retry=context-change excluded quest=4921;stage=Objective;objective=0;reason=outside-scan-radius;retry=context-change. excluded quest=493;stage=Pickup;npc=1937;reason=outside-scan-radius;retry=context-change excluded quest=494;stage=Pickup;npc=2214;reason=outside-scan-radius;retry=context-change excluded quest=496;stage=Pickup;npc=2216;reason=outside-scan-radius;retry=context-change excluded quest=498;stage=Pickup;npc=2229;reason=outside-scan-radius;retry=context-change excluded quest=501;stage=Pickup;npc=2216;reason=outside-scan-radius;retry=context-change excluded quest=516;stage=Pickup;npc=2121;reason=outside-scan-radius;retry=context-change excluded quest=527;stage=Pickup;npc=2215;reason=outside-scan-radius;retry=context-change excluded quest=546;stage=Pickup;npc=2418;reason=outside-scan-radius;retry=context-change excluded quest=549;stage=Pickup;npc=1763;reason=outside-scan-radius;retry=context-change excluded quest=6301;stage=Pickup;npc=11864;reason=outside-scan-radius;retry=context-change excluded quest=6382;stage=Pickup;npc=3387;reason=outside-scan-radius;retry=context-change excluded quest=6383;stage=Pickup;npc=12696;reason=outside-scan-radius;retry=context-change excluded quest=6393;stage=Pickup;npc=11862;reason=outside-scan-radius;retry=context-change excluded quest=6442;stage=Pickup;npc=12719;reason=outside-scan-radius;retry=context-change excluded quest=6461;stage=Pickup;npc=12816;reason=outside-scan-radius;retry=context-change excluded quest=6462;stage=Pickup;npc=12721;reason=outside-scan-radius;retry=context-change excluded quest=6503;stage=Pickup;npc=12867;reason=outside-scan-radius;retry=context-change excluded quest=6541;stage=Pickup;npc=3429;reason=outside-scan-radius;retry=context-change excluded quest=6542;stage=Pickup;npc=11821;reason=outside-scan-radius;retry=context-change excluded quest=6543;stage=Pickup;npc=8582;reason=outside-scan-radius;retry=context-change excluded quest=742;stage=Pickup;npc=10881;reason=outside-scan-radius;retry=context-change excluded quest=747;stage=Objective;scope=Objective;objective=0;retry=2026-09-05T06:10:20.8040908Z;state=Quarantined. excluded quest=747;stage=Objective;scope=Objective;objective=1;retry=2026-09-05T06:10:20.8116023Z;state=Quarantined. excluded quest=7790;stage=Pickup;scope=QuestStage;retry=2026-09-05T06:10:20.8249148Z;state=Quarantined. excluded quest=843;stage=Pickup;npc=3341;reason=outside-scan-radius;retry=context-change excluded quest=8487;stage=TurnIn;npc=15402;reason=outside-scan-radius;retry=context-change excluded quest=851;stage=Pickup;npc=3389;reason=outside-scan-radius;retry=context-change excluded quest=858;stage=Pickup;npc=3439;reason=outside-scan-radius;retry=context-change excluded quest=865;stage=Pickup;npc=3446;reason=outside-scan-radius;retry=context-change excluded quest=867;stage=Objective;scope=Objective;objective=0;retry=2026-09-05T06:10:20.8137024Z;state=Quarantined. excluded quest=868;stage=Pickup;npc=3428;reason=outside-scan-radius;retry=context-change excluded quest=878;stage=Pickup;npc=3430;reason=outside-scan-radius;retry=context-change excluded quest=8889;stage=Objective;objective=0;reason=outside-scan-radius;retry=context-change. excluded quest=8889;stage=Objective;objective=1;reason=outside-scan-radius;retry=context-change. excluded quest=8889;stage=Objective;objective=2;reason=outside-scan-radius;retry=context-change. excluded quest=891;stage=Objective;objective=0;reason=outside-scan-radius;retry=context-change. excluded quest=891;stage=Objective;objective=1;reason=outside-scan-radius;retry=context-change. excluded quest=891;stage=Objective;objective=2;reason=outside-scan-radius;retry=context-change. excluded quest=891;stage=Objective;scope=Objective;objective=3;retry=2026-09-05T06:10:20.8169213Z;state=Quarantined. excluded quest=893;stage=Pickup;npc=3433;reason=outside-scan-radius;retry=context-change excluded quest=894;stage=TurnIn;npc=4141;reason=outside-scan-radius;retry=context-change excluded quest=896;stage=Objective;scope=Objective;objective=0;retry=2026-09-05T06:10:20.8197153Z;state=Quarantined. excluded quest=9067;stage=Objective;scope=Objective;objective=0;retry=2026-09-05T07:12:52.3802265Z;state=Quarantined. excluded quest=9151;stage=Pickup;npc=16199;reason=outside-scan-radius;retry=context-change excluded quest=9157;stage=TurnIn;npc=16201;reason=outside-scan-radius;retry=context-change excluded quest=9214;stage=Pickup;npc=16220;reason=outside-scan-radius;retry=context-change excluded quest=9218;stage=Pickup;npc=16205;reason=outside-scan-radius;retry=context-change excluded quest=9275;stage=Pickup;npc=16464;reason=outside-scan-radius;retry=context-change excluded quest=9276;stage=Pickup;npc=16463;reason=outside-scan-radius;retry=context-change excluded quest=9281;stage=Pickup;npc=16480;reason=outside-scan-radius;retry=context-change excluded quest=9388;stage=Pickup;scope=QuestStage;retry=2026-09-05T06:10:20.8314367Z;state=Quarantined. excluded quest=9389;stage=Pickup;scope=QuestStage;retry=2026-09-05T06:10:20.8315248Z;state=Quarantined. excluded quest=9425;stage=Pickup;npc=16287;reason=outside-scan-radius;retry=context-change excluded quest=9428;stage=Pickup;npc=17098;reason=outside-scan-radius;retry=context-change excluded quest=959;stage=Pickup;npc=3665;reason=outside-scan-radius;retry=context-change excluded quest=962;stage=Pickup;npc=3419;reason=outside-scan-radius;retry=context-change excluded quest=965;stage=Pickup;npc=3657;reason=outside-scan-radius;retry=context-change excluded quest=9749;stage=Pickup;scope=QuestStage;retry=2026-09-05T06:10:20.8275214Z;state=Quarantined.
[09:47:37.202] [N] [Wholesome Auto Quest] Started with quest data loaded.
[09:47:37.262] [N] [SpellDb] Loaded 49816 spells from Spells.bin
[09:47:37.302] [D] Setting CVars: autoSelfCast=1, autoLootDefault=1
[09:47:37.370] [D] Cleared POI
[09:47:37.378] [D] Refresh() called. LastCount=0, CurrentCount=33
[09:47:37.378] [N] Building spell book
[09:47:37.378] [D] Found 33 spells from LocalPlayer.KnownSpells
[09:47:37.379] [N] Adding Arcane Affinity
[09:47:37.379] [N] Adding Arcane Torrent
[09:47:37.379] [N] Adding Auto Attack
[09:47:37.379] [N] Adding Block
[09:47:37.380] [N] Adding Dodge
[09:47:37.380] [N] Adding Magic Resistance
[09:47:37.380] [N] Adding Parry
[09:47:37.381] [N] Adding Blessing of Wisdom
[09:47:37.381] [N] Adding Concentration Aura
[09:47:37.381] [N] Adding Consecration
[09:47:37.381] [N] Adding Exorcism
[09:47:37.382] [N] Adding Flash of Light
[09:47:37.382] [N] Adding Holy Light
[09:47:37.382] [N] Adding Lay on Hands
[09:47:37.383] [N] Adding Purify
[09:47:37.383] [N] Adding Seal of Righteousness
[09:47:37.383] [N] Adding Sense Undead
[09:47:37.383] [N] Adding Turn Evil
[09:47:37.384] [N] Adding Blessing of Kings
[09:47:37.384] [N] Adding Devotion Aura
[09:47:37.384] [N] Adding Divine Protection
[09:47:37.385] [N] Adding Hammer of Justice
[09:47:37.385] [N] Adding Hand of Freedom
[09:47:37.385] [N] Adding Hand of Protection
[09:47:37.385] [N] Adding Hand of Reckoning
[09:47:37.386] [N] Adding Righteous Defense
[09:47:37.386] [N] Adding Righteous Fury
[09:47:37.386] [N] Adding Seal of Justice
[09:47:37.387] [N] Adding Blessing of Might
[09:47:37.387] [N] Adding Judgement of Light
[09:47:37.387] [N] Adding Judgement of Wisdom
[09:47:37.388] [N] Adding Retribution Aura
[09:47:37.388] [N] Adding Seal of Command
[09:47:37.388] [N] Spell book built
[09:47:37.389] [D] [SpellManager] Initialize — subscribed to BotEvents.OnBotStart
[09:47:37.878] [D] [Talented] SelectMajorTalentTree called but not needed in WotLK 3.3.5a
[09:47:37.956] [N] Loading 1_31_32
[09:47:37.959] [N] Loading 1_31_33
[09:47:37.960] [N] Loading 1_31_34
[09:47:37.962] [N] Loading 1_32_32
[09:47:37.964] [N] Loading 1_32_33
[09:47:37.965] [N] Loading 1_32_34
[09:47:37.966] [N] Loading 1_33_32
[09:47:37.967] [N] Loading 1_33_33
[09:47:37.969] [N] Loading 1_33_34
[09:47:38.384] [N] [Database] Data.bin loaded successfully
[09:47:38.404] [N] Loading 1_31_31
[09:47:38.405] [N] Loading 1_32_31
[09:47:38.407] [N] Loading 1_33_31
[09:47:38.410] [D] [Blackspot] Area cost initialized: area 17 = 60x
[09:47:38.425] [N] Loading 1_33_30
[09:47:38.426] [N] Loading 1_34_30
[09:47:38.428] [N] Loading 1_34_31
[09:47:38.431] [N] Loading 1_34_32
[09:47:38.433] [N] Loading 1_35_30
[09:47:38.434] [N] Loading 1_35_31
[09:47:38.435] [N] Loading 1_35_32
[09:47:39.371] [N] Loading 1_32_35
[09:47:39.371] [N] Loading 1_32_30
[09:47:39.371] [N] Loading 1_31_30
[09:47:39.371] [N] Loading 1_33_35
[09:47:39.371] [N] Loading 1_30_31
[09:47:39.371] [N] Loading 1_31_35
[09:47:39.371] [N] Loading 1_30_30
[09:47:39.371] [N] Loading 1_34_34
[09:47:39.371] [N] Loading 1_34_35
[09:47:39.371] [N] Loading 1_32_36
[09:47:39.371] [N] Loading 1_33_36
[09:47:39.371] [N] Loading 1_30_34
[09:47:39.371] [N] Loading 1_30_35
[09:47:39.371] [N] Loading 1_30_32
[09:47:39.371] [N] Loading 1_29_31
[09:47:39.371] [N] Loading 1_31_36
[09:47:39.371] [N] Loading 1_34_36
[09:47:39.371] [N] Loading 1_35_34
[09:47:39.371] [N] Loading 1_30_33
[09:47:39.371] [N] Loading 1_29_30
[09:47:39.371] [N] Loading 1_35_35
[09:47:39.371] [N] Loading 1_29_32
[09:47:39.371] [N] Loading 1_30_36
[09:47:39.371] [N] Loading 1_30_29
[09:47:39.371] [N] Loading 1_35_36
[09:47:39.371] [N] Loading 1_29_34
[09:47:39.371] [N] Loading 1_32_37
[09:47:39.371] [N] Loading 1_33_37
[09:47:39.371] [N] Loading 1_29_29
[09:47:39.371] [N] Loading 1_29_33
[09:47:39.371] [N] Loading 1_29_35
[09:47:39.371] [N] Loading 1_34_37
[09:47:39.371] [N] Loading 1_36_35
[09:47:39.371] [N] Loading 1_31_37
[09:47:39.371] [N] Loading 1_28_31
[09:47:39.371] [N] Loading 1_36_34
[09:47:39.371] [N] Loading 1_28_32
[09:47:39.371] [N] Loading 1_31_29
[09:47:39.371] [N] Loading 1_28_30
[09:47:39.371] [N] Loading 1_36_36
[09:47:39.371] [N] Loading 1_29_36
[09:47:39.371] [N] Loading 1_35_37
[09:47:39.371] [N] Loading 1_30_37
[09:47:39.371] [N] Loading 1_28_33
[09:47:39.371] [N] Loading 1_28_29
[09:47:39.371] [N] Loading 1_33_38
[09:47:39.371] [N] Loading 1_30_28
[09:47:39.371] [N] Loading 1_36_33
[09:47:39.371] [N] Loading 1_32_38
[09:47:39.371] [N] Loading 1_31_28
[09:47:39.371] [N] Loading 1_37_35
[09:47:39.371] [N] Loading 1_35_33
[09:47:39.371] [N] Loading 1_37_34
[09:47:39.371] [N] Loading 1_31_38
[09:47:39.371] [N] Loading 1_34_38
[09:47:39.371] [N] Loading 1_37_33
[09:47:39.371] [N] Loading 1_36_37
[09:47:39.371] [N] Loading 1_36_32
[09:47:39.371] [N] Loading 1_29_28
[09:47:39.371] [N] Loading 1_29_37
[09:47:39.371] [N] Loading 1_34_33
[09:47:39.371] [N] Loading 1_37_36
[09:47:39.371] [N] Loading 1_28_36
[09:47:39.371] [N] Loading 1_28_35
[09:47:39.371] [N] Loading 1_35_38
[09:47:39.371] [N] Loading 1_37_32
[09:47:39.371] [N] Loading 1_30_38
[09:47:39.371] [N] Loading 1_27_30
[09:47:39.371] [N] Loading 1_32_28
[09:47:39.371] [N] Loading 1_36_31
[09:47:39.371] [N] Loading 1_32_29
[09:47:39.371] [N] Loading 1_27_29
[09:47:39.371] [N] Loading 1_33_39
[09:47:39.371] [N] Loading 1_34_39
[09:47:39.371] [N] Loading 1_32_39
[09:47:39.371] [N] Loading 1_28_37
[09:47:39.371] [N] Loading 1_37_37
[09:47:39.371] [N] Loading 1_38_35
[09:47:39.371] [N] Loading 1_28_34
[09:47:39.371] [N] Loading 1_31_39
[09:47:39.371] [N] Loading 1_27_33
[09:47:39.371] [N] Loading 1_31_27
[09:47:39.371] [N] Loading 1_29_38
[09:47:39.371] [N] Loading 1_37_31
[09:47:39.371] [N] Loading 1_36_38
[09:47:39.371] [N] Loading 1_38_36
[09:47:39.371] [N] Loading 1_33_29
[09:47:39.371] [N] Loading 1_33_28
[09:47:39.371] [N] Loading 1_27_32
[09:47:39.371] [N] Loading 1_38_34
[09:47:39.371] [N] Loading 1_27_36
[09:47:39.371] [N] Loading 1_27_35
[09:47:39.371] [N] Loading 1_30_39
[09:47:39.371] [N] Loading 1_27_34
[09:47:39.371] [N] Loading 1_32_27
[09:47:39.371] [N] Loading 1_36_30
[09:47:39.371] [N] Loading 1_34_29
[09:47:39.371] [N] Loading 1_35_39
[09:47:39.371] [N] Loading 1_33_27
[09:47:39.371] [N] Loading 1_34_28
[09:47:39.371] [N] Loading 1_27_37
[09:47:39.371] [N] Loading 1_39_35
[09:47:39.371] [N] Loading 1_28_38
[09:47:39.371] [N] Loading 1_38_37
[09:47:39.371] [N] Loading 1_26_29
[09:47:39.371] [N] Loading 1_39_36
[09:47:39.371] [N] Loading 1_27_31
[09:47:39.371] [N] Loading 1_27_28
[09:47:39.371] [N] Loading 1_31_40
[09:47:39.371] [N] Loading 1_29_39
[09:47:39.371] [N] Loading 1_36_39
[09:47:39.371] [N] Loading 1_38_31
[09:47:39.371] [N] Loading 1_32_40
[09:47:39.371] [N] Loading 1_26_33
[09:47:39.371] [N] Loading 1_28_28
[09:47:39.371] [N] Loading 1_39_34
[09:47:39.371] [N] Loading 1_26_32
[09:47:39.371] [N] Loading 1_35_29
[09:47:39.371] [N] Loading 1_38_32
[09:47:39.371] [N] Loading 1_34_27
[09:47:39.371] [N] Loading 1_30_40
[09:47:39.371] [N] Loading 1_26_30
[09:47:39.371] [N] Loading 1_26_35
[09:47:39.371] [N] Loading 1_26_34
[09:47:39.371] [N] Loading 1_34_40
[09:47:39.371] [N] Loading 1_35_28
[09:47:39.371] [N] Loading 1_26_28
[09:47:39.371] [N] Loading 1_33_40
[09:47:39.371] [N] Loading 1_35_40
[09:47:39.371] [N] Loading 1_39_37
[09:47:39.371] [N] Loading 1_26_36
[09:47:39.371] [N] Loading 1_32_26
[09:47:39.371] [N] Loading 1_33_26
[09:47:39.371] [N] Loading 1_27_38
[09:47:39.371] [N] Loading 1_26_31
[09:47:39.371] [N] Loading 1_28_39
[09:47:39.371] [N] Loading 1_40_35
[09:47:39.371] [N] Loading 1_37_38
[09:47:39.371] [N] Loading 1_26_37
[09:47:39.371] [N] Loading 1_31_41
[09:47:39.371] [N] Loading 1_40_36
[09:47:39.371] [N] Loading 1_35_27
[09:47:39.371] [N] Loading 1_29_40
[09:47:39.371] [N] Loading 1_38_33
[09:47:39.371] [N] Loading 1_32_41
[09:47:39.371] [N] Loading 1_36_29
[09:47:39.371] [N] Loading 1_30_41
[09:47:39.371] [N] Loading 1_37_39
[09:47:39.371] [N] Loading 1_36_28
[09:47:39.371] [N] Loading 1_34_26
[09:47:39.371] [N] Loading 1_36_40
[09:47:39.371] [N] Loading 1_25_35
[09:47:39.371] [N] Loading 1_26_38
[09:47:39.371] [N] Loading 1_25_33
[09:47:39.371] [N] Loading 1_31_26
[09:47:39.371] [N] Loading 1_38_38
[09:47:39.371] [N] Loading 1_25_32
[09:47:39.371] [N] Loading 1_40_34
[09:47:39.371] [N] Loading 1_27_27
[09:47:39.371] [N] Loading 1_33_41
[09:47:39.371] [N] Loading 1_25_34
[09:47:39.371] [N] Loading 1_25_31
[09:47:39.371] [N] Loading 1_35_26
[09:47:39.371] [N] Loading 1_39_38
[09:47:39.371] [N] Loading 1_40_37
[09:47:39.371] [N] Loading 1_41_35
[09:47:39.371] [N] Loading 1_36_27
[09:47:39.371] [N] Loading 1_27_39
[09:47:39.371] [N] Loading 1_37_40
[09:47:39.371] [N] Loading 1_28_40
[09:47:39.371] [N] Loading 1_29_41
[09:47:39.371] [N] Loading 1_41_36
[09:47:39.371] [N] Loading 1_31_42
[09:47:39.371] [N] Loading 1_35_41
[09:47:39.371] [N] Loading 1_32_42
[09:47:39.371] [N] Loading 1_38_39
[09:47:39.371] [N] Loading 1_34_41
[09:47:39.371] [N] Loading 1_36_26
[09:47:39.371] [N] Loading 1_24_34
[09:47:39.371] [N] Loading 1_33_25
[09:47:39.371] [N] Loading 1_40_38
[09:47:39.371] [N] Loading 1_25_37
[09:47:39.371] [N] Loading 1_24_35
[09:47:39.371] [N] Loading 1_25_30
[09:47:39.371] [N] Loading 1_26_39
[09:47:39.371] [N] Loading 1_25_38
[09:47:39.371] [N] Loading 1_32_25
[09:47:39.371] [N] Loading 1_30_27
[09:47:39.371] [N] Loading 1_30_42
[09:47:39.371] [N] Loading 1_33_42
[09:47:39.371] [N] Loading 1_28_41
[09:47:39.371] [N] Loading 1_39_39
[09:47:39.371] [N] Loading 1_24_32
[09:47:39.371] [N] Loading 1_37_27
[09:47:39.371] [N] Loading 1_24_33
[09:47:39.371] [N] Loading 1_38_40
[09:47:39.371] [N] Loading 1_31_25
[09:47:39.371] [N] Loading 1_36_41
[09:47:39.371] [N] Loading 1_30_26
[09:47:39.371] [N] Loading 1_41_37
[09:47:39.371] [N] Loading 1_35_25
[09:47:39.371] [N] Loading 1_29_42
[09:47:39.371] [N] Loading 1_24_31
[09:47:39.371] [N] Loading 1_37_28
[09:47:39.371] [N] Loading 1_25_39
[09:47:39.371] [N] Loading 1_27_40
[09:47:39.371] [N] Loading 1_34_25
[09:47:39.371] [N] Loading 1_34_42
[09:47:39.371] [N] Loading 1_41_38
[09:47:39.372] [N] Loading 1_24_30
[09:47:39.372] [N] Loading 1_40_39
[09:47:39.372] [N] Loading 1_36_25
[09:47:39.372] [N] Loading 1_26_40
[09:47:39.372] [N] Loading 1_39_40
[09:47:39.372] [N] Loading 1_23_34
[09:47:39.372] [N] Loading 1_23_33
[09:47:39.372] [N] Loading 1_37_41
[09:47:39.372] [N] Loading 1_37_29
[09:47:39.372] [N] Loading 1_25_29
[09:47:39.372] [N] Loading 1_37_26
[09:47:39.372] [N] Loading 1_27_41
[09:47:39.372] [N] Loading 1_38_27
[09:47:39.372] [N] Loading 1_41_34
[09:47:39.372] [N] Loading 1_38_28
[09:47:39.372] [N] Loading 1_30_25
[09:47:39.372] [N] Loading 1_31_43
[09:47:39.372] [N] Loading 1_24_29
[09:47:39.372] [N] Loading 1_35_42
[09:47:39.372] [N] Loading 1_32_43
[09:47:39.372] [N] Loading 1_28_42
[09:47:39.372] [N] Loading 1_42_35
[09:47:39.372] [N] Loading 1_25_40
[09:47:39.372] [N] Loading 1_41_39
[09:47:39.372] [N] Loading 1_23_32
[09:47:39.372] [N] Loading 1_23_31
[09:47:39.372] [N] Loading 1_33_43
[09:47:39.372] [N] Loading 1_29_27
[09:47:39.372] [N] Loading 1_33_24
[09:47:39.372] [N] Loading 1_42_34
[09:47:39.372] [N] Loading 1_30_43
[09:47:39.372] [N] Loading 1_38_41
[09:47:39.372] [N] Loading 1_38_26
[09:47:39.372] [N] Loading 1_39_41
[09:47:39.372] [N] Loading 1_40_33
[09:47:39.372] [N] Loading 1_41_33
[09:47:39.372] [N] Loading 1_34_43
[09:47:39.372] [N] Loading 1_36_42
[09:47:39.372] [N] Loading 1_29_26
[09:47:39.372] [N] Loading 1_39_33
[09:47:39.372] [N] Loading 1_42_36
[09:47:39.372] [N] Loading 1_40_40
[09:47:39.372] [N] Loading 1_22_33
[09:47:39.372] [N] Loading 1_23_30
[09:47:39.372] [N] Loading 1_26_41
[09:47:39.372] [N] Loading 1_34_24
[09:47:39.372] [N] Loading 1_35_24
[09:47:39.372] [N] Loading 1_29_43
[09:47:39.372] [N] Loading 1_39_28
[09:47:39.372] [N] Loading 1_39_27
[09:47:39.372] [N] Loading 1_23_29
[09:47:39.372] [N] Loading 1_25_28
[09:47:39.372] [N] Loading 1_24_39
[09:47:39.372] [N] Loading 1_39_32
[09:47:39.372] [N] Loading 1_40_32
[09:47:39.372] [N] Loading 1_36_24
[09:47:39.372] [N] Loading 1_24_40
[09:47:39.372] [N] Loading 1_22_32
[09:47:39.372] [N] Loading 1_25_41
[09:47:39.372] [N] Loading 1_27_42
[09:47:39.372] [N] Loading 1_37_25
[09:47:39.372] [N] Loading 1_35_43
[09:47:39.372] [N] Loading 1_24_28
[09:47:39.372] [N] Loading 1_22_31
[09:47:39.372] [N] Loading 1_29_25
[09:47:39.372] [N] Loading 1_40_41
[09:47:39.372] [N] Loading 1_37_42
[09:47:39.372] [N] Loading 1_42_37
[09:47:39.372] [N] Loading 1_39_31
[09:47:39.372] [N] Loading 1_39_29
[09:47:39.372] [N] Loading 1_28_43
[09:47:39.372] [N] Loading 1_40_31
[09:47:39.372] [N] Loading 1_22_30
[09:47:39.372] [N] Loading 1_21_33
[09:47:39.372] [N] Loading 1_31_44
[09:47:39.372] [N] Loading 1_24_41
[09:47:39.372] [N] Loading 1_43_36
[09:47:39.372] [N] Loading 1_26_42
[09:47:39.372] [N] Loading 1_28_27
[09:47:39.372] [N] Loading 1_32_44
[09:47:39.372] [N] Loading 1_41_32
[09:47:39.372] [N] Loading 1_40_28
[09:47:39.372] [N] Loading 1_21_32
[09:47:39.372] [N] Loading 1_23_28
[09:47:39.372] [N] Loading 1_40_27
[09:47:39.372] [N] Loading 1_37_24
[09:47:39.372] [N] Loading 1_33_44
[09:47:39.372] [N] Loading 1_38_42
[09:47:39.372] [N] Loading 1_30_44
[09:47:39.372] [N] Loading 1_39_42
[09:47:39.372] [N] Loading 1_22_34
[09:47:39.372] [N] Loading 1_21_34
[09:47:39.372] [N] Loading 1_28_26
[09:47:39.372] [N] Loading 1_39_30
[09:47:39.372] [N] Loading 1_25_42
[09:47:39.372] [N] Loading 1_34_44
[09:47:39.372] [N] Loading 1_36_43
[09:47:39.682] [N] Loading 1_40_30
[09:47:40.930] [N] Loading 1_41_31
[09:47:42.994] [N] Loading 1_38_25
[09:47:46.797] [D] Compiling expression 'HasQuest(6548)'
[09:47:46.807] [D] [If] Condition is true, executing If body
[09:47:46.909] [N] [Objective] Goal: Kill Grimtotem Ruffian x 8
[09:47:46.910] [D] Goal: Goal: Kill Grimtotem Ruffian x 8
[09:47:46.910] [D] [GrindObjective] Using profile hotspots (4 points) for mob 11910
[09:47:46.914] [D] Activity: Moving to hotspot
[09:47:56.251] [N] Loading 1_22_29
[09:48:03.610] [N] Loading 1_39_26
[09:48:04.514] [N] Loading 1_25_27
[09:48:12.313] [D] [Singular-DEBUG] Switched targets!
[09:48:12.314] [D] [Singular-DEBUG] Melee Distance: 6.5833335
[09:48:12.314] [D] [Singular-DEBUG] Health: 100
[09:48:12.314] [D] [Singular-DEBUG] Level: 15
[09:48:12.686] [D] Changed POI to: Type: Kill, Name: Grimtotem Ruffian, Guid: F130002E86075063, Entry: 11910, Location: (-35.91, -474.38, -42.38)
[09:48:13.157] [D] Dismount to kill bot poi.
[09:48:13.158] [D] Stop and dismount. Reason: Combat
[09:48:13.796] [N] [Singular] Casting Blessing of Kings on Myself
[09:48:13.797] [D] Spell_C::CastSpell(20217, 0, 0x6000000007EAB80, 0)
[09:48:14.583] [N] [Singular] Casting Exorcism on Grimtotem Ruffian
[09:48:14.583] [D] Spell_C::CastSpell(879, 0, 0xF130002E86075063, 0)
[09:48:15.211] [N] [Singular] Casting Exorcism on Grimtotem Ruffian
[09:48:15.211] [D] Spell_C::CastSpell(879, 0, 0xF130002E86075063, 0)
[09:48:15.848] [N] [Singular] Casting Exorcism on Grimtotem Ruffian
[09:48:15.848] [D] Spell_C::CastSpell(879, 0, 0xF130002E86075063, 0)
[09:48:18.304] [D] Cleared POI - Reason POI is dead from Combat
[09:48:18.304] [D] Cleared POI
[09:48:19.656] [D] System.NullReferenceException: Object reference not set to an instance of an object.
   at Singular.ClassSpecific.Paladin.Retribution.<>c.<CreateRetributionPaladinNormalPullAndCombat>b__2_12(Object ret)
   at Singular.Helpers.Spell.<>c__DisplayClass18_0.<Cast>b__0(Object ret)
   at TreeSharp.Decorator.Execute(Object context)+MoveNext()
   at TreeSharp.Composite.Tick(Object context)
[09:48:19.684] [D] System.NullReferenceException: Object reference not set to an instance of an object.
   at Singular.ClassSpecific.Paladin.Retribution.<>c.<CreateRetributionPaladinNormalPullAndCombat>b__2_12(Object ret)
   at Singular.Helpers.Spell.<>c__DisplayClass18_0.<Cast>b__0(Object ret)
   at TreeSharp.Decorator.Execute(Object context)+MoveNext()
   at TreeSharp.Composite.Tick(Object context)
[09:48:19.787] [D] [QuestRecovery] quest=6548, stage=Objective, old=Attempting, new=Eligible, reason=None, episode=0, attempt=0, retry=
[09:48:20.162] [D] System.NullReferenceException: Object reference not set to an instance of an object.
   at Singular.ClassSpecific.Paladin.Retribution.<>c.<CreateRetributionPaladinNormalPullAndCombat>b__2_12(Object ret)
   at Singular.Helpers.Spell.<>c__DisplayClass18_0.<Cast>b__0(Object ret)
   at TreeSharp.Decorator.Execute(Object context)+MoveNext()
   at TreeSharp.Composite.Tick(Object context)
[09:48:20.190] [D] System.NullReferenceException: Object reference not set to an instance of an object.
   at Singular.ClassSpecific.Paladin.Retribution.<>c.<CreateRetributionPaladinNormalPullAndCombat>b__2_12(Object ret)
   at Singular.Helpers.Spell.<>c__DisplayClass18_0.<Cast>b__0(Object ret)
   at TreeSharp.Decorator.Execute(Object context)+MoveNext()
   at TreeSharp.Composite.Tick(Object context)
[09:48:20.693] [D] Changed POI to: Type: Loot, Name: Grimtotem Ruffian, Guid: F130002E86075063, Entry: 11910, Location: (-36.38, -478.50, -44.23)
[09:48:21.202] [D] [Interact] Interacting with object at 0x2E9F4D48
[09:48:21.235] [D] [Interact] Done interacting with object at 0x2E9F4D48
[09:48:21.841] [D] [Singular-DEBUG] Switched targets!
[09:48:21.841] [D] [Singular-DEBUG] Melee Distance: 6.5833335
[09:48:21.841] [D] [Singular-DEBUG] Health: 0
[09:48:21.841] [D] [Singular-DEBUG] Level: 15
[09:48:22.209] [N] Looting Grimtotem Ruffian Guid 0xF130002E86075063
[09:48:22.311] [D] Cleared POI - Reason Waiting for loot flag
[09:48:22.311] [D] Cleared POI
[09:48:23.639] [N] Loading 1_21_31
[09:48:39.146] [N] Loading 1_32_30
[09:48:39.146] [N] Loading 1_31_30
[09:48:39.146] [N] Loading 1_30_31
[09:48:39.146] [N] Loading 1_30_30
[09:48:39.146] [N] Loading 1_31_35
[09:48:39.146] [N] Loading 1_34_34
[09:48:39.146] [N] Loading 1_30_32
[09:48:39.146] [N] Loading 1_32_36
[09:48:39.146] [N] Loading 1_33_36
[09:48:39.146] [N] Loading 1_30_34
[09:48:39.146] [N] Loading 1_29_31
[09:48:39.146] [N] Loading 1_29_30
[09:48:39.146] [N] Loading 1_30_35
[09:48:39.146] [N] Loading 1_29_32
[09:48:39.146] [N] Loading 1_31_36
[09:48:39.146] [N] Loading 1_35_34
[09:48:39.146] [N] Loading 1_30_33
[09:48:39.146] [N] Loading 1_35_35
[09:48:39.146] [N] Loading 1_30_29
[09:48:39.146] [N] Loading 1_30_36
[09:48:39.146] [N] Loading 1_29_29
[09:48:39.146] [N] Loading 1_29_33
[09:48:39.146] [N] Loading 1_35_36
[09:48:39.146] [N] Loading 1_29_34
[09:48:39.146] [N] Loading 1_32_37
[09:48:39.146] [N] Loading 1_28_31
[09:48:39.146] [N] Loading 1_33_37
[09:48:39.146] [N] Loading 1_31_29
[09:48:39.146] [N] Loading 1_28_32
[09:48:39.146] [N] Loading 1_29_35
[09:48:39.146] [N] Loading 1_36_35
[09:48:39.146] [N] Loading 1_34_37
[09:48:39.146] [N] Loading 1_28_30
[09:48:39.146] [N] Loading 1_31_37
[09:48:39.146] [N] Loading 1_36_34
[09:48:39.146] [N] Loading 1_36_36
[09:48:39.146] [N] Loading 1_28_33
[09:48:39.146] [N] Loading 1_28_29
[09:48:39.146] [N] Loading 1_29_36
[09:48:39.146] [N] Loading 1_30_28
[09:48:39.146] [N] Loading 1_35_37
[09:48:39.146] [N] Loading 1_31_28
[09:48:39.146] [N] Loading 1_30_37
[09:48:39.146] [N] Loading 1_33_38
[09:48:39.146] [N] Loading 1_37_35
[09:48:39.146] [N] Loading 1_32_38
[09:48:39.146] [N] Loading 1_29_28
[09:48:39.146] [N] Loading 1_37_34
[09:48:39.146] [N] Loading 1_31_38
[09:48:39.146] [N] Loading 1_34_38
[09:48:39.146] [N] Loading 1_36_37
[09:48:39.146] [N] Loading 1_37_36
[09:48:39.146] [N] Loading 1_29_37
[09:48:39.146] [N] Loading 1_27_30
[09:48:39.146] [N] Loading 1_32_28
[09:48:39.146] [N] Loading 1_32_29
[09:48:39.146] [N] Loading 1_35_38
[09:48:39.146] [N] Loading 1_28_36
[09:48:39.146] [N] Loading 1_28_35
[09:48:39.146] [N] Loading 1_27_29
[09:48:39.146] [N] Loading 1_30_38
[09:48:39.146] [N] Loading 1_31_27
[09:48:39.146] [N] Loading 1_33_29
[09:48:39.146] [N] Loading 1_27_33
[09:48:39.146] [N] Loading 1_33_39
[09:48:39.146] [N] Loading 1_34_39
[09:48:39.146] [N] Loading 1_32_39
[09:48:39.146] [N] Loading 1_28_34
[09:48:39.146] [N] Loading 1_38_35
[09:48:39.146] [N] Loading 1_37_37
[09:48:39.146] [N] Loading 1_28_37
[09:48:39.146] [N] Loading 1_31_39
[09:48:39.146] [N] Loading 1_29_38
[09:48:39.146] [N] Loading 1_38_36
[09:48:39.146] [N] Loading 1_36_38
[09:48:39.820] [N] Loading 1_33_28
[09:48:39.820] [N] Loading 1_27_32
[09:48:39.820] [N] Loading 1_32_27
[09:48:39.820] [N] Loading 1_27_34
[09:48:39.820] [N] Loading 1_34_29
[09:48:39.820] [N] Loading 1_38_34
[09:48:39.820] [N] Loading 1_33_27
[09:48:39.820] [N] Loading 1_34_28
[09:48:39.820] [N] Loading 1_27_36
[09:48:39.820] [N] Loading 1_27_35
[09:48:39.820] [N] Loading 1_30_39
[09:48:39.820] [N] Loading 1_36_30
[09:48:39.820] [N] Loading 1_26_29
[09:48:39.820] [N] Loading 1_27_28
[09:48:39.820] [N] Loading 1_27_31
[09:48:39.820] [N] Loading 1_35_39
[09:48:39.820] [N] Loading 1_39_35
[09:48:39.820] [N] Loading 1_27_37
[09:48:39.820] [N] Loading 1_38_37
[09:48:39.820] [N] Loading 1_28_38
[09:48:39.820] [N] Loading 1_35_29
[09:48:39.820] [N] Loading 1_28_28
[09:48:39.820] [N] Loading 1_34_27
[09:48:39.820] [N] Loading 1_26_33
[09:48:39.820] [N] Loading 1_39_36
[09:48:39.820] [N] Loading 1_35_28
[09:48:39.820] [N] Loading 1_26_32
[09:48:39.820] [N] Loading 1_26_30
[09:48:39.820] [N] Loading 1_31_40
[09:48:39.820] [N] Loading 1_29_39
[09:48:39.820] [N] Loading 1_38_31
[09:48:39.820] [N] Loading 1_26_28
[09:48:39.820] [N] Loading 1_36_39
[09:48:39.820] [N] Loading 1_32_40
[09:48:39.820] [N] Loading 1_39_34
[09:48:39.820] [N] Loading 1_38_32
[09:48:39.820] [N] Loading 1_26_34
[09:48:39.820] [N] Loading 1_32_26
[09:48:39.820] [N] Loading 1_33_26
[09:48:39.820] [N] Loading 1_30_40
[09:48:39.820] [N] Loading 1_26_35
[09:48:39.820] [N] Loading 1_34_40
[09:48:39.820] [N] Loading 1_26_31
[09:48:39.820] [N] Loading 1_33_40
[09:48:39.820] [N] Loading 1_35_27
[09:48:39.820] [N] Loading 1_39_37
[09:48:39.820] [N] Loading 1_35_40
[09:48:39.820] [N] Loading 1_26_36
[09:48:39.820] [N] Loading 1_36_29
[09:48:39.820] [N] Loading 1_27_38
[09:48:39.820] [N] Loading 1_40_35
[09:48:39.820] [N] Loading 1_37_38
[09:48:39.820] [N] Loading 1_28_39
[09:48:39.820] [N] Loading 1_36_28
[09:48:39.820] [N] Loading 1_26_37
[09:48:39.820] [N] Loading 1_40_36
[09:48:39.820] [N] Loading 1_31_41
[09:48:39.820] [N] Loading 1_34_26
[09:48:39.820] [N] Loading 1_38_33
[09:48:39.820] [N] Loading 1_31_26
[09:48:39.820] [N] Loading 1_29_40
[09:48:39.820] [N] Loading 1_25_33
[09:48:39.820] [N] Loading 1_32_41
[09:48:39.820] [N] Loading 1_27_27
[09:48:39.820] [N] Loading 1_25_32
[09:48:39.820] [N] Loading 1_35_26
[09:48:39.820] [N] Loading 1_37_39
[09:48:39.820] [N] Loading 1_30_41
[09:48:39.820] [N] Loading 1_25_31
[09:48:39.820] [N] Loading 1_25_35
[09:48:39.820] [N] Loading 1_36_40
[09:48:39.820] [N] Loading 1_36_27
[09:48:39.820] [N] Loading 1_26_38
[09:48:39.820] [N] Loading 1_38_38
[09:48:39.820] [N] Loading 1_40_34
[09:48:39.820] [N] Loading 1_25_34
[09:48:39.820] [N] Loading 1_33_41
[09:48:39.820] [N] Loading 1_39_38
[09:48:39.820] [N] Loading 1_40_37
[09:48:39.820] [N] Loading 1_41_35
[09:48:39.820] [N] Loading 1_36_26
[09:48:39.820] [N] Loading 1_27_39
[09:48:39.820] [N] Loading 1_33_25
[09:48:39.820] [N] Loading 1_37_40
[09:48:39.820] [N] Loading 1_32_25
[09:48:39.820] [N] Loading 1_41_36
[09:48:39.820] [N] Loading 1_28_40
[09:48:39.820] [N] Loading 1_25_30
[09:48:39.820] [N] Loading 1_29_41
[09:48:39.820] [N] Loading 1_31_42
[09:48:39.820] [N] Loading 1_30_27
[09:48:39.820] [N] Loading 1_35_41
[09:48:39.820] [N] Loading 1_38_39
[09:48:39.820] [N] Loading 1_32_42
[09:48:39.820] [N] Loading 1_34_41
[09:48:39.820] [N] Loading 1_24_34
[09:48:39.820] [N] Loading 1_40_38
[09:48:39.820] [N] Loading 1_37_27
[09:48:39.820] [N] Loading 1_24_35
[09:48:39.820] [N] Loading 1_25_37
[09:48:39.820] [N] Loading 1_24_32
[09:48:39.820] [N] Loading 1_26_39
[09:48:39.820] [N] Loading 1_25_38
[09:48:39.820] [N] Loading 1_31_25
[09:48:39.820] [N] Loading 1_30_26
[09:48:39.820] [N] Loading 1_24_33
[09:48:39.820] [N] Loading 1_35_25
[09:48:39.820] [N] Loading 1_30_42
[09:48:39.820] [N] Loading 1_37_28
[09:48:39.820] [N] Loading 1_33_42
[09:48:39.820] [N] Loading 1_34_25
[09:48:39.820] [N] Loading 1_28_41
[09:48:39.820] [N] Loading 1_39_39
[09:48:39.820] [N] Loading 1_24_31
[09:48:39.820] [N] Loading 1_38_40
[09:48:39.820] [N] Loading 1_36_41
[09:48:39.820] [N] Loading 1_41_37
[09:48:39.820] [N] Loading 1_24_30
[09:48:39.820] [N] Loading 1_29_42
[09:48:39.820] [N] Loading 1_36_25
[09:48:39.820] [N] Loading 1_37_29
[09:48:39.820] [N] Loading 1_25_39
[09:48:39.820] [N] Loading 1_27_40
[09:48:39.820] [N] Loading 1_34_42
[09:48:39.820] [N] Loading 1_41_38
[09:48:39.820] [N] Loading 1_37_26
[09:48:39.820] [N] Loading 1_25_29
[09:48:39.820] [N] Loading 1_40_39
[09:48:39.820] [N] Loading 1_39_40
[09:48:39.820] [N] Loading 1_26_40
[09:48:39.820] [N] Loading 1_23_34
[09:48:39.820] [N] Loading 1_23_33
[09:48:39.820] [N] Loading 1_37_41
[09:48:40.296] [N] Loading 1_38_27
[09:48:40.296] [N] Loading 1_38_28
[09:48:40.296] [N] Loading 1_30_25
[09:48:40.296] [N] Loading 1_24_29
[09:48:40.296] [N] Loading 1_41_34
[09:48:40.296] [N] Loading 1_27_41
[09:48:40.296] [N] Loading 1_23_32
[09:48:40.296] [N] Loading 1_33_24
[09:48:40.296] [N] Loading 1_23_31
[09:48:40.296] [N] Loading 1_29_27
[09:48:40.296] [N] Loading 1_31_43
[09:48:40.296] [N] Loading 1_38_26
[09:48:40.296] [N] Loading 1_35_42
[09:48:40.296] [N] Loading 1_32_43
[09:48:40.296] [N] Loading 1_42_35
[09:48:40.296] [N] Loading 1_28_42
[09:48:40.296] [N] Loading 1_41_39
[09:48:40.296] [N] Loading 1_25_40
[09:48:40.296] [N] Loading 1_42_34
[09:48:40.296] [N] Loading 1_33_43
[09:48:40.296] [N] Loading 1_38_41
[09:48:40.296] [N] Loading 1_29_26
[09:48:40.296] [N] Loading 1_30_43
[09:48:40.296] [N] Loading 1_40_33
[09:48:40.296] [N] Loading 1_34_24
[09:48:40.296] [N] Loading 1_39_41
[09:48:40.296] [N] Loading 1_35_24
[09:48:40.296] [N] Loading 1_23_30
[09:48:40.296] [N] Loading 1_41_33
[09:48:40.296] [N] Loading 1_39_28
[09:48:40.296] [N] Loading 1_39_27
[09:48:40.296] [N] Loading 1_34_43
[09:48:40.296] [N] Loading 1_39_33
[09:48:40.296] [N] Loading 1_36_42
[09:48:40.296] [N] Loading 1_42_36
[09:48:40.296] [N] Loading 1_40_40
[09:48:40.296] [N] Loading 1_23_29
[09:48:40.296] [N] Loading 1_25_28
[09:48:40.296] [N] Loading 1_36_24
[09:48:40.296] [N] Loading 1_26_41
[09:48:40.296] [N] Loading 1_22_33
[09:48:40.296] [N] Loading 1_37_25
[09:48:40.296] [N] Loading 1_29_43
[09:48:40.296] [N] Loading 1_39_32
[09:48:40.296] [N] Loading 1_40_32
[09:48:40.296] [N] Loading 1_24_39
[09:48:40.296] [N] Loading 1_29_25
[09:48:40.296] [N] Loading 1_24_28
[09:48:40.296] [N] Loading 1_22_31
[09:48:40.296] [N] Loading 1_24_40
[09:48:40.296] [N] Loading 1_22_32
[09:48:40.296] [N] Loading 1_25_41
[09:48:40.296] [N] Loading 1_27_42
[09:48:40.296] [N] Loading 1_39_29
[09:48:40.296] [N] Loading 1_35_43
[09:48:40.296] [N] Loading 1_40_41
[09:48:40.296] [N] Loading 1_37_42
[09:48:40.296] [N] Loading 1_39_31
[09:48:40.296] [N] Loading 1_22_30
[09:48:40.296] [N] Loading 1_42_37
[09:48:40.296] [N] Loading 1_40_31
[09:48:40.296] [N] Loading 1_40_28
[09:48:40.296] [N] Loading 1_28_27
[09:48:40.296] [N] Loading 1_40_27
[09:48:40.296] [N] Loading 1_28_43
[09:48:40.296] [N] Loading 1_23_28
[09:48:40.296] [N] Loading 1_37_24
[09:48:40.296] [N] Loading 1_43_36
[09:48:40.296] [N] Loading 1_31_44
[09:48:40.296] [N] Loading 1_21_33
[09:48:40.296] [N] Loading 1_24_41
[09:48:40.296] [N] Loading 1_41_32
[09:48:40.296] [N] Loading 1_32_44
[09:48:40.296] [N] Loading 1_26_42
[09:48:40.296] [N] Loading 1_21_32
[09:48:40.296] [N] Loading 1_28_26
[09:48:40.296] [N] Loading 1_38_42
[09:48:40.296] [N] Loading 1_33_44
[09:48:40.296] [N] Loading 1_30_44
[09:48:40.296] [N] Loading 1_39_42
[09:48:40.296] [N] Loading 1_39_30
[09:48:40.296] [N] Loading 1_22_34
[09:48:40.296] [N] Loading 1_34_44
[09:48:40.617] [N] Loading 1_21_34
[09:48:40.935] [N] Loading 1_40_30
[09:48:40.960] [D] Activity: Moving towards Grimtotem Ruffian
[09:48:41.347] [N] Mounting: 34769
[09:48:44.276] [D] [QuestLog] Loaded 66 completed quests from Lua fallback
[09:48:45.005] [N] Loading 1_38_25
[09:48:46.591] [N] Loading 1_36_43
[09:48:52.749] [N] Loading 1_41_31
[09:48:56.119] [N] Loading 1_33_35
[09:48:56.119] [N] Loading 1_34_36
[09:48:56.735] [N] Loading 1_22_29
[09:49:04.233] [N] Loading 1_34_35
[09:49:06.065] [N] Loading 1_25_27
[09:49:10.809] [D] Changed POI to: Type: Kill, Name: Grimtotem Ruffian, Guid: F130002E860750B7, Entry: 11910, Location: (-35.17, -568.76, -42.64)
[09:49:10.945] [D] [Singular-DEBUG] Switched targets!
[09:49:10.945] [D] [Singular-DEBUG] Melee Distance: 6.5833335
[09:49:10.945] [D] [Singular-DEBUG] Health: 93.90243902439025
[09:49:10.945] [D] [Singular-DEBUG] Level: 15
[09:49:11.316] [D] Dismount for attacker.
[09:49:11.316] [D] Stop and dismount. Reason: Combat
[09:49:12.527] [N] [Singular] Casting Exorcism on Grimtotem Ruffian
[09:49:12.528] [D] Spell_C::CastSpell(879, 0, 0xF130002E860750B7, 0)
[09:49:14.485] [N] [Singular] Casting Judgement of Light on Grimtotem Ruffian
[09:49:14.486] [D] Spell_C::CastSpell(20271, 0, 0xF130002E860750B7, 0)
[09:49:14.989] [D] Cleared POI - Reason POI is dead from Combat
[09:49:14.989] [D] Cleared POI
[09:49:15.462] [D] Changed POI to: Type: Loot, Name: Grimtotem Ruffian, Guid: F130002E860750B7, Entry: 11910, Location: (-33.51, -567.02, -42.89)
[09:49:15.940] [D] [Interact] Interacting with object at 0x2EA2CB08
[09:49:15.972] [D] [Interact] Done interacting with object at 0x2EA2CB08
[09:49:16.137] [D] [QuestRecovery] quest=6548, stage=Objective, old=Attempting, new=Eligible, reason=None, episode=0, attempt=0, retry=
[09:49:16.573] [D] [Singular-DEBUG] Switched targets!
[09:49:16.573] [D] [Singular-DEBUG] Melee Distance: 6.5833335
[09:49:16.573] [D] [Singular-DEBUG] Health: 0
[09:49:16.573] [D] [Singular-DEBUG] Level: 15
[09:49:16.949] [N] Looting Grimtotem Ruffian Guid 0xF130002E860750B7
[09:49:17.046] [D] Cleared POI - Reason Waiting for loot flag
[09:49:17.046] [D] Cleared POI
[09:49:18.153] [N] Loading 1_25_42
[09:49:26.002] [D] Activity: Moving to hotspot
[09:49:32.215] [N] Loading 1_32_35
[09:49:34.870] [N] Mounting: 35022
[09:49:39.022] [N] Loading 1_30_31
[09:49:39.022] [N] Loading 1_30_30
[09:49:39.022] [N] Loading 1_34_34
[09:49:39.022] [N] Loading 1_32_36
[09:49:39.022] [N] Loading 1_33_36
[09:49:39.022] [N] Loading 1_30_34
[09:49:39.022] [N] Loading 1_30_32
[09:49:39.022] [N] Loading 1_29_31
[09:49:39.022] [N] Loading 1_29_30
[09:49:39.469] [N] Loading 1_30_35
[09:49:39.469] [N] Loading 1_31_36
[09:49:39.469] [N] Loading 1_30_33
[09:49:39.469] [N] Loading 1_35_34
[09:49:39.469] [N] Loading 1_29_32
[09:49:39.469] [N] Loading 1_35_35
[09:49:39.469] [N] Loading 1_30_36
[09:49:39.469] [N] Loading 1_30_29
[09:49:39.469] [N] Loading 1_35_36
[09:49:39.469] [N] Loading 1_29_34
[09:49:39.469] [N] Loading 1_32_37
[09:49:39.469] [N] Loading 1_29_29
[09:49:39.469] [N] Loading 1_29_33
[09:49:39.469] [N] Loading 1_33_37
[09:49:39.469] [N] Loading 1_29_35
[09:49:39.469] [N] Loading 1_34_37
[09:49:39.469] [N] Loading 1_36_35
[09:49:39.469] [N] Loading 1_31_37
[09:49:39.469] [N] Loading 1_28_31
[09:49:39.469] [N] Loading 1_28_32
[09:49:39.469] [N] Loading 1_36_34
[09:49:39.469] [N] Loading 1_28_30
[09:49:39.469] [N] Loading 1_36_36
[09:49:39.469] [N] Loading 1_29_36
[09:49:39.469] [N] Loading 1_35_37
[09:49:39.469] [N] Loading 1_30_37
[09:49:39.469] [N] Loading 1_28_33
[09:49:39.469] [N] Loading 1_28_29
[09:49:39.469] [N] Loading 1_30_28
[09:49:39.469] [N] Loading 1_31_28
[09:49:39.469] [N] Loading 1_33_38
[09:49:39.469] [N] Loading 1_32_38
[09:49:39.469] [N] Loading 1_37_35
[09:49:39.469] [N] Loading 1_37_34
[09:49:39.469] [N] Loading 1_31_38
[09:49:39.469] [N] Loading 1_34_38
[09:49:39.469] [N] Loading 1_36_37
[09:49:39.469] [N] Loading 1_29_28
[09:49:39.469] [N] Loading 1_29_37
[09:49:39.469] [N] Loading 1_37_36
[09:49:39.469] [N] Loading 1_28_36
[09:49:39.469] [N] Loading 1_28_35
[09:49:39.469] [N] Loading 1_35_38
[09:49:39.469] [N] Loading 1_27_30
[09:49:39.469] [N] Loading 1_30_38
[09:49:39.469] [N] Loading 1_32_28
[09:49:39.469] [N] Loading 1_27_29
[09:49:39.469] [N] Loading 1_33_39
[09:49:39.469] [N] Loading 1_34_39
[09:49:39.469] [N] Loading 1_32_39
[09:49:39.469] [N] Loading 1_31_27
[09:49:39.469] [N] Loading 1_28_37
[09:49:39.469] [N] Loading 1_27_33
[09:49:39.469] [N] Loading 1_37_37
[09:49:39.469] [N] Loading 1_38_35
[09:49:39.469] [N] Loading 1_28_34
[09:49:39.469] [N] Loading 1_33_29
[09:49:39.469] [N] Loading 1_31_39
[09:49:39.469] [N] Loading 1_29_38
[09:49:39.469] [N] Loading 1_36_38
[09:49:39.469] [N] Loading 1_38_36
[09:49:39.968] [N] Loading 1_27_32
[09:49:39.968] [N] Loading 1_33_28
[09:49:39.968] [N] Loading 1_38_34
[09:49:39.968] [N] Loading 1_30_39
[09:49:39.968] [N] Loading 1_27_36
[09:49:39.968] [N] Loading 1_27_35
[09:49:39.968] [N] Loading 1_27_34
[09:49:39.968] [N] Loading 1_36_30
[09:49:39.968] [N] Loading 1_32_27
[09:49:39.968] [N] Loading 1_35_39
[09:49:39.968] [N] Loading 1_34_29
[09:49:39.968] [N] Loading 1_39_35
[09:49:39.968] [N] Loading 1_33_27
[09:49:39.968] [N] Loading 1_38_37
[09:49:39.968] [N] Loading 1_34_28
[09:49:39.968] [N] Loading 1_27_37
[09:49:39.968] [N] Loading 1_28_38
[09:49:39.969] [N] Loading 1_39_36
[09:49:39.969] [N] Loading 1_31_40
[09:49:39.969] [N] Loading 1_29_39
[09:49:39.969] [N] Loading 1_36_39
[09:49:39.969] [N] Loading 1_27_31
[09:49:39.969] [N] Loading 1_26_29
[09:49:39.969] [N] Loading 1_27_28
[09:49:39.969] [N] Loading 1_38_31
[09:49:39.969] [N] Loading 1_32_40
[09:49:39.969] [N] Loading 1_39_34
[09:49:39.969] [N] Loading 1_26_33
[09:49:39.969] [N] Loading 1_38_32
[09:49:39.969] [N] Loading 1_28_28
[09:49:39.969] [N] Loading 1_30_40
[09:49:39.969] [N] Loading 1_26_32
[09:49:39.969] [N] Loading 1_35_29
[09:49:39.969] [N] Loading 1_34_40
[09:49:39.969] [N] Loading 1_34_27
[09:49:39.969] [N] Loading 1_26_35
[09:49:39.969] [N] Loading 1_26_30
[09:49:39.969] [N] Loading 1_33_40
[09:49:39.969] [N] Loading 1_35_28
[09:49:39.969] [N] Loading 1_26_34
[09:49:39.969] [N] Loading 1_26_28
[09:49:39.969] [N] Loading 1_35_40
[09:49:39.969] [N] Loading 1_39_37
[09:49:39.969] [N] Loading 1_40_35
[09:49:39.969] [N] Loading 1_26_36
[09:49:39.969] [N] Loading 1_37_38
[09:49:39.969] [N] Loading 1_27_38
[09:49:39.969] [N] Loading 1_32_26
[09:49:39.969] [N] Loading 1_33_26
[09:49:39.969] [N] Loading 1_28_39
[09:49:39.969] [N] Loading 1_26_31
[09:49:39.969] [N] Loading 1_31_41
[09:49:39.969] [N] Loading 1_26_37
[09:49:39.969] [N] Loading 1_40_36
[09:49:39.969] [N] Loading 1_38_33
[09:49:39.969] [N] Loading 1_35_27
[09:49:39.969] [N] Loading 1_29_40
[09:49:39.969] [N] Loading 1_36_29
[09:49:39.969] [N] Loading 1_36_28
[09:49:39.969] [N] Loading 1_34_26
[09:49:39.969] [N] Loading 1_25_33
[09:49:39.969] [N] Loading 1_31_26
[09:49:40.486] [N] Loading 1_32_41
[09:49:40.487] [N] Loading 1_37_39
[09:49:40.487] [N] Loading 1_30_41
[09:49:40.487] [N] Loading 1_36_40
[09:49:40.487] [N] Loading 1_38_38
[09:49:40.487] [N] Loading 1_25_35
[09:49:40.487] [N] Loading 1_26_38
[09:49:40.487] [N] Loading 1_40_34
[09:49:40.487] [N] Loading 1_25_32
[09:49:40.487] [N] Loading 1_33_41
[09:49:40.487] [N] Loading 1_27_27
[09:49:40.487] [N] Loading 1_39_38
[09:49:40.487] [N] Loading 1_25_31
[09:49:40.487] [N] Loading 1_25_34
[09:49:40.487] [N] Loading 1_35_26
[09:49:40.487] [N] Loading 1_40_37
[09:49:40.487] [N] Loading 1_41_35
[09:49:40.487] [N] Loading 1_36_27
[09:49:40.487] [N] Loading 1_27_39
[09:49:40.487] [N] Loading 1_37_40
[09:49:40.487] [N] Loading 1_41_36
[09:49:40.487] [N] Loading 1_28_40
[09:49:40.487] [N] Loading 1_29_41
[09:49:40.487] [N] Loading 1_31_42
[09:49:40.487] [N] Loading 1_35_41
[09:49:40.487] [N] Loading 1_38_39
[09:49:40.487] [N] Loading 1_32_42
[09:49:40.487] [N] Loading 1_34_41
[09:49:40.487] [N] Loading 1_36_26
[09:49:40.487] [N] Loading 1_40_38
[09:49:40.487] [N] Loading 1_24_34
[09:49:40.487] [N] Loading 1_33_25
[09:49:40.487] [N] Loading 1_25_37
[09:49:40.487] [N] Loading 1_25_30
[09:49:40.487] [N] Loading 1_24_35
[09:49:40.487] [N] Loading 1_26_39
[09:49:40.487] [N] Loading 1_25_38
[09:49:40.487] [N] Loading 1_32_25
[09:49:40.487] [N] Loading 1_30_27
[09:49:40.487] [N] Loading 1_30_42
[09:49:40.487] [N] Loading 1_33_42
[09:49:40.487] [N] Loading 1_39_39
[09:49:40.487] [N] Loading 1_28_41
[09:49:40.487] [N] Loading 1_24_32
[09:49:40.487] [N] Loading 1_38_40
[09:49:40.487] [N] Loading 1_37_27
[09:49:40.487] [N] Loading 1_24_33
[09:49:40.487] [N] Loading 1_36_41
[09:49:40.487] [N] Loading 1_41_37
[09:49:40.487] [N] Loading 1_31_25
[09:49:40.487] [N] Loading 1_30_26
[09:49:40.487] [N] Loading 1_29_42
[09:49:40.487] [N] Loading 1_35_25
[09:49:40.487] [N] Loading 1_24_31
[09:49:40.487] [N] Loading 1_37_28
[09:49:40.487] [N] Loading 1_34_42
[09:49:40.487] [N] Loading 1_27_40
[09:49:40.487] [N] Loading 1_25_39
[09:49:40.487] [N] Loading 1_34_25
[09:49:40.487] [N] Loading 1_41_38
[09:49:40.487] [N] Loading 1_40_39
[09:49:40.487] [N] Loading 1_24_30
[09:49:40.487] [N] Loading 1_39_40
[09:49:40.487] [N] Loading 1_36_25
[09:49:40.487] [N] Loading 1_26_40
[09:49:40.487] [N] Loading 1_37_41
[09:49:40.487] [N] Loading 1_37_29
[09:49:40.487] [N] Loading 1_23_34
[09:49:40.487] [N] Loading 1_23_33
[09:49:40.487] [N] Loading 1_25_29
[09:49:40.487] [N] Loading 1_37_26
[09:49:40.972] [N] Loading 1_27_41
[09:49:40.972] [N] Loading 1_41_34
[09:49:40.972] [N] Loading 1_38_27
[09:49:40.972] [N] Loading 1_38_28
[09:49:40.972] [N] Loading 1_31_43
[09:49:40.972] [N] Loading 1_35_42
[09:49:40.972] [N] Loading 1_30_25
[09:49:40.972] [N] Loading 1_32_43
[09:49:40.972] [N] Loading 1_28_42
[09:49:40.972] [N] Loading 1_24_29
[09:49:40.972] [N] Loading 1_42_35
[09:49:40.972] [N] Loading 1_41_39
[09:49:40.972] [N] Loading 1_25_40
[09:49:40.972] [N] Loading 1_38_41
[09:49:40.972] [N] Loading 1_33_43
[09:49:40.972] [N] Loading 1_42_34
[09:49:40.972] [N] Loading 1_23_32
[09:49:40.972] [N] Loading 1_23_31
[09:49:40.972] [N] Loading 1_30_43
[09:49:40.972] [N] Loading 1_33_24
[09:49:40.972] [N] Loading 1_29_27
[09:49:40.972] [N] Loading 1_39_41
[09:49:40.972] [N] Loading 1_38_26
[09:49:40.972] [N] Loading 1_40_33
[09:49:40.972] [N] Loading 1_41_33
[09:49:40.972] [N] Loading 1_34_43
[09:49:40.972] [N] Loading 1_36_42
[09:49:40.972] [N] Loading 1_39_33
[09:49:40.972] [N] Loading 1_42_36
[09:49:40.972] [N] Loading 1_40_40
[09:49:40.972] [N] Loading 1_29_26
[09:49:40.972] [N] Loading 1_26_41
[09:49:40.972] [N] Loading 1_23_30
[09:49:40.972] [N] Loading 1_22_33
[09:49:40.972] [N] Loading 1_34_24
[09:49:40.972] [N] Loading 1_35_24
[09:49:40.972] [N] Loading 1_29_43
[09:49:40.972] [N] Loading 1_39_28
[09:49:40.972] [N] Loading 1_39_27
[09:49:40.972] [N] Loading 1_39_32
[09:49:40.972] [N] Loading 1_23_29
[09:49:40.972] [N] Loading 1_40_32
[09:49:40.972] [N] Loading 1_25_28
[09:49:40.972] [N] Loading 1_24_39
[09:49:40.972] [N] Loading 1_36_24
[09:49:40.972] [N] Loading 1_24_40
[09:49:40.972] [N] Loading 1_22_32
[09:49:40.972] [N] Loading 1_25_41
[09:49:40.972] [N] Loading 1_27_42
[09:49:40.972] [N] Loading 1_37_25
[09:49:40.972] [N] Loading 1_35_43
[09:49:40.972] [N] Loading 1_40_41
[09:49:40.972] [N] Loading 1_37_42
[09:49:40.972] [N] Loading 1_22_31
[09:49:40.972] [N] Loading 1_24_28
[09:49:40.972] [N] Loading 1_29_25
[09:49:40.972] [N] Loading 1_42_37
[09:49:40.972] [N] Loading 1_39_31
[09:49:40.972] [N] Loading 1_39_29
[09:49:40.972] [N] Loading 1_40_31
[09:49:40.972] [N] Loading 1_28_43
[09:49:40.972] [N] Loading 1_43_36
[09:49:40.972] [N] Loading 1_31_44
[09:49:40.972] [N] Loading 1_24_41
[09:49:40.972] [N] Loading 1_22_30
[09:49:40.972] [N] Loading 1_32_44
[09:49:40.972] [N] Loading 1_21_33
[09:49:40.972] [N] Loading 1_26_42
[09:49:40.972] [N] Loading 1_41_32
[09:49:40.972] [N] Loading 1_40_28
[09:49:40.972] [N] Loading 1_28_27
[09:49:40.972] [N] Loading 1_40_27
[09:49:40.972] [N] Loading 1_38_42
[09:49:40.972] [N] Loading 1_23_28
[09:49:40.972] [N] Loading 1_21_32
[09:49:40.972] [N] Loading 1_33_44
[09:49:40.972] [N] Loading 1_30_44
[09:49:40.972] [N] Loading 1_37_24
[09:49:40.972] [N] Loading 1_39_42
[09:49:40.972] [N] Loading 1_39_30
[09:49:40.972] [N] Loading 1_34_44
[09:49:40.972] [N] Loading 1_22_34
[09:49:40.972] [N] Loading 1_28_26
[09:49:41.292] [N] Loading 1_21_34
[09:49:41.292] [N] Loading 1_40_30
[09:49:44.444] [N] Loading 1_31_35
[09:49:45.445] [N] Loading 1_38_25
[09:49:47.337] [D] [QuestLog] Loaded 66 completed quests from Lua fallback
[09:49:48.058] [N] Loading 1_36_43
[09:49:49.752] [D] [Singular-DEBUG] Switched targets!
[09:49:49.752] [D] [Singular-DEBUG] Melee Distance: 6.5833335
[09:49:49.752] [D] [Singular-DEBUG] Health: 100
[09:49:49.752] [D] [Singular-DEBUG] Level: 14
[09:49:50.119] [D] Changed POI to: Type: Kill, Name: Grimtotem Ruffian, Guid: F130002E86074ADE, Entry: 11910, Location: (-4.97, -700.08, -19.13)
[09:49:50.590] [D] Dismount to kill bot poi.
[09:49:50.590] [D] Stop and dismount. Reason: Combat
[09:49:51.468] [N] [Singular] Casting Exorcism on Grimtotem Ruffian
[09:49:51.468] [D] Spell_C::CastSpell(879, 0, 0xF130002E86074ADE, 0)
[09:49:53.451] [N] [Singular] Casting Judgement of Light on Grimtotem Ruffian
[09:49:53.452] [D] Spell_C::CastSpell(20271, 0, 0xF130002E86074ADE, 0)
[09:49:53.952] [D] Cleared POI - Reason POI is dead from Combat
[09:49:53.953] [D] Cleared POI
[09:49:54.089] [D] [QuestRecovery] quest=6548, stage=Objective, old=Attempting, new=Eligible, reason=None, episode=0, attempt=0, retry=
[09:49:54.089] [N] [Wholesome Auto Quest] Quest 6548 Objective completed; queuing one scheduler rebuild.
[09:49:54.427] [N] [Singular] Currect target is invalid. Switching to Grimtotem Mercenary!
[09:49:54.592] [D] [QuestRecovery] quest=6548, stage=Objective, old=Attempting, new=Eligible, reason=None, episode=0, attempt=0, retry=
[09:49:55.033] [D] [Singular-DEBUG] Switched targets!
[09:49:55.033] [D] [Singular-DEBUG] Melee Distance: 6.5833335
[09:49:55.033] [D] [Singular-DEBUG] Health: 100
[09:49:55.033] [D] [Singular-DEBUG] Level: 14
[09:49:55.065] [D] [QuestRecovery] quest=6548, stage=Objective, old=Attempting, new=Eligible, reason=None, episode=0, attempt=0, retry=
[09:49:55.872] [D] [QuestRecovery] quest=6548, stage=Objective, old=Attempting, new=Eligible, reason=None, episode=0, attempt=0, retry=
[09:49:56.510] [D] [QuestRecovery] quest=6548, stage=Objective, old=Attempting, new=Eligible, reason=None, episode=0, attempt=0, retry=
[09:49:57.154] [D] [QuestRecovery] quest=6548, stage=Objective, old=Attempting, new=Eligible, reason=None, episode=0, attempt=0, retry=
[09:49:57.795] [D] [QuestRecovery] quest=6548, stage=Objective, old=Attempting, new=Eligible, reason=None, episode=0, attempt=0, retry=
[09:49:58.399] [D] [QuestRecovery] quest=6548, stage=Objective, old=Attempting, new=Eligible, reason=None, episode=0, attempt=0, retry=
[09:49:59.002] [D] [QuestRecovery] quest=6548, stage=Objective, old=Attempting, new=Eligible, reason=None, episode=0, attempt=0, retry=
[09:49:59.610] [D] [QuestRecovery] quest=6548, stage=Objective, old=Attempting, new=Eligible, reason=None, episode=0, attempt=0, retry=
[09:50:00.220] [D] [QuestRecovery] quest=6548, stage=Objective, old=Attempting, new=Eligible, reason=None, episode=0, attempt=0, retry=
[09:50:00.822] [D] [QuestRecovery] quest=6548, stage=Objective, old=Attempting, new=Eligible, reason=None, episode=0, attempt=0, retry=
[09:50:01.428] [D] [QuestRecovery] quest=6548, stage=Objective, old=Attempting, new=Eligible, reason=None, episode=0, attempt=0, retry=
[09:50:01.967] [N] [Singular] Casting Judgement of Light on Grimtotem Mercenary
[09:50:01.967] [D] Spell_C::CastSpell(20271, 0, 0xF130002E87074AE7, 0)
[09:50:02.134] [D] [QuestRecovery] quest=6548, stage=Objective, old=Attempting, new=Eligible, reason=None, episode=0, attempt=0, retry=
[09:50:03.616] [N] [Singular] Currect target is invalid. Switching to Grimtotem Mercenary!
[09:50:03.818] [D] [QuestRecovery] quest=6548, stage=Objective, old=Attempting, new=Eligible, reason=None, episode=0, attempt=0, retry=
[09:50:04.220] [D] [Singular-DEBUG] Switched targets!
[09:50:04.220] [D] [Singular-DEBUG] Melee Distance: 6.8833337
[09:50:04.220] [D] [Singular-DEBUG] Health: 100
[09:50:04.220] [D] [Singular-DEBUG] Level: 15
[09:50:04.254] [D] [QuestRecovery] quest=6548, stage=Objective, old=Attempting, new=Eligible, reason=None, episode=0, attempt=0, retry=
[09:50:05.032] [D] [QuestRecovery] quest=6548, stage=Objective, old=Attempting, new=Eligible, reason=None, episode=0, attempt=0, retry=
[09:50:05.640] [D] [QuestRecovery] quest=6548, stage=Objective, old=Attempting, new=Eligible, reason=None, episode=0, attempt=0, retry=
[09:50:06.245] [D] [QuestRecovery] quest=6548, stage=Objective, old=Attempting, new=Eligible, reason=None, episode=0, attempt=0, retry=
[09:50:06.819] [D] [QuestRecovery] quest=6548, stage=Objective, old=Attempting, new=Eligible, reason=None, episode=0, attempt=0, retry=
[09:50:07.393] [D] [QuestRecovery] quest=6548, stage=Objective, old=Attempting, new=Eligible, reason=None, episode=0, attempt=0, retry=
[09:50:07.997] [D] [QuestRecovery] quest=6548, stage=Objective, old=Attempting, new=Eligible, reason=None, episode=0, attempt=0, retry=
[09:50:08.434] [N] [Singular] Casting Exorcism on Grimtotem Mercenary
[09:50:08.434] [D] Spell_C::CastSpell(879, 0, 0xF130002E87074ADC, 0)
[09:50:08.602] [D] [QuestRecovery] quest=6548, stage=Objective, old=Attempting, new=Eligible, reason=None, episode=0, attempt=0, retry=
[09:50:09.476] [D] [QuestRecovery] quest=6548, stage=Objective, old=Attempting, new=Eligible, reason=None, episode=0, attempt=0, retry=
[09:50:10.053] [D] [QuestRecovery] quest=6548, stage=Objective, old=Attempting, new=Eligible, reason=None, episode=0, attempt=0, retry=
[09:50:10.623] [D] [QuestRecovery] quest=6548, stage=Objective, old=Attempting, new=Eligible, reason=None, episode=0, attempt=0, retry=
[09:50:10.928] [N] [Singular] Currect target is invalid. Switching to Grimtotem Mercenary!
[09:50:11.096] [D] [QuestRecovery] quest=6548, stage=Objective, old=Attempting, new=Eligible, reason=None, episode=0, attempt=0, retry=
[09:50:11.501] [D] [Singular-DEBUG] Switched targets!
[09:50:11.502] [D] [Singular-DEBUG] Melee Distance: 6.8833337
[09:50:11.502] [D] [Singular-DEBUG] Health: 100
[09:50:11.502] [D] [Singular-DEBUG] Level: 14
[09:50:11.535] [D] [QuestRecovery] quest=6548, stage=Objective, old=Attempting, new=Eligible, reason=None, episode=0, attempt=0, retry=
[09:50:12.039] [D] [QuestRecovery] quest=6548, stage=Objective, old=Attempting, new=Eligible, reason=None, episode=0, attempt=0, retry=
[09:50:12.611] [D] [MeshNavigator] Skipped 2 path nodes
[09:50:12.781] [D] [QuestRecovery] quest=6548, stage=Objective, old=Attempting, new=Eligible, reason=None, episode=0, attempt=0, retry=
[09:50:13.387] [D] [QuestRecovery] quest=6548, stage=Objective, old=Attempting, new=Eligible, reason=None, episode=0, attempt=0, retry=
[09:50:13.990] [D] [QuestRecovery] quest=6548, stage=Objective, old=Attempting, new=Eligible, reason=None, episode=0, attempt=0, retry=
[09:50:14.697] [D] [QuestRecovery] quest=6548, stage=Objective, old=Attempting, new=Eligible, reason=None, episode=0, attempt=0, retry=
[09:50:15.371] [D] [QuestRecovery] quest=6548, stage=Objective, old=Attempting, new=Eligible, reason=None, episode=0, attempt=0, retry=
[09:50:15.807] [N] [Singular] Casting Judgement of Light on Grimtotem Mercenary
[09:50:15.807] [D] Spell_C::CastSpell(20271, 0, 0xF130002E87074AD5, 0)
[09:50:15.979] [D] [QuestRecovery] quest=6548, stage=Objective, old=Attempting, new=Eligible, reason=None, episode=0, attempt=0, retry=
[09:50:16.580] [D] [QuestRecovery] quest=6548, stage=Objective, old=Attempting, new=Eligible, reason=None, episode=0, attempt=0, retry=
[09:50:17.152] [D] [QuestRecovery] quest=6548, stage=Objective, old=Attempting, new=Eligible, reason=None, episode=0, attempt=0, retry=
[09:50:17.623] [N] [Singular] Casting Exorcism on Grimtotem Mercenary
[09:50:17.623] [D] Spell_C::CastSpell(879, 0, 0xF130002E87074AD5, 0)
[09:50:17.790] [D] [QuestRecovery] quest=6548, stage=Objective, old=Attempting, new=Eligible, reason=None, episode=0, attempt=0, retry=
[09:50:18.566] [D] [QuestRecovery] quest=6548, stage=Objective, old=Attempting, new=Eligible, reason=None, episode=0, attempt=0, retry=
[09:50:19.202] [D] [QuestRecovery] quest=6548, stage=Objective, old=Attempting, new=Eligible, reason=None, episode=0, attempt=0, retry=
[09:50:19.843] [D] [QuestRecovery] quest=6548, stage=Objective, old=Attempting, new=Eligible, reason=None, episode=0, attempt=0, retry=
[09:50:20.148] [N] [Singular] Currect target is invalid. Switching to Grimtotem Mercenary!
[09:50:20.318] [D] [QuestRecovery] quest=6548, stage=Objective, old=Attempting, new=Eligible, reason=None, episode=0, attempt=0, retry=
[09:50:20.719] [D] [Singular-DEBUG] Switched targets!
[09:50:20.719] [D] [Singular-DEBUG] Melee Distance: 6.8833337
[09:50:20.719] [D] [Singular-DEBUG] Health: 90
[09:50:20.719] [D] [Singular-DEBUG] Level: 14
[09:50:20.752] [D] [QuestRecovery] quest=6548, stage=Objective, old=Attempting, new=Eligible, reason=None, episode=0, attempt=0, retry=
[09:50:21.259] [D] [QuestRecovery] quest=6548, stage=Objective, old=Attempting, new=Eligible, reason=None, episode=0, attempt=0, retry=
[09:50:21.867] [D] [QuestRecovery] quest=6548, stage=Objective, old=Attempting, new=Eligible, reason=None, episode=0, attempt=0, retry=
[09:50:22.434] [D] [QuestRecovery] quest=6548, stage=Objective, old=Attempting, new=Eligible, reason=None, episode=0, attempt=0, retry=
[09:50:23.072] [D] [QuestRecovery] quest=6548, stage=Objective, old=Attempting, new=Eligible, reason=None, episode=0, attempt=0, retry=
[09:50:23.480] [N] [Singular] Casting Divine Protection on Myself
[09:50:23.480] [D] Spell_C::CastSpell(498, 0, 0x6000000007EAB80, 0)
[09:50:23.647] [D] [QuestRecovery] quest=6548, stage=Objective, old=Attempting, new=Eligible, reason=None, episode=0, attempt=0, retry=
[09:50:24.084] [N] [Singular] Casting Exorcism on Grimtotem Mercenary
[09:50:24.084] [D] Spell_C::CastSpell(879, 0, 0xF130002E87074AC4, 0)
[09:50:24.250] [D] [QuestRecovery] quest=6548, stage=Objective, old=Attempting, new=Eligible, reason=None, episode=0, attempt=0, retry=
[09:50:25.191] [D] [QuestRecovery] quest=6548, stage=Objective, old=Attempting, new=Eligible, reason=None, episode=0, attempt=0, retry=
[09:50:26.000] [N] [Singular] Casting Judgement of Light on Grimtotem Mercenary
[09:50:26.000] [D] Spell_C::CastSpell(20271, 0, 0xF130002E87074AC4, 0)
[09:50:26.166] [D] [QuestRecovery] quest=6548, stage=Objective, old=Attempting, new=Eligible, reason=None, episode=0, attempt=0, retry=
[09:50:26.469] [D] Changed POI to: Type: Loot, Name: Grimtotem Mercenary, Guid: F130002E87074AD5, Entry: 11911, Location: (-30.46, -693.89, -13.59)
[09:50:26.603] [D] [QuestRecovery] quest=6548, stage=Objective, old=Attempting, new=Eligible, reason=None, episode=0, attempt=0, retry=
[09:50:26.905] [N] Moving to Type: Loot, Name: Grimtotem Mercenary, Guid: F130002E87074AD5, Entry: 11911, Location: (-30.46, -693.89, -13.59)
[09:50:27.309] [D] [QuestRecovery] quest=6548, stage=Objective, old=Attempting, new=Eligible, reason=None, episode=0, attempt=0, retry=
[09:50:27.822] [D] [Interact] Interacting with object at 0x2E9F1058
[09:50:27.852] [D] [Interact] Done interacting with object at 0x2E9F1058
[09:50:28.020] [D] [QuestRecovery] quest=6548, stage=Objective, old=Attempting, new=Eligible, reason=None, episode=0, attempt=0, retry=
[09:50:28.464] [D] [QuestRecovery] quest=6548, stage=Objective, old=Attempting, new=Eligible, reason=None, episode=0, attempt=0, retry=
[09:50:28.844] [D] Activity: No eligible quest work; idle until 2026-09-05T06:10:20.8040908Z. excluded quest=104;stage=Pickup;npc=392;reason=outside-scan-radius;retry=context-change excluded quest=1062;stage=Objective;objective=0;reason=outside-scan-radius;retry=context-change. excluded quest=1069;stage=Pickup;npc=3446;reason=outside-scan-radius;retry=context-change excluded quest=1087;stage=Pickup;npc=4198;reason=outside-scan-radius;retry=context-change excluded quest=1093;stage=Pickup;npc=4201;reason=outside-scan-radius;retry=context-change excluded quest=11127;stage=Pickup;scope=QuestStage;retry=2026-09-05T06:10:20.8287986Z;state=Quarantined. excluded quest=118;stage=Pickup;npc=415;reason=outside-scan-radius;retry=context-change excluded quest=1195;stage=Pickup;npc=4721;reason=outside-scan-radius;retry=context-change excluded quest=14106;stage=Pickup;scope=QuestStage;retry=2026-09-05T06:10:20.8250193Z;state=Quarantined. excluded quest=1483;stage=Pickup;npc=3442;reason=outside-scan-radius;retry=context-change excluded quest=152;stage=Pickup;npc=392;reason=outside-scan-radius;retry=context-change excluded quest=2098;stage=Pickup;npc=6667;reason=outside-scan-radius;retry=context-change excluded quest=216;stage=Pickup;npc=12757;reason=outside-scan-radius;retry=context-change excluded quest=235;stage=Pickup;npc=10880;reason=outside-scan-radius;retry=context-change excluded quest=3281;stage=TurnIn;npc=3464;reason=outside-scan-radius;retry=context-change excluded quest=4542;stage=Pickup;npc=10079;reason=outside-scan-radius;retry=context-change excluded quest=470;stage=Pickup;npc=2111;reason=outside-scan-radius;retry=context-change excluded quest=472;stage=Pickup;npc=2097;reason=outside-scan-radius;retry=context-change excluded quest=4740;stage=Pickup;npc=175320;reason=outside-scan-radius;retry=context-change excluded quest=4921;stage=Objective;objective=0;reason=outside-scan-radius;retry=context-change. excluded quest=493;stage=Pickup;npc=1937;reason=outside-scan-radius;retry=context-change excluded quest=494;stage=Pickup;npc=2214;reason=outside-scan-radius;retry=context-change excluded quest=496;stage=Pickup;npc=2216;reason=outside-scan-radius;retry=context-change excluded quest=498;stage=Pickup;npc=2229;reason=outside-scan-radius;retry=context-change excluded quest=501;stage=Pickup;npc=2216;reason=outside-scan-radius;retry=context-change excluded quest=516;stage=Pickup;npc=2121;reason=outside-scan-radius;retry=context-change excluded quest=527;stage=Pickup;npc=2215;reason=outside-scan-radius;retry=context-change excluded quest=546;stage=Pickup;npc=2418;reason=outside-scan-radius;retry=context-change excluded quest=549;stage=Pickup;npc=1763;reason=outside-scan-radius;retry=context-change excluded quest=6301;stage=Pickup;npc=11864;reason=outside-scan-radius;retry=context-change excluded quest=6382;stage=Pickup;npc=3387;reason=outside-scan-radius;retry=context-change excluded quest=6383;stage=Pickup;npc=12696;reason=outside-scan-radius;retry=context-change excluded quest=6393;stage=Pickup;npc=11862;reason=outside-scan-radius;retry=context-change excluded quest=6442;stage=Pickup;npc=12719;reason=outside-scan-radius;retry=context-change excluded quest=6461;stage=Pickup;npc=12816;reason=outside-scan-radius;retry=context-change excluded quest=6462;stage=Pickup;npc=12721;reason=outside-scan-radius;retry=context-change excluded quest=6503;stage=Pickup;npc=12867;reason=outside-scan-radius;retry=context-change excluded quest=6541;stage=Pickup;npc=3429;reason=outside-scan-radius;retry=context-change excluded quest=6542;stage=Pickup;npc=11821;reason=outside-scan-radius;retry=context-change excluded quest=6543;stage=Pickup;npc=8582;reason=outside-scan-radius;retry=context-change excluded quest=6548;stage=TurnIn;npc=11857;reason=outside-scan-radius;retry=context-change excluded quest=742;stage=Pickup;npc=10881;reason=outside-scan-radius;retry=context-change excluded quest=747;stage=Objective;scope=Objective;objective=0;retry=2026-09-05T06:10:20.8040908Z;state=Quarantined. excluded quest=747;stage=Objective;scope=Objective;objective=1;retry=2026-09-05T06:10:20.8116023Z;state=Quarantined. excluded quest=7790;stage=Pickup;scope=QuestStage;retry=2026-09-05T06:10:20.8249148Z;state=Quarantined. excluded quest=843;stage=Pickup;npc=3341;reason=outside-scan-radius;retry=context-change excluded quest=8487;stage=TurnIn;npc=15402;reason=outside-scan-radius;retry=context-change excluded quest=851;stage=Pickup;npc=3389;reason=outside-scan-radius;retry=context-change excluded quest=858;stage=Pickup;npc=3439;reason=outside-scan-radius;retry=context-change excluded quest=865;stage=Pickup;npc=3446;reason=outside-scan-radius;retry=context-change excluded quest=867;stage=Objective;scope=Objective;objective=0;retry=2026-09-05T06:10:20.8137024Z;state=Quarantined. excluded quest=868;stage=Pickup;npc=3428;reason=outside-scan-radius;retry=context-change excluded quest=878;stage=Pickup;npc=3430;reason=outside-scan-radius;retry=context-change excluded quest=8889;stage=Objective;objective=0;reason=outside-scan-radius;retry=context-change. excluded quest=8889;stage=Objective;objective=1;reason=outside-scan-radius;retry=context-change. excluded quest=8889;stage=Objective;objective=2;reason=outside-scan-radius;retry=context-change. excluded quest=891;stage=Objective;objective=0;reason=outside-scan-radius;retry=context-change. excluded quest=891;stage=Objective;objective=1;reason=outside-scan-radius;retry=context-change. excluded quest=891;stage=Objective;objective=2;reason=outside-scan-radius;retry=context-change. excluded quest=891;stage=Objective;scope=Objective;objective=3;retry=2026-09-05T06:10:20.8169213Z;state=Quarantined. excluded quest=893;stage=Pickup;npc=3433;reason=outside-scan-radius;retry=context-change excluded quest=894;stage=TurnIn;npc=4141;reason=outside-scan-radius;retry=context-change excluded quest=896;stage=Objective;scope=Objective;objective=0;retry=2026-09-05T06:10:20.8197153Z;state=Quarantined. excluded quest=9067;stage=Objective;scope=Objective;objective=0;retry=2026-09-05T07:12:52.3802265Z;state=Quarantined. excluded quest=9151;stage=Pickup;npc=16199;reason=outside-scan-radius;retry=context-change excluded quest=9157;stage=TurnIn;npc=16201;reason=outside-scan-radius;retry=context-change excluded quest=9214;stage=Pickup;npc=16220;reason=outside-scan-radius;retry=context-change excluded quest=9218;stage=Pickup;npc=16205;reason=outside-scan-radius;retry=context-change excluded quest=9275;stage=Pickup;npc=16464;reason=outside-scan-radius;retry=context-change excluded quest=9276;stage=Pickup;npc=16463;reason=outside-scan-radius;retry=context-change excluded quest=9281;stage=Pickup;npc=16480;reason=outside-scan-radius;retry=context-change excluded quest=9388;stage=Pickup;scope=QuestStage;retry=2026-09-05T06:10:20.8314367Z;state=Quarantined. excluded quest=9389;stage=Pickup;scope=QuestStage;retry=2026-09-05T06:10:20.8315248Z;state=Quarantined. excluded quest=9425;stage=Pickup;npc=16287;reason=outside-scan-radius;retry=context-change excluded quest=9428;stage=Pickup;npc=17098;reason=outside-scan-radius;retry=context-change excluded quest=959;stage=Pickup;npc=3665;reason=outside-scan-radius;retry=context-change excluded quest=962;stage=Pickup;npc=3419;reason=outside-scan-radius;retry=context-change excluded quest=965;stage=Pickup;npc=3657;reason=outside-scan-radius;retry=context-change excluded quest=9749;stage=Pickup;scope=QuestStage;retry=2026-09-05T06:10:20.8275214Z;state=Quarantined. Expanding scan radius from 250 to 500 yards before fallback.
[09:50:28.866] [N] Eating Bristle Whisker Catfish
[09:50:28.900] [N] [Wholesome Auto Quest] Rest: HP=68% MP=85% — paused (ate)
[09:50:28.900] [N] Looting Grimtotem Mercenary Guid 0xF130002E87074AD5
[09:50:29.005] [D] Cleared POI - Reason Waiting for loot flag
[09:50:29.005] [D] Cleared POI
[09:50:29.606] [D] [QuestRecovery] quest=6548, stage=Objective, old=Attempting, new=Eligible, reason=None, episode=0, attempt=0, retry=
[09:50:29.982] [D] [WholesomeAQ] Quest chain correction: ancestor=1062; descendant=1063.
[09:50:29.982] [D] [WholesomeAQ] Quest chain correction: ancestor=1062; descendant=1068.
[09:50:30.000] [D] Loading profile from D:\World of Warcraft 3.3.5a\CB\Bots\WholesomeAutoQuest\WHOLESOME_AUTOQUESTER.xml
[09:50:30.008] [N] Profile loaded: WholesomeAQ - Stonetalon Mountains
[09:50:30.013] [D] Selected sub-profile: WholesomeAQ - Stonetalon Mountains (L1-80)
[09:50:30.013] [N] [Wholesome Auto Quest] Profile refreshed - Selected 3 quest work candidate(s). selected quest=6548;stage=TurnIn;state=Eligible. selected quest=6542;stage=Pickup;state=Eligible. selected quest=6461;stage=Pickup;state=Eligible. excluded quest=104;stage=Pickup;npc=392;reason=outside-scan-radius;retry=context-change excluded quest=1062;stage=AncestorCorrection;objective=0;reason=outside-scan-radius;retry=context-change. excluded quest=1069;stage=Pickup;npc=3446;reason=outside-scan-radius;retry=context-change excluded quest=1087;stage=Pickup;npc=4198;reason=outside-scan-radius;retry=context-change excluded quest=1093;stage=Pickup;npc=4201;reason=outside-scan-radius;retry=context-change excluded quest=11127;stage=Pickup;scope=QuestStage;retry=2026-09-05T06:10:20.8287986Z;state=Quarantined. excluded quest=118;stage=Pickup;npc=415;reason=outside-scan-radius;retry=context-change excluded quest=1195;stage=Pickup;npc=4721;reason=outside-scan-radius;retry=context-change excluded quest=14106;stage=Pickup;scope=QuestStage;retry=2026-09-05T06:10:20.8250193Z;state=Quarantined. excluded quest=1483;stage=Pickup;npc=3442;reason=outside-scan-radius;retry=context-change excluded quest=152;stage=Pickup;npc=392;reason=outside-scan-radius;retry=context-change excluded quest=2098;stage=Pickup;npc=6667;reason=outside-scan-radius;retry=context-change excluded quest=216;stage=Pickup;npc=12757;reason=outside-scan-radius;retry=context-change excluded quest=235;stage=Pickup;npc=10880;reason=outside-scan-radius;retry=context-change excluded quest=3281;stage=TurnIn;npc=3464;reason=outside-scan-radius;retry=context-change excluded quest=4542;stage=Pickup;npc=10079;reason=outside-scan-radius;retry=context-change excluded quest=470;stage=Pickup;npc=2111;reason=outside-scan-radius;retry=context-change excluded quest=472;stage=Pickup;npc=2097;reason=outside-scan-radius;retry=context-change excluded quest=4740;stage=Pickup;npc=175320;reason=outside-scan-radius;retry=context-change excluded quest=4921;stage=Objective;objective=0;reason=outside-scan-radius;retry=context-change. excluded quest=493;stage=Pickup;npc=1937;reason=outside-scan-radius;retry=context-change excluded quest=494;stage=Pickup;npc=2214;reason=outside-scan-radius;retry=context-change excluded quest=496;stage=Pickup;npc=2216;reason=outside-scan-radius;retry=context-change excluded quest=498;stage=Pickup;npc=2229;reason=outside-scan-radius;retry=context-change excluded quest=501;stage=Pickup;npc=2216;reason=outside-scan-radius;retry=context-change excluded quest=516;stage=Pickup;npc=2121;reason=outside-scan-radius;retry=context-change excluded quest=527;stage=Pickup;npc=2215;reason=outside-scan-radius;retry=context-change excluded quest=546;stage=Pickup;npc=2418;reason=outside-scan-radius;retry=context-change excluded quest=549;stage=Pickup;npc=1763;reason=outside-scan-radius;retry=context-change excluded quest=6301;stage=Pickup;npc=11864;reason=outside-scan-radius;retry=context-change excluded quest=6382;stage=Pickup;npc=3387;reason=outside-scan-radius;retry=context-change excluded quest=6383;stage=Pickup;npc=12696;reason=outside-scan-radius;retry=context-change excluded quest=6393;stage=Pickup;npc=11862;reason=outside-scan-radius;retry=context-change excluded quest=6442;stage=Pickup;npc=12719;reason=outside-scan-radius;retry=context-change excluded quest=6462;stage=Pickup;npc=12721;reason=outside-scan-radius;retry=context-change excluded quest=6503;stage=Pickup;npc=12867;reason=outside-scan-radius;retry=context-change excluded quest=6541;stage=Pickup;npc=3429;reason=outside-scan-radius;retry=context-change excluded quest=6543;stage=Pickup;npc=8582;reason=outside-scan-radius;retry=context-change excluded quest=742;stage=Pickup;npc=10881;reason=outside-scan-radius;retry=context-change excluded quest=747;stage=Objective;scope=Objective;objective=0;retry=2026-09-05T06:10:20.8040908Z;state=Quarantined. excluded quest=747;stage=Objective;scope=Objective;objective=1;retry=2026-09-05T06:10:20.8116023Z;state=Quarantined. excluded quest=7790;stage=Pickup;scope=QuestStage;retry=2026-09-05T06:10:20.8249148Z;state=Quarantined. excluded quest=843;stage=Pickup;npc=3341;reason=outside-scan-radius;retry=context-change excluded quest=8487;stage=TurnIn;npc=15402;reason=outside-scan-radius;retry=context-change excluded quest=851;stage=Pickup;npc=3389;reason=outside-scan-radius;retry=context-change excluded quest=858;stage=Pickup;npc=3439;reason=outside-scan-radius;retry=context-change excluded quest=865;stage=Pickup;npc=3446;reason=outside-scan-radius;retry=context-change excluded quest=867;stage=Objective;scope=Objective;objective=0;retry=2026-09-05T06:10:20.8137024Z;state=Quarantined. excluded quest=868;stage=Pickup;npc=3428;reason=outside-scan-radius;retry=context-change excluded quest=878;stage=Pickup;npc=3430;reason=outside-scan-radius;retry=context-change excluded quest=8889;stage=Objective;objective=0;reason=outside-scan-radius;retry=context-change. excluded quest=8889;stage=Objective;objective=1;reason=outside-scan-radius;retry=context-change. excluded quest=8889;stage=Objective;objective=2;reason=outside-scan-radius;retry=context-change. excluded quest=891;stage=Objective;objective=0;reason=outside-scan-radius;retry=context-change. excluded quest=891;stage=Objective;objective=1;reason=outside-scan-radius;retry=context-change. excluded quest=891;stage=Objective;objective=2;reason=outside-scan-radius;retry=context-change. excluded quest=891;stage=Objective;scope=Objective;objective=3;retry=2026-09-05T06:10:20.8169213Z;state=Quarantined. excluded quest=893;stage=Pickup;npc=3433;reason=outside-scan-radius;retry=context-change excluded quest=894;stage=TurnIn;npc=4141;reason=outside-scan-radius;retry=context-change excluded quest=896;stage=Objective;scope=Objective;objective=0;retry=2026-09-05T06:10:20.8197153Z;state=Quarantined. excluded quest=9067;stage=Objective;scope=Objective;objective=0;retry=2026-09-05T07:12:52.3802265Z;state=Quarantined. excluded quest=9151;stage=Pickup;npc=16199;reason=outside-scan-radius;retry=context-change excluded quest=9157;stage=TurnIn;npc=16201;reason=outside-scan-radius;retry=context-change excluded quest=9214;stage=Pickup;npc=16220;reason=outside-scan-radius;retry=context-change excluded quest=9218;stage=Pickup;npc=16205;reason=outside-scan-radius;retry=context-change excluded quest=9275;stage=Pickup;npc=16464;reason=outside-scan-radius;retry=context-change excluded quest=9276;stage=Pickup;npc=16463;reason=outside-scan-radius;retry=context-change excluded quest=9281;stage=Pickup;npc=16480;reason=outside-scan-radius;retry=context-change excluded quest=9388;stage=Pickup;scope=QuestStage;retry=2026-09-05T06:10:20.8314367Z;state=Quarantined. excluded quest=9389;stage=Pickup;scope=QuestStage;retry=2026-09-05T06:10:20.8315248Z;state=Quarantined. excluded quest=9425;stage=Pickup;npc=16287;reason=outside-scan-radius;retry=context-change excluded quest=9428;stage=Pickup;npc=17098;reason=outside-scan-radius;retry=context-change excluded quest=959;stage=Pickup;npc=3665;reason=outside-scan-radius;retry=context-change excluded quest=962;stage=Pickup;npc=3419;reason=outside-scan-radius;retry=context-change excluded quest=965;stage=Pickup;npc=3657;reason=outside-scan-radius;retry=context-change excluded quest=9749;stage=Pickup;scope=QuestStage;retry=2026-09-05T06:10:20.8275214Z;state=Quarantined.
[09:50:30.223] [D] [QuestRecovery] quest=6548, stage=Objective, old=Attempting, new=Eligible, reason=None, episode=0, attempt=0, retry=
[09:50:30.223] [N] [Wholesome Auto Quest] Quest 6548 Objective completed; queuing one scheduler rebuild.
[09:50:30.930] [D] [QuestRecovery] quest=6548, stage=Objective, old=Attempting, new=Eligible, reason=None, episode=0, attempt=0, retry=
[09:50:31.310] [D] [WholesomeAQ] Quest chain correction: ancestor=1062; descendant=1063.
[09:50:31.310] [D] [WholesomeAQ] Quest chain correction: ancestor=1062; descendant=1068.
[09:50:31.322] [D] Loading profile from D:\World of Warcraft 3.3.5a\CB\Bots\WholesomeAutoQuest\WHOLESOME_AUTOQUESTER.xml
[09:50:31.323] [N] Profile loaded: WholesomeAQ - Stonetalon Mountains
[09:50:31.341] [D] Selected sub-profile: WholesomeAQ - Stonetalon Mountains (L1-80)
[09:50:31.341] [N] [Wholesome Auto Quest] Profile refreshed - Selected 3 quest work candidate(s). selected quest=6548;stage=TurnIn;state=Eligible. selected quest=6542;stage=Pickup;state=Eligible. selected quest=6461;stage=Pickup;state=Eligible. excluded quest=104;stage=Pickup;npc=392;reason=outside-scan-radius;retry=context-change excluded quest=1062;stage=AncestorCorrection;objective=0;reason=outside-scan-radius;retry=context-change. excluded quest=1069;stage=Pickup;npc=3446;reason=outside-scan-radius;retry=context-change excluded quest=1087;stage=Pickup;npc=4198;reason=outside-scan-radius;retry=context-change excluded quest=1093;stage=Pickup;npc=4201;reason=outside-scan-radius;retry=context-change excluded quest=11127;stage=Pickup;scope=QuestStage;retry=2026-09-05T06:10:20.8287986Z;state=Quarantined. excluded quest=118;stage=Pickup;npc=415;reason=outside-scan-radius;retry=context-change excluded quest=1195;stage=Pickup;npc=4721;reason=outside-scan-radius;retry=context-change excluded quest=14106;stage=Pickup;scope=QuestStage;retry=2026-09-05T06:10:20.8250193Z;state=Quarantined. excluded quest=1483;stage=Pickup;npc=3442;reason=outside-scan-radius;retry=context-change excluded quest=152;stage=Pickup;npc=392;reason=outside-scan-radius;retry=context-change excluded quest=2098;stage=Pickup;npc=6667;reason=outside-scan-radius;retry=context-change excluded quest=216;stage=Pickup;npc=12757;reason=outside-scan-radius;retry=context-change excluded quest=235;stage=Pickup;npc=10880;reason=outside-scan-radius;retry=context-change excluded quest=3281;stage=TurnIn;npc=3464;reason=outside-scan-radius;retry=context-change excluded quest=4542;stage=Pickup;npc=10079;reason=outside-scan-radius;retry=context-change excluded quest=470;stage=Pickup;npc=2111;reason=outside-scan-radius;retry=context-change excluded quest=472;stage=Pickup;npc=2097;reason=outside-scan-radius;retry=context-change excluded quest=4740;stage=Pickup;npc=175320;reason=outside-scan-radius;retry=context-change excluded quest=4921;stage=Objective;objective=0;reason=outside-scan-radius;retry=context-change. excluded quest=493;stage=Pickup;npc=1937;reason=outside-scan-radius;retry=context-change excluded quest=494;stage=Pickup;npc=2214;reason=outside-scan-radius;retry=context-change excluded quest=496;stage=Pickup;npc=2216;reason=outside-scan-radius;retry=context-change excluded quest=498;stage=Pickup;npc=2229;reason=outside-scan-radius;retry=context-change excluded quest=501;stage=Pickup;npc=2216;reason=outside-scan-radius;retry=context-change excluded quest=516;stage=Pickup;npc=2121;reason=outside-scan-radius;retry=context-change excluded quest=527;stage=Pickup;npc=2215;reason=outside-scan-radius;retry=context-change excluded quest=546;stage=Pickup;npc=2418;reason=outside-scan-radius;retry=context-change excluded quest=549;stage=Pickup;npc=1763;reason=outside-scan-radius;retry=context-change excluded quest=6301;stage=Pickup;npc=11864;reason=outside-scan-radius;retry=context-change excluded quest=6382;stage=Pickup;npc=3387;reason=outside-scan-radius;retry=context-change excluded quest=6383;stage=Pickup;npc=12696;reason=outside-scan-radius;retry=context-change excluded quest=6393;stage=Pickup;npc=11862;reason=outside-scan-radius;retry=context-change excluded quest=6442;stage=Pickup;npc=12719;reason=outside-scan-radius;retry=context-change excluded quest=6462;stage=Pickup;npc=12721;reason=outside-scan-radius;retry=context-change excluded quest=6503;stage=Pickup;npc=12867;reason=outside-scan-radius;retry=context-change excluded quest=6541;stage=Pickup;npc=3429;reason=outside-scan-radius;retry=context-change excluded quest=6543;stage=Pickup;npc=8582;reason=outside-scan-radius;retry=context-change excluded quest=742;stage=Pickup;npc=10881;reason=outside-scan-radius;retry=context-change excluded quest=747;stage=Objective;scope=Objective;objective=0;retry=2026-09-05T06:10:20.8040908Z;state=Quarantined. excluded quest=747;stage=Objective;scope=Objective;objective=1;retry=2026-09-05T06:10:20.8116023Z;state=Quarantined. excluded quest=7790;stage=Pickup;scope=QuestStage;retry=2026-09-05T06:10:20.8249148Z;state=Quarantined. excluded quest=843;stage=Pickup;npc=3341;reason=outside-scan-radius;retry=context-change excluded quest=8487;stage=TurnIn;npc=15402;reason=outside-scan-radius;retry=context-change excluded quest=851;stage=Pickup;npc=3389;reason=outside-scan-radius;retry=context-change excluded quest=858;stage=Pickup;npc=3439;reason=outside-scan-radius;retry=context-change excluded quest=865;stage=Pickup;npc=3446;reason=outside-scan-radius;retry=context-change excluded quest=867;stage=Objective;scope=Objective;objective=0;retry=2026-09-05T06:10:20.8137024Z;state=Quarantined. excluded quest=868;stage=Pickup;npc=3428;reason=outside-scan-radius;retry=context-change excluded quest=878;stage=Pickup;npc=3430;reason=outside-scan-radius;retry=context-change excluded quest=8889;stage=Objective;objective=0;reason=outside-scan-radius;retry=context-change. excluded quest=8889;stage=Objective;objective=1;reason=outside-scan-radius;retry=context-change. excluded quest=8889;stage=Objective;objective=2;reason=outside-scan-radius;retry=context-change. excluded quest=891;stage=Objective;objective=0;reason=outside-scan-radius;retry=context-change. excluded quest=891;stage=Objective;objective=1;reason=outside-scan-radius;retry=context-change. excluded quest=891;stage=Objective;objective=2;reason=outside-scan-radius;retry=context-change. excluded quest=891;stage=Objective;scope=Objective;objective=3;retry=2026-09-05T06:10:20.8169213Z;state=Quarantined. excluded quest=893;stage=Pickup;npc=3433;reason=outside-scan-radius;retry=context-change excluded quest=894;stage=TurnIn;npc=4141;reason=outside-scan-radius;retry=context-change excluded quest=896;stage=Objective;scope=Objective;objective=0;retry=2026-09-05T06:10:20.8197153Z;state=Quarantined. excluded quest=9067;stage=Objective;scope=Objective;objective=0;retry=2026-09-05T07:12:52.3802265Z;state=Quarantined. excluded quest=9151;stage=Pickup;npc=16199;reason=outside-scan-radius;retry=context-change excluded quest=9157;stage=TurnIn;npc=16201;reason=outside-scan-radius;retry=context-change excluded quest=9214;stage=Pickup;npc=16220;reason=outside-scan-radius;retry=context-change excluded quest=9218;stage=Pickup;npc=16205;reason=outside-scan-radius;retry=context-change excluded quest=9275;stage=Pickup;npc=16464;reason=outside-scan-radius;retry=context-change excluded quest=9276;stage=Pickup;npc=16463;reason=outside-scan-radius;retry=context-change excluded quest=9281;stage=Pickup;npc=16480;reason=outside-scan-radius;retry=context-change excluded quest=9388;stage=Pickup;scope=QuestStage;retry=2026-09-05T06:10:20.8314367Z;state=Quarantined. excluded quest=9389;stage=Pickup;scope=QuestStage;retry=2026-09-05T06:10:20.8315248Z;state=Quarantined. excluded quest=9425;stage=Pickup;npc=16287;reason=outside-scan-radius;retry=context-change excluded quest=9428;stage=Pickup;npc=17098;reason=outside-scan-radius;retry=context-change excluded quest=959;stage=Pickup;npc=3665;reason=outside-scan-radius;retry=context-change excluded quest=962;stage=Pickup;npc=3419;reason=outside-scan-radius;retry=context-change excluded quest=965;stage=Pickup;npc=3657;reason=outside-scan-radius;retry=context-change excluded quest=9749;stage=Pickup;scope=QuestStage;retry=2026-09-05T06:10:20.8275214Z;state=Quarantined.
[09:50:31.510] [D] [QuestRecovery] quest=6548, stage=Objective, old=Attempting, new=Eligible, reason=None, episode=0, attempt=0, retry=
[09:50:31.510] [N] [Wholesome Auto Quest] Quest 6548 Objective completed; queuing one scheduler rebuild.
[09:50:32.011] [D] [QuestRecovery] quest=6548, stage=Objective, old=Attempting, new=Eligible, reason=None, episode=0, attempt=0, retry=
[09:50:32.382] [D] [WholesomeAQ] Quest chain correction: ancestor=1062; descendant=1063.
[09:50:32.383] [D] [WholesomeAQ] Quest chain correction: ancestor=1062; descendant=1068.
[09:50:32.391] [D] Loading profile from D:\World of Warcraft 3.3.5a\CB\Bots\WholesomeAutoQuest\WHOLESOME_AUTOQUESTER.xml
[09:50:32.393] [N] Profile loaded: WholesomeAQ - Stonetalon Mountains
[09:50:32.413] [D] Selected sub-profile: WholesomeAQ - Stonetalon Mountains (L1-80)
[09:50:32.413] [N] [Wholesome Auto Quest] Profile refreshed - Selected 3 quest work candidate(s). selected quest=6548;stage=TurnIn;state=Eligible. selected quest=6542;stage=Pickup;state=Eligible. selected quest=6461;stage=Pickup;state=Eligible. excluded quest=104;stage=Pickup;npc=392;reason=outside-scan-radius;retry=context-change excluded quest=1062;stage=AncestorCorrection;objective=0;reason=outside-scan-radius;retry=context-change. excluded quest=1069;stage=Pickup;npc=3446;reason=outside-scan-radius;retry=context-change excluded quest=1087;stage=Pickup;npc=4198;reason=outside-scan-radius;retry=context-change excluded quest=1093;stage=Pickup;npc=4201;reason=outside-scan-radius;retry=context-change excluded quest=11127;stage=Pickup;scope=QuestStage;retry=2026-09-05T06:10:20.8287986Z;state=Quarantined. excluded quest=118;stage=Pickup;npc=415;reason=outside-scan-radius;retry=context-change excluded quest=1195;stage=Pickup;npc=4721;reason=outside-scan-radius;retry=context-change excluded quest=14106;stage=Pickup;scope=QuestStage;retry=2026-09-05T06:10:20.8250193Z;state=Quarantined. excluded quest=1483;stage=Pickup;npc=3442;reason=outside-scan-radius;retry=context-change excluded quest=152;stage=Pickup;npc=392;reason=outside-scan-radius;retry=context-change excluded quest=2098;stage=Pickup;npc=6667;reason=outside-scan-radius;retry=context-change excluded quest=216;stage=Pickup;npc=12757;reason=outside-scan-radius;retry=context-change excluded quest=235;stage=Pickup;npc=10880;reason=outside-scan-radius;retry=context-change excluded quest=3281;stage=TurnIn;npc=3464;reason=outside-scan-radius;retry=context-change excluded quest=4542;stage=Pickup;npc=10079;reason=outside-scan-radius;retry=context-change excluded quest=470;stage=Pickup;npc=2111;reason=outside-scan-radius;retry=context-change excluded quest=472;stage=Pickup;npc=2097;reason=outside-scan-radius;retry=context-change excluded quest=4740;stage=Pickup;npc=175320;reason=outside-scan-radius;retry=context-change excluded quest=4921;stage=Objective;objective=0;reason=outside-scan-radius;retry=context-change. excluded quest=493;stage=Pickup;npc=1937;reason=outside-scan-radius;retry=context-change excluded quest=494;stage=Pickup;npc=2214;reason=outside-scan-radius;retry=context-change excluded quest=496;stage=Pickup;npc=2216;reason=outside-scan-radius;retry=context-change excluded quest=498;stage=Pickup;npc=2229;reason=outside-scan-radius;retry=context-change excluded quest=501;stage=Pickup;npc=2216;reason=outside-scan-radius;retry=context-change excluded quest=516;stage=Pickup;npc=2121;reason=outside-scan-radius;retry=context-change excluded quest=527;stage=Pickup;npc=2215;reason=outside-scan-radius;retry=context-change excluded quest=546;stage=Pickup;npc=2418;reason=outside-scan-radius;retry=context-change excluded quest=549;stage=Pickup;npc=1763;reason=outside-scan-radius;retry=context-change excluded quest=6301;stage=Pickup;npc=11864;reason=outside-scan-radius;retry=context-change excluded quest=6382;stage=Pickup;npc=3387;reason=outside-scan-radius;retry=context-change excluded quest=6383;stage=Pickup;npc=12696;reason=outside-scan-radius;retry=context-change excluded quest=6393;stage=Pickup;npc=11862;reason=outside-scan-radius;retry=context-change excluded quest=6442;stage=Pickup;npc=12719;reason=outside-scan-radius;retry=context-change excluded quest=6462;stage=Pickup;npc=12721;reason=outside-scan-radius;retry=context-change excluded quest=6503;stage=Pickup;npc=12867;reason=outside-scan-radius;retry=context-change excluded quest=6541;stage=Pickup;npc=3429;reason=outside-scan-radius;retry=context-change excluded quest=6543;stage=Pickup;npc=8582;reason=outside-scan-radius;retry=context-change excluded quest=742;stage=Pickup;npc=10881;reason=outside-scan-radius;retry=context-change excluded quest=747;stage=Objective;scope=Objective;objective=0;retry=2026-09-05T06:10:20.8040908Z;state=Quarantined. excluded quest=747;stage=Objective;scope=Objective;objective=1;retry=2026-09-05T06:10:20.8116023Z;state=Quarantined. excluded quest=7790;stage=Pickup;scope=QuestStage;retry=2026-09-05T06:10:20.8249148Z;state=Quarantined. excluded quest=843;stage=Pickup;npc=3341;reason=outside-scan-radius;retry=context-change excluded quest=8487;stage=TurnIn;npc=15402;reason=outside-scan-radius;retry=context-change excluded quest=851;stage=Pickup;npc=3389;reason=outside-scan-radius;retry=context-change excluded quest=858;stage=Pickup;npc=3439;reason=outside-scan-radius;retry=context-change excluded quest=865;stage=Pickup;npc=3446;reason=outside-scan-radius;retry=context-change excluded quest=867;stage=Objective;scope=Objective;objective=0;retry=2026-09-05T06:10:20.8137024Z;state=Quarantined. excluded quest=868;stage=Pickup;npc=3428;reason=outside-scan-radius;retry=context-change excluded quest=878;stage=Pickup;npc=3430;reason=outside-scan-radius;retry=context-change excluded quest=8889;stage=Objective;objective=0;reason=outside-scan-radius;retry=context-change. excluded quest=8889;stage=Objective;objective=1;reason=outside-scan-radius;retry=context-change. excluded quest=8889;stage=Objective;objective=2;reason=outside-scan-radius;retry=context-change. excluded quest=891;stage=Objective;objective=0;reason=outside-scan-radius;retry=context-change. excluded quest=891;stage=Objective;objective=1;reason=outside-scan-radius;retry=context-change. excluded quest=891;stage=Objective;objective=2;reason=outside-scan-radius;retry=context-change. excluded quest=891;stage=Objective;scope=Objective;objective=3;retry=2026-09-05T06:10:20.8169213Z;state=Quarantined. excluded quest=893;stage=Pickup;npc=3433;reason=outside-scan-radius;retry=context-change excluded quest=894;stage=TurnIn;npc=4141;reason=outside-scan-radius;retry=context-change excluded quest=896;stage=Objective;scope=Objective;objective=0;retry=2026-09-05T06:10:20.8197153Z;state=Quarantined. excluded quest=9067;stage=Objective;scope=Objective;objective=0;retry=2026-09-05T07:12:52.3802265Z;state=Quarantined. excluded quest=9151;stage=Pickup;npc=16199;reason=outside-scan-radius;retry=context-change excluded quest=9157;stage=TurnIn;npc=16201;reason=outside-scan-radius;retry=context-change excluded quest=9214;stage=Pickup;npc=16220;reason=outside-scan-radius;retry=context-change excluded quest=9218;stage=Pickup;npc=16205;reason=outside-scan-radius;retry=context-change excluded quest=9275;stage=Pickup;npc=16464;reason=outside-scan-radius;retry=context-change excluded quest=9276;stage=Pickup;npc=16463;reason=outside-scan-radius;retry=context-change excluded quest=9281;stage=Pickup;npc=16480;reason=outside-scan-radius;retry=context-change excluded quest=9388;stage=Pickup;scope=QuestStage;retry=2026-09-05T06:10:20.8314367Z;state=Quarantined. excluded quest=9389;stage=Pickup;scope=QuestStage;retry=2026-09-05T06:10:20.8315248Z;state=Quarantined. excluded quest=9425;stage=Pickup;npc=16287;reason=outside-scan-radius;retry=context-change excluded quest=9428;stage=Pickup;npc=17098;reason=outside-scan-radius;retry=context-change excluded quest=959;stage=Pickup;npc=3665;reason=outside-scan-radius;retry=context-change excluded quest=962;stage=Pickup;npc=3419;reason=outside-scan-radius;retry=context-change excluded quest=965;stage=Pickup;npc=3657;reason=outside-scan-radius;retry=context-change excluded quest=9749;stage=Pickup;scope=QuestStage;retry=2026-09-05T06:10:20.8275214Z;state=Quarantined.
[09:50:32.414] [N] [Wholesome Auto Quest] Rest done — HP=84% MP=85%
[09:50:32.884] [D] [QuestRecovery] quest=6548, stage=Objective, old=Attempting, new=Eligible, reason=None, episode=0, attempt=0, retry=
[09:50:32.884] [N] [Wholesome Auto Quest] Quest 6548 Objective completed; queuing one scheduler rebuild.
[09:50:33.688] [D] [QuestRecovery] quest=6548, stage=Objective, old=Attempting, new=Eligible, reason=None, episode=0, attempt=0, retry=
[09:50:34.056] [D] [WholesomeAQ] Quest chain correction: ancestor=1062; descendant=1063.
[09:50:34.056] [D] [WholesomeAQ] Quest chain correction: ancestor=1062; descendant=1068.
[09:50:34.065] [D] Loading profile from D:\World of Warcraft 3.3.5a\CB\Bots\WholesomeAutoQuest\WHOLESOME_AUTOQUESTER.xml
[09:50:34.066] [N] Profile loaded: WholesomeAQ - Stonetalon Mountains
[09:50:34.087] [D] Selected sub-profile: WholesomeAQ - Stonetalon Mountains (L1-80)
[09:50:34.087] [N] [Wholesome Auto Quest] Profile refreshed - Selected 3 quest work candidate(s). selected quest=6548;stage=TurnIn;state=Eligible. selected quest=6542;stage=Pickup;state=Eligible. selected quest=6461;stage=Pickup;state=Eligible. excluded quest=104;stage=Pickup;npc=392;reason=outside-scan-radius;retry=context-change excluded quest=1062;stage=AncestorCorrection;objective=0;reason=outside-scan-radius;retry=context-change. excluded quest=1069;stage=Pickup;npc=3446;reason=outside-scan-radius;retry=context-change excluded quest=1087;stage=Pickup;npc=4198;reason=outside-scan-radius;retry=context-change excluded quest=1093;stage=Pickup;npc=4201;reason=outside-scan-radius;retry=context-change excluded quest=11127;stage=Pickup;scope=QuestStage;retry=2026-09-05T06:10:20.8287986Z;state=Quarantined. excluded quest=118;stage=Pickup;npc=415;reason=outside-scan-radius;retry=context-change excluded quest=1195;stage=Pickup;npc=4721;reason=outside-scan-radius;retry=context-change excluded quest=14106;stage=Pickup;scope=QuestStage;retry=2026-09-05T06:10:20.8250193Z;state=Quarantined. excluded quest=1483;stage=Pickup;npc=3442;reason=outside-scan-radius;retry=context-change excluded quest=152;stage=Pickup;npc=392;reason=outside-scan-radius;retry=context-change excluded quest=2098;stage=Pickup;npc=6667;reason=outside-scan-radius;retry=context-change excluded quest=216;stage=Pickup;npc=12757;reason=outside-scan-radius;retry=context-change excluded quest=235;stage=Pickup;npc=10880;reason=outside-scan-radius;retry=context-change excluded quest=3281;stage=TurnIn;npc=3464;reason=outside-scan-radius;retry=context-change excluded quest=4542;stage=Pickup;npc=10079;reason=outside-scan-radius;retry=context-change excluded quest=470;stage=Pickup;npc=2111;reason=outside-scan-radius;retry=context-change excluded quest=472;stage=Pickup;npc=2097;reason=outside-scan-radius;retry=context-change excluded quest=4740;stage=Pickup;npc=175320;reason=outside-scan-radius;retry=context-change excluded quest=4921;stage=Objective;objective=0;reason=outside-scan-radius;retry=context-change. excluded quest=493;stage=Pickup;npc=1937;reason=outside-scan-radius;retry=context-change excluded quest=494;stage=Pickup;npc=2214;reason=outside-scan-radius;retry=context-change excluded quest=496;stage=Pickup;npc=2216;reason=outside-scan-radius;retry=context-change excluded quest=498;stage=Pickup;npc=2229;reason=outside-scan-radius;retry=context-change excluded quest=501;stage=Pickup;npc=2216;reason=outside-scan-radius;retry=context-change excluded quest=516;stage=Pickup;npc=2121;reason=outside-scan-radius;retry=context-change excluded quest=527;stage=Pickup;npc=2215;reason=outside-scan-radius;retry=context-change excluded quest=546;stage=Pickup;npc=2418;reason=outside-scan-radius;retry=context-change excluded quest=549;stage=Pickup;npc=1763;reason=outside-scan-radius;retry=context-change excluded quest=6301;stage=Pickup;npc=11864;reason=outside-scan-radius;retry=context-change excluded quest=6382;stage=Pickup;npc=3387;reason=outside-scan-radius;retry=context-change excluded quest=6383;stage=Pickup;npc=12696;reason=outside-scan-radius;retry=context-change excluded quest=6393;stage=Pickup;npc=11862;reason=outside-scan-radius;retry=context-change excluded quest=6442;stage=Pickup;npc=12719;reason=outside-scan-radius;retry=context-change excluded quest=6462;stage=Pickup;npc=12721;reason=outside-scan-radius;retry=context-change excluded quest=6503;stage=Pickup;npc=12867;reason=outside-scan-radius;retry=context-change excluded quest=6541;stage=Pickup;npc=3429;reason=outside-scan-radius;retry=context-change excluded quest=6543;stage=Pickup;npc=8582;reason=outside-scan-radius;retry=context-change excluded quest=742;stage=Pickup;npc=10881;reason=outside-scan-radius;retry=context-change excluded quest=747;stage=Objective;scope=Objective;objective=0;retry=2026-09-05T06:10:20.8040908Z;state=Quarantined. excluded quest=747;stage=Objective;scope=Objective;objective=1;retry=2026-09-05T06:10:20.8116023Z;state=Quarantined. excluded quest=7790;stage=Pickup;scope=QuestStage;retry=2026-09-05T06:10:20.8249148Z;state=Quarantined. excluded quest=843;stage=Pickup;npc=3341;reason=outside-scan-radius;retry=context-change excluded quest=8487;stage=TurnIn;npc=15402;reason=outside-scan-radius;retry=context-change excluded quest=851;stage=Pickup;npc=3389;reason=outside-scan-radius;retry=context-change excluded quest=858;stage=Pickup;npc=3439;reason=outside-scan-radius;retry=context-change excluded quest=865;stage=Pickup;npc=3446;reason=outside-scan-radius;retry=context-change excluded quest=867;stage=Objective;scope=Objective;objective=0;retry=2026-09-05T06:10:20.8137024Z;state=Quarantined. excluded quest=868;stage=Pickup;npc=3428;reason=outside-scan-radius;retry=context-change excluded quest=878;stage=Pickup;npc=3430;reason=outside-scan-radius;retry=context-change excluded quest=8889;stage=Objective;objective=0;reason=outside-scan-radius;retry=context-change. excluded quest=8889;stage=Objective;objective=1;reason=outside-scan-radius;retry=context-change. excluded quest=8889;stage=Objective;objective=2;reason=outside-scan-radius;retry=context-change. excluded quest=891;stage=Objective;objective=0;reason=outside-scan-radius;retry=context-change. excluded quest=891;stage=Objective;objective=1;reason=outside-scan-radius;retry=context-change. excluded quest=891;stage=Objective;objective=2;reason=outside-scan-radius;retry=context-change. excluded quest=891;stage=Objective;scope=Objective;objective=3;retry=2026-09-05T06:10:20.8169213Z;state=Quarantined. excluded quest=893;stage=Pickup;npc=3433;reason=outside-scan-radius;retry=context-change excluded quest=894;stage=TurnIn;npc=4141;reason=outside-scan-radius;retry=context-change excluded quest=896;stage=Objective;scope=Objective;objective=0;retry=2026-09-05T06:10:20.8197153Z;state=Quarantined. excluded quest=9067;stage=Objective;scope=Objective;objective=0;retry=2026-09-05T07:12:52.3802265Z;state=Quarantined. excluded quest=9151;stage=Pickup;npc=16199;reason=outside-scan-radius;retry=context-change excluded quest=9157;stage=TurnIn;npc=16201;reason=outside-scan-radius;retry=context-change excluded quest=9214;stage=Pickup;npc=16220;reason=outside-scan-radius;retry=context-change excluded quest=9218;stage=Pickup;npc=16205;reason=outside-scan-radius;retry=context-change excluded quest=9275;stage=Pickup;npc=16464;reason=outside-scan-radius;retry=context-change excluded quest=9276;stage=Pickup;npc=16463;reason=outside-scan-radius;retry=context-change excluded quest=9281;stage=Pickup;npc=16480;reason=outside-scan-radius;retry=context-change excluded quest=9388;stage=Pickup;scope=QuestStage;retry=2026-09-05T06:10:20.8314367Z;state=Quarantined. excluded quest=9389;stage=Pickup;scope=QuestStage;retry=2026-09-05T06:10:20.8315248Z;state=Quarantined. excluded quest=9425;stage=Pickup;npc=16287;reason=outside-scan-radius;retry=context-change excluded quest=9428;stage=Pickup;npc=17098;reason=outside-scan-radius;retry=context-change excluded quest=959;stage=Pickup;npc=3665;reason=outside-scan-radius;retry=context-change excluded quest=962;stage=Pickup;npc=3419;reason=outside-scan-radius;retry=context-change excluded quest=965;stage=Pickup;npc=3657;reason=outside-scan-radius;retry=context-change excluded quest=9749;stage=Pickup;scope=QuestStage;retry=2026-09-05T06:10:20.8275214Z;state=Quarantined.
[09:50:34.561] [D] [QuestRecovery] quest=6548, stage=Objective, old=Attempting, new=Eligible, reason=None, episode=0, attempt=0, retry=
[09:50:34.561] [N] [Wholesome Auto Quest] Quest 6548 Objective completed; queuing one scheduler rebuild.
[09:50:35.405] [D] [QuestRecovery] quest=6548, stage=Objective, old=Attempting, new=Eligible, reason=None, episode=0, attempt=0, retry=
[09:50:35.777] [D] [WholesomeAQ] Quest chain correction: ancestor=1062; descendant=1063.
[09:50:35.777] [D] [WholesomeAQ] Quest chain correction: ancestor=1062; descendant=1068.
[09:50:35.786] [D] Loading profile from D:\World of Warcraft 3.3.5a\CB\Bots\WholesomeAutoQuest\WHOLESOME_AUTOQUESTER.xml
[09:50:35.787] [N] Profile loaded: WholesomeAQ - Stonetalon Mountains
[09:50:35.809] [D] Selected sub-profile: WholesomeAQ - Stonetalon Mountains (L1-80)
[09:50:35.809] [N] [Wholesome Auto Quest] Profile refreshed - Selected 3 quest work candidate(s). selected quest=6548;stage=TurnIn;state=Eligible. selected quest=6542;stage=Pickup;state=Eligible. selected quest=6461;stage=Pickup;state=Eligible. excluded quest=104;stage=Pickup;npc=392;reason=outside-scan-radius;retry=context-change excluded quest=1062;stage=AncestorCorrection;objective=0;reason=outside-scan-radius;retry=context-change. excluded quest=1069;stage=Pickup;npc=3446;reason=outside-scan-radius;retry=context-change excluded quest=1087;stage=Pickup;npc=4198;reason=outside-scan-radius;retry=context-change excluded quest=1093;stage=Pickup;npc=4201;reason=outside-scan-radius;retry=context-change excluded quest=11127;stage=Pickup;scope=QuestStage;retry=2026-09-05T06:10:20.8287986Z;state=Quarantined. excluded quest=118;stage=Pickup;npc=415;reason=outside-scan-radius;retry=context-change excluded quest=1195;stage=Pickup;npc=4721;reason=outside-scan-radius;retry=context-change excluded quest=14106;stage=Pickup;scope=QuestStage;retry=2026-09-05T06:10:20.8250193Z;state=Quarantined. excluded quest=1483;stage=Pickup;npc=3442;reason=outside-scan-radius;retry=context-change excluded quest=152;stage=Pickup;npc=392;reason=outside-scan-radius;retry=context-change excluded quest=2098;stage=Pickup;npc=6667;reason=outside-scan-radius;retry=context-change excluded quest=216;stage=Pickup;npc=12757;reason=outside-scan-radius;retry=context-change excluded quest=235;stage=Pickup;npc=10880;reason=outside-scan-radius;retry=context-change excluded quest=3281;stage=TurnIn;npc=3464;reason=outside-scan-radius;retry=context-change excluded quest=4542;stage=Pickup;npc=10079;reason=outside-scan-radius;retry=context-change excluded quest=470;stage=Pickup;npc=2111;reason=outside-scan-radius;retry=context-change excluded quest=472;stage=Pickup;npc=2097;reason=outside-scan-radius;retry=context-change excluded quest=4740;stage=Pickup;npc=175320;reason=outside-scan-radius;retry=context-change excluded quest=4921;stage=Objective;objective=0;reason=outside-scan-radius;retry=context-change. excluded quest=493;stage=Pickup;npc=1937;reason=outside-scan-radius;retry=context-change excluded quest=494;stage=Pickup;npc=2214;reason=outside-scan-radius;retry=context-change excluded quest=496;stage=Pickup;npc=2216;reason=outside-scan-radius;retry=context-change excluded quest=498;stage=Pickup;npc=2229;reason=outside-scan-radius;retry=context-change excluded quest=501;stage=Pickup;npc=2216;reason=outside-scan-radius;retry=context-change excluded quest=516;stage=Pickup;npc=2121;reason=outside-scan-radius;retry=context-change excluded quest=527;stage=Pickup;npc=2215;reason=outside-scan-radius;retry=context-change excluded quest=546;stage=Pickup;npc=2418;reason=outside-scan-radius;retry=context-change excluded quest=549;stage=Pickup;npc=1763;reason=outside-scan-radius;retry=context-change excluded quest=6301;stage=Pickup;npc=11864;reason=outside-scan-radius;retry=context-change excluded quest=6382;stage=Pickup;npc=3387;reason=outside-scan-radius;retry=context-change excluded quest=6383;stage=Pickup;npc=12696;reason=outside-scan-radius;retry=context-change excluded quest=6393;stage=Pickup;npc=11862;reason=outside-scan-radius;retry=context-change excluded quest=6442;stage=Pickup;npc=12719;reason=outside-scan-radius;retry=context-change excluded quest=6462;stage=Pickup;npc=12721;reason=outside-scan-radius;retry=context-change excluded quest=6503;stage=Pickup;npc=12867;reason=outside-scan-radius;retry=context-change excluded quest=6541;stage=Pickup;npc=3429;reason=outside-scan-radius;retry=context-change excluded quest=6543;stage=Pickup;npc=8582;reason=outside-scan-radius;retry=context-change excluded quest=742;stage=Pickup;npc=10881;reason=outside-scan-radius;retry=context-change excluded quest=747;stage=Objective;scope=Objective;objective=0;retry=2026-09-05T06:10:20.8040908Z;state=Quarantined. excluded quest=747;stage=Objective;scope=Objective;objective=1;retry=2026-09-05T06:10:20.8116023Z;state=Quarantined. excluded quest=7790;stage=Pickup;scope=QuestStage;retry=2026-09-05T06:10:20.8249148Z;state=Quarantined. excluded quest=843;stage=Pickup;npc=3341;reason=outside-scan-radius;retry=context-change excluded quest=8487;stage=TurnIn;npc=15402;reason=outside-scan-radius;retry=context-change excluded quest=851;stage=Pickup;npc=3389;reason=outside-scan-radius;retry=context-change excluded quest=858;stage=Pickup;npc=3439;reason=outside-scan-radius;retry=context-change excluded quest=865;stage=Pickup;npc=3446;reason=outside-scan-radius;retry=context-change excluded quest=867;stage=Objective;scope=Objective;objective=0;retry=2026-09-05T06:10:20.8137024Z;state=Quarantined. excluded quest=868;stage=Pickup;npc=3428;reason=outside-scan-radius;retry=context-change excluded quest=878;stage=Pickup;npc=3430;reason=outside-scan-radius;retry=context-change excluded quest=8889;stage=Objective;objective=0;reason=outside-scan-radius;retry=context-change. excluded quest=8889;stage=Objective;objective=1;reason=outside-scan-radius;retry=context-change. excluded quest=8889;stage=Objective;objective=2;reason=outside-scan-radius;retry=context-change. excluded quest=891;stage=Objective;objective=0;reason=outside-scan-radius;retry=context-change. excluded quest=891;stage=Objective;objective=1;reason=outside-scan-radius;retry=context-change. excluded quest=891;stage=Objective;objective=2;reason=outside-scan-radius;retry=context-change. excluded quest=891;stage=Objective;scope=Objective;objective=3;retry=2026-09-05T06:10:20.8169213Z;state=Quarantined. excluded quest=893;stage=Pickup;npc=3433;reason=outside-scan-radius;retry=context-change excluded quest=894;stage=TurnIn;npc=4141;reason=outside-scan-radius;retry=context-change excluded quest=896;stage=Objective;scope=Objective;objective=0;retry=2026-09-05T06:10:20.8197153Z;state=Quarantined. excluded quest=9067;stage=Objective;scope=Objective;objective=0;retry=2026-09-05T07:12:52.3802265Z;state=Quarantined. excluded quest=9151;stage=Pickup;npc=16199;reason=outside-scan-radius;retry=context-change excluded quest=9157;stage=TurnIn;npc=16201;reason=outside-scan-radius;retry=context-change excluded quest=9214;stage=Pickup;npc=16220;reason=outside-scan-radius;retry=context-change excluded quest=9218;stage=Pickup;npc=16205;reason=outside-scan-radius;retry=context-change excluded quest=9275;stage=Pickup;npc=16464;reason=outside-scan-radius;retry=context-change excluded quest=9276;stage=Pickup;npc=16463;reason=outside-scan-radius;retry=context-change excluded quest=9281;stage=Pickup;npc=16480;reason=outside-scan-radius;retry=context-change excluded quest=9388;stage=Pickup;scope=QuestStage;retry=2026-09-05T06:10:20.8314367Z;state=Quarantined. excluded quest=9389;stage=Pickup;scope=QuestStage;retry=2026-09-05T06:10:20.8315248Z;state=Quarantined. excluded quest=9425;stage=Pickup;npc=16287;reason=outside-scan-radius;retry=context-change excluded quest=9428;stage=Pickup;npc=17098;reason=outside-scan-radius;retry=context-change excluded quest=959;stage=Pickup;npc=3665;reason=outside-scan-radius;retry=context-change excluded quest=962;stage=Pickup;npc=3419;reason=outside-scan-radius;retry=context-change excluded quest=965;stage=Pickup;npc=3657;reason=outside-scan-radius;retry=context-change excluded quest=9749;stage=Pickup;scope=QuestStage;retry=2026-09-05T06:10:20.8275214Z;state=Quarantined.
[09:50:36.145] [D] Changed POI to: Type: Loot, Name: Grimtotem Mercenary, Guid: F130002E87074AC4, Entry: 11911, Location: (-19.87, -701.86, -14.92)
[09:50:36.279] [D] [QuestRecovery] quest=6548, stage=Objective, old=Attempting, new=Eligible, reason=None, episode=0, attempt=0, retry=
[09:50:36.279] [N] [Wholesome Auto Quest] Quest 6548 Objective completed; queuing one scheduler rebuild.
[09:50:37.086] [D] [QuestRecovery] quest=6548, stage=Objective, old=Attempting, new=Eligible, reason=None, episode=0, attempt=0, retry=
[09:50:37.460] [D] [WholesomeAQ] Quest chain correction: ancestor=1062; descendant=1063.
[09:50:37.460] [D] [WholesomeAQ] Quest chain correction: ancestor=1062; descendant=1068.
[09:50:37.469] [D] Loading profile from D:\World of Warcraft 3.3.5a\CB\Bots\WholesomeAutoQuest\WHOLESOME_AUTOQUESTER.xml
[09:50:37.470] [N] Profile loaded: WholesomeAQ - Stonetalon Mountains
[09:50:37.491] [D] Selected sub-profile: WholesomeAQ - Stonetalon Mountains (L1-80)
[09:50:37.491] [N] [Wholesome Auto Quest] Profile refreshed - Selected 3 quest work candidate(s). selected quest=6548;stage=TurnIn;state=Eligible. selected quest=6542;stage=Pickup;state=Eligible. selected quest=6461;stage=Pickup;state=Eligible. excluded quest=104;stage=Pickup;npc=392;reason=outside-scan-radius;retry=context-change excluded quest=1062;stage=AncestorCorrection;objective=0;reason=outside-scan-radius;retry=context-change. excluded quest=1069;stage=Pickup;npc=3446;reason=outside-scan-radius;retry=context-change excluded quest=1087;stage=Pickup;npc=4198;reason=outside-scan-radius;retry=context-change excluded quest=1093;stage=Pickup;npc=4201;reason=outside-scan-radius;retry=context-change excluded quest=11127;stage=Pickup;scope=QuestStage;retry=2026-09-05T06:10:20.8287986Z;state=Quarantined. excluded quest=118;stage=Pickup;npc=415;reason=outside-scan-radius;retry=context-change excluded quest=1195;stage=Pickup;npc=4721;reason=outside-scan-radius;retry=context-change excluded quest=14106;stage=Pickup;scope=QuestStage;retry=2026-09-05T06:10:20.8250193Z;state=Quarantined. excluded quest=1483;stage=Pickup;npc=3442;reason=outside-scan-radius;retry=context-change excluded quest=152;stage=Pickup;npc=392;reason=outside-scan-radius;retry=context-change excluded quest=2098;stage=Pickup;npc=6667;reason=outside-scan-radius;retry=context-change excluded quest=216;stage=Pickup;npc=12757;reason=outside-scan-radius;retry=context-change excluded quest=235;stage=Pickup;npc=10880;reason=outside-scan-radius;retry=context-change excluded quest=3281;stage=TurnIn;npc=3464;reason=outside-scan-radius;retry=context-change excluded quest=4542;stage=Pickup;npc=10079;reason=outside-scan-radius;retry=context-change excluded quest=470;stage=Pickup;npc=2111;reason=outside-scan-radius;retry=context-change excluded quest=472;stage=Pickup;npc=2097;reason=outside-scan-radius;retry=context-change excluded quest=4740;stage=Pickup;npc=175320;reason=outside-scan-radius;retry=context-change excluded quest=4921;stage=Objective;objective=0;reason=outside-scan-radius;retry=context-change. excluded quest=493;stage=Pickup;npc=1937;reason=outside-scan-radius;retry=context-change excluded quest=494;stage=Pickup;npc=2214;reason=outside-scan-radius;retry=context-change excluded quest=496;stage=Pickup;npc=2216;reason=outside-scan-radius;retry=context-change excluded quest=498;stage=Pickup;npc=2229;reason=outside-scan-radius;retry=context-change excluded quest=501;stage=Pickup;npc=2216;reason=outside-scan-radius;retry=context-change excluded quest=516;stage=Pickup;npc=2121;reason=outside-scan-radius;retry=context-change excluded quest=527;stage=Pickup;npc=2215;reason=outside-scan-radius;retry=context-change excluded quest=546;stage=Pickup;npc=2418;reason=outside-scan-radius;retry=context-change excluded quest=549;stage=Pickup;npc=1763;reason=outside-scan-radius;retry=context-change excluded quest=6301;stage=Pickup;npc=11864;reason=outside-scan-radius;retry=context-change excluded quest=6382;stage=Pickup;npc=3387;reason=outside-scan-radius;retry=context-change excluded quest=6383;stage=Pickup;npc=12696;reason=outside-scan-radius;retry=context-change excluded quest=6393;stage=Pickup;npc=11862;reason=outside-scan-radius;retry=context-change excluded quest=6442;stage=Pickup;npc=12719;reason=outside-scan-radius;retry=context-change excluded quest=6462;stage=Pickup;npc=12721;reason=outside-scan-radius;retry=context-change excluded quest=6503;stage=Pickup;npc=12867;reason=outside-scan-radius;retry=context-change excluded quest=6541;stage=Pickup;npc=3429;reason=outside-scan-radius;retry=context-change excluded quest=6543;stage=Pickup;npc=8582;reason=outside-scan-radius;retry=context-change excluded quest=742;stage=Pickup;npc=10881;reason=outside-scan-radius;retry=context-change excluded quest=747;stage=Objective;scope=Objective;objective=0;retry=2026-09-05T06:10:20.8040908Z;state=Quarantined. excluded quest=747;stage=Objective;scope=Objective;objective=1;retry=2026-09-05T06:10:20.8116023Z;state=Quarantined. excluded quest=7790;stage=Pickup;scope=QuestStage;retry=2026-09-05T06:10:20.8249148Z;state=Quarantined. excluded quest=843;stage=Pickup;npc=3341;reason=outside-scan-radius;retry=context-change excluded quest=8487;stage=TurnIn;npc=15402;reason=outside-scan-radius;retry=context-change excluded quest=851;stage=Pickup;npc=3389;reason=outside-scan-radius;retry=context-change excluded quest=858;stage=Pickup;npc=3439;reason=outside-scan-radius;retry=context-change excluded quest=865;stage=Pickup;npc=3446;reason=outside-scan-radius;retry=context-change excluded quest=867;stage=Objective;scope=Objective;objective=0;retry=2026-09-05T06:10:20.8137024Z;state=Quarantined. excluded quest=868;stage=Pickup;npc=3428;reason=outside-scan-radius;retry=context-change excluded quest=878;stage=Pickup;npc=3430;reason=outside-scan-radius;retry=context-change excluded quest=8889;stage=Objective;objective=0;reason=outside-scan-radius;retry=context-change. excluded quest=8889;stage=Objective;objective=1;reason=outside-scan-radius;retry=context-change. excluded quest=8889;stage=Objective;objective=2;reason=outside-scan-radius;retry=context-change. excluded quest=891;stage=Objective;objective=0;reason=outside-scan-radius;retry=context-change. excluded quest=891;stage=Objective;objective=1;reason=outside-scan-radius;retry=context-change. excluded quest=891;stage=Objective;objective=2;reason=outside-scan-radius;retry=context-change. excluded quest=891;stage=Objective;scope=Objective;objective=3;retry=2026-09-05T06:10:20.8169213Z;state=Quarantined. excluded quest=893;stage=Pickup;npc=3433;reason=outside-scan-radius;retry=context-change excluded quest=894;stage=TurnIn;npc=4141;reason=outside-scan-radius;retry=context-change excluded quest=896;stage=Objective;scope=Objective;objective=0;retry=2026-09-05T06:10:20.8197153Z;state=Quarantined. excluded quest=9067;stage=Objective;scope=Objective;objective=0;retry=2026-09-05T07:12:52.3802265Z;state=Quarantined. excluded quest=9151;stage=Pickup;npc=16199;reason=outside-scan-radius;retry=context-change excluded quest=9157;stage=TurnIn;npc=16201;reason=outside-scan-radius;retry=context-change excluded quest=9214;stage=Pickup;npc=16220;reason=outside-scan-radius;retry=context-change excluded quest=9218;stage=Pickup;npc=16205;reason=outside-scan-radius;retry=context-change excluded quest=9275;stage=Pickup;npc=16464;reason=outside-scan-radius;retry=context-change excluded quest=9276;stage=Pickup;npc=16463;reason=outside-scan-radius;retry=context-change excluded quest=9281;stage=Pickup;npc=16480;reason=outside-scan-radius;retry=context-change excluded quest=9388;stage=Pickup;scope=QuestStage;retry=2026-09-05T06:10:20.8314367Z;state=Quarantined. excluded quest=9389;stage=Pickup;scope=QuestStage;retry=2026-09-05T06:10:20.8315248Z;state=Quarantined. excluded quest=9425;stage=Pickup;npc=16287;reason=outside-scan-radius;retry=context-change excluded quest=9428;stage=Pickup;npc=17098;reason=outside-scan-radius;retry=context-change excluded quest=959;stage=Pickup;npc=3665;reason=outside-scan-radius;retry=context-change excluded quest=962;stage=Pickup;npc=3419;reason=outside-scan-radius;retry=context-change excluded quest=965;stage=Pickup;npc=3657;reason=outside-scan-radius;retry=context-change excluded quest=9749;stage=Pickup;scope=QuestStage;retry=2026-09-05T06:10:20.8275214Z;state=Quarantined.
[09:50:37.831] [D] [Interact] Interacting with object at 0x2E9FB2D8
[09:50:37.864] [D] [Interact] Done interacting with object at 0x2E9FB2D8
[09:50:38.065] [D] [QuestRecovery] quest=6548, stage=Objective, old=Attempting, new=Eligible, reason=None, episode=0, attempt=0, retry=
[09:50:38.065] [N] [Wholesome Auto Quest] Quest 6548 Objective completed; queuing one scheduler rebuild.
[09:50:38.865] [D] [QuestRecovery] quest=6548, stage=Objective, old=Attempting, new=Eligible, reason=None, episode=0, attempt=0, retry=
[09:50:39.236] [D] [WholesomeAQ] Quest chain correction: ancestor=1062; descendant=1063.
[09:50:39.237] [D] [WholesomeAQ] Quest chain correction: ancestor=1062; descendant=1068.
[09:50:39.262] [D] Loading profile from D:\World of Warcraft 3.3.5a\CB\Bots\WholesomeAutoQuest\WHOLESOME_AUTOQUESTER.xml
[09:50:39.263] [N] Profile loaded: WholesomeAQ - Stonetalon Mountains
[09:50:39.268] [D] Selected sub-profile: WholesomeAQ - Stonetalon Mountains (L1-80)
[09:50:39.268] [N] [Wholesome Auto Quest] Profile refreshed - Selected 3 quest work candidate(s). selected quest=6548;stage=TurnIn;state=Eligible. selected quest=6542;stage=Pickup;state=Eligible. selected quest=6461;stage=Pickup;state=Eligible. excluded quest=104;stage=Pickup;npc=392;reason=outside-scan-radius;retry=context-change excluded quest=1062;stage=AncestorCorrection;objective=0;reason=outside-scan-radius;retry=context-change. excluded quest=1069;stage=Pickup;npc=3446;reason=outside-scan-radius;retry=context-change excluded quest=1087;stage=Pickup;npc=4198;reason=outside-scan-radius;retry=context-change excluded quest=1093;stage=Pickup;npc=4201;reason=outside-scan-radius;retry=context-change excluded quest=11127;stage=Pickup;scope=QuestStage;retry=2026-09-05T06:10:20.8287986Z;state=Quarantined. excluded quest=118;stage=Pickup;npc=415;reason=outside-scan-radius;retry=context-change excluded quest=1195;stage=Pickup;npc=4721;reason=outside-scan-radius;retry=context-change excluded quest=14106;stage=Pickup;scope=QuestStage;retry=2026-09-05T06:10:20.8250193Z;state=Quarantined. excluded quest=1483;stage=Pickup;npc=3442;reason=outside-scan-radius;retry=context-change excluded quest=152;stage=Pickup;npc=392;reason=outside-scan-radius;retry=context-change excluded quest=2098;stage=Pickup;npc=6667;reason=outside-scan-radius;retry=context-change excluded quest=216;stage=Pickup;npc=12757;reason=outside-scan-radius;retry=context-change excluded quest=235;stage=Pickup;npc=10880;reason=outside-scan-radius;retry=context-change excluded quest=3281;stage=TurnIn;npc=3464;reason=outside-scan-radius;retry=context-change excluded quest=4542;stage=Pickup;npc=10079;reason=outside-scan-radius;retry=context-change excluded quest=470;stage=Pickup;npc=2111;reason=outside-scan-radius;retry=context-change excluded quest=472;stage=Pickup;npc=2097;reason=outside-scan-radius;retry=context-change excluded quest=4740;stage=Pickup;npc=175320;reason=outside-scan-radius;retry=context-change excluded quest=4921;stage=Objective;objective=0;reason=outside-scan-radius;retry=context-change. excluded quest=493;stage=Pickup;npc=1937;reason=outside-scan-radius;retry=context-change excluded quest=494;stage=Pickup;npc=2214;reason=outside-scan-radius;retry=context-change excluded quest=496;stage=Pickup;npc=2216;reason=outside-scan-radius;retry=context-change excluded quest=498;stage=Pickup;npc=2229;reason=outside-scan-radius;retry=context-change excluded quest=501;stage=Pickup;npc=2216;reason=outside-scan-radius;retry=context-change excluded quest=516;stage=Pickup;npc=2121;reason=outside-scan-radius;retry=context-change excluded quest=527;stage=Pickup;npc=2215;reason=outside-scan-radius;retry=context-change excluded quest=546;stage=Pickup;npc=2418;reason=outside-scan-radius;retry=context-change excluded quest=549;stage=Pickup;npc=1763;reason=outside-scan-radius;retry=context-change excluded quest=6301;stage=Pickup;npc=11864;reason=outside-scan-radius;retry=context-change excluded quest=6382;stage=Pickup;npc=3387;reason=outside-scan-radius;retry=context-change excluded quest=6383;stage=Pickup;npc=12696;reason=outside-scan-radius;retry=context-change excluded quest=6393;stage=Pickup;npc=11862;reason=outside-scan-radius;retry=context-change excluded quest=6442;stage=Pickup;npc=12719;reason=outside-scan-radius;retry=context-change excluded quest=6462;stage=Pickup;npc=12721;reason=outside-scan-radius;retry=context-change excluded quest=6503;stage=Pickup;npc=12867;reason=outside-scan-radius;retry=context-change excluded quest=6541;stage=Pickup;npc=3429;reason=outside-scan-radius;retry=context-change excluded quest=6543;stage=Pickup;npc=8582;reason=outside-scan-radius;retry=context-change excluded quest=742;stage=Pickup;npc=10881;reason=outside-scan-radius;retry=context-change excluded quest=747;stage=Objective;scope=Objective;objective=0;retry=2026-09-05T06:10:20.8040908Z;state=Quarantined. excluded quest=747;stage=Objective;scope=Objective;objective=1;retry=2026-09-05T06:10:20.8116023Z;state=Quarantined. excluded quest=7790;stage=Pickup;scope=QuestStage;retry=2026-09-05T06:10:20.8249148Z;state=Quarantined. excluded quest=843;stage=Pickup;npc=3341;reason=outside-scan-radius;retry=context-change excluded quest=8487;stage=TurnIn;npc=15402;reason=outside-scan-radius;retry=context-change excluded quest=851;stage=Pickup;npc=3389;reason=outside-scan-radius;retry=context-change excluded quest=858;stage=Pickup;npc=3439;reason=outside-scan-radius;retry=context-change excluded quest=865;stage=Pickup;npc=3446;reason=outside-scan-radius;retry=context-change excluded quest=867;stage=Objective;scope=Objective;objective=0;retry=2026-09-05T06:10:20.8137024Z;state=Quarantined. excluded quest=868;stage=Pickup;npc=3428;reason=outside-scan-radius;retry=context-change excluded quest=878;stage=Pickup;npc=3430;reason=outside-scan-radius;retry=context-change excluded quest=8889;stage=Objective;objective=0;reason=outside-scan-radius;retry=context-change. excluded quest=8889;stage=Objective;objective=1;reason=outside-scan-radius;retry=context-change. excluded quest=8889;stage=Objective;objective=2;reason=outside-scan-radius;retry=context-change. excluded quest=891;stage=Objective;objective=0;reason=outside-scan-radius;retry=context-change. excluded quest=891;stage=Objective;objective=1;reason=outside-scan-radius;retry=context-change. excluded quest=891;stage=Objective;objective=2;reason=outside-scan-radius;retry=context-change. excluded quest=891;stage=Objective;scope=Objective;objective=3;retry=2026-09-05T06:10:20.8169213Z;state=Quarantined. excluded quest=893;stage=Pickup;npc=3433;reason=outside-scan-radius;retry=context-change excluded quest=894;stage=TurnIn;npc=4141;reason=outside-scan-radius;retry=context-change excluded quest=896;stage=Objective;scope=Objective;objective=0;retry=2026-09-05T06:10:20.8197153Z;state=Quarantined. excluded quest=9067;stage=Objective;scope=Objective;objective=0;retry=2026-09-05T07:12:52.3802265Z;state=Quarantined. excluded quest=9151;stage=Pickup;npc=16199;reason=outside-scan-radius;retry=context-change excluded quest=9157;stage=TurnIn;npc=16201;reason=outside-scan-radius;retry=context-change excluded quest=9214;stage=Pickup;npc=16220;reason=outside-scan-radius;retry=context-change excluded quest=9218;stage=Pickup;npc=16205;reason=outside-scan-radius;retry=context-change excluded quest=9275;stage=Pickup;npc=16464;reason=outside-scan-radius;retry=context-change excluded quest=9276;stage=Pickup;npc=16463;reason=outside-scan-radius;retry=context-change excluded quest=9281;stage=Pickup;npc=16480;reason=outside-scan-radius;retry=context-change excluded quest=9388;stage=Pickup;scope=QuestStage;retry=2026-09-05T06:10:20.8314367Z;state=Quarantined. excluded quest=9389;stage=Pickup;scope=QuestStage;retry=2026-09-05T06:10:20.8315248Z;state=Quarantined. excluded quest=9425;stage=Pickup;npc=16287;reason=outside-scan-radius;retry=context-change excluded quest=9428;stage=Pickup;npc=17098;reason=outside-scan-radius;retry=context-change excluded quest=959;stage=Pickup;npc=3665;reason=outside-scan-radius;retry=context-change excluded quest=962;stage=Pickup;npc=3419;reason=outside-scan-radius;retry=context-change excluded quest=965;stage=Pickup;npc=3657;reason=outside-scan-radius;retry=context-change excluded quest=9749;stage=Pickup;scope=QuestStage;retry=2026-09-05T06:10:20.8275214Z;state=Quarantined.
[09:50:39.566] [N] Looting Grimtotem Mercenary Guid 0xF130002E87074AC4
[09:50:39.668] [D] Cleared POI - Reason Waiting for loot flag
[09:50:39.668] [D] Cleared POI
[09:50:40.441] [D] [QuestRecovery] quest=6548, stage=Objective, old=Attempting, new=Eligible, reason=None, episode=0, attempt=0, retry=
[09:50:40.441] [N] [Wholesome Auto Quest] Quest 6548 Objective completed; queuing one scheduler rebuild.
[09:50:41.483] [D] [QuestRecovery] quest=6548, stage=Objective, old=Attempting, new=Eligible, reason=None, episode=0, attempt=0, retry=
[09:50:41.854] [D] [WholesomeAQ] Quest chain correction: ancestor=1062; descendant=1063.
[09:50:41.854] [D] [WholesomeAQ] Quest chain correction: ancestor=1062; descendant=1068.
[09:50:41.915] [D] Loading profile from D:\World of Warcraft 3.3.5a\CB\Bots\WholesomeAutoQuest\WHOLESOME_AUTOQUESTER.xml
[09:50:41.916] [N] Profile loaded: WholesomeAQ - Stonetalon Mountains
[09:50:41.920] [D] Selected sub-profile: WholesomeAQ - Stonetalon Mountains (L1-80)
[09:50:41.920] [N] [Wholesome Auto Quest] Profile refreshed - Selected 3 quest work candidate(s). selected quest=6548;stage=TurnIn;state=Eligible. selected quest=6542;stage=Pickup;state=Eligible. selected quest=6461;stage=Pickup;state=Eligible. excluded quest=104;stage=Pickup;npc=392;reason=outside-scan-radius;retry=context-change excluded quest=1062;stage=AncestorCorrection;objective=0;reason=outside-scan-radius;retry=context-change. excluded quest=1069;stage=Pickup;npc=3446;reason=outside-scan-radius;retry=context-change excluded quest=1087;stage=Pickup;npc=4198;reason=outside-scan-radius;retry=context-change excluded quest=1093;stage=Pickup;npc=4201;reason=outside-scan-radius;retry=context-change excluded quest=11127;stage=Pickup;scope=QuestStage;retry=2026-09-05T06:10:20.8287986Z;state=Quarantined. excluded quest=118;stage=Pickup;npc=415;reason=outside-scan-radius;retry=context-change excluded quest=1195;stage=Pickup;npc=4721;reason=outside-scan-radius;retry=context-change excluded quest=14106;stage=Pickup;scope=QuestStage;retry=2026-09-05T06:10:20.8250193Z;state=Quarantined. excluded quest=1483;stage=Pickup;npc=3442;reason=outside-scan-radius;retry=context-change excluded quest=152;stage=Pickup;npc=392;reason=outside-scan-radius;retry=context-change excluded quest=2098;stage=Pickup;npc=6667;reason=outside-scan-radius;retry=context-change excluded quest=216;stage=Pickup;npc=12757;reason=outside-scan-radius;retry=context-change excluded quest=235;stage=Pickup;npc=10880;reason=outside-scan-radius;retry=context-change excluded quest=3281;stage=TurnIn;npc=3464;reason=outside-scan-radius;retry=context-change excluded quest=4542;stage=Pickup;npc=10079;reason=outside-scan-radius;retry=context-change excluded quest=470;stage=Pickup;npc=2111;reason=outside-scan-radius;retry=context-change excluded quest=472;stage=Pickup;npc=2097;reason=outside-scan-radius;retry=context-change excluded quest=4740;stage=Pickup;npc=175320;reason=outside-scan-radius;retry=context-change excluded quest=4921;stage=Objective;objective=0;reason=outside-scan-radius;retry=context-change. excluded quest=493;stage=Pickup;npc=1937;reason=outside-scan-radius;retry=context-change excluded quest=494;stage=Pickup;npc=2214;reason=outside-scan-radius;retry=context-change excluded quest=496;stage=Pickup;npc=2216;reason=outside-scan-radius;retry=context-change excluded quest=498;stage=Pickup;npc=2229;reason=outside-scan-radius;retry=context-change excluded quest=501;stage=Pickup;npc=2216;reason=outside-scan-radius;retry=context-change excluded quest=516;stage=Pickup;npc=2121;reason=outside-scan-radius;retry=context-change excluded quest=527;stage=Pickup;npc=2215;reason=outside-scan-radius;retry=context-change excluded quest=546;stage=Pickup;npc=2418;reason=outside-scan-radius;retry=context-change excluded quest=549;stage=Pickup;npc=1763;reason=outside-scan-radius;retry=context-change excluded quest=6301;stage=Pickup;npc=11864;reason=outside-scan-radius;retry=context-change excluded quest=6382;stage=Pickup;npc=3387;reason=outside-scan-radius;retry=context-change excluded quest=6383;stage=Pickup;npc=12696;reason=outside-scan-radius;retry=context-change excluded quest=6393;stage=Pickup;npc=11862;reason=outside-scan-radius;retry=context-change excluded quest=6442;stage=Pickup;npc=12719;reason=outside-scan-radius;retry=context-change excluded quest=6462;stage=Pickup;npc=12721;reason=outside-scan-radius;retry=context-change excluded quest=6503;stage=Pickup;npc=12867;reason=outside-scan-radius;retry=context-change excluded quest=6541;stage=Pickup;npc=3429;reason=outside-scan-radius;retry=context-change excluded quest=6543;stage=Pickup;npc=8582;reason=outside-scan-radius;retry=context-change excluded quest=742;stage=Pickup;npc=10881;reason=outside-scan-radius;retry=context-change excluded quest=747;stage=Objective;scope=Objective;objective=0;retry=2026-09-05T06:10:20.8040908Z;state=Quarantined. excluded quest=747;stage=Objective;scope=Objective;objective=1;retry=2026-09-05T06:10:20.8116023Z;state=Quarantined. excluded quest=7790;stage=Pickup;scope=QuestStage;retry=2026-09-05T06:10:20.8249148Z;state=Quarantined. excluded quest=843;stage=Pickup;npc=3341;reason=outside-scan-radius;retry=context-change excluded quest=8487;stage=TurnIn;npc=15402;reason=outside-scan-radius;retry=context-change excluded quest=851;stage=Pickup;npc=3389;reason=outside-scan-radius;retry=context-change excluded quest=858;stage=Pickup;npc=3439;reason=outside-scan-radius;retry=context-change excluded quest=865;stage=Pickup;npc=3446;reason=outside-scan-radius;retry=context-change excluded quest=867;stage=Objective;scope=Objective;objective=0;retry=2026-09-05T06:10:20.8137024Z;state=Quarantined. excluded quest=868;stage=Pickup;npc=3428;reason=outside-scan-radius;retry=context-change excluded quest=878;stage=Pickup;npc=3430;reason=outside-scan-radius;retry=context-change excluded quest=8889;stage=Objective;objective=0;reason=outside-scan-radius;retry=context-change. excluded quest=8889;stage=Objective;objective=1;reason=outside-scan-radius;retry=context-change. excluded quest=8889;stage=Objective;objective=2;reason=outside-scan-radius;retry=context-change. excluded quest=891;stage=Objective;objective=0;reason=outside-scan-radius;retry=context-change. excluded quest=891;stage=Objective;objective=1;reason=outside-scan-radius;retry=context-change. excluded quest=891;stage=Objective;objective=2;reason=outside-scan-radius;retry=context-change. excluded quest=891;stage=Objective;scope=Objective;objective=3;retry=2026-09-05T06:10:20.8169213Z;state=Quarantined. excluded quest=893;stage=Pickup;npc=3433;reason=outside-scan-radius;retry=context-change excluded quest=894;stage=TurnIn;npc=4141;reason=outside-scan-radius;retry=context-change excluded quest=896;stage=Objective;scope=Objective;objective=0;retry=2026-09-05T06:10:20.8197153Z;state=Quarantined. excluded quest=9067;stage=Objective;scope=Objective;objective=0;retry=2026-09-05T07:12:52.3802265Z;state=Quarantined. excluded quest=9151;stage=Pickup;npc=16199;reason=outside-scan-radius;retry=context-change excluded quest=9157;stage=TurnIn;npc=16201;reason=outside-scan-radius;retry=context-change excluded quest=9214;stage=Pickup;npc=16220;reason=outside-scan-radius;retry=context-change excluded quest=9218;stage=Pickup;npc=16205;reason=outside-scan-radius;retry=context-change excluded quest=9275;stage=Pickup;npc=16464;reason=outside-scan-radius;retry=context-change excluded quest=9276;stage=Pickup;npc=16463;reason=outside-scan-radius;retry=context-change excluded quest=9281;stage=Pickup;npc=16480;reason=outside-scan-radius;retry=context-change excluded quest=9388;stage=Pickup;scope=QuestStage;retry=2026-09-05T06:10:20.8314367Z;state=Quarantined. excluded quest=9389;stage=Pickup;scope=QuestStage;retry=2026-09-05T06:10:20.8315248Z;state=Quarantined. excluded quest=9425;stage=Pickup;npc=16287;reason=outside-scan-radius;retry=context-change excluded quest=9428;stage=Pickup;npc=17098;reason=outside-scan-radius;retry=context-change excluded quest=959;stage=Pickup;npc=3665;reason=outside-scan-radius;retry=context-change excluded quest=962;stage=Pickup;npc=3419;reason=outside-scan-radius;retry=context-change excluded quest=965;stage=Pickup;npc=3657;reason=outside-scan-radius;retry=context-change excluded quest=9749;stage=Pickup;scope=QuestStage;retry=2026-09-05T06:10:20.8275214Z;state=Quarantined.
[09:50:42.256] [D] Changed POI to: Type: Loot, Name: Grimtotem Ruffian, Guid: F130002E86074ADE, Entry: 11910, Location: (-2.82, -698.84, -19.13)
[09:50:42.387] [D] [QuestRecovery] quest=6548, stage=Objective, old=Attempting, new=Eligible, reason=None, episode=0, attempt=0, retry=
[09:50:42.387] [N] [Wholesome Auto Quest] Quest 6548 Objective completed; queuing one scheduler rebuild.
[09:50:43.191] [D] [QuestRecovery] quest=6548, stage=Objective, old=Attempting, new=Eligible, reason=None, episode=0, attempt=0, retry=
[09:50:43.563] [D] [WholesomeAQ] Quest chain correction: ancestor=1062; descendant=1063.
[09:50:43.563] [D] [WholesomeAQ] Quest chain correction: ancestor=1062; descendant=1068.
[09:50:43.572] [D] Loading profile from D:\World of Warcraft 3.3.5a\CB\Bots\WholesomeAutoQuest\WHOLESOME_AUTOQUESTER.xml
[09:50:43.573] [N] Profile loaded: WholesomeAQ - Stonetalon Mountains
[09:50:43.595] [D] Selected sub-profile: WholesomeAQ - Stonetalon Mountains (L1-80)
[09:50:43.595] [N] [Wholesome Auto Quest] Profile refreshed - Selected 3 quest work candidate(s). selected quest=6548;stage=TurnIn;state=Eligible. selected quest=6542;stage=Pickup;state=Eligible. selected quest=6461;stage=Pickup;state=Eligible. excluded quest=104;stage=Pickup;npc=392;reason=outside-scan-radius;retry=context-change excluded quest=1062;stage=AncestorCorrection;objective=0;reason=outside-scan-radius;retry=context-change. excluded quest=1069;stage=Pickup;npc=3446;reason=outside-scan-radius;retry=context-change excluded quest=1087;stage=Pickup;npc=4198;reason=outside-scan-radius;retry=context-change excluded quest=1093;stage=Pickup;npc=4201;reason=outside-scan-radius;retry=context-change excluded quest=11127;stage=Pickup;scope=QuestStage;retry=2026-09-05T06:10:20.8287986Z;state=Quarantined. excluded quest=118;stage=Pickup;npc=415;reason=outside-scan-radius;retry=context-change excluded quest=1195;stage=Pickup;npc=4721;reason=outside-scan-radius;retry=context-change excluded quest=14106;stage=Pickup;scope=QuestStage;retry=2026-09-05T06:10:20.8250193Z;state=Quarantined. excluded quest=1483;stage=Pickup;npc=3442;reason=outside-scan-radius;retry=context-change excluded quest=152;stage=Pickup;npc=392;reason=outside-scan-radius;retry=context-change excluded quest=2098;stage=Pickup;npc=6667;reason=outside-scan-radius;retry=context-change excluded quest=216;stage=Pickup;npc=12757;reason=outside-scan-radius;retry=context-change excluded quest=235;stage=Pickup;npc=10880;reason=outside-scan-radius;retry=context-change excluded quest=3281;stage=TurnIn;npc=3464;reason=outside-scan-radius;retry=context-change excluded quest=4542;stage=Pickup;npc=10079;reason=outside-scan-radius;retry=context-change excluded quest=470;stage=Pickup;npc=2111;reason=outside-scan-radius;retry=context-change excluded quest=472;stage=Pickup;npc=2097;reason=outside-scan-radius;retry=context-change excluded quest=4740;stage=Pickup;npc=175320;reason=outside-scan-radius;retry=context-change excluded quest=4921;stage=Objective;objective=0;reason=outside-scan-radius;retry=context-change. excluded quest=493;stage=Pickup;npc=1937;reason=outside-scan-radius;retry=context-change excluded quest=494;stage=Pickup;npc=2214;reason=outside-scan-radius;retry=context-change excluded quest=496;stage=Pickup;npc=2216;reason=outside-scan-radius;retry=context-change excluded quest=498;stage=Pickup;npc=2229;reason=outside-scan-radius;retry=context-change excluded quest=501;stage=Pickup;npc=2216;reason=outside-scan-radius;retry=context-change excluded quest=516;stage=Pickup;npc=2121;reason=outside-scan-radius;retry=context-change excluded quest=527;stage=Pickup;npc=2215;reason=outside-scan-radius;retry=context-change excluded quest=546;stage=Pickup;npc=2418;reason=outside-scan-radius;retry=context-change excluded quest=549;stage=Pickup;npc=1763;reason=outside-scan-radius;retry=context-change excluded quest=6301;stage=Pickup;npc=11864;reason=outside-scan-radius;retry=context-change excluded quest=6382;stage=Pickup;npc=3387;reason=outside-scan-radius;retry=context-change excluded quest=6383;stage=Pickup;npc=12696;reason=outside-scan-radius;retry=context-change excluded quest=6393;stage=Pickup;npc=11862;reason=outside-scan-radius;retry=context-change excluded quest=6442;stage=Pickup;npc=12719;reason=outside-scan-radius;retry=context-change excluded quest=6462;stage=Pickup;npc=12721;reason=outside-scan-radius;retry=context-change excluded quest=6503;stage=Pickup;npc=12867;reason=outside-scan-radius;retry=context-change excluded quest=6541;stage=Pickup;npc=3429;reason=outside-scan-radius;retry=context-change excluded quest=6543;stage=Pickup;npc=8582;reason=outside-scan-radius;retry=context-change excluded quest=742;stage=Pickup;npc=10881;reason=outside-scan-radius;retry=context-change excluded quest=747;stage=Objective;scope=Objective;objective=0;retry=2026-09-05T06:10:20.8040908Z;state=Quarantined. excluded quest=747;stage=Objective;scope=Objective;objective=1;retry=2026-09-05T06:10:20.8116023Z;state=Quarantined. excluded quest=7790;stage=Pickup;scope=QuestStage;retry=2026-09-05T06:10:20.8249148Z;state=Quarantined. excluded quest=843;stage=Pickup;npc=3341;reason=outside-scan-radius;retry=context-change excluded quest=8487;stage=TurnIn;npc=15402;reason=outside-scan-radius;retry=context-change excluded quest=851;stage=Pickup;npc=3389;reason=outside-scan-radius;retry=context-change excluded quest=858;stage=Pickup;npc=3439;reason=outside-scan-radius;retry=context-change excluded quest=865;stage=Pickup;npc=3446;reason=outside-scan-radius;retry=context-change excluded quest=867;stage=Objective;scope=Objective;objective=0;retry=2026-09-05T06:10:20.8137024Z;state=Quarantined. excluded quest=868;stage=Pickup;npc=3428;reason=outside-scan-radius;retry=context-change excluded quest=878;stage=Pickup;npc=3430;reason=outside-scan-radius;retry=context-change excluded quest=8889;stage=Objective;objective=0;reason=outside-scan-radius;retry=context-change. excluded quest=8889;stage=Objective;objective=1;reason=outside-scan-radius;retry=context-change. excluded quest=8889;stage=Objective;objective=2;reason=outside-scan-radius;retry=context-change. excluded quest=891;stage=Objective;objective=0;reason=outside-scan-radius;retry=context-change. excluded quest=891;stage=Objective;objective=1;reason=outside-scan-radius;retry=context-change. excluded quest=891;stage=Objective;objective=2;reason=outside-scan-radius;retry=context-change. excluded quest=891;stage=Objective;scope=Objective;objective=3;retry=2026-09-05T06:10:20.8169213Z;state=Quarantined. excluded quest=893;stage=Pickup;npc=3433;reason=outside-scan-radius;retry=context-change excluded quest=894;stage=TurnIn;npc=4141;reason=outside-scan-radius;retry=context-change excluded quest=896;stage=Objective;scope=Objective;objective=0;retry=2026-09-05T06:10:20.8197153Z;state=Quarantined. excluded quest=9067;stage=Objective;scope=Objective;objective=0;retry=2026-09-05T07:12:52.3802265Z;state=Quarantined. excluded quest=9151;stage=Pickup;npc=16199;reason=outside-scan-radius;retry=context-change excluded quest=9157;stage=TurnIn;npc=16201;reason=outside-scan-radius;retry=context-change excluded quest=9214;stage=Pickup;npc=16220;reason=outside-scan-radius;retry=context-change excluded quest=9218;stage=Pickup;npc=16205;reason=outside-scan-radius;retry=context-change excluded quest=9275;stage=Pickup;npc=16464;reason=outside-scan-radius;retry=context-change excluded quest=9276;stage=Pickup;npc=16463;reason=outside-scan-radius;retry=context-change excluded quest=9281;stage=Pickup;npc=16480;reason=outside-scan-radius;retry=context-change excluded quest=9388;stage=Pickup;scope=QuestStage;retry=2026-09-05T06:10:20.8314367Z;state=Quarantined. excluded quest=9389;stage=Pickup;scope=QuestStage;retry=2026-09-05T06:10:20.8315248Z;state=Quarantined. excluded quest=9425;stage=Pickup;npc=16287;reason=outside-scan-radius;retry=context-change excluded quest=9428;stage=Pickup;npc=17098;reason=outside-scan-radius;retry=context-change excluded quest=959;stage=Pickup;npc=3665;reason=outside-scan-radius;retry=context-change excluded quest=962;stage=Pickup;npc=3419;reason=outside-scan-radius;retry=context-change excluded quest=965;stage=Pickup;npc=3657;reason=outside-scan-radius;retry=context-change excluded quest=9749;stage=Pickup;scope=QuestStage;retry=2026-09-05T06:10:20.8275214Z;state=Quarantined.
[09:50:43.931] [N] Moving to Type: Loot, Name: Grimtotem Ruffian, Guid: F130002E86074ADE, Entry: 11910, Location: (-2.82, -698.84, -19.13)
[09:50:44.164] [N] Mounting: 35022
[09:50:46.516] [D] [QuestRecovery] quest=6548, stage=Objective, old=Attempting, new=Eligible, reason=None, episode=0, attempt=0, retry=
[09:50:46.516] [N] [Wholesome Auto Quest] Quest 6548 Objective completed; queuing one scheduler rebuild.
[09:50:47.324] [D] [QuestRecovery] quest=6548, stage=Objective, old=Attempting, new=Eligible, reason=None, episode=0, attempt=0, retry=
[09:50:48.127] [D] [QuestLog] Loaded 66 completed quests from Lua fallback
[09:50:48.163] [D] [WholesomeAQ] Quest chain correction: ancestor=1062; descendant=1063.
[09:50:48.164] [D] [WholesomeAQ] Quest chain correction: ancestor=1062; descendant=1068.
[09:50:48.173] [D] Loading profile from D:\World of Warcraft 3.3.5a\CB\Bots\WholesomeAutoQuest\WHOLESOME_AUTOQUESTER.xml
[09:50:48.174] [N] Profile loaded: WholesomeAQ - Stonetalon Mountains
[09:50:48.194] [D] Selected sub-profile: WholesomeAQ - Stonetalon Mountains (L1-80)
[09:50:48.194] [N] [Wholesome Auto Quest] Profile refreshed - Selected 3 quest work candidate(s). selected quest=6548;stage=TurnIn;state=Eligible. selected quest=6542;stage=Pickup;state=Eligible. selected quest=6461;stage=Pickup;state=Eligible. excluded quest=104;stage=Pickup;npc=392;reason=outside-scan-radius;retry=context-change excluded quest=1062;stage=AncestorCorrection;objective=0;reason=outside-scan-radius;retry=context-change. excluded quest=1069;stage=Pickup;npc=3446;reason=outside-scan-radius;retry=context-change excluded quest=1087;stage=Pickup;npc=4198;reason=outside-scan-radius;retry=context-change excluded quest=1093;stage=Pickup;npc=4201;reason=outside-scan-radius;retry=context-change excluded quest=11127;stage=Pickup;scope=QuestStage;retry=2026-09-05T06:10:20.8287986Z;state=Quarantined. excluded quest=118;stage=Pickup;npc=415;reason=outside-scan-radius;retry=context-change excluded quest=1195;stage=Pickup;npc=4721;reason=outside-scan-radius;retry=context-change excluded quest=14106;stage=Pickup;scope=QuestStage;retry=2026-09-05T06:10:20.8250193Z;state=Quarantined. excluded quest=1483;stage=Pickup;npc=3442;reason=outside-scan-radius;retry=context-change excluded quest=152;stage=Pickup;npc=392;reason=outside-scan-radius;retry=context-change excluded quest=2098;stage=Pickup;npc=6667;reason=outside-scan-radius;retry=context-change excluded quest=216;stage=Pickup;npc=12757;reason=outside-scan-radius;retry=context-change excluded quest=235;stage=Pickup;npc=10880;reason=outside-scan-radius;retry=context-change excluded quest=3281;stage=TurnIn;npc=3464;reason=outside-scan-radius;retry=context-change excluded quest=4542;stage=Pickup;npc=10079;reason=outside-scan-radius;retry=context-change excluded quest=470;stage=Pickup;npc=2111;reason=outside-scan-radius;retry=context-change excluded quest=472;stage=Pickup;npc=2097;reason=outside-scan-radius;retry=context-change excluded quest=4740;stage=Pickup;npc=175320;reason=outside-scan-radius;retry=context-change excluded quest=4921;stage=Objective;objective=0;reason=outside-scan-radius;retry=context-change. excluded quest=493;stage=Pickup;npc=1937;reason=outside-scan-radius;retry=context-change excluded quest=494;stage=Pickup;npc=2214;reason=outside-scan-radius;retry=context-change excluded quest=496;stage=Pickup;npc=2216;reason=outside-scan-radius;retry=context-change excluded quest=498;stage=Pickup;npc=2229;reason=outside-scan-radius;retry=context-change excluded quest=501;stage=Pickup;npc=2216;reason=outside-scan-radius;retry=context-change excluded quest=516;stage=Pickup;npc=2121;reason=outside-scan-radius;retry=context-change excluded quest=527;stage=Pickup;npc=2215;reason=outside-scan-radius;retry=context-change excluded quest=546;stage=Pickup;npc=2418;reason=outside-scan-radius;retry=context-change excluded quest=549;stage=Pickup;npc=1763;reason=outside-scan-radius;retry=context-change excluded quest=6301;stage=Pickup;npc=11864;reason=outside-scan-radius;retry=context-change excluded quest=6382;stage=Pickup;npc=3387;reason=outside-scan-radius;retry=context-change excluded quest=6383;stage=Pickup;npc=12696;reason=outside-scan-radius;retry=context-change excluded quest=6393;stage=Pickup;npc=11862;reason=outside-scan-radius;retry=context-change excluded quest=6442;stage=Pickup;npc=12719;reason=outside-scan-radius;retry=context-change excluded quest=6462;stage=Pickup;npc=12721;reason=outside-scan-radius;retry=context-change excluded quest=6503;stage=Pickup;npc=12867;reason=outside-scan-radius;retry=context-change excluded quest=6541;stage=Pickup;npc=3429;reason=outside-scan-radius;retry=context-change excluded quest=6543;stage=Pickup;npc=8582;reason=outside-scan-radius;retry=context-change excluded quest=742;stage=Pickup;npc=10881;reason=outside-scan-radius;retry=context-change excluded quest=747;stage=Objective;scope=Objective;objective=0;retry=2026-09-05T06:10:20.8040908Z;state=Quarantined. excluded quest=747;stage=Objective;scope=Objective;objective=1;retry=2026-09-05T06:10:20.8116023Z;state=Quarantined. excluded quest=7790;stage=Pickup;scope=QuestStage;retry=2026-09-05T06:10:20.8249148Z;state=Quarantined. excluded quest=843;stage=Pickup;npc=3341;reason=outside-scan-radius;retry=context-change excluded quest=8487;stage=TurnIn;npc=15402;reason=outside-scan-radius;retry=context-change excluded quest=851;stage=Pickup;npc=3389;reason=outside-scan-radius;retry=context-change excluded quest=858;stage=Pickup;npc=3439;reason=outside-scan-radius;retry=context-change excluded quest=865;stage=Pickup;npc=3446;reason=outside-scan-radius;retry=context-change excluded quest=867;stage=Objective;scope=Objective;objective=0;retry=2026-09-05T06:10:20.8137024Z;state=Quarantined. excluded quest=868;stage=Pickup;npc=3428;reason=outside-scan-radius;retry=context-change excluded quest=878;stage=Pickup;npc=3430;reason=outside-scan-radius;retry=context-change excluded quest=8889;stage=Objective;objective=0;reason=outside-scan-radius;retry=context-change. excluded quest=8889;stage=Objective;objective=1;reason=outside-scan-radius;retry=context-change. excluded quest=8889;stage=Objective;objective=2;reason=outside-scan-radius;retry=context-change. excluded quest=891;stage=Objective;objective=0;reason=outside-scan-radius;retry=context-change. excluded quest=891;stage=Objective;objective=1;reason=outside-scan-radius;retry=context-change. excluded quest=891;stage=Objective;objective=2;reason=outside-scan-radius;retry=context-change. excluded quest=891;stage=Objective;scope=Objective;objective=3;retry=2026-09-05T06:10:20.8169213Z;state=Quarantined. excluded quest=893;stage=Pickup;npc=3433;reason=outside-scan-radius;retry=context-change excluded quest=894;stage=TurnIn;npc=4141;reason=outside-scan-radius;retry=context-change excluded quest=896;stage=Objective;scope=Objective;objective=0;retry=2026-09-05T06:10:20.8197153Z;state=Quarantined. excluded quest=9067;stage=Objective;scope=Objective;objective=0;retry=2026-09-05T07:12:52.3802265Z;state=Quarantined. excluded quest=9151;stage=Pickup;npc=16199;reason=outside-scan-radius;retry=context-change excluded quest=9157;stage=TurnIn;npc=16201;reason=outside-scan-radius;retry=context-change excluded quest=9214;stage=Pickup;npc=16220;reason=outside-scan-radius;retry=context-change excluded quest=9218;stage=Pickup;npc=16205;reason=outside-scan-radius;retry=context-change excluded quest=9275;stage=Pickup;npc=16464;reason=outside-scan-radius;retry=context-change excluded quest=9276;stage=Pickup;npc=16463;reason=outside-scan-radius;retry=context-change excluded quest=9281;stage=Pickup;npc=16480;reason=outside-scan-radius;retry=context-change excluded quest=9388;stage=Pickup;scope=QuestStage;retry=2026-09-05T06:10:20.8314367Z;state=Quarantined. excluded quest=9389;stage=Pickup;scope=QuestStage;retry=2026-09-05T06:10:20.8315248Z;state=Quarantined. excluded quest=9425;stage=Pickup;npc=16287;reason=outside-scan-radius;retry=context-change excluded quest=9428;stage=Pickup;npc=17098;reason=outside-scan-radius;retry=context-change excluded quest=959;stage=Pickup;npc=3665;reason=outside-scan-radius;retry=context-change excluded quest=962;stage=Pickup;npc=3419;reason=outside-scan-radius;retry=context-change excluded quest=965;stage=Pickup;npc=3657;reason=outside-scan-radius;retry=context-change excluded quest=9749;stage=Pickup;scope=QuestStage;retry=2026-09-05T06:10:20.8275214Z;state=Quarantined.
[09:50:48.498] [D] Dismount for interaction.
[09:50:48.498] [D] Stop and dismount. Reason: Combat
[09:50:48.665] [D] [QuestRecovery] quest=6548, stage=Objective, old=Attempting, new=Eligible, reason=None, episode=0, attempt=0, retry=
[09:50:48.665] [N] [Wholesome Auto Quest] Quest 6548 Objective completed; queuing one scheduler rebuild.
[09:50:49.470] [D] [QuestRecovery] quest=6548, stage=Objective, old=Attempting, new=Eligible, reason=None, episode=0, attempt=0, retry=
[09:50:49.841] [D] [WholesomeAQ] Quest chain correction: ancestor=1062; descendant=1063.
[09:50:49.841] [D] [WholesomeAQ] Quest chain correction: ancestor=1062; descendant=1068.
[09:50:49.853] [D] Loading profile from D:\World of Warcraft 3.3.5a\CB\Bots\WholesomeAutoQuest\WHOLESOME_AUTOQUESTER.xml
[09:50:49.854] [N] Profile loaded: WholesomeAQ - Stonetalon Mountains
[09:50:49.873] [D] Selected sub-profile: WholesomeAQ - Stonetalon Mountains (L1-80)
[09:50:49.873] [N] [Wholesome Auto Quest] Profile refreshed - Selected 3 quest work candidate(s). selected quest=6548;stage=TurnIn;state=Eligible. selected quest=6542;stage=Pickup;state=Eligible. selected quest=6461;stage=Pickup;state=Eligible. excluded quest=104;stage=Pickup;npc=392;reason=outside-scan-radius;retry=context-change excluded quest=1062;stage=AncestorCorrection;objective=0;reason=outside-scan-radius;retry=context-change. excluded quest=1069;stage=Pickup;npc=3446;reason=outside-scan-radius;retry=context-change excluded quest=1087;stage=Pickup;npc=4198;reason=outside-scan-radius;retry=context-change excluded quest=1093;stage=Pickup;npc=4201;reason=outside-scan-radius;retry=context-change excluded quest=11127;stage=Pickup;scope=QuestStage;retry=2026-09-05T06:10:20.8287986Z;state=Quarantined. excluded quest=118;stage=Pickup;npc=415;reason=outside-scan-radius;retry=context-change excluded quest=1195;stage=Pickup;npc=4721;reason=outside-scan-radius;retry=context-change excluded quest=14106;stage=Pickup;scope=QuestStage;retry=2026-09-05T06:10:20.8250193Z;state=Quarantined. excluded quest=1483;stage=Pickup;npc=3442;reason=outside-scan-radius;retry=context-change excluded quest=152;stage=Pickup;npc=392;reason=outside-scan-radius;retry=context-change excluded quest=2098;stage=Pickup;npc=6667;reason=outside-scan-radius;retry=context-change excluded quest=216;stage=Pickup;npc=12757;reason=outside-scan-radius;retry=context-change excluded quest=235;stage=Pickup;npc=10880;reason=outside-scan-radius;retry=context-change excluded quest=3281;stage=TurnIn;npc=3464;reason=outside-scan-radius;retry=context-change excluded quest=4542;stage=Pickup;npc=10079;reason=outside-scan-radius;retry=context-change excluded quest=470;stage=Pickup;npc=2111;reason=outside-scan-radius;retry=context-change excluded quest=472;stage=Pickup;npc=2097;reason=outside-scan-radius;retry=context-change excluded quest=4740;stage=Pickup;npc=175320;reason=outside-scan-radius;retry=context-change excluded quest=4921;stage=Objective;objective=0;reason=outside-scan-radius;retry=context-change. excluded quest=493;stage=Pickup;npc=1937;reason=outside-scan-radius;retry=context-change excluded quest=494;stage=Pickup;npc=2214;reason=outside-scan-radius;retry=context-change excluded quest=496;stage=Pickup;npc=2216;reason=outside-scan-radius;retry=context-change excluded quest=498;stage=Pickup;npc=2229;reason=outside-scan-radius;retry=context-change excluded quest=501;stage=Pickup;npc=2216;reason=outside-scan-radius;retry=context-change excluded quest=516;stage=Pickup;npc=2121;reason=outside-scan-radius;retry=context-change excluded quest=527;stage=Pickup;npc=2215;reason=outside-scan-radius;retry=context-change excluded quest=546;stage=Pickup;npc=2418;reason=outside-scan-radius;retry=context-change excluded quest=549;stage=Pickup;npc=1763;reason=outside-scan-radius;retry=context-change excluded quest=6301;stage=Pickup;npc=11864;reason=outside-scan-radius;retry=context-change excluded quest=6382;stage=Pickup;npc=3387;reason=outside-scan-radius;retry=context-change excluded quest=6383;stage=Pickup;npc=12696;reason=outside-scan-radius;retry=context-change excluded quest=6393;stage=Pickup;npc=11862;reason=outside-scan-radius;retry=context-change excluded quest=6442;stage=Pickup;npc=12719;reason=outside-scan-radius;retry=context-change excluded quest=6462;stage=Pickup;npc=12721;reason=outside-scan-radius;retry=context-change excluded quest=6503;stage=Pickup;npc=12867;reason=outside-scan-radius;retry=context-change excluded quest=6541;stage=Pickup;npc=3429;reason=outside-scan-radius;retry=context-change excluded quest=6543;stage=Pickup;npc=8582;reason=outside-scan-radius;retry=context-change excluded quest=742;stage=Pickup;npc=10881;reason=outside-scan-radius;retry=context-change excluded quest=747;stage=Objective;scope=Objective;objective=0;retry=2026-09-05T06:10:20.8040908Z;state=Quarantined. excluded quest=747;stage=Objective;scope=Objective;objective=1;retry=2026-09-05T06:10:20.8116023Z;state=Quarantined. excluded quest=7790;stage=Pickup;scope=QuestStage;retry=2026-09-05T06:10:20.8249148Z;state=Quarantined. excluded quest=843;stage=Pickup;npc=3341;reason=outside-scan-radius;retry=context-change excluded quest=8487;stage=TurnIn;npc=15402;reason=outside-scan-radius;retry=context-change excluded quest=851;stage=Pickup;npc=3389;reason=outside-scan-radius;retry=context-change excluded quest=858;stage=Pickup;npc=3439;reason=outside-scan-radius;retry=context-change excluded quest=865;stage=Pickup;npc=3446;reason=outside-scan-radius;retry=context-change excluded quest=867;stage=Objective;scope=Objective;objective=0;retry=2026-09-05T06:10:20.8137024Z;state=Quarantined. excluded quest=868;stage=Pickup;npc=3428;reason=outside-scan-radius;retry=context-change excluded quest=878;stage=Pickup;npc=3430;reason=outside-scan-radius;retry=context-change excluded quest=8889;stage=Objective;objective=0;reason=outside-scan-radius;retry=context-change. excluded quest=8889;stage=Objective;objective=1;reason=outside-scan-radius;retry=context-change. excluded quest=8889;stage=Objective;objective=2;reason=outside-scan-radius;retry=context-change. excluded quest=891;stage=Objective;objective=0;reason=outside-scan-radius;retry=context-change. excluded quest=891;stage=Objective;objective=1;reason=outside-scan-radius;retry=context-change. excluded quest=891;stage=Objective;objective=2;reason=outside-scan-radius;retry=context-change. excluded quest=891;stage=Objective;scope=Objective;objective=3;retry=2026-09-05T06:10:20.8169213Z;state=Quarantined. excluded quest=893;stage=Pickup;npc=3433;reason=outside-scan-radius;retry=context-change excluded quest=894;stage=TurnIn;npc=4141;reason=outside-scan-radius;retry=context-change excluded quest=896;stage=Objective;scope=Objective;objective=0;retry=2026-09-05T06:10:20.8197153Z;state=Quarantined. excluded quest=9067;stage=Objective;scope=Objective;objective=0;retry=2026-09-05T07:12:52.3802265Z;state=Quarantined. excluded quest=9151;stage=Pickup;npc=16199;reason=outside-scan-radius;retry=context-change excluded quest=9157;stage=TurnIn;npc=16201;reason=outside-scan-radius;retry=context-change excluded quest=9214;stage=Pickup;npc=16220;reason=outside-scan-radius;retry=context-change excluded quest=9218;stage=Pickup;npc=16205;reason=outside-scan-radius;retry=context-change excluded quest=9275;stage=Pickup;npc=16464;reason=outside-scan-radius;retry=context-change excluded quest=9276;stage=Pickup;npc=16463;reason=outside-scan-radius;retry=context-change excluded quest=9281;stage=Pickup;npc=16480;reason=outside-scan-radius;retry=context-change excluded quest=9388;stage=Pickup;scope=QuestStage;retry=2026-09-05T06:10:20.8314367Z;state=Quarantined. excluded quest=9389;stage=Pickup;scope=QuestStage;retry=2026-09-05T06:10:20.8315248Z;state=Quarantined. excluded quest=9425;stage=Pickup;npc=16287;reason=outside-scan-radius;retry=context-change excluded quest=9428;stage=Pickup;npc=17098;reason=outside-scan-radius;retry=context-change excluded quest=959;stage=Pickup;npc=3665;reason=outside-scan-radius;retry=context-change excluded quest=962;stage=Pickup;npc=3419;reason=outside-scan-radius;retry=context-change excluded quest=965;stage=Pickup;npc=3657;reason=outside-scan-radius;retry=context-change excluded quest=9749;stage=Pickup;scope=QuestStage;retry=2026-09-05T06:10:20.8275214Z;state=Quarantined.
[09:50:50.209] [D] [Interact] Interacting with object at 0x2EA2F3A8
[09:50:50.242] [D] [Interact] Done interacting with object at 0x2EA2F3A8
[09:50:50.408] [D] [QuestRecovery] quest=6548, stage=Objective, old=Attempting, new=Eligible, reason=None, episode=0, attempt=0, retry=
[09:50:50.408] [N] [Wholesome Auto Quest] Quest 6548 Objective completed; queuing one scheduler rebuild.
[09:50:51.582] [D] [QuestRecovery] quest=6548, stage=Objective, old=Attempting, new=Eligible, reason=None, episode=0, attempt=0, retry=
[09:50:51.955] [D] [WholesomeAQ] Quest chain correction: ancestor=1062; descendant=1063.
[09:50:51.955] [D] [WholesomeAQ] Quest chain correction: ancestor=1062; descendant=1068.
[09:50:51.964] [D] Loading profile from D:\World of Warcraft 3.3.5a\CB\Bots\WholesomeAutoQuest\WHOLESOME_AUTOQUESTER.xml
[09:50:51.965] [N] Profile loaded: WholesomeAQ - Stonetalon Mountains
[09:50:51.986] [D] Selected sub-profile: WholesomeAQ - Stonetalon Mountains (L1-80)
[09:50:51.986] [N] [Wholesome Auto Quest] Profile refreshed - Selected 3 quest work candidate(s). selected quest=6548;stage=TurnIn;state=Eligible. selected quest=6542;stage=Pickup;state=Eligible. selected quest=6461;stage=Pickup;state=Eligible. excluded quest=104;stage=Pickup;npc=392;reason=outside-scan-radius;retry=context-change excluded quest=1062;stage=AncestorCorrection;objective=0;reason=outside-scan-radius;retry=context-change. excluded quest=1069;stage=Pickup;npc=3446;reason=outside-scan-radius;retry=context-change excluded quest=1087;stage=Pickup;npc=4198;reason=outside-scan-radius;retry=context-change excluded quest=1093;stage=Pickup;npc=4201;reason=outside-scan-radius;retry=context-change excluded quest=11127;stage=Pickup;scope=QuestStage;retry=2026-09-05T06:10:20.8287986Z;state=Quarantined. excluded quest=118;stage=Pickup;npc=415;reason=outside-scan-radius;retry=context-change excluded quest=1195;stage=Pickup;npc=4721;reason=outside-scan-radius;retry=context-change excluded quest=14106;stage=Pickup;scope=QuestStage;retry=2026-09-05T06:10:20.8250193Z;state=Quarantined. excluded quest=1483;stage=Pickup;npc=3442;reason=outside-scan-radius;retry=context-change excluded quest=152;stage=Pickup;npc=392;reason=outside-scan-radius;retry=context-change excluded quest=2098;stage=Pickup;npc=6667;reason=outside-scan-radius;retry=context-change excluded quest=216;stage=Pickup;npc=12757;reason=outside-scan-radius;retry=context-change excluded quest=235;stage=Pickup;npc=10880;reason=outside-scan-radius;retry=context-change excluded quest=3281;stage=TurnIn;npc=3464;reason=outside-scan-radius;retry=context-change excluded quest=4542;stage=Pickup;npc=10079;reason=outside-scan-radius;retry=context-change excluded quest=470;stage=Pickup;npc=2111;reason=outside-scan-radius;retry=context-change excluded quest=472;stage=Pickup;npc=2097;reason=outside-scan-radius;retry=context-change excluded quest=4740;stage=Pickup;npc=175320;reason=outside-scan-radius;retry=context-change excluded quest=4921;stage=Objective;objective=0;reason=outside-scan-radius;retry=context-change. excluded quest=493;stage=Pickup;npc=1937;reason=outside-scan-radius;retry=context-change excluded quest=494;stage=Pickup;npc=2214;reason=outside-scan-radius;retry=context-change excluded quest=496;stage=Pickup;npc=2216;reason=outside-scan-radius;retry=context-change excluded quest=498;stage=Pickup;npc=2229;reason=outside-scan-radius;retry=context-change excluded quest=501;stage=Pickup;npc=2216;reason=outside-scan-radius;retry=context-change excluded quest=516;stage=Pickup;npc=2121;reason=outside-scan-radius;retry=context-change excluded quest=527;stage=Pickup;npc=2215;reason=outside-scan-radius;retry=context-change excluded quest=546;stage=Pickup;npc=2418;reason=outside-scan-radius;retry=context-change excluded quest=549;stage=Pickup;npc=1763;reason=outside-scan-radius;retry=context-change excluded quest=6301;stage=Pickup;npc=11864;reason=outside-scan-radius;retry=context-change excluded quest=6382;stage=Pickup;npc=3387;reason=outside-scan-radius;retry=context-change excluded quest=6383;stage=Pickup;npc=12696;reason=outside-scan-radius;retry=context-change excluded quest=6393;stage=Pickup;npc=11862;reason=outside-scan-radius;retry=context-change excluded quest=6442;stage=Pickup;npc=12719;reason=outside-scan-radius;retry=context-change excluded quest=6462;stage=Pickup;npc=12721;reason=outside-scan-radius;retry=context-change excluded quest=6503;stage=Pickup;npc=12867;reason=outside-scan-radius;retry=context-change excluded quest=6541;stage=Pickup;npc=3429;reason=outside-scan-radius;retry=context-change excluded quest=6543;stage=Pickup;npc=8582;reason=outside-scan-radius;retry=context-change excluded quest=742;stage=Pickup;npc=10881;reason=outside-scan-radius;retry=context-change excluded quest=747;stage=Objective;scope=Objective;objective=0;retry=2026-09-05T06:10:20.8040908Z;state=Quarantined. excluded quest=747;stage=Objective;scope=Objective;objective=1;retry=2026-09-05T06:10:20.8116023Z;state=Quarantined. excluded quest=7790;stage=Pickup;scope=QuestStage;retry=2026-09-05T06:10:20.8249148Z;state=Quarantined. excluded quest=843;stage=Pickup;npc=3341;reason=outside-scan-radius;retry=context-change excluded quest=8487;stage=TurnIn;npc=15402;reason=outside-scan-radius;retry=context-change excluded quest=851;stage=Pickup;npc=3389;reason=outside-scan-radius;retry=context-change excluded quest=858;stage=Pickup;npc=3439;reason=outside-scan-radius;retry=context-change excluded quest=865;stage=Pickup;npc=3446;reason=outside-scan-radius;retry=context-change excluded quest=867;stage=Objective;scope=Objective;objective=0;retry=2026-09-05T06:10:20.8137024Z;state=Quarantined. excluded quest=868;stage=Pickup;npc=3428;reason=outside-scan-radius;retry=context-change excluded quest=878;stage=Pickup;npc=3430;reason=outside-scan-radius;retry=context-change excluded quest=8889;stage=Objective;objective=0;reason=outside-scan-radius;retry=context-change. excluded quest=8889;stage=Objective;objective=1;reason=outside-scan-radius;retry=context-change. excluded quest=8889;stage=Objective;objective=2;reason=outside-scan-radius;retry=context-change. excluded quest=891;stage=Objective;objective=0;reason=outside-scan-radius;retry=context-change. excluded quest=891;stage=Objective;objective=1;reason=outside-scan-radius;retry=context-change. excluded quest=891;stage=Objective;objective=2;reason=outside-scan-radius;retry=context-change. excluded quest=891;stage=Objective;scope=Objective;objective=3;retry=2026-09-05T06:10:20.8169213Z;state=Quarantined. excluded quest=893;stage=Pickup;npc=3433;reason=outside-scan-radius;retry=context-change excluded quest=894;stage=TurnIn;npc=4141;reason=outside-scan-radius;retry=context-change excluded quest=896;stage=Objective;scope=Objective;objective=0;retry=2026-09-05T06:10:20.8197153Z;state=Quarantined. excluded quest=9067;stage=Objective;scope=Objective;objective=0;retry=2026-09-05T07:12:52.3802265Z;state=Quarantined. excluded quest=9151;stage=Pickup;npc=16199;reason=outside-scan-radius;retry=context-change excluded quest=9157;stage=TurnIn;npc=16201;reason=outside-scan-radius;retry=context-change excluded quest=9214;stage=Pickup;npc=16220;reason=outside-scan-radius;retry=context-change excluded quest=9218;stage=Pickup;npc=16205;reason=outside-scan-radius;retry=context-change excluded quest=9275;stage=Pickup;npc=16464;reason=outside-scan-radius;retry=context-change excluded quest=9276;stage=Pickup;npc=16463;reason=outside-scan-radius;retry=context-change excluded quest=9281;stage=Pickup;npc=16480;reason=outside-scan-radius;retry=context-change excluded quest=9388;stage=Pickup;scope=QuestStage;retry=2026-09-05T06:10:20.8314367Z;state=Quarantined. excluded quest=9389;stage=Pickup;scope=QuestStage;retry=2026-09-05T06:10:20.8315248Z;state=Quarantined. excluded quest=9425;stage=Pickup;npc=16287;reason=outside-scan-radius;retry=context-change excluded quest=9428;stage=Pickup;npc=17098;reason=outside-scan-radius;retry=context-change excluded quest=959;stage=Pickup;npc=3665;reason=outside-scan-radius;retry=context-change excluded quest=962;stage=Pickup;npc=3419;reason=outside-scan-radius;retry=context-change excluded quest=965;stage=Pickup;npc=3657;reason=outside-scan-radius;retry=context-change excluded quest=9749;stage=Pickup;scope=QuestStage;retry=2026-09-05T06:10:20.8275214Z;state=Quarantined.
[09:50:52.288] [N] Looting Grimtotem Ruffian Guid 0xF130002E86074ADE
[09:50:52.388] [D] Cleared POI - Reason Waiting for loot flag
[09:50:52.388] [D] Cleared POI
[09:50:52.691] [D] [QuestRecovery] quest=6548, stage=Objective, old=Attempting, new=Eligible, reason=None, episode=0, attempt=0, retry=
[09:50:52.691] [N] [Wholesome Auto Quest] Quest 6548 Objective completed; queuing one scheduler rebuild.
[09:50:53.500] [D] [QuestRecovery] quest=6548, stage=Objective, old=Attempting, new=Eligible, reason=None, episode=0, attempt=0, retry=
[09:50:53.875] [D] [WholesomeAQ] Quest chain correction: ancestor=1062; descendant=1063.
[09:50:53.875] [D] [WholesomeAQ] Quest chain correction: ancestor=1062; descendant=1068.
[09:50:53.884] [D] Loading profile from D:\World of Warcraft 3.3.5a\CB\Bots\WholesomeAutoQuest\WHOLESOME_AUTOQUESTER.xml
[09:50:53.885] [N] Profile loaded: WholesomeAQ - Stonetalon Mountains
[09:50:53.905] [D] Selected sub-profile: WholesomeAQ - Stonetalon Mountains (L1-80)
[09:50:53.905] [N] [Wholesome Auto Quest] Profile refreshed - Selected 3 quest work candidate(s). selected quest=6548;stage=TurnIn;state=Eligible. selected quest=6542;stage=Pickup;state=Eligible. selected quest=6461;stage=Pickup;state=Eligible. excluded quest=104;stage=Pickup;npc=392;reason=outside-scan-radius;retry=context-change excluded quest=1062;stage=AncestorCorrection;objective=0;reason=outside-scan-radius;retry=context-change. excluded quest=1069;stage=Pickup;npc=3446;reason=outside-scan-radius;retry=context-change excluded quest=1087;stage=Pickup;npc=4198;reason=outside-scan-radius;retry=context-change excluded quest=1093;stage=Pickup;npc=4201;reason=outside-scan-radius;retry=context-change excluded quest=11127;stage=Pickup;scope=QuestStage;retry=2026-09-05T06:10:20.8287986Z;state=Quarantined. excluded quest=118;stage=Pickup;npc=415;reason=outside-scan-radius;retry=context-change excluded quest=1195;stage=Pickup;npc=4721;reason=outside-scan-radius;retry=context-change excluded quest=14106;stage=Pickup;scope=QuestStage;retry=2026-09-05T06:10:20.8250193Z;state=Quarantined. excluded quest=1483;stage=Pickup;npc=3442;reason=outside-scan-radius;retry=context-change excluded quest=152;stage=Pickup;npc=392;reason=outside-scan-radius;retry=context-change excluded quest=2098;stage=Pickup;npc=6667;reason=outside-scan-radius;retry=context-change excluded quest=216;stage=Pickup;npc=12757;reason=outside-scan-radius;retry=context-change excluded quest=235;stage=Pickup;npc=10880;reason=outside-scan-radius;retry=context-change excluded quest=3281;stage=TurnIn;npc=3464;reason=outside-scan-radius;retry=context-change excluded quest=4542;stage=Pickup;npc=10079;reason=outside-scan-radius;retry=context-change excluded quest=470;stage=Pickup;npc=2111;reason=outside-scan-radius;retry=context-change excluded quest=472;stage=Pickup;npc=2097;reason=outside-scan-radius;retry=context-change excluded quest=4740;stage=Pickup;npc=175320;reason=outside-scan-radius;retry=context-change excluded quest=4921;stage=Objective;objective=0;reason=outside-scan-radius;retry=context-change. excluded quest=493;stage=Pickup;npc=1937;reason=outside-scan-radius;retry=context-change excluded quest=494;stage=Pickup;npc=2214;reason=outside-scan-radius;retry=context-change excluded quest=496;stage=Pickup;npc=2216;reason=outside-scan-radius;retry=context-change excluded quest=498;stage=Pickup;npc=2229;reason=outside-scan-radius;retry=context-change excluded quest=501;stage=Pickup;npc=2216;reason=outside-scan-radius;retry=context-change excluded quest=516;stage=Pickup;npc=2121;reason=outside-scan-radius;retry=context-change excluded quest=527;stage=Pickup;npc=2215;reason=outside-scan-radius;retry=context-change excluded quest=546;stage=Pickup;npc=2418;reason=outside-scan-radius;retry=context-change excluded quest=549;stage=Pickup;npc=1763;reason=outside-scan-radius;retry=context-change excluded quest=6301;stage=Pickup;npc=11864;reason=outside-scan-radius;retry=context-change excluded quest=6382;stage=Pickup;npc=3387;reason=outside-scan-radius;retry=context-change excluded quest=6383;stage=Pickup;npc=12696;reason=outside-scan-radius;retry=context-change excluded quest=6393;stage=Pickup;npc=11862;reason=outside-scan-radius;retry=context-change excluded quest=6442;stage=Pickup;npc=12719;reason=outside-scan-radius;retry=context-change excluded quest=6462;stage=Pickup;npc=12721;reason=outside-scan-radius;retry=context-change excluded quest=6503;stage=Pickup;npc=12867;reason=outside-scan-radius;retry=context-change excluded quest=6541;stage=Pickup;npc=3429;reason=outside-scan-radius;retry=context-change excluded quest=6543;stage=Pickup;npc=8582;reason=outside-scan-radius;retry=context-change excluded quest=742;stage=Pickup;npc=10881;reason=outside-scan-radius;retry=context-change excluded quest=747;stage=Objective;scope=Objective;objective=0;retry=2026-09-05T06:10:20.8040908Z;state=Quarantined. excluded quest=747;stage=Objective;scope=Objective;objective=1;retry=2026-09-05T06:10:20.8116023Z;state=Quarantined. excluded quest=7790;stage=Pickup;scope=QuestStage;retry=2026-09-05T06:10:20.8249148Z;state=Quarantined. excluded quest=843;stage=Pickup;npc=3341;reason=outside-scan-radius;retry=context-change excluded quest=8487;stage=TurnIn;npc=15402;reason=outside-scan-radius;retry=context-change excluded quest=851;stage=Pickup;npc=3389;reason=outside-scan-radius;retry=context-change excluded quest=858;stage=Pickup;npc=3439;reason=outside-scan-radius;retry=context-change excluded quest=865;stage=Pickup;npc=3446;reason=outside-scan-radius;retry=context-change excluded quest=867;stage=Objective;scope=Objective;objective=0;retry=2026-09-05T06:10:20.8137024Z;state=Quarantined. excluded quest=868;stage=Pickup;npc=3428;reason=outside-scan-radius;retry=context-change excluded quest=878;stage=Pickup;npc=3430;reason=outside-scan-radius;retry=context-change excluded quest=8889;stage=Objective;objective=0;reason=outside-scan-radius;retry=context-change. excluded quest=8889;stage=Objective;objective=1;reason=outside-scan-radius;retry=context-change. excluded quest=8889;stage=Objective;objective=2;reason=outside-scan-radius;retry=context-change. excluded quest=891;stage=Objective;objective=0;reason=outside-scan-radius;retry=context-change. excluded quest=891;stage=Objective;objective=1;reason=outside-scan-radius;retry=context-change. excluded quest=891;stage=Objective;objective=2;reason=outside-scan-radius;retry=context-change. excluded quest=891;stage=Objective;scope=Objective;objective=3;retry=2026-09-05T06:10:20.8169213Z;state=Quarantined. excluded quest=893;stage=Pickup;npc=3433;reason=outside-scan-radius;retry=context-change excluded quest=894;stage=TurnIn;npc=4141;reason=outside-scan-radius;retry=context-change excluded quest=896;stage=Objective;scope=Objective;objective=0;retry=2026-09-05T06:10:20.8197153Z;state=Quarantined. excluded quest=9067;stage=Objective;scope=Objective;objective=0;retry=2026-09-05T07:12:52.3802265Z;state=Quarantined. excluded quest=9151;stage=Pickup;npc=16199;reason=outside-scan-radius;retry=context-change excluded quest=9157;stage=TurnIn;npc=16201;reason=outside-scan-radius;retry=context-change excluded quest=9214;stage=Pickup;npc=16220;reason=outside-scan-radius;retry=context-change excluded quest=9218;stage=Pickup;npc=16205;reason=outside-scan-radius;retry=context-change excluded quest=9275;stage=Pickup;npc=16464;reason=outside-scan-radius;retry=context-change excluded quest=9276;stage=Pickup;npc=16463;reason=outside-scan-radius;retry=context-change excluded quest=9281;stage=Pickup;npc=16480;reason=outside-scan-radius;retry=context-change excluded quest=9388;stage=Pickup;scope=QuestStage;retry=2026-09-05T06:10:20.8314367Z;state=Quarantined. excluded quest=9389;stage=Pickup;scope=QuestStage;retry=2026-09-05T06:10:20.8315248Z;state=Quarantined. excluded quest=9425;stage=Pickup;npc=16287;reason=outside-scan-radius;retry=context-change excluded quest=9428;stage=Pickup;npc=17098;reason=outside-scan-radius;retry=context-change excluded quest=959;stage=Pickup;npc=3665;reason=outside-scan-radius;retry=context-change excluded quest=962;stage=Pickup;npc=3419;reason=outside-scan-radius;retry=context-change excluded quest=965;stage=Pickup;npc=3657;reason=outside-scan-radius;retry=context-change excluded quest=9749;stage=Pickup;scope=QuestStage;retry=2026-09-05T06:10:20.8275214Z;state=Quarantined.
[09:50:54.242] [D] Changed POI to: Type: Loot, Name: Grimtotem Mercenary, Guid: F130002E87074AE7, Entry: 11911, Location: (5.32, -697.77, -19.13)
[09:50:54.377] [D] [QuestRecovery] quest=6548, stage=Objective, old=Attempting, new=Eligible, reason=None, episode=0, attempt=0, retry=
[09:50:54.377] [N] [Wholesome Auto Quest] Quest 6548 Objective completed; queuing one scheduler rebuild.
[09:50:55.186] [D] [QuestRecovery] quest=6548, stage=Objective, old=Attempting, new=Eligible, reason=None, episode=0, attempt=0, retry=
[09:50:55.557] [D] [WholesomeAQ] Quest chain correction: ancestor=1062; descendant=1063.
[09:50:55.557] [D] [WholesomeAQ] Quest chain correction: ancestor=1062; descendant=1068.
[09:50:55.567] [D] Loading profile from D:\World of Warcraft 3.3.5a\CB\Bots\WholesomeAutoQuest\WHOLESOME_AUTOQUESTER.xml
[09:50:55.568] [N] Profile loaded: WholesomeAQ - Stonetalon Mountains
[09:50:55.589] [D] Selected sub-profile: WholesomeAQ - Stonetalon Mountains (L1-80)
[09:50:55.589] [N] [Wholesome Auto Quest] Profile refreshed - Selected 3 quest work candidate(s). selected quest=6548;stage=TurnIn;state=Eligible. selected quest=6542;stage=Pickup;state=Eligible. selected quest=6461;stage=Pickup;state=Eligible. excluded quest=104;stage=Pickup;npc=392;reason=outside-scan-radius;retry=context-change excluded quest=1062;stage=AncestorCorrection;objective=0;reason=outside-scan-radius;retry=context-change. excluded quest=1069;stage=Pickup;npc=3446;reason=outside-scan-radius;retry=context-change excluded quest=1087;stage=Pickup;npc=4198;reason=outside-scan-radius;retry=context-change excluded quest=1093;stage=Pickup;npc=4201;reason=outside-scan-radius;retry=context-change excluded quest=11127;stage=Pickup;scope=QuestStage;retry=2026-09-05T06:10:20.8287986Z;state=Quarantined. excluded quest=118;stage=Pickup;npc=415;reason=outside-scan-radius;retry=context-change excluded quest=1195;stage=Pickup;npc=4721;reason=outside-scan-radius;retry=context-change excluded quest=14106;stage=Pickup;scope=QuestStage;retry=2026-09-05T06:10:20.8250193Z;state=Quarantined. excluded quest=1483;stage=Pickup;npc=3442;reason=outside-scan-radius;retry=context-change excluded quest=152;stage=Pickup;npc=392;reason=outside-scan-radius;retry=context-change excluded quest=2098;stage=Pickup;npc=6667;reason=outside-scan-radius;retry=context-change excluded quest=216;stage=Pickup;npc=12757;reason=outside-scan-radius;retry=context-change excluded quest=235;stage=Pickup;npc=10880;reason=outside-scan-radius;retry=context-change excluded quest=3281;stage=TurnIn;npc=3464;reason=outside-scan-radius;retry=context-change excluded quest=4542;stage=Pickup;npc=10079;reason=outside-scan-radius;retry=context-change excluded quest=470;stage=Pickup;npc=2111;reason=outside-scan-radius;retry=context-change excluded quest=472;stage=Pickup;npc=2097;reason=outside-scan-radius;retry=context-change excluded quest=4740;stage=Pickup;npc=175320;reason=outside-scan-radius;retry=context-change excluded quest=4921;stage=Objective;objective=0;reason=outside-scan-radius;retry=context-change. excluded quest=493;stage=Pickup;npc=1937;reason=outside-scan-radius;retry=context-change excluded quest=494;stage=Pickup;npc=2214;reason=outside-scan-radius;retry=context-change excluded quest=496;stage=Pickup;npc=2216;reason=outside-scan-radius;retry=context-change excluded quest=498;stage=Pickup;npc=2229;reason=outside-scan-radius;retry=context-change excluded quest=501;stage=Pickup;npc=2216;reason=outside-scan-radius;retry=context-change excluded quest=516;stage=Pickup;npc=2121;reason=outside-scan-radius;retry=context-change excluded quest=527;stage=Pickup;npc=2215;reason=outside-scan-radius;retry=context-change excluded quest=546;stage=Pickup;npc=2418;reason=outside-scan-radius;retry=context-change excluded quest=549;stage=Pickup;npc=1763;reason=outside-scan-radius;retry=context-change excluded quest=6301;stage=Pickup;npc=11864;reason=outside-scan-radius;retry=context-change excluded quest=6382;stage=Pickup;npc=3387;reason=outside-scan-radius;retry=context-change excluded quest=6383;stage=Pickup;npc=12696;reason=outside-scan-radius;retry=context-change excluded quest=6393;stage=Pickup;npc=11862;reason=outside-scan-radius;retry=context-change excluded quest=6442;stage=Pickup;npc=12719;reason=outside-scan-radius;retry=context-change excluded quest=6462;stage=Pickup;npc=12721;reason=outside-scan-radius;retry=context-change excluded quest=6503;stage=Pickup;npc=12867;reason=outside-scan-radius;retry=context-change excluded quest=6541;stage=Pickup;npc=3429;reason=outside-scan-radius;retry=context-change excluded quest=6543;stage=Pickup;npc=8582;reason=outside-scan-radius;retry=context-change excluded quest=742;stage=Pickup;npc=10881;reason=outside-scan-radius;retry=context-change excluded quest=747;stage=Objective;scope=Objective;objective=0;retry=2026-09-05T06:10:20.8040908Z;state=Quarantined. excluded quest=747;stage=Objective;scope=Objective;objective=1;retry=2026-09-05T06:10:20.8116023Z;state=Quarantined. excluded quest=7790;stage=Pickup;scope=QuestStage;retry=2026-09-05T06:10:20.8249148Z;state=Quarantined. excluded quest=843;stage=Pickup;npc=3341;reason=outside-scan-radius;retry=context-change excluded quest=8487;stage=TurnIn;npc=15402;reason=outside-scan-radius;retry=context-change excluded quest=851;stage=Pickup;npc=3389;reason=outside-scan-radius;retry=context-change excluded quest=858;stage=Pickup;npc=3439;reason=outside-scan-radius;retry=context-change excluded quest=865;stage=Pickup;npc=3446;reason=outside-scan-radius;retry=context-change excluded quest=867;stage=Objective;scope=Objective;objective=0;retry=2026-09-05T06:10:20.8137024Z;state=Quarantined. excluded quest=868;stage=Pickup;npc=3428;reason=outside-scan-radius;retry=context-change excluded quest=878;stage=Pickup;npc=3430;reason=outside-scan-radius;retry=context-change excluded quest=8889;stage=Objective;objective=0;reason=outside-scan-radius;retry=context-change. excluded quest=8889;stage=Objective;objective=1;reason=outside-scan-radius;retry=context-change. excluded quest=8889;stage=Objective;objective=2;reason=outside-scan-radius;retry=context-change. excluded quest=891;stage=Objective;objective=0;reason=outside-scan-radius;retry=context-change. excluded quest=891;stage=Objective;objective=1;reason=outside-scan-radius;retry=context-change. excluded quest=891;stage=Objective;objective=2;reason=outside-scan-radius;retry=context-change. excluded quest=891;stage=Objective;scope=Objective;objective=3;retry=2026-09-05T06:10:20.8169213Z;state=Quarantined. excluded quest=893;stage=Pickup;npc=3433;reason=outside-scan-radius;retry=context-change excluded quest=894;stage=TurnIn;npc=4141;reason=outside-scan-radius;retry=context-change excluded quest=896;stage=Objective;scope=Objective;objective=0;retry=2026-09-05T06:10:20.8197153Z;state=Quarantined. excluded quest=9067;stage=Objective;scope=Objective;objective=0;retry=2026-09-05T07:12:52.3802265Z;state=Quarantined. excluded quest=9151;stage=Pickup;npc=16199;reason=outside-scan-radius;retry=context-change excluded quest=9157;stage=TurnIn;npc=16201;reason=outside-scan-radius;retry=context-change excluded quest=9214;stage=Pickup;npc=16220;reason=outside-scan-radius;retry=context-change excluded quest=9218;stage=Pickup;npc=16205;reason=outside-scan-radius;retry=context-change excluded quest=9275;stage=Pickup;npc=16464;reason=outside-scan-radius;retry=context-change excluded quest=9276;stage=Pickup;npc=16463;reason=outside-scan-radius;retry=context-change excluded quest=9281;stage=Pickup;npc=16480;reason=outside-scan-radius;retry=context-change excluded quest=9388;stage=Pickup;scope=QuestStage;retry=2026-09-05T06:10:20.8314367Z;state=Quarantined. excluded quest=9389;stage=Pickup;scope=QuestStage;retry=2026-09-05T06:10:20.8315248Z;state=Quarantined. excluded quest=9425;stage=Pickup;npc=16287;reason=outside-scan-radius;retry=context-change excluded quest=9428;stage=Pickup;npc=17098;reason=outside-scan-radius;retry=context-change excluded quest=959;stage=Pickup;npc=3665;reason=outside-scan-radius;retry=context-change excluded quest=962;stage=Pickup;npc=3419;reason=outside-scan-radius;retry=context-change excluded quest=965;stage=Pickup;npc=3657;reason=outside-scan-radius;retry=context-change excluded quest=9749;stage=Pickup;scope=QuestStage;retry=2026-09-05T06:10:20.8275214Z;state=Quarantined.
[09:50:55.924] [N] Moving to Type: Loot, Name: Grimtotem Mercenary, Guid: F130002E87074AE7, Entry: 11911, Location: (5.32, -697.77, -19.13)
[09:50:56.359] [D] [QuestRecovery] quest=6548, stage=Objective, old=Attempting, new=Eligible, reason=None, episode=0, attempt=0, retry=
[09:50:56.359] [N] [Wholesome Auto Quest] Quest 6548 Objective completed; queuing one scheduler rebuild.
[09:50:57.166] [D] [QuestRecovery] quest=6548, stage=Objective, old=Attempting, new=Eligible, reason=None, episode=0, attempt=0, retry=
[09:50:57.535] [D] [WholesomeAQ] Quest chain correction: ancestor=1062; descendant=1063.
[09:50:57.535] [D] [WholesomeAQ] Quest chain correction: ancestor=1062; descendant=1068.
[09:50:57.544] [D] Loading profile from D:\World of Warcraft 3.3.5a\CB\Bots\WholesomeAutoQuest\WHOLESOME_AUTOQUESTER.xml
[09:50:57.545] [N] Profile loaded: WholesomeAQ - Stonetalon Mountains
[09:50:57.567] [D] Selected sub-profile: WholesomeAQ - Stonetalon Mountains (L1-80)
[09:50:57.567] [N] [Wholesome Auto Quest] Profile refreshed - Selected 3 quest work candidate(s). selected quest=6548;stage=TurnIn;state=Eligible. selected quest=6542;stage=Pickup;state=Eligible. selected quest=6461;stage=Pickup;state=Eligible. excluded quest=104;stage=Pickup;npc=392;reason=outside-scan-radius;retry=context-change excluded quest=1062;stage=AncestorCorrection;objective=0;reason=outside-scan-radius;retry=context-change. excluded quest=1069;stage=Pickup;npc=3446;reason=outside-scan-radius;retry=context-change excluded quest=1087;stage=Pickup;npc=4198;reason=outside-scan-radius;retry=context-change excluded quest=1093;stage=Pickup;npc=4201;reason=outside-scan-radius;retry=context-change excluded quest=11127;stage=Pickup;scope=QuestStage;retry=2026-09-05T06:10:20.8287986Z;state=Quarantined. excluded quest=118;stage=Pickup;npc=415;reason=outside-scan-radius;retry=context-change excluded quest=1195;stage=Pickup;npc=4721;reason=outside-scan-radius;retry=context-change excluded quest=14106;stage=Pickup;scope=QuestStage;retry=2026-09-05T06:10:20.8250193Z;state=Quarantined. excluded quest=1483;stage=Pickup;npc=3442;reason=outside-scan-radius;retry=context-change excluded quest=152;stage=Pickup;npc=392;reason=outside-scan-radius;retry=context-change excluded quest=2098;stage=Pickup;npc=6667;reason=outside-scan-radius;retry=context-change excluded quest=216;stage=Pickup;npc=12757;reason=outside-scan-radius;retry=context-change excluded quest=235;stage=Pickup;npc=10880;reason=outside-scan-radius;retry=context-change excluded quest=3281;stage=TurnIn;npc=3464;reason=outside-scan-radius;retry=context-change excluded quest=4542;stage=Pickup;npc=10079;reason=outside-scan-radius;retry=context-change excluded quest=470;stage=Pickup;npc=2111;reason=outside-scan-radius;retry=context-change excluded quest=472;stage=Pickup;npc=2097;reason=outside-scan-radius;retry=context-change excluded quest=4740;stage=Pickup;npc=175320;reason=outside-scan-radius;retry=context-change excluded quest=4921;stage=Objective;objective=0;reason=outside-scan-radius;retry=context-change. excluded quest=493;stage=Pickup;npc=1937;reason=outside-scan-radius;retry=context-change excluded quest=494;stage=Pickup;npc=2214;reason=outside-scan-radius;retry=context-change excluded quest=496;stage=Pickup;npc=2216;reason=outside-scan-radius;retry=context-change excluded quest=498;stage=Pickup;npc=2229;reason=outside-scan-radius;retry=context-change excluded quest=501;stage=Pickup;npc=2216;reason=outside-scan-radius;retry=context-change excluded quest=516;stage=Pickup;npc=2121;reason=outside-scan-radius;retry=context-change excluded quest=527;stage=Pickup;npc=2215;reason=outside-scan-radius;retry=context-change excluded quest=546;stage=Pickup;npc=2418;reason=outside-scan-radius;retry=context-change excluded quest=549;stage=Pickup;npc=1763;reason=outside-scan-radius;retry=context-change excluded quest=6301;stage=Pickup;npc=11864;reason=outside-scan-radius;retry=context-change excluded quest=6382;stage=Pickup;npc=3387;reason=outside-scan-radius;retry=context-change excluded quest=6383;stage=Pickup;npc=12696;reason=outside-scan-radius;retry=context-change excluded quest=6393;stage=Pickup;npc=11862;reason=outside-scan-radius;retry=context-change excluded quest=6442;stage=Pickup;npc=12719;reason=outside-scan-radius;retry=context-change excluded quest=6462;stage=Pickup;npc=12721;reason=outside-scan-radius;retry=context-change excluded quest=6503;stage=Pickup;npc=12867;reason=outside-scan-radius;retry=context-change excluded quest=6541;stage=Pickup;npc=3429;reason=outside-scan-radius;retry=context-change excluded quest=6543;stage=Pickup;npc=8582;reason=outside-scan-radius;retry=context-change excluded quest=742;stage=Pickup;npc=10881;reason=outside-scan-radius;retry=context-change excluded quest=747;stage=Objective;scope=Objective;objective=0;retry=2026-09-05T06:10:20.8040908Z;state=Quarantined. excluded quest=747;stage=Objective;scope=Objective;objective=1;retry=2026-09-05T06:10:20.8116023Z;state=Quarantined. excluded quest=7790;stage=Pickup;scope=QuestStage;retry=2026-09-05T06:10:20.8249148Z;state=Quarantined. excluded quest=843;stage=Pickup;npc=3341;reason=outside-scan-radius;retry=context-change excluded quest=8487;stage=TurnIn;npc=15402;reason=outside-scan-radius;retry=context-change excluded quest=851;stage=Pickup;npc=3389;reason=outside-scan-radius;retry=context-change excluded quest=858;stage=Pickup;npc=3439;reason=outside-scan-radius;retry=context-change excluded quest=865;stage=Pickup;npc=3446;reason=outside-scan-radius;retry=context-change excluded quest=867;stage=Objective;scope=Objective;objective=0;retry=2026-09-05T06:10:20.8137024Z;state=Quarantined. excluded quest=868;stage=Pickup;npc=3428;reason=outside-scan-radius;retry=context-change excluded quest=878;stage=Pickup;npc=3430;reason=outside-scan-radius;retry=context-change excluded quest=8889;stage=Objective;objective=0;reason=outside-scan-radius;retry=context-change. excluded quest=8889;stage=Objective;objective=1;reason=outside-scan-radius;retry=context-change. excluded quest=8889;stage=Objective;objective=2;reason=outside-scan-radius;retry=context-change. excluded quest=891;stage=Objective;objective=0;reason=outside-scan-radius;retry=context-change. excluded quest=891;stage=Objective;objective=1;reason=outside-scan-radius;retry=context-change. excluded quest=891;stage=Objective;objective=2;reason=outside-scan-radius;retry=context-change. excluded quest=891;stage=Objective;scope=Objective;objective=3;retry=2026-09-05T06:10:20.8169213Z;state=Quarantined. excluded quest=893;stage=Pickup;npc=3433;reason=outside-scan-radius;retry=context-change excluded quest=894;stage=TurnIn;npc=4141;reason=outside-scan-radius;retry=context-change excluded quest=896;stage=Objective;scope=Objective;objective=0;retry=2026-09-05T06:10:20.8197153Z;state=Quarantined. excluded quest=9067;stage=Objective;scope=Objective;objective=0;retry=2026-09-05T07:12:52.3802265Z;state=Quarantined. excluded quest=9151;stage=Pickup;npc=16199;reason=outside-scan-radius;retry=context-change excluded quest=9157;stage=TurnIn;npc=16201;reason=outside-scan-radius;retry=context-change excluded quest=9214;stage=Pickup;npc=16220;reason=outside-scan-radius;retry=context-change excluded quest=9218;stage=Pickup;npc=16205;reason=outside-scan-radius;retry=context-change excluded quest=9275;stage=Pickup;npc=16464;reason=outside-scan-radius;retry=context-change excluded quest=9276;stage=Pickup;npc=16463;reason=outside-scan-radius;retry=context-change excluded quest=9281;stage=Pickup;npc=16480;reason=outside-scan-radius;retry=context-change excluded quest=9388;stage=Pickup;scope=QuestStage;retry=2026-09-05T06:10:20.8314367Z;state=Quarantined. excluded quest=9389;stage=Pickup;scope=QuestStage;retry=2026-09-05T06:10:20.8315248Z;state=Quarantined. excluded quest=9425;stage=Pickup;npc=16287;reason=outside-scan-radius;retry=context-change excluded quest=9428;stage=Pickup;npc=17098;reason=outside-scan-radius;retry=context-change excluded quest=959;stage=Pickup;npc=3665;reason=outside-scan-radius;retry=context-change excluded quest=962;stage=Pickup;npc=3419;reason=outside-scan-radius;retry=context-change excluded quest=965;stage=Pickup;npc=3657;reason=outside-scan-radius;retry=context-change excluded quest=9749;stage=Pickup;scope=QuestStage;retry=2026-09-05T06:10:20.8275214Z;state=Quarantined.
[09:50:57.906] [D] [LB] DNTFT -> S
[09:50:57.939] [D] [LB] SetTarget Finished. Waiting.
[09:50:58.106] [D] [QuestRecovery] quest=6548, stage=Objective, old=Attempting, new=Eligible, reason=None, episode=0, attempt=0, retry=
[09:50:58.106] [N] [Wholesome Auto Quest] Quest 6548 Objective completed; queuing one scheduler rebuild.
[09:50:58.780] [D] [LB] Finished waiting, we got a target.
[09:50:58.781] [D] Changed POI to: Type: Kill, Name: Grimtotem Ruffian, Guid: F130002E86074AE9, Entry: 11910, Location: (12.70, -701.35, -19.13)
[09:50:58.881] [D] [Singular-DEBUG] Switched targets!
[09:50:58.881] [D] [Singular-DEBUG] Melee Distance: 6.8833337
[09:50:58.881] [D] [Singular-DEBUG] Health: 100
[09:50:58.881] [D] [Singular-DEBUG] Level: 14
[09:50:58.916] [D] [QuestRecovery] quest=6548, stage=Objective, old=Attempting, new=Eligible, reason=None, episode=0, attempt=0, retry=
[09:50:59.289] [D] [WholesomeAQ] Quest chain correction: ancestor=1062; descendant=1063.
[09:50:59.289] [D] [WholesomeAQ] Quest chain correction: ancestor=1062; descendant=1068.
[09:50:59.299] [D] Loading profile from D:\World of Warcraft 3.3.5a\CB\Bots\WholesomeAutoQuest\WHOLESOME_AUTOQUESTER.xml
[09:50:59.299] [N] Profile loaded: WholesomeAQ - Stonetalon Mountains
[09:50:59.321] [D] Selected sub-profile: WholesomeAQ - Stonetalon Mountains (L1-80)
[09:50:59.321] [N] [Wholesome Auto Quest] Profile refreshed - Selected 3 quest work candidate(s). selected quest=6548;stage=TurnIn;state=Eligible. selected quest=6542;stage=Pickup;state=Eligible. selected quest=6461;stage=Pickup;state=Eligible. excluded quest=104;stage=Pickup;npc=392;reason=outside-scan-radius;retry=context-change excluded quest=1062;stage=AncestorCorrection;objective=0;reason=outside-scan-radius;retry=context-change. excluded quest=1069;stage=Pickup;npc=3446;reason=outside-scan-radius;retry=context-change excluded quest=1087;stage=Pickup;npc=4198;reason=outside-scan-radius;retry=context-change excluded quest=1093;stage=Pickup;npc=4201;reason=outside-scan-radius;retry=context-change excluded quest=11127;stage=Pickup;scope=QuestStage;retry=2026-09-05T06:10:20.8287986Z;state=Quarantined. excluded quest=118;stage=Pickup;npc=415;reason=outside-scan-radius;retry=context-change excluded quest=1195;stage=Pickup;npc=4721;reason=outside-scan-radius;retry=context-change excluded quest=14106;stage=Pickup;scope=QuestStage;retry=2026-09-05T06:10:20.8250193Z;state=Quarantined. excluded quest=1483;stage=Pickup;npc=3442;reason=outside-scan-radius;retry=context-change excluded quest=152;stage=Pickup;npc=392;reason=outside-scan-radius;retry=context-change excluded quest=2098;stage=Pickup;npc=6667;reason=outside-scan-radius;retry=context-change excluded quest=216;stage=Pickup;npc=12757;reason=outside-scan-radius;retry=context-change excluded quest=235;stage=Pickup;npc=10880;reason=outside-scan-radius;retry=context-change excluded quest=3281;stage=TurnIn;npc=3464;reason=outside-scan-radius;retry=context-change excluded quest=4542;stage=Pickup;npc=10079;reason=outside-scan-radius;retry=context-change excluded quest=470;stage=Pickup;npc=2111;reason=outside-scan-radius;retry=context-change excluded quest=472;stage=Pickup;npc=2097;reason=outside-scan-radius;retry=context-change excluded quest=4740;stage=Pickup;npc=175320;reason=outside-scan-radius;retry=context-change excluded quest=4921;stage=Objective;objective=0;reason=outside-scan-radius;retry=context-change. excluded quest=493;stage=Pickup;npc=1937;reason=outside-scan-radius;retry=context-change excluded quest=494;stage=Pickup;npc=2214;reason=outside-scan-radius;retry=context-change excluded quest=496;stage=Pickup;npc=2216;reason=outside-scan-radius;retry=context-change excluded quest=498;stage=Pickup;npc=2229;reason=outside-scan-radius;retry=context-change excluded quest=501;stage=Pickup;npc=2216;reason=outside-scan-radius;retry=context-change excluded quest=516;stage=Pickup;npc=2121;reason=outside-scan-radius;retry=context-change excluded quest=527;stage=Pickup;npc=2215;reason=outside-scan-radius;retry=context-change excluded quest=546;stage=Pickup;npc=2418;reason=outside-scan-radius;retry=context-change excluded quest=549;stage=Pickup;npc=1763;reason=outside-scan-radius;retry=context-change excluded quest=6301;stage=Pickup;npc=11864;reason=outside-scan-radius;retry=context-change excluded quest=6382;stage=Pickup;npc=3387;reason=outside-scan-radius;retry=context-change excluded quest=6383;stage=Pickup;npc=12696;reason=outside-scan-radius;retry=context-change excluded quest=6393;stage=Pickup;npc=11862;reason=outside-scan-radius;retry=context-change excluded quest=6442;stage=Pickup;npc=12719;reason=outside-scan-radius;retry=context-change excluded quest=6462;stage=Pickup;npc=12721;reason=outside-scan-radius;retry=context-change excluded quest=6503;stage=Pickup;npc=12867;reason=outside-scan-radius;retry=context-change excluded quest=6541;stage=Pickup;npc=3429;reason=outside-scan-radius;retry=context-change excluded quest=6543;stage=Pickup;npc=8582;reason=outside-scan-radius;retry=context-change excluded quest=742;stage=Pickup;npc=10881;reason=outside-scan-radius;retry=context-change excluded quest=747;stage=Objective;scope=Objective;objective=0;retry=2026-09-05T06:10:20.8040908Z;state=Quarantined. excluded quest=747;stage=Objective;scope=Objective;objective=1;retry=2026-09-05T06:10:20.8116023Z;state=Quarantined. excluded quest=7790;stage=Pickup;scope=QuestStage;retry=2026-09-05T06:10:20.8249148Z;state=Quarantined. excluded quest=843;stage=Pickup;npc=3341;reason=outside-scan-radius;retry=context-change excluded quest=8487;stage=TurnIn;npc=15402;reason=outside-scan-radius;retry=context-change excluded quest=851;stage=Pickup;npc=3389;reason=outside-scan-radius;retry=context-change excluded quest=858;stage=Pickup;npc=3439;reason=outside-scan-radius;retry=context-change excluded quest=865;stage=Pickup;npc=3446;reason=outside-scan-radius;retry=context-change excluded quest=867;stage=Objective;scope=Objective;objective=0;retry=2026-09-05T06:10:20.8137024Z;state=Quarantined. excluded quest=868;stage=Pickup;npc=3428;reason=outside-scan-radius;retry=context-change excluded quest=878;stage=Pickup;npc=3430;reason=outside-scan-radius;retry=context-change excluded quest=8889;stage=Objective;objective=0;reason=outside-scan-radius;retry=context-change. excluded quest=8889;stage=Objective;objective=1;reason=outside-scan-radius;retry=context-change. excluded quest=8889;stage=Objective;objective=2;reason=outside-scan-radius;retry=context-change. excluded quest=891;stage=Objective;objective=0;reason=outside-scan-radius;retry=context-change. excluded quest=891;stage=Objective;objective=1;reason=outside-scan-radius;retry=context-change. excluded quest=891;stage=Objective;objective=2;reason=outside-scan-radius;retry=context-change. excluded quest=891;stage=Objective;scope=Objective;objective=3;retry=2026-09-05T06:10:20.8169213Z;state=Quarantined. excluded quest=893;stage=Pickup;npc=3433;reason=outside-scan-radius;retry=context-change excluded quest=894;stage=TurnIn;npc=4141;reason=outside-scan-radius;retry=context-change excluded quest=896;stage=Objective;scope=Objective;objective=0;retry=2026-09-05T06:10:20.8197153Z;state=Quarantined. excluded quest=9067;stage=Objective;scope=Objective;objective=0;retry=2026-09-05T07:12:52.3802265Z;state=Quarantined. excluded quest=9151;stage=Pickup;npc=16199;reason=outside-scan-radius;retry=context-change excluded quest=9157;stage=TurnIn;npc=16201;reason=outside-scan-radius;retry=context-change excluded quest=9214;stage=Pickup;npc=16220;reason=outside-scan-radius;retry=context-change excluded quest=9218;stage=Pickup;npc=16205;reason=outside-scan-radius;retry=context-change excluded quest=9275;stage=Pickup;npc=16464;reason=outside-scan-radius;retry=context-change excluded quest=9276;stage=Pickup;npc=16463;reason=outside-scan-radius;retry=context-change excluded quest=9281;stage=Pickup;npc=16480;reason=outside-scan-radius;retry=context-change excluded quest=9388;stage=Pickup;scope=QuestStage;retry=2026-09-05T06:10:20.8314367Z;state=Quarantined. excluded quest=9389;stage=Pickup;scope=QuestStage;retry=2026-09-05T06:10:20.8315248Z;state=Quarantined. excluded quest=9425;stage=Pickup;npc=16287;reason=outside-scan-radius;retry=context-change excluded quest=9428;stage=Pickup;npc=17098;reason=outside-scan-radius;retry=context-change excluded quest=959;stage=Pickup;npc=3665;reason=outside-scan-radius;retry=context-change excluded quest=962;stage=Pickup;npc=3419;reason=outside-scan-radius;retry=context-change excluded quest=965;stage=Pickup;npc=3657;reason=outside-scan-radius;retry=context-change excluded quest=9749;stage=Pickup;scope=QuestStage;retry=2026-09-05T06:10:20.8275214Z;state=Quarantined.
[09:50:59.702] [N] Loading 1_33_35
[09:50:59.705] [N] Loading 1_33_36
[09:50:59.707] [N] Loading 1_34_34
[09:50:59.708] [N] Loading 1_34_35
[09:50:59.709] [N] Loading 1_34_36
[09:50:59.715] [N] Loading 1_33_30
[09:50:59.716] [N] Loading 1_34_30
[09:50:59.719] [N] Loading 1_34_31
[09:50:59.721] [N] Loading 1_35_30
[09:50:59.722] [N] Loading 1_35_32
[09:51:00.629] [N] Loading 1_32_30
[09:51:00.629] [N] Loading 1_31_30
[09:51:00.629] [N] Loading 1_30_31
[09:51:00.629] [N] Loading 1_30_30
[09:51:00.629] [N] Loading 1_31_36
[09:51:00.629] [N] Loading 1_35_34
[09:51:00.629] [N] Loading 1_35_35
[09:51:00.629] [N] Loading 1_29_30
[09:51:00.629] [N] Loading 1_30_36
[09:51:00.629] [N] Loading 1_35_36
[09:51:00.629] [N] Loading 1_29_34
[09:51:00.629] [N] Loading 1_32_37
[09:51:00.629] [N] Loading 1_30_29
[09:51:00.629] [N] Loading 1_33_37
[09:51:00.629] [N] Loading 1_36_35
[09:51:00.629] [N] Loading 1_34_37
[09:51:00.629] [N] Loading 1_29_29
[09:51:00.629] [N] Loading 1_31_37
[09:51:00.629] [N] Loading 1_36_34
[09:51:00.629] [N] Loading 1_29_33
[09:51:00.629] [N] Loading 1_36_36
[09:51:00.629] [N] Loading 1_31_29
[09:51:00.629] [N] Loading 1_28_32
[09:51:00.629] [N] Loading 1_35_37
[09:51:00.629] [N] Loading 1_29_36
[09:51:00.629] [N] Loading 1_28_30
[09:51:00.629] [N] Loading 1_30_37
[09:51:00.629] [N] Loading 1_36_33
[09:51:00.629] [N] Loading 1_33_38
[09:51:00.629] [N] Loading 1_37_35
[09:51:00.629] [N] Loading 1_32_38
[09:51:00.630] [N] Loading 1_28_33
[09:51:00.630] [N] Loading 1_37_34
[09:51:00.630] [N] Loading 1_28_29
[09:51:00.630] [N] Loading 1_30_28
[09:51:00.630] [N] Loading 1_37_33
[09:51:00.630] [N] Loading 1_31_28
[09:51:00.630] [N] Loading 1_31_38
[09:51:00.630] [N] Loading 1_36_37
[09:51:00.630] [N] Loading 1_34_38
[09:51:00.630] [N] Loading 1_36_32
[09:51:00.630] [N] Loading 1_37_36
[09:51:00.630] [N] Loading 1_29_37
[09:51:00.630] [N] Loading 1_29_28
[09:51:00.630] [N] Loading 1_37_32
[09:51:00.630] [N] Loading 1_35_38
[09:51:00.630] [N] Loading 1_28_36
[09:51:00.630] [N] Loading 1_28_35
[09:51:00.630] [N] Loading 1_30_38
[09:51:00.630] [N] Loading 1_36_31
[09:51:00.630] [N] Loading 1_27_30
[09:51:00.630] [N] Loading 1_32_28
[09:51:00.630] [N] Loading 1_33_39
[09:51:00.630] [N] Loading 1_32_29
[09:51:00.630] [N] Loading 1_38_35
[09:51:00.630] [N] Loading 1_34_39
[09:51:00.630] [N] Loading 1_37_31
[09:51:00.630] [N] Loading 1_32_39
[09:51:00.630] [N] Loading 1_37_37
[09:51:00.630] [N] Loading 1_27_29
[09:51:00.630] [N] Loading 1_28_37
[09:51:00.630] [N] Loading 1_38_36
[09:51:00.630] [N] Loading 1_31_39
[09:51:00.630] [N] Loading 1_36_38
[09:51:00.630] [N] Loading 1_28_34
[09:51:00.630] [N] Loading 1_29_38
[09:51:00.630] [N] Loading 1_31_27
[09:51:00.630] [N] Loading 1_33_29
[09:51:00.630] [N] Loading 1_33_28
[09:51:00.630] [N] Loading 1_27_33
[09:51:00.630] [N] Loading 1_38_34
[09:51:00.630] [N] Loading 1_27_32
[09:51:00.630] [N] Loading 1_27_36
[09:51:00.630] [N] Loading 1_27_35
[09:51:00.630] [N] Loading 1_36_30
[09:51:00.630] [N] Loading 1_30_39
[09:51:00.630] [N] Loading 1_32_27
[09:51:00.630] [N] Loading 1_35_39
[09:51:00.630] [N] Loading 1_27_34
[09:51:00.630] [N] Loading 1_34_29
[09:51:00.630] [N] Loading 1_39_35
[09:51:00.630] [N] Loading 1_38_37
[09:51:00.630] [N] Loading 1_34_28
[09:51:00.630] [N] Loading 1_33_27
[09:51:00.630] [N] Loading 1_27_37
[09:51:00.630] [N] Loading 1_39_36
[09:51:00.630] [N] Loading 1_28_38
[09:51:00.630] [N] Loading 1_38_31
[09:51:00.630] [N] Loading 1_31_40
[09:51:00.630] [N] Loading 1_36_39
[09:51:00.630] [N] Loading 1_29_39
[09:51:00.630] [N] Loading 1_26_29
[09:51:00.630] [N] Loading 1_39_34
[09:51:00.630] [N] Loading 1_38_32
[09:51:00.630] [N] Loading 1_27_28
[09:51:00.630] [N] Loading 1_32_40
[09:51:00.630] [N] Loading 1_27_31
[09:51:00.630] [N] Loading 1_35_29
[09:51:00.630] [N] Loading 1_30_40
[09:51:00.630] [N] Loading 1_34_27
[09:51:00.630] [N] Loading 1_34_40
[09:51:00.630] [N] Loading 1_28_28
[09:51:00.630] [N] Loading 1_26_35
[09:51:00.630] [N] Loading 1_35_28
[09:51:00.630] [N] Loading 1_26_33
[09:51:00.630] [N] Loading 1_26_34
[09:51:00.630] [N] Loading 1_33_40
[09:51:00.630] [N] Loading 1_26_32
[09:51:00.630] [N] Loading 1_26_30
[09:51:00.630] [N] Loading 1_39_37
[09:51:00.630] [N] Loading 1_26_28
[09:51:00.630] [N] Loading 1_35_40
[09:51:00.630] [N] Loading 1_40_35
[09:51:00.630] [N] Loading 1_26_36
[09:51:00.630] [N] Loading 1_37_38
[09:51:00.630] [N] Loading 1_27_38
[09:51:00.630] [N] Loading 1_32_26
[09:51:00.630] [N] Loading 1_33_26
[09:51:00.630] [N] Loading 1_28_39
[09:51:00.630] [N] Loading 1_40_36
[09:51:00.630] [N] Loading 1_26_37
[09:51:00.630] [N] Loading 1_31_41
[09:51:00.630] [N] Loading 1_38_33
[09:51:00.630] [N] Loading 1_26_31
[09:51:00.630] [N] Loading 1_35_27
[09:51:00.630] [N] Loading 1_29_40
[09:51:00.630] [N] Loading 1_37_39
[09:51:00.630] [N] Loading 1_32_41
[09:51:00.630] [N] Loading 1_36_29
[09:51:00.630] [N] Loading 1_30_41
[09:51:00.630] [N] Loading 1_36_28
[09:51:00.630] [N] Loading 1_36_40
[09:51:00.630] [N] Loading 1_34_26
[09:51:00.630] [N] Loading 1_40_34
[09:51:00.630] [N] Loading 1_38_38
[09:51:00.630] [N] Loading 1_25_35
[09:51:00.630] [N] Loading 1_26_38
[09:51:00.630] [N] Loading 1_31_26
[09:51:00.630] [N] Loading 1_39_38
[09:51:00.630] [N] Loading 1_33_41
[09:51:00.630] [N] Loading 1_40_37
[09:51:00.630] [N] Loading 1_41_35
[09:51:00.630] [N] Loading 1_25_34
[09:51:00.630] [N] Loading 1_25_33
[09:51:00.630] [N] Loading 1_35_26
[09:51:00.630] [N] Loading 1_27_27
[09:51:00.630] [N] Loading 1_25_32
[09:51:00.630] [N] Loading 1_25_31
[09:51:00.630] [N] Loading 1_36_27
[09:51:00.630] [N] Loading 1_27_39
[09:51:00.630] [N] Loading 1_37_40
[09:51:00.630] [N] Loading 1_41_36
[09:51:00.630] [N] Loading 1_38_39
[09:51:00.630] [N] Loading 1_28_40
[09:51:00.630] [N] Loading 1_31_42
[09:51:00.630] [N] Loading 1_29_41
[09:51:00.630] [N] Loading 1_35_41
[09:51:00.630] [N] Loading 1_34_41
[09:51:00.630] [N] Loading 1_32_42
[09:51:00.630] [N] Loading 1_36_26
[09:51:00.630] [N] Loading 1_40_38
[09:51:00.630] [N] Loading 1_24_34
[09:51:00.630] [N] Loading 1_33_25
[09:51:00.630] [N] Loading 1_25_37
[09:51:00.630] [N] Loading 1_24_35
[09:51:00.630] [N] Loading 1_26_39
[09:51:00.630] [N] Loading 1_25_38
[09:51:00.630] [N] Loading 1_32_25
[09:51:00.630] [N] Loading 1_30_42
[09:51:00.630] [N] Loading 1_25_30
[09:51:00.630] [N] Loading 1_30_27
[09:51:00.630] [N] Loading 1_39_39
[09:51:00.630] [N] Loading 1_33_42
[09:51:00.630] [N] Loading 1_28_41
[09:51:00.630] [N] Loading 1_38_40
[09:51:00.630] [N] Loading 1_37_27
[09:51:00.630] [N] Loading 1_41_37
[09:51:00.630] [N] Loading 1_36_41
[09:51:00.630] [N] Loading 1_24_32
[09:51:00.630] [N] Loading 1_31_25
[09:51:00.630] [N] Loading 1_35_25
[09:51:00.630] [N] Loading 1_30_26
[09:51:00.630] [N] Loading 1_29_42
[09:51:00.630] [N] Loading 1_24_33
[09:51:00.630] [N] Loading 1_37_28
[09:51:00.630] [N] Loading 1_41_38
[09:51:00.630] [N] Loading 1_34_42
[09:51:00.630] [N] Loading 1_25_39
[09:51:00.630] [N] Loading 1_27_40
[09:51:00.630] [N] Loading 1_34_25
[09:51:00.630] [N] Loading 1_40_39
[09:51:00.630] [N] Loading 1_24_31
[09:51:00.630] [N] Loading 1_39_40
[09:51:00.630] [N] Loading 1_37_41
[09:51:00.630] [N] Loading 1_24_30
[09:51:00.630] [N] Loading 1_36_25
[09:51:00.630] [N] Loading 1_26_40
[09:51:00.630] [N] Loading 1_23_34
[09:51:00.630] [N] Loading 1_37_29
[09:51:00.630] [N] Loading 1_23_33
[09:51:00.630] [N] Loading 1_37_26
[09:51:00.630] [N] Loading 1_41_34
[09:51:00.630] [N] Loading 1_25_29
[09:51:00.630] [N] Loading 1_27_41
[09:51:00.630] [N] Loading 1_38_27
[09:51:00.630] [N] Loading 1_38_28
[09:51:00.630] [N] Loading 1_31_43
[09:51:00.630] [N] Loading 1_35_42
[09:51:00.630] [N] Loading 1_30_25
[09:51:00.630] [N] Loading 1_42_35
[09:51:00.630] [N] Loading 1_32_43
[09:51:00.630] [N] Loading 1_41_39
[09:51:00.630] [N] Loading 1_28_42
[09:51:00.630] [N] Loading 1_42_34
[09:51:00.630] [N] Loading 1_25_40
[09:51:00.630] [N] Loading 1_24_29
[09:51:00.630] [N] Loading 1_38_41
[09:51:00.630] [N] Loading 1_33_43
[09:51:00.630] [N] Loading 1_23_32
[09:51:00.630] [N] Loading 1_30_43
[09:51:00.630] [N] Loading 1_40_33
[09:51:00.630] [N] Loading 1_39_41
[09:51:00.630] [N] Loading 1_33_24
[09:51:00.630] [N] Loading 1_41_33
[09:51:00.630] [N] Loading 1_29_27
[09:51:00.630] [N] Loading 1_38_26
[09:51:00.630] [N] Loading 1_23_31
[09:51:00.630] [N] Loading 1_39_33
[09:51:00.630] [N] Loading 1_34_43
[09:51:00.630] [N] Loading 1_42_36
[09:51:00.630] [N] Loading 1_36_42
[09:51:00.630] [N] Loading 1_40_40
[09:51:00.630] [N] Loading 1_22_33
[09:51:00.630] [N] Loading 1_26_41
[09:51:00.630] [N] Loading 1_29_26
[09:51:00.630] [N] Loading 1_35_24
[09:51:00.630] [N] Loading 1_34_24
[09:51:00.630] [N] Loading 1_29_43
[09:51:00.630] [N] Loading 1_23_30
[09:51:00.630] [N] Loading 1_39_28
[09:51:00.630] [N] Loading 1_39_27
[09:51:00.630] [N] Loading 1_39_32
[09:51:00.630] [N] Loading 1_40_32
[09:51:00.630] [N] Loading 1_24_39
[09:51:00.630] [N] Loading 1_36_24
[09:51:00.630] [N] Loading 1_25_28
[09:51:00.630] [N] Loading 1_23_29
[09:51:00.630] [N] Loading 1_24_40
[09:51:00.630] [N] Loading 1_22_32
[09:51:00.630] [N] Loading 1_25_41
[09:51:00.630] [N] Loading 1_37_25
[09:51:00.630] [N] Loading 1_27_42
[09:51:00.630] [N] Loading 1_35_43
[09:51:00.630] [N] Loading 1_40_41
[09:51:00.630] [N] Loading 1_37_42
[09:51:00.630] [N] Loading 1_39_31
[09:51:00.630] [N] Loading 1_42_37
[09:51:00.630] [N] Loading 1_40_31
[09:51:00.630] [N] Loading 1_29_25
[09:51:00.630] [N] Loading 1_24_28
[09:51:00.630] [N] Loading 1_22_31
[09:51:00.630] [N] Loading 1_39_29
[09:51:00.630] [N] Loading 1_28_43
[09:51:00.630] [N] Loading 1_43_36
[09:51:00.630] [N] Loading 1_41_32
[09:51:00.630] [N] Loading 1_31_44
[09:51:00.630] [N] Loading 1_21_33
[09:51:00.630] [N] Loading 1_24_41
[09:51:00.630] [N] Loading 1_32_44
[09:51:00.630] [N] Loading 1_26_42
[09:51:00.630] [N] Loading 1_40_28
[09:51:00.630] [N] Loading 1_22_30
[09:51:00.630] [N] Loading 1_40_27
[09:51:00.630] [N] Loading 1_21_32
[09:51:00.630] [N] Loading 1_38_42
[09:51:00.630] [N] Loading 1_28_27
[09:51:00.630] [N] Loading 1_37_24
[09:51:00.630] [N] Loading 1_33_44
[09:51:00.630] [N] Loading 1_30_44
[09:51:00.630] [N] Loading 1_23_28
[09:51:00.630] [N] Loading 1_39_42
[09:51:00.630] [N] Loading 1_39_30
[09:51:00.630] [N] Loading 1_40_30
[09:51:00.630] [N] Loading 1_41_31
[09:51:00.630] [N] Loading 1_22_34
[09:51:00.630] [N] Loading 1_21_34
[09:51:00.630] [N] Loading 1_34_44
[09:51:00.630] [N] Loading 1_25_42
[09:51:00.630] [N] Loading 1_36_43
[09:51:00.630] [N] Loading 1_28_26
[09:51:00.654] [D] [If] Condition is true, executing If body
[09:51:00.665] [N] [TurnIn] Turning in Avenge My Village
[09:51:00.665] [D] Goal: Turning in Avenge My Village
[09:51:00.666] [D] Changed POI to: Type: QuestTurnIn, Name: Makaba Flathoof, Guid: 0, Entry: 11857, Location: (-263.00, -943.00, 12.44)
[09:51:01.136] [D] Changed POI to: Type: Loot, Name: Grimtotem Mercenary, Guid: F130002E87074AE7, Entry: 11911, Location: (5.32, -697.77, -19.13)
[09:51:01.606] [D] [LB] DNTFT -> S
[09:51:01.606] [D] [LB] SetTarget Finished. Waiting.
[09:51:01.606] [D] [LB] Finished waiting, we got a target.
[09:51:01.606] [D] Changed POI to: Type: Kill, Name: Grimtotem Ruffian, Guid: F130002E86074AE9, Entry: 11910, Location: (12.70, -701.35, -19.13)
[09:51:02.662] [D] Changed POI to: Type: QuestTurnIn, Name: Makaba Flathoof, Guid: 0, Entry: 11857, Location: (-263.00, -943.00, 12.44)
[09:51:03.123] [D] Changed POI to: Type: Loot, Name: Grimtotem Mercenary, Guid: F130002E87074AE7, Entry: 11911, Location: (5.32, -697.77, -19.13)
[09:51:03.625] [D] [LB] DNTFT -> S
[09:51:03.625] [D] [LB] SetTarget Finished. Waiting.
[09:51:03.625] [D] [LB] Finished waiting, we got a target.
[09:51:03.625] [D] Changed POI to: Type: Kill, Name: Grimtotem Ruffian, Guid: F130002E86074AE9, Entry: 11910, Location: (12.70, -701.35, -19.13)
[09:51:04.470] [D] Changed POI to: Type: QuestTurnIn, Name: Makaba Flathoof, Guid: 0, Entry: 11857, Location: (-263.00, -943.00, 12.44)
[09:51:04.934] [D] Changed POI to: Type: Loot, Name: Grimtotem Mercenary, Guid: F130002E87074AE7, Entry: 11911, Location: (5.32, -697.77, -19.13)
[09:51:05.408] [D] [LB] DNTFT -> S
[09:51:05.408] [D] [LB] SetTarget Finished. Waiting.
[09:51:05.408] [D] [LB] Finished waiting, we got a target.
[09:51:05.408] [D] Changed POI to: Type: Kill, Name: Grimtotem Ruffian, Guid: F130002E86074AE9, Entry: 11910, Location: (12.70, -701.35, -19.13)
[09:51:06.251] [N] Loading 1_31_35
[09:51:06.256] [D] Changed POI to: Type: QuestTurnIn, Name: Makaba Flathoof, Guid: 0, Entry: 11857, Location: (-263.00, -943.00, 12.44)
[09:51:06.720] [D] Changed POI to: Type: Loot, Name: Grimtotem Mercenary, Guid: F130002E87074AE7, Entry: 11911, Location: (5.32, -697.77, -19.13)
[09:51:07.190] [D] [LB] DNTFT -> S
[09:51:07.190] [D] [LB] SetTarget Finished. Waiting.
[09:51:07.190] [D] [LB] Finished waiting, we got a target.
[09:51:07.190] [D] Changed POI to: Type: Kill, Name: Grimtotem Ruffian, Guid: F130002E86074AE9, Entry: 11910, Location: (12.70, -701.35, -19.13)
[09:51:08.032] [D] Changed POI to: Type: QuestTurnIn, Name: Makaba Flathoof, Guid: 0, Entry: 11857, Location: (-263.00, -943.00, 12.44)
[09:51:08.537] [D] Changed POI to: Type: Loot, Name: Grimtotem Mercenary, Guid: F130002E87074AE7, Entry: 11911, Location: (5.32, -697.77, -19.13)
[09:51:09.040] [D] [LB] DNTFT -> S
[09:51:09.040] [D] [LB] SetTarget Finished. Waiting.
[09:51:09.040] [D] [LB] Finished waiting, we got a target.
[09:51:09.040] [D] Changed POI to: Type: Kill, Name: Grimtotem Ruffian, Guid: F130002E86074AE9, Entry: 11910, Location: (12.70, -701.35, -19.13)
[09:51:09.906] [D] Changed POI to: Type: QuestTurnIn, Name: Makaba Flathoof, Guid: 0, Entry: 11857, Location: (-263.00, -943.00, 12.44)
[09:51:10.349] [D] Changed POI to: Type: Loot, Name: Grimtotem Mercenary, Guid: F130002E87074AE7, Entry: 11911, Location: (5.32, -697.77, -19.13)
[09:51:10.819] [D] [LB] DNTFT -> S
[09:51:10.819] [D] [LB] SetTarget Finished. Waiting.
[09:51:10.819] [D] [LB] Finished waiting, we got a target.
[09:51:10.819] [D] Changed POI to: Type: Kill, Name: Grimtotem Ruffian, Guid: F130002E86074AE9, Entry: 11910, Location: (12.70, -701.35, -19.13)
[09:51:11.664] [D] Changed POI to: Type: QuestTurnIn, Name: Makaba Flathoof, Guid: 0, Entry: 11857, Location: (-263.00, -943.00, 12.44)
[09:51:12.332] [D] Changed POI to: Type: Loot, Name: Grimtotem Mercenary, Guid: F130002E87074AE7, Entry: 11911, Location: (5.32, -697.77, -19.13)
[09:51:12.801] [D] [LB] DNTFT -> S
[09:51:12.801] [D] [LB] SetTarget Finished. Waiting.
[09:51:12.801] [D] [LB] Finished waiting, we got a target.
[09:51:12.801] [D] Changed POI to: Type: Kill, Name: Grimtotem Ruffian, Guid: F130002E86074AE9, Entry: 11910, Location: (12.70, -701.35, -19.13)
[09:51:13.621] [N] Loading 1_29_32
[09:51:13.621] [N] Loading 1_28_31
[09:51:13.644] [D] Changed POI to: Type: QuestTurnIn, Name: Makaba Flathoof, Guid: 0, Entry: 11857, Location: (-263.00, -943.00, 12.44)
[09:51:14.145] [D] Changed POI to: Type: Loot, Name: Grimtotem Mercenary, Guid: F130002E87074AE7, Entry: 11911, Location: (5.32, -697.77, -19.13)
[09:51:14.616] [D] [LB] DNTFT -> S
[09:51:14.616] [D] [LB] SetTarget Finished. Waiting.
[09:51:14.616] [D] [LB] Finished waiting, we got a target.
[09:51:14.616] [D] Changed POI to: Type: Kill, Name: Grimtotem Ruffian, Guid: F130002E86074AE9, Entry: 11910, Location: (12.70, -701.35, -19.13)
[09:51:15.465] [D] Changed POI to: Type: QuestTurnIn, Name: Makaba Flathoof, Guid: 0, Entry: 11857, Location: (-263.00, -943.00, 12.44)
[09:51:15.929] [D] Changed POI to: Type: Loot, Name: Grimtotem Mercenary, Guid: F130002E87074AE7, Entry: 11911, Location: (5.32, -697.77, -19.13)
[09:51:16.400] [D] [LB] DNTFT -> S
[09:51:16.401] [D] [LB] SetTarget Finished. Waiting.
[09:51:16.401] [D] [LB] Finished waiting, we got a target.
[09:51:16.401] [D] Changed POI to: Type: Kill, Name: Grimtotem Ruffian, Guid: F130002E86074AE9, Entry: 11910, Location: (12.70, -701.35, -19.13)
[09:51:17.227] [N] Loading 1_29_31
[09:51:17.251] [D] Changed POI to: Type: QuestTurnIn, Name: Makaba Flathoof, Guid: 0, Entry: 11857, Location: (-263.00, -943.00, 12.44)
[09:51:17.714] [D] Changed POI to: Type: Loot, Name: Grimtotem Mercenary, Guid: F130002E87074AE7, Entry: 11911, Location: (5.32, -697.77, -19.13)
[09:51:18.186] [D] [LB] DNTFT -> S
[09:51:18.186] [D] [LB] SetTarget Finished. Waiting.
[09:51:18.186] [D] [LB] Finished waiting, we got a target.
[09:51:18.186] [D] Changed POI to: Type: Kill, Name: Grimtotem Ruffian, Guid: F130002E86074AE9, Entry: 11910, Location: (12.70, -701.35, -19.13)
[09:51:19.013] [N] Loading 1_29_35
[09:51:19.036] [D] Changed POI to: Type: QuestTurnIn, Name: Makaba Flathoof, Guid: 0, Entry: 11857, Location: (-263.00, -943.00, 12.44)
[09:51:19.531] [D] Changed POI to: Type: Loot, Name: Grimtotem Mercenary, Guid: F130002E87074AE7, Entry: 11911, Location: (5.32, -697.77, -19.13)
[09:51:19.999] [D] [LB] DNTFT -> S
[09:51:19.999] [D] [LB] SetTarget Finished. Waiting.
[09:51:19.999] [D] [LB] Finished waiting, we got a target.
[09:51:19.999] [D] Changed POI to: Type: Kill, Name: Grimtotem Ruffian, Guid: F130002E86074AE9, Entry: 11910, Location: (12.70, -701.35, -19.13)
[09:51:20.842] [D] Changed POI to: Type: QuestTurnIn, Name: Makaba Flathoof, Guid: 0, Entry: 11857, Location: (-263.00, -943.00, 12.44)
[09:51:21.303] [D] Changed POI to: Type: Loot, Name: Grimtotem Mercenary, Guid: F130002E87074AE7, Entry: 11911, Location: (5.32, -697.77, -19.13)
[09:51:21.774] [D] [LB] DNTFT -> S
[09:51:21.775] [D] [LB] SetTarget Finished. Waiting.
[09:51:21.775] [D] [LB] Finished waiting, we got a target.
[09:51:21.775] [D] Changed POI to: Type: Kill, Name: Grimtotem Ruffian, Guid: F130002E86074AE9, Entry: 11910, Location: (12.70, -701.35, -19.13)
[09:51:22.843] [D] Changed POI to: Type: QuestTurnIn, Name: Makaba Flathoof, Guid: 0, Entry: 11857, Location: (-263.00, -943.00, 12.44)
[09:51:23.300] [D] Changed POI to: Type: Loot, Name: Grimtotem Mercenary, Guid: F130002E87074AE7, Entry: 11911, Location: (5.32, -697.77, -19.13)
[09:51:23.767] [D] [LB] DNTFT -> S
[09:51:23.768] [D] [LB] SetTarget Finished. Waiting.
[09:51:23.768] [D] [LB] Finished waiting, we got a target.
[09:51:23.768] [D] Changed POI to: Type: Kill, Name: Grimtotem Ruffian, Guid: F130002E86074AE9, Entry: 11910, Location: (12.70, -701.35, -19.13)
[09:51:24.612] [D] Changed POI to: Type: QuestTurnIn, Name: Makaba Flathoof, Guid: 0, Entry: 11857, Location: (-263.00, -943.00, 12.44)
[09:51:25.111] [D] Changed POI to: Type: Loot, Name: Grimtotem Mercenary, Guid: F130002E87074AE7, Entry: 11911, Location: (5.32, -697.77, -19.13)
[09:51:25.681] [N] [Singular] Casting Seal of Righteousness on Myself
[09:51:25.681] [D] Spell_C::CastSpell(21084, 0, 0x6000000007EAB80, 0)
[09:51:26.186] [D] [LB] DNTFT -> S
[09:51:26.186] [D] [LB] SetTarget Finished. Waiting.
[09:51:26.186] [D] [LB] Finished waiting, we got a target.
[09:51:26.186] [D] Changed POI to: Type: Kill, Name: Grimtotem Ruffian, Guid: F130002E86074AE9, Entry: 11910, Location: (12.70, -701.35, -19.13)
[09:51:27.029] [D] Changed POI to: Type: QuestTurnIn, Name: Makaba Flathoof, Guid: 0, Entry: 11857, Location: (-263.00, -943.00, 12.44)
[09:51:27.496] [D] Changed POI to: Type: Loot, Name: Grimtotem Mercenary, Guid: F130002E87074AE7, Entry: 11911, Location: (5.32, -697.77, -19.13)
[09:51:27.699] [N] [Wholesome Auto Quest] Bot running but not moving for 30s
[09:51:28.034] [D] [LB] DNTFT -> S
[09:51:28.034] [D] [LB] SetTarget Finished. Waiting.
[09:51:28.034] [D] [LB] Finished waiting, we got a target.
[09:51:28.034] [D] Changed POI to: Type: Kill, Name: Grimtotem Ruffian, Guid: F130002E86074AE9, Entry: 11910, Location: (12.70, -701.35, -19.13)
[09:51:28.932] [N] Loading 1_30_35
[09:51:28.956] [D] Changed POI to: Type: QuestTurnIn, Name: Makaba Flathoof, Guid: 0, Entry: 11857, Location: (-263.00, -943.00, 12.44)
[09:51:29.482] [D] Changed POI to: Type: Loot, Name: Grimtotem Mercenary, Guid: F130002E87074AE7, Entry: 11911, Location: (5.32, -697.77, -19.13)
[09:51:30.020] [D] [LB] DNTFT -> S
[09:51:30.021] [D] [LB] SetTarget Finished. Waiting.
[09:51:30.021] [D] [LB] Finished waiting, we got a target.
[09:51:30.021] [D] Changed POI to: Type: Kill, Name: Grimtotem Ruffian, Guid: F130002E86074AE9, Entry: 11910, Location: (12.70, -701.35, -19.13)
[09:51:30.968] [D] Changed POI to: Type: QuestTurnIn, Name: Makaba Flathoof, Guid: 0, Entry: 11857, Location: (-263.00, -943.00, 12.44)
[09:51:31.498] [D] Changed POI to: Type: Loot, Name: Grimtotem Mercenary, Guid: F130002E87074AE7, Entry: 11911, Location: (5.32, -697.77, -19.13)
[09:51:32.036] [D] [LB] DNTFT -> S
[09:51:32.036] [D] [LB] SetTarget Finished. Waiting.
[09:51:32.036] [D] [LB] Finished waiting, we got a target.
[09:51:32.037] [D] Changed POI to: Type: Kill, Name: Grimtotem Ruffian, Guid: F130002E86074AE9, Entry: 11910, Location: (12.70, -701.35, -19.13)
[09:51:33.156] [D] Changed POI to: Type: QuestTurnIn, Name: Makaba Flathoof, Guid: 0, Entry: 11857, Location: (-263.00, -943.00, 12.44)
[09:51:33.685] [D] Changed POI to: Type: Loot, Name: Grimtotem Mercenary, Guid: F130002E87074AE7, Entry: 11911, Location: (5.32, -697.77, -19.13)
[09:51:34.222] [D] [LB] DNTFT -> S
[09:51:34.222] [D] [LB] SetTarget Finished. Waiting.
[09:51:34.222] [D] [LB] Finished waiting, we got a target.
[09:51:34.222] [D] Changed POI to: Type: Kill, Name: Grimtotem Ruffian, Guid: F130002E86074AE9, Entry: 11910, Location: (12.70, -701.35, -19.13)
[09:51:35.136] [D] Changed POI to: Type: QuestTurnIn, Name: Makaba Flathoof, Guid: 0, Entry: 11857, Location: (-263.00, -943.00, 12.44)
[09:51:35.700] [D] Changed POI to: Type: Loot, Name: Grimtotem Mercenary, Guid: F130002E87074AE7, Entry: 11911, Location: (5.32, -697.77, -19.13)
[09:51:36.236] [D] [LB] DNTFT -> S
[09:51:36.236] [D] [LB] SetTarget Finished. Waiting.
[09:51:36.236] [D] [LB] Finished waiting, we got a target.
[09:51:36.236] [D] Changed POI to: Type: Kill, Name: Grimtotem Ruffian, Guid: F130002E86074AE9, Entry: 11910, Location: (12.70, -701.35, -19.13)
[09:51:37.154] [D] Changed POI to: Type: QuestTurnIn, Name: Makaba Flathoof, Guid: 0, Entry: 11857, Location: (-263.00, -943.00, 12.44)
[09:51:37.679] [D] Changed POI to: Type: Loot, Name: Grimtotem Mercenary, Guid: F130002E87074AE7, Entry: 11911, Location: (5.32, -697.77, -19.13)
[09:51:38.216] [D] [LB] DNTFT -> S
[09:51:38.216] [D] [LB] SetTarget Finished. Waiting.
[09:51:38.216] [D] [LB] Finished waiting, we got a target.
[09:51:38.216] [D] Changed POI to: Type: Kill, Name: Grimtotem Ruffian, Guid: F130002E86074AE9, Entry: 11910, Location: (12.70, -701.35, -19.13)
[09:51:39.174] [D] Changed POI to: Type: QuestTurnIn, Name: Makaba Flathoof, Guid: 0, Entry: 11857, Location: (-263.00, -943.00, 12.44)
[09:51:39.693] [D] Changed POI to: Type: Loot, Name: Grimtotem Mercenary, Guid: F130002E87074AE7, Entry: 11911, Location: (5.32, -697.77, -19.13)
[09:51:40.233] [D] [LB] DNTFT -> S
[09:51:40.233] [D] [LB] SetTarget Finished. Waiting.
[09:51:40.233] [D] [LB] Finished waiting, we got a target.
[09:51:40.234] [D] Changed POI to: Type: Kill, Name: Grimtotem Ruffian, Guid: F130002E86074AE9, Entry: 11910, Location: (12.70, -701.35, -19.13)
[09:51:41.215] [D] Changed POI to: Type: QuestTurnIn, Name: Makaba Flathoof, Guid: 0, Entry: 11857, Location: (-263.00, -943.00, 12.44)
[09:51:41.754] [D] Changed POI to: Type: Loot, Name: Grimtotem Mercenary, Guid: F130002E87074AE7, Entry: 11911, Location: (5.32, -697.77, -19.13)
[09:51:42.295] [D] [LB] DNTFT -> S
[09:51:42.296] [D] [LB] SetTarget Finished. Waiting.
[09:51:42.296] [D] [LB] Finished waiting, we got a target.
[09:51:42.296] [D] Changed POI to: Type: Kill, Name: Grimtotem Ruffian, Guid: F130002E86074AE9, Entry: 11910, Location: (12.70, -701.35, -19.13)
[09:51:43.411] [D] Changed POI to: Type: QuestTurnIn, Name: Makaba Flathoof, Guid: 0, Entry: 11857, Location: (-263.00, -943.00, 12.44)
[09:51:43.941] [D] Changed POI to: Type: Loot, Name: Grimtotem Mercenary, Guid: F130002E87074AE7, Entry: 11911, Location: (5.32, -697.77, -19.13)
[09:51:44.477] [D] [LB] DNTFT -> S
[09:51:44.477] [D] [LB] SetTarget Finished. Waiting.
[09:51:44.477] [D] [LB] Finished waiting, we got a target.
[09:51:44.477] [D] Changed POI to: Type: Kill, Name: Grimtotem Ruffian, Guid: F130002E86074AE9, Entry: 11910, Location: (12.70, -701.35, -19.13)
[09:51:45.392] [D] Changed POI to: Type: QuestTurnIn, Name: Makaba Flathoof, Guid: 0, Entry: 11857, Location: (-263.00, -943.00, 12.44)
[09:51:45.958] [D] Changed POI to: Type: Loot, Name: Grimtotem Mercenary, Guid: F130002E87074AE7, Entry: 11911, Location: (5.32, -697.77, -19.13)
[09:51:46.493] [D] [LB] DNTFT -> S
[09:51:46.493] [D] [LB] SetTarget Finished. Waiting.
[09:51:46.493] [D] [LB] Finished waiting, we got a target.
[09:51:46.493] [D] Changed POI to: Type: Kill, Name: Grimtotem Ruffian, Guid: F130002E86074AE9, Entry: 11910, Location: (12.70, -701.35, -19.13)
[09:51:47.400] [D] Changed POI to: Type: QuestTurnIn, Name: Makaba Flathoof, Guid: 0, Entry: 11857, Location: (-263.00, -943.00, 12.44)
[09:51:47.938] [D] Changed POI to: Type: Loot, Name: Grimtotem Mercenary, Guid: F130002E87074AE7, Entry: 11911, Location: (5.32, -697.77, -19.13)
[09:51:48.472] [D] [LB] DNTFT -> S
[09:51:48.472] [D] [LB] SetTarget Finished. Waiting.
[09:51:48.472] [D] [LB] Finished waiting, we got a target.
[09:51:48.472] [D] Changed POI to: Type: Kill, Name: Grimtotem Ruffian, Guid: F130002E86074AE9, Entry: 11910, Location: (12.70, -701.35, -19.13)
[09:51:49.044] [D] [QuestLog] Loaded 66 completed quests from Lua fallback
[09:51:49.857] [D] Changed POI to: Type: QuestTurnIn, Name: Makaba Flathoof, Guid: 0, Entry: 11857, Location: (-263.00, -943.00, 12.44)
[09:51:50.389] [D] Changed POI to: Type: Loot, Name: Grimtotem Mercenary, Guid: F130002E87074AE7, Entry: 11911, Location: (5.32, -697.77, -19.13)
[09:51:50.931] [D] [LB] DNTFT -> S
[09:51:50.931] [D] [LB] SetTarget Finished. Waiting.
[09:51:50.932] [D] [LB] Finished waiting, we got a target.
[09:51:50.932] [D] Changed POI to: Type: Kill, Name: Grimtotem Ruffian, Guid: F130002E86074AE9, Entry: 11910, Location: (12.70, -701.35, -19.13)
[09:51:51.871] [D] Changed POI to: Type: QuestTurnIn, Name: Makaba Flathoof, Guid: 0, Entry: 11857, Location: (-263.00, -943.00, 12.44)
[09:51:52.379] [D] Changed POI to: Type: Loot, Name: Grimtotem Mercenary, Guid: F130002E87074AE7, Entry: 11911, Location: (5.32, -697.77, -19.13)
[09:51:53.117] [D] [LB] DNTFT -> S
[09:51:53.117] [D] [LB] SetTarget Finished. Waiting.
[09:51:53.117] [D] [LB] Finished waiting, we got a target.
[09:51:53.117] [D] Changed POI to: Type: Kill, Name: Grimtotem Ruffian, Guid: F130002E86074AE9, Entry: 11910, Location: (12.70, -701.35, -19.13)
[09:51:54.035] [D] Changed POI to: Type: QuestTurnIn, Name: Makaba Flathoof, Guid: 0, Entry: 11857, Location: (-263.00, -943.00, 12.44)
[09:51:54.559] [D] Changed POI to: Type: Loot, Name: Grimtotem Mercenary, Guid: F130002E87074AE7, Entry: 11911, Location: (5.32, -697.77, -19.13)
[09:51:55.097] [D] [LB] DNTFT -> S
[09:51:55.097] [D] [LB] SetTarget Finished. Waiting.
[09:51:55.097] [D] [LB] Finished waiting, we got a target.
[09:51:55.097] [D] Changed POI to: Type: Kill, Name: Grimtotem Ruffian, Guid: F130002E86074AE9, Entry: 11910, Location: (12.70, -701.35, -19.13)
[09:51:56.005] [D] Changed POI to: Type: QuestTurnIn, Name: Makaba Flathoof, Guid: 0, Entry: 11857, Location: (-263.00, -943.00, 12.44)
[09:51:56.542] [D] Changed POI to: Type: Loot, Name: Grimtotem Mercenary, Guid: F130002E87074AE7, Entry: 11911, Location: (5.32, -697.77, -19.13)
[09:51:57.084] [D] [LB] DNTFT -> S
[09:51:57.084] [D] [LB] SetTarget Finished. Waiting.
[09:51:57.084] [D] [LB] Finished waiting, we got a target.
[09:51:57.084] [D] Changed POI to: Type: Kill, Name: Grimtotem Ruffian, Guid: F130002E86074AE9, Entry: 11910, Location: (12.70, -701.35, -19.13)
[09:51:57.990] [D] Changed POI to: Type: QuestTurnIn, Name: Makaba Flathoof, Guid: 0, Entry: 11857, Location: (-263.00, -943.00, 12.44)
[09:51:58.498] [D] Changed POI to: Type: Loot, Name: Grimtotem Mercenary, Guid: F130002E87074AE7, Entry: 11911, Location: (5.32, -697.77, -19.13)
[09:51:59.036] [D] [LB] DNTFT -> S
[09:51:59.037] [D] [LB] SetTarget Finished. Waiting.
[09:51:59.037] [D] [LB] Finished waiting, we got a target.
[09:51:59.037] [D] Changed POI to: Type: Kill, Name: Grimtotem Ruffian, Guid: F130002E86074AE9, Entry: 11910, Location: (12.70, -701.35, -19.13)
[09:51:59.935] [N] Loading 1_34_33
[09:52:00.006] [N] Loading 1_32_30
[09:52:00.006] [N] Loading 1_31_30
[09:52:00.006] [N] Loading 1_30_31
[09:52:00.006] [N] Loading 1_35_34
[09:52:00.006] [N] Loading 1_35_35
[09:52:00.006] [N] Loading 1_30_30
[09:52:00.006] [N] Loading 1_31_36
[09:52:00.006] [N] Loading 1_35_36
[09:52:00.006] [N] Loading 1_36_35
[09:52:00.006] [N] Loading 1_36_34
[09:52:00.006] [N] Loading 1_32_37
[09:52:00.006] [N] Loading 1_33_37
[09:52:00.006] [N] Loading 1_34_37
[09:52:00.006] [N] Loading 1_30_36
[09:52:00.006] [N] Loading 1_36_36
[09:52:00.006] [N] Loading 1_29_30
[09:52:00.006] [N] Loading 1_37_35
[09:52:00.006] [N] Loading 1_37_34
[09:52:00.006] [N] Loading 1_35_37
[09:52:00.006] [N] Loading 1_31_37
[09:52:00.006] [N] Loading 1_29_34
[09:52:00.017] [D] Changed POI to: Type: QuestTurnIn, Name: Makaba Flathoof, Guid: 0, Entry: 11857, Location: (-263.00, -943.00, 12.44)
[09:52:00.546] [D] Changed POI to: Type: Loot, Name: Grimtotem Mercenary, Guid: F130002E87074AE7, Entry: 11911, Location: (5.32, -697.77, -19.13)
[09:52:01.085] [D] [LB] DNTFT -> S
[09:52:01.085] [D] [LB] SetTarget Finished. Waiting.
[09:52:01.085] [D] [LB] Finished waiting, we got a target.
[09:52:01.085] [D] Changed POI to: Type: Kill, Name: Grimtotem Ruffian, Guid: F130002E86074AE9, Entry: 11910, Location: (12.70, -701.35, -19.13)
[09:52:02.610] [N] Loading 1_30_29
[09:52:02.610] [N] Loading 1_29_29
[09:52:02.610] [N] Loading 1_29_33
[09:52:02.610] [N] Loading 1_31_29
[09:52:02.610] [N] Loading 1_28_32
[09:52:02.610] [N] Loading 1_29_36
[09:52:02.610] [N] Loading 1_28_30
[09:52:02.610] [N] Loading 1_30_37
[09:52:02.610] [N] Loading 1_33_38
[09:52:02.610] [N] Loading 1_32_38
[09:52:02.610] [N] Loading 1_28_33
[09:52:02.610] [N] Loading 1_28_29
[09:52:02.610] [N] Loading 1_30_28
[09:52:02.610] [N] Loading 1_31_28
[09:52:02.610] [N] Loading 1_31_38
[09:52:02.610] [N] Loading 1_36_37
[09:52:02.610] [N] Loading 1_34_38
[09:52:02.610] [N] Loading 1_37_36
[09:52:02.610] [N] Loading 1_29_37
[09:52:02.610] [N] Loading 1_29_28
[09:52:02.610] [N] Loading 1_35_38
[09:52:02.610] [N] Loading 1_28_36
[09:52:02.610] [N] Loading 1_28_35
[09:52:02.610] [N] Loading 1_30_38
[09:52:02.610] [N] Loading 1_27_30
[09:52:02.610] [N] Loading 1_32_28
[09:52:02.610] [N] Loading 1_33_39
[09:52:02.610] [N] Loading 1_32_29
[09:52:02.610] [N] Loading 1_38_35
[09:52:02.610] [N] Loading 1_34_39
[09:52:02.610] [N] Loading 1_32_39
[09:52:02.610] [N] Loading 1_37_37
[09:52:02.610] [N] Loading 1_27_29
[09:52:02.610] [N] Loading 1_28_37
[09:52:02.610] [N] Loading 1_38_36
[09:52:02.610] [N] Loading 1_31_39
[09:52:02.610] [N] Loading 1_36_38
[09:52:02.610] [N] Loading 1_28_34
[09:52:02.610] [N] Loading 1_29_38
[09:52:02.610] [N] Loading 1_31_27
[09:52:02.610] [N] Loading 1_33_29
[09:52:02.610] [N] Loading 1_33_28
[09:52:02.610] [N] Loading 1_27_33
[09:52:02.610] [N] Loading 1_38_34
[09:52:02.610] [N] Loading 1_27_32
[09:52:02.610] [N] Loading 1_27_36
[09:52:02.610] [N] Loading 1_27_35
[09:52:02.610] [N] Loading 1_36_30
[09:52:02.610] [N] Loading 1_30_39
[09:52:02.610] [N] Loading 1_32_27
[09:52:02.610] [N] Loading 1_35_39
[09:52:02.610] [N] Loading 1_27_34
[09:52:02.610] [N] Loading 1_34_29
[09:52:02.610] [N] Loading 1_39_35
[09:52:02.610] [N] Loading 1_38_37
[09:52:02.610] [N] Loading 1_34_28
[09:52:02.610] [N] Loading 1_33_27
[09:52:02.610] [N] Loading 1_27_37
[09:52:02.610] [N] Loading 1_39_36
[09:52:02.610] [N] Loading 1_28_38
[09:52:02.610] [N] Loading 1_38_31
[09:52:02.610] [N] Loading 1_31_40
[09:52:02.610] [N] Loading 1_36_39
[09:52:02.610] [N] Loading 1_29_39
[09:52:02.610] [N] Loading 1_26_29
[09:52:02.610] [N] Loading 1_39_34
[09:52:02.610] [N] Loading 1_38_32
[09:52:02.610] [N] Loading 1_27_28
[09:52:02.610] [N] Loading 1_32_40
[09:52:02.610] [N] Loading 1_27_31
[09:52:02.610] [N] Loading 1_35_29
[09:52:02.610] [N] Loading 1_30_40
[09:52:02.610] [N] Loading 1_34_27
[09:52:02.610] [N] Loading 1_34_40
[09:52:02.610] [N] Loading 1_28_28
[09:52:02.610] [N] Loading 1_26_35
[09:52:02.610] [N] Loading 1_35_28
[09:52:02.610] [N] Loading 1_26_33
[09:52:02.610] [N] Loading 1_26_34
[09:52:02.610] [N] Loading 1_33_40
[09:52:02.610] [N] Loading 1_26_32
[09:52:02.610] [N] Loading 1_26_30
[09:52:02.610] [N] Loading 1_39_37
[09:52:02.610] [N] Loading 1_26_28
[09:52:02.610] [N] Loading 1_35_40
[09:52:02.610] [N] Loading 1_40_35
[09:52:02.610] [N] Loading 1_26_36
[09:52:02.610] [N] Loading 1_37_38
[09:52:02.610] [N] Loading 1_27_38
[09:52:02.610] [N] Loading 1_32_26
[09:52:02.610] [N] Loading 1_33_26
[09:52:02.610] [N] Loading 1_28_39
[09:52:02.610] [N] Loading 1_40_36
[09:52:02.610] [N] Loading 1_26_37
[09:52:02.610] [N] Loading 1_31_41
[09:52:02.610] [N] Loading 1_38_33
[09:52:02.610] [N] Loading 1_26_31
[09:52:02.610] [N] Loading 1_35_27
[09:52:02.610] [N] Loading 1_29_40
[09:52:02.610] [N] Loading 1_37_39
[09:52:02.610] [N] Loading 1_32_41
[09:52:02.610] [N] Loading 1_36_29
[09:52:02.610] [N] Loading 1_30_41
[09:52:02.610] [N] Loading 1_36_28
[09:52:02.610] [N] Loading 1_36_40
[09:52:02.610] [N] Loading 1_34_26
[09:52:02.610] [N] Loading 1_40_34
[09:52:02.610] [N] Loading 1_38_38
[09:52:02.610] [N] Loading 1_25_35
[09:52:02.610] [N] Loading 1_26_38
[09:52:02.610] [N] Loading 1_31_26
[09:52:02.610] [N] Loading 1_39_38
[09:52:02.610] [N] Loading 1_33_41
[09:52:02.610] [N] Loading 1_40_37
[09:52:02.610] [N] Loading 1_41_35
[09:52:02.610] [N] Loading 1_25_34
[09:52:02.610] [N] Loading 1_25_33
[09:52:02.610] [N] Loading 1_35_26
[09:52:02.610] [N] Loading 1_27_27
[09:52:02.610] [N] Loading 1_25_32
[09:52:02.610] [N] Loading 1_25_31
[09:52:02.610] [N] Loading 1_36_27
[09:52:02.610] [N] Loading 1_27_39
[09:52:02.610] [N] Loading 1_37_40
[09:52:02.610] [N] Loading 1_41_36
[09:52:02.610] [N] Loading 1_38_39
[09:52:02.610] [N] Loading 1_28_40
[09:52:02.610] [N] Loading 1_31_42
[09:52:02.610] [N] Loading 1_29_41
[09:52:02.610] [N] Loading 1_35_41
[09:52:02.611] [N] Loading 1_34_41
[09:52:02.611] [N] Loading 1_32_42
[09:52:02.611] [N] Loading 1_36_26
[09:52:02.611] [N] Loading 1_40_38
[09:52:02.611] [N] Loading 1_24_34
[09:52:02.611] [N] Loading 1_33_25
[09:52:02.611] [N] Loading 1_25_37
[09:52:02.611] [N] Loading 1_24_35
[09:52:02.611] [N] Loading 1_26_39
[09:52:02.611] [N] Loading 1_25_38
[09:52:02.611] [N] Loading 1_32_25
[09:52:02.611] [N] Loading 1_30_42
[09:52:02.611] [N] Loading 1_25_30
[09:52:02.611] [N] Loading 1_30_27
[09:52:02.611] [N] Loading 1_39_39
[09:52:02.611] [N] Loading 1_33_42
[09:52:02.611] [N] Loading 1_28_41
[09:52:02.611] [N] Loading 1_38_40
[09:52:02.611] [N] Loading 1_37_27
[09:52:02.611] [N] Loading 1_41_37
[09:52:02.611] [N] Loading 1_36_41
[09:52:02.611] [N] Loading 1_24_32
[09:52:02.611] [N] Loading 1_31_25
[09:52:02.611] [N] Loading 1_35_25
[09:52:02.611] [N] Loading 1_30_26
[09:52:02.611] [N] Loading 1_29_42
[09:52:02.611] [N] Loading 1_24_33
[09:52:02.611] [N] Loading 1_37_28
[09:52:02.611] [N] Loading 1_41_38
[09:52:02.611] [N] Loading 1_34_42
[09:52:02.611] [N] Loading 1_25_39
[09:52:02.611] [N] Loading 1_27_40
[09:52:02.611] [N] Loading 1_34_25
[09:52:02.611] [N] Loading 1_40_39
[09:52:02.611] [N] Loading 1_24_31
[09:52:02.611] [N] Loading 1_39_40
[09:52:02.611] [N] Loading 1_37_41
[09:52:02.611] [N] Loading 1_24_30
[09:52:02.611] [N] Loading 1_36_25
[09:52:02.611] [N] Loading 1_26_40
[09:52:02.611] [N] Loading 1_23_34
[09:52:02.611] [N] Loading 1_37_29
[09:52:02.611] [N] Loading 1_23_33
[09:52:02.611] [N] Loading 1_37_26
[09:52:02.611] [N] Loading 1_41_34
[09:52:02.611] [N] Loading 1_25_29
[09:52:02.611] [N] Loading 1_27_41
[09:52:02.611] [N] Loading 1_38_27
[09:52:02.611] [N] Loading 1_38_28
[09:52:02.611] [N] Loading 1_31_43
[09:52:02.611] [N] Loading 1_35_42
[09:52:02.611] [N] Loading 1_30_25
[09:52:02.611] [N] Loading 1_42_35
[09:52:02.611] [N] Loading 1_32_43
[09:52:02.611] [N] Loading 1_41_39
[09:52:02.611] [N] Loading 1_28_42
[09:52:02.611] [N] Loading 1_42_34
[09:52:02.611] [N] Loading 1_25_40
[09:52:02.611] [N] Loading 1_24_29
[09:52:02.611] [N] Loading 1_38_41
[09:52:02.611] [N] Loading 1_33_43
[09:52:02.611] [N] Loading 1_23_32
[09:52:02.611] [N] Loading 1_30_43
[09:52:02.611] [N] Loading 1_40_33
[09:52:02.611] [N] Loading 1_39_41
[09:52:02.611] [N] Loading 1_33_24
[09:52:02.611] [N] Loading 1_41_33
[09:52:02.611] [N] Loading 1_29_27
[09:52:02.611] [N] Loading 1_38_26
[09:52:02.611] [N] Loading 1_23_31
[09:52:02.611] [N] Loading 1_39_33
[09:52:02.611] [N] Loading 1_34_43
[09:52:02.611] [N] Loading 1_42_36
[09:52:02.611] [N] Loading 1_36_42
[09:52:02.611] [N] Loading 1_40_40
[09:52:02.611] [N] Loading 1_22_33
[09:52:02.611] [N] Loading 1_26_41
[09:52:02.611] [N] Loading 1_29_26
[09:52:02.611] [N] Loading 1_35_24
[09:52:02.611] [N] Loading 1_34_24
[09:52:02.611] [N] Loading 1_29_43
[09:52:02.611] [N] Loading 1_23_30
[09:52:02.611] [N] Loading 1_39_28
[09:52:02.611] [N] Loading 1_39_27
[09:52:02.611] [N] Loading 1_39_32
[09:52:02.611] [N] Loading 1_40_32
[09:52:02.611] [N] Loading 1_24_39
[09:52:02.611] [N] Loading 1_36_24
[09:52:02.611] [N] Loading 1_25_28
[09:52:02.611] [N] Loading 1_23_29
[09:52:02.611] [N] Loading 1_24_40
[09:52:02.611] [N] Loading 1_22_32
[09:52:02.611] [N] Loading 1_25_41
[09:52:02.611] [N] Loading 1_37_25
[09:52:02.611] [N] Loading 1_27_42
[09:52:02.611] [N] Loading 1_35_43
[09:52:02.611] [N] Loading 1_40_41
[09:52:02.611] [N] Loading 1_37_42
[09:52:02.611] [N] Loading 1_39_31
[09:52:02.611] [N] Loading 1_42_37
[09:52:02.611] [N] Loading 1_40_31
[09:52:02.611] [N] Loading 1_29_25
[09:52:02.611] [N] Loading 1_24_28
[09:52:02.611] [N] Loading 1_22_31
[09:52:02.611] [N] Loading 1_39_29
[09:52:02.611] [N] Loading 1_28_43
[09:52:02.611] [N] Loading 1_43_36
[09:52:02.611] [N] Loading 1_41_32
[09:52:02.611] [N] Loading 1_31_44
[09:52:02.611] [N] Loading 1_21_33
[09:52:02.611] [N] Loading 1_24_41
[09:52:02.611] [N] Loading 1_32_44
[09:52:02.611] [N] Loading 1_26_42
[09:52:02.611] [N] Loading 1_40_28
[09:52:02.611] [N] Loading 1_22_30
[09:52:02.611] [N] Loading 1_40_27
[09:52:02.611] [N] Loading 1_21_32
[09:52:02.611] [N] Loading 1_38_42
[09:52:02.611] [N] Loading 1_28_27
[09:52:02.611] [N] Loading 1_37_24
[09:52:02.611] [N] Loading 1_33_44
[09:52:02.611] [N] Loading 1_30_44
[09:52:02.611] [N] Loading 1_23_28
[09:52:02.611] [N] Loading 1_39_42
[09:52:02.611] [N] Loading 1_39_30
[09:52:02.611] [N] Loading 1_40_30
[09:52:02.611] [N] Loading 1_41_31
[09:52:02.611] [N] Loading 1_22_34
[09:52:02.611] [N] Loading 1_21_34
[09:52:02.611] [N] Loading 1_34_44
[09:52:02.611] [N] Loading 1_25_42
[09:52:02.611] [N] Loading 1_36_43
[09:52:02.611] [N] Loading 1_28_26
[09:52:02.635] [D] Changed POI to: Type: QuestTurnIn, Name: Makaba Flathoof, Guid: 0, Entry: 11857, Location: (-263.00, -943.00, 12.44)
[09:52:03.373] [D] Changed POI to: Type: Loot, Name: Grimtotem Mercenary, Guid: F130002E87074AE7, Entry: 11911, Location: (5.32, -697.77, -19.13)
[09:52:03.910] [D] [LB] DNTFT -> S
[09:52:03.910] [D] [LB] SetTarget Finished. Waiting.
[09:52:03.910] [D] [LB] Finished waiting, we got a target.
[09:52:03.910] [D] Changed POI to: Type: Kill, Name: Grimtotem Ruffian, Guid: F130002E86074AE9, Entry: 11910, Location: (12.70, -701.35, -19.13)
[09:52:04.831] [D] Changed POI to: Type: QuestTurnIn, Name: Makaba Flathoof, Guid: 0, Entry: 11857, Location: (-263.00, -943.00, 12.44)
[09:52:05.359] [D] Changed POI to: Type: Loot, Name: Grimtotem Mercenary, Guid: F130002E87074AE7, Entry: 11911, Location: (5.32, -697.77, -19.13)
[09:52:05.899] [D] [LB] DNTFT -> S
[09:52:05.899] [D] [LB] SetTarget Finished. Waiting.
[09:52:05.900] [D] [LB] Finished waiting, we got a target.
[09:52:05.900] [D] Changed POI to: Type: Kill, Name: Grimtotem Ruffian, Guid: F130002E86074AE9, Entry: 11910, Location: (12.70, -701.35, -19.13)
[09:52:06.794] [N] Loading 1_31_35
[09:52:06.816] [D] Changed POI to: Type: QuestTurnIn, Name: Makaba Flathoof, Guid: 0, Entry: 11857, Location: (-263.00, -943.00, 12.44)
[09:52:07.383] [D] Changed POI to: Type: Loot, Name: Grimtotem Mercenary, Guid: F130002E87074AE7, Entry: 11911, Location: (5.32, -697.77, -19.13)
[09:52:07.925] [D] [LB] DNTFT -> S
[09:52:07.925] [D] [LB] SetTarget Finished. Waiting.
[09:52:07.925] [D] [LB] Finished waiting, we got a target.
[09:52:07.925] [D] Changed POI to: Type: Kill, Name: Grimtotem Ruffian, Guid: F130002E86074AE9, Entry: 11910, Location: (12.70, -701.35, -19.13)
[09:52:08.833] [D] Changed POI to: Type: QuestTurnIn, Name: Makaba Flathoof, Guid: 0, Entry: 11857, Location: (-263.00, -943.00, 12.44)
[09:52:09.407] [D] Changed POI to: Type: Loot, Name: Grimtotem Mercenary, Guid: F130002E87074AE7, Entry: 11911, Location: (5.32, -697.77, -19.13)
[09:52:09.942] [D] [LB] DNTFT -> S
[09:52:09.942] [D] [LB] SetTarget Finished. Waiting.
[09:52:09.942] [D] [LB] Finished waiting, we got a target.
[09:52:09.942] [D] Changed POI to: Type: Kill, Name: Grimtotem Ruffian, Guid: F130002E86074AE9, Entry: 11910, Location: (12.70, -701.35, -19.13)
[09:52:10.854] [D] Changed POI to: Type: QuestTurnIn, Name: Makaba Flathoof, Guid: 0, Entry: 11857, Location: (-263.00, -943.00, 12.44)
[09:52:11.388] [D] Changed POI to: Type: Loot, Name: Grimtotem Mercenary, Guid: F130002E87074AE7, Entry: 11911, Location: (5.32, -697.77, -19.13)
[09:52:11.929] [D] [LB] DNTFT -> S
[09:52:11.929] [D] [LB] SetTarget Finished. Waiting.
[09:52:11.929] [D] [LB] Finished waiting, we got a target.
[09:52:11.929] [D] Changed POI to: Type: Kill, Name: Grimtotem Ruffian, Guid: F130002E86074AE9, Entry: 11910, Location: (12.70, -701.35, -19.13)
[09:52:12.877] [D] Changed POI to: Type: QuestTurnIn, Name: Makaba Flathoof, Guid: 0, Entry: 11857, Location: (-263.00, -943.00, 12.44)
[09:52:13.612] [D] Changed POI to: Type: Loot, Name: Grimtotem Mercenary, Guid: F130002E87074AE7, Entry: 11911, Location: (5.32, -697.77, -19.13)
[09:52:14.151] [D] [LB] DNTFT -> S
[09:52:14.151] [D] [LB] SetTarget Finished. Waiting.
[09:52:14.151] [D] [LB] Finished waiting, we got a target.
[09:52:14.151] [D] Changed POI to: Type: Kill, Name: Grimtotem Ruffian, Guid: F130002E86074AE9, Entry: 11910, Location: (12.70, -701.35, -19.13)
[09:52:15.051] [N] Loading 1_29_32
[09:52:15.051] [N] Loading 1_28_31
[09:52:15.074] [D] Changed POI to: Type: QuestTurnIn, Name: Makaba Flathoof, Guid: 0, Entry: 11857, Location: (-263.00, -943.00, 12.44)
[09:52:15.599] [D] Changed POI to: Type: Loot, Name: Grimtotem Mercenary, Guid: F130002E87074AE7, Entry: 11911, Location: (5.32, -697.77, -19.13)
[09:52:16.134] [D] [LB] DNTFT -> S
[09:52:16.134] [D] [LB] SetTarget Finished. Waiting.
[09:52:16.134] [D] [LB] Finished waiting, we got a target.
[09:52:16.134] [D] Changed POI to: Type: Kill, Name: Grimtotem Ruffian, Guid: F130002E86074AE9, Entry: 11910, Location: (12.70, -701.35, -19.13)
[09:52:17.052] [N] Loading 1_29_31
[09:52:17.056] [D] Changed POI to: Type: QuestTurnIn, Name: Makaba Flathoof, Guid: 0, Entry: 11857, Location: (-263.00, -943.00, 12.44)
[09:52:17.606] [D] Changed POI to: Type: Loot, Name: Grimtotem Mercenary, Guid: F130002E87074AE7, Entry: 11911, Location: (5.32, -697.77, -19.13)
[09:52:18.143] [D] [LB] DNTFT -> S
[09:52:18.143] [D] [LB] SetTarget Finished. Waiting.
[09:52:18.143] [D] [LB] Finished waiting, we got a target.
[09:52:18.144] [D] Changed POI to: Type: Kill, Name: Grimtotem Ruffian, Guid: F130002E86074AE9, Entry: 11910, Location: (12.70, -701.35, -19.13)
[09:52:19.053] [N] Loading 1_29_35
[09:52:19.057] [D] Changed POI to: Type: QuestTurnIn, Name: Makaba Flathoof, Guid: 0, Entry: 11857, Location: (-263.00, -943.00, 12.44)
[09:52:19.589] [D] Changed POI to: Type: Loot, Name: Grimtotem Mercenary, Guid: F130002E87074AE7, Entry: 11911, Location: (5.32, -697.77, -19.13)
[09:52:20.128] [D] [LB] DNTFT -> S
[09:52:20.128] [D] [LB] SetTarget Finished. Waiting.
[09:52:20.128] [D] [LB] Finished waiting, we got a target.
[09:52:20.128] [D] Changed POI to: Type: Kill, Name: Grimtotem Ruffian, Guid: F130002E86074AE9, Entry: 11910, Location: (12.70, -701.35, -19.13)
[09:52:21.043] [D] Changed POI to: Type: QuestTurnIn, Name: Makaba Flathoof, Guid: 0, Entry: 11857, Location: (-263.00, -943.00, 12.44)
[09:52:21.574] [D] Changed POI to: Type: Loot, Name: Grimtotem Mercenary, Guid: F130002E87074AE7, Entry: 11911, Location: (5.32, -697.77, -19.13)
[09:52:22.111] [D] [LB] DNTFT -> S
[09:52:22.111] [D] [LB] SetTarget Finished. Waiting.
[09:52:22.111] [D] [LB] Finished waiting, we got a target.
[09:52:22.111] [D] Changed POI to: Type: Kill, Name: Grimtotem Ruffian, Guid: F130002E86074AE9, Entry: 11910, Location: (12.70, -701.35, -19.13)
[09:52:23.050] [D] Changed POI to: Type: QuestTurnIn, Name: Makaba Flathoof, Guid: 0, Entry: 11857, Location: (-263.00, -943.00, 12.44)
[09:52:23.785] [D] Changed POI to: Type: Loot, Name: Grimtotem Mercenary, Guid: F130002E87074AE7, Entry: 11911, Location: (5.32, -697.77, -19.13)
[09:52:24.320] [D] [LB] DNTFT -> S
[09:52:24.320] [D] [LB] SetTarget Finished. Waiting.
[09:52:24.320] [D] [LB] Finished waiting, we got a target.
[09:52:24.320] [D] Changed POI to: Type: Kill, Name: Grimtotem Ruffian, Guid: F130002E86074AE9, Entry: 11910, Location: (12.70, -701.35, -19.13)
[09:52:25.253] [D] Changed POI to: Type: QuestTurnIn, Name: Makaba Flathoof, Guid: 0, Entry: 11857, Location: (-263.00, -943.00, 12.44)
[09:52:25.763] [D] Changed POI to: Type: Loot, Name: Grimtotem Mercenary, Guid: F130002E87074AE7, Entry: 11911, Location: (5.32, -697.77, -19.13)
[09:52:26.302] [D] [LB] DNTFT -> S
[09:52:26.302] [D] [LB] SetTarget Finished. Waiting.
[09:52:26.302] [D] [LB] Finished waiting, we got a target.
[09:52:26.302] [D] Changed POI to: Type: Kill, Name: Grimtotem Ruffian, Guid: F130002E86074AE9, Entry: 11910, Location: (12.70, -701.35, -19.13)
[09:52:27.211] [D] Changed POI to: Type: QuestTurnIn, Name: Makaba Flathoof, Guid: 0, Entry: 11857, Location: (-263.00, -943.00, 12.44)
[09:52:27.776] [D] Changed POI to: Type: Loot, Name: Grimtotem Mercenary, Guid: F130002E87074AE7, Entry: 11911, Location: (5.32, -697.77, -19.13)
[09:52:28.315] [D] [LB] DNTFT -> S
[09:52:28.316] [D] [LB] SetTarget Finished. Waiting.
[09:52:28.316] [D] [LB] Finished waiting, we got a target.
[09:52:28.316] [D] Changed POI to: Type: Kill, Name: Grimtotem Ruffian, Guid: F130002E86074AE9, Entry: 11910, Location: (12.70, -701.35, -19.13)
[09:52:29.208] [N] Loading 1_30_35
[09:52:29.231] [D] Changed POI to: Type: QuestTurnIn, Name: Makaba Flathoof, Guid: 0, Entry: 11857, Location: (-263.00, -943.00, 12.44)
[09:52:29.759] [D] Changed POI to: Type: Loot, Name: Grimtotem Mercenary, Guid: F130002E87074AE7, Entry: 11911, Location: (5.32, -697.77, -19.13)
[09:52:30.299] [D] [LB] DNTFT -> S
[09:52:30.299] [D] [LB] SetTarget Finished. Waiting.
[09:52:30.299] [D] [LB] Finished waiting, we got a target.
[09:52:30.299] [D] Changed POI to: Type: Kill, Name: Grimtotem Ruffian, Guid: F130002E86074AE9, Entry: 11910, Location: (12.70, -701.35, -19.13)
[09:52:31.231] [D] Changed POI to: Type: QuestTurnIn, Name: Makaba Flathoof, Guid: 0, Entry: 11857, Location: (-263.00, -943.00, 12.44)
[09:52:31.744] [D] Changed POI to: Type: Loot, Name: Grimtotem Mercenary, Guid: F130002E87074AE7, Entry: 11911, Location: (5.32, -697.77, -19.13)
[09:52:32.281] [D] [LB] DNTFT -> S
[09:52:32.281] [D] [LB] SetTarget Finished. Waiting.
[09:52:32.281] [D] [LB] Finished waiting, we got a target.
[09:52:32.282] [D] Changed POI to: Type: Kill, Name: Grimtotem Ruffian, Guid: F130002E86074AE9, Entry: 11910, Location: (12.70, -701.35, -19.13)
[09:52:33.237] [D] Changed POI to: Type: QuestTurnIn, Name: Makaba Flathoof, Guid: 0, Entry: 11857, Location: (-263.00, -943.00, 12.44)
[09:52:33.969] [D] Changed POI to: Type: Loot, Name: Grimtotem Mercenary, Guid: F130002E87074AE7, Entry: 11911, Location: (5.32, -697.77, -19.13)
[09:52:34.508] [D] [LB] DNTFT -> S
[09:52:34.508] [D] [LB] SetTarget Finished. Waiting.
[09:52:34.508] [D] [LB] Finished waiting, we got a target.
[09:52:34.508] [D] Changed POI to: Type: Kill, Name: Grimtotem Ruffian, Guid: F130002E86074AE9, Entry: 11910, Location: (12.70, -701.35, -19.13)
[09:52:35.445] [D] Changed POI to: Type: QuestTurnIn, Name: Makaba Flathoof, Guid: 0, Entry: 11857, Location: (-263.00, -943.00, 12.44)
[09:52:35.955] [D] Changed POI to: Type: Loot, Name: Grimtotem Mercenary, Guid: F130002E87074AE7, Entry: 11911, Location: (5.32, -697.77, -19.13)
[09:52:36.491] [D] [LB] DNTFT -> S
[09:52:36.491] [D] [LB] SetTarget Finished. Waiting.
[09:52:36.491] [D] [LB] Finished waiting, we got a target.
[09:52:36.491] [D] Changed POI to: Type: Kill, Name: Grimtotem Ruffian, Guid: F130002E86074AE9, Entry: 11910, Location: (12.70, -701.35, -19.13)
[09:52:37.401] [D] Changed POI to: Type: QuestTurnIn, Name: Makaba Flathoof, Guid: 0, Entry: 11857, Location: (-263.00, -943.00, 12.44)
[09:52:37.969] [D] Changed POI to: Type: Loot, Name: Grimtotem Mercenary, Guid: F130002E87074AE7, Entry: 11911, Location: (5.32, -697.77, -19.13)
[09:52:38.503] [D] [LB] DNTFT -> S
[09:52:38.504] [D] [LB] SetTarget Finished. Waiting.
[09:52:38.504] [D] [LB] Finished waiting, we got a target.
[09:52:38.504] [D] Changed POI to: Type: Kill, Name: Grimtotem Ruffian, Guid: F130002E86074AE9, Entry: 11910, Location: (12.70, -701.35, -19.13)
[09:52:39.412] [D] Changed POI to: Type: QuestTurnIn, Name: Makaba Flathoof, Guid: 0, Entry: 11857, Location: (-263.00, -943.00, 12.44)
[09:52:39.980] [D] Changed POI to: Type: Loot, Name: Grimtotem Mercenary, Guid: F130002E87074AE7, Entry: 11911, Location: (5.32, -697.77, -19.13)
[09:52:40.516] [D] [LB] DNTFT -> S
[09:52:40.517] [D] [LB] SetTarget Finished. Waiting.
[09:52:40.517] [D] [LB] Finished waiting, we got a target.
[09:52:40.517] [D] Changed POI to: Type: Kill, Name: Grimtotem Ruffian, Guid: F130002E86074AE9, Entry: 11910, Location: (12.70, -701.35, -19.13)
[09:52:41.423] [D] Changed POI to: Type: QuestTurnIn, Name: Makaba Flathoof, Guid: 0, Entry: 11857, Location: (-263.00, -943.00, 12.44)
[09:52:41.962] [D] Changed POI to: Type: Loot, Name: Grimtotem Mercenary, Guid: F130002E87074AE7, Entry: 11911, Location: (5.32, -697.77, -19.13)
[09:52:42.497] [D] [LB] DNTFT -> S
[09:52:42.497] [D] [LB] SetTarget Finished. Waiting.
[09:52:42.497] [D] [LB] Finished waiting, we got a target.
[09:52:42.497] [D] Changed POI to: Type: Kill, Name: Grimtotem Ruffian, Guid: F130002E86074AE9, Entry: 11910, Location: (12.70, -701.35, -19.13)
[09:52:43.438] [D] Changed POI to: Type: QuestTurnIn, Name: Makaba Flathoof, Guid: 0, Entry: 11857, Location: (-263.00, -943.00, 12.44)
[09:52:44.175] [D] Changed POI to: Type: Loot, Name: Grimtotem Mercenary, Guid: F130002E87074AE7, Entry: 11911, Location: (5.32, -697.77, -19.13)
[09:52:44.715] [D] [LB] DNTFT -> S
[09:52:44.715] [D] [LB] SetTarget Finished. Waiting.
[09:52:44.715] [D] [LB] Finished waiting, we got a target.
[09:52:44.715] [D] Changed POI to: Type: Kill, Name: Grimtotem Ruffian, Guid: F130002E86074AE9, Entry: 11910, Location: (12.70, -701.35, -19.13)
[09:52:45.629] [D] Changed POI to: Type: QuestTurnIn, Name: Makaba Flathoof, Guid: 0, Entry: 11857, Location: (-263.00, -943.00, 12.44)
[09:52:46.160] [D] Changed POI to: Type: Loot, Name: Grimtotem Mercenary, Guid: F130002E87074AE7, Entry: 11911, Location: (5.32, -697.77, -19.13)
[09:52:46.699] [D] [LB] DNTFT -> S
[09:52:46.699] [D] [LB] SetTarget Finished. Waiting.
[09:52:46.699] [D] [LB] Finished waiting, we got a target.
[09:52:46.699] [D] Changed POI to: Type: Kill, Name: Grimtotem Ruffian, Guid: F130002E86074AE9, Entry: 11910, Location: (12.70, -701.35, -19.13)
[09:52:47.618] [D] Changed POI to: Type: QuestTurnIn, Name: Makaba Flathoof, Guid: 0, Entry: 11857, Location: (-263.00, -943.00, 12.44)
[09:52:48.177] [D] Changed POI to: Type: Loot, Name: Grimtotem Mercenary, Guid: F130002E87074AE7, Entry: 11911, Location: (5.32, -697.77, -19.13)
[09:52:48.718] [D] [LB] DNTFT -> S
[09:52:48.718] [D] [LB] SetTarget Finished. Waiting.
[09:52:48.718] [D] [LB] Finished waiting, we got a target.
[09:52:48.718] [D] Changed POI to: Type: Kill, Name: Grimtotem Ruffian, Guid: F130002E86074AE9, Entry: 11910, Location: (12.70, -701.35, -19.13)
[09:52:49.674] [D] Changed POI to: Type: QuestTurnIn, Name: Makaba Flathoof, Guid: 0, Entry: 11857, Location: (-263.00, -943.00, 12.44)
[09:52:50.232] [D] [QuestLog] Loaded 66 completed quests from Lua fallback
[09:52:50.669] [D] Changed POI to: Type: Loot, Name: Grimtotem Mercenary, Guid: F130002E87074AE7, Entry: 11911, Location: (5.32, -697.77, -19.13)
[09:52:51.209] [D] [LB] DNTFT -> S
[09:52:51.209] [D] [LB] SetTarget Finished. Waiting.
[09:52:51.209] [D] [LB] Finished waiting, we got a target.
[09:52:51.209] [D] Changed POI to: Type: Kill, Name: Grimtotem Ruffian, Guid: F130002E86074AE9, Entry: 11910, Location: (12.70, -701.35, -19.13)
[09:52:52.132] [D] Changed POI to: Type: QuestTurnIn, Name: Makaba Flathoof, Guid: 0, Entry: 11857, Location: (-263.00, -943.00, 12.44)
[09:52:52.659] [D] Changed POI to: Type: Loot, Name: Grimtotem Mercenary, Guid: F130002E87074AE7, Entry: 11911, Location: (5.32, -697.77, -19.13)
[09:52:53.235] [D] [LB] DNTFT -> S
[09:52:53.235] [D] [LB] SetTarget Finished. Waiting.
[09:52:53.235] [D] [LB] Finished waiting, we got a target.
[09:52:53.235] [D] Changed POI to: Type: Kill, Name: Grimtotem Ruffian, Guid: F130002E86074AE9, Entry: 11910, Location: (12.70, -701.35, -19.13)
[09:52:54.146] [D] Changed POI to: Type: QuestTurnIn, Name: Makaba Flathoof, Guid: 0, Entry: 11857, Location: (-263.00, -943.00, 12.44)
[09:52:54.883] [D] Changed POI to: Type: Loot, Name: Grimtotem Mercenary, Guid: F130002E87074AE7, Entry: 11911, Location: (5.32, -697.77, -19.13)
[09:52:55.422] [D] [LB] DNTFT -> S
[09:52:55.422] [D] [LB] SetTarget Finished. Waiting.
[09:52:55.422] [D] [LB] Finished waiting, we got a target.
[09:52:55.423] [D] Changed POI to: Type: Kill, Name: Grimtotem Ruffian, Guid: F130002E86074AE9, Entry: 11910, Location: (12.70, -701.35, -19.13)
[09:52:56.329] [D] Changed POI to: Type: QuestTurnIn, Name: Makaba Flathoof, Guid: 0, Entry: 11857, Location: (-263.00, -943.00, 12.44)
[09:52:56.868] [D] Changed POI to: Type: Loot, Name: Grimtotem Mercenary, Guid: F130002E87074AE7, Entry: 11911, Location: (5.32, -697.77, -19.13)
[09:52:57.406] [D] [LB] DNTFT -> S
[09:52:57.406] [D] [LB] SetTarget Finished. Waiting.
[09:52:57.406] [D] [LB] Finished waiting, we got a target.
[09:52:57.406] [D] Changed POI to: Type: Kill, Name: Grimtotem Ruffian, Guid: F130002E86074AE9, Entry: 11910, Location: (12.70, -701.35, -19.13)
[09:52:58.316] [D] Changed POI to: Type: QuestTurnIn, Name: Makaba Flathoof, Guid: 0, Entry: 11857, Location: (-263.00, -943.00, 12.44)
[09:52:58.881] [D] Changed POI to: Type: Loot, Name: Grimtotem Mercenary, Guid: F130002E87074AE7, Entry: 11911, Location: (5.32, -697.77, -19.13)
[09:52:59.419] [D] [LB] DNTFT -> S
[09:52:59.419] [D] [LB] SetTarget Finished. Waiting.
[09:52:59.419] [D] [LB] Finished waiting, we got a target.
[09:52:59.419] [D] Changed POI to: Type: Kill, Name: Grimtotem Ruffian, Guid: F130002E86074AE9, Entry: 11910, Location: (12.70, -701.35, -19.13)
[09:53:00.350] [N] Loading 1_32_30
[09:53:00.350] [N] Loading 1_31_30
[09:53:00.350] [N] Loading 1_30_31
[09:53:00.350] [N] Loading 1_30_30
[09:53:00.350] [N] Loading 1_31_36
[09:53:00.350] [N] Loading 1_35_34
[09:53:00.350] [N] Loading 1_35_35
[09:53:00.350] [N] Loading 1_29_30
[09:53:00.350] [N] Loading 1_30_36
[09:53:00.350] [N] Loading 1_35_36
[09:53:00.350] [N] Loading 1_29_34
[09:53:00.350] [N] Loading 1_32_37
[09:53:00.350] [N] Loading 1_33_37
[09:53:00.350] [N] Loading 1_36_35
[09:53:00.350] [N] Loading 1_34_37
[09:53:00.350] [N] Loading 1_31_37
[09:53:00.350] [N] Loading 1_36_34
[09:53:00.350] [N] Loading 1_36_36
[09:53:00.350] [N] Loading 1_35_37
[09:53:00.350] [N] Loading 1_37_35
[09:53:00.350] [N] Loading 1_37_34
[09:53:00.350] [N] Loading 1_34_33
[09:53:00.373] [D] Changed POI to: Type: QuestTurnIn, Name: Makaba Flathoof, Guid: 0, Entry: 11857, Location: (-263.00, -943.00, 12.44)
[09:53:00.903] [D] Changed POI to: Type: Loot, Name: Grimtotem Mercenary, Guid: F130002E87074AE7, Entry: 11911, Location: (5.32, -697.77, -19.13)
[09:53:01.438] [D] [LB] DNTFT -> S
[09:53:01.438] [D] [LB] SetTarget Finished. Waiting.
[09:53:01.438] [D] [LB] Finished waiting, we got a target.
[09:53:01.438] [D] Changed POI to: Type: Kill, Name: Grimtotem Ruffian, Guid: F130002E86074AE9, Entry: 11910, Location: (12.70, -701.35, -19.13)
[09:53:02.582] [N] Loading 1_30_29
[09:53:02.582] [N] Loading 1_29_29
[09:53:02.582] [N] Loading 1_29_33
[09:53:02.582] [N] Loading 1_31_29
[09:53:02.582] [N] Loading 1_28_32
[09:53:02.582] [N] Loading 1_29_36
[09:53:02.582] [N] Loading 1_28_30
[09:53:02.582] [N] Loading 1_30_37
[09:53:02.582] [N] Loading 1_33_38
[09:53:02.582] [N] Loading 1_32_38
[09:53:02.582] [N] Loading 1_28_33
[09:53:02.582] [N] Loading 1_28_29
[09:53:02.582] [N] Loading 1_30_28
[09:53:02.582] [N] Loading 1_31_28
[09:53:02.582] [N] Loading 1_31_38
[09:53:02.582] [N] Loading 1_36_37
[09:53:02.582] [N] Loading 1_34_38
[09:53:02.582] [N] Loading 1_37_36
[09:53:02.582] [N] Loading 1_29_37
[09:53:02.582] [N] Loading 1_29_28
[09:53:02.582] [N] Loading 1_35_38
[09:53:02.582] [N] Loading 1_28_36
[09:53:02.582] [N] Loading 1_28_35
[09:53:02.582] [N] Loading 1_30_38
[09:53:02.582] [N] Loading 1_27_30
[09:53:02.582] [N] Loading 1_32_28
[09:53:02.582] [N] Loading 1_33_39
[09:53:02.582] [N] Loading 1_32_29
[09:53:02.582] [N] Loading 1_38_35
[09:53:02.582] [N] Loading 1_34_39
[09:53:02.582] [N] Loading 1_32_39
[09:53:02.582] [N] Loading 1_37_37
[09:53:02.582] [N] Loading 1_27_29
[09:53:02.582] [N] Loading 1_28_37
[09:53:02.582] [N] Loading 1_38_36
[09:53:02.582] [N] Loading 1_31_39
[09:53:02.582] [N] Loading 1_36_38
[09:53:02.582] [N] Loading 1_28_34
[09:53:02.582] [N] Loading 1_29_38
[09:53:02.582] [N] Loading 1_31_27
[09:53:02.582] [N] Loading 1_33_29
[09:53:02.582] [N] Loading 1_33_28
[09:53:02.582] [N] Loading 1_27_33
[09:53:02.582] [N] Loading 1_38_34
[09:53:02.582] [N] Loading 1_27_32
[09:53:02.582] [N] Loading 1_27_36
[09:53:02.582] [N] Loading 1_27_35
[09:53:02.582] [N] Loading 1_36_30
[09:53:02.582] [N] Loading 1_30_39
[09:53:02.582] [N] Loading 1_32_27
[09:53:02.582] [N] Loading 1_35_39
[09:53:02.582] [N] Loading 1_27_34
[09:53:02.582] [N] Loading 1_34_29
[09:53:02.582] [N] Loading 1_39_35
[09:53:02.582] [N] Loading 1_38_37
[09:53:02.582] [N] Loading 1_34_28
[09:53:02.582] [N] Loading 1_33_27
[09:53:02.582] [N] Loading 1_27_37
[09:53:02.582] [N] Loading 1_39_36
[09:53:02.582] [N] Loading 1_28_38
[09:53:02.582] [N] Loading 1_38_31
[09:53:02.582] [N] Loading 1_31_40
[09:53:02.582] [N] Loading 1_36_39
[09:53:02.582] [N] Loading 1_29_39
[09:53:02.582] [N] Loading 1_26_29
[09:53:02.582] [N] Loading 1_39_34
[09:53:02.582] [N] Loading 1_38_32
[09:53:02.582] [N] Loading 1_27_28
[09:53:02.582] [N] Loading 1_32_40
[09:53:02.582] [N] Loading 1_27_31
[09:53:02.582] [N] Loading 1_35_29
[09:53:02.582] [N] Loading 1_30_40
[09:53:02.582] [N] Loading 1_34_27
[09:53:02.582] [N] Loading 1_34_40
[09:53:02.582] [N] Loading 1_28_28
[09:53:02.582] [N] Loading 1_26_35
[09:53:02.582] [N] Loading 1_35_28
[09:53:02.582] [N] Loading 1_26_33
[09:53:02.582] [N] Loading 1_26_34
[09:53:02.582] [N] Loading 1_33_40
[09:53:02.582] [N] Loading 1_26_32
[09:53:02.582] [N] Loading 1_26_30
[09:53:02.582] [N] Loading 1_39_37
[09:53:02.582] [N] Loading 1_26_28
[09:53:02.582] [N] Loading 1_35_40
[09:53:02.582] [N] Loading 1_40_35
[09:53:02.582] [N] Loading 1_26_36
[09:53:02.652] [D] Changed POI to: Type: QuestTurnIn, Name: Makaba Flathoof, Guid: 0, Entry: 11857, Location: (-263.00, -943.00, 12.44)
[09:53:03.181] [D] Changed POI to: Type: Loot, Name: Grimtotem Mercenary, Guid: F130002E87074AE7, Entry: 11911, Location: (5.32, -697.77, -19.13)
[09:53:03.719] [D] [LB] DNTFT -> S
[09:53:03.719] [D] [LB] SetTarget Finished. Waiting.
[09:53:03.719] [D] [LB] Finished waiting, we got a target.
[09:53:03.719] [D] Changed POI to: Type: Kill, Name: Grimtotem Ruffian, Guid: F130002E86074AE9, Entry: 11910, Location: (12.70, -701.35, -19.13)
[09:53:04.992] [N] Loading 1_37_38
[09:53:04.992] [N] Loading 1_27_38
[09:53:04.992] [N] Loading 1_32_26
[09:53:04.992] [N] Loading 1_33_26
[09:53:04.992] [N] Loading 1_28_39
[09:53:04.992] [N] Loading 1_40_36
[09:53:04.992] [N] Loading 1_26_37
[09:53:04.992] [N] Loading 1_31_41
[09:53:04.992] [N] Loading 1_38_33
[09:53:04.992] [N] Loading 1_26_31
[09:53:04.992] [N] Loading 1_35_27
[09:53:04.992] [N] Loading 1_29_40
[09:53:04.992] [N] Loading 1_37_39
[09:53:04.992] [N] Loading 1_32_41
[09:53:04.992] [N] Loading 1_36_29
[09:53:04.992] [N] Loading 1_30_41
[09:53:04.992] [N] Loading 1_36_28
[09:53:04.992] [N] Loading 1_36_40
[09:53:04.992] [N] Loading 1_34_26
[09:53:04.992] [N] Loading 1_40_34
[09:53:04.992] [N] Loading 1_38_38
[09:53:04.992] [N] Loading 1_25_35
[09:53:04.992] [N] Loading 1_26_38
[09:53:04.992] [N] Loading 1_31_26
[09:53:04.992] [N] Loading 1_39_38
[09:53:04.992] [N] Loading 1_33_41
[09:53:04.992] [N] Loading 1_40_37
[09:53:04.992] [N] Loading 1_41_35
[09:53:04.992] [N] Loading 1_25_34
[09:53:04.992] [N] Loading 1_25_33
[09:53:04.992] [N] Loading 1_35_26
[09:53:04.992] [N] Loading 1_27_27
[09:53:04.992] [N] Loading 1_25_32
[09:53:04.992] [N] Loading 1_25_31
[09:53:04.992] [N] Loading 1_36_27
[09:53:04.992] [N] Loading 1_27_39
[09:53:04.992] [N] Loading 1_37_40
[09:53:04.992] [N] Loading 1_41_36
[09:53:04.992] [N] Loading 1_38_39
[09:53:04.992] [N] Loading 1_28_40
[09:53:04.992] [N] Loading 1_31_42
[09:53:04.992] [N] Loading 1_29_41
[09:53:04.992] [N] Loading 1_35_41
[09:53:04.992] [N] Loading 1_34_41
[09:53:04.992] [N] Loading 1_32_42
[09:53:04.992] [N] Loading 1_36_26
[09:53:04.992] [N] Loading 1_40_38
[09:53:04.992] [N] Loading 1_24_34
[09:53:04.992] [N] Loading 1_33_25
[09:53:04.992] [N] Loading 1_25_37
[09:53:04.992] [N] Loading 1_24_35
[09:53:04.992] [N] Loading 1_26_39
[09:53:04.992] [N] Loading 1_25_38
[09:53:04.992] [N] Loading 1_32_25
[09:53:04.992] [N] Loading 1_30_42
[09:53:04.992] [N] Loading 1_25_30
[09:53:04.992] [N] Loading 1_30_27
[09:53:04.992] [N] Loading 1_39_39
[09:53:04.992] [N] Loading 1_33_42
[09:53:04.992] [N] Loading 1_28_41
[09:53:04.992] [N] Loading 1_38_40
[09:53:04.992] [N] Loading 1_37_27
[09:53:04.992] [N] Loading 1_41_37
[09:53:04.992] [N] Loading 1_36_41
[09:53:04.992] [N] Loading 1_24_32
[09:53:04.992] [N] Loading 1_31_25
[09:53:04.992] [N] Loading 1_35_25
[09:53:04.992] [N] Loading 1_30_26
[09:53:04.992] [N] Loading 1_29_42
[09:53:04.992] [N] Loading 1_24_33
[09:53:04.992] [N] Loading 1_37_28
[09:53:04.992] [N] Loading 1_41_38
[09:53:04.992] [N] Loading 1_34_42
[09:53:04.992] [N] Loading 1_25_39
[09:53:04.992] [N] Loading 1_27_40
[09:53:04.992] [N] Loading 1_34_25
[09:53:04.992] [N] Loading 1_40_39
[09:53:04.992] [N] Loading 1_24_31
[09:53:04.992] [N] Loading 1_39_40
[09:53:04.992] [N] Loading 1_37_41
[09:53:04.992] [N] Loading 1_24_30
[09:53:04.992] [N] Loading 1_36_25
[09:53:04.992] [N] Loading 1_26_40
[09:53:04.992] [N] Loading 1_23_34
[09:53:04.992] [N] Loading 1_37_29
[09:53:04.992] [N] Loading 1_23_33
[09:53:04.992] [N] Loading 1_37_26
[09:53:04.992] [N] Loading 1_41_34
[09:53:04.992] [N] Loading 1_25_29
[09:53:04.992] [N] Loading 1_27_41
[09:53:04.992] [N] Loading 1_38_27
[09:53:04.992] [N] Loading 1_38_28
[09:53:04.992] [N] Loading 1_31_43
[09:53:04.992] [N] Loading 1_35_42
[09:53:04.992] [N] Loading 1_30_25
[09:53:04.992] [N] Loading 1_42_35
[09:53:04.992] [N] Loading 1_32_43
[09:53:04.992] [N] Loading 1_41_39
[09:53:04.992] [N] Loading 1_28_42
[09:53:04.992] [N] Loading 1_42_34
[09:53:04.992] [N] Loading 1_25_40
[09:53:04.992] [N] Loading 1_24_29
[09:53:04.992] [N] Loading 1_38_41
[09:53:04.992] [N] Loading 1_33_43
[09:53:04.992] [N] Loading 1_23_32
[09:53:04.992] [N] Loading 1_30_43
[09:53:04.992] [N] Loading 1_40_33
[09:53:04.992] [N] Loading 1_39_41
[09:53:04.992] [N] Loading 1_33_24
[09:53:04.992] [N] Loading 1_41_33
[09:53:04.992] [N] Loading 1_29_27
[09:53:04.992] [N] Loading 1_38_26
[09:53:04.992] [N] Loading 1_23_31
[09:53:04.992] [N] Loading 1_39_33
[09:53:04.993] [N] Loading 1_34_43
[09:53:04.993] [N] Loading 1_42_36
[09:53:04.993] [N] Loading 1_36_42
[09:53:04.993] [N] Loading 1_40_40
[09:53:04.993] [N] Loading 1_22_33
[09:53:04.993] [N] Loading 1_26_41
[09:53:04.993] [N] Loading 1_29_26
[09:53:04.993] [N] Loading 1_35_24
[09:53:04.993] [N] Loading 1_34_24
[09:53:04.993] [N] Loading 1_29_43
[09:53:04.993] [N] Loading 1_23_30
[09:53:04.993] [N] Loading 1_39_28
[09:53:04.993] [N] Loading 1_39_27
[09:53:04.993] [N] Loading 1_39_32
[09:53:04.993] [N] Loading 1_40_32
[09:53:04.993] [N] Loading 1_24_39
[09:53:04.993] [N] Loading 1_36_24
[09:53:04.993] [N] Loading 1_25_28
[09:53:04.993] [N] Loading 1_23_29
[09:53:04.993] [N] Loading 1_24_40
[09:53:04.993] [N] Loading 1_22_32
[09:53:04.993] [N] Loading 1_25_41
[09:53:04.993] [N] Loading 1_37_25
[09:53:04.993] [N] Loading 1_27_42
[09:53:04.993] [N] Loading 1_35_43
[09:53:04.993] [N] Loading 1_40_41
[09:53:04.993] [N] Loading 1_37_42
[09:53:04.993] [N] Loading 1_39_31
[09:53:04.993] [N] Loading 1_42_37
[09:53:04.993] [N] Loading 1_40_31
[09:53:04.993] [N] Loading 1_29_25
[09:53:04.993] [N] Loading 1_24_28
[09:53:04.993] [N] Loading 1_22_31
[09:53:04.993] [N] Loading 1_39_29
[09:53:04.993] [N] Loading 1_28_43
[09:53:04.993] [N] Loading 1_43_36
[09:53:04.993] [N] Loading 1_41_32
[09:53:04.993] [N] Loading 1_31_44
[09:53:04.993] [N] Loading 1_21_33
[09:53:04.993] [N] Loading 1_24_41
[09:53:04.993] [N] Loading 1_32_44
[09:53:04.993] [N] Loading 1_26_42
[09:53:04.993] [N] Loading 1_40_28
[09:53:04.993] [N] Loading 1_22_30
[09:53:04.993] [N] Loading 1_40_27
[09:53:04.993] [N] Loading 1_21_32
[09:53:04.993] [N] Loading 1_38_42
[09:53:04.993] [N] Loading 1_28_27
[09:53:04.993] [N] Loading 1_37_24
[09:53:04.993] [N] Loading 1_33_44
[09:53:04.993] [N] Loading 1_30_44
[09:53:04.993] [N] Loading 1_23_28
[09:53:04.993] [N] Loading 1_39_42
[09:53:04.993] [N] Loading 1_39_30
[09:53:04.993] [N] Loading 1_40_30
[09:53:04.993] [N] Loading 1_41_31
[09:53:04.993] [N] Loading 1_22_34
[09:53:04.993] [N] Loading 1_21_34
[09:53:04.993] [N] Loading 1_34_44
[09:53:04.993] [N] Loading 1_25_42
[09:53:04.993] [N] Loading 1_36_43
[09:53:04.993] [N] Loading 1_28_26
[09:53:05.015] [D] Changed POI to: Type: QuestTurnIn, Name: Makaba Flathoof, Guid: 0, Entry: 11857, Location: (-263.00, -943.00, 12.44)
[09:53:05.749] [D] Changed POI to: Type: Loot, Name: Grimtotem Mercenary, Guid: F130002E87074AE7, Entry: 11911, Location: (5.32, -697.77, -19.13)
[09:53:06.287] [D] [LB] DNTFT -> S
[09:53:06.288] [D] [LB] SetTarget Finished. Waiting.
[09:53:06.288] [D] [LB] Finished waiting, we got a target.
[09:53:06.288] [D] Changed POI to: Type: Kill, Name: Grimtotem Ruffian, Guid: F130002E86074AE9, Entry: 11910, Location: (12.70, -701.35, -19.13)
[09:53:07.186] [N] Loading 1_31_35
[09:53:07.208] [D] Changed POI to: Type: QuestTurnIn, Name: Makaba Flathoof, Guid: 0, Entry: 11857, Location: (-263.00, -943.00, 12.44)
[09:53:07.739] [D] Changed POI to: Type: Loot, Name: Grimtotem Mercenary, Guid: F130002E87074AE7, Entry: 11911, Location: (5.32, -697.77, -19.13)
[09:53:08.281] [D] [LB] DNTFT -> S
[09:53:08.281] [D] [LB] SetTarget Finished. Waiting.
[09:53:08.281] [D] [LB] Finished waiting, we got a target.
[09:53:08.281] [D] Changed POI to: Type: Kill, Name: Grimtotem Ruffian, Guid: F130002E86074AE9, Entry: 11910, Location: (12.70, -701.35, -19.13)
[09:53:09.202] [D] Changed POI to: Type: QuestTurnIn, Name: Makaba Flathoof, Guid: 0, Entry: 11857, Location: (-263.00, -943.00, 12.44)
[09:53:09.765] [D] Changed POI to: Type: Loot, Name: Grimtotem Mercenary, Guid: F130002E87074AE7, Entry: 11911, Location: (5.32, -697.77, -19.13)
[09:53:10.338] [D] [LB] DNTFT -> S
[09:53:10.338] [D] [LB] SetTarget Finished. Waiting.
[09:53:10.338] [D] [LB] Finished waiting, we got a target.
[09:53:10.338] [D] Changed POI to: Type: Kill, Name: Grimtotem Ruffian, Guid: F130002E86074AE9, Entry: 11910, Location: (12.70, -701.35, -19.13)
[09:53:11.274] [D] Changed POI to: Type: QuestTurnIn, Name: Makaba Flathoof, Guid: 0, Entry: 11857, Location: (-263.00, -943.00, 12.44)
[09:53:11.785] [D] Changed POI to: Type: Loot, Name: Grimtotem Mercenary, Guid: F130002E87074AE7, Entry: 11911, Location: (5.32, -697.77, -19.13)
[09:53:11.866] [N] Stopping the bot!
[09:53:11.866] [N] Bot stopping! Reason: User request
[09:53:11.867] [D] Exception in GetReturnValues: Thread was interrupted from a waiting state.
[09:53:11.884] [D] [LB] DNTFT -> S
[09:53:11.885] [D] [LB] SetTarget Finished. Waiting.
[09:53:11.885] [D] [LB] Finished waiting, we got a target.
[09:53:11.885] [D] Changed POI to: Type: Kill, Name: Grimtotem Ruffian, Guid: F130002E86074AE9, Entry: 11910, Location: (12.70, -701.35, -19.13)
[09:53:11.886] [D] [QuestRecovery] quest=6548, stage=TurnIn, old=Attempting, new=Eligible, reason=None, episode=0, attempt=0, retry=
[09:53:11.914] [D] Cleared POI
[09:53:11.916] [D] Worker thread exited cleanly
[09:59:04.942] [D] [Settings] Saved all settings
