[13:27:04.367] [N] CopilotBuddy v1.6.6 started. Original HonorBuddy by Apoc, raphus, highvoltz, bobby53, xanathos, chinajade. Ported to WotLK 3.3.5a by Likon69.
[13:27:04.800] [N] Searching for WoW process...
[13:27:04.958] [N] Please wait a few seconds while CopilotBuddy initializes.
[13:27:04.958] [D] Using WoW with process ID 41464
[13:27:04.958] [D] Platform: x86
[13:27:04.958] [D] Executable Path: D:\World of Warcraft 3.3.5a\CB\
[13:27:04.988] [D] [ObjectManager] WoW build 12340 detected - OK
[13:27:04.990] [D] [ObjectManager] D3DDevicePtr = 0x00C5DF88
[13:27:04.990] [D] [ObjectManager] devicePtrAddr = 0x0545CBD0
[13:27:04.990] [D] [ObjectManager] device = 0x06558EC0 (at 0x0546054C)
[13:27:04.990] [D] [ObjectManager] vtablePtr = 0x0655BE1C
[13:27:04.990] [D] [ObjectManager] endSceneAddr = 0x643348F0 (at 0x0655BEC4)
[13:27:04.990] [D] [ObjectManager] D3D: Device=0x06558EC0, VTable=0x0655BE1C, EndScene=0x643348F0
[13:27:04.990] [D] [ObjectManager] Creating ExecutorRand...
[13:27:05.035] [D] [ObjectManager] ExecutorRand created, IsInitialized = True
[13:27:05.035] [D] [ObjectManager] EndScene hook succeeded
[13:27:05.040] [D] [ObjectManager] Initialized successfully
[13:27:05.042] [N] Attached to WoW with ID 41464
[13:27:05.044] [N] Character is a level 29 BloodElf Paladin
[13:27:05.045] [N] Current zone is Scarlet Monastery
[13:27:05.072] [D] [Settings] Loaded settings for character: Jeof
[13:27:05.072] [N] Initializing Combat Routines...
[13:27:05.076] [D] Looking for routines in: D:\World of Warcraft 3.3.5a\CB\Routines
[13:27:05.077] [D] Compiling Singular wotlk
[13:27:07.603] [N] Loaded routine: Singular Wotlk for class Paladin
[13:27:07.603] [N] Loaded 1 combat routine(s)
[13:27:07.610] [N] Chose Singular Wotlk as your combat class.
[13:27:07.610] [N] Confirmed Paladin as your class.
[13:27:07.611] [N] [Singular] Starting Singular v2.0.0.0
[13:27:07.611] [N] [Singular] Determining talent spec.
[13:27:08.261] [D] [Singular-DEBUG] [Talents] Best Tree: 18
[13:27:08.262] [N] [Singular] Current spec is  Retribution Paladin
[13:27:08.272] [D] [WoWDb] Loaded 237 DBC tables
[13:27:08.273] [D] [WoWDb]   Key=235 (0x000000EB) Rows=1893
[13:27:08.273] [D] [WoWDb]   Key=236 (0x000000EC) Rows=7655
[13:27:08.273] [D] [WoWDb]   Key=237 (0x000000ED) Rows=86
[13:27:08.273] [D] [WoWDb]   Key=238 (0x000000EE) Rows=506
[13:27:08.273] [D] [WoWDb]   Key=239 (0x000000EF) Rows=291
[13:27:08.273] [D] [WoWDb] Lock DBC lookup: FOUND (rows=388)
[13:27:08.273] [D] [WoWDb] ClientDb.Lock enum value = 356 (0x00000164)
[13:27:08.274] [D] [Singular-DEBUG] Creating Combat behavior.
[13:27:08.275] [N] [Singular] Building method list
[13:27:08.276] [N] [Singular] Added 459 methods
[13:27:08.278] [D] [Singular-DEBUG] CreateRetributionPaladinInstancePullAndCombat is a match!
[13:27:08.278] [N] [Singular]  Using CreateRetributionPaladinInstancePullAndCombat for Retribution Paladin - Combat (Priority: 0)
[13:27:08.289] [D] [Singular-DEBUG] Creating Pull behavior.
[13:27:08.290] [D] [Singular-DEBUG] CreateRetributionPaladinInstancePullAndCombat is a match!
[13:27:08.290] [N] [Singular]  Using CreateRetributionPaladinInstancePullAndCombat for Retribution Paladin - Pull (Priority: 0)
[13:27:08.291] [D] [Singular-DEBUG] Creating Rest behavior.
[13:27:08.292] [D] [Singular-DEBUG] CreateRetributionPaladinRest is a match!
[13:27:08.292] [N] [Singular]  Using CreateRetributionPaladinRest for Retribution Paladin - Rest (Priority: 0)
[13:27:08.294] [D] [Singular-DEBUG] Creating CombatBuffs behavior.
[13:27:08.295] [D] [Singular-DEBUG] Creating Heal behavior.
[13:27:08.296] [D] [Singular-DEBUG] CreateRetributionPaladinHeal is a match!
[13:27:08.296] [N] [Singular]  Using CreateRetributionPaladinHeal for Retribution Paladin - Heal (Priority: 0)
[13:27:08.297] [D] [Singular-DEBUG] Creating PullBuffs behavior.
[13:27:08.298] [D] [Singular-DEBUG] Creating PreCombatBuffs behavior.
[13:27:08.299] [D] [Singular-DEBUG] CreatePaladinPreCombatBuffs is a match!
[13:27:08.299] [N] [Singular]  Using CreatePaladinPreCombatBuffs for Retribution Paladin - PreCombatBuffs (Priority: 0)
[13:27:08.303] [N] [Singular] Behaviors created!
[13:27:08.318] [D] [Singular-DEBUG] Attached combat log
[13:27:08.318] [D] Routine initialized successfully
[13:27:08.319] [D] Loading built-in bots from assembly: CopilotBuddy
[13:27:08.342] [D] Found bot type: PartyBot.DiscoBot
[13:27:08.342] [N] New bot added: Party Bot
[13:27:08.342] [D] Loaded built-in bot: Party Bot
[13:27:08.342] [D] Found bot type: Bots.Quest.QuestBot
[13:27:08.342] [N] New bot added: Questing
[13:27:08.342] [D] Loaded built-in bot: Questing
[13:27:08.342] [D] Found bot type: Bots.Grind.LevelBot
[13:27:08.342] [N] New bot added: Grind
[13:27:08.342] [D] Loaded built-in bot: Grind
[13:27:08.342] [D] Found bot type: Bots.Gatherbuddy.GatherbuddyBot
[13:27:08.342] [N] New bot added: GatherBuddy
[13:27:08.342] [D] Loaded built-in bot: GatherBuddy
[13:27:08.342] [D] Found bot type: Bots.DungeonBuddy.DungeonBuddy
[13:27:08.343] [N] New bot added: DungeonBuddy
[13:27:08.343] [D] Loaded built-in bot: DungeonBuddy
[13:27:08.343] [D] Found bot type: Bots.BGBuddy.BGBuddy
[13:27:08.344] [N] New bot added: BGBuddy
[13:27:08.344] [D] Loaded built-in bot: BGBuddy
[13:27:08.344] [D] Built-in bot loading complete. 6 bots loaded.
[13:27:08.348] [N] Loading bots from: D:\World of Warcraft 3.3.5a\CB\Bots
[13:27:08.355] [N] Found 123 source files
[13:27:08.362] [N] Found 0 dll files
[13:27:08.362] [N] Compiling: CombatBot.cs
[13:27:08.534] [N] Compiled successfully: CombatBot.cs
[13:27:08.534] [N] Compiling directory: Auto Angler 2/ (23 files)
[13:27:08.830] [N] Compiled successfully: Auto Angler 2/
[13:27:08.830] [N] Compiling directory: LazyRaider/ (4 files)
[13:27:09.095] [N] Compiled successfully: LazyRaider/
[13:27:09.095] [N] Compiling directory: ProfessionBuddy/ (52 files)
[13:27:09.884] [N] Compiled successfully: ProfessionBuddy/
[13:27:09.884] [N] Compiling directory: Templar/ (27 files)
[13:27:10.305] [N] Compiled successfully: Templar/
[13:27:10.305] [N] Compiling directory: Tyrael/ (5 files)
[13:27:10.491] [N] Compiled successfully: Tyrael/
[13:27:10.491] [N] Compiling directory: WholesomeAutoQuest-master/ (11 files)
[13:27:11.140] [N] Compiled successfully: WholesomeAutoQuest-master/
[13:27:11.140] [N] ClassCollection contains 7 compiled bots
[13:27:11.140] [N] Adding bot: Combat Bot
[13:27:11.140] [N] New bot added: Combat Bot
[13:27:11.140] [N] Adding bot: AutoAngler
[13:27:11.140] [N] New bot added: AutoAngler
[13:27:11.140] [N] Adding bot: LazyRaider
[13:27:11.140] [N] New bot added: LazyRaider
[13:27:11.140] [N] Adding bot: ProfessionBuddy
[13:27:11.140] [N] New bot added: ProfessionBuddy
[13:27:11.140] [N] Adding bot: Templar
[13:27:11.140] [N] New bot added: Templar
[13:27:11.140] [N] Adding bot: Tyrael
[13:27:11.140] [N] New bot added: Tyrael
[13:27:11.140] [N] Adding bot: Wholesome Auto Quest
[13:27:11.140] [N] New bot added: Wholesome Auto Quest
[13:27:11.140] [N] Bot loading complete. 13 bots loaded.
[13:27:11.140] [N] Initializing Plugins...
[13:27:12.863] [N] [DeathStallRecovery] Enabled. The bot will stop if corpse recovery makes no movement progress for 60 seconds.
[13:27:13.772] [D] Rarekiller: Loading config file: D:\World of Warcraft 3.3.5a\CB\Plugins\RareKiller\config\Rarekiller.config
[13:27:13.772] [D] Root element is missing.
[13:27:13.772] [N] Rarekiller: Continuing with Default Config Values
[13:27:13.773] [D] Rarekiller: Loading config file: D:\World of Warcraft 3.3.5a\CB\Plugins\RareKiller\config\Rarekiller.config
[13:27:13.773] [D] Root element is missing.
[13:27:13.773] [N] Rarekiller: Continuing with Default Config Values
[13:27:13.773] [N] Rare Mob Killer - Version 3.3 Loaded.
[13:27:13.773] [N] Rarekiller Part Tamer: I'm no Hunter. Deactivate the Tamer Part
[13:27:14.349] [N] [VendorRecovery] Enabled. Failed Sell/Repair vendors will be skipped after 35 seconds at the NPC.
[13:27:14.525] [N] Plugin loading complete. 16 plugins loaded.
[13:27:14.525] [N] Plugins refreshed successfully.
[13:27:14.529] [N] Changing current bot to: Combat Bot
[13:27:25.778] [D] [Settings] Saved all settings
[13:27:25.778] [N] Starting the bot.
[13:27:25.779] [N] Currently Using BotBase : Combat Bot
[13:27:25.779] [N] Character is a level 29 BloodElf Paladin
[13:27:25.780] [N] Current zone is Scarlet Monastery
[13:27:25.781] [D] Loading profile from D:\World of Warcraft 3.3.5a\CB\Bots\WholesomeAutoQuest\WHOLESOME_AUTOQUESTER.xml
[13:27:25.846] [D] [CompileBatch] Compiling 2 entries...
[13:27:25.953] [D] [CompileBatch] Compiled successfully.
[13:27:25.956] [N] Profile loaded: WholesomeAQ - Thousand Needles
[13:27:25.957] [D] Selected sub-profile: WholesomeAQ - Thousand Needles (L1-80)
[13:27:25.990] [N] [SpellDb] Loaded 49816 spells from Spells.bin
[13:27:26.037] [D] Setting CVars: autoSelfCast=1, autoLootDefault=1
[13:27:26.106] [D] Cleared POI
[13:27:26.115] [D] Refresh() called. LastCount=0, CurrentCount=34
[13:27:26.115] [N] Building spell book
[13:27:26.116] [D] Found 34 spells from LocalPlayer.KnownSpells
[13:27:26.116] [N] Adding Arcane Affinity
[13:27:26.116] [N] Adding Arcane Torrent
[13:27:26.117] [N] Adding Auto Attack
[13:27:26.117] [N] Adding Block
[13:27:26.117] [N] Adding Dodge
[13:27:26.118] [N] Adding Magic Resistance
[13:27:26.118] [N] Adding Parry
[13:27:26.119] [N] Adding Blessing of Wisdom
[13:27:26.119] [N] Adding Concentration Aura
[13:27:26.119] [N] Adding Consecration
[13:27:26.120] [N] Adding Exorcism
[13:27:26.120] [N] Adding Flash of Light
[13:27:26.120] [N] Adding Holy Light
[13:27:26.121] [N] Adding Lay on Hands
[13:27:26.121] [N] Adding Purify
[13:27:26.121] [N] Adding Seal of Righteousness
[13:27:26.122] [N] Adding Sense Undead
[13:27:26.122] [N] Adding Turn Evil
[13:27:26.123] [N] Adding Blessing of Kings
[13:27:26.123] [N] Adding Devotion Aura
[13:27:26.123] [N] Adding Divine Protection
[13:27:26.124] [N] Adding Hammer of Justice
[13:27:26.124] [N] Adding Hand of Freedom
[13:27:26.124] [N] Adding Hand of Protection
[13:27:26.125] [N] Adding Hand of Reckoning
[13:27:26.125] [N] Adding Hand of Salvation
[13:27:26.126] [N] Adding Righteous Defense
[13:27:26.126] [N] Adding Righteous Fury
[13:27:26.126] [N] Adding Seal of Justice
[13:27:26.127] [N] Adding Blessing of Might
[13:27:26.127] [N] Adding Judgement of Light
[13:27:26.128] [N] Adding Judgement of Wisdom
[13:27:26.128] [N] Adding Retribution Aura
[13:27:26.128] [N] Adding Seal of Command
[13:27:26.129] [N] Spell book built
[13:27:26.129] [D] [SpellManager] Initialize — subscribed to BotEvents.OnBotStart
[13:27:26.478] [D] [WeightSet] Selected weight set: Paladin-Retribution
[13:27:26.479] [D] [Pulse] Slow plugin: name=AutoEquip2 elapsed=134ms
[13:27:26.506] [D] [Talented] SelectMajorTalentTree called but not needed in WotLK 3.3.5a
[13:27:26.521] [D] [Pulse] Slow plugin: name=Talented elapsed=42ms
[13:27:26.571] [D] [Pulse] Slow plugin: name=Tidy Bags 3 Reloaded elapsed=49ms
[13:27:26.578] [D] [Pulse] Slow shared pulse: total=398ms movement=0 objects=1 lua=27 info=1 loot=12 targeting=116 events=3 plugins=228 routine=6
[13:27:26.607] [N] [Singular] Currect target is invalid. Switching to Anguished Dead!
[13:27:26.940] [D] [Singular-DEBUG] Switched targets!
[13:27:26.940] [D] [Singular-DEBUG] Melee Distance: 5
[13:27:26.940] [D] [Singular-DEBUG] Health: 64.64546056991385
[13:27:26.940] [D] [Singular-DEBUG] Level: 31
[13:27:27.306] [N] [Singular] Casting Exorcism on Anguished Dead
[13:27:27.307] [D] Spell_C::CastSpell(879, 0, 0xF13000191A000070, 0)
[13:27:27.339] [D] [Pulse] Slow bot root: 299ms bot=Combat Bot poi=None combat=True
[13:27:27.804] [D] [Pulse] Slow bot root: 364ms bot=Combat Bot poi=None combat=True
[13:27:28.233] [D] [Pulse] Slow bot root: 329ms bot=Combat Bot poi=None combat=True
[13:27:28.665] [D] [Pulse] Slow bot root: 329ms bot=Combat Bot poi=None combat=True
[13:27:29.092] [D] [Pulse] Slow bot root: 326ms bot=Combat Bot poi=None combat=True
[13:27:29.466] [N] [Singular] Casting Judgement of Light on Anguished Dead
[13:27:29.466] [D] Spell_C::CastSpell(20271, 0, 0xF13000191A000070, 0)
[13:27:29.501] [D] [Pulse] Slow bot root: 334ms bot=Combat Bot poi=None combat=True
[13:27:29.966] [D] [Pulse] Slow bot root: 367ms bot=Combat Bot poi=None combat=True
[13:27:30.395] [D] [Pulse] Slow bot root: 330ms bot=Combat Bot poi=None combat=True
[13:27:30.805] [D] [Pulse] Slow bot root: 337ms bot=Combat Bot poi=None combat=True
[13:27:31.233] [N] [Singular] Casting Consecration on Anguished Dead
[13:27:31.233] [D] Spell_C::CastSpell(26573, 0, 0xF13000191A000070, 0)
[13:27:31.266] [D] [Pulse] Slow bot root: 366ms bot=Combat Bot poi=None combat=True
[13:27:31.733] [D] [Pulse] Slow bot root: 334ms bot=Combat Bot poi=None combat=True
[13:27:32.143] [D] [Pulse] Slow bot root: 307ms bot=Combat Bot poi=None combat=True
[13:27:32.540] [D] [Pulse] Slow bot root: 305ms bot=Combat Bot poi=None combat=True
[13:27:32.937] [D] [Pulse] Slow bot root: 301ms bot=Combat Bot poi=None combat=True
[13:27:33.337] [D] [Pulse] Slow bot root: 302ms bot=Combat Bot poi=None combat=True
[13:27:33.744] [D] [Pulse] Slow bot root: 304ms bot=Combat Bot poi=None combat=True
[13:27:34.144] [D] [Pulse] Slow bot root: 305ms bot=Combat Bot poi=None combat=True
[13:27:34.551] [D] [Pulse] Slow bot root: 311ms bot=Combat Bot poi=None combat=True
[13:27:34.981] [D] [Pulse] Slow bot root: 306ms bot=Combat Bot poi=None combat=True
[13:27:35.375] [D] [Pulse] Slow bot root: 297ms bot=Combat Bot poi=None combat=True
[13:27:35.777] [D] [Pulse] Slow bot root: 302ms bot=Combat Bot poi=None combat=True
[13:27:36.153] [D] [Pulse] Slow bot root: 299ms bot=Combat Bot poi=None combat=True
[13:27:36.521] [D] [Pulse] Slow bot root: 298ms bot=Combat Bot poi=None combat=True
[13:27:36.626] [D] [Pulse] Slow plugin: name=Tidy Bags 3 Reloaded elapsed=47ms
[13:27:36.924] [D] [Pulse] Slow bot root: 297ms bot=Combat Bot poi=None combat=True
[13:27:37.273] [D] [Pulse] Slow bot root: 280ms bot=Combat Bot poi=None combat=True
[13:27:39.251] [N] [Singular] Currect target is invalid. Switching to Unfettered Spirit!
[13:27:39.291] [D] [Pulse] Slow bot root: 1926ms bot=Combat Bot poi=None combat=True
[13:27:39.593] [D] [Singular-DEBUG] Switched targets!
[13:27:39.593] [D] [Singular-DEBUG] Melee Distance: 5
[13:27:39.593] [D] [Singular-DEBUG] Health: 0
[13:27:39.593] [D] [Singular-DEBUG] Level: 30
[13:27:39.716] [N] [Singular] Currect target is invalid. Switching to Anguished Dead!
[13:27:40.050] [D] [Singular-DEBUG] Switched targets!
[13:27:40.050] [D] [Singular-DEBUG] Melee Distance: 5
[13:27:40.050] [D] [Singular-DEBUG] Health: 50.16567263088138
[13:27:40.050] [D] [Singular-DEBUG] Level: 31
[13:27:40.481] [N] [Singular] Casting Judgement of Light on Anguished Dead
[13:27:40.481] [D] Spell_C::CastSpell(20271, 0, 0xF13000191A000078, 0)
[13:27:40.515] [D] [Pulse] Slow bot root: 362ms bot=Combat Bot poi=None combat=True
[13:27:41.003] [N] Loaded 0 global blackspots
[13:27:41.004] [D] [Blackspot] Area cost initialized: area 17 = 60x
[13:27:41.015] [D] [Nav] Loaded 9 mesh tiles for one path query
[13:27:41.047] [D] [Pulse] Slow bot root: 431ms bot=Combat Bot poi=None combat=True
[13:27:41.478] [D] [Pulse] Slow bot root: 330ms bot=Combat Bot poi=None combat=True
[13:27:41.834] [D] [Pulse] Slow bot root: 253ms bot=Combat Bot poi=None combat=True
[13:27:42.201] [D] [Pulse] Slow bot root: 252ms bot=Combat Bot poi=None combat=True
[13:27:42.540] [D] [Pulse] Slow bot root: 256ms bot=Combat Bot poi=None combat=True
[13:27:42.872] [D] [Pulse] Slow bot root: 255ms bot=Combat Bot poi=None combat=True
[13:27:43.201] [D] [Pulse] Slow bot root: 251ms bot=Combat Bot poi=None combat=True
[13:27:43.535] [D] [Pulse] Slow bot root: 252ms bot=Combat Bot poi=None combat=True
[13:27:43.867] [D] [Pulse] Slow bot root: 251ms bot=Combat Bot poi=None combat=True
[13:27:44.198] [D] [Pulse] Slow bot root: 250ms bot=Combat Bot poi=None combat=True
[13:27:44.450] [N] [Singular] Casting Exorcism on Anguished Dead
[13:27:44.450] [D] Spell_C::CastSpell(879, 0, 0xF13000191A000078, 0)
[13:27:44.483] [D] [Pulse] Slow bot root: 200ms bot=Combat Bot poi=None combat=True
[13:27:44.844] [D] [Pulse] Slow bot root: 260ms bot=Combat Bot poi=None combat=True
[13:27:45.181] [D] [Pulse] Slow bot root: 261ms bot=Combat Bot poi=None combat=True
[13:27:45.505] [D] [Pulse] Slow bot root: 249ms bot=Combat Bot poi=None combat=True
[13:27:45.841] [D] [Pulse] Slow bot root: 251ms bot=Combat Bot poi=None combat=True
[13:27:46.171] [D] [Pulse] Slow bot root: 248ms bot=Combat Bot poi=None combat=True
[13:27:46.516] [D] [Pulse] Slow bot root: 257ms bot=Combat Bot poi=None combat=True
[13:27:46.745] [D] System.NullReferenceException: Object reference not set to an instance of an object.
   at Singular.Helpers.Unit.IsBoss(WoWUnit unit)
   at Singular.ClassSpecific.Paladin.Retribution.<>c.<CreateRetributionPaladinInstancePullAndCombat>b__4_7(Object ret)
   at Singular.Helpers.Spell.<>c__DisplayClass18_0.<Cast>b__0(Object ret)
   at TreeSharp.Decorator.Execute(Object context)+MoveNext()
   at TreeSharp.Composite.Tick(Object context)
[13:27:46.745] [D] System.NullReferenceException: Object reference not set to an instance of an object.
   at Singular.ClassSpecific.Paladin.Retribution.<>c.<CreateRetributionPaladinInstancePullAndCombat>b__4_12(Object ret)
   at Singular.Helpers.Spell.<>c__DisplayClass18_0.<Cast>b__0(Object ret)
   at TreeSharp.Decorator.Execute(Object context)+MoveNext()
   at TreeSharp.Composite.Tick(Object context)
[13:27:46.786] [D] System.NullReferenceException: Object reference not set to an instance of an object.
   at Singular.ClassSpecific.Paladin.Retribution.<>c.<CreateRetributionPaladinInstancePullAndCombat>b__4_14(Object ret)
   at Singular.Helpers.Spell.<>c__DisplayClass18_0.<Cast>b__0(Object ret)
   at TreeSharp.Decorator.Execute(Object context)+MoveNext()
   at TreeSharp.Composite.Tick(Object context)
[13:27:46.827] [D] System.NullReferenceException: Object reference not set to an instance of an object.
   at Singular.ClassSpecific.Paladin.Retribution.<>c.<CreateRetributionPaladinInstancePullAndCombat>b__4_16(Object ret)
   at Singular.Helpers.Spell.<>c__DisplayClass18_0.<Cast>b__0(Object ret)
   at TreeSharp.Decorator.Execute(Object context)+MoveNext()
   at TreeSharp.Composite.Tick(Object context)
[13:27:46.827] [D] [Pulse] Slow bot root: 238ms bot=Combat Bot poi=None combat=True
[13:27:46.924] [D] [Pulse] Slow plugin: name=Tidy Bags 3 Reloaded elapsed=52ms
[13:27:47.040] [D] System.NullReferenceException: Object reference not set to an instance of an object.
   at Singular.Helpers.Unit.IsBoss(WoWUnit unit)
   at Singular.ClassSpecific.Paladin.Retribution.<>c.<CreateRetributionPaladinInstancePullAndCombat>b__4_7(Object ret)
   at Singular.Helpers.Spell.<>c__DisplayClass18_0.<Cast>b__0(Object ret)
   at TreeSharp.Decorator.Execute(Object context)+MoveNext()
   at TreeSharp.Composite.Tick(Object context)
[13:27:47.040] [D] System.NullReferenceException: Object reference not set to an instance of an object.
   at Singular.ClassSpecific.Paladin.Retribution.<>c.<CreateRetributionPaladinInstancePullAndCombat>b__4_12(Object ret)
   at Singular.Helpers.Spell.<>c__DisplayClass18_0.<Cast>b__0(Object ret)
   at TreeSharp.Decorator.Execute(Object context)+MoveNext()
   at TreeSharp.Composite.Tick(Object context)
[13:27:47.082] [D] System.NullReferenceException: Object reference not set to an instance of an object.
   at Singular.ClassSpecific.Paladin.Retribution.<>c.<CreateRetributionPaladinInstancePullAndCombat>b__4_14(Object ret)
   at Singular.Helpers.Spell.<>c__DisplayClass18_0.<Cast>b__0(Object ret)
   at TreeSharp.Decorator.Execute(Object context)+MoveNext()
   at TreeSharp.Composite.Tick(Object context)
[13:27:47.123] [D] System.NullReferenceException: Object reference not set to an instance of an object.
   at Singular.ClassSpecific.Paladin.Retribution.<>c.<CreateRetributionPaladinInstancePullAndCombat>b__4_16(Object ret)
   at Singular.Helpers.Spell.<>c__DisplayClass18_0.<Cast>b__0(Object ret)
   at TreeSharp.Decorator.Execute(Object context)+MoveNext()
   at TreeSharp.Composite.Tick(Object context)
[13:27:47.123] [D] [Pulse] Slow bot root: 199ms bot=Combat Bot poi=None combat=True
[13:27:47.348] [D] System.NullReferenceException: Object reference not set to an instance of an object.
   at Singular.Helpers.Unit.IsBoss(WoWUnit unit)
   at Singular.ClassSpecific.Paladin.Retribution.<>c.<CreateRetributionPaladinInstancePullAndCombat>b__4_7(Object ret)
   at Singular.Helpers.Spell.<>c__DisplayClass18_0.<Cast>b__0(Object ret)
   at TreeSharp.Decorator.Execute(Object context)+MoveNext()
   at TreeSharp.Composite.Tick(Object context)
[13:27:47.348] [D] System.NullReferenceException: Object reference not set to an instance of an object.
   at Singular.ClassSpecific.Paladin.Retribution.<>c.<CreateRetributionPaladinInstancePullAndCombat>b__4_12(Object ret)
   at Singular.Helpers.Spell.<>c__DisplayClass18_0.<Cast>b__0(Object ret)
   at TreeSharp.Decorator.Execute(Object context)+MoveNext()
   at TreeSharp.Composite.Tick(Object context)
[13:27:47.390] [D] System.NullReferenceException: Object reference not set to an instance of an object.
   at Singular.ClassSpecific.Paladin.Retribution.<>c.<CreateRetributionPaladinInstancePullAndCombat>b__4_14(Object ret)
   at Singular.Helpers.Spell.<>c__DisplayClass18_0.<Cast>b__0(Object ret)
   at TreeSharp.Decorator.Execute(Object context)+MoveNext()
   at TreeSharp.Composite.Tick(Object context)
[13:27:47.432] [D] System.NullReferenceException: Object reference not set to an instance of an object.
   at Singular.ClassSpecific.Paladin.Retribution.<>c.<CreateRetributionPaladinInstancePullAndCombat>b__4_16(Object ret)
   at Singular.Helpers.Spell.<>c__DisplayClass18_0.<Cast>b__0(Object ret)
   at TreeSharp.Decorator.Execute(Object context)+MoveNext()
   at TreeSharp.Composite.Tick(Object context)
[13:27:47.433] [D] [Pulse] Slow bot root: 205ms bot=Combat Bot poi=None combat=True
[13:27:47.435] [N] [AutoEquip]: Loot roll in progress
[13:27:47.540] [N] [AutoEquip]: Equipped item in slot:SecondaryHandSlot scored -1 while loot-roll item scored:1.44
[13:27:47.562] [N] [AutoEquip]: Rolling Greed
[13:27:47.697] [D] [Pulse] Slow shared pulse: total=264ms movement=0 objects=0 lua=164 info=0 loot=1 targeting=47 events=0 plugins=50 routine=0
[13:27:47.822] [D] System.NullReferenceException: Object reference not set to an instance of an object.
   at Singular.Helpers.Unit.IsBoss(WoWUnit unit)
   at Singular.ClassSpecific.Paladin.Retribution.<>c.<CreateRetributionPaladinInstancePullAndCombat>b__4_7(Object ret)
   at Singular.Helpers.Spell.<>c__DisplayClass18_0.<Cast>b__0(Object ret)
   at TreeSharp.Decorator.Execute(Object context)+MoveNext()
   at TreeSharp.Composite.Tick(Object context)
[13:27:47.823] [D] System.NullReferenceException: Object reference not set to an instance of an object.
   at Singular.ClassSpecific.Paladin.Retribution.<>c.<CreateRetributionPaladinInstancePullAndCombat>b__4_12(Object ret)
   at Singular.Helpers.Spell.<>c__DisplayClass18_0.<Cast>b__0(Object ret)
   at TreeSharp.Decorator.Execute(Object context)+MoveNext()
   at TreeSharp.Composite.Tick(Object context)
[13:27:47.869] [D] System.NullReferenceException: Object reference not set to an instance of an object.
   at Singular.ClassSpecific.Paladin.Retribution.<>c.<CreateRetributionPaladinInstancePullAndCombat>b__4_14(Object ret)
   at Singular.Helpers.Spell.<>c__DisplayClass18_0.<Cast>b__0(Object ret)
   at TreeSharp.Decorator.Execute(Object context)+MoveNext()
   at TreeSharp.Composite.Tick(Object context)
[13:27:47.912] [D] System.NullReferenceException: Object reference not set to an instance of an object.
   at Singular.ClassSpecific.Paladin.Retribution.<>c.<CreateRetributionPaladinInstancePullAndCombat>b__4_16(Object ret)
   at Singular.Helpers.Spell.<>c__DisplayClass18_0.<Cast>b__0(Object ret)
   at TreeSharp.Decorator.Execute(Object context)+MoveNext()
   at TreeSharp.Composite.Tick(Object context)
[13:27:47.912] [D] [Pulse] Slow bot root: 215ms bot=Combat Bot poi=None combat=True
[13:27:48.111] [D] System.NullReferenceException: Object reference not set to an instance of an object.
   at Singular.Helpers.Unit.IsBoss(WoWUnit unit)
   at Singular.ClassSpecific.Paladin.Retribution.<>c.<CreateRetributionPaladinInstancePullAndCombat>b__4_7(Object ret)
   at Singular.Helpers.Spell.<>c__DisplayClass18_0.<Cast>b__0(Object ret)
   at TreeSharp.Decorator.Execute(Object context)+MoveNext()
   at TreeSharp.Composite.Tick(Object context)
[13:27:48.111] [D] System.NullReferenceException: Object reference not set to an instance of an object.
   at Singular.ClassSpecific.Paladin.Retribution.<>c.<CreateRetributionPaladinInstancePullAndCombat>b__4_12(Object ret)
   at Singular.Helpers.Spell.<>c__DisplayClass18_0.<Cast>b__0(Object ret)
   at TreeSharp.Decorator.Execute(Object context)+MoveNext()
   at TreeSharp.Composite.Tick(Object context)
[13:27:48.152] [D] System.NullReferenceException: Object reference not set to an instance of an object.
   at Singular.ClassSpecific.Paladin.Retribution.<>c.<CreateRetributionPaladinInstancePullAndCombat>b__4_14(Object ret)
   at Singular.Helpers.Spell.<>c__DisplayClass18_0.<Cast>b__0(Object ret)
   at TreeSharp.Decorator.Execute(Object context)+MoveNext()
   at TreeSharp.Composite.Tick(Object context)
[13:27:48.193] [D] System.NullReferenceException: Object reference not set to an instance of an object.
   at Singular.ClassSpecific.Paladin.Retribution.<>c.<CreateRetributionPaladinInstancePullAndCombat>b__4_16(Object ret)
   at Singular.Helpers.Spell.<>c__DisplayClass18_0.<Cast>b__0(Object ret)
   at TreeSharp.Decorator.Execute(Object context)+MoveNext()
   at TreeSharp.Composite.Tick(Object context)
[13:27:48.193] [D] [Pulse] Slow bot root: 197ms bot=Combat Bot poi=None combat=True
[13:27:48.390] [D] System.NullReferenceException: Object reference not set to an instance of an object.
   at Singular.Helpers.Unit.IsBoss(WoWUnit unit)
   at Singular.ClassSpecific.Paladin.Retribution.<>c.<CreateRetributionPaladinInstancePullAndCombat>b__4_7(Object ret)
   at Singular.Helpers.Spell.<>c__DisplayClass18_0.<Cast>b__0(Object ret)
   at TreeSharp.Decorator.Execute(Object context)+MoveNext()
   at TreeSharp.Composite.Tick(Object context)
[13:27:48.390] [D] System.NullReferenceException: Object reference not set to an instance of an object.
   at Singular.ClassSpecific.Paladin.Retribution.<>c.<CreateRetributionPaladinInstancePullAndCombat>b__4_12(Object ret)
   at Singular.Helpers.Spell.<>c__DisplayClass18_0.<Cast>b__0(Object ret)
   at TreeSharp.Decorator.Execute(Object context)+MoveNext()
   at TreeSharp.Composite.Tick(Object context)
[13:27:48.432] [D] System.NullReferenceException: Object reference not set to an instance of an object.
   at Singular.ClassSpecific.Paladin.Retribution.<>c.<CreateRetributionPaladinInstancePullAndCombat>b__4_14(Object ret)
   at Singular.Helpers.Spell.<>c__DisplayClass18_0.<Cast>b__0(Object ret)
   at TreeSharp.Decorator.Execute(Object context)+MoveNext()
   at TreeSharp.Composite.Tick(Object context)
[13:27:48.475] [D] System.NullReferenceException: Object reference not set to an instance of an object.
   at Singular.ClassSpecific.Paladin.Retribution.<>c.<CreateRetributionPaladinInstancePullAndCombat>b__4_16(Object ret)
   at Singular.Helpers.Spell.<>c__DisplayClass18_0.<Cast>b__0(Object ret)
   at TreeSharp.Decorator.Execute(Object context)+MoveNext()
   at TreeSharp.Composite.Tick(Object context)
[13:27:48.475] [D] [Pulse] Slow bot root: 207ms bot=Combat Bot poi=None combat=False
[13:27:48.631] [N] [Singular] Casting Blessing of Kings on Myself
[13:27:48.631] [D] Spell_C::CastSpell(20217, 0, 0x6000000007EAB80, 0)
[13:27:48.669] [D] [Pulse] Slow bot root: 101ms bot=Combat Bot poi=None combat=False
[13:27:48.899] [D] [Pulse] Slow bot root: 133ms bot=Combat Bot poi=None combat=False
[13:27:50.767] [N] [Singular] Casting Blessing of Kings on Rogue
[13:27:50.767] [D] Spell_C::CastSpell(20217, 0, 0x6000000007F1C95, 0)
[13:27:52.886] [N] [Singular] Casting Blessing of Kings on Mage
[13:27:52.886] [D] Spell_C::CastSpell(20217, 0, 0x6000000007F5410, 0)
[13:27:57.006] [D] [Pulse] Slow plugin: name=AutoEquip2 elapsed=108ms
[13:28:01.304] [D] [Pulse] Slow bot root: 109ms bot=Combat Bot poi=None combat=False
[13:28:01.405] [D] [Pulse] Slow plugin: name=Tidy Bags 3 Reloaded elapsed=51ms
[13:28:01.674] [D] [Pulse] Slow bot root: 268ms bot=Combat Bot poi=None combat=False
[13:28:02.047] [D] [Pulse] Slow bot root: 271ms bot=Combat Bot poi=None combat=False
[13:28:02.413] [D] [Pulse] Slow bot root: 267ms bot=Combat Bot poi=None combat=False
[13:28:02.818] [D] [Pulse] Slow bot root: 270ms bot=Combat Bot poi=None combat=False
[13:28:03.183] [D] [Pulse] Slow bot root: 266ms bot=Combat Bot poi=None combat=False
[13:28:03.549] [D] [Pulse] Slow bot root: 268ms bot=Combat Bot poi=None combat=False
[13:28:03.918] [D] [Pulse] Slow bot root: 269ms bot=Combat Bot poi=None combat=False
[13:28:04.290] [D] [Pulse] Slow bot root: 269ms bot=Combat Bot poi=None combat=False
[13:28:04.656] [D] [Pulse] Slow bot root: 264ms bot=Combat Bot poi=None combat=False
[13:28:05.058] [D] [Pulse] Slow bot root: 269ms bot=Combat Bot poi=None combat=False
[13:28:05.424] [D] [Pulse] Slow bot root: 267ms bot=Combat Bot poi=None combat=False
[13:28:05.793] [D] [Pulse] Slow bot root: 268ms bot=Combat Bot poi=None combat=False
[13:28:06.161] [D] [Pulse] Slow bot root: 266ms bot=Combat Bot poi=None combat=False
[13:28:06.401] [D] [Pulse] Slow bot root: 140ms bot=Combat Bot poi=None combat=False
[13:28:11.757] [N] [Singular] Casting Exorcism on Unfettered Spirit
[13:28:11.757] [D] Spell_C::CastSpell(879, 0, 0xF1300010D4000059, 0)
[13:28:11.767] [D] [Pulse] Slow bot root: 171ms bot=Combat Bot poi=None combat=True
[13:28:11.816] [D] [Pulse] Slow plugin: name=Tidy Bags 3 Reloaded elapsed=20ms
[13:28:11.816] [D] [Singular-DEBUG] Switched targets!
[13:28:11.816] [D] [Singular-DEBUG] Melee Distance: 5
[13:28:11.816] [D] [Singular-DEBUG] Health: 19.980119284294236
[13:28:11.817] [D] [Singular-DEBUG] Level: 31
[13:28:12.098] [D] [Pulse] Slow bot root: 281ms bot=Combat Bot poi=None combat=True
[13:28:12.411] [D] [Pulse] Slow bot root: 269ms bot=Combat Bot poi=None combat=True
[13:28:12.713] [D] [Pulse] Slow bot root: 267ms bot=Combat Bot poi=None combat=True
[13:28:13.029] [D] [Pulse] Slow bot root: 274ms bot=Combat Bot poi=None combat=True
[13:28:13.336] [D] [Pulse] Slow bot root: 270ms bot=Combat Bot poi=None combat=True
[13:28:13.580] [N] [Singular] Casting Judgement of Light on Unfettered Spirit
[13:28:13.580] [D] Spell_C::CastSpell(20271, 0, 0xF1300010D4000059, 0)
[13:28:13.587] [D] [Pulse] Slow bot root: 211ms bot=Combat Bot poi=None combat=True
[13:28:13.883] [N] [Singular] Casting Consecration on Unfettered Spirit
[13:28:13.883] [D] Spell_C::CastSpell(26573, 0, 0xF1300010D4000059, 0)
[13:28:13.890] [D] [Pulse] Slow bot root: 267ms bot=Combat Bot poi=None combat=True
[13:28:13.935] [N] [Singular] Currect target is invalid. Switching to Unfettered Spirit!
[13:28:14.239] [D] [Singular-DEBUG] Switched targets!
[13:28:14.239] [D] [Singular-DEBUG] Melee Distance: 5
[13:28:14.239] [D] [Singular-DEBUG] Health: 26.910994764397905
[13:28:14.239] [D] [Singular-DEBUG] Level: 30
[13:28:14.673] [D] [Pulse] Slow bot root: 332ms bot=Combat Bot poi=None combat=True
[13:28:15.060] [D] [Pulse] Slow bot root: 285ms bot=Combat Bot poi=None combat=True
[13:28:15.422] [D] [Pulse] Slow bot root: 279ms bot=Combat Bot poi=None combat=True
[13:28:15.778] [N] [Singular] Casting Judgement of Light on Unfettered Spirit
[13:28:15.779] [D] Spell_C::CastSpell(20271, 0, 0xF1300010D4000062, 0)
[13:28:15.814] [D] [Pulse] Slow bot root: 301ms bot=Combat Bot poi=None combat=True
[13:28:16.216] [D] [Pulse] Slow bot root: 302ms bot=Combat Bot poi=None combat=True
[13:28:16.566] [D] [Pulse] Slow bot root: 277ms bot=Combat Bot poi=None combat=True
[13:28:16.939] [D] [Pulse] Slow bot root: 286ms bot=Combat Bot poi=None combat=True
[13:28:17.285] [D] [Pulse] Slow bot root: 267ms bot=Combat Bot poi=None combat=True
[13:28:17.392] [N] [Singular] Currect target is invalid. Switching to Unfettered Spirit!
[13:28:17.720] [D] [Singular-DEBUG] Switched targets!
[13:28:17.720] [D] [Singular-DEBUG] Melee Distance: 5
[13:28:17.720] [D] [Singular-DEBUG] Health: 54.345549738219894
[13:28:17.720] [D] [Singular-DEBUG] Level: 30
[13:28:18.154] [D] [Pulse] Slow bot root: 300ms bot=Combat Bot poi=None combat=True
[13:28:18.520] [D] [Pulse] Slow bot root: 266ms bot=Combat Bot poi=None combat=True
[13:28:18.893] [D] [Pulse] Slow bot root: 272ms bot=Combat Bot poi=None combat=True
[13:28:19.257] [D] [Pulse] Slow bot root: 267ms bot=Combat Bot poi=None combat=True
[13:28:19.626] [D] [Pulse] Slow bot root: 242ms bot=Combat Bot poi=None combat=True
[13:28:19.987] [D] [Pulse] Slow bot root: 261ms bot=Combat Bot poi=None combat=True
[13:28:20.325] [D] [Pulse] Slow bot root: 262ms bot=Combat Bot poi=None combat=True
[13:28:20.666] [D] [Pulse] Slow bot root: 263ms bot=Combat Bot poi=None combat=True
[13:28:21.031] [D] [Pulse] Slow bot root: 264ms bot=Combat Bot poi=None combat=True
[13:28:21.366] [D] [Pulse] Slow bot root: 263ms bot=Combat Bot poi=None combat=True
[13:28:21.701] [D] [Pulse] Slow bot root: 261ms bot=Combat Bot poi=None combat=True
[13:28:21.786] [N] [Singular] Currect target is invalid. Switching to Unfettered Spirit!
[13:28:21.906] [D] [Pulse] Slow plugin: name=Tidy Bags 3 Reloaded elapsed=50ms
[13:28:22.107] [D] [Singular-DEBUG] Switched targets!
[13:28:22.107] [D] [Singular-DEBUG] Melee Distance: 5
[13:28:22.107] [D] [Singular-DEBUG] Health: 49.20477137176938
[13:28:22.107] [D] [Singular-DEBUG] Level: 31
[13:28:22.498] [D] [Pulse] Slow bot root: 286ms bot=Combat Bot poi=None combat=True
[13:28:22.830] [D] [Pulse] Slow bot root: 248ms bot=Combat Bot poi=None combat=True
[13:28:23.189] [D] [Pulse] Slow bot root: 242ms bot=Combat Bot poi=None combat=True
[13:28:23.526] [D] [Pulse] Slow bot root: 242ms bot=Combat Bot poi=None combat=True
[13:28:23.866] [D] [Pulse] Slow bot root: 245ms bot=Combat Bot poi=None combat=True
[13:28:24.185] [N] [Singular] Casting Judgement of Light on Unfettered Spirit
[13:28:24.185] [D] Spell_C::CastSpell(20271, 0, 0xF1300010D400005A, 0)
[13:28:24.220] [D] [Pulse] Slow bot root: 268ms bot=Combat Bot poi=None combat=True
[13:28:24.571] [D] [Pulse] Slow bot root: 250ms bot=Combat Bot poi=None combat=True
[13:28:24.898] [D] [Pulse] Slow bot root: 242ms bot=Combat Bot poi=None combat=True
[13:28:25.234] [D] [Pulse] Slow bot root: 247ms bot=Combat Bot poi=None combat=True
[13:28:25.504] [D] System.NullReferenceException: Object reference not set to an instance of an object.
   at Singular.ClassSpecific.Paladin.Retribution.<>c.<CreateRetributionPaladinInstancePullAndCombat>b__4_14(Object ret)
   at Singular.Helpers.Spell.<>c__DisplayClass18_0.<Cast>b__0(Object ret)
   at TreeSharp.Decorator.Execute(Object context)+MoveNext()
   at TreeSharp.Composite.Tick(Object context)
[13:28:25.546] [D] System.NullReferenceException: Object reference not set to an instance of an object.
   at Singular.ClassSpecific.Paladin.Retribution.<>c.<CreateRetributionPaladinInstancePullAndCombat>b__4_16(Object ret)
   at Singular.Helpers.Spell.<>c__DisplayClass18_0.<Cast>b__0(Object ret)
   at TreeSharp.Decorator.Execute(Object context)+MoveNext()
   at TreeSharp.Composite.Tick(Object context)
[13:28:25.546] [D] [Pulse] Slow bot root: 228ms bot=Combat Bot poi=None combat=True
[13:28:25.731] [D] System.NullReferenceException: Object reference not set to an instance of an object.
   at Singular.Helpers.Unit.IsBoss(WoWUnit unit)
   at Singular.ClassSpecific.Paladin.Retribution.<>c.<CreateRetributionPaladinInstancePullAndCombat>b__4_7(Object ret)
   at Singular.Helpers.Spell.<>c__DisplayClass18_0.<Cast>b__0(Object ret)
   at TreeSharp.Decorator.Execute(Object context)+MoveNext()
   at TreeSharp.Composite.Tick(Object context)
[13:28:25.731] [D] System.NullReferenceException: Object reference not set to an instance of an object.
   at Singular.ClassSpecific.Paladin.Retribution.<>c.<CreateRetributionPaladinInstancePullAndCombat>b__4_12(Object ret)
   at Singular.Helpers.Spell.<>c__DisplayClass18_0.<Cast>b__0(Object ret)
   at TreeSharp.Decorator.Execute(Object context)+MoveNext()
   at TreeSharp.Composite.Tick(Object context)
[13:28:25.771] [D] System.NullReferenceException: Object reference not set to an instance of an object.
   at Singular.ClassSpecific.Paladin.Retribution.<>c.<CreateRetributionPaladinInstancePullAndCombat>b__4_14(Object ret)
   at Singular.Helpers.Spell.<>c__DisplayClass18_0.<Cast>b__0(Object ret)
   at TreeSharp.Decorator.Execute(Object context)+MoveNext()
   at TreeSharp.Composite.Tick(Object context)
[13:28:25.810] [D] System.NullReferenceException: Object reference not set to an instance of an object.
   at Singular.ClassSpecific.Paladin.Retribution.<>c.<CreateRetributionPaladinInstancePullAndCombat>b__4_16(Object ret)
   at Singular.Helpers.Spell.<>c__DisplayClass18_0.<Cast>b__0(Object ret)
   at TreeSharp.Decorator.Execute(Object context)+MoveNext()
   at TreeSharp.Composite.Tick(Object context)
[13:28:25.811] [D] [Pulse] Slow bot root: 192ms bot=Combat Bot poi=None combat=True
[13:28:25.995] [D] System.NullReferenceException: Object reference not set to an instance of an object.
   at Singular.Helpers.Unit.IsBoss(WoWUnit unit)
   at Singular.ClassSpecific.Paladin.Retribution.<>c.<CreateRetributionPaladinInstancePullAndCombat>b__4_7(Object ret)
   at Singular.Helpers.Spell.<>c__DisplayClass18_0.<Cast>b__0(Object ret)
   at TreeSharp.Decorator.Execute(Object context)+MoveNext()
   at TreeSharp.Composite.Tick(Object context)
[13:28:25.995] [D] System.NullReferenceException: Object reference not set to an instance of an object.
   at Singular.ClassSpecific.Paladin.Retribution.<>c.<CreateRetributionPaladinInstancePullAndCombat>b__4_12(Object ret)
   at Singular.Helpers.Spell.<>c__DisplayClass18_0.<Cast>b__0(Object ret)
   at TreeSharp.Decorator.Execute(Object context)+MoveNext()
   at TreeSharp.Composite.Tick(Object context)
[13:28:26.035] [D] System.NullReferenceException: Object reference not set to an instance of an object.
   at Singular.ClassSpecific.Paladin.Retribution.<>c.<CreateRetributionPaladinInstancePullAndCombat>b__4_14(Object ret)
   at Singular.Helpers.Spell.<>c__DisplayClass18_0.<Cast>b__0(Object ret)
   at TreeSharp.Decorator.Execute(Object context)+MoveNext()
   at TreeSharp.Composite.Tick(Object context)
[13:28:26.076] [D] System.NullReferenceException: Object reference not set to an instance of an object.
   at Singular.ClassSpecific.Paladin.Retribution.<>c.<CreateRetributionPaladinInstancePullAndCombat>b__4_16(Object ret)
   at Singular.Helpers.Spell.<>c__DisplayClass18_0.<Cast>b__0(Object ret)
   at TreeSharp.Decorator.Execute(Object context)+MoveNext()
   at TreeSharp.Composite.Tick(Object context)
[13:28:26.076] [D] [Pulse] Slow bot root: 192ms bot=Combat Bot poi=None combat=True
[13:28:26.261] [D] System.NullReferenceException: Object reference not set to an instance of an object.
   at Singular.Helpers.Unit.IsBoss(WoWUnit unit)
   at Singular.ClassSpecific.Paladin.Retribution.<>c.<CreateRetributionPaladinInstancePullAndCombat>b__4_7(Object ret)
   at Singular.Helpers.Spell.<>c__DisplayClass18_0.<Cast>b__0(Object ret)
   at TreeSharp.Decorator.Execute(Object context)+MoveNext()
   at TreeSharp.Composite.Tick(Object context)
[13:28:26.261] [D] System.NullReferenceException: Object reference not set to an instance of an object.
   at Singular.ClassSpecific.Paladin.Retribution.<>c.<CreateRetributionPaladinInstancePullAndCombat>b__4_12(Object ret)
   at Singular.Helpers.Spell.<>c__DisplayClass18_0.<Cast>b__0(Object ret)
   at TreeSharp.Decorator.Execute(Object context)+MoveNext()
   at TreeSharp.Composite.Tick(Object context)
[13:28:26.301] [D] System.NullReferenceException: Object reference not set to an instance of an object.
   at Singular.ClassSpecific.Paladin.Retribution.<>c.<CreateRetributionPaladinInstancePullAndCombat>b__4_14(Object ret)
   at Singular.Helpers.Spell.<>c__DisplayClass18_0.<Cast>b__0(Object ret)
   at TreeSharp.Decorator.Execute(Object context)+MoveNext()
   at TreeSharp.Composite.Tick(Object context)
[13:28:26.349] [D] System.NullReferenceException: Object reference not set to an instance of an object.
   at Singular.ClassSpecific.Paladin.Retribution.<>c.<CreateRetributionPaladinInstancePullAndCombat>b__4_16(Object ret)
   at Singular.Helpers.Spell.<>c__DisplayClass18_0.<Cast>b__0(Object ret)
   at TreeSharp.Decorator.Execute(Object context)+MoveNext()
   at TreeSharp.Composite.Tick(Object context)
[13:28:26.349] [D] [Pulse] Slow bot root: 200ms bot=Combat Bot poi=None combat=True
[13:28:26.570] [D] System.NullReferenceException: Object reference not set to an instance of an object.
   at Singular.Helpers.Unit.IsBoss(WoWUnit unit)
   at Singular.ClassSpecific.Paladin.Retribution.<>c.<CreateRetributionPaladinInstancePullAndCombat>b__4_7(Object ret)
   at Singular.Helpers.Spell.<>c__DisplayClass18_0.<Cast>b__0(Object ret)
   at TreeSharp.Decorator.Execute(Object context)+MoveNext()
   at TreeSharp.Composite.Tick(Object context)
[13:28:26.571] [D] System.NullReferenceException: Object reference not set to an instance of an object.
   at Singular.ClassSpecific.Paladin.Retribution.<>c.<CreateRetributionPaladinInstancePullAndCombat>b__4_12(Object ret)
   at Singular.Helpers.Spell.<>c__DisplayClass18_0.<Cast>b__0(Object ret)
   at TreeSharp.Decorator.Execute(Object context)+MoveNext()
   at TreeSharp.Composite.Tick(Object context)
[13:28:26.615] [D] System.NullReferenceException: Object reference not set to an instance of an object.
   at Singular.ClassSpecific.Paladin.Retribution.<>c.<CreateRetributionPaladinInstancePullAndCombat>b__4_14(Object ret)
   at Singular.Helpers.Spell.<>c__DisplayClass18_0.<Cast>b__0(Object ret)
   at TreeSharp.Decorator.Execute(Object context)+MoveNext()
   at TreeSharp.Composite.Tick(Object context)
[13:28:26.655] [D] System.NullReferenceException: Object reference not set to an instance of an object.
   at Singular.ClassSpecific.Paladin.Retribution.<>c.<CreateRetributionPaladinInstancePullAndCombat>b__4_16(Object ret)
   at Singular.Helpers.Spell.<>c__DisplayClass18_0.<Cast>b__0(Object ret)
   at TreeSharp.Decorator.Execute(Object context)+MoveNext()
   at TreeSharp.Composite.Tick(Object context)
[13:28:26.655] [D] [Pulse] Slow bot root: 204ms bot=Combat Bot poi=None combat=False
[13:28:26.656] [N] [AutoEquip]: Loot roll in progress
[13:28:26.750] [N] [AutoEquip]: Equipped item in slot:NeckSlot scored 6.804 while loot-roll item scored:0.004
[13:28:26.750] [N] [AutoEquip]: Rolling Greed
[13:28:26.882] [D] [Pulse] Slow shared pulse: total=226ms movement=0 objects=0 lua=126 info=0 loot=1 targeting=46 events=0 plugins=50 routine=0
[13:28:27.147] [D] [Pulse] Slow bot root: 265ms bot=Combat Bot poi=None combat=False
[13:28:27.482] [D] [Pulse] Slow plugin: name=AutoEquip2 elapsed=254ms
[13:28:27.813] [D] [Pulse] Slow bot root: 266ms bot=Combat Bot poi=None combat=False
[13:28:28.181] [D] [Pulse] Slow bot root: 268ms bot=Combat Bot poi=None combat=False
[13:28:28.582] [D] [Pulse] Slow bot root: 268ms bot=Combat Bot poi=None combat=False
[13:28:28.948] [D] [Pulse] Slow bot root: 267ms bot=Combat Bot poi=None combat=False
[13:28:29.313] [D] [Pulse] Slow bot root: 264ms bot=Combat Bot poi=None combat=False
[13:28:29.692] [D] [Pulse] Slow bot root: 279ms bot=Combat Bot poi=None combat=False
[13:28:30.061] [D] [Pulse] Slow bot root: 267ms bot=Combat Bot poi=None combat=False
[13:28:30.426] [D] [Pulse] Slow bot root: 266ms bot=Combat Bot poi=None combat=False
[13:28:30.795] [D] [Pulse] Slow bot root: 267ms bot=Combat Bot poi=None combat=False
[13:28:31.163] [D] [Pulse] Slow bot root: 267ms bot=Combat Bot poi=None combat=False
[13:28:31.532] [D] [Pulse] Slow bot root: 268ms bot=Combat Bot poi=None combat=False
[13:28:31.897] [D] [Pulse] Slow bot root: 263ms bot=Combat Bot poi=None combat=False
[13:28:31.998] [D] [Pulse] Slow plugin: name=Tidy Bags 3 Reloaded elapsed=53ms
[13:28:32.267] [D] [Pulse] Slow bot root: 268ms bot=Combat Bot poi=None combat=False
[13:28:32.636] [D] [Pulse] Slow bot root: 268ms bot=Combat Bot poi=None combat=False
[13:28:33.001] [D] [Pulse] Slow bot root: 266ms bot=Combat Bot poi=None combat=False
[13:28:33.368] [D] [Pulse] Slow bot root: 264ms bot=Combat Bot poi=None combat=False
[13:28:33.768] [D] [Pulse] Slow bot root: 267ms bot=Combat Bot poi=None combat=False
[13:28:34.135] [D] [Pulse] Slow bot root: 267ms bot=Combat Bot poi=None combat=False
[13:28:34.504] [D] [Pulse] Slow bot root: 268ms bot=Combat Bot poi=None combat=False
[13:28:34.870] [D] [Pulse] Slow bot root: 265ms bot=Combat Bot poi=None combat=False
[13:28:35.269] [D] [Pulse] Slow bot root: 265ms bot=Combat Bot poi=None combat=False
[13:28:35.637] [D] [Pulse] Slow bot root: 269ms bot=Combat Bot poi=None combat=False
[13:28:36.005] [D] [Pulse] Slow bot root: 267ms bot=Combat Bot poi=None combat=False
[13:28:36.371] [D] [Pulse] Slow bot root: 266ms bot=Combat Bot poi=None combat=False
[13:28:36.739] [D] [Pulse] Slow bot root: 266ms bot=Combat Bot poi=None combat=False
[13:28:37.109] [D] [Pulse] Slow bot root: 269ms bot=Combat Bot poi=None combat=False
[13:28:37.479] [D] [Pulse] Slow bot root: 267ms bot=Combat Bot poi=None combat=False
[13:28:37.780] [D] [Pulse] Slow plugin: name=AutoEquip2 elapsed=254ms
[13:28:37.847] [D] [Pulse] Slow shared pulse: total=368ms movement=0 objects=0 lua=0 info=0 loot=1 targeting=45 events=0 plugins=321 routine=0
[13:28:38.112] [D] [Pulse] Slow bot root: 265ms bot=Combat Bot poi=None combat=False
[13:28:38.477] [D] [Pulse] Slow bot root: 264ms bot=Combat Bot poi=None combat=False
[13:28:38.879] [D] [Pulse] Slow bot root: 267ms bot=Combat Bot poi=None combat=False
[13:28:39.247] [D] [Pulse] Slow bot root: 268ms bot=Combat Bot poi=None combat=False
[13:28:39.616] [D] [Pulse] Slow bot root: 268ms bot=Combat Bot poi=None combat=False
[13:28:39.828] [D] [Pulse] Slow bot root: 112ms bot=Combat Bot poi=None combat=False
[13:28:54.264] [D] [Pulse] Slow bot root: 138ms bot=Combat Bot poi=None combat=False
[13:28:54.364] [D] [Pulse] Slow plugin: name=Tidy Bags 3 Reloaded elapsed=52ms
[13:28:54.632] [D] [Pulse] Slow bot root: 267ms bot=Combat Bot poi=None combat=False
[13:28:55.003] [D] [Pulse] Slow bot root: 269ms bot=Combat Bot poi=None combat=False
[13:28:55.370] [D] [Pulse] Slow bot root: 267ms bot=Combat Bot poi=None combat=False
[13:28:55.740] [D] [Pulse] Slow bot root: 269ms bot=Combat Bot poi=None combat=False
[13:28:56.111] [D] [Pulse] Slow bot root: 269ms bot=Combat Bot poi=None combat=False
[13:28:56.478] [D] [Pulse] Slow bot root: 267ms bot=Combat Bot poi=None combat=False
[13:28:56.844] [D] [Pulse] Slow bot root: 264ms bot=Combat Bot poi=None combat=False
[13:28:57.206] [D] [Pulse] Slow bot root: 263ms bot=Combat Bot poi=None combat=False
[13:28:57.575] [D] [Pulse] Slow bot root: 268ms bot=Combat Bot poi=None combat=False
[13:28:57.880] [D] [Pulse] Slow plugin: name=AutoEquip2 elapsed=258ms
[13:28:57.946] [D] [Pulse] Slow shared pulse: total=370ms movement=0 objects=0 lua=0 info=0 loot=0 targeting=44 events=0 plugins=324 routine=0
[13:28:58.217] [D] [Pulse] Slow bot root: 270ms bot=Combat Bot poi=None combat=False
[13:28:58.582] [D] [Pulse] Slow bot root: 264ms bot=Combat Bot poi=None combat=False
[13:28:58.950] [D] [Pulse] Slow bot root: 267ms bot=Combat Bot poi=None combat=False
[13:28:59.352] [D] [Pulse] Slow bot root: 267ms bot=Combat Bot poi=None combat=False
[13:28:59.722] [D] [Pulse] Slow bot root: 267ms bot=Combat Bot poi=None combat=False
[13:29:00.094] [D] [Pulse] Slow bot root: 271ms bot=Combat Bot poi=None combat=False
[13:29:00.458] [D] [Pulse] Slow bot root: 263ms bot=Combat Bot poi=None combat=False
[13:29:00.828] [D] [Pulse] Slow bot root: 269ms bot=Combat Bot poi=None combat=False
[13:29:01.194] [D] [Pulse] Slow bot root: 266ms bot=Combat Bot poi=None combat=False
[13:29:01.564] [D] [Pulse] Slow bot root: 268ms bot=Combat Bot poi=None combat=False
[13:29:01.931] [D] [Pulse] Slow bot root: 267ms bot=Combat Bot poi=None combat=False
[13:29:02.299] [D] [Pulse] Slow bot root: 267ms bot=Combat Bot poi=None combat=False
[13:29:02.666] [D] [Pulse] Slow bot root: 266ms bot=Combat Bot poi=None combat=False
[13:29:03.034] [D] [Pulse] Slow bot root: 267ms bot=Combat Bot poi=None combat=False
[13:29:03.400] [D] [Pulse] Slow bot root: 266ms bot=Combat Bot poi=None combat=False
[13:29:03.771] [D] [Pulse] Slow bot root: 268ms bot=Combat Bot poi=None combat=False
[13:29:04.141] [D] [Pulse] Slow bot root: 268ms bot=Combat Bot poi=None combat=False
[13:29:04.542] [D] [Pulse] Slow bot root: 268ms bot=Combat Bot poi=None combat=False
[13:29:04.638] [D] [Pulse] Slow plugin: name=Tidy Bags 3 Reloaded elapsed=51ms
[13:29:04.754] [D] [Pulse] Slow bot root: 115ms bot=Combat Bot poi=None combat=False
[13:29:07.273] [D] [Pulse] Slow bot root: 265ms bot=Combat Bot poi=None combat=False
[13:29:07.642] [D] [Pulse] Slow bot root: 269ms bot=Combat Bot poi=None combat=False
[13:29:07.941] [D] [Pulse] Slow plugin: name=AutoEquip2 elapsed=253ms
[13:29:08.007] [D] [Pulse] Slow shared pulse: total=365ms movement=0 objects=0 lua=0 info=0 loot=0 targeting=45 events=0 plugins=318 routine=0
[13:29:08.272] [D] [Pulse] Slow bot root: 265ms bot=Combat Bot poi=None combat=False
[13:29:08.643] [D] [Pulse] Slow bot root: 269ms bot=Combat Bot poi=None combat=False
[13:29:09.008] [D] [Pulse] Slow bot root: 266ms bot=Combat Bot poi=None combat=False
[13:29:09.377] [D] [Pulse] Slow bot root: 269ms bot=Combat Bot poi=None combat=False
[13:29:09.782] [D] [Pulse] Slow bot root: 268ms bot=Combat Bot poi=None combat=False
[13:29:10.153] [D] [Pulse] Slow bot root: 268ms bot=Combat Bot poi=None combat=False
[13:29:10.520] [D] [Pulse] Slow bot root: 267ms bot=Combat Bot poi=None combat=False
[13:29:10.888] [D] [Pulse] Slow bot root: 266ms bot=Combat Bot poi=None combat=False
[13:29:11.253] [D] [Pulse] Slow bot root: 265ms bot=Combat Bot poi=None combat=False
[13:29:11.617] [D] [Pulse] Slow bot root: 263ms bot=Combat Bot poi=None combat=False
[13:29:11.986] [D] [Pulse] Slow bot root: 267ms bot=Combat Bot poi=None combat=False
[13:29:12.354] [D] [Pulse] Slow bot root: 266ms bot=Combat Bot poi=None combat=False
[13:29:12.724] [D] [Pulse] Slow bot root: 270ms bot=Combat Bot poi=None combat=False
[13:29:13.092] [D] [Pulse] Slow bot root: 266ms bot=Combat Bot poi=None combat=False
[13:29:13.462] [D] [Pulse] Slow bot root: 269ms bot=Combat Bot poi=None combat=False
[13:29:13.830] [D] [Pulse] Slow bot root: 268ms bot=Combat Bot poi=None combat=False
[13:29:14.197] [D] [Pulse] Slow bot root: 265ms bot=Combat Bot poi=None combat=False
[13:29:14.567] [D] [Pulse] Slow bot root: 268ms bot=Combat Bot poi=None combat=False
[13:29:14.700] [D] [Pulse] Slow plugin: name=Tidy Bags 3 Reloaded elapsed=52ms
[13:29:14.965] [D] [Pulse] Slow bot root: 265ms bot=Combat Bot poi=None combat=False
[13:29:15.334] [D] [Pulse] Slow bot root: 269ms bot=Combat Bot poi=None combat=False
[13:29:15.703] [D] [Pulse] Slow bot root: 267ms bot=Combat Bot poi=None combat=False
[13:29:16.073] [D] [Pulse] Slow bot root: 269ms bot=Combat Bot poi=None combat=False
[13:29:16.437] [D] [Pulse] Slow bot root: 263ms bot=Combat Bot poi=None combat=False
[13:29:16.802] [D] [Pulse] Slow bot root: 265ms bot=Combat Bot poi=None combat=False
[13:29:17.186] [D] [Pulse] Slow bot root: 284ms bot=Combat Bot poi=None combat=False
[13:29:17.627] [D] [Pulse] Slow bot root: 382ms bot=Combat Bot poi=None combat=False
[13:29:17.628] [D] [Singular-DEBUG] Bloodmage Thalnos is immune to Physical spell school
[13:29:17.985] [D] [Pulse] Slow bot root: 263ms bot=Combat Bot poi=None combat=False
[13:29:18.287] [D] [Pulse] Slow plugin: name=AutoEquip2 elapsed=256ms
[13:29:18.357] [D] [Pulse] Slow shared pulse: total=371ms movement=0 objects=0 lua=0 info=0 loot=1 targeting=43 events=0 plugins=326 routine=0
[13:29:18.493] [D] [Pulse] Slow bot root: 136ms bot=Combat Bot poi=None combat=False
[13:29:22.742] [N] [Singular] Currect target is invalid. Switching to Bloodmage Thalnos!
[13:29:23.036] [D] [Singular-DEBUG] Switched targets!
[13:29:23.036] [D] [Singular-DEBUG] Melee Distance: 5
[13:29:23.036] [D] [Singular-DEBUG] Health: 95.60810810810811
[13:29:23.036] [D] [Singular-DEBUG] Level: 32
[13:29:23.652] [D] Generating new path because we are not on the old path anymore!
[13:29:26.071] [D] [Pulse] Slow bot root: 212ms bot=Combat Bot poi=None combat=True
[13:29:26.192] [N] [Singular] Casting Exorcism on Bloodmage Thalnos
[13:29:26.192] [D] Spell_C::CastSpell(879, 0, 0xF1300011BF00006F, 0)
[13:29:26.449] [D] [Pulse] Slow bot root: 207ms bot=Combat Bot poi=None combat=True
[13:29:26.650] [D] [Pulse] Slow bot root: 164ms bot=Combat Bot poi=None combat=True
[13:29:26.834] [D] [Pulse] Slow bot root: 155ms bot=Combat Bot poi=None combat=True
[13:29:27.022] [D] [Pulse] Slow bot root: 160ms bot=Combat Bot poi=None combat=True
[13:29:27.247] [D] [Pulse] Slow bot root: 193ms bot=Combat Bot poi=None combat=True
[13:29:27.473] [D] [Pulse] Slow bot root: 193ms bot=Combat Bot poi=None combat=True
[13:29:27.704] [D] [Pulse] Slow bot root: 201ms bot=Combat Bot poi=None combat=True
[13:29:27.933] [D] [Pulse] Slow bot root: 199ms bot=Combat Bot poi=None combat=True
[13:29:28.170] [D] [Pulse] Slow bot root: 205ms bot=Combat Bot poi=None combat=True
[13:29:28.410] [D] [Pulse] Slow bot root: 208ms bot=Combat Bot poi=None combat=True
[13:29:28.650] [D] [Pulse] Slow bot root: 205ms bot=Combat Bot poi=None combat=True
[13:29:28.887] [D] [Pulse] Slow bot root: 206ms bot=Combat Bot poi=None combat=True
[13:29:29.104] [N] [Singular] Casting Judgement of Light on Bloodmage Thalnos
[13:29:29.105] [D] Spell_C::CastSpell(20271, 0, 0xF1300011BF00006F, 0)
[13:29:29.111] [D] [Pulse] Slow bot root: 189ms bot=Combat Bot poi=None combat=True
[13:29:29.329] [D] [Pulse] Slow bot root: 186ms bot=Combat Bot poi=None combat=True
[13:29:29.708] [D] [Pulse] Slow bot root: 348ms bot=Combat Bot poi=None combat=True
[13:29:29.842] [D] [Pulse] Slow plugin: name=Tidy Bags 3 Reloaded elapsed=51ms
[13:29:30.140] [D] [Pulse] Slow bot root: 297ms bot=Combat Bot poi=None combat=True
[13:29:30.555] [D] [Pulse] Slow bot root: 315ms bot=Combat Bot poi=None combat=True
[13:29:30.840] [N] [Singular] Casting Exorcism on Bloodmage Thalnos
[13:29:30.840] [D] Spell_C::CastSpell(879, 0, 0xF1300011BF00006F, 0)
[13:29:30.875] [D] [Pulse] Slow bot root: 231ms bot=Combat Bot poi=None combat=True
[13:29:31.259] [D] [Pulse] Slow bot root: 282ms bot=Combat Bot poi=None combat=True
[13:29:31.610] [D] [Pulse] Slow bot root: 260ms bot=Combat Bot poi=None combat=True
[13:29:31.938] [D] [Pulse] Slow bot root: 255ms bot=Combat Bot poi=None combat=True
[13:29:32.274] [D] [Pulse] Slow bot root: 253ms bot=Combat Bot poi=None combat=True
[13:29:32.610] [D] [Pulse] Slow bot root: 251ms bot=Combat Bot poi=None combat=True
[13:29:32.861] [N] [Singular] Casting Hammer of Justice on Bloodmage Thalnos
[13:29:32.861] [D] Spell_C::CastSpell(5588, 0, 0xF1300011BF00006F, 0)
[13:29:32.894] [D] [Pulse] Slow bot root: 201ms bot=Combat Bot poi=None combat=True
[13:29:33.237] [D] [Pulse] Slow bot root: 243ms bot=Combat Bot poi=None combat=True
[13:29:33.238] [D] [Singular-DEBUG] Bloodmage Thalnos is immune to Holy spell school
[13:29:33.552] [D] [Pulse] Slow bot root: 224ms bot=Combat Bot poi=None combat=True
[13:29:33.843] [D] [Pulse] Slow bot root: 215ms bot=Combat Bot poi=None combat=True
[13:29:34.148] [D] [Pulse] Slow bot root: 219ms bot=Combat Bot poi=None combat=True
[13:29:34.444] [D] [Pulse] Slow bot root: 214ms bot=Combat Bot poi=None combat=True
[13:29:34.746] [D] [Pulse] Slow bot root: 213ms bot=Combat Bot poi=None combat=True
[13:29:35.080] [D] [Pulse] Slow bot root: 214ms bot=Combat Bot poi=None combat=True
[13:29:35.410] [D] [Pulse] Slow bot root: 213ms bot=Combat Bot poi=None combat=True
[13:29:35.735] [D] [Pulse] Slow bot root: 239ms bot=Combat Bot poi=None combat=True
[13:29:36.076] [D] [Pulse] Slow bot root: 242ms bot=Combat Bot poi=None combat=True
[13:29:36.413] [D] [Pulse] Slow bot root: 245ms bot=Combat Bot poi=None combat=True
[13:29:36.749] [D] [Pulse] Slow bot root: 243ms bot=Combat Bot poi=None combat=True
[13:29:37.080] [D] [Pulse] Slow bot root: 241ms bot=Combat Bot poi=None combat=True
[13:29:37.440] [N] [Singular] Casting Judgement of Light on Bloodmage Thalnos
[13:29:37.440] [D] Spell_C::CastSpell(20271, 0, 0xF1300011BF00006F, 0)
[13:29:37.474] [D] [Pulse] Slow bot root: 300ms bot=Combat Bot poi=None combat=True
[13:29:37.814] [D] [Pulse] Slow bot root: 238ms bot=Combat Bot poi=None combat=True
[13:29:38.118] [D] [Pulse] Slow bot root: 210ms bot=Combat Bot poi=None combat=True
[13:29:38.412] [D] [Pulse] Slow bot root: 205ms bot=Combat Bot poi=None combat=True
[13:29:38.716] [D] [Pulse] Slow bot root: 207ms bot=Combat Bot poi=None combat=True
[13:29:39.019] [D] [Pulse] Slow bot root: 206ms bot=Combat Bot poi=None combat=True
[13:29:39.509] [D] [Pulse] Slow bot root: 399ms bot=Combat Bot poi=None combat=True
[13:29:39.957] [D] [Pulse] Slow bot root: 345ms bot=Combat Bot poi=None combat=True
[13:29:40.072] [D] [Pulse] Slow plugin: name=Tidy Bags 3 Reloaded elapsed=51ms
[13:29:40.372] [D] [Pulse] Slow bot root: 299ms bot=Combat Bot poi=None combat=True
[13:29:40.680] [D] [Pulse] Slow bot root: 208ms bot=Combat Bot poi=None combat=True
[13:29:40.973] [D] [Pulse] Slow bot root: 203ms bot=Combat Bot poi=None combat=True
[13:29:41.275] [D] [Pulse] Slow bot root: 207ms bot=Combat Bot poi=None combat=True
[13:29:41.578] [D] [Pulse] Slow bot root: 208ms bot=Combat Bot poi=None combat=True
[13:29:41.879] [D] [Pulse] Slow bot root: 206ms bot=Combat Bot poi=None combat=True
[13:29:42.177] [D] [Pulse] Slow bot root: 203ms bot=Combat Bot poi=None combat=True
[13:29:42.479] [D] [Pulse] Slow bot root: 204ms bot=Combat Bot poi=None combat=True
[13:29:42.784] [D] [Pulse] Slow bot root: 205ms bot=Combat Bot poi=None combat=True
[13:29:43.090] [D] [Pulse] Slow bot root: 207ms bot=Combat Bot poi=None combat=True
[13:29:43.386] [D] [Pulse] Slow bot root: 204ms bot=Combat Bot poi=None combat=True
[13:29:43.645] [D] [Pulse] Slow bot root: 186ms bot=Combat Bot poi=None combat=True
[13:29:43.860] [D] [Pulse] Slow bot root: 182ms bot=Combat Bot poi=None combat=True
[13:29:44.069] [D] [Pulse] Slow bot root: 177ms bot=Combat Bot poi=None combat=True
[13:29:44.278] [D] [Pulse] Slow bot root: 179ms bot=Combat Bot poi=None combat=True
[13:29:44.491] [D] [Pulse] Slow bot root: 181ms bot=Combat Bot poi=None combat=True
[13:29:44.702] [D] [Pulse] Slow bot root: 179ms bot=Combat Bot poi=None combat=True
[13:29:44.907] [D] [Pulse] Slow bot root: 178ms bot=Combat Bot poi=None combat=True
[13:29:45.113] [D] [Pulse] Slow bot root: 178ms bot=Combat Bot poi=None combat=True
[13:29:45.329] [D] [Pulse] Slow bot root: 180ms bot=Combat Bot poi=None combat=True
[13:29:45.539] [D] [Pulse] Slow bot root: 178ms bot=Combat Bot poi=None combat=True
[13:29:45.748] [D] [Pulse] Slow bot root: 180ms bot=Combat Bot poi=None combat=True
[13:29:45.924] [N] [Singular] Casting Judgement of Light on Bloodmage Thalnos
[13:29:45.924] [D] Spell_C::CastSpell(20271, 0, 0xF1300011BF00006F, 0)
[13:29:45.931] [D] [Pulse] Slow bot root: 156ms bot=Combat Bot poi=None combat=True
[13:29:46.140] [D] [Pulse] Slow bot root: 179ms bot=Combat Bot poi=None combat=True
[13:29:46.348] [D] [Pulse] Slow bot root: 180ms bot=Combat Bot poi=None combat=True
[13:29:46.567] [D] [Pulse] Slow bot root: 190ms bot=Combat Bot poi=None combat=True
[13:29:46.781] [D] [Pulse] Slow bot root: 180ms bot=Combat Bot poi=None combat=True
[13:29:47.000] [D] [Pulse] Slow bot root: 185ms bot=Combat Bot poi=None combat=True
[13:29:47.214] [D] [Pulse] Slow bot root: 184ms bot=Combat Bot poi=None combat=True
[13:29:47.427] [D] [Pulse] Slow bot root: 184ms bot=Combat Bot poi=None combat=True
[13:29:47.641] [D] [Pulse] Slow bot root: 187ms bot=Combat Bot poi=None combat=True
[13:29:47.757] [N] [Singular] Casting Exorcism on Bloodmage Thalnos
[13:29:47.757] [D] Spell_C::CastSpell(879, 0, 0xF1300011BF00006F, 0)
[13:29:47.981] [D] [Pulse] Slow bot root: 186ms bot=Combat Bot poi=None combat=True
[13:29:48.194] [D] [Pulse] Slow bot root: 187ms bot=Combat Bot poi=None combat=True
[13:29:48.412] [D] [Pulse] Slow bot root: 187ms bot=Combat Bot poi=None combat=True
[13:29:48.633] [D] [Pulse] Slow bot root: 189ms bot=Combat Bot poi=None combat=True
[13:29:48.850] [D] [Pulse] Slow bot root: 187ms bot=Combat Bot poi=None combat=True
[13:29:49.066] [D] [Pulse] Slow bot root: 184ms bot=Combat Bot poi=None combat=True
[13:29:49.282] [D] [Pulse] Slow bot root: 187ms bot=Combat Bot poi=None combat=True
[13:29:49.498] [D] [Pulse] Slow bot root: 187ms bot=Combat Bot poi=None combat=True
[13:29:49.727] [D] [Pulse] Slow bot root: 196ms bot=Combat Bot poi=None combat=True
[13:29:49.949] [D] [Pulse] Slow bot root: 193ms bot=Combat Bot poi=None combat=True
[13:29:50.174] [D] [Pulse] Slow bot root: 194ms bot=Combat Bot poi=None combat=True
[13:29:50.406] [D] [Pulse] Slow bot root: 196ms bot=Combat Bot poi=None combat=True
[13:29:50.635] [D] [Pulse] Slow bot root: 199ms bot=Combat Bot poi=None combat=True
[13:29:50.676] [D] [Pulse] Slow plugin: name=Tidy Bags 3 Reloaded elapsed=20ms
[13:29:50.869] [D] [Pulse] Slow bot root: 192ms bot=Combat Bot poi=None combat=True
[13:29:50.981] [D] System.NullReferenceException: Object reference not set to an instance of an object.
   at Singular.Helpers.Unit.IsBoss(WoWUnit unit)
   at Singular.ClassSpecific.Paladin.Retribution.<>c.<CreateRetributionPaladinInstancePullAndCombat>b__4_7(Object ret)
   at Singular.Helpers.Spell.<>c__DisplayClass18_0.<Cast>b__0(Object ret)
   at TreeSharp.Decorator.Execute(Object context)+MoveNext()
   at TreeSharp.Composite.Tick(Object context)
[13:29:50.981] [D] System.NullReferenceException: Object reference not set to an instance of an object.
   at Singular.ClassSpecific.Paladin.Retribution.<>c.<CreateRetributionPaladinInstancePullAndCombat>b__4_12(Object ret)
   at Singular.Helpers.Spell.<>c__DisplayClass18_0.<Cast>b__0(Object ret)
   at TreeSharp.Decorator.Execute(Object context)+MoveNext()
   at TreeSharp.Composite.Tick(Object context)
[13:29:51.017] [D] System.NullReferenceException: Object reference not set to an instance of an object.
   at Singular.ClassSpecific.Paladin.Retribution.<>c.<CreateRetributionPaladinInstancePullAndCombat>b__4_14(Object ret)
   at Singular.Helpers.Spell.<>c__DisplayClass18_0.<Cast>b__0(Object ret)
   at TreeSharp.Decorator.Execute(Object context)+MoveNext()
   at TreeSharp.Composite.Tick(Object context)
[13:29:51.052] [D] System.NullReferenceException: Object reference not set to an instance of an object.
   at Singular.ClassSpecific.Paladin.Retribution.<>c.<CreateRetributionPaladinInstancePullAndCombat>b__4_16(Object ret)
   at Singular.Helpers.Spell.<>c__DisplayClass18_0.<Cast>b__0(Object ret)
   at TreeSharp.Decorator.Execute(Object context)+MoveNext()
   at TreeSharp.Composite.Tick(Object context)
[13:29:51.052] [D] [Pulse] Slow bot root: 156ms bot=Combat Bot poi=None combat=True
[13:29:51.162] [D] System.NullReferenceException: Object reference not set to an instance of an object.
   at Singular.Helpers.Unit.IsBoss(WoWUnit unit)
   at Singular.ClassSpecific.Paladin.Retribution.<>c.<CreateRetributionPaladinInstancePullAndCombat>b__4_7(Object ret)
   at Singular.Helpers.Spell.<>c__DisplayClass18_0.<Cast>b__0(Object ret)
   at TreeSharp.Decorator.Execute(Object context)+MoveNext()
   at TreeSharp.Composite.Tick(Object context)
[13:29:51.162] [D] System.NullReferenceException: Object reference not set to an instance of an object.
   at Singular.ClassSpecific.Paladin.Retribution.<>c.<CreateRetributionPaladinInstancePullAndCombat>b__4_12(Object ret)
   at Singular.Helpers.Spell.<>c__DisplayClass18_0.<Cast>b__0(Object ret)
   at TreeSharp.Decorator.Execute(Object context)+MoveNext()
   at TreeSharp.Composite.Tick(Object context)
[13:29:51.198] [D] System.NullReferenceException: Object reference not set to an instance of an object.
   at Singular.ClassSpecific.Paladin.Retribution.<>c.<CreateRetributionPaladinInstancePullAndCombat>b__4_14(Object ret)
   at Singular.Helpers.Spell.<>c__DisplayClass18_0.<Cast>b__0(Object ret)
   at TreeSharp.Decorator.Execute(Object context)+MoveNext()
   at TreeSharp.Composite.Tick(Object context)
[13:29:51.234] [D] System.NullReferenceException: Object reference not set to an instance of an object.
   at Singular.ClassSpecific.Paladin.Retribution.<>c.<CreateRetributionPaladinInstancePullAndCombat>b__4_16(Object ret)
   at Singular.Helpers.Spell.<>c__DisplayClass18_0.<Cast>b__0(Object ret)
   at TreeSharp.Decorator.Execute(Object context)+MoveNext()
   at TreeSharp.Composite.Tick(Object context)
[13:29:51.235] [D] [Pulse] Slow bot root: 150ms bot=Combat Bot poi=None combat=True
[13:29:51.345] [D] System.NullReferenceException: Object reference not set to an instance of an object.
   at Singular.Helpers.Unit.IsBoss(WoWUnit unit)
   at Singular.ClassSpecific.Paladin.Retribution.<>c.<CreateRetributionPaladinInstancePullAndCombat>b__4_7(Object ret)
   at Singular.Helpers.Spell.<>c__DisplayClass18_0.<Cast>b__0(Object ret)
   at TreeSharp.Decorator.Execute(Object context)+MoveNext()
   at TreeSharp.Composite.Tick(Object context)
[13:29:51.345] [D] System.NullReferenceException: Object reference not set to an instance of an object.
   at Singular.ClassSpecific.Paladin.Retribution.<>c.<CreateRetributionPaladinInstancePullAndCombat>b__4_12(Object ret)
   at Singular.Helpers.Spell.<>c__DisplayClass18_0.<Cast>b__0(Object ret)
   at TreeSharp.Decorator.Execute(Object context)+MoveNext()
   at TreeSharp.Composite.Tick(Object context)
[13:29:51.380] [D] System.NullReferenceException: Object reference not set to an instance of an object.
   at Singular.ClassSpecific.Paladin.Retribution.<>c.<CreateRetributionPaladinInstancePullAndCombat>b__4_14(Object ret)
   at Singular.Helpers.Spell.<>c__DisplayClass18_0.<Cast>b__0(Object ret)
   at TreeSharp.Decorator.Execute(Object context)+MoveNext()
   at TreeSharp.Composite.Tick(Object context)
[13:29:51.417] [D] System.NullReferenceException: Object reference not set to an instance of an object.
   at Singular.ClassSpecific.Paladin.Retribution.<>c.<CreateRetributionPaladinInstancePullAndCombat>b__4_16(Object ret)
   at Singular.Helpers.Spell.<>c__DisplayClass18_0.<Cast>b__0(Object ret)
   at TreeSharp.Decorator.Execute(Object context)+MoveNext()
   at TreeSharp.Composite.Tick(Object context)
[13:29:51.417] [D] [Pulse] Slow bot root: 151ms bot=Combat Bot poi=None combat=True
[13:29:51.526] [D] System.NullReferenceException: Object reference not set to an instance of an object.
   at Singular.Helpers.Unit.IsBoss(WoWUnit unit)
   at Singular.ClassSpecific.Paladin.Retribution.<>c.<CreateRetributionPaladinInstancePullAndCombat>b__4_7(Object ret)
   at Singular.Helpers.Spell.<>c__DisplayClass18_0.<Cast>b__0(Object ret)
   at TreeSharp.Decorator.Execute(Object context)+MoveNext()
   at TreeSharp.Composite.Tick(Object context)
[13:29:51.526] [D] System.NullReferenceException: Object reference not set to an instance of an object.
   at Singular.ClassSpecific.Paladin.Retribution.<>c.<CreateRetributionPaladinInstancePullAndCombat>b__4_12(Object ret)
   at Singular.Helpers.Spell.<>c__DisplayClass18_0.<Cast>b__0(Object ret)
   at TreeSharp.Decorator.Execute(Object context)+MoveNext()
   at TreeSharp.Composite.Tick(Object context)
[13:29:51.562] [D] System.NullReferenceException: Object reference not set to an instance of an object.
   at Singular.ClassSpecific.Paladin.Retribution.<>c.<CreateRetributionPaladinInstancePullAndCombat>b__4_14(Object ret)
   at Singular.Helpers.Spell.<>c__DisplayClass18_0.<Cast>b__0(Object ret)
   at TreeSharp.Decorator.Execute(Object context)+MoveNext()
   at TreeSharp.Composite.Tick(Object context)
[13:29:51.599] [D] System.NullReferenceException: Object reference not set to an instance of an object.
   at Singular.ClassSpecific.Paladin.Retribution.<>c.<CreateRetributionPaladinInstancePullAndCombat>b__4_16(Object ret)
   at Singular.Helpers.Spell.<>c__DisplayClass18_0.<Cast>b__0(Object ret)
   at TreeSharp.Decorator.Execute(Object context)+MoveNext()
   at TreeSharp.Composite.Tick(Object context)
[13:29:51.599] [D] [Pulse] Slow bot root: 148ms bot=Combat Bot poi=None combat=True
[13:29:51.709] [D] System.NullReferenceException: Object reference not set to an instance of an object.
   at Singular.Helpers.Unit.IsBoss(WoWUnit unit)
   at Singular.ClassSpecific.Paladin.Retribution.<>c.<CreateRetributionPaladinInstancePullAndCombat>b__4_7(Object ret)
   at Singular.Helpers.Spell.<>c__DisplayClass18_0.<Cast>b__0(Object ret)
   at TreeSharp.Decorator.Execute(Object context)+MoveNext()
   at TreeSharp.Composite.Tick(Object context)
[13:29:51.709] [D] System.NullReferenceException: Object reference not set to an instance of an object.
   at Singular.ClassSpecific.Paladin.Retribution.<>c.<CreateRetributionPaladinInstancePullAndCombat>b__4_12(Object ret)
   at Singular.Helpers.Spell.<>c__DisplayClass18_0.<Cast>b__0(Object ret)
   at TreeSharp.Decorator.Execute(Object context)+MoveNext()
   at TreeSharp.Composite.Tick(Object context)
[13:29:51.745] [D] System.NullReferenceException: Object reference not set to an instance of an object.
   at Singular.ClassSpecific.Paladin.Retribution.<>c.<CreateRetributionPaladinInstancePullAndCombat>b__4_14(Object ret)
   at Singular.Helpers.Spell.<>c__DisplayClass18_0.<Cast>b__0(Object ret)
   at TreeSharp.Decorator.Execute(Object context)+MoveNext()
   at TreeSharp.Composite.Tick(Object context)
[13:29:51.781] [D] System.NullReferenceException: Object reference not set to an instance of an object.
   at Singular.ClassSpecific.Paladin.Retribution.<>c.<CreateRetributionPaladinInstancePullAndCombat>b__4_16(Object ret)
   at Singular.Helpers.Spell.<>c__DisplayClass18_0.<Cast>b__0(Object ret)
   at TreeSharp.Decorator.Execute(Object context)+MoveNext()
   at TreeSharp.Composite.Tick(Object context)
[13:29:51.782] [D] [Pulse] Slow bot root: 150ms bot=Combat Bot poi=None combat=True
[13:29:51.889] [D] System.NullReferenceException: Object reference not set to an instance of an object.
   at Singular.Helpers.Unit.IsBoss(WoWUnit unit)
   at Singular.ClassSpecific.Paladin.Retribution.<>c.<CreateRetributionPaladinInstancePullAndCombat>b__4_7(Object ret)
   at Singular.Helpers.Spell.<>c__DisplayClass18_0.<Cast>b__0(Object ret)
   at TreeSharp.Decorator.Execute(Object context)+MoveNext()
   at TreeSharp.Composite.Tick(Object context)
[13:29:51.889] [D] System.NullReferenceException: Object reference not set to an instance of an object.
   at Singular.ClassSpecific.Paladin.Retribution.<>c.<CreateRetributionPaladinInstancePullAndCombat>b__4_12(Object ret)
   at Singular.Helpers.Spell.<>c__DisplayClass18_0.<Cast>b__0(Object ret)
   at TreeSharp.Decorator.Execute(Object context)+MoveNext()
   at TreeSharp.Composite.Tick(Object context)
[13:29:51.925] [D] System.NullReferenceException: Object reference not set to an instance of an object.
   at Singular.ClassSpecific.Paladin.Retribution.<>c.<CreateRetributionPaladinInstancePullAndCombat>b__4_14(Object ret)
   at Singular.Helpers.Spell.<>c__DisplayClass18_0.<Cast>b__0(Object ret)
   at TreeSharp.Decorator.Execute(Object context)+MoveNext()
   at TreeSharp.Composite.Tick(Object context)
[13:29:51.961] [D] System.NullReferenceException: Object reference not set to an instance of an object.
   at Singular.ClassSpecific.Paladin.Retribution.<>c.<CreateRetributionPaladinInstancePullAndCombat>b__4_16(Object ret)
   at Singular.Helpers.Spell.<>c__DisplayClass18_0.<Cast>b__0(Object ret)
   at TreeSharp.Decorator.Execute(Object context)+MoveNext()
   at TreeSharp.Composite.Tick(Object context)
[13:29:51.961] [D] [Pulse] Slow bot root: 148ms bot=Combat Bot poi=None combat=True
[13:29:52.064] [D] System.NullReferenceException: Object reference not set to an instance of an object.
   at Singular.Helpers.Unit.IsBoss(WoWUnit unit)
   at Singular.ClassSpecific.Paladin.Retribution.<>c.<CreateRetributionPaladinInstancePullAndCombat>b__4_7(Object ret)
   at Singular.Helpers.Spell.<>c__DisplayClass18_0.<Cast>b__0(Object ret)
   at TreeSharp.Decorator.Execute(Object context)+MoveNext()
   at TreeSharp.Composite.Tick(Object context)
[13:29:52.065] [D] System.NullReferenceException: Object reference not set to an instance of an object.
   at Singular.ClassSpecific.Paladin.Retribution.<>c.<CreateRetributionPaladinInstancePullAndCombat>b__4_12(Object ret)
   at Singular.Helpers.Spell.<>c__DisplayClass18_0.<Cast>b__0(Object ret)
   at TreeSharp.Decorator.Execute(Object context)+MoveNext()
   at TreeSharp.Composite.Tick(Object context)
[13:29:52.099] [D] System.NullReferenceException: Object reference not set to an instance of an object.
   at Singular.ClassSpecific.Paladin.Retribution.<>c.<CreateRetributionPaladinInstancePullAndCombat>b__4_14(Object ret)
   at Singular.Helpers.Spell.<>c__DisplayClass18_0.<Cast>b__0(Object ret)
   at TreeSharp.Decorator.Execute(Object context)+MoveNext()
   at TreeSharp.Composite.Tick(Object context)
[13:29:52.135] [D] System.NullReferenceException: Object reference not set to an instance of an object.
   at Singular.ClassSpecific.Paladin.Retribution.<>c.<CreateRetributionPaladinInstancePullAndCombat>b__4_16(Object ret)
   at Singular.Helpers.Spell.<>c__DisplayClass18_0.<Cast>b__0(Object ret)
   at TreeSharp.Decorator.Execute(Object context)+MoveNext()
   at TreeSharp.Composite.Tick(Object context)
[13:29:52.135] [D] [Pulse] Slow bot root: 146ms bot=Combat Bot poi=None combat=True
[13:29:52.242] [D] System.NullReferenceException: Object reference not set to an instance of an object.
   at Singular.Helpers.Unit.IsBoss(WoWUnit unit)
   at Singular.ClassSpecific.Paladin.Retribution.<>c.<CreateRetributionPaladinInstancePullAndCombat>b__4_7(Object ret)
   at Singular.Helpers.Spell.<>c__DisplayClass18_0.<Cast>b__0(Object ret)
   at TreeSharp.Decorator.Execute(Object context)+MoveNext()
   at TreeSharp.Composite.Tick(Object context)
[13:29:52.242] [D] System.NullReferenceException: Object reference not set to an instance of an object.
   at Singular.ClassSpecific.Paladin.Retribution.<>c.<CreateRetributionPaladinInstancePullAndCombat>b__4_12(Object ret)
   at Singular.Helpers.Spell.<>c__DisplayClass18_0.<Cast>b__0(Object ret)
   at TreeSharp.Decorator.Execute(Object context)+MoveNext()
   at TreeSharp.Composite.Tick(Object context)
[13:29:52.277] [D] System.NullReferenceException: Object reference not set to an instance of an object.
   at Singular.ClassSpecific.Paladin.Retribution.<>c.<CreateRetributionPaladinInstancePullAndCombat>b__4_14(Object ret)
   at Singular.Helpers.Spell.<>c__DisplayClass18_0.<Cast>b__0(Object ret)
   at TreeSharp.Decorator.Execute(Object context)+MoveNext()
   at TreeSharp.Composite.Tick(Object context)
[13:29:52.313] [D] System.NullReferenceException: Object reference not set to an instance of an object.
   at Singular.ClassSpecific.Paladin.Retribution.<>c.<CreateRetributionPaladinInstancePullAndCombat>b__4_16(Object ret)
   at Singular.Helpers.Spell.<>c__DisplayClass18_0.<Cast>b__0(Object ret)
   at TreeSharp.Decorator.Execute(Object context)+MoveNext()
   at TreeSharp.Composite.Tick(Object context)
[13:29:52.313] [D] [Pulse] Slow bot root: 148ms bot=Combat Bot poi=None combat=True
[13:29:52.417] [D] System.NullReferenceException: Object reference not set to an instance of an object.
   at Singular.Helpers.Unit.IsBoss(WoWUnit unit)
   at Singular.ClassSpecific.Paladin.Retribution.<>c.<CreateRetributionPaladinInstancePullAndCombat>b__4_7(Object ret)
   at Singular.Helpers.Spell.<>c__DisplayClass18_0.<Cast>b__0(Object ret)
   at TreeSharp.Decorator.Execute(Object context)+MoveNext()
   at TreeSharp.Composite.Tick(Object context)
[13:29:52.417] [D] System.NullReferenceException: Object reference not set to an instance of an object.
   at Singular.ClassSpecific.Paladin.Retribution.<>c.<CreateRetributionPaladinInstancePullAndCombat>b__4_12(Object ret)
   at Singular.Helpers.Spell.<>c__DisplayClass18_0.<Cast>b__0(Object ret)
   at TreeSharp.Decorator.Execute(Object context)+MoveNext()
   at TreeSharp.Composite.Tick(Object context)
[13:29:52.453] [D] System.NullReferenceException: Object reference not set to an instance of an object.
   at Singular.ClassSpecific.Paladin.Retribution.<>c.<CreateRetributionPaladinInstancePullAndCombat>b__4_14(Object ret)
   at Singular.Helpers.Spell.<>c__DisplayClass18_0.<Cast>b__0(Object ret)
   at TreeSharp.Decorator.Execute(Object context)+MoveNext()
   at TreeSharp.Composite.Tick(Object context)
[13:29:52.489] [D] System.NullReferenceException: Object reference not set to an instance of an object.
   at Singular.ClassSpecific.Paladin.Retribution.<>c.<CreateRetributionPaladinInstancePullAndCombat>b__4_16(Object ret)
   at Singular.Helpers.Spell.<>c__DisplayClass18_0.<Cast>b__0(Object ret)
   at TreeSharp.Decorator.Execute(Object context)+MoveNext()
   at TreeSharp.Composite.Tick(Object context)
[13:29:52.489] [D] [Pulse] Slow bot root: 150ms bot=Combat Bot poi=None combat=False
[13:29:52.489] [N] [AutoEquip]: Loot roll in progress
[13:29:52.510] [N] [AutoEquip]: Equipped item in slot:ShoulderSlot scored 0 while loot-roll item scored:1.3333334
[13:29:52.510] [N] [AutoEquip]: New item did not contain our primary stat of:Strength so we are not rolling need.
[13:29:52.510] [N] [AutoEquip]: Rolling Greed
[13:29:52.553] [N] [TidyBags 3]: Using Satchel of Helpful Goods we have 1
[13:29:58.708] [D] [Pulse] Slow plugin: name=AutoEquip2 elapsed=56ms
[13:29:59.934] [D] [Singular-DEBUG] Switched targets!
[13:29:59.934] [D] [Singular-DEBUG] Melee Distance: 5
[13:29:59.934] [D] [Singular-DEBUG] Health: 0
[13:29:59.934] [D] [Singular-DEBUG] Level: 32
[13:30:06.841] [D] [Singular-DEBUG] Switched targets!
[13:30:06.841] [D] [Singular-DEBUG] Melee Distance: 5
[13:30:06.841] [D] [Singular-DEBUG] Health: 0
[13:30:06.841] [D] [Singular-DEBUG] Level: 32
[13:30:08.748] [D] [Pulse] Slow plugin: name=AutoEquip2 elapsed=55ms
[13:30:10.443] [D] [Pulse] Slow plugin: name=Tidy Bags 3 Reloaded elapsed=23ms
[13:30:11.781] [D] [Pulse] Slow bot root: 273ms bot=Combat Bot poi=None combat=False
[13:30:11.781] [N] Not in game
[13:30:11.870] [N] Not in game
[13:30:11.948] [N] Not in game
[13:30:12.038] [N] Not in game
[13:30:12.150] [N] [Singular] Context changed. New context: Normal. Rebuilding behaviors.
[13:30:12.150] [D] [Singular-DEBUG] Creating Combat behavior.
[13:30:12.151] [D] [Singular-DEBUG] CreateRetributionPaladinNormalPullAndCombat is a match!
[13:30:12.151] [N] [Singular]  Using CreateRetributionPaladinNormalPullAndCombat for Retribution Paladin - Combat (Priority: 0)
[13:30:12.153] [D] [Singular-DEBUG] Creating Pull behavior.
[13:30:12.154] [D] [Singular-DEBUG] CreateRetributionPaladinNormalPullAndCombat is a match!
[13:30:12.154] [N] [Singular]  Using CreateRetributionPaladinNormalPullAndCombat for Retribution Paladin - Pull (Priority: 0)
[13:30:12.155] [D] [Singular-DEBUG] Creating Rest behavior.
[13:30:12.156] [D] [Singular-DEBUG] CreateRetributionPaladinRest is a match!
[13:30:12.156] [N] [Singular]  Using CreateRetributionPaladinRest for Retribution Paladin - Rest (Priority: 0)
[13:30:12.156] [D] [Singular-DEBUG] Creating CombatBuffs behavior.
[13:30:12.157] [D] [Singular-DEBUG] Creating Heal behavior.
[13:30:12.158] [D] [Singular-DEBUG] CreateRetributionPaladinHeal is a match!
[13:30:12.158] [N] [Singular]  Using CreateRetributionPaladinHeal for Retribution Paladin - Heal (Priority: 0)
[13:30:12.158] [D] [Singular-DEBUG] CreateRetributionPaladinNormalPullAndCombat is a match!
[13:30:12.158] [N] [Singular]  Using CreateRetributionPaladinNormalPullAndCombat for Retribution Paladin - Heal (Priority: 0)
[13:30:12.159] [D] [Singular-DEBUG] Creating PullBuffs behavior.
[13:30:12.161] [D] [Singular-DEBUG] Creating PreCombatBuffs behavior.
[13:30:12.161] [D] [Singular-DEBUG] CreatePaladinPreCombatBuffs is a match!
[13:30:12.161] [N] [Singular]  Using CreatePaladinPreCombatBuffs for Retribution Paladin - PreCombatBuffs (Priority: 0)
[13:30:18.823] [D] [Pulse] Slow plugin: name=AutoEquip2 elapsed=57ms
[13:30:27.117] [D] [Pulse] Slow plugin: name=Tidy Bags 3 Reloaded elapsed=60ms
[13:30:29.154] [D] [Pulse] Slow plugin: name=AutoEquip2 elapsed=296ms
[13:30:29.220] [D] [Pulse] Slow shared pulse: total=398ms movement=0 objects=0 lua=0 info=0 loot=0 targeting=35 events=0 plugins=362 routine=0
[13:30:43.909] [D] [Pulse] Slow plugin: name=Tidy Bags 3 Reloaded elapsed=59ms
[13:30:49.208] [D] [Pulse] Slow plugin: name=AutoEquip2 elapsed=301ms
[13:30:49.275] [D] [Pulse] Slow shared pulse: total=405ms movement=0 objects=0 lua=0 info=0 loot=0 targeting=35 events=0 plugins=368 routine=0
[13:30:53.932] [D] [Pulse] Slow plugin: name=Tidy Bags 3 Reloaded elapsed=60ms
[13:30:59.225] [D] [Pulse] Slow plugin: name=AutoEquip2 elapsed=297ms
[13:30:59.289] [D] [Pulse] Slow shared pulse: total=399ms movement=0 objects=0 lua=0 info=0 loot=0 targeting=36 events=0 plugins=361 routine=0
[13:31:03.937] [D] [Pulse] Slow plugin: name=Tidy Bags 3 Reloaded elapsed=59ms
[13:31:09.278] [D] [Pulse] Slow plugin: name=AutoEquip2 elapsed=294ms
[13:31:09.345] [D] [Pulse] Slow shared pulse: total=398ms movement=0 objects=0 lua=0 info=0 loot=0 targeting=36 events=0 plugins=360 routine=0
[13:31:13.996] [D] [Pulse] Slow plugin: name=Tidy Bags 3 Reloaded elapsed=59ms
[13:31:19.370] [D] [Pulse] Slow plugin: name=AutoEquip2 elapsed=296ms
[13:31:19.437] [D] [Pulse] Slow shared pulse: total=400ms movement=0 objects=0 lua=0 info=0 loot=0 targeting=36 events=0 plugins=363 routine=0
[13:31:24.083] [D] [Pulse] Slow plugin: name=Tidy Bags 3 Reloaded elapsed=61ms
[13:31:29.457] [D] [Pulse] Slow plugin: name=AutoEquip2 elapsed=295ms
[13:31:29.523] [D] [Pulse] Slow shared pulse: total=398ms movement=0 objects=0 lua=0 info=0 loot=0 targeting=36 events=0 plugins=360 routine=0
[13:31:34.167] [D] [Pulse] Slow plugin: name=Tidy Bags 3 Reloaded elapsed=60ms
[13:31:39.489] [D] [Pulse] Slow plugin: name=AutoEquip2 elapsed=295ms
[13:31:39.555] [D] [Pulse] Slow shared pulse: total=397ms movement=0 objects=0 lua=0 info=0 loot=0 targeting=35 events=0 plugins=361 routine=0
[13:31:44.197] [D] [Pulse] Slow plugin: name=Tidy Bags 3 Reloaded elapsed=61ms
[13:31:49.586] [D] [Pulse] Slow plugin: name=AutoEquip2 elapsed=296ms
[13:31:49.652] [D] [Pulse] Slow shared pulse: total=399ms movement=0 objects=0 lua=0 info=0 loot=0 targeting=35 events=0 plugins=362 routine=0
[13:31:54.288] [D] [Pulse] Slow plugin: name=Tidy Bags 3 Reloaded elapsed=60ms
[13:31:59.683] [D] [Pulse] Slow plugin: name=AutoEquip2 elapsed=298ms
[13:31:59.749] [D] [Pulse] Slow shared pulse: total=401ms movement=0 objects=0 lua=0 info=0 loot=0 targeting=35 events=0 plugins=365 routine=0
[13:32:04.300] [D] [Pulse] Slow plugin: name=Tidy Bags 3 Reloaded elapsed=59ms
[13:32:09.723] [D] [Pulse] Slow plugin: name=AutoEquip2 elapsed=297ms
[13:32:09.790] [D] [Pulse] Slow shared pulse: total=401ms movement=0 objects=0 lua=0 info=0 loot=0 targeting=36 events=0 plugins=364 routine=0
[13:32:14.330] [D] [Pulse] Slow plugin: name=Tidy Bags 3 Reloaded elapsed=60ms
[13:32:19.821] [D] [Pulse] Slow plugin: name=AutoEquip2 elapsed=298ms
[13:32:19.888] [D] [Pulse] Slow shared pulse: total=404ms movement=0 objects=0 lua=0 info=0 loot=0 targeting=37 events=0 plugins=365 routine=0
[13:32:24.344] [D] [Pulse] Slow plugin: name=Tidy Bags 3 Reloaded elapsed=62ms
[13:32:29.875] [D] [Pulse] Slow plugin: name=AutoEquip2 elapsed=294ms
[13:32:29.940] [D] [Pulse] Slow shared pulse: total=397ms movement=0 objects=0 lua=0 info=0 loot=0 targeting=37 events=0 plugins=358 routine=0
[13:32:34.385] [D] [Pulse] Slow plugin: name=Tidy Bags 3 Reloaded elapsed=60ms
[13:32:39.905] [D] [Pulse] Slow plugin: name=AutoEquip2 elapsed=299ms
[13:32:39.971] [D] [Pulse] Slow shared pulse: total=403ms movement=0 objects=0 lua=0 info=0 loot=0 targeting=36 events=0 plugins=365 routine=0
[13:32:44.419] [D] [Pulse] Slow plugin: name=Tidy Bags 3 Reloaded elapsed=60ms
[13:32:49.913] [D] [Pulse] Slow plugin: name=AutoEquip2 elapsed=295ms
[13:32:49.980] [D] [Pulse] Slow shared pulse: total=401ms movement=0 objects=0 lua=0 info=0 loot=0 targeting=37 events=0 plugins=362 routine=0
[13:32:54.435] [D] [Pulse] Slow plugin: name=Tidy Bags 3 Reloaded elapsed=59ms
[13:33:00.005] [D] [Pulse] Slow plugin: name=AutoEquip2 elapsed=296ms
[13:33:00.071] [D] [Pulse] Slow shared pulse: total=400ms movement=0 objects=0 lua=0 info=0 loot=0 targeting=36 events=0 plugins=362 routine=0
[13:33:04.523] [D] [Pulse] Slow plugin: name=Tidy Bags 3 Reloaded elapsed=60ms
[13:33:10.037] [D] [Pulse] Slow plugin: name=AutoEquip2 elapsed=301ms
[13:33:10.101] [D] [Pulse] Slow shared pulse: total=403ms movement=0 objects=0 lua=0 info=0 loot=0 targeting=36 events=0 plugins=365 routine=0
[13:33:14.547] [D] [Pulse] Slow plugin: name=Tidy Bags 3 Reloaded elapsed=60ms
[13:33:20.127] [D] [Pulse] Slow plugin: name=AutoEquip2 elapsed=298ms
[13:33:20.193] [D] [Pulse] Slow shared pulse: total=402ms movement=0 objects=0 lua=0 info=0 loot=0 targeting=37 events=0 plugins=363 routine=0
[13:33:24.628] [D] [Pulse] Slow plugin: name=Tidy Bags 3 Reloaded elapsed=58ms
[13:33:30.213] [D] [Pulse] Slow plugin: name=AutoEquip2 elapsed=294ms
[13:33:30.280] [D] [Pulse] Slow shared pulse: total=400ms movement=0 objects=0 lua=0 info=0 loot=0 targeting=37 events=0 plugins=361 routine=0
[13:33:34.649] [D] [Pulse] Slow plugin: name=Tidy Bags 3 Reloaded elapsed=61ms
[13:33:40.286] [D] [Pulse] Slow plugin: name=AutoEquip2 elapsed=294ms
[13:33:40.351] [D] [Pulse] Slow shared pulse: total=398ms movement=0 objects=0 lua=0 info=0 loot=0 targeting=36 events=0 plugins=360 routine=0
[13:33:44.719] [D] [Pulse] Slow plugin: name=Tidy Bags 3 Reloaded elapsed=61ms
[13:33:50.313] [D] [Pulse] Slow plugin: name=AutoEquip2 elapsed=292ms
[13:33:50.379] [D] [Pulse] Slow shared pulse: total=395ms movement=0 objects=0 lua=0 info=0 loot=0 targeting=36 events=0 plugins=358 routine=0
[13:33:54.740] [D] [Pulse] Slow plugin: name=Tidy Bags 3 Reloaded elapsed=61ms
[13:34:00.417] [D] [Pulse] Slow plugin: name=AutoEquip2 elapsed=296ms
[13:34:00.483] [D] [Pulse] Slow shared pulse: total=395ms movement=0 objects=0 lua=0 info=0 loot=0 targeting=31 events=0 plugins=362 routine=0
[13:34:04.838] [D] [Pulse] Slow plugin: name=Tidy Bags 3 Reloaded elapsed=59ms
[13:34:10.447] [D] [Pulse] Slow plugin: name=AutoEquip2 elapsed=296ms
[13:34:10.513] [D] [Pulse] Slow shared pulse: total=400ms movement=0 objects=0 lua=0 info=0 loot=0 targeting=36 events=0 plugins=362 routine=0
[13:34:14.852] [D] [Pulse] Slow plugin: name=Tidy Bags 3 Reloaded elapsed=61ms
[13:34:20.524] [D] [Pulse] Slow plugin: name=AutoEquip2 elapsed=299ms
[13:34:20.590] [D] [Pulse] Slow shared pulse: total=404ms movement=0 objects=0 lua=0 info=0 loot=0 targeting=38 events=0 plugins=365 routine=0
[13:34:24.936] [D] [Pulse] Slow plugin: name=Tidy Bags 3 Reloaded elapsed=62ms
[13:34:34.954] [D] [Pulse] Slow plugin: name=Tidy Bags 3 Reloaded elapsed=61ms
[13:34:40.587] [D] [Pulse] Slow plugin: name=AutoEquip2 elapsed=295ms
[13:34:40.652] [D] [Pulse] Slow shared pulse: total=398ms movement=0 objects=0 lua=0 info=0 loot=0 targeting=36 events=0 plugins=360 routine=0
[13:35:00.399] [D] [Pulse] Slow plugin: name=AutoEquip2 elapsed=64ms
[13:35:09.400] [D] [Pulse] Slow plugin: name=Tidy Bags 3 Reloaded elapsed=35ms
[13:35:10.673] [D] [Pulse] Slow plugin: name=AutoEquip2 elapsed=301ms
[13:35:10.738] [D] [Pulse] Slow shared pulse: total=404ms movement=0 objects=0 lua=0 info=0 loot=0 targeting=36 events=0 plugins=366 routine=0
[13:35:19.409] [D] [Pulse] Slow plugin: name=Tidy Bags 3 Reloaded elapsed=61ms
[13:35:20.742] [D] [Pulse] Slow plugin: name=AutoEquip2 elapsed=293ms
[13:35:20.809] [D] [Pulse] Slow shared pulse: total=398ms movement=0 objects=0 lua=0 info=0 loot=0 targeting=36 events=0 plugins=359 routine=0
[13:35:29.410] [D] [Pulse] Slow plugin: name=Tidy Bags 3 Reloaded elapsed=59ms
[13:35:30.752] [D] [Pulse] Slow plugin: name=AutoEquip2 elapsed=300ms
[13:35:30.819] [D] [Pulse] Slow shared pulse: total=406ms movement=0 objects=0 lua=0 info=0 loot=0 targeting=37 events=0 plugins=367 routine=0
[13:35:39.435] [D] [Pulse] Slow plugin: name=Tidy Bags 3 Reloaded elapsed=62ms
[13:35:40.773] [D] [Pulse] Slow plugin: name=AutoEquip2 elapsed=295ms
[13:35:40.839] [D] [Pulse] Slow shared pulse: total=400ms movement=0 objects=0 lua=0 info=0 loot=0 targeting=36 events=0 plugins=362 routine=0
[13:35:49.531] [D] [Pulse] Slow plugin: name=Tidy Bags 3 Reloaded elapsed=61ms
[13:35:50.872] [D] [Pulse] Slow plugin: name=AutoEquip2 elapsed=296ms
[13:35:50.937] [D] [Pulse] Slow shared pulse: total=400ms movement=0 objects=0 lua=0 info=0 loot=0 targeting=36 events=0 plugins=362 routine=0
[13:35:59.632] [D] [Pulse] Slow plugin: name=Tidy Bags 3 Reloaded elapsed=63ms
[13:36:09.658] [D] [Pulse] Slow plugin: name=Tidy Bags 3 Reloaded elapsed=58ms
[13:36:10.894] [D] [Pulse] Slow plugin: name=AutoEquip2 elapsed=294ms
[13:36:10.960] [D] [Pulse] Slow shared pulse: total=399ms movement=0 objects=0 lua=0 info=0 loot=0 targeting=36 events=0 plugins=360 routine=0
[13:36:19.743] [D] [Pulse] Slow plugin: name=Tidy Bags 3 Reloaded elapsed=62ms
[13:36:20.983] [D] [Pulse] Slow plugin: name=AutoEquip2 elapsed=300ms
[13:36:21.050] [D] [Pulse] Slow shared pulse: total=405ms movement=0 objects=0 lua=0 info=0 loot=0 targeting=37 events=0 plugins=366 routine=0
[13:36:29.763] [D] [Pulse] Slow plugin: name=Tidy Bags 3 Reloaded elapsed=61ms
[13:36:31.002] [D] [Pulse] Slow plugin: name=AutoEquip2 elapsed=297ms
[13:36:31.069] [D] [Pulse] Slow shared pulse: total=400ms movement=0 objects=0 lua=0 info=0 loot=0 targeting=35 events=0 plugins=363 routine=0
[13:36:39.801] [D] [Pulse] Slow plugin: name=Tidy Bags 3 Reloaded elapsed=58ms
[13:36:41.033] [D] [Pulse] Slow plugin: name=AutoEquip2 elapsed=297ms
[13:36:41.099] [D] [Pulse] Slow shared pulse: total=401ms movement=0 objects=0 lua=0 info=0 loot=0 targeting=37 events=0 plugins=363 routine=0
[13:36:49.897] [D] [Pulse] Slow plugin: name=Tidy Bags 3 Reloaded elapsed=59ms
[13:36:51.130] [D] [Pulse] Slow plugin: name=AutoEquip2 elapsed=297ms
[13:36:51.195] [D] [Pulse] Slow shared pulse: total=400ms movement=0 objects=0 lua=0 info=0 loot=0 targeting=37 events=0 plugins=362 routine=0
[13:36:59.982] [D] [Pulse] Slow plugin: name=Tidy Bags 3 Reloaded elapsed=59ms
[13:37:01.222] [D] [Pulse] Slow plugin: name=AutoEquip2 elapsed=296ms
[13:37:01.287] [D] [Pulse] Slow shared pulse: total=399ms movement=0 objects=0 lua=0 info=0 loot=0 targeting=36 events=0 plugins=361 routine=0
[13:37:10.003] [D] [Pulse] Slow plugin: name=Tidy Bags 3 Reloaded elapsed=59ms
[13:37:11.245] [D] [Pulse] Slow plugin: name=AutoEquip2 elapsed=298ms
[13:37:11.312] [D] [Pulse] Slow shared pulse: total=401ms movement=0 objects=0 lua=0 info=0 loot=0 targeting=35 events=0 plugins=364 routine=0
[13:37:20.012] [D] [Pulse] Slow plugin: name=Tidy Bags 3 Reloaded elapsed=61ms
[13:37:21.252] [D] [Pulse] Slow plugin: name=AutoEquip2 elapsed=297ms
[13:37:21.317] [D] [Pulse] Slow shared pulse: total=401ms movement=0 objects=0 lua=0 info=0 loot=1 targeting=37 events=0 plugins=362 routine=0
[13:37:30.073] [D] [Pulse] Slow plugin: name=Tidy Bags 3 Reloaded elapsed=58ms
[13:37:31.306] [D] [Pulse] Slow plugin: name=AutoEquip2 elapsed=295ms
[13:37:31.371] [D] [Pulse] Slow shared pulse: total=398ms movement=0 objects=0 lua=0 info=0 loot=0 targeting=36 events=0 plugins=360 routine=0
[13:37:40.097] [D] [Pulse] Slow plugin: name=Tidy Bags 3 Reloaded elapsed=59ms
[13:37:41.342] [D] [Pulse] Slow plugin: name=AutoEquip2 elapsed=300ms
[13:37:41.409] [D] [Pulse] Slow shared pulse: total=405ms movement=0 objects=0 lua=0 info=0 loot=0 targeting=38 events=0 plugins=366 routine=0
[13:37:49.601] [N] [Singular] Casting Blessing of Kings on Myself
[13:37:49.601] [D] Spell_C::CastSpell(20217, 0, 0x6000000007EAB80, 0)
[13:37:50.170] [D] [Pulse] Slow plugin: name=Tidy Bags 3 Reloaded elapsed=59ms
[13:37:51.410] [D] [Pulse] Slow plugin: name=AutoEquip2 elapsed=297ms
[13:37:51.476] [D] [Pulse] Slow shared pulse: total=401ms movement=0 objects=0 lua=0 info=0 loot=0 targeting=36 events=0 plugins=363 routine=0
[13:38:00.253] [D] [Pulse] Slow plugin: name=Tidy Bags 3 Reloaded elapsed=59ms
[13:38:10.274] [D] [Pulse] Slow plugin: name=Tidy Bags 3 Reloaded elapsed=59ms
[13:38:11.514] [D] [Pulse] Slow plugin: name=AutoEquip2 elapsed=295ms
[13:38:11.580] [D] [Pulse] Slow shared pulse: total=400ms movement=0 objects=0 lua=0 info=0 loot=0 targeting=37 events=0 plugins=360 routine=0
[13:38:20.401] [D] [Pulse] Slow plugin: name=Tidy Bags 3 Reloaded elapsed=59ms
[13:38:21.542] [D] [Pulse] Slow plugin: name=AutoEquip2 elapsed=298ms
[13:38:21.606] [D] [Pulse] Slow shared pulse: total=401ms movement=0 objects=0 lua=0 info=0 loot=0 targeting=37 events=0 plugins=363 routine=0
[13:38:30.507] [D] [Pulse] Slow plugin: name=Tidy Bags 3 Reloaded elapsed=60ms
[13:38:31.542] [D] [Pulse] Slow plugin: name=AutoEquip2 elapsed=297ms
[13:38:31.608] [D] [Pulse] Slow shared pulse: total=401ms movement=0 objects=0 lua=0 info=0 loot=0 targeting=37 events=0 plugins=363 routine=0
[13:38:40.640] [D] [Pulse] Slow plugin: name=Tidy Bags 3 Reloaded elapsed=60ms
[13:38:41.577] [D] [Pulse] Slow plugin: name=AutoEquip2 elapsed=293ms
[13:38:41.643] [D] [Pulse] Slow shared pulse: total=397ms movement=0 objects=0 lua=0 info=0 loot=0 targeting=37 events=0 plugins=358 routine=0
[13:38:50.720] [D] [Pulse] Slow plugin: name=Tidy Bags 3 Reloaded elapsed=60ms
[13:38:51.653] [D] [Pulse] Slow plugin: name=AutoEquip2 elapsed=296ms
[13:38:51.718] [D] [Pulse] Slow shared pulse: total=399ms movement=0 objects=0 lua=0 info=0 loot=0 targeting=36 events=0 plugins=361 routine=0
[13:39:00.825] [D] [Pulse] Slow plugin: name=Tidy Bags 3 Reloaded elapsed=61ms
[13:39:01.666] [D] [Pulse] Slow plugin: name=AutoEquip2 elapsed=299ms
[13:39:01.732] [D] [Pulse] Slow shared pulse: total=404ms movement=0 objects=0 lua=0 info=0 loot=0 targeting=37 events=0 plugins=365 routine=0
[13:39:10.834] [D] [Pulse] Slow plugin: name=Tidy Bags 3 Reloaded elapsed=58ms
[13:39:11.704] [D] [Pulse] Slow plugin: name=AutoEquip2 elapsed=293ms
[13:39:11.770] [D] [Pulse] Slow shared pulse: total=396ms movement=0 objects=0 lua=0 info=0 loot=0 targeting=35 events=0 plugins=359 routine=0
[13:39:20.924] [D] [Pulse] Slow plugin: name=Tidy Bags 3 Reloaded elapsed=59ms
[13:39:21.790] [D] [Pulse] Slow plugin: name=AutoEquip2 elapsed=296ms
[13:39:21.858] [D] [Pulse] Slow shared pulse: total=402ms movement=0 objects=0 lua=0 info=0 loot=0 targeting=36 events=0 plugins=364 routine=0
[13:39:30.940] [D] [Pulse] Slow plugin: name=Tidy Bags 3 Reloaded elapsed=59ms
[13:39:31.811] [D] [Pulse] Slow plugin: name=AutoEquip2 elapsed=298ms
[13:39:31.877] [D] [Pulse] Slow shared pulse: total=401ms movement=0 objects=0 lua=0 info=0 loot=0 targeting=35 events=0 plugins=364 routine=0
[13:39:40.987] [D] [Pulse] Slow plugin: name=Tidy Bags 3 Reloaded elapsed=59ms
[13:39:41.857] [D] [Pulse] Slow plugin: name=AutoEquip2 elapsed=294ms
[13:39:41.923] [D] [Pulse] Slow shared pulse: total=400ms movement=0 objects=0 lua=0 info=0 loot=0 targeting=37 events=0 plugins=361 routine=0
[13:39:50.994] [D] [Pulse] Slow plugin: name=Tidy Bags 3 Reloaded elapsed=59ms
[13:39:51.860] [D] [Pulse] Slow plugin: name=AutoEquip2 elapsed=295ms
[13:39:51.925] [D] [Pulse] Slow shared pulse: total=399ms movement=0 objects=0 lua=0 info=0 loot=0 targeting=37 events=0 plugins=360 routine=0
[13:40:01.080] [D] [Pulse] Slow plugin: name=Tidy Bags 3 Reloaded elapsed=58ms
[13:40:01.948] [D] [Pulse] Slow plugin: name=AutoEquip2 elapsed=297ms
[13:40:02.014] [D] [Pulse] Slow shared pulse: total=400ms movement=0 objects=0 lua=0 info=0 loot=0 targeting=36 events=0 plugins=362 routine=0
[13:40:11.128] [D] [Pulse] Slow plugin: name=Tidy Bags 3 Reloaded elapsed=62ms
[13:40:12.001] [D] [Pulse] Slow plugin: name=AutoEquip2 elapsed=297ms
[13:40:12.066] [D] [Pulse] Slow shared pulse: total=400ms movement=0 objects=0 lua=0 info=0 loot=0 targeting=35 events=0 plugins=363 routine=0
[13:40:21.137] [D] [Pulse] Slow plugin: name=Tidy Bags 3 Reloaded elapsed=60ms
[13:40:22.004] [D] [Pulse] Slow plugin: name=AutoEquip2 elapsed=295ms
[13:40:22.071] [D] [Pulse] Slow shared pulse: total=433ms movement=0 objects=0 lua=32 info=0 loot=0 targeting=38 events=0 plugins=361 routine=0
[13:40:31.236] [D] [Pulse] Slow plugin: name=Tidy Bags 3 Reloaded elapsed=60ms
[13:40:32.109] [D] [Pulse] Slow plugin: name=AutoEquip2 elapsed=297ms
[13:40:32.174] [D] [Pulse] Slow shared pulse: total=432ms movement=0 objects=0 lua=31 info=0 loot=0 targeting=37 events=0 plugins=362 routine=0
[13:40:41.255] [D] [Pulse] Slow plugin: name=Tidy Bags 3 Reloaded elapsed=61ms
[13:40:42.225] [D] [Pulse] Slow plugin: name=AutoEquip2 elapsed=297ms
[13:40:42.291] [D] [Pulse] Slow shared pulse: total=434ms movement=0 objects=0 lua=31 info=0 loot=0 targeting=37 events=0 plugins=363 routine=0
[13:40:51.353] [D] [Pulse] Slow plugin: name=Tidy Bags 3 Reloaded elapsed=59ms
[13:40:52.327] [D] [Pulse] Slow plugin: name=AutoEquip2 elapsed=297ms
[13:40:52.393] [D] [Pulse] Slow shared pulse: total=434ms movement=0 objects=0 lua=31 info=0 loot=0 targeting=38 events=0 plugins=363 routine=0
[13:41:01.449] [D] [Pulse] Slow plugin: name=Tidy Bags 3 Reloaded elapsed=60ms
[13:41:02.419] [D] [Pulse] Slow plugin: name=AutoEquip2 elapsed=296ms
[13:41:02.485] [D] [Pulse] Slow shared pulse: total=433ms movement=0 objects=0 lua=33 info=0 loot=0 targeting=37 events=0 plugins=361 routine=0
[13:41:11.498] [D] [Pulse] Slow plugin: name=Tidy Bags 3 Reloaded elapsed=59ms
[13:41:12.438] [D] [Pulse] Slow plugin: name=AutoEquip2 elapsed=298ms
[13:41:12.505] [D] [Pulse] Slow shared pulse: total=403ms movement=0 objects=0 lua=0 info=0 loot=0 targeting=36 events=0 plugins=365 routine=0
[13:41:21.523] [D] [Pulse] Slow plugin: name=Tidy Bags 3 Reloaded elapsed=60ms
[13:41:22.461] [D] [Pulse] Slow plugin: name=AutoEquip2 elapsed=298ms
[13:41:22.528] [D] [Pulse] Slow shared pulse: total=403ms movement=0 objects=0 lua=0 info=0 loot=0 targeting=37 events=0 plugins=365 routine=0
[13:41:32.806] [D] [Pulse] Slow plugin: name=Tidy Bags 3 Reloaded elapsed=75ms
[13:41:32.806] [N] Not in game
[13:41:32.806] [N] Not in game
[13:41:32.891] [N] Not in game
[13:41:32.968] [N] Not in game
[13:41:33.047] [N] Not in game
[13:41:33.139] [N] Not in game
[13:41:33.290] [N] [Singular] Context changed. New context: Instances. Rebuilding behaviors.
[13:41:33.290] [D] [Singular-DEBUG] Creating Combat behavior.
[13:41:33.291] [D] [Singular-DEBUG] CreateRetributionPaladinInstancePullAndCombat is a match!
[13:41:33.291] [N] [Singular]  Using CreateRetributionPaladinInstancePullAndCombat for Retribution Paladin - Combat (Priority: 0)
[13:41:33.293] [D] [Singular-DEBUG] Creating Pull behavior.
[13:41:33.293] [D] [Singular-DEBUG] CreateRetributionPaladinInstancePullAndCombat is a match!
[13:41:33.293] [N] [Singular]  Using CreateRetributionPaladinInstancePullAndCombat for Retribution Paladin - Pull (Priority: 0)
[13:41:33.295] [D] [Singular-DEBUG] Creating Rest behavior.
[13:41:33.295] [D] [Singular-DEBUG] CreateRetributionPaladinRest is a match!
[13:41:33.295] [N] [Singular]  Using CreateRetributionPaladinRest for Retribution Paladin - Rest (Priority: 0)
[13:41:33.296] [D] [Singular-DEBUG] Creating CombatBuffs behavior.
[13:41:33.297] [D] [Singular-DEBUG] Creating Heal behavior.
[13:41:33.298] [D] [Singular-DEBUG] CreateRetributionPaladinHeal is a match!
[13:41:33.298] [N] [Singular]  Using CreateRetributionPaladinHeal for Retribution Paladin - Heal (Priority: 0)
[13:41:33.298] [D] [Singular-DEBUG] Creating PullBuffs behavior.
[13:41:33.300] [D] [Singular-DEBUG] Creating PreCombatBuffs behavior.
[13:41:33.300] [D] [Singular-DEBUG] CreatePaladinPreCombatBuffs is a match!
[13:41:33.300] [N] [Singular]  Using CreatePaladinPreCombatBuffs for Retribution Paladin - PreCombatBuffs (Priority: 0)
[13:41:34.277] [N] [Singular] Casting Blessing of Might on Paladin
[13:41:34.277] [D] Spell_C::CastSpell(19835, 0, 0x6000000007F2F1A, 0)
[13:41:34.310] [D] [Pulse] Slow bot root: 265ms bot=Combat Bot poi=None combat=False
[13:41:34.513] [D] [Pulse] Slow bot root: 100ms bot=Combat Bot poi=None combat=False
[13:41:35.913] [D] [Pulse] Slow bot root: 133ms bot=Combat Bot poi=None combat=False
[13:41:36.146] [D] [Pulse] Slow bot root: 131ms bot=Combat Bot poi=None combat=False
[13:41:36.413] [N] [Singular] Casting Blessing of Kings on Priest
[13:41:36.413] [D] Spell_C::CastSpell(20217, 0, 0x6000000007F6A51, 0)
[13:41:36.447] [D] [Pulse] Slow bot root: 168ms bot=Combat Bot poi=None combat=False
[13:41:37.048] [D] [Pulse] Slow bot root: 101ms bot=Combat Bot poi=None combat=False
[13:41:37.652] [D] [Pulse] Slow bot root: 105ms bot=Combat Bot poi=None combat=False
[13:41:38.083] [D] [Pulse] Slow bot root: 100ms bot=Combat Bot poi=None combat=False
[13:41:38.282] [D] [Pulse] Slow bot root: 100ms bot=Combat Bot poi=None combat=False
[13:41:38.485] [D] [Pulse] Slow bot root: 100ms bot=Combat Bot poi=None combat=False
[13:41:38.753] [N] [Singular] Casting Blessing of Kings on Mage
[13:41:38.753] [D] Spell_C::CastSpell(20217, 0, 0x6000000007F5410, 0)
[13:41:38.790] [D] [Pulse] Slow bot root: 205ms bot=Combat Bot poi=None combat=False
[13:41:39.389] [D] [Pulse] Slow bot root: 100ms bot=Combat Bot poi=None combat=False
[13:41:39.589] [D] [Pulse] Slow bot root: 100ms bot=Combat Bot poi=None combat=False
[13:41:39.789] [D] [Pulse] Slow bot root: 100ms bot=Combat Bot poi=None combat=False
[13:41:40.193] [D] [Pulse] Slow bot root: 102ms bot=Combat Bot poi=None combat=False
[13:41:40.593] [D] [Pulse] Slow bot root: 101ms bot=Combat Bot poi=None combat=False
[13:41:40.792] [D] [Pulse] Slow bot root: 100ms bot=Combat Bot poi=None combat=False
[13:41:41.090] [D] [Pulse] Slow bot root: 197ms bot=Combat Bot poi=None combat=False
[13:41:41.389] [D] [Pulse] Slow bot root: 199ms bot=Combat Bot poi=None combat=False
[13:41:41.689] [D] [Pulse] Slow bot root: 202ms bot=Combat Bot poi=None combat=False
[13:41:41.987] [D] [Pulse] Slow bot root: 198ms bot=Combat Bot poi=None combat=False
[13:41:42.287] [D] [Pulse] Slow bot root: 199ms bot=Combat Bot poi=None combat=False
[13:41:42.622] [D] [Pulse] Slow plugin: name=AutoEquip2 elapsed=293ms
[13:41:42.687] [D] [Pulse] Slow shared pulse: total=399ms movement=0 objects=0 lua=0 info=0 loot=0 targeting=39 events=0 plugins=358 routine=0
[13:41:42.890] [D] [Pulse] Slow bot root: 202ms bot=Combat Bot poi=None combat=False
[13:41:43.021] [D] [Pulse] Slow plugin: name=Tidy Bags 3 Reloaded elapsed=55ms
[13:41:43.221] [D] [Pulse] Slow bot root: 199ms bot=Combat Bot poi=None combat=False
[13:41:43.520] [D] [Pulse] Slow bot root: 199ms bot=Combat Bot poi=None combat=False
[13:41:43.822] [D] [Pulse] Slow bot root: 200ms bot=Combat Bot poi=None combat=False
[13:41:44.122] [D] [Pulse] Slow bot root: 199ms bot=Combat Bot poi=None combat=False
[13:41:44.420] [D] [Pulse] Slow bot root: 198ms bot=Combat Bot poi=None combat=False
[13:41:44.720] [D] [Pulse] Slow bot root: 200ms bot=Combat Bot poi=None combat=False
[13:41:45.021] [D] [Pulse] Slow bot root: 202ms bot=Combat Bot poi=None combat=False
[13:41:45.322] [D] [Pulse] Slow bot root: 200ms bot=Combat Bot poi=None combat=False
[13:41:45.622] [D] [Pulse] Slow bot root: 199ms bot=Combat Bot poi=None combat=False
[13:41:45.922] [D] [Pulse] Slow bot root: 199ms bot=Combat Bot poi=None combat=False
[13:41:46.222] [D] [Pulse] Slow bot root: 197ms bot=Combat Bot poi=None combat=False
[13:41:46.524] [D] [Pulse] Slow bot root: 201ms bot=Combat Bot poi=None combat=False
[13:41:46.823] [D] [Pulse] Slow bot root: 199ms bot=Combat Bot poi=None combat=False
[13:41:47.128] [D] [Pulse] Slow bot root: 202ms bot=Combat Bot poi=None combat=False
[13:41:47.428] [D] [Pulse] Slow bot root: 200ms bot=Combat Bot poi=None combat=False
[13:41:47.729] [D] [Pulse] Slow bot root: 202ms bot=Combat Bot poi=None combat=False
[13:41:48.032] [D] [Pulse] Slow bot root: 203ms bot=Combat Bot poi=None combat=False
[13:41:48.364] [D] [Pulse] Slow bot root: 197ms bot=Combat Bot poi=None combat=False
[13:41:48.660] [D] [Pulse] Slow bot root: 177ms bot=Combat Bot poi=None combat=False
[13:41:48.962] [D] [Pulse] Slow bot root: 202ms bot=Combat Bot poi=None combat=False
[13:41:49.264] [D] [Pulse] Slow bot root: 201ms bot=Combat Bot poi=None combat=False
[13:41:49.563] [D] [Pulse] Slow bot root: 199ms bot=Combat Bot poi=None combat=False
[13:41:49.864] [D] [Pulse] Slow bot root: 199ms bot=Combat Bot poi=None combat=False
[13:41:50.165] [D] [Pulse] Slow bot root: 201ms bot=Combat Bot poi=None combat=False
[13:41:50.465] [D] [Pulse] Slow bot root: 200ms bot=Combat Bot poi=None combat=False
[13:41:50.768] [D] [Pulse] Slow bot root: 200ms bot=Combat Bot poi=None combat=False
[13:41:51.072] [D] [Pulse] Slow bot root: 201ms bot=Combat Bot poi=None combat=False
[13:41:51.375] [D] [Pulse] Slow bot root: 202ms bot=Combat Bot poi=None combat=False
[13:41:51.673] [D] [Pulse] Slow bot root: 197ms bot=Combat Bot poi=None combat=False
[13:41:51.971] [D] [Pulse] Slow bot root: 199ms bot=Combat Bot poi=None combat=False
[13:41:52.274] [D] [Pulse] Slow bot root: 203ms bot=Combat Bot poi=None combat=False
[13:41:52.580] [D] [Pulse] Slow bot root: 205ms bot=Combat Bot poi=None combat=False
[13:41:52.909] [D] [Pulse] Slow plugin: name=AutoEquip2 elapsed=291ms
[13:41:52.975] [D] [Pulse] Slow shared pulse: total=395ms movement=0 objects=0 lua=0 info=0 loot=0 targeting=36 events=0 plugins=357 routine=0
[13:41:53.176] [D] [Pulse] Slow bot root: 200ms bot=Combat Bot poi=None combat=False
[13:41:53.309] [D] [Pulse] Slow plugin: name=Tidy Bags 3 Reloaded elapsed=57ms
[13:41:53.512] [D] [Pulse] Slow bot root: 202ms bot=Combat Bot poi=None combat=False
[13:41:53.814] [D] [Pulse] Slow bot root: 202ms bot=Combat Bot poi=None combat=False
[13:41:54.112] [D] [Pulse] Slow bot root: 198ms bot=Combat Bot poi=None combat=False
[13:41:54.414] [D] [Pulse] Slow bot root: 201ms bot=Combat Bot poi=None combat=False
[13:41:54.716] [D] [Pulse] Slow bot root: 201ms bot=Combat Bot poi=None combat=False
[13:41:55.020] [D] [Pulse] Slow bot root: 203ms bot=Combat Bot poi=None combat=False
[13:41:55.324] [D] [Pulse] Slow bot root: 203ms bot=Combat Bot poi=None combat=False
[13:41:55.622] [D] [Pulse] Slow bot root: 198ms bot=Combat Bot poi=None combat=False
[13:41:55.927] [D] [Pulse] Slow bot root: 203ms bot=Combat Bot poi=None combat=False
[13:41:56.226] [D] [Pulse] Slow bot root: 199ms bot=Combat Bot poi=None combat=False
[13:41:56.526] [D] [Pulse] Slow bot root: 199ms bot=Combat Bot poi=None combat=False
[13:41:56.826] [D] [Pulse] Slow bot root: 198ms bot=Combat Bot poi=None combat=False
[13:41:57.128] [D] [Pulse] Slow bot root: 201ms bot=Combat Bot poi=None combat=False
[13:41:57.428] [D] [Pulse] Slow bot root: 200ms bot=Combat Bot poi=None combat=False
[13:41:57.732] [D] [Pulse] Slow bot root: 202ms bot=Combat Bot poi=None combat=False
[13:41:58.035] [D] [Pulse] Slow bot root: 202ms bot=Combat Bot poi=None combat=False
[13:41:58.285] [N] [Singular] Casting Blessing of Kings on Rogue
[13:41:58.285] [D] Spell_C::CastSpell(20217, 0, 0x6000000007F53B1, 0)
[13:41:58.298] [D] [Pulse] Slow bot root: 128ms bot=Combat Bot poi=None combat=False
[13:42:02.570] [D] [Pulse] Slow bot root: 266ms bot=Combat Bot poi=None combat=False
[13:42:02.936] [D] [Pulse] Slow bot root: 266ms bot=Combat Bot poi=None combat=False
[13:42:03.275] [D] [Pulse] Slow plugin: name=AutoEquip2 elapsed=297ms
[13:42:03.341] [D] [Pulse] Slow plugin: name=Tidy Bags 3 Reloaded elapsed=64ms
[13:42:03.341] [D] [Pulse] Slow shared pulse: total=404ms movement=0 objects=0 lua=0 info=0 loot=0 targeting=38 events=0 plugins=363 routine=0
[13:42:03.611] [D] [Pulse] Slow bot root: 269ms bot=Combat Bot poi=None combat=False
[13:42:04.009] [D] [Pulse] Slow bot root: 265ms bot=Combat Bot poi=None combat=False
[13:42:04.376] [D] [Pulse] Slow bot root: 267ms bot=Combat Bot poi=None combat=False
[13:42:04.741] [D] [Pulse] Slow bot root: 265ms bot=Combat Bot poi=None combat=False
[13:42:05.109] [D] [Pulse] Slow bot root: 267ms bot=Combat Bot poi=None combat=False
[13:42:05.444] [D] [Pulse] Slow bot root: 233ms bot=Combat Bot poi=None combat=False
[13:42:05.746] [D] [Pulse] Slow bot root: 201ms bot=Combat Bot poi=None combat=False
[13:42:06.050] [D] [Pulse] Slow bot root: 202ms bot=Combat Bot poi=None combat=False
[13:42:06.352] [D] [Pulse] Slow bot root: 200ms bot=Combat Bot poi=None combat=False
[13:42:06.689] [D] [Pulse] Slow bot root: 204ms bot=Combat Bot poi=None combat=False
[13:42:06.991] [D] [Pulse] Slow bot root: 201ms bot=Combat Bot poi=None combat=False
[13:42:07.292] [D] [Pulse] Slow bot root: 198ms bot=Combat Bot poi=None combat=False
[13:42:07.593] [D] [Pulse] Slow bot root: 202ms bot=Combat Bot poi=None combat=False
[13:42:07.894] [D] [Pulse] Slow bot root: 200ms bot=Combat Bot poi=None combat=False
[13:42:08.195] [D] [Pulse] Slow bot root: 201ms bot=Combat Bot poi=None combat=False
[13:42:08.498] [D] [Pulse] Slow bot root: 202ms bot=Combat Bot poi=None combat=False
[13:42:08.798] [D] [Pulse] Slow bot root: 200ms bot=Combat Bot poi=None combat=False
[13:42:09.127] [D] [Pulse] Slow bot root: 197ms bot=Combat Bot poi=None combat=False
[13:42:09.430] [D] [Pulse] Slow bot root: 200ms bot=Combat Bot poi=None combat=False
[13:42:09.733] [D] [Pulse] Slow bot root: 202ms bot=Combat Bot poi=None combat=False
[13:42:10.033] [D] [Pulse] Slow bot root: 198ms bot=Combat Bot poi=None combat=False
[13:42:10.333] [D] [Pulse] Slow bot root: 197ms bot=Combat Bot poi=None combat=False
[13:42:10.636] [D] [Pulse] Slow bot root: 200ms bot=Combat Bot poi=None combat=False
[13:42:10.937] [D] [Pulse] Slow bot root: 200ms bot=Combat Bot poi=None combat=False
[13:42:11.239] [D] [Pulse] Slow bot root: 199ms bot=Combat Bot poi=None combat=False
[13:42:11.536] [D] [Pulse] Slow bot root: 198ms bot=Combat Bot poi=None combat=False
[13:42:11.837] [D] [Pulse] Slow bot root: 201ms bot=Combat Bot poi=None combat=False
[13:42:12.139] [D] [Pulse] Slow bot root: 200ms bot=Combat Bot poi=None combat=False
[13:42:12.440] [D] [Pulse] Slow bot root: 200ms bot=Combat Bot poi=None combat=False
[13:42:12.738] [D] [Pulse] Slow bot root: 198ms bot=Combat Bot poi=None combat=False
[13:42:13.038] [D] [Pulse] Slow bot root: 199ms bot=Combat Bot poi=None combat=False
[13:42:13.374] [D] [Pulse] Slow plugin: name=AutoEquip2 elapsed=294ms
[13:42:13.439] [D] [Pulse] Slow plugin: name=Tidy Bags 3 Reloaded elapsed=63ms
[13:42:13.439] [D] [Pulse] Slow shared pulse: total=401ms movement=0 objects=0 lua=0 info=0 loot=0 targeting=40 events=0 plugins=359 routine=0
[13:42:13.641] [D] [Pulse] Slow bot root: 201ms bot=Combat Bot poi=None combat=False
[13:42:13.942] [D] [Pulse] Slow bot root: 198ms bot=Combat Bot poi=None combat=False
[13:42:14.275] [D] [Pulse] Slow bot root: 199ms bot=Combat Bot poi=None combat=False
[13:42:14.576] [D] [Pulse] Slow bot root: 201ms bot=Combat Bot poi=None combat=False
[13:42:14.874] [D] [Pulse] Slow bot root: 199ms bot=Combat Bot poi=None combat=False
[13:42:15.174] [D] [Pulse] Slow bot root: 198ms bot=Combat Bot poi=None combat=False
[13:42:15.475] [D] [Pulse] Slow bot root: 200ms bot=Combat Bot poi=None combat=False
[13:42:15.779] [D] [Pulse] Slow bot root: 201ms bot=Combat Bot poi=None combat=False
[13:42:16.079] [D] [Pulse] Slow bot root: 200ms bot=Combat Bot poi=None combat=False
[13:42:16.383] [D] [Pulse] Slow bot root: 199ms bot=Combat Bot poi=None combat=False
[13:42:16.683] [D] [Pulse] Slow bot root: 200ms bot=Combat Bot poi=None combat=False
[13:42:16.982] [D] [Pulse] Slow bot root: 199ms bot=Combat Bot poi=None combat=False
[13:42:17.280] [D] [Pulse] Slow bot root: 199ms bot=Combat Bot poi=None combat=False
[13:42:17.583] [D] [Pulse] Slow bot root: 202ms bot=Combat Bot poi=None combat=False
[13:42:17.881] [D] [Pulse] Slow bot root: 198ms bot=Combat Bot poi=None combat=False
[13:42:18.182] [D] [Pulse] Slow bot root: 201ms bot=Combat Bot poi=None combat=False
[13:42:18.483] [D] [Pulse] Slow bot root: 201ms bot=Combat Bot poi=None combat=False
[13:42:18.786] [D] [Pulse] Slow bot root: 201ms bot=Combat Bot poi=None combat=False
[13:42:19.089] [D] [Pulse] Slow bot root: 201ms bot=Combat Bot poi=None combat=False
[13:42:19.427] [D] [Pulse] Slow bot root: 201ms bot=Combat Bot poi=None combat=False
[13:42:19.728] [D] [Pulse] Slow bot root: 201ms bot=Combat Bot poi=None combat=False
[13:42:20.027] [D] [Pulse] Slow bot root: 199ms bot=Combat Bot poi=None combat=False
[13:42:20.328] [D] [Pulse] Slow bot root: 200ms bot=Combat Bot poi=None combat=False
[13:42:20.632] [D] [Pulse] Slow bot root: 202ms bot=Combat Bot poi=None combat=False
[13:42:20.937] [D] [Pulse] Slow bot root: 202ms bot=Combat Bot poi=None combat=False
[13:42:21.241] [D] [Pulse] Slow bot root: 202ms bot=Combat Bot poi=None combat=False
[13:42:21.538] [D] [Pulse] Slow bot root: 197ms bot=Combat Bot poi=None combat=False
[13:42:21.839] [D] [Pulse] Slow bot root: 200ms bot=Combat Bot poi=None combat=False
[13:42:22.140] [D] [Pulse] Slow bot root: 199ms bot=Combat Bot poi=None combat=False
[13:42:22.439] [D] [Pulse] Slow bot root: 200ms bot=Combat Bot poi=None combat=False
[13:42:22.673] [D] [Pulse] Slow bot root: 132ms bot=Combat Bot poi=None combat=False
[13:42:22.906] [D] [Pulse] Slow bot root: 132ms bot=Combat Bot poi=None combat=False
[13:42:23.141] [D] [Pulse] Slow bot root: 134ms bot=Combat Bot poi=None combat=False
[13:42:23.473] [D] [Pulse] Slow plugin: name=AutoEquip2 elapsed=290ms
[13:42:23.538] [D] [Pulse] Slow plugin: name=Tidy Bags 3 Reloaded elapsed=64ms
[13:42:23.539] [D] [Pulse] Slow shared pulse: total=397ms movement=0 objects=0 lua=0 info=0 loot=0 targeting=39 events=0 plugins=356 routine=0
[13:42:23.673] [D] [Pulse] Slow bot root: 133ms bot=Combat Bot poi=None combat=False
[13:42:40.302] [D] [Singular-DEBUG] Switched targets!
[13:42:40.302] [D] [Singular-DEBUG] Melee Distance: 5
[13:42:40.302] [D] [Singular-DEBUG] Health: 24.83349191246432
[13:42:40.302] [D] [Singular-DEBUG] Level: 30
[13:42:40.636] [N] [Singular] Casting Exorcism on Scarlet Sentry
[13:42:40.636] [D] Spell_C::CastSpell(879, 0, 0xF1300010BB00003A, 0)
[13:42:40.642] [D] [Pulse] Slow bot root: 270ms bot=Combat Bot poi=None combat=True
[13:42:41.187] [D] [Pulse] Slow bot root: 508ms bot=Combat Bot poi=None combat=True
[13:42:41.739] [D] [Pulse] Slow bot root: 511ms bot=Combat Bot poi=None combat=True
[13:42:42.169] [N] [Singular] Casting Judgement of Light on Scarlet Sentry
[13:42:42.169] [D] Spell_C::CastSpell(20271, 0, 0xF1300010BB00003A, 0)
[13:42:42.185] [D] [Pulse] Slow bot root: 413ms bot=Combat Bot poi=None combat=False
[13:42:42.536] [D] [Singular-DEBUG] Switched targets!
[13:42:42.536] [D] [Singular-DEBUG] Melee Distance: 5
[13:42:42.536] [D] [Singular-DEBUG] Health: 0
[13:42:42.536] [D] [Singular-DEBUG] Level: 30
[13:42:43.380] [D] [Pulse] Slow plugin: name=AutoEquip2 elapsed=61ms
[13:42:53.390] [D] [Pulse] Slow plugin: name=AutoEquip2 elapsed=62ms
[13:42:53.751] [D] [Singular-DEBUG] Switched targets!
[13:42:53.752] [D] [Singular-DEBUG] Melee Distance: 5
[13:42:53.752] [D] [Singular-DEBUG] Health: 99.63552021206097
[13:42:53.752] [D] [Singular-DEBUG] Level: 31
[13:42:53.963] [N] [Singular] Casting Exorcism on Scarlet Torturer
[13:42:53.963] [D] Spell_C::CastSpell(879, 0, 0xF1300010D200003D, 0)
[13:42:53.972] [D] [Pulse] Slow bot root: 219ms bot=Combat Bot poi=None combat=True
[13:42:54.494] [D] [Pulse] Slow bot root: 480ms bot=Combat Bot poi=None combat=True
[13:42:55.069] [D] [Pulse] Slow bot root: 521ms bot=Combat Bot poi=None combat=True
[13:42:55.642] [D] [Pulse] Slow bot root: 534ms bot=Combat Bot poi=None combat=True
[13:42:56.104] [N] [Singular] Casting Judgement of Light on Scarlet Torturer
[13:42:56.104] [D] Spell_C::CastSpell(20271, 0, 0xF1300010D200003D, 0)
[13:42:56.114] [D] [Pulse] Slow bot root: 431ms bot=Combat Bot poi=None combat=True
[13:42:56.769] [D] [Pulse] Slow bot root: 612ms bot=Combat Bot poi=None combat=True
[13:42:57.281] [D] [Pulse] Slow bot root: 468ms bot=Combat Bot poi=None combat=True
[13:42:57.870] [N] [Singular] Casting Consecration on Scarlet Torturer
[13:42:57.870] [D] Spell_C::CastSpell(26573, 0, 0xF1300010D200003D, 0)
[13:42:57.882] [D] [Pulse] Slow bot root: 552ms bot=Combat Bot poi=None combat=True
[13:42:58.510] [D] [Pulse] Slow bot root: 581ms bot=Combat Bot poi=None combat=True
[13:42:59.115] [D] [Pulse] Slow bot root: 560ms bot=Combat Bot poi=None combat=True
[13:42:59.798] [D] [Pulse] Slow bot root: 557ms bot=Combat Bot poi=None combat=True
[13:42:59.844] [D] [Singular-DEBUG] Switched targets!
[13:42:59.845] [D] [Singular-DEBUG] Melee Distance: 5
[13:42:59.845] [D] [Singular-DEBUG] Health: 97.54129129129129
[13:42:59.845] [D] [Singular-DEBUG] Level: 32
[13:43:00.499] [D] [Pulse] Slow bot root: 567ms bot=Combat Bot poi=None combat=True
[13:43:01.105] [D] [Pulse] Slow bot root: 562ms bot=Combat Bot poi=None combat=True
[13:43:01.720] [D] [Pulse] Slow bot root: 570ms bot=Combat Bot poi=None combat=True
[13:43:02.329] [D] [Pulse] Slow bot root: 566ms bot=Combat Bot poi=None combat=True
[13:43:02.954] [D] [Pulse] Slow bot root: 584ms bot=Combat Bot poi=None combat=True
[13:43:03.561] [D] [Pulse] Slow bot root: 571ms bot=Combat Bot poi=None combat=True
[13:43:04.178] [D] [Pulse] Slow bot root: 581ms bot=Combat Bot poi=None combat=True
[13:43:04.678] [N] [Singular] Casting Judgement of Light on Interrogator Vishas
[13:43:04.678] [D] Spell_C::CastSpell(20271, 0, 0xF130000F8F00002F, 0)
[13:43:04.684] [D] [Pulse] Slow bot root: 457ms bot=Combat Bot poi=None combat=True
[13:43:05.320] [D] [Pulse] Slow bot root: 589ms bot=Combat Bot poi=None combat=True
[13:43:05.971] [D] [Pulse] Slow bot root: 603ms bot=Combat Bot poi=None combat=True
[13:43:06.613] [N] [Singular] Casting Consecration on Interrogator Vishas
[13:43:06.613] [D] Spell_C::CastSpell(26573, 0, 0xF130000F8F00002F, 0)
[13:43:06.619] [D] [Pulse] Slow bot root: 607ms bot=Combat Bot poi=None combat=True
[13:43:07.264] [D] [Pulse] Slow bot root: 596ms bot=Combat Bot poi=None combat=True
[13:43:07.916] [D] [Pulse] Slow bot root: 604ms bot=Combat Bot poi=None combat=True
[13:43:08.564] [D] [Pulse] Slow bot root: 602ms bot=Combat Bot poi=None combat=True
[13:43:09.226] [D] [Pulse] Slow bot root: 622ms bot=Combat Bot poi=None combat=True
[13:43:09.883] [D] [Pulse] Slow bot root: 612ms bot=Combat Bot poi=None combat=True
[13:43:10.554] [D] [Pulse] Slow bot root: 623ms bot=Combat Bot poi=None combat=True
[13:43:10.864] [N] [Singular] Casting Exorcism on Interrogator Vishas
[13:43:10.864] [D] Spell_C::CastSpell(879, 0, 0xF130000F8F00002F, 0)
[13:43:10.871] [D] [Pulse] Slow bot root: 265ms bot=Combat Bot poi=None combat=True
[13:43:10.925] [D] [Pulse] Slow plugin: name=Tidy Bags 3 Reloaded elapsed=20ms
[13:43:11.560] [D] [Pulse] Slow bot root: 634ms bot=Combat Bot poi=None combat=True
[13:43:12.237] [D] [Pulse] Slow bot root: 634ms bot=Combat Bot poi=None combat=True
[13:43:12.906] [D] [Pulse] Slow bot root: 629ms bot=Combat Bot poi=None combat=True
[13:43:13.447] [N] [Singular] Casting Judgement of Light on Interrogator Vishas
[13:43:13.447] [D] Spell_C::CastSpell(20271, 0, 0xF130000F8F00002F, 0)
[13:43:13.455] [D] [Pulse] Slow bot root: 507ms bot=Combat Bot poi=None combat=True
[13:43:14.166] [D] [Pulse] Slow bot root: 656ms bot=Combat Bot poi=None combat=True
[13:43:14.855] [D] [Pulse] Slow bot root: 643ms bot=Combat Bot poi=None combat=True
[13:43:15.594] [N] [Singular] Casting Consecration on Interrogator Vishas
[13:43:15.594] [D] Spell_C::CastSpell(26573, 0, 0xF130000F8F00002F, 0)
[13:43:15.628] [D] [Pulse] Slow bot root: 666ms bot=Combat Bot poi=None combat=True
[13:43:16.436] [D] [Pulse] Slow bot root: 672ms bot=Combat Bot poi=None combat=True
[13:43:17.159] [D] [Pulse] Slow bot root: 621ms bot=Combat Bot poi=None combat=True
[13:43:17.842] [D] [Pulse] Slow bot root: 601ms bot=Combat Bot poi=None combat=True
[13:43:18.529] [D] [Pulse] Slow bot root: 582ms bot=Combat Bot poi=None combat=True
[13:43:19.190] [D] [Pulse] Slow bot root: 576ms bot=Combat Bot poi=None combat=True
[13:43:19.852] [D] [Pulse] Slow bot root: 570ms bot=Combat Bot poi=None combat=True
[13:43:20.540] [D] [Pulse] Slow bot root: 590ms bot=Combat Bot poi=None combat=True
[13:43:21.185] [D] [Pulse] Slow bot root: 566ms bot=Combat Bot poi=None combat=True
[13:43:21.285] [D] [Pulse] Slow plugin: name=Tidy Bags 3 Reloaded elapsed=45ms
[13:43:21.789] [N] [Singular] Casting Judgement of Light on Interrogator Vishas
[13:43:21.789] [D] Spell_C::CastSpell(20271, 0, 0xF130000F8F00002F, 0)
[13:43:21.823] [D] [Pulse] Slow bot root: 538ms bot=Combat Bot poi=None combat=True
[13:43:22.543] [D] [Pulse] Slow bot root: 618ms bot=Combat Bot poi=None combat=True
[13:43:23.193] [D] [Pulse] Slow bot root: 568ms bot=Combat Bot poi=None combat=True
[13:43:23.893] [N] [Singular] Casting Consecration on Interrogator Vishas
[13:43:23.894] [D] Spell_C::CastSpell(26573, 0, 0xF130000F8F00002F, 0)
[13:43:23.929] [D] [Pulse] Slow bot root: 635ms bot=Combat Bot poi=None combat=True
[13:43:24.631] [D] [Pulse] Slow bot root: 604ms bot=Combat Bot poi=None combat=True
[13:43:25.314] [D] [Pulse] Slow bot root: 583ms bot=Combat Bot poi=None combat=True
[13:43:25.970] [D] [Pulse] Slow bot root: 566ms bot=Combat Bot poi=None combat=True
[13:43:26.638] [D] [Pulse] Slow bot root: 565ms bot=Combat Bot poi=None combat=True
[13:43:27.285] [D] [Pulse] Slow bot root: 546ms bot=Combat Bot poi=None combat=True
[13:43:30.170] [D] [Singular-DEBUG] [Talents] Best Tree: 18
[13:43:30.203] [D] [Talented] SelectMajorTalentTree called but not needed in WotLK 3.3.5a
[13:43:30.333] [N] We leveled up! Checking if we need to switch profiles.
[13:43:30.333] [D] Selected sub-profile: WholesomeAQ - Thousand Needles (L1-80)
[13:43:30.373] [D] [Pulse] Slow shared pulse: total=3087ms movement=0 objects=0 lua=2932 info=0 loot=1 targeting=30 events=83 plugins=39 routine=0
[13:43:30.639] [N] [Singular] Casting Exorcism on Interrogator Vishas
[13:43:30.639] [D] Spell_C::CastSpell(879, 0, 0xF130000F8F00002F, 0)
[13:43:30.673] [D] [Pulse] Slow bot root: 299ms bot=Combat Bot poi=None combat=True
[13:43:31.263] [D] [Pulse] Slow bot root: 489ms bot=Combat Bot poi=None combat=True
[13:43:31.339] [D] [Pulse] Slow plugin: name=Tidy Bags 3 Reloaded elapsed=52ms
[13:43:31.833] [D] [Pulse] Slow bot root: 494ms bot=Combat Bot poi=None combat=True
[13:43:32.443] [D] [Pulse] Slow bot root: 501ms bot=Combat Bot poi=None combat=True
[13:43:32.984] [N] [Singular] Casting Judgement of Light on Interrogator Vishas
[13:43:32.984] [D] Spell_C::CastSpell(20271, 0, 0xF130000F8F00002F, 0)
[13:43:33.017] [D] [Pulse] Slow bot root: 498ms bot=Combat Bot poi=None combat=True
[13:43:33.618] [D] [Pulse] Slow bot root: 501ms bot=Combat Bot poi=None combat=True
[13:43:34.222] [D] [Pulse] Slow bot root: 501ms bot=Combat Bot poi=None combat=True
[13:43:36.537] [D] System.NullReferenceException: Object reference not set to an instance of an object.
   at Singular.Helpers.Unit.IsBoss(WoWUnit unit)
   at Singular.ClassSpecific.Paladin.Retribution.<>c.<CreateRetributionPaladinInstancePullAndCombat>b__4_7(Object ret)
   at Singular.Helpers.Spell.<>c__DisplayClass18_0.<Cast>b__0(Object ret)
   at TreeSharp.Decorator.Execute(Object context)+MoveNext()
   at TreeSharp.Composite.Tick(Object context)
[13:43:36.538] [D] System.NullReferenceException: Object reference not set to an instance of an object.
   at Singular.ClassSpecific.Paladin.Retribution.<>c.<CreateRetributionPaladinInstancePullAndCombat>b__4_12(Object ret)
   at Singular.Helpers.Spell.<>c__DisplayClass18_0.<Cast>b__0(Object ret)
   at TreeSharp.Decorator.Execute(Object context)+MoveNext()
   at TreeSharp.Composite.Tick(Object context)
[13:43:36.633] [D] System.NullReferenceException: Object reference not set to an instance of an object.
   at Singular.ClassSpecific.Paladin.Retribution.<>c.<CreateRetributionPaladinInstancePullAndCombat>b__4_14(Object ret)
   at Singular.Helpers.Spell.<>c__DisplayClass18_0.<Cast>b__0(Object ret)
   at TreeSharp.Decorator.Execute(Object context)+MoveNext()
   at TreeSharp.Composite.Tick(Object context)
[13:43:36.722] [D] System.NullReferenceException: Object reference not set to an instance of an object.
   at Singular.ClassSpecific.Paladin.Retribution.<>c.<CreateRetributionPaladinInstancePullAndCombat>b__4_16(Object ret)
   at Singular.Helpers.Spell.<>c__DisplayClass18_0.<Cast>b__0(Object ret)
   at TreeSharp.Decorator.Execute(Object context)+MoveNext()
   at TreeSharp.Composite.Tick(Object context)
[13:43:36.722] [D] [Pulse] Slow bot root: 2399ms bot=Combat Bot poi=None combat=False
[13:43:36.723] [N] [AutoEquip]: Loot roll in progress
[13:43:36.826] [N] [AutoEquip]: Equipped item in slot:SecondaryHandSlot scored -1 while loot-roll item scored:103.67646
[13:43:36.860] [N] [AutoEquip]: Rolling Greed
[13:43:37.228] [D] [Pulse] Slow plugin: name=AutoEquip2 elapsed=289ms
[13:43:37.597] [D] [Pulse] Slow bot root: 270ms bot=Combat Bot poi=None combat=False
[13:43:37.995] [D] [Pulse] Slow bot root: 265ms bot=Combat Bot poi=None combat=False
[13:43:38.408] [D] [Pulse] Slow bot root: 278ms bot=Combat Bot poi=None combat=False
[13:43:38.776] [D] [Pulse] Slow bot root: 267ms bot=Combat Bot poi=None combat=False
[13:43:39.144] [D] [Pulse] Slow bot root: 269ms bot=Combat Bot poi=None combat=False
[13:43:39.511] [D] [Pulse] Slow bot root: 267ms bot=Combat Bot poi=None combat=False
[13:43:39.881] [D] [Pulse] Slow bot root: 269ms bot=Combat Bot poi=None combat=False
[13:43:40.250] [D] [Pulse] Slow bot root: 268ms bot=Combat Bot poi=None combat=False
[13:43:40.616] [D] [Pulse] Slow bot root: 264ms bot=Combat Bot poi=None combat=False
[13:43:40.980] [D] [Pulse] Slow bot root: 264ms bot=Combat Bot poi=None combat=False
[13:43:41.346] [D] [Pulse] Slow bot root: 265ms bot=Combat Bot poi=None combat=False
[13:43:41.445] [D] [Pulse] Slow plugin: name=Tidy Bags 3 Reloaded elapsed=55ms
[13:43:41.711] [D] [Pulse] Slow bot root: 265ms bot=Combat Bot poi=None combat=False
[13:43:42.083] [D] [Pulse] Slow bot root: 269ms bot=Combat Bot poi=None combat=False
[13:43:42.452] [D] [Pulse] Slow bot root: 267ms bot=Combat Bot poi=None combat=False
[13:43:42.819] [D] [Pulse] Slow bot root: 267ms bot=Combat Bot poi=None combat=False
[13:43:43.222] [D] [Pulse] Slow bot root: 267ms bot=Combat Bot poi=None combat=False
[13:43:43.588] [D] [Pulse] Slow bot root: 265ms bot=Combat Bot poi=None combat=False
[13:43:43.960] [D] [Pulse] Slow bot root: 270ms bot=Combat Bot poi=None combat=False
[13:43:44.329] [D] [Pulse] Slow bot root: 269ms bot=Combat Bot poi=None combat=False
[13:43:44.696] [D] [Pulse] Slow bot root: 266ms bot=Combat Bot poi=None combat=False
[13:43:45.068] [D] [Pulse] Slow bot root: 272ms bot=Combat Bot poi=None combat=False
[13:43:45.436] [D] [Pulse] Slow bot root: 267ms bot=Combat Bot poi=None combat=False
[13:43:45.804] [D] [Pulse] Slow bot root: 266ms bot=Combat Bot poi=None combat=False
[13:43:46.170] [D] [Pulse] Slow bot root: 266ms bot=Combat Bot poi=None combat=False
[13:43:46.540] [D] [Pulse] Slow bot root: 269ms bot=Combat Bot poi=None combat=False
[13:43:46.908] [D] [Pulse] Slow bot root: 267ms bot=Combat Bot poi=None combat=False
[13:43:47.241] [D] [Pulse] Slow plugin: name=AutoEquip2 elapsed=289ms
[13:43:47.306] [D] [Pulse] Slow shared pulse: total=397ms movement=0 objects=0 lua=0 info=0 loot=1 targeting=41 events=0 plugins=354 routine=0
[13:43:47.575] [D] [Pulse] Slow bot root: 269ms bot=Combat Bot poi=None combat=False
[13:43:48.213] [D] [Pulse] Slow bot root: 265ms bot=Combat Bot poi=None combat=False
[13:43:48.581] [D] [Pulse] Slow bot root: 233ms bot=Combat Bot poi=None combat=False
[13:43:48.879] [D] [Pulse] Slow bot root: 197ms bot=Combat Bot poi=None combat=False
[13:43:49.181] [D] [Pulse] Slow bot root: 202ms bot=Combat Bot poi=None combat=False
[13:43:49.484] [D] [Pulse] Slow bot root: 202ms bot=Combat Bot poi=None combat=False
[13:43:49.783] [D] [Pulse] Slow bot root: 198ms bot=Combat Bot poi=None combat=False
[13:43:50.081] [D] [Pulse] Slow bot root: 198ms bot=Combat Bot poi=None combat=False
[13:43:50.378] [D] [Pulse] Slow bot root: 196ms bot=Combat Bot poi=None combat=False
[13:43:50.678] [D] [Pulse] Slow bot root: 201ms bot=Combat Bot poi=None combat=False
[13:43:50.975] [D] [Pulse] Slow bot root: 198ms bot=Combat Bot poi=None combat=False
[13:43:51.279] [D] [Pulse] Slow bot root: 203ms bot=Combat Bot poi=None combat=False
[13:43:58.483] [N] [AutoEquip]: Loot roll in progress
[13:43:58.500] [N] [AutoEquip]: Equipped item in slot:SecondaryHandSlot scored -1 while loot-roll item scored:92.76316
[13:43:58.506] [N] [AutoEquip]: Rolling Greed
[13:43:58.513] [N] [AutoEquip]: Loot roll in progress
[13:43:58.533] [N] [AutoEquip]: Equipped item in slot:ShoulderSlot scored 0 while loot-roll item scored:0
[13:43:58.533] [N] [AutoEquip]: New item did not contain our primary stat of:Strength so we are not rolling need.
[13:43:58.533] [N] [AutoEquip]: Rolling Greed
[13:44:07.139] [D] [Pulse] Slow plugin: name=AutoEquip2 elapsed=62ms
[13:44:09.491] [D] [Singular-DEBUG] Switched targets!
[13:44:09.491] [D] [Singular-DEBUG] Melee Distance: 5
[13:44:09.491] [D] [Singular-DEBUG] Health: 87.71064529387587
[13:44:09.491] [D] [Singular-DEBUG] Level: 30
[13:44:09.837] [N] [Singular] Casting Exorcism on Scarlet Scryer
[13:44:09.837] [D] Spell_C::CastSpell(879, 0, 0xF1300010C500007F, 0)
[13:44:09.848] [D] [Pulse] Slow bot root: 269ms bot=Combat Bot poi=None combat=True
[13:44:10.503] [D] [Pulse] Slow bot root: 614ms bot=Combat Bot poi=None combat=True
[13:44:11.162] [D] [Pulse] Slow bot root: 617ms bot=Combat Bot poi=None combat=True
[13:44:11.694] [N] [Singular] Casting Judgement of Light on Scarlet Scryer
[13:44:11.695] [D] Spell_C::CastSpell(20271, 0, 0xF1300010C500007F, 0)
[13:44:11.701] [D] [Pulse] Slow bot root: 503ms bot=Combat Bot poi=None combat=True
[13:44:12.366] [D] [Pulse] Slow bot root: 632ms bot=Combat Bot poi=None combat=True
[13:44:13.031] [D] [Pulse] Slow bot root: 624ms bot=Combat Bot poi=None combat=True
[13:44:13.691] [D] [Pulse] Slow bot root: 624ms bot=Combat Bot poi=None combat=True
[13:44:14.376] [D] [Pulse] Slow bot root: 647ms bot=Combat Bot poi=None combat=True
[13:44:15.056] [D] [Pulse] Slow bot root: 648ms bot=Combat Bot poi=None combat=True
[13:44:15.134] [D] [Pulse] Slow plugin: name=Tidy Bags 3 Reloaded elapsed=49ms
[13:44:15.785] [D] [Pulse] Slow bot root: 649ms bot=Combat Bot poi=None combat=True
[13:44:16.522] [D] [Pulse] Slow bot root: 648ms bot=Combat Bot poi=None combat=True
[13:44:17.253] [D] [Pulse] Slow bot root: 645ms bot=Combat Bot poi=None combat=True
[13:44:18.000] [D] [Pulse] Slow bot root: 653ms bot=Combat Bot poi=None combat=True
[13:44:18.731] [D] [Pulse] Slow bot root: 645ms bot=Combat Bot poi=None combat=True
[13:44:19.396] [D] [Pulse] Slow bot root: 624ms bot=Combat Bot poi=None combat=True
[13:44:19.972] [D] [Pulse] Slow bot root: 539ms bot=Combat Bot poi=None combat=True
[13:44:20.494] [N] [Singular] Casting Judgement of Light on Scarlet Scryer
[13:44:20.494] [D] Spell_C::CastSpell(20271, 0, 0xF1300010C500007F, 0)
[13:44:20.502] [D] [Pulse] Slow bot root: 497ms bot=Combat Bot poi=None combat=True
[13:44:21.059] [D] [Pulse] Slow bot root: 526ms bot=Combat Bot poi=None combat=True
[13:44:21.449] [D] System.NullReferenceException: Object reference not set to an instance of an object.
   at Singular.ClassSpecific.Paladin.Retribution.<>c.<CreateRetributionPaladinInstancePullAndCombat>b__4_14(Object ret)
   at Singular.Helpers.Spell.<>c__DisplayClass18_0.<Cast>b__0(Object ret)
   at TreeSharp.Decorator.Execute(Object context)+MoveNext()
   at TreeSharp.Composite.Tick(Object context)
[13:44:21.570] [D] System.NullReferenceException: Object reference not set to an instance of an object.
   at Singular.ClassSpecific.Paladin.Retribution.<>c.<CreateRetributionPaladinInstancePullAndCombat>b__4_16(Object ret)
   at Singular.Helpers.Spell.<>c__DisplayClass18_0.<Cast>b__0(Object ret)
   at TreeSharp.Decorator.Execute(Object context)+MoveNext()
   at TreeSharp.Composite.Tick(Object context)
[13:44:21.570] [D] [Pulse] Slow bot root: 478ms bot=Combat Bot poi=None combat=True
[13:44:21.725] [N] [Singular] Currect target is invalid. Switching to Scarlet Scryer!
[13:44:21.738] [D] [Pulse] Slow bot root: 138ms bot=Combat Bot poi=None combat=True
[13:44:22.017] [D] [Singular-DEBUG] Switched targets!
[13:44:22.017] [D] [Singular-DEBUG] Melee Distance: 5
[13:44:22.017] [D] [Singular-DEBUG] Health: 25.688450472667487
[13:44:22.017] [D] [Singular-DEBUG] Level: 30
[13:44:22.818] [D] [Pulse] Slow bot root: 538ms bot=Combat Bot poi=None combat=True
[13:44:23.384] [D] [Pulse] Slow bot root: 533ms bot=Combat Bot poi=None combat=False
[13:44:24.767] [D] [Pulse] Slow bot root: 611ms bot=Combat Bot poi=None combat=True
[13:44:25.423] [D] [Pulse] Slow bot root: 620ms bot=Combat Bot poi=None combat=False
[13:44:27.395] [D] [Pulse] Slow plugin: name=AutoEquip2 elapsed=62ms
[13:44:28.390] [D] [Pulse] Slow plugin: name=Tidy Bags 3 Reloaded elapsed=42ms
[13:44:37.469] [D] [Pulse] Slow plugin: name=AutoEquip2 elapsed=60ms
[13:44:41.768] [D] [Pulse] Slow plugin: name=Tidy Bags 3 Reloaded elapsed=20ms
[13:44:45.038] [D] [Singular-DEBUG] Switched targets!
[13:44:45.038] [D] [Singular-DEBUG] Melee Distance: 5
[13:44:45.038] [D] [Singular-DEBUG] Health: 73.65392519523222
[13:44:45.038] [D] [Singular-DEBUG] Level: 30
[13:44:45.346] [N] [Singular] Casting Exorcism on Scarlet Scryer
[13:44:45.346] [D] Spell_C::CastSpell(879, 0, 0xF1300010C5000042, 0)
[13:44:45.352] [D] [Pulse] Slow bot root: 313ms bot=Combat Bot poi=None combat=True
[13:44:45.994] [D] [Pulse] Slow bot root: 604ms bot=Combat Bot poi=None combat=True
[13:44:46.643] [D] [Pulse] Slow bot root: 610ms bot=Combat Bot poi=None combat=True
[13:44:47.173] [N] [Singular] Casting Judgement of Light on Scarlet Scryer
[13:44:47.173] [D] Spell_C::CastSpell(20271, 0, 0xF1300010C5000042, 0)
[13:44:47.179] [D] [Pulse] Slow bot root: 500ms bot=Combat Bot poi=None combat=True
[13:44:47.829] [D] [Pulse] Slow bot root: 613ms bot=Combat Bot poi=None combat=True
[13:44:48.483] [D] [Pulse] Slow bot root: 617ms bot=Combat Bot poi=None combat=True
[13:44:49.137] [D] [Pulse] Slow bot root: 616ms bot=Combat Bot poi=None combat=True
[13:44:49.793] [D] [Pulse] Slow bot root: 613ms bot=Combat Bot poi=None combat=True
[13:44:50.442] [D] [Pulse] Slow bot root: 610ms bot=Combat Bot poi=None combat=True
[13:44:51.098] [D] [Pulse] Slow bot root: 616ms bot=Combat Bot poi=None combat=True
[13:44:51.749] [D] [Pulse] Slow bot root: 612ms bot=Combat Bot poi=None combat=True
[13:44:52.388] [D] [Pulse] Slow bot root: 604ms bot=Combat Bot poi=None combat=True
[13:44:52.679] [D] System.NullReferenceException: Object reference not set to an instance of an object.
   at Singular.Helpers.Unit.IsBoss(WoWUnit unit)
   at Singular.ClassSpecific.Paladin.Retribution.<>c.<CreateRetributionPaladinInstancePullAndCombat>b__4_7(Object ret)
   at Singular.Helpers.Spell.<>c__DisplayClass18_0.<Cast>b__0(Object ret)
   at TreeSharp.Decorator.Execute(Object context)+MoveNext()
   at TreeSharp.Composite.Tick(Object context)
[13:44:52.679] [D] System.NullReferenceException: Object reference not set to an instance of an object.
   at Singular.ClassSpecific.Paladin.Retribution.<>c.<CreateRetributionPaladinInstancePullAndCombat>b__4_12(Object ret)
   at Singular.Helpers.Spell.<>c__DisplayClass18_0.<Cast>b__0(Object ret)
   at TreeSharp.Decorator.Execute(Object context)+MoveNext()
   at TreeSharp.Composite.Tick(Object context)
[13:44:52.797] [D] System.NullReferenceException: Object reference not set to an instance of an object.
   at Singular.ClassSpecific.Paladin.Retribution.<>c.<CreateRetributionPaladinInstancePullAndCombat>b__4_14(Object ret)
   at Singular.Helpers.Spell.<>c__DisplayClass18_0.<Cast>b__0(Object ret)
   at TreeSharp.Decorator.Execute(Object context)+MoveNext()
   at TreeSharp.Composite.Tick(Object context)
[13:44:52.913] [D] System.NullReferenceException: Object reference not set to an instance of an object.
   at Singular.ClassSpecific.Paladin.Retribution.<>c.<CreateRetributionPaladinInstancePullAndCombat>b__4_16(Object ret)
   at Singular.Helpers.Spell.<>c__DisplayClass18_0.<Cast>b__0(Object ret)
   at TreeSharp.Decorator.Execute(Object context)+MoveNext()
   at TreeSharp.Composite.Tick(Object context)
[13:44:52.913] [D] [Pulse] Slow bot root: 491ms bot=Combat Bot poi=None combat=True
[13:44:52.946] [N] [Singular] Currect target is invalid. Switching to Scarlet Scryer!
[13:44:53.279] [D] [Singular-DEBUG] Switched targets!
[13:44:53.279] [D] [Singular-DEBUG] Melee Distance: 5
[13:44:53.279] [D] [Singular-DEBUG] Health: 13.316892725030826
[13:44:53.279] [D] [Singular-DEBUG] Level: 30
[13:44:53.909] [D] [Pulse] Slow bot root: 535ms bot=Combat Bot poi=None combat=True
[13:44:54.571] [D] [Pulse] Slow bot root: 629ms bot=Combat Bot poi=None combat=True
[13:44:55.191] [D] [Pulse] Slow bot root: 583ms bot=Combat Bot poi=None combat=True
[13:44:55.699] [N] [Singular] Casting Judgement of Light on Scarlet Scryer
[13:44:55.700] [D] Spell_C::CastSpell(20271, 0, 0xF1300010C5000042, 0)
[13:44:55.706] [D] [Pulse] Slow bot root: 476ms bot=Combat Bot poi=None combat=True
[13:44:56.312] [D] [Pulse] Slow bot root: 573ms bot=Combat Bot poi=None combat=True
[13:44:56.348] [N] [Singular] Currect target is invalid. Switching to Scarlet Torturer!
[13:44:56.689] [D] [Singular-DEBUG] Switched targets!
[13:44:56.689] [D] [Singular-DEBUG] Melee Distance: 5
[13:44:56.689] [D] [Singular-DEBUG] Health: 14.345549738219896
[13:44:56.689] [D] [Singular-DEBUG] Level: 30
[13:44:57.585] [D] [MeshNavigator] Skipped 2 path nodes
[13:44:57.591] [D] [Pulse] Slow bot root: 620ms bot=Combat Bot poi=None combat=True
[13:44:58.124] [D] [MeshNavigator] Skipped 2 path nodes
[13:44:58.134] [D] [Pulse] Slow bot root: 499ms bot=Combat Bot poi=None combat=True
[13:44:58.662] [D] [Pulse] Slow bot root: 496ms bot=Combat Bot poi=None combat=True
[13:44:59.213] [D] [Pulse] Slow bot root: 511ms bot=Combat Bot poi=None combat=True
[13:44:59.853] [D] [Pulse] Slow bot root: 601ms bot=Combat Bot poi=None combat=True
[13:45:00.462] [D] [Pulse] Slow bot root: 567ms bot=Combat Bot poi=None combat=True
[13:45:01.062] [D] [Pulse] Slow bot root: 564ms bot=Combat Bot poi=None combat=True
[13:45:01.540] [D] System.NullReferenceException: Object reference not set to an instance of an object.
   at Singular.ClassSpecific.Paladin.Retribution.<>c.<CreateRetributionPaladinInstancePullAndCombat>b__4_16(Object ret)
   at Singular.Helpers.Spell.<>c__DisplayClass18_0.<Cast>b__0(Object ret)
   at TreeSharp.Decorator.Execute(Object context)+MoveNext()
   at TreeSharp.Composite.Tick(Object context)
[13:45:01.540] [D] [Pulse] Slow bot root: 445ms bot=Combat Bot poi=None combat=False
[13:45:08.295] [D] [Pulse] Slow plugin: name=AutoEquip2 elapsed=64ms
[13:45:18.379] [D] [Pulse] Slow plugin: name=AutoEquip2 elapsed=83ms
[13:45:19.741] [D] [Singular-DEBUG] Switched targets!
[13:45:19.741] [D] [Singular-DEBUG] Melee Distance: 3.5
[13:45:19.741] [D] [Singular-DEBUG] Health: 98.38465421504291
[13:45:19.741] [D] [Singular-DEBUG] Level: 32
[13:45:21.266] [N] [Singular] Casting Exorcism on Unfettered Spirit
[13:45:21.266] [D] Spell_C::CastSpell(879, 0, 0xF1300010D400006E, 0)
[13:45:21.277] [D] [Pulse] Slow bot root: 374ms bot=Combat Bot poi=None combat=True
[13:45:21.333] [D] [Singular-DEBUG] Switched targets!
[13:45:21.333] [D] [Singular-DEBUG] Melee Distance: 5
[13:45:21.333] [D] [Singular-DEBUG] Health: 78.52882703777335
[13:45:21.333] [D] [Singular-DEBUG] Level: 31
[13:45:22.046] [D] [Pulse] Slow bot root: 712ms bot=Combat Bot poi=None combat=True
[13:45:22.828] [D] [Pulse] Slow bot root: 723ms bot=Combat Bot poi=None combat=True
[13:45:23.449] [N] [Singular] Casting Judgement of Light on Unfettered Spirit
[13:45:23.449] [D] Spell_C::CastSpell(20271, 0, 0xF1300010D400006E, 0)
[13:45:23.456] [D] [Pulse] Slow bot root: 564ms bot=Combat Bot poi=None combat=True
[13:45:24.251] [D] [Pulse] Slow bot root: 739ms bot=Combat Bot poi=None combat=True
[13:45:25.038] [N] [Singular] Casting Consecration on Unfettered Spirit
[13:45:25.038] [D] Spell_C::CastSpell(26573, 0, 0xF1300010D400006E, 0)
[13:45:25.045] [D] [Pulse] Slow bot root: 740ms bot=Combat Bot poi=None combat=True
[13:45:25.829] [D] [Pulse] Slow bot root: 729ms bot=Combat Bot poi=None combat=True
[13:45:26.616] [D] [Pulse] Slow bot root: 724ms bot=Combat Bot poi=None combat=True
[13:45:27.400] [D] [Pulse] Slow bot root: 723ms bot=Combat Bot poi=None combat=True
[13:45:28.150] [D] [Pulse] Slow bot root: 701ms bot=Combat Bot poi=None combat=True
[13:45:28.929] [D] [Pulse] Slow bot root: 727ms bot=Combat Bot poi=None combat=True
[13:45:28.930] [N] [AutoEquip]: Loot roll in progress
[13:45:28.957] [N] [AutoEquip]: Rolling Greed
[13:45:29.743] [D] [Pulse] Slow bot root: 715ms bot=Combat Bot poi=None combat=True
[13:45:30.491] [D] [Pulse] Slow bot root: 692ms bot=Combat Bot poi=None combat=True
[13:45:30.539] [D] [Singular-DEBUG] Switched targets!
[13:45:30.539] [D] [Singular-DEBUG] Melee Distance: 5
[13:45:30.539] [D] [Singular-DEBUG] Health: 21.2565445026178
[13:45:30.539] [D] [Singular-DEBUG] Level: 30
[13:45:31.205] [D] [Pulse] Slow bot root: 665ms bot=Combat Bot poi=None combat=True
[13:45:31.781] [N] [Singular] Casting Judgement of Light on Unfettered Spirit
[13:45:31.781] [D] Spell_C::CastSpell(20271, 0, 0xF1300010D4000056, 0)
[13:45:31.793] [D] [Pulse] Slow bot root: 529ms bot=Combat Bot poi=None combat=True
[13:45:31.928] [N] [Singular] Currect target is invalid. Switching to Unfettered Spirit!
[13:45:32.141] [D] [Singular-DEBUG] Switched targets!
[13:45:32.141] [D] [Singular-DEBUG] Melee Distance: 5
[13:45:32.141] [D] [Singular-DEBUG] Health: 0
[13:45:32.141] [D] [Singular-DEBUG] Level: 30
[13:45:32.222] [D] [Singular-DEBUG] Switched targets!
[13:45:32.222] [D] [Singular-DEBUG] Melee Distance: 5
[13:45:32.222] [D] [Singular-DEBUG] Health: 28.586387434554975
[13:45:32.222] [D] [Singular-DEBUG] Level: 30
[13:45:32.404] [D] [Pulse] Slow plugin: name=Tidy Bags 3 Reloaded elapsed=22ms
[13:45:32.908] [N] [Singular] Casting Judgement of Light on Unfettered Spirit
[13:45:32.908] [D] Spell_C::CastSpell(20271, 0, 0xF1300010D400004A, 0)
[13:45:32.918] [D] [Pulse] Slow bot root: 513ms bot=Combat Bot poi=None combat=True
[13:45:33.564] [D] [Pulse] Slow bot root: 598ms bot=Combat Bot poi=None combat=True
[13:45:33.609] [N] [Singular] Currect target is invalid. Switching to Haunting Phantasm!
[13:45:33.947] [D] [Singular-DEBUG] Switched targets!
[13:45:33.947] [D] [Singular-DEBUG] Melee Distance: 5
[13:45:33.947] [D] [Singular-DEBUG] Health: 48.37640821736249
[13:45:33.947] [D] [Singular-DEBUG] Level: 31
[13:45:34.943] [D] [Pulse] Slow bot root: 702ms bot=Combat Bot poi=None combat=True
[13:45:35.651] [D] [Pulse] Slow bot root: 613ms bot=Combat Bot poi=None combat=True
[13:45:36.361] [D] [Pulse] Slow bot root: 617ms bot=Combat Bot poi=None combat=True
[13:45:37.170] [D] [Pulse] Slow bot root: 693ms bot=Combat Bot poi=None combat=True
[13:45:37.947] [D] [Pulse] Slow bot root: 688ms bot=Combat Bot poi=None combat=True
[13:45:38.393] [N] [Singular] Casting Exorcism on Haunting Phantasm
[13:45:38.393] [D] Spell_C::CastSpell(879, 0, 0xF13000191B00006B, 0)
[13:45:38.425] [D] [Pulse] Slow bot root: 367ms bot=Combat Bot poi=None combat=True
[13:45:39.169] [D] [Pulse] Slow bot root: 644ms bot=Combat Bot poi=None combat=True
[13:45:39.887] [D] [Pulse] Slow bot root: 625ms bot=Combat Bot poi=None combat=True
[13:45:40.617] [D] [Pulse] Slow bot root: 643ms bot=Combat Bot poi=None combat=True
[13:45:41.246] [N] [Singular] Casting Judgement of Light on Haunting Phantasm
[13:45:41.246] [D] Spell_C::CastSpell(20271, 0, 0xF13000191B00006B, 0)
[13:45:41.281] [D] [Pulse] Slow bot root: 571ms bot=Combat Bot poi=None combat=True
[13:45:42.010] [D] [Pulse] Slow bot root: 631ms bot=Combat Bot poi=None combat=True
[13:45:42.739] [D] [Pulse] Slow bot root: 621ms bot=Combat Bot poi=None combat=True
[13:45:42.823] [D] [Pulse] Slow plugin: name=Tidy Bags 3 Reloaded elapsed=43ms
[13:45:43.451] [D] [Pulse] Slow bot root: 627ms bot=Combat Bot poi=None combat=True
[13:45:44.217] [D] [Pulse] Slow bot root: 664ms bot=Combat Bot poi=None combat=True
[13:45:45.022] [D] [Pulse] Slow bot root: 703ms bot=Combat Bot poi=None combat=True
[13:45:45.763] [D] [Pulse] Slow bot root: 642ms bot=Combat Bot poi=None combat=True
[13:45:46.504] [D] [Pulse] Slow bot root: 645ms bot=Combat Bot poi=None combat=True
[13:45:47.232] [D] [Pulse] Slow bot root: 634ms bot=Combat Bot poi=None combat=False
[13:45:47.583] [D] [Pulse] Slow bot root: 214ms bot=Combat Bot poi=None combat=False
[13:45:49.342] [N] [AutoEquip]: Equipping Weapon "The Black Knight" instead of "Executioner's Sword" - it scored 92.76316 while the old scored 81.04706
[13:45:49.352] [D] [Pulse] Slow plugin: name=AutoEquip2 elapsed=102ms
[13:45:50.982] [D] [Singular-DEBUG] Switched targets!
[13:45:50.982] [D] [Singular-DEBUG] Melee Distance: 5
[13:45:50.982] [D] [Singular-DEBUG] Health: 99.27104042412194
[13:45:50.982] [D] [Singular-DEBUG] Level: 31
[13:45:51.514] [N] [Singular] Casting Judgement of Light on Illusionary Phantasm
[13:45:51.514] [D] Spell_C::CastSpell(20271, 0, 0xF13000195D00008B, 0)
[13:45:51.521] [D] [Pulse] Slow bot root: 437ms bot=Combat Bot poi=None combat=True
[13:45:52.115] [D] [Pulse] Slow bot root: 543ms bot=Combat Bot poi=None combat=True
[13:45:52.713] [D] [Pulse] Slow bot root: 542ms bot=Combat Bot poi=None combat=True
[13:45:53.309] [D] [Pulse] Slow bot root: 536ms bot=Combat Bot poi=None combat=True
[13:45:53.914] [D] [Pulse] Slow bot root: 551ms bot=Combat Bot poi=None combat=True
[13:45:54.522] [D] [Pulse] Slow bot root: 559ms bot=Combat Bot poi=None combat=True
[13:45:55.124] [D] [Pulse] Slow bot root: 548ms bot=Combat Bot poi=None combat=True
[13:45:55.422] [N] [Singular] Casting Exorcism on Illusionary Phantasm
[13:45:55.422] [D] Spell_C::CastSpell(879, 0, 0xF13000195D00008B, 0)
[13:45:55.429] [D] [Pulse] Slow bot root: 249ms bot=Combat Bot poi=None combat=True
[13:45:56.028] [D] [Pulse] Slow bot root: 548ms bot=Combat Bot poi=None combat=True
[13:45:56.634] [D] [Pulse] Slow bot root: 552ms bot=Combat Bot poi=None combat=True
[13:45:57.231] [D] [Pulse] Slow bot root: 538ms bot=Combat Bot poi=None combat=True
[13:45:57.825] [D] [Pulse] Slow bot root: 538ms bot=Combat Bot poi=None combat=True
[13:45:58.421] [D] [Pulse] Slow bot root: 537ms bot=Combat Bot poi=None combat=True
[13:45:59.011] [D] [Pulse] Slow bot root: 532ms bot=Combat Bot poi=None combat=True
[13:45:59.615] [D] [Pulse] Slow bot root: 548ms bot=Combat Bot poi=None combat=True
[13:46:00.109] [N] [Singular] Casting Judgement of Light on Illusionary Phantasm
[13:46:00.110] [D] Spell_C::CastSpell(20271, 0, 0xF13000195D00008B, 0)
[13:46:00.122] [D] [Pulse] Slow bot root: 455ms bot=Combat Bot poi=None combat=True
[13:46:00.766] [D] [Pulse] Slow bot root: 584ms bot=Combat Bot poi=None combat=True
[13:46:01.709] [D] [Pulse] Slow bot root: 567ms bot=Combat Bot poi=None combat=True
[13:46:02.341] [D] [Pulse] Slow bot root: 574ms bot=Combat Bot poi=None combat=True
[13:46:02.434] [D] [Pulse] Slow plugin: name=Tidy Bags 3 Reloaded elapsed=37ms
[13:46:03.053] [D] [Pulse] Slow bot root: 618ms bot=Combat Bot poi=None combat=True
[13:46:03.807] [D] [Pulse] Slow bot root: 631ms bot=Combat Bot poi=None combat=True
[13:46:03.811] [N] Stopping the bot!
[13:46:03.812] [N] Bot stopping! Reason: User request
[13:46:03.814] [D] Exception in GetReturnValues: Thread was interrupted from a waiting state.
[13:46:04.701] [D] [Pulse] Slow shared pulse: total=893ms movement=0 objects=0 lua=0 info=0 loot=1 targeting=873 events=0 plugins=16 routine=0
[13:46:05.249] [D] [Pulse] Slow bot root: 548ms bot=Combat Bot poi=None combat=True
[13:46:05.250] [D] Cleared POI
[13:46:05.252] [D] Worker thread exited cleanly
[13:46:16.012] [D] [Settings] Saved all settings
[13:46:16.012] [N] Starting the bot.
[13:46:16.014] [N] Currently Using BotBase : Combat Bot
[13:46:16.015] [N] Character is a level 30 BloodElf Paladin
[13:46:16.016] [N] Current zone is Scarlet Monastery
[13:46:16.016] [D] Loading profile from D:\World of Warcraft 3.3.5a\CB\Bots\WholesomeAutoQuest\WHOLESOME_AUTOQUESTER.xml
[13:46:16.018] [D] [CompileBatch] Compiling 2 entries...
[13:46:16.093] [D] [CompileBatch] Compiled successfully.
[13:46:16.093] [N] Profile loaded: WholesomeAQ - Thousand Needles
[13:46:16.098] [D] Selected sub-profile: WholesomeAQ - Thousand Needles (L1-80)
[13:46:16.146] [D] Setting CVars: autoSelfCast=1, autoLootDefault=1
[13:46:16.213] [D] Cleared POI
[13:46:16.213] [D] Refresh() called. LastCount=0, CurrentCount=34
[13:46:16.213] [N] Building spell book
[13:46:16.215] [D] Found 34 spells from LocalPlayer.KnownSpells
[13:46:16.215] [N] Adding Arcane Affinity
[13:46:16.216] [N] Adding Arcane Torrent
[13:46:16.217] [N] Adding Auto Attack
[13:46:16.218] [N] Adding Block
[13:46:16.219] [N] Adding Dodge
[13:46:16.220] [N] Adding Magic Resistance
[13:46:16.221] [N] Adding Parry
[13:46:16.222] [N] Adding Blessing of Wisdom
[13:46:16.223] [N] Adding Concentration Aura
[13:46:16.224] [N] Adding Consecration
[13:46:16.225] [N] Adding Exorcism
[13:46:16.226] [N] Adding Flash of Light
[13:46:16.228] [N] Adding Holy Light
[13:46:16.229] [N] Adding Lay on Hands
[13:46:16.230] [N] Adding Purify
[13:46:16.231] [N] Adding Seal of Righteousness
[13:46:16.232] [N] Adding Sense Undead
[13:46:16.233] [N] Adding Turn Evil
[13:46:16.234] [N] Adding Blessing of Kings
[13:46:16.235] [N] Adding Devotion Aura
[13:46:16.236] [N] Adding Divine Protection
[13:46:16.237] [N] Adding Hammer of Justice
[13:46:16.238] [N] Adding Hand of Freedom
[13:46:16.239] [N] Adding Hand of Protection
[13:46:16.240] [N] Adding Hand of Reckoning
[13:46:16.241] [N] Adding Hand of Salvation
[13:46:16.242] [N] Adding Righteous Defense
[13:46:16.243] [N] Adding Righteous Fury
[13:46:16.244] [N] Adding Seal of Justice
[13:46:16.245] [N] Adding Blessing of Might
[13:46:16.246] [N] Adding Judgement of Light
[13:46:16.248] [N] Adding Judgement of Wisdom
[13:46:16.249] [N] Adding Retribution Aura
[13:46:16.250] [N] Adding Seal of Command
[13:46:16.251] [N] Spell book built
[13:46:16.252] [D] [SpellManager] Initialize — subscribed to BotEvents.OnBotStart
[13:46:16.252] [D] Default area costs set (Road=1.0, Ground=1.66)
[13:46:16.252] [D] Faction filter set: Horde (excluding Alliance paths)
[13:46:16.255] [D] Refresh() called. LastCount=0, CurrentCount=34
[13:46:16.255] [N] Building spell book
[13:46:16.256] [D] Found 34 spells from LocalPlayer.KnownSpells
[13:46:16.256] [N] Adding Arcane Affinity
[13:46:16.257] [N] Adding Arcane Torrent
[13:46:16.258] [N] Adding Auto Attack
[13:46:16.259] [N] Adding Block
[13:46:16.260] [N] Adding Dodge
[13:46:16.261] [N] Adding Magic Resistance
[13:46:16.262] [N] Adding Parry
[13:46:16.264] [N] Adding Blessing of Wisdom
[13:46:16.265] [N] Adding Concentration Aura
[13:46:16.266] [N] Adding Consecration
[13:46:16.267] [N] Adding Exorcism
[13:46:16.268] [N] Adding Flash of Light
[13:46:16.269] [N] Adding Holy Light
[13:46:16.270] [N] Adding Lay on Hands
[13:46:16.271] [N] Adding Purify
[13:46:16.278] [N] Adding Seal of Righteousness
[13:46:16.280] [N] Adding Sense Undead
[13:46:16.281] [N] Adding Turn Evil
[13:46:16.282] [N] Adding Blessing of Kings
[13:46:16.283] [N] Adding Devotion Aura
[13:46:16.285] [N] Adding Divine Protection
[13:46:16.286] [N] Adding Hammer of Justice
[13:46:16.287] [N] Adding Hand of Freedom
[13:46:16.288] [N] Adding Hand of Protection
[13:46:16.289] [N] Adding Hand of Reckoning
[13:46:16.290] [N] Adding Hand of Salvation
[13:46:16.291] [N] Adding Righteous Defense
[13:46:16.292] [N] Adding Righteous Fury
[13:46:16.293] [N] Adding Seal of Justice
[13:46:16.295] [N] Adding Blessing of Might
[13:46:16.296] [N] Adding Judgement of Light
[13:46:16.297] [N] Adding Judgement of Wisdom
[13:46:16.298] [N] Adding Retribution Aura
[13:46:16.299] [N] Adding Seal of Command
[13:46:16.300] [N] Spell book built
[13:46:16.302] [D] [SpellManager] Subscribed to LEARNED_SPELL_IN_TAB, ACTIVE_TALENT_GROUP_CHANGED
[13:46:16.417] [D] [Pulse] Slow plugin: name=Tidy Bags 3 Reloaded elapsed=40ms
[13:46:16.457] [N] [Singular] Currect target is invalid. Switching to Anguished Dead!
[13:46:16.788] [D] [Singular-DEBUG] Switched targets!
[13:46:16.788] [D] [Singular-DEBUG] Melee Distance: 5
[13:46:16.788] [D] [Singular-DEBUG] Health: 47.11729622266402
[13:46:16.788] [D] [Singular-DEBUG] Level: 31
[13:46:17.524] [N] [Singular] Casting Exorcism on Anguished Dead
[13:46:17.524] [D] Spell_C::CastSpell(879, 0, 0xF13000191A000072, 0)
[13:46:17.558] [D] [Pulse] Slow bot root: 498ms bot=Combat Bot poi=None combat=True
[13:46:18.321] [D] [Pulse] Slow bot root: 663ms bot=Combat Bot poi=None combat=True
[13:46:19.055] [D] [Pulse] Slow bot root: 663ms bot=Combat Bot poi=None combat=True
[13:46:19.859] [N] [Singular] Casting Consecration on Anguished Dead
[13:46:19.859] [D] Spell_C::CastSpell(26573, 0, 0xF13000191A000072, 0)
[13:46:19.894] [D] [Pulse] Slow bot root: 769ms bot=Combat Bot poi=None combat=True
[13:46:20.702] [D] [Pulse] Slow bot root: 709ms bot=Combat Bot poi=None combat=True
[13:46:21.444] [D] [Pulse] Slow bot root: 644ms bot=Combat Bot poi=None combat=True
[13:46:22.246] [D] [Pulse] Slow bot root: 678ms bot=Combat Bot poi=None combat=True
[13:46:23.010] [D] [Pulse] Slow bot root: 677ms bot=Combat Bot poi=None combat=True
[13:46:23.756] [D] [Pulse] Slow bot root: 651ms bot=Combat Bot poi=None combat=True
[13:46:24.496] [D] [Pulse] Slow bot root: 652ms bot=Combat Bot poi=None combat=True
[13:46:25.183] [D] [Pulse] Slow bot root: 633ms bot=Combat Bot poi=None combat=True
[13:46:25.923] [D] [Pulse] Slow bot root: 693ms bot=Combat Bot poi=None combat=True
[13:46:26.633] [D] [Pulse] Slow bot root: 661ms bot=Combat Bot poi=None combat=True
[13:46:27.251] [D] [Pulse] Slow bot root: 565ms bot=Combat Bot poi=None combat=True
[13:46:27.364] [D] [Pulse] Slow plugin: name=Tidy Bags 3 Reloaded elapsed=81ms
[13:46:27.923] [D] [Pulse] Slow bot root: 558ms bot=Combat Bot poi=None combat=True
[13:46:28.537] [D] [Pulse] Slow bot root: 560ms bot=Combat Bot poi=None combat=True
[13:46:29.190] [D] [Pulse] Slow bot root: 604ms bot=Combat Bot poi=None combat=True
[13:46:29.988] [D] [Pulse] Slow bot root: 749ms bot=Combat Bot poi=None combat=True
[13:46:30.819] [N] [Singular] Casting Consecration on Anguished Dead
[13:46:30.819] [D] Spell_C::CastSpell(26573, 0, 0xF13000191A000072, 0)
[13:46:30.853] [D] [Pulse] Slow bot root: 762ms bot=Combat Bot poi=None combat=True
[13:46:31.660] [D] [Pulse] Slow bot root: 704ms bot=Combat Bot poi=None combat=True
[13:46:32.559] [D] [Pulse] Slow bot root: 765ms bot=Combat Bot poi=None combat=True
[13:46:33.540] [D] [Pulse] Slow bot root: 904ms bot=Combat Bot poi=None combat=True
[13:46:34.342] [D] [Pulse] Slow bot root: 701ms bot=Combat Bot poi=None combat=True
[13:46:34.846] [N] [Singular] Casting Exorcism on Anguished Dead
[13:46:34.846] [D] Spell_C::CastSpell(879, 0, 0xF13000191A000072, 0)
[13:46:34.879] [D] [Pulse] Slow bot root: 429ms bot=Combat Bot poi=None combat=True
[13:46:35.667] [D] [Pulse] Slow bot root: 687ms bot=Combat Bot poi=None combat=True
[13:46:36.438] [D] [Pulse] Slow bot root: 685ms bot=Combat Bot poi=None combat=True
[13:46:37.250] [D] [Pulse] Slow bot root: 722ms bot=Combat Bot poi=None combat=True
[13:46:37.368] [D] [Pulse] Slow plugin: name=Tidy Bags 3 Reloaded elapsed=38ms
[13:46:37.373] [N] [Singular] Currect target is invalid. Switching to Illusionary Phantasm!
[13:46:37.705] [D] [Singular-DEBUG] Switched targets!
[13:46:37.706] [D] [Singular-DEBUG] Melee Distance: 5
[13:46:37.706] [D] [Singular-DEBUG] Health: 49.60238568588469
[13:46:37.706] [D] [Singular-DEBUG] Level: 31
[13:46:38.497] [D] [Pulse] Slow bot root: 691ms bot=Combat Bot poi=None combat=True
[13:46:39.269] [D] [Pulse] Slow bot root: 679ms bot=Combat Bot poi=None combat=True
[13:46:40.037] [D] [Pulse] Slow bot root: 677ms bot=Combat Bot poi=None combat=True
[13:46:40.820] [D] [Pulse] Slow bot root: 686ms bot=Combat Bot poi=None combat=True
[13:46:41.605] [D] [Pulse] Slow bot root: 691ms bot=Combat Bot poi=None combat=True
[13:46:42.375] [D] [Pulse] Slow bot root: 683ms bot=Combat Bot poi=None combat=True
[13:46:43.178] [D] [Pulse] Slow bot root: 677ms bot=Combat Bot poi=None combat=True
[13:46:43.950] [D] [Pulse] Slow bot root: 680ms bot=Combat Bot poi=None combat=True
[13:46:44.716] [D] [Pulse] Slow bot root: 680ms bot=Combat Bot poi=None combat=True
[13:46:45.467] [D] [Pulse] Slow bot root: 653ms bot=Combat Bot poi=None combat=True
[13:46:46.198] [D] [Pulse] Slow bot root: 643ms bot=Combat Bot poi=None combat=True
[13:46:46.816] [D] System.NullReferenceException: Object reference not set to an instance of an object.
   at Singular.ClassSpecific.Paladin.Retribution.<>c.<CreateRetributionPaladinInstancePullAndCombat>b__4_16(Object ret)
   at Singular.Helpers.Spell.<>c__DisplayClass18_0.<Cast>b__0(Object ret)
   at TreeSharp.Decorator.Execute(Object context)+MoveNext()
   at TreeSharp.Composite.Tick(Object context)
[13:46:46.816] [D] [Pulse] Slow bot root: 526ms bot=Combat Bot poi=None combat=True
[13:46:46.933] [N] [Singular] Currect target is invalid. Switching to Anguished Dead!
[13:46:47.266] [D] [Singular-DEBUG] Switched targets!
[13:46:47.266] [D] [Singular-DEBUG] Melee Distance: 5
[13:46:47.266] [D] [Singular-DEBUG] Health: 42.478462557985424
[13:46:47.266] [D] [Singular-DEBUG] Level: 31
[13:46:47.368] [D] [Pulse] Slow plugin: name=Tidy Bags 3 Reloaded elapsed=38ms
[13:46:48.073] [D] [Pulse] Slow bot root: 703ms bot=Combat Bot poi=None combat=True
[13:46:48.942] [D] [Pulse] Slow bot root: 739ms bot=Combat Bot poi=None combat=True
[13:46:49.784] [D] [Pulse] Slow bot root: 739ms bot=Combat Bot poi=None combat=True
[13:46:50.624] [D] [Pulse] Slow bot root: 737ms bot=Combat Bot poi=None combat=True
[13:46:51.499] [D] [Pulse] Slow bot root: 771ms bot=Combat Bot poi=None combat=True
[13:46:52.309] [D] [Pulse] Slow bot root: 709ms bot=Combat Bot poi=None combat=True
[13:46:52.831] [N] [Singular] Casting Exorcism on Anguished Dead
[13:46:52.832] [D] Spell_C::CastSpell(879, 0, 0xF13000191A000074, 0)
[13:46:52.865] [D] [Pulse] Slow bot root: 463ms bot=Combat Bot poi=None combat=True
[13:46:53.517] [D] [Pulse] Slow bot root: 548ms bot=Combat Bot poi=None combat=True
[13:46:54.194] [D] [Pulse] Slow bot root: 554ms bot=Combat Bot poi=None combat=True
[13:46:55.086] [D] [Pulse] Slow bot root: 805ms bot=Combat Bot poi=None combat=True
[13:46:55.992] [D] [Pulse] Slow bot root: 802ms bot=Combat Bot poi=None combat=True
[13:46:56.859] [D] [Pulse] Slow bot root: 763ms bot=Combat Bot poi=None combat=True
[13:46:57.733] [D] [Pulse] Slow bot root: 769ms bot=Combat Bot poi=None combat=True
[13:46:57.831] [D] [Pulse] Slow plugin: name=Tidy Bags 3 Reloaded elapsed=37ms
[13:46:58.550] [D] [Pulse] Slow bot root: 718ms bot=Combat Bot poi=None combat=True
[13:46:59.394] [D] [Pulse] Slow bot root: 722ms bot=Combat Bot poi=None combat=True
[13:47:00.363] [D] [Pulse] Slow bot root: 716ms bot=Combat Bot poi=None combat=True
[13:47:01.137] [D] [Pulse] Slow bot root: 684ms bot=Combat Bot poi=None combat=True
[13:47:01.908] [D] [Pulse] Slow bot root: 683ms bot=Combat Bot poi=None combat=True
[13:47:02.681] [D] [Pulse] Slow bot root: 679ms bot=Combat Bot poi=None combat=False
[13:47:03.070] [N] [Singular] Casting Seal of Righteousness on Myself
[13:47:03.070] [D] Spell_C::CastSpell(21084, 0, 0x6000000007EAB80, 0)
[13:47:03.103] [D] [Pulse] Slow bot root: 333ms bot=Combat Bot poi=None combat=False
[13:47:03.470] [D] [Pulse] Slow bot root: 265ms bot=Combat Bot poi=None combat=False
[13:47:03.837] [D] [Pulse] Slow bot root: 266ms bot=Combat Bot poi=None combat=False
[13:47:04.236] [D] [Pulse] Slow bot root: 265ms bot=Combat Bot poi=None combat=False
[13:47:04.602] [D] [Pulse] Slow bot root: 265ms bot=Combat Bot poi=None combat=False
[13:47:04.967] [D] [Pulse] Slow bot root: 264ms bot=Combat Bot poi=None combat=False
[13:47:05.332] [D] [Pulse] Slow bot root: 265ms bot=Combat Bot poi=None combat=False
[13:47:05.542] [N] [Singular] Casting Blessing of Kings on Paladin
[13:47:05.542] [D] Spell_C::CastSpell(20217, 0, 0x6000000007F2F1A, 0)
[13:47:05.576] [D] [Pulse] Slow bot root: 106ms bot=Combat Bot poi=None combat=False
[13:47:05.807] [D] [Pulse] Slow bot root: 131ms bot=Combat Bot poi=None combat=False
[13:47:06.046] [N] [Singular] Currect target is invalid. Switching to Anguished Dead!
[13:47:06.078] [D] [Pulse] Slow bot root: 170ms bot=Combat Bot poi=None combat=True
[13:47:06.373] [D] [Singular-DEBUG] Switched targets!
[13:47:06.373] [D] [Singular-DEBUG] Melee Distance: 5
[13:47:06.374] [D] [Singular-DEBUG] Health: 57.521537442014576
[13:47:06.374] [D] [Singular-DEBUG] Level: 31
[13:47:07.380] [D] [Pulse] Slow bot root: 736ms bot=Combat Bot poi=None combat=True
[13:47:08.021] [N] [Singular] Casting Judgement of Light on Anguished Dead
[13:47:08.021] [D] Spell_C::CastSpell(20271, 0, 0xF13000191A000076, 0)
[13:47:08.063] [D] [Pulse] Slow bot root: 578ms bot=Combat Bot poi=None combat=True
[13:47:08.161] [D] [Pulse] Slow plugin: name=Tidy Bags 3 Reloaded elapsed=39ms
[13:47:08.801] [D] [Pulse] Slow bot root: 639ms bot=Combat Bot poi=None combat=True
[13:47:09.413] [D] [Pulse] Slow bot root: 506ms bot=Combat Bot poi=None combat=True
[13:47:10.027] [D] [Pulse] Slow bot root: 537ms bot=Combat Bot poi=None combat=True
[13:47:10.313] [N] [Singular] Casting Exorcism on Anguished Dead
[13:47:10.314] [D] Spell_C::CastSpell(879, 0, 0xF13000191A000076, 0)
[13:47:10.323] [D] [Pulse] Slow bot root: 246ms bot=Combat Bot poi=None combat=True
[13:47:10.913] [D] [Pulse] Slow bot root: 537ms bot=Combat Bot poi=None combat=True
[13:47:11.388] [D] [Pulse] Slow bot root: 425ms bot=Combat Bot poi=None combat=True
[13:47:11.855] [D] [Pulse] Slow bot root: 418ms bot=Combat Bot poi=None combat=True
[13:47:12.400] [D] [Pulse] Slow bot root: 496ms bot=Combat Bot poi=None combat=True
[13:47:12.980] [D] [Pulse] Slow bot root: 526ms bot=Combat Bot poi=None combat=True
[13:47:13.529] [D] [Pulse] Slow bot root: 478ms bot=Combat Bot poi=None combat=True
[13:47:15.175] [D] [Pulse] Slow bot root: 478ms bot=Combat Bot poi=None combat=True
[13:47:15.714] [D] [Pulse] Slow bot root: 487ms bot=Combat Bot poi=None combat=True
[13:47:17.784] [D] [Pulse] Slow bot root: 448ms bot=Combat Bot poi=None combat=True
[13:47:18.275] [N] [Singular] Casting Judgement of Light on Anguished Dead
[13:47:18.275] [D] Spell_C::CastSpell(20271, 0, 0xF13000191A000076, 0)
[13:47:18.282] [D] [Pulse] Slow bot root: 437ms bot=Combat Bot poi=None combat=True
[13:47:18.897] [D] [Pulse] Slow bot root: 561ms bot=Combat Bot poi=None combat=True
[13:47:19.694] [D] [Pulse] Slow bot root: 584ms bot=Combat Bot poi=None combat=True
[13:47:20.320] [N] [Singular] Casting Consecration on Anguished Dead
[13:47:20.320] [D] Spell_C::CastSpell(26573, 0, 0xF13000191A000076, 0)
[13:47:20.327] [D] [Pulse] Slow bot root: 566ms bot=Combat Bot poi=None combat=True
[13:47:20.850] [D] [Pulse] Slow bot root: 466ms bot=Combat Bot poi=None combat=True
[13:47:21.562] [D] [Pulse] Slow bot root: 654ms bot=Combat Bot poi=None combat=True
[13:47:21.682] [D] [Pulse] Slow plugin: name=Tidy Bags 3 Reloaded elapsed=38ms
[13:47:22.280] [D] [Pulse] Slow bot root: 597ms bot=Combat Bot poi=None combat=True
[13:47:22.988] [D] [Pulse] Slow bot root: 601ms bot=Combat Bot poi=None combat=True
[13:47:23.686] [D] [Pulse] Slow bot root: 591ms bot=Combat Bot poi=None combat=True
[13:47:24.532] [D] [Pulse] Slow bot root: 586ms bot=Combat Bot poi=None combat=True
[13:47:25.199] [D] [Pulse] Slow bot root: 572ms bot=Combat Bot poi=None combat=True
[13:47:25.911] [D] [Pulse] Slow bot root: 577ms bot=Combat Bot poi=None combat=True
[13:47:26.573] [D] [Pulse] Slow bot root: 561ms bot=Combat Bot poi=None combat=True
[13:47:27.148] [N] [Singular] Casting Judgement of Light on Anguished Dead
[13:47:27.149] [D] Spell_C::CastSpell(20271, 0, 0xF13000191A000076, 0)
[13:47:27.183] [D] [Pulse] Slow bot root: 504ms bot=Combat Bot poi=None combat=True
[13:47:28.118] [D] [Pulse] Slow bot root: 652ms bot=Combat Bot poi=None combat=True
[13:47:28.877] [N] [Singular] Casting Consecration on Anguished Dead
[13:47:28.877] [D] Spell_C::CastSpell(26573, 0, 0xF13000191A000076, 0)
[13:47:28.910] [D] [Pulse] Slow bot root: 705ms bot=Combat Bot poi=None combat=True
[13:47:29.658] [D] [Pulse] Slow bot root: 639ms bot=Combat Bot poi=None combat=True
[13:47:30.331] [D] [Pulse] Slow bot root: 567ms bot=Combat Bot poi=None combat=True
[13:47:30.739] [N] [Singular] Casting Exorcism on Anguished Dead
[13:47:30.739] [D] Spell_C::CastSpell(879, 0, 0xF13000191A000076, 0)
[13:47:30.774] [D] [Pulse] Slow bot root: 303ms bot=Combat Bot poi=None combat=True
[13:47:31.454] [D] [Pulse] Slow bot root: 573ms bot=Combat Bot poi=None combat=True
[13:47:32.124] [D] [Pulse] Slow bot root: 569ms bot=Combat Bot poi=None combat=True
[13:47:32.226] [D] [Pulse] Slow plugin: name=Tidy Bags 3 Reloaded elapsed=38ms
[13:47:32.259] [N] [Singular] Currect target is invalid. Switching to Anguished Dead!
[13:47:32.601] [D] [Singular-DEBUG] Switched targets!
[13:47:32.601] [D] [Singular-DEBUG] Melee Distance: 5
[13:47:32.601] [D] [Singular-DEBUG] Health: 81.17958913187542
[13:47:32.601] [D] [Singular-DEBUG] Level: 31
[13:47:33.041] [N] [Singular] Casting Exorcism on Anguished Dead
[13:47:33.042] [D] Spell_C::CastSpell(879, 0, 0xF13000191A00007A, 0)
[13:47:33.075] [D] [Pulse] Slow bot root: 368ms bot=Combat Bot poi=None combat=True
[13:47:33.767] [D] [Pulse] Slow bot root: 583ms bot=Combat Bot poi=None combat=True
[13:47:34.452] [D] [Pulse] Slow bot root: 591ms bot=Combat Bot poi=None combat=True
[13:47:35.146] [D] [Pulse] Slow bot root: 609ms bot=Combat Bot poi=None combat=True
[13:47:35.743] [N] [Singular] Casting Judgement of Light on Anguished Dead
[13:47:35.744] [D] Spell_C::CastSpell(20271, 0, 0xF13000191A00007A, 0)
[13:47:35.779] [D] [Pulse] Slow bot root: 535ms bot=Combat Bot poi=None combat=True
[13:47:36.572] [D] [Pulse] Slow bot root: 648ms bot=Combat Bot poi=None combat=True
[13:47:37.341] [N] [Singular] Casting Consecration on Anguished Dead
[13:47:37.341] [D] Spell_C::CastSpell(26573, 0, 0xF13000191A00007A, 0)
[13:47:37.375] [D] [Pulse] Slow bot root: 711ms bot=Combat Bot poi=None combat=True
[13:47:38.289] [D] [Pulse] Slow bot root: 792ms bot=Combat Bot poi=None combat=True
[13:47:39.133] [D] [Pulse] Slow bot root: 725ms bot=Combat Bot poi=None combat=True
[13:47:39.135] [N] [AutoEquip]: Loot roll in progress
[13:47:39.209] [N] [AutoEquip]: Equipped item in slot:SecondaryHandSlot scored -1 while loot-roll item scored:0.80075
[13:47:39.243] [N] [AutoEquip]: Rolling Greed
[13:47:39.390] [D] [Pulse] Slow shared pulse: total=256ms movement=0 objects=0 lua=143 info=0 loot=1 targeting=69 events=0 plugins=40 routine=0
[13:47:40.054] [D] [Pulse] Slow bot root: 664ms bot=Combat Bot poi=None combat=True
[13:47:40.716] [D] [Pulse] Slow bot root: 585ms bot=Combat Bot poi=None combat=True
[13:47:41.363] [D] [Pulse] Slow bot root: 564ms bot=Combat Bot poi=None combat=True
[13:47:42.020] [D] [Pulse] Slow bot root: 549ms bot=Combat Bot poi=None combat=True
[13:47:42.664] [D] [Pulse] Slow bot root: 561ms bot=Combat Bot poi=None combat=True
[13:47:42.740] [D] [Pulse] Slow plugin: name=Tidy Bags 3 Reloaded elapsed=37ms
[13:47:43.283] [D] [Pulse] Slow bot root: 543ms bot=Combat Bot poi=None combat=True
[13:47:43.926] [D] [Pulse] Slow bot root: 549ms bot=Combat Bot poi=None combat=True
[13:47:44.481] [N] [Singular] Casting Judgement of Light on Anguished Dead
[13:47:44.482] [D] Spell_C::CastSpell(20271, 0, 0xF13000191A00007A, 0)
[13:47:44.515] [D] [Pulse] Slow bot root: 503ms bot=Combat Bot poi=None combat=True
[13:47:45.192] [D] [Pulse] Slow bot root: 570ms bot=Combat Bot poi=None combat=True
[13:47:45.810] [D] [Pulse] Slow bot root: 555ms bot=Combat Bot poi=None combat=True
[13:47:46.855] [N] [Singular] Casting Consecration on Anguished Dead
[13:47:46.855] [D] Spell_C::CastSpell(26573, 0, 0xF13000191A00007A, 0)
[13:47:46.863] [D] [Pulse] Slow bot root: 566ms bot=Combat Bot poi=None combat=True
[13:47:47.469] [D] [Pulse] Slow bot root: 543ms bot=Combat Bot poi=None combat=True
[13:47:48.067] [D] [Pulse] Slow bot root: 537ms bot=Combat Bot poi=None combat=True
[13:47:48.118] [D] [Singular-DEBUG] Switched targets!
[13:47:48.118] [D] [Singular-DEBUG] Melee Distance: 5
[13:47:48.118] [D] [Singular-DEBUG] Health: 55.46719681908549
[13:47:48.118] [D] [Singular-DEBUG] Level: 31
[13:47:48.651] [D] [Pulse] Slow bot root: 532ms bot=Combat Bot poi=None combat=True
[13:47:49.223] [D] [Pulse] Slow bot root: 520ms bot=Combat Bot poi=None combat=True
[13:47:49.794] [D] [Pulse] Slow bot root: 526ms bot=Combat Bot poi=None combat=True
[13:47:50.051] [N] [Singular] Casting Exorcism on Haunting Phantasm
[13:47:50.051] [D] Spell_C::CastSpell(879, 0, 0xF13000191B00007C, 0)
[13:47:50.060] [D] [Pulse] Slow bot root: 216ms bot=Combat Bot poi=None combat=True
[13:47:50.651] [D] [Pulse] Slow bot root: 541ms bot=Combat Bot poi=None combat=True
[13:47:51.253] [D] [Pulse] Slow bot root: 546ms bot=Combat Bot poi=None combat=True
[13:47:51.835] [D] [Pulse] Slow bot root: 530ms bot=Combat Bot poi=None combat=True
[13:47:52.437] [D] [Pulse] Slow bot root: 556ms bot=Combat Bot poi=None combat=True
[13:47:52.907] [N] [Singular] Casting Judgement of Light on Haunting Phantasm
[13:47:52.907] [D] Spell_C::CastSpell(20271, 0, 0xF13000191B00007C, 0)
[13:47:52.919] [D] [Pulse] Slow bot root: 429ms bot=Combat Bot poi=None combat=True
[13:47:53.507] [D] [Pulse] Slow bot root: 533ms bot=Combat Bot poi=None combat=True
[13:47:54.114] [D] [Pulse] Slow bot root: 557ms bot=Combat Bot poi=None combat=True
[13:47:54.717] [D] [Pulse] Slow bot root: 547ms bot=Combat Bot poi=None combat=True
[13:47:55.316] [D] [Pulse] Slow bot root: 545ms bot=Combat Bot poi=None combat=True
[13:47:55.918] [D] [Pulse] Slow bot root: 552ms bot=Combat Bot poi=None combat=True
[13:47:56.526] [D] [Pulse] Slow bot root: 553ms bot=Combat Bot poi=None combat=True
[13:47:57.142] [D] [Pulse] Slow bot root: 549ms bot=Combat Bot poi=None combat=True
[13:47:57.749] [D] [Pulse] Slow bot root: 552ms bot=Combat Bot poi=None combat=True
[13:47:58.370] [D] [Pulse] Slow bot root: 560ms bot=Combat Bot poi=None combat=True
[13:47:58.983] [D] [Pulse] Slow bot root: 560ms bot=Combat Bot poi=None combat=True
[13:47:59.612] [D] [Pulse] Slow bot root: 567ms bot=Combat Bot poi=None combat=True
[13:48:00.214] [D] [Pulse] Slow bot root: 553ms bot=Combat Bot poi=None combat=True
[13:48:00.817] [D] [Pulse] Slow bot root: 552ms bot=Combat Bot poi=None combat=True
[13:48:01.314] [N] [Singular] Casting Judgement of Light on Haunting Phantasm
[13:48:01.315] [D] Spell_C::CastSpell(20271, 0, 0xF13000191B00007C, 0)
[13:48:01.325] [D] [Pulse] Slow bot root: 447ms bot=Combat Bot poi=None combat=True
[13:48:01.925] [D] [Pulse] Slow bot root: 551ms bot=Combat Bot poi=None combat=True
[13:48:02.515] [D] [Pulse] Slow bot root: 539ms bot=Combat Bot poi=None combat=True
[13:48:03.102] [D] [Pulse] Slow bot root: 539ms bot=Combat Bot poi=None combat=True
[13:48:03.678] [D] [Pulse] Slow bot root: 522ms bot=Combat Bot poi=None combat=True
[13:48:04.250] [D] [Pulse] Slow bot root: 527ms bot=Combat Bot poi=None combat=True
[13:48:04.795] [D] [Pulse] Slow bot root: 496ms bot=Combat Bot poi=None combat=True
[13:48:04.845] [N] [Singular] Currect target is invalid. Switching to Anguished Dead!
[13:48:05.166] [D] [Singular-DEBUG] Switched targets!
[13:48:05.166] [D] [Singular-DEBUG] Melee Distance: 5
[13:48:05.166] [D] [Singular-DEBUG] Health: 1.1597084161696487
[13:48:05.166] [D] [Singular-DEBUG] Level: 31
[13:48:05.718] [D] [Pulse] Slow bot root: 468ms bot=Combat Bot poi=None combat=False
[13:48:05.766] [N] [Singular] Casting Blessing of Kings on Myself
[13:48:05.766] [D] Spell_C::CastSpell(20217, 0, 0x6000000007EAB80, 0)
[13:48:09.855] [N] [AutoEquip]: Loot roll in progress
[13:48:09.886] [N] [AutoEquip]: Equipped item in slot:FeetSlot scored 3.204 while loot-roll item scored:4.806
[13:48:09.893] [N] [AutoEquip]: Glimmering Mail Greaves scored 4.806 while your equiped item only scored 3.204 - Rolling Need
[13:48:10.343] [D] [Pulse] Slow plugin: name=AutoEquip2 elapsed=81ms
[13:48:18.886] [D] [Singular-DEBUG] Switched targets!
[13:48:18.886] [D] [Singular-DEBUG] Melee Distance: 5
[13:48:18.886] [D] [Singular-DEBUG] Health: 67.09741550695826
[13:48:18.886] [D] [Singular-DEBUG] Level: 31
[13:48:19.238] [N] [Singular] Casting Exorcism on Illusionary Phantasm
[13:48:19.238] [D] Spell_C::CastSpell(879, 0, 0xF13000195D00008D, 0)
[13:48:19.246] [D] [Pulse] Slow bot root: 273ms bot=Combat Bot poi=None combat=True
[13:48:19.725] [D] [Pulse] Slow bot root: 437ms bot=Combat Bot poi=None combat=True
[13:48:20.209] [D] [Pulse] Slow bot root: 441ms bot=Combat Bot poi=None combat=True
[13:48:20.698] [D] [Pulse] Slow bot root: 445ms bot=Combat Bot poi=None combat=True
[13:48:21.101] [N] [Singular] Casting Judgement of Light on Illusionary Phantasm
[13:48:21.102] [D] Spell_C::CastSpell(20271, 0, 0xF13000195D00008D, 0)
[13:48:21.108] [D] [Pulse] Slow bot root: 370ms bot=Combat Bot poi=None combat=True
[13:48:21.608] [D] [Pulse] Slow bot root: 456ms bot=Combat Bot poi=None combat=True
[13:48:22.109] [D] [Pulse] Slow bot root: 459ms bot=Combat Bot poi=None combat=True
[13:48:22.618] [D] [Pulse] Slow bot root: 460ms bot=Combat Bot poi=None combat=True
[13:48:23.124] [D] [Pulse] Slow bot root: 462ms bot=Combat Bot poi=None combat=True
[13:48:23.554] [D] [Pulse] Slow bot root: 394ms bot=Combat Bot poi=None combat=True
[13:48:24.008] [D] [Pulse] Slow bot root: 398ms bot=Combat Bot poi=None combat=True
[13:48:24.445] [D] [Pulse] Slow bot root: 392ms bot=Combat Bot poi=None combat=True
[13:48:24.876] [D] [Pulse] Slow bot root: 386ms bot=Combat Bot poi=None combat=True
[13:48:25.313] [D] [Pulse] Slow bot root: 393ms bot=Combat Bot poi=None combat=True
[13:48:25.749] [D] [Pulse] Slow bot root: 386ms bot=Combat Bot poi=None combat=True
[13:48:26.181] [D] [Pulse] Slow bot root: 385ms bot=Combat Bot poi=None combat=True
[13:48:26.621] [D] [Pulse] Slow bot root: 395ms bot=Combat Bot poi=None combat=True
[13:48:27.080] [D] [Pulse] Slow bot root: 405ms bot=Combat Bot poi=None combat=True
[13:48:27.511] [D] [Pulse] Slow bot root: 380ms bot=Combat Bot poi=None combat=True
[13:48:27.948] [D] [Pulse] Slow bot root: 392ms bot=Combat Bot poi=None combat=True
[13:48:28.433] [D] [Pulse] Slow bot root: 441ms bot=Combat Bot poi=None combat=True
[13:48:28.976] [D] [Pulse] Slow bot root: 487ms bot=Combat Bot poi=None combat=True
[13:48:29.417] [N] [Singular] Casting Judgement of Light on Illusionary Phantasm
[13:48:29.417] [D] Spell_C::CastSpell(20271, 0, 0xF13000195D00008D, 0)
[13:48:29.423] [D] [Pulse] Slow bot root: 387ms bot=Combat Bot poi=None combat=True
[13:48:29.975] [D] [Pulse] Slow bot root: 501ms bot=Combat Bot poi=None combat=True
[13:48:30.506] [D] [Pulse] Slow bot root: 481ms bot=Combat Bot poi=None combat=True
[13:48:30.554] [D] [Singular-DEBUG] Switched targets!
[13:48:30.554] [D] [Singular-DEBUG] Melee Distance: 5
[13:48:30.554] [D] [Singular-DEBUG] Health: 96.71968190854871
[13:48:30.554] [D] [Singular-DEBUG] Level: 31
[13:48:31.050] [D] [Pulse] Slow bot root: 495ms bot=Combat Bot poi=None combat=True
[13:48:31.583] [D] [Pulse] Slow bot root: 485ms bot=Combat Bot poi=None combat=True
[13:48:32.108] [D] [Pulse] Slow bot root: 475ms bot=Combat Bot poi=None combat=True
[13:48:32.658] [D] [Pulse] Slow bot root: 495ms bot=Combat Bot poi=None combat=True
[13:48:33.200] [D] [Pulse] Slow bot root: 494ms bot=Combat Bot poi=None combat=True
[13:48:33.262] [D] [Pulse] Slow plugin: name=Tidy Bags 3 Reloaded elapsed=21ms
[13:48:33.756] [D] [Pulse] Slow bot root: 493ms bot=Combat Bot poi=None combat=True
[13:48:34.278] [D] [Pulse] Slow bot root: 479ms bot=Combat Bot poi=None combat=True
[13:48:34.824] [D] [Pulse] Slow bot root: 489ms bot=Combat Bot poi=None combat=True
[13:48:35.348] [D] [Pulse] Slow bot root: 480ms bot=Combat Bot poi=None combat=True
[13:48:35.884] [D] [Pulse] Slow bot root: 488ms bot=Combat Bot poi=None combat=True
[13:48:36.144] [N] [Singular] Casting Exorcism on Anguished Dead
[13:48:36.144] [D] Spell_C::CastSpell(879, 0, 0xF13000191A000070, 0)
[13:48:36.156] [D] [Pulse] Slow bot root: 217ms bot=Combat Bot poi=None combat=True
[13:48:36.707] [D] [Pulse] Slow bot root: 500ms bot=Combat Bot poi=None combat=True
[13:48:37.245] [D] [Pulse] Slow bot root: 493ms bot=Combat Bot poi=None combat=True
[13:48:37.788] [D] [Pulse] Slow bot root: 497ms bot=Combat Bot poi=None combat=True
[13:48:38.211] [N] [Singular] Casting Judgement of Light on Anguished Dead
[13:48:38.212] [D] Spell_C::CastSpell(20271, 0, 0xF13000191A000070, 0)
[13:48:38.223] [D] [Pulse] Slow bot root: 387ms bot=Combat Bot poi=None combat=True
[13:48:38.757] [D] [Pulse] Slow bot root: 488ms bot=Combat Bot poi=None combat=True
[13:48:39.306] [D] [Pulse] Slow bot root: 497ms bot=Combat Bot poi=None combat=True
[13:48:39.849] [D] [Pulse] Slow bot root: 494ms bot=Combat Bot poi=None combat=True
[13:48:40.389] [D] [Pulse] Slow bot root: 487ms bot=Combat Bot poi=None combat=True
[13:48:40.924] [D] [Pulse] Slow bot root: 484ms bot=Combat Bot poi=None combat=True
[13:48:41.440] [D] [Pulse] Slow bot root: 468ms bot=Combat Bot poi=None combat=True
[13:48:41.962] [D] [Pulse] Slow bot root: 476ms bot=Combat Bot poi=None combat=True
[13:48:42.519] [D] [Pulse] Slow bot root: 506ms bot=Combat Bot poi=None combat=True
[13:48:43.020] [D] [Pulse] Slow bot root: 450ms bot=Combat Bot poi=None combat=True
[13:48:43.540] [D] [Pulse] Slow bot root: 466ms bot=Combat Bot poi=None combat=True
[13:48:44.039] [D] [Pulse] Slow bot root: 446ms bot=Combat Bot poi=None combat=True
[13:48:44.511] [D] [Pulse] Slow bot root: 424ms bot=Combat Bot poi=None combat=True
[13:48:44.996] [D] [Pulse] Slow bot root: 430ms bot=Combat Bot poi=None combat=True
[13:48:45.484] [D] [Pulse] Slow bot root: 438ms bot=Combat Bot poi=None combat=True
[13:48:45.961] [D] [Pulse] Slow bot root: 435ms bot=Combat Bot poi=None combat=True
[13:48:46.428] [D] [Pulse] Slow bot root: 423ms bot=Combat Bot poi=None combat=True
[13:48:46.823] [N] [Singular] Casting Judgement of Light on Anguished Dead
[13:48:46.823] [D] Spell_C::CastSpell(20271, 0, 0xF13000191A000070, 0)
[13:48:46.829] [D] [Pulse] Slow bot root: 359ms bot=Combat Bot poi=None combat=True
[13:48:47.322] [D] [Pulse] Slow bot root: 450ms bot=Combat Bot poi=None combat=True
[13:48:47.804] [D] [Pulse] Slow bot root: 434ms bot=Combat Bot poi=None combat=True
[13:48:48.292] [D] [Pulse] Slow bot root: 437ms bot=Combat Bot poi=None combat=True
[13:48:48.795] [D] [Pulse] Slow bot root: 459ms bot=Combat Bot poi=None combat=True
[13:48:49.281] [D] [Pulse] Slow bot root: 442ms bot=Combat Bot poi=None combat=True
[13:48:49.773] [D] [Pulse] Slow bot root: 443ms bot=Combat Bot poi=None combat=True
[13:48:50.282] [D] [Pulse] Slow bot root: 455ms bot=Combat Bot poi=None combat=True
[13:48:50.767] [D] [Pulse] Slow bot root: 443ms bot=Combat Bot poi=None combat=True
[13:48:51.266] [D] [Pulse] Slow bot root: 455ms bot=Combat Bot poi=None combat=True
[13:48:51.774] [D] [Pulse] Slow bot root: 466ms bot=Combat Bot poi=None combat=True
[13:48:52.241] [D] [Pulse] Slow bot root: 424ms bot=Combat Bot poi=None combat=False
[13:48:53.315] [D] [Pulse] Slow bot root: 105ms bot=Combat Bot poi=None combat=False
[13:48:53.864] [D] [Pulse] Slow bot root: 115ms bot=Combat Bot poi=None combat=False
[13:48:54.028] [D] [Pulse] Slow bot root: 114ms bot=Combat Bot poi=None combat=False
[13:48:54.192] [D] [Pulse] Slow bot root: 115ms bot=Combat Bot poi=None combat=False
[13:48:54.359] [D] [Pulse] Slow bot root: 111ms bot=Combat Bot poi=None combat=False
[13:48:54.415] [D] [Pulse] Slow plugin: name=Tidy Bags 3 Reloaded elapsed=22ms
[13:48:55.122] [D] [Pulse] Slow bot root: 126ms bot=Combat Bot poi=None combat=False
[13:48:57.584] [D] [Singular-DEBUG] Switched targets!
[13:48:57.584] [D] [Singular-DEBUG] Melee Distance: 3.5
[13:48:57.584] [D] [Singular-DEBUG] Health: 100
[13:48:57.584] [D] [Singular-DEBUG] Level: 30
[13:49:02.030] [N] [AutoEquip]: Equipping Feet "Glimmering Mail Greaves" instead of "Hulking Boots" - it scored 4.806 while the old scored 3.204
[13:49:02.041] [D] [Pulse] Slow plugin: name=AutoEquip2 elapsed=126ms
[13:49:04.487] [D] [Pulse] Slow bot root: 104ms bot=Combat Bot poi=None combat=False
[13:49:05.709] [D] [Singular-DEBUG] Switched targets!
[13:49:05.709] [D] [Singular-DEBUG] Melee Distance: 5
[13:49:05.709] [D] [Singular-DEBUG] Health: 94.73161033797217
[13:49:05.709] [D] [Singular-DEBUG] Level: 31
[13:49:05.866] [N] [Singular] Casting Exorcism on Unfettered Spirit
[13:49:05.866] [D] Spell_C::CastSpell(879, 0, 0xF1300010D400005F, 0)
[13:49:05.873] [D] [Pulse] Slow bot root: 163ms bot=Combat Bot poi=None combat=True
[13:49:06.334] [D] [Pulse] Slow bot root: 412ms bot=Combat Bot poi=None combat=True
[13:49:06.795] [D] [Pulse] Slow bot root: 415ms bot=Combat Bot poi=None combat=True
[13:49:07.256] [D] [Pulse] Slow bot root: 418ms bot=Combat Bot poi=None combat=True
[13:49:07.725] [D] [Pulse] Slow bot root: 426ms bot=Combat Bot poi=None combat=True
[13:49:08.113] [N] [Singular] Casting Judgement of Light on Unfettered Spirit
[13:49:08.113] [D] Spell_C::CastSpell(20271, 0, 0xF1300010D400005F, 0)
[13:49:08.120] [D] [Pulse] Slow bot root: 338ms bot=Combat Bot poi=None combat=True
[13:49:08.628] [D] [Pulse] Slow bot root: 454ms bot=Combat Bot poi=None combat=True
[13:49:09.110] [D] [Pulse] Slow bot root: 434ms bot=Combat Bot poi=None combat=True
[13:49:09.203] [D] [Pulse] Slow plugin: name=Tidy Bags 3 Reloaded elapsed=40ms
[13:49:09.703] [D] [Pulse] Slow bot root: 498ms bot=Combat Bot poi=None combat=True
[13:49:10.279] [D] [Pulse] Slow bot root: 476ms bot=Combat Bot poi=None combat=True
[13:49:10.789] [D] [Pulse] Slow bot root: 449ms bot=Combat Bot poi=None combat=True
[13:49:11.292] [D] [Pulse] Slow bot root: 451ms bot=Combat Bot poi=None combat=True
[13:49:11.789] [D] [Pulse] Slow bot root: 448ms bot=Combat Bot poi=None combat=True
[13:49:12.388] [D] [Pulse] Slow bot root: 501ms bot=Combat Bot poi=None combat=True
[13:49:12.989] [D] [Pulse] Slow bot root: 498ms bot=Combat Bot poi=None combat=True
[13:49:13.594] [D] [Pulse] Slow bot root: 504ms bot=Combat Bot poi=None combat=True
[13:49:14.195] [D] [Pulse] Slow bot root: 499ms bot=Combat Bot poi=None combat=True
[13:49:14.797] [D] [Pulse] Slow bot root: 499ms bot=Combat Bot poi=None combat=True
[13:49:15.401] [D] [Pulse] Slow bot root: 502ms bot=Combat Bot poi=None combat=True
[13:49:16.041] [N] [Singular] Casting Consecration on Unfettered Spirit
[13:49:16.041] [D] Spell_C::CastSpell(26573, 0, 0xF1300010D400005F, 0)
[13:49:16.077] [D] [Pulse] Slow bot root: 539ms bot=Combat Bot poi=None combat=True
[13:49:16.679] [D] [Pulse] Slow bot root: 502ms bot=Combat Bot poi=None combat=True
[13:49:17.244] [D] [Pulse] Slow bot root: 467ms bot=Combat Bot poi=None combat=True
[13:49:17.826] [D] [Pulse] Slow bot root: 483ms bot=Combat Bot poi=None combat=True
[13:49:18.426] [D] [Pulse] Slow bot root: 478ms bot=Combat Bot poi=None combat=True
[13:49:18.926] [D] [Pulse] Slow bot root: 441ms bot=Combat Bot poi=None combat=True
[13:49:19.421] [D] [Pulse] Slow bot root: 437ms bot=Combat Bot poi=None combat=True
[13:49:19.889] [D] [Pulse] Slow bot root: 421ms bot=Combat Bot poi=None combat=True
[13:49:19.947] [N] [Singular] Currect target is invalid. Switching to Unfettered Spirit!
[13:49:20.262] [D] [Singular-DEBUG] Switched targets!
[13:49:20.262] [D] [Singular-DEBUG] Melee Distance: 5
[13:49:20.262] [D] [Singular-DEBUG] Health: 30.471204188481675
[13:49:20.262] [D] [Singular-DEBUG] Level: 30
[13:49:20.796] [D] [Pulse] Slow bot root: 436ms bot=Combat Bot poi=None combat=True
[13:49:21.251] [D] [Pulse] Slow bot root: 405ms bot=Combat Bot poi=None combat=True
[13:49:21.679] [D] [Pulse] Slow bot root: 385ms bot=Combat Bot poi=None combat=True
[13:49:21.726] [N] [Singular] Currect target is invalid. Switching to Unfettered Spirit!
[13:49:22.078] [D] [Singular-DEBUG] Switched targets!
[13:49:22.079] [D] [Singular-DEBUG] Melee Distance: 5
[13:49:22.079] [D] [Singular-DEBUG] Health: 24.293193717277486
[13:49:22.079] [D] [Singular-DEBUG] Level: 30
[13:49:22.564] [D] [Pulse] Slow bot root: 408ms bot=Combat Bot poi=None combat=True
[13:49:22.914] [N] [Singular] Casting Judgement of Light on Unfettered Spirit
[13:49:22.914] [D] Spell_C::CastSpell(20271, 0, 0xF1300010D4000062, 0)
[13:49:22.926] [D] [Pulse] Slow bot root: 321ms bot=Combat Bot poi=None combat=True
[13:49:23.408] [D] [Pulse] Slow bot root: 439ms bot=Combat Bot poi=None combat=True
[13:49:23.454] [N] [Singular] Currect target is invalid. Switching to Unfettered Spirit!
[13:49:23.781] [D] [Singular-DEBUG] Switched targets!
[13:49:23.781] [D] [Singular-DEBUG] Melee Distance: 5
[13:49:23.781] [D] [Singular-DEBUG] Health: 27.13717693836978
[13:49:23.781] [D] [Singular-DEBUG] Level: 31
[13:49:24.261] [D] [Pulse] Slow bot root: 387ms bot=Combat Bot poi=None combat=True
[13:49:24.685] [D] [Pulse] Slow bot root: 379ms bot=Combat Bot poi=None combat=True
[13:49:25.108] [D] [Pulse] Slow bot root: 380ms bot=Combat Bot poi=None combat=True
[13:49:25.197] [D] [Pulse] Slow plugin: name=Tidy Bags 3 Reloaded elapsed=44ms
[13:49:25.371] [D] System.NullReferenceException: Object reference not set to an instance of an object.
   at Singular.Helpers.Unit.IsBoss(WoWUnit unit)
   at Singular.ClassSpecific.Paladin.Retribution.<>c.<CreateRetributionPaladinInstancePullAndCombat>b__4_7(Object ret)
   at Singular.Helpers.Spell.<>c__DisplayClass18_0.<Cast>b__0(Object ret)
   at TreeSharp.Decorator.Execute(Object context)+MoveNext()
   at TreeSharp.Composite.Tick(Object context)
[13:49:25.372] [D] System.NullReferenceException: Object reference not set to an instance of an object.
   at Singular.ClassSpecific.Paladin.Retribution.<>c.<CreateRetributionPaladinInstancePullAndCombat>b__4_12(Object ret)
   at Singular.Helpers.Spell.<>c__DisplayClass18_0.<Cast>b__0(Object ret)
   at TreeSharp.Decorator.Execute(Object context)+MoveNext()
   at TreeSharp.Composite.Tick(Object context)
[13:49:25.441] [D] System.NullReferenceException: Object reference not set to an instance of an object.
   at Singular.ClassSpecific.Paladin.Retribution.<>c.<CreateRetributionPaladinInstancePullAndCombat>b__4_14(Object ret)
   at Singular.Helpers.Spell.<>c__DisplayClass18_0.<Cast>b__0(Object ret)
   at TreeSharp.Decorator.Execute(Object context)+MoveNext()
   at TreeSharp.Composite.Tick(Object context)
[13:49:25.510] [D] System.NullReferenceException: Object reference not set to an instance of an object.
   at Singular.ClassSpecific.Paladin.Retribution.<>c.<CreateRetributionPaladinInstancePullAndCombat>b__4_16(Object ret)
   at Singular.Helpers.Spell.<>c__DisplayClass18_0.<Cast>b__0(Object ret)
   at TreeSharp.Decorator.Execute(Object context)+MoveNext()
   at TreeSharp.Composite.Tick(Object context)
[13:49:25.510] [D] [Pulse] Slow bot root: 312ms bot=Combat Bot poi=None combat=False
[13:49:25.868] [D] [Pulse] Slow bot root: 267ms bot=Combat Bot poi=None combat=False
[13:49:26.267] [D] [Pulse] Slow bot root: 267ms bot=Combat Bot poi=None combat=False
[13:49:26.639] [D] [Pulse] Slow bot root: 270ms bot=Combat Bot poi=None combat=False
[13:49:27.007] [D] [Pulse] Slow bot root: 268ms bot=Combat Bot poi=None combat=False
[13:49:27.374] [D] [Pulse] Slow bot root: 268ms bot=Combat Bot poi=None combat=False
[13:49:27.743] [D] [Pulse] Slow bot root: 267ms bot=Combat Bot poi=None combat=False
[13:49:28.108] [D] [Pulse] Slow bot root: 263ms bot=Combat Bot poi=None combat=False
[13:49:28.481] [D] [Pulse] Slow bot root: 272ms bot=Combat Bot poi=None combat=False
[13:49:28.851] [D] [Pulse] Slow bot root: 269ms bot=Combat Bot poi=None combat=False
[13:49:29.222] [D] [Pulse] Slow bot root: 267ms bot=Combat Bot poi=None combat=False
[13:49:29.589] [D] [Pulse] Slow bot root: 266ms bot=Combat Bot poi=None combat=False
[13:49:29.959] [D] [Pulse] Slow bot root: 267ms bot=Combat Bot poi=None combat=False
[13:49:30.325] [D] [Pulse] Slow bot root: 265ms bot=Combat Bot poi=None combat=False
[13:49:30.696] [D] [Pulse] Slow bot root: 269ms bot=Combat Bot poi=None combat=False
[13:49:31.062] [D] [Pulse] Slow bot root: 267ms bot=Combat Bot poi=None combat=False
[13:49:31.463] [D] [Pulse] Slow bot root: 268ms bot=Combat Bot poi=None combat=False
[13:49:31.832] [D] [Pulse] Slow bot root: 267ms bot=Combat Bot poi=None combat=False
[13:49:32.140] [D] [Pulse] Slow bot root: 206ms bot=Combat Bot poi=None combat=False
[13:49:32.434] [D] [Pulse] Slow bot root: 200ms bot=Combat Bot poi=None combat=False
[13:49:32.736] [D] [Pulse] Slow bot root: 201ms bot=Combat Bot poi=None combat=False
[13:49:33.137] [D] [Pulse] Slow plugin: name=AutoEquip2 elapsed=352ms
[13:49:33.201] [D] [Pulse] Slow shared pulse: total=464ms movement=0 objects=0 lua=0 info=0 loot=1 targeting=46 events=0 plugins=415 routine=0
[13:49:33.404] [D] [Pulse] Slow bot root: 202ms bot=Combat Bot poi=None combat=False
[13:49:33.703] [D] [Pulse] Slow bot root: 198ms bot=Combat Bot poi=None combat=False
[13:49:34.004] [D] [Pulse] Slow bot root: 202ms bot=Combat Bot poi=None combat=False
[13:49:34.005] [D] [Singular-DEBUG] Bloodmage Thalnos is immune to Holy spell school
[13:49:34.306] [D] [Pulse] Slow bot root: 201ms bot=Combat Bot poi=None combat=False
[13:49:34.541] [D] [Pulse] Slow bot root: 134ms bot=Combat Bot poi=None combat=False
[13:49:34.773] [D] [Pulse] Slow bot root: 132ms bot=Combat Bot poi=None combat=False
[13:49:35.007] [D] [Pulse] Slow bot root: 133ms bot=Combat Bot poi=None combat=False
[13:49:35.396] [D] System.NullReferenceException: Object reference not set to an instance of an object.
   at Singular.Helpers.Unit.IsBoss(WoWUnit unit)
   at Singular.ClassSpecific.Paladin.Retribution.<>c.<CreateRetributionPaladinInstancePullAndCombat>b__4_7(Object ret)
   at Singular.Helpers.Spell.<>c__DisplayClass18_0.<Cast>b__0(Object ret)
   at TreeSharp.Decorator.Execute(Object context)+MoveNext()
   at TreeSharp.Composite.Tick(Object context)
[13:49:35.396] [D] System.NullReferenceException: Object reference not set to an instance of an object.
   at Singular.ClassSpecific.Paladin.Retribution.<>c.<CreateRetributionPaladinInstancePullAndCombat>b__4_12(Object ret)
   at Singular.Helpers.Spell.<>c__DisplayClass18_0.<Cast>b__0(Object ret)
   at TreeSharp.Decorator.Execute(Object context)+MoveNext()
   at TreeSharp.Composite.Tick(Object context)
[13:49:35.459] [D] System.NullReferenceException: Object reference not set to an instance of an object.
   at Singular.ClassSpecific.Paladin.Retribution.<>c.<CreateRetributionPaladinInstancePullAndCombat>b__4_14(Object ret)
   at Singular.Helpers.Spell.<>c__DisplayClass18_0.<Cast>b__0(Object ret)
   at TreeSharp.Decorator.Execute(Object context)+MoveNext()
   at TreeSharp.Composite.Tick(Object context)
[13:49:35.523] [D] System.NullReferenceException: Object reference not set to an instance of an object.
   at Singular.ClassSpecific.Paladin.Retribution.<>c.<CreateRetributionPaladinInstancePullAndCombat>b__4_16(Object ret)
   at Singular.Helpers.Spell.<>c__DisplayClass18_0.<Cast>b__0(Object ret)
   at TreeSharp.Decorator.Execute(Object context)+MoveNext()
   at TreeSharp.Composite.Tick(Object context)
[13:49:35.523] [D] [Pulse] Slow bot root: 417ms bot=Combat Bot poi=None combat=True
[13:49:35.607] [D] [Pulse] Slow plugin: name=Tidy Bags 3 Reloaded elapsed=47ms
[13:49:35.763] [D] System.NullReferenceException: Object reference not set to an instance of an object.
   at Singular.Helpers.Unit.IsBoss(WoWUnit unit)
   at Singular.ClassSpecific.Paladin.Retribution.<>c.<CreateRetributionPaladinInstancePullAndCombat>b__4_7(Object ret)
   at Singular.Helpers.Spell.<>c__DisplayClass18_0.<Cast>b__0(Object ret)
   at TreeSharp.Decorator.Execute(Object context)+MoveNext()
   at TreeSharp.Composite.Tick(Object context)
[13:49:35.763] [D] System.NullReferenceException: Object reference not set to an instance of an object.
   at Singular.ClassSpecific.Paladin.Retribution.<>c.<CreateRetributionPaladinInstancePullAndCombat>b__4_12(Object ret)
   at Singular.Helpers.Spell.<>c__DisplayClass18_0.<Cast>b__0(Object ret)
   at TreeSharp.Decorator.Execute(Object context)+MoveNext()
   at TreeSharp.Composite.Tick(Object context)
[13:49:35.826] [D] System.NullReferenceException: Object reference not set to an instance of an object.
   at Singular.ClassSpecific.Paladin.Retribution.<>c.<CreateRetributionPaladinInstancePullAndCombat>b__4_14(Object ret)
   at Singular.Helpers.Spell.<>c__DisplayClass18_0.<Cast>b__0(Object ret)
   at TreeSharp.Decorator.Execute(Object context)+MoveNext()
   at TreeSharp.Composite.Tick(Object context)
[13:49:35.889] [D] System.NullReferenceException: Object reference not set to an instance of an object.
   at Singular.ClassSpecific.Paladin.Retribution.<>c.<CreateRetributionPaladinInstancePullAndCombat>b__4_16(Object ret)
   at Singular.Helpers.Spell.<>c__DisplayClass18_0.<Cast>b__0(Object ret)
   at TreeSharp.Decorator.Execute(Object context)+MoveNext()
   at TreeSharp.Composite.Tick(Object context)
[13:49:35.889] [D] [Pulse] Slow bot root: 281ms bot=Combat Bot poi=None combat=True
[13:49:36.130] [D] System.NullReferenceException: Object reference not set to an instance of an object.
   at Singular.Helpers.Unit.IsBoss(WoWUnit unit)
   at Singular.ClassSpecific.Paladin.Retribution.<>c.<CreateRetributionPaladinInstancePullAndCombat>b__4_7(Object ret)
   at Singular.Helpers.Spell.<>c__DisplayClass18_0.<Cast>b__0(Object ret)
   at TreeSharp.Decorator.Execute(Object context)+MoveNext()
   at TreeSharp.Composite.Tick(Object context)
[13:49:36.130] [D] System.NullReferenceException: Object reference not set to an instance of an object.
   at Singular.ClassSpecific.Paladin.Retribution.<>c.<CreateRetributionPaladinInstancePullAndCombat>b__4_12(Object ret)
   at Singular.Helpers.Spell.<>c__DisplayClass18_0.<Cast>b__0(Object ret)
   at TreeSharp.Decorator.Execute(Object context)+MoveNext()
   at TreeSharp.Composite.Tick(Object context)
[13:49:36.195] [D] System.NullReferenceException: Object reference not set to an instance of an object.
   at Singular.ClassSpecific.Paladin.Retribution.<>c.<CreateRetributionPaladinInstancePullAndCombat>b__4_14(Object ret)
   at Singular.Helpers.Spell.<>c__DisplayClass18_0.<Cast>b__0(Object ret)
   at TreeSharp.Decorator.Execute(Object context)+MoveNext()
   at TreeSharp.Composite.Tick(Object context)
[13:49:36.255] [D] System.NullReferenceException: Object reference not set to an instance of an object.
   at Singular.ClassSpecific.Paladin.Retribution.<>c.<CreateRetributionPaladinInstancePullAndCombat>b__4_16(Object ret)
   at Singular.Helpers.Spell.<>c__DisplayClass18_0.<Cast>b__0(Object ret)
   at TreeSharp.Decorator.Execute(Object context)+MoveNext()
   at TreeSharp.Composite.Tick(Object context)
[13:49:36.255] [D] [Pulse] Slow bot root: 280ms bot=Combat Bot poi=None combat=True
[13:49:36.536] [D] System.NullReferenceException: Object reference not set to an instance of an object.
   at Singular.Helpers.Unit.IsBoss(WoWUnit unit)
   at Singular.ClassSpecific.Paladin.Retribution.<>c.<CreateRetributionPaladinInstancePullAndCombat>b__4_7(Object ret)
   at Singular.Helpers.Spell.<>c__DisplayClass18_0.<Cast>b__0(Object ret)
   at TreeSharp.Decorator.Execute(Object context)+MoveNext()
   at TreeSharp.Composite.Tick(Object context)
[13:49:36.536] [D] System.NullReferenceException: Object reference not set to an instance of an object.
   at Singular.ClassSpecific.Paladin.Retribution.<>c.<CreateRetributionPaladinInstancePullAndCombat>b__4_12(Object ret)
   at Singular.Helpers.Spell.<>c__DisplayClass18_0.<Cast>b__0(Object ret)
   at TreeSharp.Decorator.Execute(Object context)+MoveNext()
   at TreeSharp.Composite.Tick(Object context)
[13:49:36.598] [D] System.NullReferenceException: Object reference not set to an instance of an object.
   at Singular.ClassSpecific.Paladin.Retribution.<>c.<CreateRetributionPaladinInstancePullAndCombat>b__4_14(Object ret)
   at Singular.Helpers.Spell.<>c__DisplayClass18_0.<Cast>b__0(Object ret)
   at TreeSharp.Decorator.Execute(Object context)+MoveNext()
   at TreeSharp.Composite.Tick(Object context)
[13:49:36.659] [D] System.NullReferenceException: Object reference not set to an instance of an object.
   at Singular.ClassSpecific.Paladin.Retribution.<>c.<CreateRetributionPaladinInstancePullAndCombat>b__4_16(Object ret)
   at Singular.Helpers.Spell.<>c__DisplayClass18_0.<Cast>b__0(Object ret)
   at TreeSharp.Decorator.Execute(Object context)+MoveNext()
   at TreeSharp.Composite.Tick(Object context)
[13:49:36.659] [D] [Pulse] Slow bot root: 279ms bot=Combat Bot poi=None combat=True
[13:49:36.908] [D] System.NullReferenceException: Object reference not set to an instance of an object.
   at Singular.Helpers.Unit.IsBoss(WoWUnit unit)
   at Singular.ClassSpecific.Paladin.Retribution.<>c.<CreateRetributionPaladinInstancePullAndCombat>b__4_7(Object ret)
   at Singular.Helpers.Spell.<>c__DisplayClass18_0.<Cast>b__0(Object ret)
   at TreeSharp.Decorator.Execute(Object context)+MoveNext()
   at TreeSharp.Composite.Tick(Object context)
[13:49:36.908] [D] System.NullReferenceException: Object reference not set to an instance of an object.
   at Singular.ClassSpecific.Paladin.Retribution.<>c.<CreateRetributionPaladinInstancePullAndCombat>b__4_12(Object ret)
   at Singular.Helpers.Spell.<>c__DisplayClass18_0.<Cast>b__0(Object ret)
   at TreeSharp.Decorator.Execute(Object context)+MoveNext()
   at TreeSharp.Composite.Tick(Object context)
[13:49:36.970] [D] System.NullReferenceException: Object reference not set to an instance of an object.
   at Singular.ClassSpecific.Paladin.Retribution.<>c.<CreateRetributionPaladinInstancePullAndCombat>b__4_14(Object ret)
   at Singular.Helpers.Spell.<>c__DisplayClass18_0.<Cast>b__0(Object ret)
   at TreeSharp.Decorator.Execute(Object context)+MoveNext()
   at TreeSharp.Composite.Tick(Object context)
[13:49:37.034] [D] System.NullReferenceException: Object reference not set to an instance of an object.
   at Singular.ClassSpecific.Paladin.Retribution.<>c.<CreateRetributionPaladinInstancePullAndCombat>b__4_16(Object ret)
   at Singular.Helpers.Spell.<>c__DisplayClass18_0.<Cast>b__0(Object ret)
   at TreeSharp.Decorator.Execute(Object context)+MoveNext()
   at TreeSharp.Composite.Tick(Object context)
[13:49:37.034] [D] [Pulse] Slow bot root: 285ms bot=Combat Bot poi=None combat=True
[13:49:37.278] [D] System.NullReferenceException: Object reference not set to an instance of an object.
   at Singular.Helpers.Unit.IsBoss(WoWUnit unit)
   at Singular.ClassSpecific.Paladin.Retribution.<>c.<CreateRetributionPaladinInstancePullAndCombat>b__4_7(Object ret)
   at Singular.Helpers.Spell.<>c__DisplayClass18_0.<Cast>b__0(Object ret)
   at TreeSharp.Decorator.Execute(Object context)+MoveNext()
   at TreeSharp.Composite.Tick(Object context)
[13:49:37.278] [D] System.NullReferenceException: Object reference not set to an instance of an object.
   at Singular.ClassSpecific.Paladin.Retribution.<>c.<CreateRetributionPaladinInstancePullAndCombat>b__4_12(Object ret)
   at Singular.Helpers.Spell.<>c__DisplayClass18_0.<Cast>b__0(Object ret)
   at TreeSharp.Decorator.Execute(Object context)+MoveNext()
   at TreeSharp.Composite.Tick(Object context)
[13:49:37.340] [D] System.NullReferenceException: Object reference not set to an instance of an object.
   at Singular.ClassSpecific.Paladin.Retribution.<>c.<CreateRetributionPaladinInstancePullAndCombat>b__4_14(Object ret)
   at Singular.Helpers.Spell.<>c__DisplayClass18_0.<Cast>b__0(Object ret)
   at TreeSharp.Decorator.Execute(Object context)+MoveNext()
   at TreeSharp.Composite.Tick(Object context)
[13:49:37.403] [D] System.NullReferenceException: Object reference not set to an instance of an object.
   at Singular.ClassSpecific.Paladin.Retribution.<>c.<CreateRetributionPaladinInstancePullAndCombat>b__4_16(Object ret)
   at Singular.Helpers.Spell.<>c__DisplayClass18_0.<Cast>b__0(Object ret)
   at TreeSharp.Decorator.Execute(Object context)+MoveNext()
   at TreeSharp.Composite.Tick(Object context)
[13:49:37.404] [D] [Pulse] Slow bot root: 285ms bot=Combat Bot poi=None combat=True
[13:49:37.577] [D] System.NullReferenceException: Object reference not set to an instance of an object.
   at Singular.Helpers.Unit.IsBoss(WoWUnit unit)
   at Singular.ClassSpecific.Paladin.Retribution.<>c.<CreateRetributionPaladinInstancePullAndCombat>b__4_7(Object ret)
   at Singular.Helpers.Spell.<>c__DisplayClass18_0.<Cast>b__0(Object ret)
   at TreeSharp.Decorator.Execute(Object context)+MoveNext()
   at TreeSharp.Composite.Tick(Object context)
[13:49:37.577] [D] System.NullReferenceException: Object reference not set to an instance of an object.
   at Singular.ClassSpecific.Paladin.Retribution.<>c.<CreateRetributionPaladinInstancePullAndCombat>b__4_12(Object ret)
   at Singular.Helpers.Spell.<>c__DisplayClass18_0.<Cast>b__0(Object ret)
   at TreeSharp.Decorator.Execute(Object context)+MoveNext()
   at TreeSharp.Composite.Tick(Object context)
[13:49:37.641] [D] System.NullReferenceException: Object reference not set to an instance of an object.
   at Singular.ClassSpecific.Paladin.Retribution.<>c.<CreateRetributionPaladinInstancePullAndCombat>b__4_14(Object ret)
   at Singular.Helpers.Spell.<>c__DisplayClass18_0.<Cast>b__0(Object ret)
   at TreeSharp.Decorator.Execute(Object context)+MoveNext()
   at TreeSharp.Composite.Tick(Object context)
[13:49:37.702] [D] System.NullReferenceException: Object reference not set to an instance of an object.
   at Singular.ClassSpecific.Paladin.Retribution.<>c.<CreateRetributionPaladinInstancePullAndCombat>b__4_16(Object ret)
   at Singular.Helpers.Spell.<>c__DisplayClass18_0.<Cast>b__0(Object ret)
   at TreeSharp.Decorator.Execute(Object context)+MoveNext()
   at TreeSharp.Composite.Tick(Object context)
[13:49:37.702] [D] [Pulse] Slow bot root: 263ms bot=Combat Bot poi=None combat=True
[13:49:37.871] [D] System.NullReferenceException: Object reference not set to an instance of an object.
   at Singular.Helpers.Unit.IsBoss(WoWUnit unit)
   at Singular.ClassSpecific.Paladin.Retribution.<>c.<CreateRetributionPaladinInstancePullAndCombat>b__4_7(Object ret)
   at Singular.Helpers.Spell.<>c__DisplayClass18_0.<Cast>b__0(Object ret)
   at TreeSharp.Decorator.Execute(Object context)+MoveNext()
   at TreeSharp.Composite.Tick(Object context)
[13:49:37.872] [D] System.NullReferenceException: Object reference not set to an instance of an object.
   at Singular.ClassSpecific.Paladin.Retribution.<>c.<CreateRetributionPaladinInstancePullAndCombat>b__4_12(Object ret)
   at Singular.Helpers.Spell.<>c__DisplayClass18_0.<Cast>b__0(Object ret)
   at TreeSharp.Decorator.Execute(Object context)+MoveNext()
   at TreeSharp.Composite.Tick(Object context)
[13:49:37.933] [D] System.NullReferenceException: Object reference not set to an instance of an object.
   at Singular.ClassSpecific.Paladin.Retribution.<>c.<CreateRetributionPaladinInstancePullAndCombat>b__4_14(Object ret)
   at Singular.Helpers.Spell.<>c__DisplayClass18_0.<Cast>b__0(Object ret)
   at TreeSharp.Decorator.Execute(Object context)+MoveNext()
   at TreeSharp.Composite.Tick(Object context)
[13:49:37.994] [D] System.NullReferenceException: Object reference not set to an instance of an object.
   at Singular.ClassSpecific.Paladin.Retribution.<>c.<CreateRetributionPaladinInstancePullAndCombat>b__4_16(Object ret)
   at Singular.Helpers.Spell.<>c__DisplayClass18_0.<Cast>b__0(Object ret)
   at TreeSharp.Decorator.Execute(Object context)+MoveNext()
   at TreeSharp.Composite.Tick(Object context)
[13:49:37.995] [D] [Pulse] Slow bot root: 259ms bot=Combat Bot poi=None combat=True
[13:49:38.167] [D] System.NullReferenceException: Object reference not set to an instance of an object.
   at Singular.Helpers.Unit.IsBoss(WoWUnit unit)
   at Singular.ClassSpecific.Paladin.Retribution.<>c.<CreateRetributionPaladinInstancePullAndCombat>b__4_7(Object ret)
   at Singular.Helpers.Spell.<>c__DisplayClass18_0.<Cast>b__0(Object ret)
   at TreeSharp.Decorator.Execute(Object context)+MoveNext()
   at TreeSharp.Composite.Tick(Object context)
[13:49:38.167] [D] System.NullReferenceException: Object reference not set to an instance of an object.
   at Singular.ClassSpecific.Paladin.Retribution.<>c.<CreateRetributionPaladinInstancePullAndCombat>b__4_12(Object ret)
   at Singular.Helpers.Spell.<>c__DisplayClass18_0.<Cast>b__0(Object ret)
   at TreeSharp.Decorator.Execute(Object context)+MoveNext()
   at TreeSharp.Composite.Tick(Object context)
[13:49:38.229] [D] System.NullReferenceException: Object reference not set to an instance of an object.
   at Singular.ClassSpecific.Paladin.Retribution.<>c.<CreateRetributionPaladinInstancePullAndCombat>b__4_14(Object ret)
   at Singular.Helpers.Spell.<>c__DisplayClass18_0.<Cast>b__0(Object ret)
   at TreeSharp.Decorator.Execute(Object context)+MoveNext()
   at TreeSharp.Composite.Tick(Object context)
[13:49:38.289] [D] System.NullReferenceException: Object reference not set to an instance of an object.
   at Singular.ClassSpecific.Paladin.Retribution.<>c.<CreateRetributionPaladinInstancePullAndCombat>b__4_16(Object ret)
   at Singular.Helpers.Spell.<>c__DisplayClass18_0.<Cast>b__0(Object ret)
   at TreeSharp.Decorator.Execute(Object context)+MoveNext()
   at TreeSharp.Composite.Tick(Object context)
[13:49:38.289] [D] [Pulse] Slow bot root: 256ms bot=Combat Bot poi=None combat=True
[13:49:38.327] [N] [Singular] Currect target is invalid. Switching to Bloodmage Thalnos!
[13:49:38.677] [D] [Singular-DEBUG] Switched targets!
[13:49:38.677] [D] [Singular-DEBUG] Melee Distance: 5
[13:49:38.677] [D] [Singular-DEBUG] Health: 70.83333333333333
[13:49:38.677] [D] [Singular-DEBUG] Level: 32
[13:49:43.985] [D] [Pulse] Slow bot root: 330ms bot=Combat Bot poi=None combat=True
[13:49:44.331] [D] [Pulse] Slow bot root: 310ms bot=Combat Bot poi=None combat=True
[13:49:44.713] [D] [Pulse] Slow bot root: 345ms bot=Combat Bot poi=None combat=True
[13:49:45.065] [D] [Pulse] Slow bot root: 315ms bot=Combat Bot poi=None combat=True
[13:49:45.422] [D] [Pulse] Slow bot root: 320ms bot=Combat Bot poi=None combat=True
[13:49:45.786] [D] [Pulse] Slow bot root: 327ms bot=Combat Bot poi=None combat=True
[13:49:46.121] [N] [Singular] Casting Judgement of Light on Bloodmage Thalnos
[13:49:46.121] [D] Spell_C::CastSpell(20271, 0, 0xF1300011BF00006F, 0)
[13:49:46.133] [D] [Pulse] Slow bot root: 308ms bot=Combat Bot poi=None combat=True
[13:49:46.485] [D] [Pulse] Slow bot root: 316ms bot=Combat Bot poi=None combat=True
[13:49:46.885] [D] [Pulse] Slow bot root: 357ms bot=Combat Bot poi=None combat=True
[13:49:47.268] [D] [Pulse] Slow bot root: 345ms bot=Combat Bot poi=None combat=True
[13:49:47.654] [D] [Pulse] Slow bot root: 345ms bot=Combat Bot poi=None combat=True
[13:49:47.852] [N] [Singular] Casting Exorcism on Bloodmage Thalnos
[13:49:47.852] [D] Spell_C::CastSpell(879, 0, 0xF1300011BF00006F, 0)
[13:49:47.859] [D] [Pulse] Slow bot root: 163ms bot=Combat Bot poi=None combat=True
[13:49:48.257] [D] [Pulse] Slow bot root: 355ms bot=Combat Bot poi=None combat=True
[13:49:48.650] [D] [Pulse] Slow bot root: 349ms bot=Combat Bot poi=None combat=True
[13:49:49.026] [D] [Pulse] Slow bot root: 338ms bot=Combat Bot poi=None combat=True
[13:49:49.400] [D] [Pulse] Slow bot root: 342ms bot=Combat Bot poi=None combat=True
[13:49:49.782] [D] [Pulse] Slow bot root: 347ms bot=Combat Bot poi=None combat=True
[13:49:50.186] [D] [Pulse] Slow bot root: 353ms bot=Combat Bot poi=None combat=True
[13:49:50.569] [D] [Pulse] Slow bot root: 349ms bot=Combat Bot poi=None combat=True
[13:49:50.960] [D] [Pulse] Slow bot root: 351ms bot=Combat Bot poi=None combat=True
[13:49:51.343] [D] [Pulse] Slow bot root: 348ms bot=Combat Bot poi=None combat=True
[13:49:51.746] [D] [Pulse] Slow bot root: 363ms bot=Combat Bot poi=None combat=True
[13:49:52.130] [D] [Pulse] Slow bot root: 341ms bot=Combat Bot poi=None combat=True
[13:49:52.515] [D] [Pulse] Slow bot root: 347ms bot=Combat Bot poi=None combat=True
[13:49:52.892] [D] [Pulse] Slow bot root: 343ms bot=Combat Bot poi=None combat=True
[13:49:53.276] [D] [Pulse] Slow bot root: 346ms bot=Combat Bot poi=None combat=True
[13:49:53.661] [D] [Pulse] Slow bot root: 347ms bot=Combat Bot poi=None combat=True
[13:49:54.039] [D] [Pulse] Slow bot root: 343ms bot=Combat Bot poi=None combat=True
[13:49:54.411] [D] [Pulse] Slow bot root: 334ms bot=Combat Bot poi=None combat=True
[13:49:54.740] [N] [Singular] Casting Judgement of Light on Bloodmage Thalnos
[13:49:54.740] [D] Spell_C::CastSpell(20271, 0, 0xF1300011BF00006F, 0)
[13:49:54.746] [D] [Pulse] Slow bot root: 297ms bot=Combat Bot poi=None combat=True
[13:49:55.127] [D] [Pulse] Slow bot root: 345ms bot=Combat Bot poi=None combat=True
[13:49:55.506] [D] [Pulse] Slow bot root: 336ms bot=Combat Bot poi=None combat=True
[13:49:55.879] [D] [Pulse] Slow bot root: 333ms bot=Combat Bot poi=None combat=True
[13:49:56.248] [D] [Pulse] Slow bot root: 330ms bot=Combat Bot poi=None combat=True
[13:49:56.614] [D] [Pulse] Slow bot root: 333ms bot=Combat Bot poi=None combat=True
[13:49:56.989] [D] [Pulse] Slow bot root: 334ms bot=Combat Bot poi=None combat=True
[13:49:57.361] [D] [Pulse] Slow bot root: 329ms bot=Combat Bot poi=None combat=True
[13:49:57.738] [D] [Pulse] Slow bot root: 334ms bot=Combat Bot poi=None combat=True
[13:49:58.105] [D] [Pulse] Slow bot root: 330ms bot=Combat Bot poi=None combat=True
[13:49:58.480] [D] [Pulse] Slow bot root: 333ms bot=Combat Bot poi=None combat=True
[13:49:58.852] [D] [Pulse] Slow bot root: 336ms bot=Combat Bot poi=None combat=True
[13:49:59.219] [D] [Pulse] Slow bot root: 327ms bot=Combat Bot poi=None combat=True
[13:49:59.583] [D] [Pulse] Slow bot root: 328ms bot=Combat Bot poi=None combat=True
[13:49:59.937] [D] [Pulse] Slow bot root: 318ms bot=Combat Bot poi=None combat=False
[13:50:00.056] [N] [TidyBags 3]: Using Satchel of Helpful Goods we have 1
[13:50:00.063] [D] [Pulse] Slow plugin: name=Tidy Bags 3 Reloaded elapsed=26ms
[13:50:00.299] [N] [AutoEquip]: Loot roll in progress
[13:50:00.316] [N] [AutoEquip]: Equipped item in slot:ShoulderSlot scored 0 while loot-roll item scored:1.3333334
[13:50:00.316] [N] [AutoEquip]: New item did not contain our primary stat of:Strength so we are not rolling need.
[13:50:00.316] [N] [AutoEquip]: Rolling Greed
[13:50:00.905] [D] [Pulse] Slow shared pulse: total=254ms movement=0 objects=0 lua=218 info=0 loot=1 targeting=18 events=0 plugins=15 routine=0
[13:50:03.005] [D] [Pulse] Slow plugin: name=AutoEquip2 elapsed=71ms
[13:50:13.069] [D] [Pulse] Slow plugin: name=AutoEquip2 elapsed=84ms
[13:50:13.840] [D] [Pulse] Slow shared pulse: total=355ms movement=0 objects=0 lua=0 info=0 loot=1 targeting=337 events=0 plugins=16 routine=0
[13:50:19.296] [D] [Pulse] Slow plugin: name=Tidy Bags 3 Reloaded elapsed=23ms
[13:50:20.968] [N] Not in game
[13:50:21.046] [N] Not in game
[13:50:21.137] [N] Not in game
[13:50:21.216] [N] Not in game
[13:50:21.294] [N] Not in game
[13:50:21.372] [N] Not in game
[13:50:21.518] [N] [Singular] Context changed. New context: Normal. Rebuilding behaviors.
[13:50:21.519] [D] [Singular-DEBUG] Creating Combat behavior.
[13:50:21.519] [D] [Singular-DEBUG] CreateRetributionPaladinNormalPullAndCombat is a match!
[13:50:21.519] [N] [Singular]  Using CreateRetributionPaladinNormalPullAndCombat for Retribution Paladin - Combat (Priority: 0)
[13:50:21.520] [D] [Singular-DEBUG] Creating Pull behavior.
[13:50:21.521] [D] [Singular-DEBUG] CreateRetributionPaladinNormalPullAndCombat is a match!
[13:50:21.521] [N] [Singular]  Using CreateRetributionPaladinNormalPullAndCombat for Retribution Paladin - Pull (Priority: 0)
[13:50:21.522] [D] [Singular-DEBUG] Creating Rest behavior.
[13:50:21.523] [D] [Singular-DEBUG] CreateRetributionPaladinRest is a match!
[13:50:21.523] [N] [Singular]  Using CreateRetributionPaladinRest for Retribution Paladin - Rest (Priority: 0)
[13:50:21.524] [D] [Singular-DEBUG] Creating CombatBuffs behavior.
[13:50:21.525] [D] [Singular-DEBUG] Creating Heal behavior.
[13:50:21.526] [D] [Singular-DEBUG] CreateRetributionPaladinHeal is a match!
[13:50:21.526] [N] [Singular]  Using CreateRetributionPaladinHeal for Retribution Paladin - Heal (Priority: 0)
[13:50:21.526] [D] [Singular-DEBUG] CreateRetributionPaladinNormalPullAndCombat is a match!
[13:50:21.526] [N] [Singular]  Using CreateRetributionPaladinNormalPullAndCombat for Retribution Paladin - Heal (Priority: 0)
[13:50:21.527] [D] [Singular-DEBUG] Creating PullBuffs behavior.
[13:50:21.528] [D] [Singular-DEBUG] Creating PreCombatBuffs behavior.
[13:50:21.529] [D] [Singular-DEBUG] CreatePaladinPreCombatBuffs is a match!
[13:50:21.529] [N] [Singular]  Using CreatePaladinPreCombatBuffs for Retribution Paladin - PreCombatBuffs (Priority: 0)
[13:50:23.156] [D] [Pulse] Slow plugin: name=AutoEquip2 elapsed=82ms
[13:50:33.229] [D] [Pulse] Slow plugin: name=AutoEquip2 elapsed=75ms
[13:50:39.579] [D] [Pulse] Slow plugin: name=Tidy Bags 3 Reloaded elapsed=21ms
[13:50:43.291] [D] [Pulse] Slow plugin: name=AutoEquip2 elapsed=74ms
[13:50:53.384] [D] [Pulse] Slow plugin: name=AutoEquip2 elapsed=81ms
[13:51:03.391] [D] [Pulse] Slow plugin: name=AutoEquip2 elapsed=75ms
[13:51:08.665] [D] [Pulse] Slow plugin: name=Tidy Bags 3 Reloaded elapsed=43ms
[13:51:13.736] [D] [Pulse] Slow plugin: name=AutoEquip2 elapsed=396ms
[13:51:13.802] [D] [Pulse] Slow shared pulse: total=500ms movement=0 objects=0 lua=0 info=0 loot=1 targeting=35 events=0 plugins=463 routine=0
[13:51:18.675] [D] [Pulse] Slow plugin: name=Tidy Bags 3 Reloaded elapsed=61ms
[13:51:23.780] [D] [Pulse] Slow plugin: name=AutoEquip2 elapsed=396ms
[13:51:23.847] [D] [Pulse] Slow shared pulse: total=500ms movement=0 objects=0 lua=0 info=0 loot=1 targeting=35 events=0 plugins=462 routine=0
[13:51:28.692] [D] [Pulse] Slow plugin: name=Tidy Bags 3 Reloaded elapsed=59ms
[13:51:33.880] [D] [Pulse] Slow plugin: name=AutoEquip2 elapsed=398ms
[13:51:33.945] [D] [Pulse] Slow shared pulse: total=501ms movement=0 objects=0 lua=0 info=0 loot=1 targeting=36 events=0 plugins=462 routine=0
[13:51:38.792] [D] [Pulse] Slow plugin: name=Tidy Bags 3 Reloaded elapsed=60ms
[13:51:43.952] [D] [Pulse] Slow plugin: name=AutoEquip2 elapsed=398ms
[13:51:44.018] [D] [Pulse] Slow shared pulse: total=500ms movement=0 objects=0 lua=0 info=0 loot=1 targeting=34 events=0 plugins=464 routine=0
[13:51:48.798] [D] [Pulse] Slow plugin: name=Tidy Bags 3 Reloaded elapsed=60ms
[13:51:58.810] [D] [Pulse] Slow plugin: name=Tidy Bags 3 Reloaded elapsed=59ms
[13:52:03.967] [D] [Pulse] Slow plugin: name=AutoEquip2 elapsed=399ms
[13:52:04.032] [D] [Pulse] Slow shared pulse: total=501ms movement=0 objects=0 lua=0 info=0 loot=1 targeting=36 events=0 plugins=463 routine=0
[13:52:08.869] [D] [Pulse] Slow plugin: name=Tidy Bags 3 Reloaded elapsed=60ms
[13:52:14.050] [D] [Pulse] Slow plugin: name=AutoEquip2 elapsed=394ms
[13:52:14.114] [D] [Pulse] Slow shared pulse: total=496ms movement=0 objects=0 lua=0 info=0 loot=1 targeting=35 events=0 plugins=458 routine=0
[13:52:18.902] [D] [Pulse] Slow plugin: name=Tidy Bags 3 Reloaded elapsed=61ms
[13:52:24.097] [D] [Pulse] Slow plugin: name=AutoEquip2 elapsed=397ms
[13:52:24.162] [D] [Pulse] Slow shared pulse: total=501ms movement=0 objects=0 lua=0 info=0 loot=1 targeting=36 events=0 plugins=463 routine=0
[13:52:28.929] [D] [Pulse] Slow plugin: name=Tidy Bags 3 Reloaded elapsed=60ms
[13:52:34.126] [D] [Pulse] Slow plugin: name=AutoEquip2 elapsed=401ms
[13:52:34.192] [D] [Pulse] Slow shared pulse: total=504ms movement=0 objects=0 lua=0 info=0 loot=1 targeting=35 events=0 plugins=466 routine=0
[13:52:38.956] [D] [Pulse] Slow plugin: name=Tidy Bags 3 Reloaded elapsed=59ms
[13:52:44.146] [D] [Pulse] Slow plugin: name=AutoEquip2 elapsed=396ms
[13:52:44.210] [D] [Pulse] Slow shared pulse: total=497ms movement=0 objects=0 lua=0 info=0 loot=1 targeting=35 events=0 plugins=460 routine=0
[13:52:49.014] [D] [Pulse] Slow plugin: name=Tidy Bags 3 Reloaded elapsed=59ms
[13:52:54.193] [D] [Pulse] Slow plugin: name=AutoEquip2 elapsed=397ms
[13:52:54.257] [D] [Pulse] Slow shared pulse: total=533ms movement=0 objects=0 lua=30 info=0 loot=1 targeting=38 events=0 plugins=462 routine=0
[13:52:59.108] [D] [Pulse] Slow plugin: name=Tidy Bags 3 Reloaded elapsed=60ms
[13:53:04.286] [D] [Pulse] Slow plugin: name=AutoEquip2 elapsed=398ms
[13:53:04.351] [D] [Pulse] Slow shared pulse: total=533ms movement=0 objects=0 lua=32 info=0 loot=1 targeting=36 events=0 plugins=462 routine=0
[13:53:09.204] [D] [Pulse] Slow plugin: name=Tidy Bags 3 Reloaded elapsed=61ms
[13:53:14.425] [D] [Pulse] Slow plugin: name=AutoEquip2 elapsed=402ms
[13:53:14.488] [D] [Pulse] Slow shared pulse: total=537ms movement=0 objects=0 lua=33 info=0 loot=1 targeting=37 events=0 plugins=465 routine=0
[13:53:19.281] [D] [Pulse] Slow plugin: name=Tidy Bags 3 Reloaded elapsed=58ms
[13:53:24.444] [D] [Pulse] Slow plugin: name=AutoEquip2 elapsed=397ms
[13:53:24.508] [D] [Pulse] Slow shared pulse: total=500ms movement=0 objects=0 lua=0 info=0 loot=1 targeting=37 events=0 plugins=461 routine=0
[13:53:29.370] [D] [Pulse] Slow plugin: name=Tidy Bags 3 Reloaded elapsed=60ms
[13:53:34.475] [D] [Pulse] Slow plugin: name=AutoEquip2 elapsed=397ms
[13:53:34.541] [D] [Pulse] Slow shared pulse: total=501ms movement=0 objects=0 lua=0 info=0 loot=1 targeting=36 events=0 plugins=463 routine=0
[13:53:39.389] [D] [Pulse] Slow plugin: name=Tidy Bags 3 Reloaded elapsed=60ms
[13:53:49.413] [D] [Pulse] Slow plugin: name=Tidy Bags 3 Reloaded elapsed=59ms
[13:53:54.490] [D] [Pulse] Slow plugin: name=AutoEquip2 elapsed=396ms
[13:53:54.554] [D] [Pulse] Slow shared pulse: total=498ms movement=0 objects=0 lua=0 info=0 loot=1 targeting=35 events=0 plugins=461 routine=0
[13:53:59.491] [D] [Pulse] Slow plugin: name=Tidy Bags 3 Reloaded elapsed=59ms
[13:54:04.571] [D] [Pulse] Slow plugin: name=AutoEquip2 elapsed=393ms
[13:54:04.637] [D] [Pulse] Slow shared pulse: total=497ms movement=0 objects=0 lua=0 info=0 loot=0 targeting=36 events=0 plugins=459 routine=0
[13:54:09.584] [D] [Pulse] Slow plugin: name=Tidy Bags 3 Reloaded elapsed=60ms
[13:54:14.678] [D] [Pulse] Slow plugin: name=AutoEquip2 elapsed=400ms
[13:54:14.744] [D] [Pulse] Slow shared pulse: total=504ms movement=0 objects=0 lua=0 info=0 loot=0 targeting=36 events=0 plugins=466 routine=0
[13:54:19.432] [N] Stopping the bot!
[13:54:19.434] [N] Bot stopping! Reason: User request
[13:54:19.436] [D] Exception in GetReturnValues: Thread was interrupted from a waiting state.
[13:54:19.749] [D] [Pulse] Slow plugin: name=Tidy Bags 3 Reloaded elapsed=64ms
[13:54:19.750] [D] Cleared POI
[13:54:19.750] [D] Worker thread exited cleanly
[15:01:36.555] [N] Changing current bot to: Wholesome Auto Quest
[15:01:38.123] [D] [Settings] Saved all settings
[15:01:38.124] [N] Starting the bot.
[15:01:38.126] [N] Currently Using BotBase : Wholesome Auto Quest
[15:01:38.128] [N] Character is a level 30 BloodElf Paladin
[15:01:38.130] [N] Current zone is Thousand Needles
[15:01:38.130] [D] Loading profile from D:\World of Warcraft 3.3.5a\CB\Bots\WholesomeAutoQuest\WHOLESOME_AUTOQUESTER.xml
[15:01:38.132] [D] [CompileBatch] Compiling 2 entries...
[15:01:38.259] [D] [CompileBatch] Compiled successfully.
[15:01:38.259] [N] Profile loaded: WholesomeAQ - Thousand Needles
[15:01:38.261] [D] Selected sub-profile: WholesomeAQ - Thousand Needles (L1-80)
[15:01:38.629] [N] [VendorSafety] Skipping NPC 10380 for this session: Wholesome saved vendor blacklist. Trying the next suitable NPC.
[15:01:38.632] [N] [VendorSafety] Skipping NPC 3392 for this session: Wholesome saved vendor blacklist. Trying the next suitable NPC.
[15:01:38.634] [N] [VendorSafety] Skipping NPC 5848 for this session: Wholesome saved vendor blacklist. Trying the next suitable NPC.
[15:01:38.636] [N] [Wholesome Auto Quest] Loaded 3 blacklisted vendors
[15:01:39.110] [D] [QuestLog] Loaded 79 completed quests from Lua fallback
[15:01:39.144] [D] [ProfileBatchManager] Batch reset for new profile session.
[15:01:39.145] [N] [Wholesome Auto Quest] Class Paladin → PullDistance set to 24
[15:01:39.147] [N] [Wholesome Auto Quest] Initial scheduler build.
[15:01:39.858] [D] [QuestRecovery] quest=1051, stage=Objective, old=Eligible, new=Quarantined, reason=InvalidQuestData, episode=1, attempt=1, retry=10/9/2026 1:01:39 PM
[15:01:39.866] [D] Activity: No eligible quest work; idle until 2026-09-10T08:01:39.8494456Z. quest-log-full=25/25; deferred new pickups while retaining accepted quest work. excluded quest=1062;stage=TurnIn;npc=4049;reason=outside-scan-radius;retry=context-change excluded quest=1069;stage=Objective;objective=0;reason=outside-scan-radius;retry=context-change. excluded quest=1087;stage=Objective;objective=2;reason=outside-scan-radius;retry=context-change. excluded quest=1093;stage=Objective;scope=Objective;objective=0;retry=2026-09-10T08:01:39.8507839Z;state=HalfOpen. excluded quest=4921;stage=Objective;scope=QuestStage;retry=2026-09-10T08:01:39.8507839Z;state=HalfOpen. excluded quest=5147;stage=Objective;scope=Objective;objective=0;retry=2026-09-10T09:12:24.2875831Z;state=Quarantined. excluded quest=6382;stage=TurnIn;npc=12696;reason=outside-scan-radius;retry=context-change excluded quest=6393;stage=Objective;scope=Objective;objective=0;retry=2026-09-10T08:01:39.8507839Z;state=HalfOpen. excluded quest=6441;stage=Objective;scope=Objective;objective=0;retry=2026-09-10T08:01:39.8507839Z;state=HalfOpen. excluded quest=6461;stage=TurnIn;npc=12816;reason=outside-scan-radius;retry=context-change excluded quest=6543;stage=Objective;scope=Objective;objective=0;retry=2026-09-10T08:01:39.8507839Z;state=HalfOpen. excluded quest=846;stage=Objective;scope=Objective;objective=0;retry=2026-09-10T08:31:50.8814924Z;state=Quarantined. excluded quest=846;stage=Objective;scope=Objective;objective=1;retry=2026-09-10T08:31:50.8815324Z;state=Quarantined. excluded quest=846;stage=Objective;scope=Objective;objective=2;retry=2026-09-10T08:31:50.8815657Z;state=Quarantined. excluded quest=8487;stage=TurnIn;scope=QuestStage;retry=2026-09-10T08:01:39.8507839Z;state=HalfOpen. excluded quest=867;stage=Objective;scope=Objective;objective=0;retry=2026-09-10T08:31:50.8816264Z;state=Quarantined. excluded quest=868;stage=TurnIn;npc=3428;reason=outside-scan-radius;retry=context-change excluded quest=879;stage=Objective;objective=0;reason=no-known-hotspots;retry=context-change. excluded quest=879;stage=Objective;objective=1;reason=no-known-hotspots;retry=context-change. excluded quest=879;stage=Objective;objective=2;reason=no-known-hotspots;retry=context-change. excluded quest=8889;stage=Objective;objective=0;reason=outside-scan-radius;retry=context-change. excluded quest=8889;stage=Objective;objective=1;reason=outside-scan-radius;retry=context-change. excluded quest=8889;stage=Objective;objective=2;reason=outside-scan-radius;retry=context-change. excluded quest=891;stage=Objective;objective=0;reason=outside-scan-radius;retry=context-change. excluded quest=891;stage=Objective;objective=2;reason=outside-scan-radius;retry=context-change. excluded quest=893;stage=Objective;objective=0;reason=no-known-hotspots;retry=context-change. excluded quest=893;stage=Objective;objective=1;reason=no-known-hotspots;retry=context-change. excluded quest=893;stage=Objective;objective=2;reason=no-known-hotspots;retry=context-change. excluded quest=896;stage=Objective;scope=Objective;objective=0;retry=2026-09-10T08:01:39.8494456Z;state=HalfOpen. excluded quest=9067;stage=Objective;scope=Objective;objective=0;retry=2026-09-10T08:01:39.8507839Z;state=HalfOpen. excluded quest=9157;stage=TurnIn;scope=QuestStage;retry=2026-09-10T08:01:39.8507839Z;state=HalfOpen. excluded quest=9431;stage=Objective;scope=Objective;objective=0;retry=2026-09-10T09:12:33.1574883Z;state=Quarantined. Expanding scan radius from 250 to 500 yards before fallback.
[15:01:39.867] [N] [Wholesome Auto Quest] Started with quest data loaded.
[15:01:39.943] [D] Setting CVars: autoSelfCast=1, autoLootDefault=1
[15:01:40.010] [D] Cleared POI
[15:01:40.011] [D] Refresh() called. LastCount=0, CurrentCount=34
[15:01:40.011] [N] Building spell book
[15:01:40.013] [D] Found 34 spells from LocalPlayer.KnownSpells
[15:01:40.013] [N] Adding Arcane Affinity
[15:01:40.015] [N] Adding Arcane Torrent
[15:01:40.017] [N] Adding Auto Attack
[15:01:40.019] [N] Adding Block
[15:01:40.021] [N] Adding Dodge
[15:01:40.023] [N] Adding Magic Resistance
[15:01:40.025] [N] Adding Parry
[15:01:40.034] [N] Adding Blessing of Wisdom
[15:01:40.036] [N] Adding Concentration Aura
[15:01:40.038] [N] Adding Consecration
[15:01:40.040] [N] Adding Exorcism
[15:01:40.041] [N] Adding Flash of Light
[15:01:40.043] [N] Adding Holy Light
[15:01:40.045] [N] Adding Lay on Hands
[15:01:40.047] [N] Adding Purify
[15:01:40.049] [N] Adding Seal of Righteousness
[15:01:40.051] [N] Adding Sense Undead
[15:01:40.053] [N] Adding Turn Evil
[15:01:40.055] [N] Adding Blessing of Kings
[15:01:40.057] [N] Adding Devotion Aura
[15:01:40.059] [N] Adding Divine Protection
[15:01:40.061] [N] Adding Hammer of Justice
[15:01:40.063] [N] Adding Hand of Freedom
[15:01:40.064] [N] Adding Hand of Protection
[15:01:40.066] [N] Adding Hand of Reckoning
[15:01:40.068] [N] Adding Hand of Salvation
[15:01:40.070] [N] Adding Righteous Defense
[15:01:40.072] [N] Adding Righteous Fury
[15:01:40.074] [N] Adding Seal of Justice
[15:01:40.076] [N] Adding Blessing of Might
[15:01:40.078] [N] Adding Judgement of Light
[15:01:40.080] [N] Adding Judgement of Wisdom
[15:01:40.082] [N] Adding Retribution Aura
[15:01:40.084] [N] Adding Seal of Command
[15:01:40.086] [N] Spell book built
[15:01:40.088] [D] [SpellManager] Initialize — subscribed to BotEvents.OnBotStart
[15:01:40.088] [D] Default area costs set (Road=1.0, Ground=1.66)
[15:01:40.088] [D] Faction filter set: Horde (excluding Alliance paths)
[15:01:40.089] [D] Refresh() called. LastCount=0, CurrentCount=34
[15:01:40.089] [N] Building spell book
[15:01:40.092] [D] Found 34 spells from LocalPlayer.KnownSpells
[15:01:40.092] [N] Adding Arcane Affinity
[15:01:40.094] [N] Adding Arcane Torrent
[15:01:40.096] [N] Adding Auto Attack
[15:01:40.098] [N] Adding Block
[15:01:40.100] [N] Adding Dodge
[15:01:40.101] [N] Adding Magic Resistance
[15:01:40.103] [N] Adding Parry
[15:01:40.105] [N] Adding Blessing of Wisdom
[15:01:40.107] [N] Adding Concentration Aura
[15:01:40.109] [N] Adding Consecration
[15:01:40.111] [N] Adding Exorcism
[15:01:40.113] [N] Adding Flash of Light
[15:01:40.115] [N] Adding Holy Light
[15:01:40.117] [N] Adding Lay on Hands
[15:01:40.119] [N] Adding Purify
[15:01:40.121] [N] Adding Seal of Righteousness
[15:01:40.123] [N] Adding Sense Undead
[15:01:40.125] [N] Adding Turn Evil
[15:01:40.127] [N] Adding Blessing of Kings
[15:01:40.129] [N] Adding Devotion Aura
[15:01:40.131] [N] Adding Divine Protection
[15:01:40.133] [N] Adding Hammer of Justice
[15:01:40.135] [N] Adding Hand of Freedom
[15:01:40.137] [N] Adding Hand of Protection
[15:01:40.139] [N] Adding Hand of Reckoning
[15:01:40.141] [N] Adding Hand of Salvation
[15:01:40.143] [N] Adding Righteous Defense
[15:01:40.145] [N] Adding Righteous Fury
[15:01:40.148] [N] Adding Seal of Justice
[15:01:40.150] [N] Adding Blessing of Might
[15:01:40.152] [N] Adding Judgement of Light
[15:01:40.154] [N] Adding Judgement of Wisdom
[15:01:40.156] [N] Adding Retribution Aura
[15:01:40.158] [N] Adding Seal of Command
[15:01:40.160] [N] Spell book built
[15:01:40.162] [D] [SpellManager] Subscribed to LEARNED_SPELL_IN_TAB, ACTIVE_TALENT_GROUP_CHANGED
[15:01:40.163] [D] Refresh() called. LastCount=0, CurrentCount=34
[15:01:40.163] [N] Building spell book
[15:01:40.165] [D] Found 34 spells from LocalPlayer.KnownSpells
[15:01:40.165] [N] Adding Arcane Affinity
[15:01:40.167] [N] Adding Arcane Torrent
[15:01:40.169] [N] Adding Auto Attack
[15:01:40.171] [N] Adding Block
[15:01:40.173] [N] Adding Dodge
[15:01:40.175] [N] Adding Magic Resistance
[15:01:40.177] [N] Adding Parry
[15:01:40.179] [N] Adding Blessing of Wisdom
[15:01:40.181] [N] Adding Concentration Aura
[15:01:40.183] [N] Adding Consecration
[15:01:40.185] [N] Adding Exorcism
[15:01:40.187] [N] Adding Flash of Light
[15:01:40.189] [N] Adding Holy Light
[15:01:40.191] [N] Adding Lay on Hands
[15:01:40.193] [N] Adding Purify
[15:01:40.195] [N] Adding Seal of Righteousness
[15:01:40.197] [N] Adding Sense Undead
[15:01:40.199] [N] Adding Turn Evil
[15:01:40.202] [N] Adding Blessing of Kings
[15:01:40.204] [N] Adding Devotion Aura
[15:01:40.206] [N] Adding Divine Protection
[15:01:40.208] [N] Adding Hammer of Justice
[15:01:40.210] [N] Adding Hand of Freedom
[15:01:40.212] [N] Adding Hand of Protection
[15:01:40.214] [N] Adding Hand of Reckoning
[15:01:40.216] [N] Adding Hand of Salvation
[15:01:40.218] [N] Adding Righteous Defense
[15:01:40.220] [N] Adding Righteous Fury
[15:01:40.222] [N] Adding Seal of Justice
[15:01:40.224] [N] Adding Blessing of Might
[15:01:40.226] [N] Adding Judgement of Light
[15:01:40.228] [N] Adding Judgement of Wisdom
[15:01:40.230] [N] Adding Retribution Aura
[15:01:40.232] [N] Adding Seal of Command
[15:01:40.235] [N] Spell book built
[15:01:40.237] [D] [SpellManager] Subscribed to LEARNED_SPELL_IN_TAB, ACTIVE_TALENT_GROUP_CHANGED
[15:01:40.714] [D] [Pulse] Slow plugin: name=AutoEquip2 elapsed=403ms
[15:01:40.778] [D] [Pulse] Slow plugin: name=Tidy Bags 3 Reloaded elapsed=60ms
[15:01:40.778] [D] [Pulse] Slow shared pulse: total=540ms movement=0 objects=0 lua=0 info=0 loot=6 targeting=65 events=0 plugins=467 routine=0
[15:01:41.483] [D] Activity: No eligible quest work; idle until 2026-09-10T08:01:39.8507839Z. quest-log-full=25/25; deferred new pickups while retaining accepted quest work. excluded quest=1062;stage=TurnIn;npc=4049;reason=outside-scan-radius;retry=context-change excluded quest=1069;stage=Objective;objective=0;reason=outside-scan-radius;retry=context-change. excluded quest=1087;stage=Objective;objective=2;reason=outside-scan-radius;retry=context-change. excluded quest=1093;stage=Objective;scope=Objective;objective=0;retry=2026-09-10T08:01:39.8507839Z;state=HalfOpen. excluded quest=4921;stage=Objective;scope=QuestStage;retry=2026-09-10T08:01:39.8507839Z;state=HalfOpen. excluded quest=5147;stage=Objective;scope=Objective;objective=0;retry=2026-09-10T09:12:24.2875831Z;state=Quarantined. excluded quest=6382;stage=TurnIn;npc=12696;reason=outside-scan-radius;retry=context-change excluded quest=6393;stage=Objective;scope=Objective;objective=0;retry=2026-09-10T08:01:39.8507839Z;state=HalfOpen. excluded quest=6441;stage=Objective;scope=Objective;objective=0;retry=2026-09-10T08:01:39.8507839Z;state=HalfOpen. excluded quest=6461;stage=TurnIn;npc=12816;reason=outside-scan-radius;retry=context-change excluded quest=6543;stage=Objective;scope=Objective;objective=0;retry=2026-09-10T08:01:39.8507839Z;state=HalfOpen. excluded quest=846;stage=Objective;scope=Objective;objective=0;retry=2026-09-10T08:31:50.8814924Z;state=Quarantined. excluded quest=846;stage=Objective;scope=Objective;objective=1;retry=2026-09-10T08:31:50.8815324Z;state=Quarantined. excluded quest=846;stage=Objective;scope=Objective;objective=2;retry=2026-09-10T08:31:50.8815657Z;state=Quarantined. excluded quest=8487;stage=TurnIn;scope=QuestStage;retry=2026-09-10T08:01:39.8507839Z;state=HalfOpen. excluded quest=867;stage=Objective;scope=Objective;objective=0;retry=2026-09-10T08:31:50.8816264Z;state=Quarantined. excluded quest=868;stage=TurnIn;npc=3428;reason=outside-scan-radius;retry=context-change excluded quest=879;stage=Objective;scope=Objective;objective=0;retry=2026-09-10T13:01:39.8469972Z;state=Quarantined. excluded quest=879;stage=Objective;scope=Objective;objective=1;retry=2026-09-10T13:01:39.8507730Z;state=Quarantined. excluded quest=879;stage=Objective;scope=Objective;objective=2;retry=2026-09-10T13:01:39.8508327Z;state=Quarantined. excluded quest=8889;stage=Objective;objective=0;reason=outside-scan-radius;retry=context-change. excluded quest=8889;stage=Objective;objective=1;reason=outside-scan-radius;retry=context-change. excluded quest=8889;stage=Objective;objective=2;reason=outside-scan-radius;retry=context-change. excluded quest=891;stage=Objective;scope=QuestStage;retry=2026-09-10T08:01:39.8507839Z;state=HalfOpen. excluded quest=893;stage=Objective;scope=Objective;objective=0;retry=2026-09-10T13:01:39.8510976Z;state=Quarantined. excluded quest=893;stage=Objective;scope=Objective;objective=1;retry=2026-09-10T13:01:39.8511312Z;state=Quarantined. excluded quest=893;stage=Objective;scope=Objective;objective=2;retry=2026-09-10T13:01:39.8511623Z;state=Quarantined. excluded quest=896;stage=Objective;scope=Objective;objective=0;retry=2026-09-10T08:01:39.8507839Z;state=HalfOpen. excluded quest=9067;stage=Objective;scope=Objective;objective=0;retry=2026-09-10T08:01:39.8507839Z;state=HalfOpen. excluded quest=9157;stage=TurnIn;scope=QuestStage;retry=2026-09-10T08:01:39.8507839Z;state=HalfOpen. excluded quest=9431;stage=Objective;scope=Objective;objective=0;retry=2026-09-10T09:12:33.1574883Z;state=Quarantined. Expanding scan radius from 500 to 750 yards before fallback.
[15:01:42.860] [D] Activity: No eligible quest work; idle until 2026-09-10T08:01:39.8507839Z. quest-log-full=25/25; deferred new pickups while retaining accepted quest work. excluded quest=1062;stage=TurnIn;npc=4049;reason=outside-scan-radius;retry=context-change excluded quest=1069;stage=Objective;objective=0;reason=outside-scan-radius;retry=context-change. excluded quest=1087;stage=Objective;objective=2;reason=outside-scan-radius;retry=context-change. excluded quest=1093;stage=Objective;scope=Objective;objective=0;retry=2026-09-10T08:01:39.8507839Z;state=HalfOpen. excluded quest=4921;stage=Objective;scope=QuestStage;retry=2026-09-10T08:01:39.8507839Z;state=HalfOpen. excluded quest=5147;stage=Objective;scope=Objective;objective=0;retry=2026-09-10T09:12:24.2875831Z;state=Quarantined. excluded quest=6382;stage=TurnIn;npc=12696;reason=outside-scan-radius;retry=context-change excluded quest=6393;stage=Objective;scope=Objective;objective=0;retry=2026-09-10T08:01:39.8507839Z;state=HalfOpen. excluded quest=6441;stage=Objective;scope=Objective;objective=0;retry=2026-09-10T08:01:39.8507839Z;state=HalfOpen. excluded quest=6461;stage=TurnIn;npc=12816;reason=outside-scan-radius;retry=context-change excluded quest=6543;stage=Objective;scope=Objective;objective=0;retry=2026-09-10T08:01:39.8507839Z;state=HalfOpen. excluded quest=846;stage=Objective;scope=Objective;objective=0;retry=2026-09-10T08:31:50.8814924Z;state=Quarantined. excluded quest=846;stage=Objective;scope=Objective;objective=1;retry=2026-09-10T08:31:50.8815324Z;state=Quarantined. excluded quest=846;stage=Objective;scope=Objective;objective=2;retry=2026-09-10T08:31:50.8815657Z;state=Quarantined. excluded quest=8487;stage=TurnIn;scope=QuestStage;retry=2026-09-10T08:01:39.8507839Z;state=HalfOpen. excluded quest=867;stage=Objective;scope=Objective;objective=0;retry=2026-09-10T08:31:50.8816264Z;state=Quarantined. excluded quest=868;stage=TurnIn;npc=3428;reason=outside-scan-radius;retry=context-change excluded quest=879;stage=Objective;scope=Objective;objective=0;retry=2026-09-10T13:01:39.8469972Z;state=Quarantined. excluded quest=879;stage=Objective;scope=Objective;objective=1;retry=2026-09-10T13:01:39.8507730Z;state=Quarantined. excluded quest=879;stage=Objective;scope=Objective;objective=2;retry=2026-09-10T13:01:39.8508327Z;state=Quarantined. excluded quest=8889;stage=Objective;objective=0;reason=outside-scan-radius;retry=context-change. excluded quest=8889;stage=Objective;objective=1;reason=outside-scan-radius;retry=context-change. excluded quest=8889;stage=Objective;objective=2;reason=outside-scan-radius;retry=context-change. excluded quest=891;stage=Objective;scope=QuestStage;retry=2026-09-10T08:01:39.8507839Z;state=HalfOpen. excluded quest=893;stage=Objective;scope=Objective;objective=0;retry=2026-09-10T13:01:39.8510976Z;state=Quarantined. excluded quest=893;stage=Objective;scope=Objective;objective=1;retry=2026-09-10T13:01:39.8511312Z;state=Quarantined. excluded quest=893;stage=Objective;scope=Objective;objective=2;retry=2026-09-10T13:01:39.8511623Z;state=Quarantined. excluded quest=896;stage=Objective;scope=Objective;objective=0;retry=2026-09-10T08:01:39.8507839Z;state=HalfOpen. excluded quest=9067;stage=Objective;scope=Objective;objective=0;retry=2026-09-10T08:01:39.8507839Z;state=HalfOpen. excluded quest=9157;stage=TurnIn;scope=QuestStage;retry=2026-09-10T08:01:39.8507839Z;state=HalfOpen. excluded quest=9431;stage=Objective;scope=Objective;objective=0;retry=2026-09-10T09:12:33.1574883Z;state=Quarantined. Expanding scan radius from 750 to 1000 yards before fallback.
[15:01:44.236] [D] Activity: No eligible quest work; idle until 2026-09-10T08:01:39.8507839Z. quest-log-full=25/25; deferred new pickups while retaining accepted quest work. excluded quest=1062;stage=TurnIn;npc=4049;reason=outside-scan-radius;retry=context-change excluded quest=1069;stage=Objective;objective=0;reason=outside-scan-radius;retry=context-change. excluded quest=1087;stage=Objective;objective=2;reason=outside-scan-radius;retry=context-change. excluded quest=1093;stage=Objective;scope=Objective;objective=0;retry=2026-09-10T08:01:39.8507839Z;state=HalfOpen. excluded quest=4921;stage=Objective;scope=QuestStage;retry=2026-09-10T08:01:39.8507839Z;state=HalfOpen. excluded quest=5147;stage=Objective;scope=Objective;objective=0;retry=2026-09-10T09:12:24.2875831Z;state=Quarantined. excluded quest=6382;stage=TurnIn;npc=12696;reason=outside-scan-radius;retry=context-change excluded quest=6393;stage=Objective;scope=Objective;objective=0;retry=2026-09-10T08:01:39.8507839Z;state=HalfOpen. excluded quest=6441;stage=Objective;scope=Objective;objective=0;retry=2026-09-10T08:01:39.8507839Z;state=HalfOpen. excluded quest=6461;stage=TurnIn;npc=12816;reason=outside-scan-radius;retry=context-change excluded quest=6543;stage=Objective;scope=Objective;objective=0;retry=2026-09-10T08:01:39.8507839Z;state=HalfOpen. excluded quest=846;stage=Objective;scope=Objective;objective=0;retry=2026-09-10T08:31:50.8814924Z;state=Quarantined. excluded quest=846;stage=Objective;scope=Objective;objective=1;retry=2026-09-10T08:31:50.8815324Z;state=Quarantined. excluded quest=846;stage=Objective;scope=Objective;objective=2;retry=2026-09-10T08:31:50.8815657Z;state=Quarantined. excluded quest=8487;stage=TurnIn;scope=QuestStage;retry=2026-09-10T08:01:39.8507839Z;state=HalfOpen. excluded quest=867;stage=Objective;scope=Objective;objective=0;retry=2026-09-10T08:31:50.8816264Z;state=Quarantined. excluded quest=868;stage=TurnIn;npc=3428;reason=outside-scan-radius;retry=context-change excluded quest=879;stage=Objective;scope=Objective;objective=0;retry=2026-09-10T13:01:39.8469972Z;state=Quarantined. excluded quest=879;stage=Objective;scope=Objective;objective=1;retry=2026-09-10T13:01:39.8507730Z;state=Quarantined. excluded quest=879;stage=Objective;scope=Objective;objective=2;retry=2026-09-10T13:01:39.8508327Z;state=Quarantined. excluded quest=8889;stage=Objective;objective=0;reason=outside-scan-radius;retry=context-change. excluded quest=8889;stage=Objective;objective=1;reason=outside-scan-radius;retry=context-change. excluded quest=8889;stage=Objective;objective=2;reason=outside-scan-radius;retry=context-change. excluded quest=891;stage=Objective;scope=QuestStage;retry=2026-09-10T08:01:39.8507839Z;state=HalfOpen. excluded quest=893;stage=Objective;scope=Objective;objective=0;retry=2026-09-10T13:01:39.8510976Z;state=Quarantined. excluded quest=893;stage=Objective;scope=Objective;objective=1;retry=2026-09-10T13:01:39.8511312Z;state=Quarantined. excluded quest=893;stage=Objective;scope=Objective;objective=2;retry=2026-09-10T13:01:39.8511623Z;state=Quarantined. excluded quest=896;stage=Objective;scope=Objective;objective=0;retry=2026-09-10T08:01:39.8507839Z;state=HalfOpen. excluded quest=9067;stage=Objective;scope=Objective;objective=0;retry=2026-09-10T08:01:39.8507839Z;state=HalfOpen. excluded quest=9157;stage=TurnIn;scope=QuestStage;retry=2026-09-10T08:01:39.8507839Z;state=HalfOpen. excluded quest=9431;stage=Objective;scope=Objective;objective=0;retry=2026-09-10T09:12:33.1574883Z;state=Quarantined. Expanding scan radius from 1000 to 1250 yards before fallback.
[15:01:45.643] [D] Activity: No eligible quest work; idle until 2026-09-10T08:01:39.8507839Z. quest-log-full=25/25; deferred new pickups while retaining accepted quest work. excluded quest=1062;stage=TurnIn;npc=4049;reason=outside-scan-radius;retry=context-change excluded quest=1069;stage=Objective;objective=0;reason=outside-scan-radius;retry=context-change. excluded quest=1087;stage=Objective;objective=2;reason=outside-scan-radius;retry=context-change. excluded quest=1093;stage=Objective;scope=Objective;objective=0;retry=2026-09-10T08:01:39.8507839Z;state=HalfOpen. excluded quest=4921;stage=Objective;scope=QuestStage;retry=2026-09-10T08:01:39.8507839Z;state=HalfOpen. excluded quest=5147;stage=Objective;scope=Objective;objective=0;retry=2026-09-10T09:12:24.2875831Z;state=Quarantined. excluded quest=6382;stage=TurnIn;npc=12696;reason=outside-scan-radius;retry=context-change excluded quest=6393;stage=Objective;scope=Objective;objective=0;retry=2026-09-10T08:01:39.8507839Z;state=HalfOpen. excluded quest=6441;stage=Objective;scope=Objective;objective=0;retry=2026-09-10T08:01:39.8507839Z;state=HalfOpen. excluded quest=6461;stage=TurnIn;npc=12816;reason=outside-scan-radius;retry=context-change excluded quest=6543;stage=Objective;scope=Objective;objective=0;retry=2026-09-10T08:01:39.8507839Z;state=HalfOpen. excluded quest=846;stage=Objective;scope=Objective;objective=0;retry=2026-09-10T08:31:50.8814924Z;state=Quarantined. excluded quest=846;stage=Objective;scope=Objective;objective=1;retry=2026-09-10T08:31:50.8815324Z;state=Quarantined. excluded quest=846;stage=Objective;scope=Objective;objective=2;retry=2026-09-10T08:31:50.8815657Z;state=Quarantined. excluded quest=8487;stage=TurnIn;scope=QuestStage;retry=2026-09-10T08:01:39.8507839Z;state=HalfOpen. excluded quest=867;stage=Objective;scope=Objective;objective=0;retry=2026-09-10T08:31:50.8816264Z;state=Quarantined. excluded quest=868;stage=TurnIn;npc=3428;reason=outside-scan-radius;retry=context-change excluded quest=879;stage=Objective;scope=Objective;objective=0;retry=2026-09-10T13:01:39.8469972Z;state=Quarantined. excluded quest=879;stage=Objective;scope=Objective;objective=1;retry=2026-09-10T13:01:39.8507730Z;state=Quarantined. excluded quest=879;stage=Objective;scope=Objective;objective=2;retry=2026-09-10T13:01:39.8508327Z;state=Quarantined. excluded quest=8889;stage=Objective;objective=0;reason=outside-scan-radius;retry=context-change. excluded quest=8889;stage=Objective;objective=1;reason=outside-scan-radius;retry=context-change. excluded quest=8889;stage=Objective;objective=2;reason=outside-scan-radius;retry=context-change. excluded quest=891;stage=Objective;scope=QuestStage;retry=2026-09-10T08:01:39.8507839Z;state=HalfOpen. excluded quest=893;stage=Objective;scope=Objective;objective=0;retry=2026-09-10T13:01:39.8510976Z;state=Quarantined. excluded quest=893;stage=Objective;scope=Objective;objective=1;retry=2026-09-10T13:01:39.8511312Z;state=Quarantined. excluded quest=893;stage=Objective;scope=Objective;objective=2;retry=2026-09-10T13:01:39.8511623Z;state=Quarantined. excluded quest=896;stage=Objective;scope=Objective;objective=0;retry=2026-09-10T08:01:39.8507839Z;state=HalfOpen. excluded quest=9067;stage=Objective;scope=Objective;objective=0;retry=2026-09-10T08:01:39.8507839Z;state=HalfOpen. excluded quest=9157;stage=TurnIn;scope=QuestStage;retry=2026-09-10T08:01:39.8507839Z;state=HalfOpen. excluded quest=9431;stage=Objective;scope=Objective;objective=0;retry=2026-09-10T09:12:33.1574883Z;state=Quarantined. Expanding scan radius from 1250 to 1500 yards before fallback.
[15:01:47.011] [D] Activity: No eligible quest work; idle until 2026-09-10T08:01:39.8507839Z. quest-log-full=25/25; deferred new pickups while retaining accepted quest work. excluded quest=1062;stage=TurnIn;npc=4049;reason=outside-scan-radius;retry=context-change excluded quest=1069;stage=Objective;objective=0;reason=outside-scan-radius;retry=context-change. excluded quest=1087;stage=Objective;objective=2;reason=outside-scan-radius;retry=context-change. excluded quest=1093;stage=Objective;scope=Objective;objective=0;retry=2026-09-10T08:01:39.8507839Z;state=HalfOpen. excluded quest=4921;stage=Objective;scope=QuestStage;retry=2026-09-10T08:01:39.8507839Z;state=HalfOpen. excluded quest=5147;stage=Objective;scope=Objective;objective=0;retry=2026-09-10T09:12:24.2875831Z;state=Quarantined. excluded quest=6382;stage=TurnIn;npc=12696;reason=outside-scan-radius;retry=context-change excluded quest=6393;stage=Objective;scope=Objective;objective=0;retry=2026-09-10T08:01:39.8507839Z;state=HalfOpen. excluded quest=6441;stage=Objective;scope=Objective;objective=0;retry=2026-09-10T08:01:39.8507839Z;state=HalfOpen. excluded quest=6461;stage=TurnIn;npc=12816;reason=outside-scan-radius;retry=context-change excluded quest=6543;stage=Objective;scope=Objective;objective=0;retry=2026-09-10T08:01:39.8507839Z;state=HalfOpen. excluded quest=846;stage=Objective;scope=Objective;objective=0;retry=2026-09-10T08:31:50.8814924Z;state=Quarantined. excluded quest=846;stage=Objective;scope=Objective;objective=1;retry=2026-09-10T08:31:50.8815324Z;state=Quarantined. excluded quest=846;stage=Objective;scope=Objective;objective=2;retry=2026-09-10T08:31:50.8815657Z;state=Quarantined. excluded quest=8487;stage=TurnIn;scope=QuestStage;retry=2026-09-10T08:01:39.8507839Z;state=HalfOpen. excluded quest=867;stage=Objective;scope=Objective;objective=0;retry=2026-09-10T08:31:50.8816264Z;state=Quarantined. excluded quest=868;stage=TurnIn;npc=3428;reason=outside-scan-radius;retry=context-change excluded quest=879;stage=Objective;scope=Objective;objective=0;retry=2026-09-10T13:01:39.8469972Z;state=Quarantined. excluded quest=879;stage=Objective;scope=Objective;objective=1;retry=2026-09-10T13:01:39.8507730Z;state=Quarantined. excluded quest=879;stage=Objective;scope=Objective;objective=2;retry=2026-09-10T13:01:39.8508327Z;state=Quarantined. excluded quest=8889;stage=Objective;objective=0;reason=outside-scan-radius;retry=context-change. excluded quest=8889;stage=Objective;objective=1;reason=outside-scan-radius;retry=context-change. excluded quest=8889;stage=Objective;objective=2;reason=outside-scan-radius;retry=context-change. excluded quest=891;stage=Objective;scope=QuestStage;retry=2026-09-10T08:01:39.8507839Z;state=HalfOpen. excluded quest=893;stage=Objective;scope=Objective;objective=0;retry=2026-09-10T13:01:39.8510976Z;state=Quarantined. excluded quest=893;stage=Objective;scope=Objective;objective=1;retry=2026-09-10T13:01:39.8511312Z;state=Quarantined. excluded quest=893;stage=Objective;scope=Objective;objective=2;retry=2026-09-10T13:01:39.8511623Z;state=Quarantined. excluded quest=896;stage=Objective;scope=Objective;objective=0;retry=2026-09-10T08:01:39.8507839Z;state=HalfOpen. excluded quest=9067;stage=Objective;scope=Objective;objective=0;retry=2026-09-10T08:01:39.8507839Z;state=HalfOpen. excluded quest=9157;stage=TurnIn;scope=QuestStage;retry=2026-09-10T08:01:39.8507839Z;state=HalfOpen. excluded quest=9431;stage=Objective;scope=Objective;objective=0;retry=2026-09-10T09:12:33.1574883Z;state=Quarantined. Expanding scan radius from 1500 to 1750 yards before fallback.
[15:01:48.379] [D] Activity: No eligible quest work; idle until 2026-09-10T08:01:39.8507839Z. quest-log-full=25/25; deferred new pickups while retaining accepted quest work. excluded quest=1062;stage=TurnIn;npc=4049;reason=outside-scan-radius;retry=context-change excluded quest=1069;stage=Objective;objective=0;reason=outside-scan-radius;retry=context-change. excluded quest=1087;stage=Objective;objective=2;reason=outside-scan-radius;retry=context-change. excluded quest=1093;stage=Objective;scope=Objective;objective=0;retry=2026-09-10T08:01:39.8507839Z;state=HalfOpen. excluded quest=4921;stage=Objective;scope=QuestStage;retry=2026-09-10T08:01:39.8507839Z;state=HalfOpen. excluded quest=5147;stage=Objective;scope=Objective;objective=0;retry=2026-09-10T09:12:24.2875831Z;state=Quarantined. excluded quest=6382;stage=TurnIn;npc=12696;reason=outside-scan-radius;retry=context-change excluded quest=6393;stage=Objective;scope=Objective;objective=0;retry=2026-09-10T08:01:39.8507839Z;state=HalfOpen. excluded quest=6441;stage=Objective;scope=Objective;objective=0;retry=2026-09-10T08:01:39.8507839Z;state=HalfOpen. excluded quest=6461;stage=TurnIn;npc=12816;reason=outside-scan-radius;retry=context-change excluded quest=6543;stage=Objective;scope=Objective;objective=0;retry=2026-09-10T08:01:39.8507839Z;state=HalfOpen. excluded quest=846;stage=Objective;scope=Objective;objective=0;retry=2026-09-10T08:31:50.8814924Z;state=Quarantined. excluded quest=846;stage=Objective;scope=Objective;objective=1;retry=2026-09-10T08:31:50.8815324Z;state=Quarantined. excluded quest=846;stage=Objective;scope=Objective;objective=2;retry=2026-09-10T08:31:50.8815657Z;state=Quarantined. excluded quest=8487;stage=TurnIn;scope=QuestStage;retry=2026-09-10T08:01:39.8507839Z;state=HalfOpen. excluded quest=867;stage=Objective;scope=Objective;objective=0;retry=2026-09-10T08:31:50.8816264Z;state=Quarantined. excluded quest=868;stage=TurnIn;npc=3428;reason=outside-scan-radius;retry=context-change excluded quest=879;stage=Objective;scope=Objective;objective=0;retry=2026-09-10T13:01:39.8469972Z;state=Quarantined. excluded quest=879;stage=Objective;scope=Objective;objective=1;retry=2026-09-10T13:01:39.8507730Z;state=Quarantined. excluded quest=879;stage=Objective;scope=Objective;objective=2;retry=2026-09-10T13:01:39.8508327Z;state=Quarantined. excluded quest=8889;stage=Objective;objective=0;reason=outside-scan-radius;retry=context-change. excluded quest=8889;stage=Objective;objective=1;reason=outside-scan-radius;retry=context-change. excluded quest=8889;stage=Objective;objective=2;reason=outside-scan-radius;retry=context-change. excluded quest=891;stage=Objective;scope=QuestStage;retry=2026-09-10T08:01:39.8507839Z;state=HalfOpen. excluded quest=893;stage=Objective;scope=Objective;objective=0;retry=2026-09-10T13:01:39.8510976Z;state=Quarantined. excluded quest=893;stage=Objective;scope=Objective;objective=1;retry=2026-09-10T13:01:39.8511312Z;state=Quarantined. excluded quest=893;stage=Objective;scope=Objective;objective=2;retry=2026-09-10T13:01:39.8511623Z;state=Quarantined. excluded quest=896;stage=Objective;scope=Objective;objective=0;retry=2026-09-10T08:01:39.8507839Z;state=HalfOpen. excluded quest=9067;stage=Objective;scope=Objective;objective=0;retry=2026-09-10T08:01:39.8507839Z;state=HalfOpen. excluded quest=9157;stage=TurnIn;scope=QuestStage;retry=2026-09-10T08:01:39.8507839Z;state=HalfOpen. excluded quest=9431;stage=Objective;scope=Objective;objective=0;retry=2026-09-10T09:12:33.1574883Z;state=Quarantined. Expanding scan radius from 1750 to 2000 yards before fallback.
[15:01:49.753] [D] Activity: No eligible quest work; idle until 2026-09-10T08:01:39.8507839Z. quest-log-full=25/25; deferred new pickups while retaining accepted quest work. excluded quest=1062;stage=TurnIn;npc=4049;reason=outside-scan-radius;retry=context-change excluded quest=1069;stage=Objective;objective=0;reason=outside-scan-radius;retry=context-change. excluded quest=1087;stage=Objective;objective=2;reason=outside-scan-radius;retry=context-change. excluded quest=1093;stage=Objective;scope=Objective;objective=0;retry=2026-09-10T08:01:39.8507839Z;state=HalfOpen. excluded quest=4921;stage=Objective;scope=QuestStage;retry=2026-09-10T08:01:39.8507839Z;state=HalfOpen. excluded quest=5147;stage=Objective;scope=Objective;objective=0;retry=2026-09-10T09:12:24.2875831Z;state=Quarantined. excluded quest=6382;stage=TurnIn;npc=12696;reason=outside-scan-radius;retry=context-change excluded quest=6393;stage=Objective;scope=Objective;objective=0;retry=2026-09-10T08:01:39.8507839Z;state=HalfOpen. excluded quest=6441;stage=Objective;scope=Objective;objective=0;retry=2026-09-10T08:01:39.8507839Z;state=HalfOpen. excluded quest=6461;stage=TurnIn;npc=12816;reason=outside-scan-radius;retry=context-change excluded quest=6543;stage=Objective;scope=Objective;objective=0;retry=2026-09-10T08:01:39.8507839Z;state=HalfOpen. excluded quest=846;stage=Objective;scope=Objective;objective=0;retry=2026-09-10T08:31:50.8814924Z;state=Quarantined. excluded quest=846;stage=Objective;scope=Objective;objective=1;retry=2026-09-10T08:31:50.8815324Z;state=Quarantined. excluded quest=846;stage=Objective;scope=Objective;objective=2;retry=2026-09-10T08:31:50.8815657Z;state=Quarantined. excluded quest=8487;stage=TurnIn;scope=QuestStage;retry=2026-09-10T08:01:39.8507839Z;state=HalfOpen. excluded quest=867;stage=Objective;scope=Objective;objective=0;retry=2026-09-10T08:31:50.8816264Z;state=Quarantined. excluded quest=868;stage=TurnIn;npc=3428;reason=outside-scan-radius;retry=context-change excluded quest=879;stage=Objective;scope=Objective;objective=0;retry=2026-09-10T13:01:39.8469972Z;state=Quarantined. excluded quest=879;stage=Objective;scope=Objective;objective=1;retry=2026-09-10T13:01:39.8507730Z;state=Quarantined. excluded quest=879;stage=Objective;scope=Objective;objective=2;retry=2026-09-10T13:01:39.8508327Z;state=Quarantined. excluded quest=8889;stage=Objective;objective=0;reason=outside-scan-radius;retry=context-change. excluded quest=8889;stage=Objective;objective=1;reason=outside-scan-radius;retry=context-change. excluded quest=8889;stage=Objective;objective=2;reason=outside-scan-radius;retry=context-change. excluded quest=891;stage=Objective;scope=QuestStage;retry=2026-09-10T08:01:39.8507839Z;state=HalfOpen. excluded quest=893;stage=Objective;scope=Objective;objective=0;retry=2026-09-10T13:01:39.8510976Z;state=Quarantined. excluded quest=893;stage=Objective;scope=Objective;objective=1;retry=2026-09-10T13:01:39.8511312Z;state=Quarantined. excluded quest=893;stage=Objective;scope=Objective;objective=2;retry=2026-09-10T13:01:39.8511623Z;state=Quarantined. excluded quest=896;stage=Objective;scope=Objective;objective=0;retry=2026-09-10T08:01:39.8507839Z;state=HalfOpen. excluded quest=9067;stage=Objective;scope=Objective;objective=0;retry=2026-09-10T08:01:39.8507839Z;state=HalfOpen. excluded quest=9157;stage=TurnIn;scope=QuestStage;retry=2026-09-10T08:01:39.8507839Z;state=HalfOpen. excluded quest=9431;stage=Objective;scope=Objective;objective=0;retry=2026-09-10T09:12:33.1574883Z;state=Quarantined. Expanding scan radius from 2000 to 2250 yards before fallback.
[15:01:50.821] [D] [Pulse] Slow plugin: name=AutoEquip2 elapsed=395ms
[15:01:50.886] [D] [Pulse] Slow plugin: name=Tidy Bags 3 Reloaded elapsed=64ms
[15:01:50.886] [D] [Pulse] Slow shared pulse: total=533ms movement=0 objects=0 lua=33 info=0 loot=2 targeting=36 events=0 plugins=460 routine=0
[15:01:51.560] [D] Activity: No eligible quest work; idle until 2026-09-10T08:01:39.8507839Z. quest-log-full=25/25; deferred new pickups while retaining accepted quest work. excluded quest=1062;stage=TurnIn;npc=4049;reason=outside-scan-radius;retry=context-change excluded quest=1069;stage=Objective;objective=0;reason=outside-scan-radius;retry=context-change. excluded quest=1087;stage=Objective;objective=2;reason=outside-scan-radius;retry=context-change. excluded quest=1093;stage=Objective;scope=Objective;objective=0;retry=2026-09-10T08:01:39.8507839Z;state=HalfOpen. excluded quest=4921;stage=Objective;scope=QuestStage;retry=2026-09-10T08:01:39.8507839Z;state=HalfOpen. excluded quest=5147;stage=Objective;scope=Objective;objective=0;retry=2026-09-10T09:12:24.2875831Z;state=Quarantined. excluded quest=6382;stage=TurnIn;npc=12696;reason=outside-scan-radius;retry=context-change excluded quest=6393;stage=Objective;scope=Objective;objective=0;retry=2026-09-10T08:01:39.8507839Z;state=HalfOpen. excluded quest=6441;stage=Objective;scope=Objective;objective=0;retry=2026-09-10T08:01:39.8507839Z;state=HalfOpen. excluded quest=6461;stage=TurnIn;npc=12816;reason=outside-scan-radius;retry=context-change excluded quest=6543;stage=Objective;scope=Objective;objective=0;retry=2026-09-10T08:01:39.8507839Z;state=HalfOpen. excluded quest=846;stage=Objective;scope=Objective;objective=0;retry=2026-09-10T08:31:50.8814924Z;state=Quarantined. excluded quest=846;stage=Objective;scope=Objective;objective=1;retry=2026-09-10T08:31:50.8815324Z;state=Quarantined. excluded quest=846;stage=Objective;scope=Objective;objective=2;retry=2026-09-10T08:31:50.8815657Z;state=Quarantined. excluded quest=8487;stage=TurnIn;scope=QuestStage;retry=2026-09-10T08:01:39.8507839Z;state=HalfOpen. excluded quest=867;stage=Objective;scope=Objective;objective=0;retry=2026-09-10T08:31:50.8816264Z;state=Quarantined. excluded quest=868;stage=TurnIn;npc=3428;reason=outside-scan-radius;retry=context-change excluded quest=879;stage=Objective;scope=Objective;objective=0;retry=2026-09-10T13:01:39.8469972Z;state=Quarantined. excluded quest=879;stage=Objective;scope=Objective;objective=1;retry=2026-09-10T13:01:39.8507730Z;state=Quarantined. excluded quest=879;stage=Objective;scope=Objective;objective=2;retry=2026-09-10T13:01:39.8508327Z;state=Quarantined. excluded quest=8889;stage=Objective;objective=0;reason=outside-scan-radius;retry=context-change. excluded quest=8889;stage=Objective;objective=1;reason=outside-scan-radius;retry=context-change. excluded quest=8889;stage=Objective;objective=2;reason=outside-scan-radius;retry=context-change. excluded quest=891;stage=Objective;scope=QuestStage;retry=2026-09-10T08:01:39.8507839Z;state=HalfOpen. excluded quest=893;stage=Objective;scope=Objective;objective=0;retry=2026-09-10T13:01:39.8510976Z;state=Quarantined. excluded quest=893;stage=Objective;scope=Objective;objective=1;retry=2026-09-10T13:01:39.8511312Z;state=Quarantined. excluded quest=893;stage=Objective;scope=Objective;objective=2;retry=2026-09-10T13:01:39.8511623Z;state=Quarantined. excluded quest=896;stage=Objective;scope=Objective;objective=0;retry=2026-09-10T08:01:39.8507839Z;state=HalfOpen. excluded quest=9067;stage=Objective;scope=Objective;objective=0;retry=2026-09-10T08:01:39.8507839Z;state=HalfOpen. excluded quest=9157;stage=TurnIn;scope=QuestStage;retry=2026-09-10T08:01:39.8507839Z;state=HalfOpen. excluded quest=9431;stage=Objective;scope=Objective;objective=0;retry=2026-09-10T09:12:33.1574883Z;state=Quarantined. Expanding scan radius from 2250 to 2500 yards before fallback.
[15:01:52.691] [D] Activity: No eligible quest work; idle until 2026-09-10T08:01:39.8507839Z. quest-log-full=25/25; deferred new pickups while retaining accepted quest work. excluded quest=1062;stage=TurnIn;npc=4049;reason=outside-scan-radius;retry=context-change excluded quest=1069;stage=Objective;objective=0;reason=outside-scan-radius;retry=context-change. excluded quest=1087;stage=Objective;objective=2;reason=outside-scan-radius;retry=context-change. excluded quest=1093;stage=Objective;scope=Objective;objective=0;retry=2026-09-10T08:01:39.8507839Z;state=HalfOpen. excluded quest=4921;stage=Objective;scope=QuestStage;retry=2026-09-10T08:01:39.8507839Z;state=HalfOpen. excluded quest=5147;stage=Objective;scope=Objective;objective=0;retry=2026-09-10T09:12:24.2875831Z;state=Quarantined. excluded quest=6382;stage=TurnIn;npc=12696;reason=outside-scan-radius;retry=context-change excluded quest=6393;stage=Objective;scope=Objective;objective=0;retry=2026-09-10T08:01:39.8507839Z;state=HalfOpen. excluded quest=6441;stage=Objective;scope=Objective;objective=0;retry=2026-09-10T08:01:39.8507839Z;state=HalfOpen. excluded quest=6461;stage=TurnIn;npc=12816;reason=outside-scan-radius;retry=context-change excluded quest=6543;stage=Objective;scope=Objective;objective=0;retry=2026-09-10T08:01:39.8507839Z;state=HalfOpen. excluded quest=846;stage=Objective;scope=Objective;objective=0;retry=2026-09-10T08:31:50.8814924Z;state=Quarantined. excluded quest=846;stage=Objective;scope=Objective;objective=1;retry=2026-09-10T08:31:50.8815324Z;state=Quarantined. excluded quest=846;stage=Objective;scope=Objective;objective=2;retry=2026-09-10T08:31:50.8815657Z;state=Quarantined. excluded quest=8487;stage=TurnIn;scope=QuestStage;retry=2026-09-10T08:01:39.8507839Z;state=HalfOpen. excluded quest=867;stage=Objective;scope=Objective;objective=0;retry=2026-09-10T08:31:50.8816264Z;state=Quarantined. excluded quest=868;stage=TurnIn;npc=3428;reason=outside-scan-radius;retry=context-change excluded quest=879;stage=Objective;scope=Objective;objective=0;retry=2026-09-10T13:01:39.8469972Z;state=Quarantined. excluded quest=879;stage=Objective;scope=Objective;objective=1;retry=2026-09-10T13:01:39.8507730Z;state=Quarantined. excluded quest=879;stage=Objective;scope=Objective;objective=2;retry=2026-09-10T13:01:39.8508327Z;state=Quarantined. excluded quest=8889;stage=Objective;objective=0;reason=outside-scan-radius;retry=context-change. excluded quest=8889;stage=Objective;objective=1;reason=outside-scan-radius;retry=context-change. excluded quest=8889;stage=Objective;objective=2;reason=outside-scan-radius;retry=context-change. excluded quest=891;stage=Objective;scope=QuestStage;retry=2026-09-10T08:01:39.8507839Z;state=HalfOpen. excluded quest=893;stage=Objective;scope=Objective;objective=0;retry=2026-09-10T13:01:39.8510976Z;state=Quarantined. excluded quest=893;stage=Objective;scope=Objective;objective=1;retry=2026-09-10T13:01:39.8511312Z;state=Quarantined. excluded quest=893;stage=Objective;scope=Objective;objective=2;retry=2026-09-10T13:01:39.8511623Z;state=Quarantined. excluded quest=896;stage=Objective;scope=Objective;objective=0;retry=2026-09-10T08:01:39.8507839Z;state=HalfOpen. excluded quest=9067;stage=Objective;scope=Objective;objective=0;retry=2026-09-10T08:01:39.8507839Z;state=HalfOpen. excluded quest=9157;stage=TurnIn;scope=QuestStage;retry=2026-09-10T08:01:39.8507839Z;state=HalfOpen. excluded quest=9431;stage=Objective;scope=Objective;objective=0;retry=2026-09-10T09:12:33.1574883Z;state=Quarantined. Expanding scan radius from 2500 to 2750 yards before fallback.
[15:01:52.985] [D] Activity: No eligible quest work; idle until 2026-09-10T08:01:39.8507839Z. quest-log-full=25/25; deferred new pickups while retaining accepted quest work. excluded quest=1062;stage=TurnIn;npc=4049;reason=outside-scan-radius;retry=context-change excluded quest=1069;stage=Objective;objective=0;reason=outside-scan-radius;retry=context-change. excluded quest=1087;stage=Objective;objective=2;reason=outside-scan-radius;retry=context-change. excluded quest=1093;stage=Objective;scope=Objective;objective=0;retry=2026-09-10T08:01:39.8507839Z;state=HalfOpen. excluded quest=4921;stage=Objective;scope=QuestStage;retry=2026-09-10T08:01:39.8507839Z;state=HalfOpen. excluded quest=5147;stage=Objective;scope=Objective;objective=0;retry=2026-09-10T09:12:24.2875831Z;state=Quarantined. excluded quest=6382;stage=TurnIn;npc=12696;reason=outside-scan-radius;retry=context-change excluded quest=6393;stage=Objective;scope=Objective;objective=0;retry=2026-09-10T08:01:39.8507839Z;state=HalfOpen. excluded quest=6441;stage=Objective;scope=Objective;objective=0;retry=2026-09-10T08:01:39.8507839Z;state=HalfOpen. excluded quest=6461;stage=TurnIn;npc=12816;reason=outside-scan-radius;retry=context-change excluded quest=6543;stage=Objective;scope=Objective;objective=0;retry=2026-09-10T08:01:39.8507839Z;state=HalfOpen. excluded quest=846;stage=Objective;scope=Objective;objective=0;retry=2026-09-10T08:31:50.8814924Z;state=Quarantined. excluded quest=846;stage=Objective;scope=Objective;objective=1;retry=2026-09-10T08:31:50.8815324Z;state=Quarantined. excluded quest=846;stage=Objective;scope=Objective;objective=2;retry=2026-09-10T08:31:50.8815657Z;state=Quarantined. excluded quest=8487;stage=TurnIn;scope=QuestStage;retry=2026-09-10T08:01:39.8507839Z;state=HalfOpen. excluded quest=867;stage=Objective;scope=Objective;objective=0;retry=2026-09-10T08:31:50.8816264Z;state=Quarantined. excluded quest=868;stage=TurnIn;npc=3428;reason=outside-scan-radius;retry=context-change excluded quest=879;stage=Objective;scope=Objective;objective=0;retry=2026-09-10T13:01:39.8469972Z;state=Quarantined. excluded quest=879;stage=Objective;scope=Objective;objective=1;retry=2026-09-10T13:01:39.8507730Z;state=Quarantined. excluded quest=879;stage=Objective;scope=Objective;objective=2;retry=2026-09-10T13:01:39.8508327Z;state=Quarantined. excluded quest=8889;stage=Objective;objective=0;reason=outside-scan-radius;retry=context-change. excluded quest=8889;stage=Objective;objective=1;reason=outside-scan-radius;retry=context-change. excluded quest=8889;stage=Objective;objective=2;reason=outside-scan-radius;retry=context-change. excluded quest=891;stage=Objective;scope=QuestStage;retry=2026-09-10T08:01:39.8507839Z;state=HalfOpen. excluded quest=893;stage=Objective;scope=Objective;objective=0;retry=2026-09-10T13:01:39.8510976Z;state=Quarantined. excluded quest=893;stage=Objective;scope=Objective;objective=1;retry=2026-09-10T13:01:39.8511312Z;state=Quarantined. excluded quest=893;stage=Objective;scope=Objective;objective=2;retry=2026-09-10T13:01:39.8511623Z;state=Quarantined. excluded quest=896;stage=Objective;scope=Objective;objective=0;retry=2026-09-10T08:01:39.8507839Z;state=HalfOpen. excluded quest=9067;stage=Objective;scope=Objective;objective=0;retry=2026-09-10T08:01:39.8507839Z;state=HalfOpen. excluded quest=9157;stage=TurnIn;scope=QuestStage;retry=2026-09-10T08:01:39.8507839Z;state=HalfOpen. excluded quest=9431;stage=Objective;scope=Objective;objective=0;retry=2026-09-10T09:12:33.1574883Z;state=Quarantined. Expanding scan radius from 2750 to 3000 yards before fallback.
[15:01:53.369] [D] Activity: No eligible quest work; idle until 2026-09-10T08:01:39.8507839Z. quest-log-full=25/25; deferred new pickups while retaining accepted quest work. excluded quest=1062;stage=TurnIn;npc=4049;reason=outside-scan-radius;retry=context-change excluded quest=1069;stage=Objective;objective=0;reason=outside-scan-radius;retry=context-change. excluded quest=1087;stage=Objective;objective=2;reason=outside-scan-radius;retry=context-change. excluded quest=1093;stage=Objective;scope=Objective;objective=0;retry=2026-09-10T08:01:39.8507839Z;state=HalfOpen. excluded quest=4921;stage=Objective;scope=QuestStage;retry=2026-09-10T08:01:39.8507839Z;state=HalfOpen. excluded quest=5147;stage=Objective;scope=Objective;objective=0;retry=2026-09-10T09:12:24.2875831Z;state=Quarantined. excluded quest=6382;stage=TurnIn;npc=12696;reason=outside-scan-radius;retry=context-change excluded quest=6393;stage=Objective;scope=Objective;objective=0;retry=2026-09-10T08:01:39.8507839Z;state=HalfOpen. excluded quest=6441;stage=Objective;scope=Objective;objective=0;retry=2026-09-10T08:01:39.8507839Z;state=HalfOpen. excluded quest=6461;stage=TurnIn;npc=12816;reason=outside-scan-radius;retry=context-change excluded quest=6543;stage=Objective;scope=Objective;objective=0;retry=2026-09-10T08:01:39.8507839Z;state=HalfOpen. excluded quest=846;stage=Objective;scope=Objective;objective=0;retry=2026-09-10T08:31:50.8814924Z;state=Quarantined. excluded quest=846;stage=Objective;scope=Objective;objective=1;retry=2026-09-10T08:31:50.8815324Z;state=Quarantined. excluded quest=846;stage=Objective;scope=Objective;objective=2;retry=2026-09-10T08:31:50.8815657Z;state=Quarantined. excluded quest=8487;stage=TurnIn;scope=QuestStage;retry=2026-09-10T08:01:39.8507839Z;state=HalfOpen. excluded quest=867;stage=Objective;scope=Objective;objective=0;retry=2026-09-10T08:31:50.8816264Z;state=Quarantined. excluded quest=868;stage=TurnIn;npc=3428;reason=outside-scan-radius;retry=context-change excluded quest=879;stage=Objective;scope=Objective;objective=0;retry=2026-09-10T13:01:39.8469972Z;state=Quarantined. excluded quest=879;stage=Objective;scope=Objective;objective=1;retry=2026-09-10T13:01:39.8507730Z;state=Quarantined. excluded quest=879;stage=Objective;scope=Objective;objective=2;retry=2026-09-10T13:01:39.8508327Z;state=Quarantined. excluded quest=8889;stage=Objective;objective=0;reason=outside-scan-radius;retry=context-change. excluded quest=8889;stage=Objective;objective=1;reason=outside-scan-radius;retry=context-change. excluded quest=8889;stage=Objective;objective=2;reason=outside-scan-radius;retry=context-change. excluded quest=891;stage=Objective;scope=QuestStage;retry=2026-09-10T08:01:39.8507839Z;state=HalfOpen. excluded quest=893;stage=Objective;scope=Objective;objective=0;retry=2026-09-10T13:01:39.8510976Z;state=Quarantined. excluded quest=893;stage=Objective;scope=Objective;objective=1;retry=2026-09-10T13:01:39.8511312Z;state=Quarantined. excluded quest=893;stage=Objective;scope=Objective;objective=2;retry=2026-09-10T13:01:39.8511623Z;state=Quarantined. excluded quest=896;stage=Objective;scope=Objective;objective=0;retry=2026-09-10T08:01:39.8507839Z;state=HalfOpen. excluded quest=9067;stage=Objective;scope=Objective;objective=0;retry=2026-09-10T08:01:39.8507839Z;state=HalfOpen. excluded quest=9157;stage=TurnIn;scope=QuestStage;retry=2026-09-10T08:01:39.8507839Z;state=HalfOpen. excluded quest=9431;stage=Objective;scope=Objective;objective=0;retry=2026-09-10T09:12:33.1574883Z;state=Quarantined. Expanding scan radius from 3000 to 3250 yards before fallback.
[15:01:53.715] [D] Activity: No eligible quest work; idle until 2026-09-10T08:01:39.8507839Z. quest-log-full=25/25; deferred new pickups while retaining accepted quest work. excluded quest=1062;stage=TurnIn;npc=4049;reason=outside-scan-radius;retry=context-change excluded quest=1069;stage=Objective;objective=0;reason=outside-scan-radius;retry=context-change. excluded quest=1087;stage=Objective;objective=2;reason=outside-scan-radius;retry=context-change. excluded quest=1093;stage=Objective;scope=Objective;objective=0;retry=2026-09-10T08:01:39.8507839Z;state=HalfOpen. excluded quest=4921;stage=Objective;scope=QuestStage;retry=2026-09-10T08:01:39.8507839Z;state=HalfOpen. excluded quest=5147;stage=Objective;scope=Objective;objective=0;retry=2026-09-10T09:12:24.2875831Z;state=Quarantined. excluded quest=6382;stage=TurnIn;npc=12696;reason=outside-scan-radius;retry=context-change excluded quest=6393;stage=Objective;scope=Objective;objective=0;retry=2026-09-10T08:01:39.8507839Z;state=HalfOpen. excluded quest=6441;stage=Objective;scope=Objective;objective=0;retry=2026-09-10T08:01:39.8507839Z;state=HalfOpen. excluded quest=6461;stage=TurnIn;npc=12816;reason=outside-scan-radius;retry=context-change excluded quest=6543;stage=Objective;scope=Objective;objective=0;retry=2026-09-10T08:01:39.8507839Z;state=HalfOpen. excluded quest=846;stage=Objective;scope=Objective;objective=0;retry=2026-09-10T08:31:50.8814924Z;state=Quarantined. excluded quest=846;stage=Objective;scope=Objective;objective=1;retry=2026-09-10T08:31:50.8815324Z;state=Quarantined. excluded quest=846;stage=Objective;scope=Objective;objective=2;retry=2026-09-10T08:31:50.8815657Z;state=Quarantined. excluded quest=8487;stage=TurnIn;scope=QuestStage;retry=2026-09-10T08:01:39.8507839Z;state=HalfOpen. excluded quest=867;stage=Objective;scope=Objective;objective=0;retry=2026-09-10T08:31:50.8816264Z;state=Quarantined. excluded quest=868;stage=TurnIn;npc=3428;reason=outside-scan-radius;retry=context-change excluded quest=879;stage=Objective;scope=Objective;objective=0;retry=2026-09-10T13:01:39.8469972Z;state=Quarantined. excluded quest=879;stage=Objective;scope=Objective;objective=1;retry=2026-09-10T13:01:39.8507730Z;state=Quarantined. excluded quest=879;stage=Objective;scope=Objective;objective=2;retry=2026-09-10T13:01:39.8508327Z;state=Quarantined. excluded quest=8889;stage=Objective;objective=0;reason=outside-scan-radius;retry=context-change. excluded quest=8889;stage=Objective;objective=1;reason=outside-scan-radius;retry=context-change. excluded quest=8889;stage=Objective;objective=2;reason=outside-scan-radius;retry=context-change. excluded quest=891;stage=Objective;scope=QuestStage;retry=2026-09-10T08:01:39.8507839Z;state=HalfOpen. excluded quest=893;stage=Objective;scope=Objective;objective=0;retry=2026-09-10T13:01:39.8510976Z;state=Quarantined. excluded quest=893;stage=Objective;scope=Objective;objective=1;retry=2026-09-10T13:01:39.8511312Z;state=Quarantined. excluded quest=893;stage=Objective;scope=Objective;objective=2;retry=2026-09-10T13:01:39.8511623Z;state=Quarantined. excluded quest=896;stage=Objective;scope=Objective;objective=0;retry=2026-09-10T08:01:39.8507839Z;state=HalfOpen. excluded quest=9067;stage=Objective;scope=Objective;objective=0;retry=2026-09-10T08:01:39.8507839Z;state=HalfOpen. excluded quest=9157;stage=TurnIn;scope=QuestStage;retry=2026-09-10T08:01:39.8507839Z;state=HalfOpen. excluded quest=9431;stage=Objective;scope=Objective;objective=0;retry=2026-09-10T09:12:33.1574883Z;state=Quarantined. Expanding scan radius from 3250 to 3500 yards before fallback.
[15:01:54.016] [D] Activity: No eligible quest work; idle until 2026-09-10T08:01:39.8507839Z. quest-log-full=25/25; deferred new pickups while retaining accepted quest work. excluded quest=1062;stage=TurnIn;npc=4049;reason=outside-scan-radius;retry=context-change excluded quest=1069;stage=Objective;objective=0;reason=outside-scan-radius;retry=context-change. excluded quest=1087;stage=Objective;objective=2;reason=outside-scan-radius;retry=context-change. excluded quest=1093;stage=Objective;scope=Objective;objective=0;retry=2026-09-10T08:01:39.8507839Z;state=HalfOpen. excluded quest=4921;stage=Objective;scope=QuestStage;retry=2026-09-10T08:01:39.8507839Z;state=HalfOpen. excluded quest=5147;stage=Objective;scope=Objective;objective=0;retry=2026-09-10T09:12:24.2875831Z;state=Quarantined. excluded quest=6382;stage=TurnIn;npc=12696;reason=outside-scan-radius;retry=context-change excluded quest=6393;stage=Objective;scope=Objective;objective=0;retry=2026-09-10T08:01:39.8507839Z;state=HalfOpen. excluded quest=6441;stage=Objective;scope=Objective;objective=0;retry=2026-09-10T08:01:39.8507839Z;state=HalfOpen. excluded quest=6461;stage=TurnIn;npc=12816;reason=outside-scan-radius;retry=context-change excluded quest=6543;stage=Objective;scope=Objective;objective=0;retry=2026-09-10T08:01:39.8507839Z;state=HalfOpen. excluded quest=846;stage=Objective;scope=Objective;objective=0;retry=2026-09-10T08:31:50.8814924Z;state=Quarantined. excluded quest=846;stage=Objective;scope=Objective;objective=1;retry=2026-09-10T08:31:50.8815324Z;state=Quarantined. excluded quest=846;stage=Objective;scope=Objective;objective=2;retry=2026-09-10T08:31:50.8815657Z;state=Quarantined. excluded quest=8487;stage=TurnIn;scope=QuestStage;retry=2026-09-10T08:01:39.8507839Z;state=HalfOpen. excluded quest=867;stage=Objective;scope=Objective;objective=0;retry=2026-09-10T08:31:50.8816264Z;state=Quarantined. excluded quest=868;stage=TurnIn;npc=3428;reason=outside-scan-radius;retry=context-change excluded quest=879;stage=Objective;scope=Objective;objective=0;retry=2026-09-10T13:01:39.8469972Z;state=Quarantined. excluded quest=879;stage=Objective;scope=Objective;objective=1;retry=2026-09-10T13:01:39.8507730Z;state=Quarantined. excluded quest=879;stage=Objective;scope=Objective;objective=2;retry=2026-09-10T13:01:39.8508327Z;state=Quarantined. excluded quest=8889;stage=Objective;objective=0;reason=outside-scan-radius;retry=context-change. excluded quest=8889;stage=Objective;objective=1;reason=outside-scan-radius;retry=context-change. excluded quest=8889;stage=Objective;objective=2;reason=outside-scan-radius;retry=context-change. excluded quest=891;stage=Objective;scope=QuestStage;retry=2026-09-10T08:01:39.8507839Z;state=HalfOpen. excluded quest=893;stage=Objective;scope=Objective;objective=0;retry=2026-09-10T13:01:39.8510976Z;state=Quarantined. excluded quest=893;stage=Objective;scope=Objective;objective=1;retry=2026-09-10T13:01:39.8511312Z;state=Quarantined. excluded quest=893;stage=Objective;scope=Objective;objective=2;retry=2026-09-10T13:01:39.8511623Z;state=Quarantined. excluded quest=896;stage=Objective;scope=Objective;objective=0;retry=2026-09-10T08:01:39.8507839Z;state=HalfOpen. excluded quest=9067;stage=Objective;scope=Objective;objective=0;retry=2026-09-10T08:01:39.8507839Z;state=HalfOpen. excluded quest=9157;stage=TurnIn;scope=QuestStage;retry=2026-09-10T08:01:39.8507839Z;state=HalfOpen. excluded quest=9431;stage=Objective;scope=Objective;objective=0;retry=2026-09-10T09:12:33.1574883Z;state=Quarantined. Expanding scan radius from 3500 to 3750 yards before fallback.
[15:01:54.375] [D] Activity: No eligible quest work; idle until 2026-09-10T08:01:39.8507839Z. quest-log-full=25/25; deferred new pickups while retaining accepted quest work. excluded quest=1062;stage=TurnIn;npc=4049;reason=outside-scan-radius;retry=context-change excluded quest=1069;stage=Objective;objective=0;reason=outside-scan-radius;retry=context-change. excluded quest=1087;stage=Objective;objective=2;reason=outside-scan-radius;retry=context-change. excluded quest=1093;stage=Objective;scope=Objective;objective=0;retry=2026-09-10T08:01:39.8507839Z;state=HalfOpen. excluded quest=4921;stage=Objective;scope=QuestStage;retry=2026-09-10T08:01:39.8507839Z;state=HalfOpen. excluded quest=5147;stage=Objective;scope=Objective;objective=0;retry=2026-09-10T09:12:24.2875831Z;state=Quarantined. excluded quest=6382;stage=TurnIn;npc=12696;reason=outside-scan-radius;retry=context-change excluded quest=6393;stage=Objective;scope=Objective;objective=0;retry=2026-09-10T08:01:39.8507839Z;state=HalfOpen. excluded quest=6441;stage=Objective;scope=Objective;objective=0;retry=2026-09-10T08:01:39.8507839Z;state=HalfOpen. excluded quest=6461;stage=TurnIn;npc=12816;reason=outside-scan-radius;retry=context-change excluded quest=6543;stage=Objective;scope=Objective;objective=0;retry=2026-09-10T08:01:39.8507839Z;state=HalfOpen. excluded quest=846;stage=Objective;scope=Objective;objective=0;retry=2026-09-10T08:31:50.8814924Z;state=Quarantined. excluded quest=846;stage=Objective;scope=Objective;objective=1;retry=2026-09-10T08:31:50.8815324Z;state=Quarantined. excluded quest=846;stage=Objective;scope=Objective;objective=2;retry=2026-09-10T08:31:50.8815657Z;state=Quarantined. excluded quest=8487;stage=TurnIn;scope=QuestStage;retry=2026-09-10T08:01:39.8507839Z;state=HalfOpen. excluded quest=867;stage=Objective;scope=Objective;objective=0;retry=2026-09-10T08:31:50.8816264Z;state=Quarantined. excluded quest=868;stage=TurnIn;npc=3428;reason=outside-scan-radius;retry=context-change excluded quest=879;stage=Objective;scope=Objective;objective=0;retry=2026-09-10T13:01:39.8469972Z;state=Quarantined. excluded quest=879;stage=Objective;scope=Objective;objective=1;retry=2026-09-10T13:01:39.8507730Z;state=Quarantined. excluded quest=879;stage=Objective;scope=Objective;objective=2;retry=2026-09-10T13:01:39.8508327Z;state=Quarantined. excluded quest=8889;stage=Objective;objective=0;reason=outside-scan-radius;retry=context-change. excluded quest=8889;stage=Objective;objective=1;reason=outside-scan-radius;retry=context-change. excluded quest=8889;stage=Objective;objective=2;reason=outside-scan-radius;retry=context-change. excluded quest=891;stage=Objective;scope=QuestStage;retry=2026-09-10T08:01:39.8507839Z;state=HalfOpen. excluded quest=893;stage=Objective;scope=Objective;objective=0;retry=2026-09-10T13:01:39.8510976Z;state=Quarantined. excluded quest=893;stage=Objective;scope=Objective;objective=1;retry=2026-09-10T13:01:39.8511312Z;state=Quarantined. excluded quest=893;stage=Objective;scope=Objective;objective=2;retry=2026-09-10T13:01:39.8511623Z;state=Quarantined. excluded quest=896;stage=Objective;scope=Objective;objective=0;retry=2026-09-10T08:01:39.8507839Z;state=HalfOpen. excluded quest=9067;stage=Objective;scope=Objective;objective=0;retry=2026-09-10T08:01:39.8507839Z;state=HalfOpen. excluded quest=9157;stage=TurnIn;scope=QuestStage;retry=2026-09-10T08:01:39.8507839Z;state=HalfOpen. excluded quest=9431;stage=Objective;scope=Objective;objective=0;retry=2026-09-10T09:12:33.1574883Z;state=Quarantined. Expanding scan radius from 3750 to 4000 yards before fallback.
[15:01:54.684] [D] Activity: No eligible quest work; idle until 2026-09-10T08:01:39.8507839Z. quest-log-full=25/25; deferred new pickups while retaining accepted quest work. excluded quest=1062;stage=TurnIn;npc=4049;reason=outside-scan-radius;retry=context-change excluded quest=1069;stage=Objective;objective=0;reason=outside-scan-radius;retry=context-change. excluded quest=1087;stage=Objective;objective=2;reason=outside-scan-radius;retry=context-change. excluded quest=1093;stage=Objective;scope=Objective;objective=0;retry=2026-09-10T08:01:39.8507839Z;state=HalfOpen. excluded quest=4921;stage=Objective;scope=QuestStage;retry=2026-09-10T08:01:39.8507839Z;state=HalfOpen. excluded quest=5147;stage=Objective;scope=Objective;objective=0;retry=2026-09-10T09:12:24.2875831Z;state=Quarantined. excluded quest=6382;stage=TurnIn;npc=12696;reason=outside-scan-radius;retry=context-change excluded quest=6393;stage=Objective;scope=Objective;objective=0;retry=2026-09-10T08:01:39.8507839Z;state=HalfOpen. excluded quest=6441;stage=Objective;scope=Objective;objective=0;retry=2026-09-10T08:01:39.8507839Z;state=HalfOpen. excluded quest=6461;stage=TurnIn;npc=12816;reason=outside-scan-radius;retry=context-change excluded quest=6543;stage=Objective;scope=Objective;objective=0;retry=2026-09-10T08:01:39.8507839Z;state=HalfOpen. excluded quest=846;stage=Objective;scope=Objective;objective=0;retry=2026-09-10T08:31:50.8814924Z;state=Quarantined. excluded quest=846;stage=Objective;scope=Objective;objective=1;retry=2026-09-10T08:31:50.8815324Z;state=Quarantined. excluded quest=846;stage=Objective;scope=Objective;objective=2;retry=2026-09-10T08:31:50.8815657Z;state=Quarantined. excluded quest=8487;stage=TurnIn;scope=QuestStage;retry=2026-09-10T08:01:39.8507839Z;state=HalfOpen. excluded quest=867;stage=Objective;scope=Objective;objective=0;retry=2026-09-10T08:31:50.8816264Z;state=Quarantined. excluded quest=868;stage=TurnIn;npc=3428;reason=outside-scan-radius;retry=context-change excluded quest=879;stage=Objective;scope=Objective;objective=0;retry=2026-09-10T13:01:39.8469972Z;state=Quarantined. excluded quest=879;stage=Objective;scope=Objective;objective=1;retry=2026-09-10T13:01:39.8507730Z;state=Quarantined. excluded quest=879;stage=Objective;scope=Objective;objective=2;retry=2026-09-10T13:01:39.8508327Z;state=Quarantined. excluded quest=8889;stage=Objective;objective=0;reason=outside-scan-radius;retry=context-change. excluded quest=8889;stage=Objective;objective=1;reason=outside-scan-radius;retry=context-change. excluded quest=8889;stage=Objective;objective=2;reason=outside-scan-radius;retry=context-change. excluded quest=891;stage=Objective;scope=QuestStage;retry=2026-09-10T08:01:39.8507839Z;state=HalfOpen. excluded quest=893;stage=Objective;scope=Objective;objective=0;retry=2026-09-10T13:01:39.8510976Z;state=Quarantined. excluded quest=893;stage=Objective;scope=Objective;objective=1;retry=2026-09-10T13:01:39.8511312Z;state=Quarantined. excluded quest=893;stage=Objective;scope=Objective;objective=2;retry=2026-09-10T13:01:39.8511623Z;state=Quarantined. excluded quest=896;stage=Objective;scope=Objective;objective=0;retry=2026-09-10T08:01:39.8507839Z;state=HalfOpen. excluded quest=9067;stage=Objective;scope=Objective;objective=0;retry=2026-09-10T08:01:39.8507839Z;state=HalfOpen. excluded quest=9157;stage=TurnIn;scope=QuestStage;retry=2026-09-10T08:01:39.8507839Z;state=HalfOpen. excluded quest=9431;stage=Objective;scope=Objective;objective=0;retry=2026-09-10T09:12:33.1574883Z;state=Quarantined.
[15:02:04.447] [N] Stopping the bot!
[15:02:04.450] [D] [Pulse] Slow plugin: name=Tidy Bags 3 Reloaded elapsed=58ms
[15:02:04.449] [N] Bot stopping! Reason: User request
[15:02:04.451] [D] Exception in CGQuestLog__IsQuestCompleted: Thread was interrupted from a waiting state.
[15:02:05.020] [D] [Settings] Saved all settings
[15:02:05.020] [N] Starting the bot.
[15:02:05.022] [N] Currently Using BotBase : Wholesome Auto Quest
[15:02:05.024] [N] Character is a level 30 BloodElf Paladin
[15:02:05.027] [N] Current zone is Thousand Needles
[15:02:05.030] [D] Cleared POI
[15:02:05.030] [D] Worker thread exited cleanly
[15:02:05.031] [D] Loading profile from D:\World of Warcraft 3.3.5a\CB\Bots\WholesomeAutoQuest\WHOLESOME_AUTOQUESTER.xml
[15:02:05.032] [D] [CompileBatch] Compiling 2 entries...
[15:02:05.109] [D] [CompileBatch] Compiled successfully.
[15:02:05.109] [N] Profile loaded: WholesomeAQ - Thousand Needles
[15:02:05.124] [D] Selected sub-profile: WholesomeAQ - Thousand Needles (L1-80)
[15:02:05.193] [N] [Wholesome Auto Quest] Loaded 3 blacklisted vendors
[15:02:05.225] [D] [ProfileBatchManager] Batch reset for new profile session.
[15:02:05.225] [N] [Wholesome Auto Quest] Class Paladin → PullDistance set to 24
[15:02:05.228] [N] [Wholesome Auto Quest] Initial scheduler build.
[15:02:05.908] [D] [Nav] Loaded 9 mesh tiles for one path query
[15:02:05.923] [D] [QuestRecovery] quest=242, stage=Pickup, old=Eligible, new=Quarantined, reason=InvalidQuestData, episode=1, attempt=1, retry=10/9/2026 1:02:05 PM
[15:02:05.931] [D] Loading profile from D:\World of Warcraft 3.3.5a\CB\Bots\WholesomeAutoQuest\WHOLESOME_AUTOQUESTER.xml
[15:02:05.939] [D] [CompileBatch] Compiling 3 entries...
[15:02:06.021] [D] [CompileBatch] Compiled successfully.
[15:02:06.021] [N] Profile loaded: WholesomeAQ - Thousand Needles
[15:02:06.025] [D] Selected sub-profile: WholesomeAQ - Thousand Needles (L1-80)
[15:02:06.025] [N] [Wholesome Auto Quest] Profile refreshed - Selected 3 quest work candidate(s). selected quest=4841;stage=Pickup;state=Eligible. selected quest=4821;stage=Pickup;state=Eligible. selected quest=4767;stage=Pickup;state=Eligible. excluded quest=1058;stage=Pickup;npc=3995;reason=outside-scan-radius;retry=context-change excluded quest=1062;stage=TurnIn;npc=4049;reason=outside-scan-radius;retry=context-change excluded quest=1069;stage=Objective;objective=0;reason=outside-scan-radius;retry=context-change. excluded quest=1087;stage=Objective;objective=2;reason=outside-scan-radius;retry=context-change. excluded quest=1093;stage=Objective;scope=Objective;objective=0;retry=2026-09-10T08:01:39.8507839Z;state=HalfOpen. excluded quest=1104;stage=Pickup;npc=4454;reason=outside-scan-radius;retry=context-change excluded quest=1105;stage=Pickup;npc=4453;reason=outside-scan-radius;retry=context-change excluded quest=1130;stage=Pickup;npc=3387;reason=outside-scan-radius;retry=context-change excluded quest=1176;stage=Pickup;npc=4630;reason=outside-scan-radius;retry=context-change excluded quest=1195;stage=Pickup;npc=4721;reason=outside-scan-radius;retry=context-change excluded quest=14106;stage=Pickup;scope=QuestStage;retry=2026-09-10T08:01:39.8507839Z;state=HalfOpen. excluded quest=1431;stage=Pickup;npc=5639;reason=outside-scan-radius;retry=context-change excluded quest=216;stage=Pickup;npc=12757;reason=outside-scan-radius;retry=context-change excluded quest=470;stage=Pickup;npc=2111;reason=outside-scan-radius;retry=context-change excluded quest=472;stage=Pickup;npc=2097;reason=outside-scan-radius;retry=context-change excluded quest=4881;stage=Pickup;scope=QuestStage;retry=2026-09-10T08:31:50.9048039Z;state=Quarantined. excluded quest=4921;stage=Objective;scope=QuestStage;retry=2026-09-10T08:01:39.8507839Z;state=HalfOpen. excluded quest=501;stage=Pickup;npc=2216;reason=outside-scan-radius;retry=context-change excluded quest=509;stage=Pickup;npc=2216;reason=outside-scan-radius;retry=context-change excluded quest=5147;stage=Objective;scope=Objective;objective=0;retry=2026-09-10T09:12:24.2875831Z;state=Quarantined. excluded quest=527;stage=Pickup;npc=2215;reason=outside-scan-radius;retry=context-change excluded quest=546;stage=Pickup;npc=2418;reason=outside-scan-radius;retry=context-change excluded quest=547;stage=Pickup;npc=2419;reason=outside-scan-radius;retry=context-change excluded quest=567;stage=Pickup;npc=2008;reason=outside-scan-radius;retry=context-change excluded quest=583;stage=Pickup;npc=716;reason=outside-scan-radius;retry=context-change excluded quest=5881;stage=Pickup;npc=11860;reason=outside-scan-radius;retry=context-change excluded quest=6282;stage=Pickup;npc=11860;reason=outside-scan-radius;retry=context-change excluded quest=6381;stage=Pickup;npc=11864;reason=outside-scan-radius;retry=context-change excluded quest=6382;stage=TurnIn;npc=12696;reason=outside-scan-radius;retry=context-change excluded quest=6393;stage=Objective;scope=Objective;objective=0;retry=2026-09-10T08:01:39.8507839Z;state=HalfOpen. excluded quest=6441;stage=Objective;scope=Objective;objective=0;retry=2026-09-10T08:01:39.8507839Z;state=HalfOpen. excluded quest=6461;stage=TurnIn;npc=12816;reason=outside-scan-radius;retry=context-change excluded quest=6462;stage=Pickup;npc=12721;reason=outside-scan-radius;retry=context-change excluded quest=6504;stage=Pickup;npc=12718;reason=outside-scan-radius;retry=context-change excluded quest=6543;stage=Objective;scope=Objective;objective=0;retry=2026-09-10T08:01:39.8507839Z;state=HalfOpen. excluded quest=6571;stage=Pickup;npc=11820;reason=outside-scan-radius;retry=context-change excluded quest=7790;stage=Pickup;scope=QuestStage;retry=2026-09-10T08:01:39.8507839Z;state=HalfOpen. excluded quest=846;stage=Objective;scope=Objective;objective=0;retry=2026-09-10T08:31:50.8814924Z;state=Quarantined. excluded quest=846;stage=Objective;scope=Objective;objective=1;retry=2026-09-10T08:31:50.8815324Z;state=Quarantined. excluded quest=846;stage=Objective;scope=Objective;objective=2;retry=2026-09-10T08:31:50.8815657Z;state=Quarantined. excluded quest=8487;stage=TurnIn;scope=QuestStage;retry=2026-09-10T08:01:39.8507839Z;state=HalfOpen. excluded quest=857;stage=Pickup;npc=3421;reason=outside-scan-radius;retry=context-change excluded quest=867;stage=Objective;scope=Objective;objective=0;retry=2026-09-10T08:31:50.8816264Z;state=Quarantined. excluded quest=868;stage=TurnIn;npc=3428;reason=outside-scan-radius;retry=context-change excluded quest=879;stage=Objective;scope=Objective;objective=0;retry=2026-09-10T13:01:39.8469972Z;state=Quarantined. excluded quest=879;stage=Objective;scope=Objective;objective=1;retry=2026-09-10T13:01:39.8507730Z;state=Quarantined. excluded quest=879;stage=Objective;scope=Objective;objective=2;retry=2026-09-10T13:01:39.8508327Z;state=Quarantined. excluded quest=8889;stage=Objective;objective=0;reason=outside-scan-radius;retry=context-change. excluded quest=8889;stage=Objective;objective=1;reason=outside-scan-radius;retry=context-change. excluded quest=8889;stage=Objective;objective=2;reason=outside-scan-radius;retry=context-change. excluded quest=891;stage=Objective;scope=QuestStage;retry=2026-09-10T08:01:39.8507839Z;state=HalfOpen. excluded quest=893;stage=Objective;scope=Objective;objective=0;retry=2026-09-10T13:01:39.8510976Z;state=Quarantined. excluded quest=893;stage=Objective;scope=Objective;objective=1;retry=2026-09-10T13:01:39.8511312Z;state=Quarantined. excluded quest=893;stage=Objective;scope=Objective;objective=2;retry=2026-09-10T13:01:39.8511623Z;state=Quarantined. excluded quest=896;stage=Objective;scope=Objective;objective=0;retry=2026-09-10T08:01:39.8507839Z;state=HalfOpen. excluded quest=9067;stage=Objective;scope=Objective;objective=0;retry=2026-09-10T08:01:39.8507839Z;state=HalfOpen. excluded quest=9157;stage=TurnIn;scope=QuestStage;retry=2026-09-10T08:01:39.8507839Z;state=HalfOpen. excluded quest=9388;stage=Pickup;scope=QuestStage;retry=2026-09-10T08:01:39.8507839Z;state=HalfOpen. excluded quest=9389;stage=Pickup;scope=QuestStage;retry=2026-09-10T08:01:39.8507839Z;state=HalfOpen. excluded quest=9431;stage=Objective;scope=Objective;objective=0;retry=2026-09-10T09:12:33.1574883Z;state=Quarantined. excluded quest=9534;stage=Pickup;npc=17355;reason=outside-scan-radius;retry=context-change
[15:02:06.029] [N] [Wholesome Auto Quest] Started with quest data loaded.
[15:02:06.094] [D] Setting CVars: autoSelfCast=1, autoLootDefault=1
[15:02:06.161] [D] Cleared POI
[15:02:06.161] [D] Refresh() called. LastCount=0, CurrentCount=34
[15:02:06.161] [N] Building spell book
[15:02:06.163] [D] Found 34 spells from LocalPlayer.KnownSpells
[15:02:06.163] [N] Adding Arcane Affinity
[15:02:06.166] [N] Adding Arcane Torrent
[15:02:06.168] [N] Adding Auto Attack
[15:02:06.177] [N] Adding Block
[15:02:06.180] [N] Adding Dodge
[15:02:06.182] [N] Adding Magic Resistance
[15:02:06.184] [N] Adding Parry
[15:02:06.186] [N] Adding Blessing of Wisdom
[15:02:06.188] [N] Adding Concentration Aura
[15:02:06.190] [N] Adding Consecration
[15:02:06.193] [N] Adding Exorcism
[15:02:06.195] [N] Adding Flash of Light
[15:02:06.197] [N] Adding Holy Light
[15:02:06.199] [N] Adding Lay on Hands
[15:02:06.201] [N] Adding Purify
[15:02:06.203] [N] Adding Seal of Righteousness
[15:02:06.205] [N] Adding Sense Undead
[15:02:06.208] [N] Adding Turn Evil
[15:02:06.210] [N] Adding Blessing of Kings
[15:02:06.212] [N] Adding Devotion Aura
[15:02:06.214] [N] Adding Divine Protection
[15:02:06.217] [N] Adding Hammer of Justice
[15:02:06.219] [N] Adding Hand of Freedom
[15:02:06.222] [N] Adding Hand of Protection
[15:02:06.225] [N] Adding Hand of Reckoning
[15:02:06.227] [N] Adding Hand of Salvation
[15:02:06.229] [N] Adding Righteous Defense
[15:02:06.231] [N] Adding Righteous Fury
[15:02:06.237] [N] Adding Seal of Justice
[15:02:06.239] [N] Adding Blessing of Might
[15:02:06.241] [N] Adding Judgement of Light
[15:02:06.243] [N] Adding Judgement of Wisdom
[15:02:06.245] [N] Adding Retribution Aura
[15:02:06.248] [N] Adding Seal of Command
[15:02:06.250] [N] Spell book built
[15:02:06.252] [D] [SpellManager] Initialize — subscribed to BotEvents.OnBotStart
[15:02:06.252] [D] Default area costs set (Road=1.0, Ground=1.66)
[15:02:06.252] [D] Faction filter set: Horde (excluding Alliance paths)
[15:02:06.253] [D] Refresh() called. LastCount=0, CurrentCount=34
[15:02:06.253] [N] Building spell book
[15:02:06.255] [D] Found 34 spells from LocalPlayer.KnownSpells
[15:02:06.255] [N] Adding Arcane Affinity
[15:02:06.257] [N] Adding Arcane Torrent
[15:02:06.260] [N] Adding Auto Attack
[15:02:06.262] [N] Adding Block
[15:02:06.264] [N] Adding Dodge
[15:02:06.266] [N] Adding Magic Resistance
[15:02:06.268] [N] Adding Parry
[15:02:06.270] [N] Adding Blessing of Wisdom
[15:02:06.272] [N] Adding Concentration Aura
[15:02:06.274] [N] Adding Consecration
[15:02:06.277] [N] Adding Exorcism
[15:02:06.279] [N] Adding Flash of Light
[15:02:06.281] [N] Adding Holy Light
[15:02:06.283] [N] Adding Lay on Hands
[15:02:06.285] [N] Adding Purify
[15:02:06.288] [N] Adding Seal of Righteousness
[15:02:06.290] [N] Adding Sense Undead
[15:02:06.292] [N] Adding Turn Evil
[15:02:06.294] [N] Adding Blessing of Kings
[15:02:06.296] [N] Adding Devotion Aura
[15:02:06.298] [N] Adding Divine Protection
[15:02:06.301] [N] Adding Hammer of Justice
[15:02:06.303] [N] Adding Hand of Freedom
[15:02:06.305] [N] Adding Hand of Protection
[15:02:06.307] [N] Adding Hand of Reckoning
[15:02:06.310] [N] Adding Hand of Salvation
[15:02:06.312] [N] Adding Righteous Defense
[15:02:06.314] [N] Adding Righteous Fury
[15:02:06.317] [N] Adding Seal of Justice
[15:02:06.319] [N] Adding Blessing of Might
[15:02:06.322] [N] Adding Judgement of Light
[15:02:06.324] [N] Adding Judgement of Wisdom
[15:02:06.327] [N] Adding Retribution Aura
[15:02:06.329] [N] Adding Seal of Command
[15:02:06.331] [N] Spell book built
[15:02:06.334] [D] [SpellManager] Subscribed to LEARNED_SPELL_IN_TAB, ACTIVE_TALENT_GROUP_CHANGED
[15:02:06.334] [D] Refresh() called. LastCount=0, CurrentCount=34
[15:02:06.334] [N] Building spell book
[15:02:06.336] [D] Found 34 spells from LocalPlayer.KnownSpells
[15:02:06.336] [N] Adding Arcane Affinity
[15:02:06.338] [N] Adding Arcane Torrent
[15:02:06.341] [N] Adding Auto Attack
[15:02:06.343] [N] Adding Block
[15:02:06.345] [N] Adding Dodge
[15:02:06.347] [N] Adding Magic Resistance
[15:02:06.349] [N] Adding Parry
[15:02:06.351] [N] Adding Blessing of Wisdom
[15:02:06.354] [N] Adding Concentration Aura
[15:02:06.356] [N] Adding Consecration
[15:02:06.358] [N] Adding Exorcism
[15:02:06.360] [N] Adding Flash of Light
[15:02:06.362] [N] Adding Holy Light
[15:02:06.365] [N] Adding Lay on Hands
[15:02:06.367] [N] Adding Purify
[15:02:06.369] [N] Adding Seal of Righteousness
[15:02:06.371] [N] Adding Sense Undead
[15:02:06.373] [N] Adding Turn Evil
[15:02:06.376] [N] Adding Blessing of Kings
[15:02:06.378] [N] Adding Devotion Aura
[15:02:06.380] [N] Adding Divine Protection
[15:02:06.382] [N] Adding Hammer of Justice
[15:02:06.385] [N] Adding Hand of Freedom
[15:02:06.387] [N] Adding Hand of Protection
[15:02:06.389] [N] Adding Hand of Reckoning
[15:02:06.391] [N] Adding Hand of Salvation
[15:02:06.393] [N] Adding Righteous Defense
[15:02:06.396] [N] Adding Righteous Fury
[15:02:06.398] [N] Adding Seal of Justice
[15:02:06.400] [N] Adding Blessing of Might
[15:02:06.402] [N] Adding Judgement of Light
[15:02:06.404] [N] Adding Judgement of Wisdom
[15:02:06.407] [N] Adding Retribution Aura
[15:02:06.409] [N] Adding Seal of Command
[15:02:06.412] [N] Spell book built
[15:02:06.414] [D] [SpellManager] Subscribed to LEARNED_SPELL_IN_TAB, ACTIVE_TALENT_GROUP_CHANGED
[15:02:06.414] [D] Refresh() called. LastCount=0, CurrentCount=34
[15:02:06.414] [N] Building spell book
[15:02:06.417] [D] Found 34 spells from LocalPlayer.KnownSpells
[15:02:06.417] [N] Adding Arcane Affinity
[15:02:06.419] [N] Adding Arcane Torrent
[15:02:06.421] [N] Adding Auto Attack
[15:02:06.423] [N] Adding Block
[15:02:06.426] [N] Adding Dodge
[15:02:06.428] [N] Adding Magic Resistance
[15:02:06.430] [N] Adding Parry
[15:02:06.432] [N] Adding Blessing of Wisdom
[15:02:06.435] [N] Adding Concentration Aura
[15:02:06.437] [N] Adding Consecration
[15:02:06.440] [N] Adding Exorcism
[15:02:06.442] [N] Adding Flash of Light
[15:02:06.444] [N] Adding Holy Light
[15:02:06.447] [N] Adding Lay on Hands
[15:02:06.449] [N] Adding Purify
[15:02:06.452] [N] Adding Seal of Righteousness
[15:02:06.454] [N] Adding Sense Undead
[15:02:06.456] [N] Adding Turn Evil
[15:02:06.459] [N] Adding Blessing of Kings
[15:02:06.461] [N] Adding Devotion Aura
[15:02:06.463] [N] Adding Divine Protection
[15:02:06.466] [N] Adding Hammer of Justice
[15:02:06.468] [N] Adding Hand of Freedom
[15:02:06.470] [N] Adding Hand of Protection
[15:02:06.472] [N] Adding Hand of Reckoning
[15:02:06.475] [N] Adding Hand of Salvation
[15:02:06.477] [N] Adding Righteous Defense
[15:02:06.479] [N] Adding Righteous Fury
[15:02:06.482] [N] Adding Seal of Justice
[15:02:06.484] [N] Adding Blessing of Might
[15:02:06.487] [N] Adding Judgement of Light
[15:02:06.489] [N] Adding Judgement of Wisdom
[15:02:06.492] [N] Adding Retribution Aura
[15:02:06.494] [N] Adding Seal of Command
[15:02:06.496] [N] Spell book built
[15:02:06.499] [D] [SpellManager] Subscribed to LEARNED_SPELL_IN_TAB, ACTIVE_TALENT_GROUP_CHANGED
[15:02:07.357] [N] [Singular] Casting Blessing of Kings on Myself
[15:02:07.358] [D] Spell_C::CastSpell(20217, 0, 0x6000000007EAB80, 0)
[15:02:07.391] [D] [Pulse] Slow bot root: 198ms bot=Wholesome Auto Quest poi=None combat=False
[15:02:08.296] [D] Changed POI to: Type: Fly, Name: Nyse, Guid: F1300010DD010BD0, Entry: 4317, Location: (-5407.12, -2419.61, 89.63)
[15:02:08.296] [D] [Pulse] Slow bot root: 234ms bot=Wholesome Auto Quest poi=Fly combat=False
[15:02:09.129] [N] [Singular] Casting Seal of Righteousness on Myself
[15:02:09.129] [D] Spell_C::CastSpell(21084, 0, 0x6000000007EAB80, 0)
[15:02:09.162] [D] [Pulse] Slow bot root: 199ms bot=Wholesome Auto Quest poi=Fly combat=False
[15:02:09.969] [N] Moving to Type: Fly, Name: Nyse, Guid: F1300010DD010BD0, Entry: 4317, Location: (-5407.12, -2419.61, 89.63)
[15:02:10.299] [D] [Pulse] Slow bot root: 467ms bot=Wholesome Auto Quest poi=Fly combat=False
[15:02:11.363] [D] [Pulse] Slow bot root: 399ms bot=Wholesome Auto Quest poi=Fly combat=False
[15:02:11.796] [D] [Pulse] Slow plugin: name=AutoEquip2 elapsed=394ms
[15:02:11.862] [D] [Pulse] Slow shared pulse: total=498ms movement=0 objects=0 lua=0 info=0 loot=1 targeting=36 events=0 plugins=459 routine=0
[15:02:12.862] [D] [Pulse] Slow bot root: 400ms bot=Wholesome Auto Quest poi=Fly combat=False
[15:02:13.965] [D] [Pulse] Slow bot root: 399ms bot=Wholesome Auto Quest poi=Fly combat=False
[15:02:15.027] [D] [Pulse] Slow bot root: 398ms bot=Wholesome Auto Quest poi=Fly combat=False
[15:02:15.127] [D] [Pulse] Slow plugin: name=Tidy Bags 3 Reloaded elapsed=59ms
[15:02:16.099] [D] [Pulse] Slow bot root: 400ms bot=Wholesome Auto Quest poi=Fly combat=False
[15:02:17.169] [D] [Pulse] Slow bot root: 401ms bot=Wholesome Auto Quest poi=Fly combat=False
[15:02:18.240] [D] [Pulse] Slow bot root: 403ms bot=Wholesome Auto Quest poi=Fly combat=False
[15:02:19.339] [D] [Interact] Interacting with object at 0x2989C838
[15:02:19.368] [D] [Interact] Done interacting with object at 0x2989C838
[15:02:19.536] [D] [Pulse] Slow bot root: 599ms bot=Wholesome Auto Quest poi=Fly combat=False
[15:02:20.935] [D] [Pulse] Slow bot root: 732ms bot=Wholesome Auto Quest poi=Fly combat=False
[15:02:20.938] [N] TaxiMap opened — updating known nodes list.
[15:02:21.205] [D] Cleared POI - Reason Learned/Updated Flight Path Information
[15:02:21.205] [D] Cleared POI
[15:02:22.169] [D] [If] Condition is true, executing If body
[15:02:22.270] [N] [PickUp] Picking up Pacify the Centaur
[15:02:22.270] [D] Goal: Picking up Pacify the Centaur
[15:02:22.304] [D] Changed POI to: Type: QuestPickUp, Name: Cliffwatcher Longhorn, Guid: 0, Entry: 10537, Location: (-5454.95, -2442.79, 90.02)
[15:02:22.304] [D] [Pulse] Slow bot root: 301ms bot=Wholesome Auto Quest poi=QuestPickUp combat=False
[15:02:22.741] [D] [Pulse] Slow plugin: name=AutoEquip2 elapsed=400ms
[15:02:22.806] [D] [Pulse] Slow shared pulse: total=501ms movement=0 objects=0 lua=0 info=0 loot=0 targeting=34 events=0 plugins=465 routine=0
[15:02:23.639] [N] Moving to Type: QuestPickUp, Name: Cliffwatcher Longhorn, Guid: 0, Entry: 10537, Location: (-5454.95, -2442.79, 90.02)
[15:02:23.936] [D] [Pulse] Slow bot root: 464ms bot=Wholesome Auto Quest poi=QuestPickUp combat=False
[15:02:25.171] [D] [Pulse] Slow bot root: 433ms bot=Wholesome Auto Quest poi=QuestPickUp combat=False
[15:02:25.271] [D] [Pulse] Slow plugin: name=Tidy Bags 3 Reloaded elapsed=61ms
[15:02:26.374] [D] [Pulse] Slow bot root: 410ms bot=Wholesome Auto Quest poi=QuestPickUp combat=False
[15:02:27.573] [D] [Pulse] Slow bot root: 436ms bot=Wholesome Auto Quest poi=QuestPickUp combat=False
[15:02:28.773] [D] [Pulse] Slow bot root: 435ms bot=Wholesome Auto Quest poi=QuestPickUp combat=False
[15:02:29.976] [D] [Pulse] Slow bot root: 435ms bot=Wholesome Auto Quest poi=QuestPickUp combat=False
[15:02:31.159] [D] [Interact] Interacting with object at 0x2987F508
[15:02:31.184] [D] [Interact] Done interacting with object at 0x2987F508
[15:02:32.790] [D] [QuestPickUp] After interact: GossipFrame.IsVisible=False, QuestTitleButton1.IsVisible=True, QuestFrame.IsVisible=True
[15:02:33.505] [D] [Pulse] Slow bot root: 2722ms bot=Wholesome Auto Quest poi=QuestPickUp combat=False
[15:02:33.930] [D] [Pulse] Slow plugin: name=AutoEquip2 elapsed=396ms
[15:02:33.995] [D] [Singular-DEBUG] Switched targets!
[15:02:33.995] [D] [Singular-DEBUG] Melee Distance: 6.8833337
[15:02:33.995] [D] [Singular-DEBUG] Health: 100
[15:02:33.995] [D] [Singular-DEBUG] Level: 55
[15:02:33.995] [D] [Pulse] Slow shared pulse: total=489ms movement=0 objects=0 lua=0 info=0 loot=1 targeting=25 events=0 plugins=461 routine=0
[15:02:35.531] [D] [QuestPickUp] HandleQuestFrame: Action=AcceptTarget, ShownId=4841, TargetId=4841, Accept=True, Continue=False, Complete=False, Completion=KnownIncomplete
[15:02:35.531] [D] [QuestPickUp] Target quest identity confirmed — accepting quest.
[15:02:36.410] [D] [Pulse] Slow bot root: 1749ms bot=Wholesome Auto Quest poi=QuestPickUp combat=False
[15:02:36.530] [D] [Pulse] Slow plugin: name=Tidy Bags 3 Reloaded elapsed=61ms
[15:02:36.631] [D] [QuestRecovery] quest=4841, stage=Pickup, old=Attempting, new=Eligible, reason=None, episode=0, attempt=0, retry=
[15:02:36.631] [N] [Wholesome Auto Quest] Quest 4841 Pickup completed; queuing one scheduler rebuild.
[15:02:37.310] [D] [Nav] Loaded 3 mesh tiles for one path query
[15:02:37.317] [D] Loading profile from D:\World of Warcraft 3.3.5a\CB\Bots\WholesomeAutoQuest\WHOLESOME_AUTOQUESTER.xml
[15:02:37.334] [D] [CompileBatch] Compiling 2 entries...
[15:02:37.423] [D] [CompileBatch] Compiled successfully.
[15:02:37.423] [N] Profile loaded: WholesomeAQ - Thousand Needles
[15:02:37.432] [D] Selected sub-profile: WholesomeAQ - Thousand Needles (L1-80)
[15:02:37.432] [N] [Wholesome Auto Quest] Profile refreshed - Selected 1 quest work candidate(s). selected quest=4841;stage=Objective;state=Eligible. quest-log-full=25/25; deferred new pickups while retaining accepted quest work. excluded quest=1062;stage=TurnIn;npc=4049;reason=outside-scan-radius;retry=context-change excluded quest=1069;stage=Objective;objective=0;reason=outside-scan-radius;retry=context-change. excluded quest=1087;stage=Objective;objective=2;reason=outside-scan-radius;retry=context-change. excluded quest=1093;stage=Objective;scope=Objective;objective=0;retry=2026-09-10T08:01:39.8508401Z;state=HalfOpen. excluded quest=4841;stage=Objective;objective=2;reason=outside-scan-radius;retry=context-change. excluded quest=4921;stage=Objective;scope=QuestStage;retry=2026-09-10T08:01:39.8508401Z;state=HalfOpen. excluded quest=5147;stage=Objective;scope=Objective;objective=0;retry=2026-09-10T09:12:24.2875831Z;state=Quarantined. excluded quest=6382;stage=TurnIn;npc=12696;reason=outside-scan-radius;retry=context-change excluded quest=6393;stage=Objective;scope=Objective;objective=0;retry=2026-09-10T08:01:39.8508401Z;state=HalfOpen. excluded quest=6441;stage=Objective;scope=Objective;objective=0;retry=2026-09-10T08:01:39.8508401Z;state=HalfOpen. excluded quest=6461;stage=TurnIn;npc=12816;reason=outside-scan-radius;retry=context-change excluded quest=6543;stage=Objective;scope=Objective;objective=0;retry=2026-09-10T08:01:39.8508401Z;state=HalfOpen. excluded quest=846;stage=Objective;scope=Objective;objective=0;retry=2026-09-10T08:31:50.8814924Z;state=Quarantined. excluded quest=846;stage=Objective;scope=Objective;objective=1;retry=2026-09-10T08:31:50.8815324Z;state=Quarantined. excluded quest=846;stage=Objective;scope=Objective;objective=2;retry=2026-09-10T08:31:50.8815657Z;state=Quarantined. excluded quest=8487;stage=TurnIn;scope=QuestStage;retry=2026-09-10T08:01:39.8508401Z;state=HalfOpen. excluded quest=867;stage=Objective;scope=Objective;objective=0;retry=2026-09-10T08:31:50.8816264Z;state=Quarantined. excluded quest=868;stage=TurnIn;npc=3428;reason=outside-scan-radius;retry=context-change excluded quest=879;stage=Objective;scope=Objective;objective=0;retry=2026-09-10T13:01:39.8469972Z;state=Quarantined. excluded quest=879;stage=Objective;scope=Objective;objective=1;retry=2026-09-10T13:01:39.8507730Z;state=Quarantined. excluded quest=879;stage=Objective;scope=Objective;objective=2;retry=2026-09-10T13:01:39.8508327Z;state=Quarantined. excluded quest=8889;stage=Objective;objective=0;reason=outside-scan-radius;retry=context-change. excluded quest=8889;stage=Objective;objective=1;reason=outside-scan-radius;retry=context-change. excluded quest=8889;stage=Objective;objective=2;reason=outside-scan-radius;retry=context-change. excluded quest=891;stage=Objective;scope=QuestStage;retry=2026-09-10T08:01:39.8508401Z;state=HalfOpen. excluded quest=893;stage=Objective;scope=Objective;objective=0;retry=2026-09-10T13:01:39.8510976Z;state=Quarantined. excluded quest=893;stage=Objective;scope=Objective;objective=1;retry=2026-09-10T13:01:39.8511312Z;state=Quarantined. excluded quest=893;stage=Objective;scope=Objective;objective=2;retry=2026-09-10T13:01:39.8511623Z;state=Quarantined. excluded quest=896;stage=Objective;scope=Objective;objective=0;retry=2026-09-10T08:01:39.8508401Z;state=HalfOpen. excluded quest=9067;stage=Objective;scope=Objective;objective=0;retry=2026-09-10T08:01:39.8508401Z;state=HalfOpen. excluded quest=9157;stage=TurnIn;scope=QuestStage;retry=2026-09-10T08:01:39.8508401Z;state=HalfOpen. excluded quest=9431;stage=Objective;scope=Objective;objective=0;retry=2026-09-10T09:12:33.1574883Z;state=Quarantined.
[15:02:38.911] [D] [If] Condition is true, executing If body
[15:02:39.016] [N] [Objective] Goal: Kill Galak Scout x 12
[15:02:39.016] [D] Goal: Goal: Kill Galak Scout x 12
[15:02:39.016] [D] [GrindObjective] Using profile hotspots (3 points) for mob 4094
[15:02:39.232] [N] Mounting: 34769
[15:02:41.367] [D] Activity: Moving to hotspot
[15:02:41.445] [D] [Pulse] Slow bot root: 2677ms bot=Wholesome Auto Quest poi=QuestPickUp combat=False
[15:02:42.051] [D] [QuestLog] Loaded 79 completed quests from Lua fallback
[15:02:42.923] [D] [Pulse] Slow bot root: 235ms bot=Wholesome Auto Quest poi=QuestPickUp combat=False
[15:02:43.888] [D] [Pulse] Slow bot root: 202ms bot=Wholesome Auto Quest poi=QuestPickUp combat=False
[15:02:44.327] [D] [Pulse] Slow plugin: name=AutoEquip2 elapsed=399ms
[15:02:44.393] [D] [Pulse] Slow shared pulse: total=504ms movement=0 objects=0 lua=2 info=0 loot=1 targeting=34 events=0 plugins=465 routine=0
[15:02:45.226] [D] [Pulse] Slow bot root: 201ms bot=Wholesome Auto Quest poi=QuestPickUp combat=False
[15:02:46.160] [D] [Pulse] Slow bot root: 201ms bot=Wholesome Auto Quest poi=QuestPickUp combat=False
[15:02:47.088] [D] [Pulse] Slow bot root: 198ms bot=Wholesome Auto Quest poi=QuestPickUp combat=False
[15:02:47.221] [D] [Pulse] Slow plugin: name=Tidy Bags 3 Reloaded elapsed=60ms
[15:02:48.056] [D] [Pulse] Slow bot root: 203ms bot=Wholesome Auto Quest poi=QuestPickUp combat=False
[15:02:49.022] [D] [Pulse] Slow bot root: 232ms bot=Wholesome Auto Quest poi=QuestPickUp combat=False
[15:02:49.988] [D] [Pulse] Slow bot root: 233ms bot=Wholesome Auto Quest poi=QuestPickUp combat=False
[15:02:50.921] [D] [Pulse] Slow bot root: 202ms bot=Wholesome Auto Quest poi=QuestPickUp combat=False
[15:02:51.835] [D] [Nav] MoveTo failed: map=1 from=(-5379.84, -2424.66, 87.11) to=(-5251.34, -2438.90, -40.90) result=Failed pathCount=6 pathIndex=6 partial=True
[15:02:51.835] [D] [Pulse] Slow bot root: 172ms bot=Wholesome Auto Quest poi=QuestPickUp combat=False
[15:02:52.731] [D] [Pulse] Slow bot root: 170ms bot=Wholesome Auto Quest poi=QuestPickUp combat=False
[15:02:53.667] [D] [Pulse] Slow bot root: 166ms bot=Wholesome Auto Quest poi=QuestPickUp combat=False
[15:02:54.569] [D] [Pulse] Slow bot root: 167ms bot=Wholesome Auto Quest poi=QuestPickUp combat=False
[15:02:55.003] [D] [Pulse] Slow plugin: name=AutoEquip2 elapsed=395ms
[15:02:55.068] [D] [Pulse] Slow shared pulse: total=498ms movement=0 objects=0 lua=0 info=0 loot=1 targeting=35 events=0 plugins=460 routine=0
[15:02:55.870] [D] [Pulse] Slow bot root: 166ms bot=Wholesome Auto Quest poi=QuestPickUp combat=False
[15:02:56.771] [D] [Pulse] Slow bot root: 168ms bot=Wholesome Auto Quest poi=QuestPickUp combat=False
[15:02:57.668] [D] [Nav] MoveTo failed: map=1 from=(-5379.84, -2424.66, 87.11) to=(-5251.34, -2438.90, -40.90) result=Failed pathCount=2 pathIndex=2 partial=True
[15:02:57.668] [D] [Pulse] Slow bot root: 165ms bot=Wholesome Auto Quest poi=QuestPickUp combat=False
[15:02:57.767] [D] [Pulse] Slow plugin: name=Tidy Bags 3 Reloaded elapsed=61ms
[15:02:58.567] [D] [Pulse] Slow bot root: 168ms bot=Wholesome Auto Quest poi=QuestPickUp combat=False
[15:02:59.512] [D] [Pulse] Slow bot root: 169ms bot=Wholesome Auto Quest poi=QuestPickUp combat=False
[15:03:00.412] [D] [Pulse] Slow bot root: 168ms bot=Wholesome Auto Quest poi=QuestPickUp combat=False
[15:03:01.313] [D] [Pulse] Slow bot root: 168ms bot=Wholesome Auto Quest poi=QuestPickUp combat=False
[15:03:01.872] [D] [Nav] MoveTo failed: map=1 from=(-5379.84, -2424.66, 87.11) to=(-5251.34, -2438.90, -40.90) result=Failed pathCount=2 pathIndex=2 partial=True
[15:03:02.399] [D] [Nav] MoveTo failed: map=1 from=(-5379.84, -2424.66, 87.11) to=(-5251.34, -2438.90, -40.90) result=Failed pathCount=2 pathIndex=2 partial=True
[15:03:02.945] [D] [Nav] MoveTo failed: map=1 from=(-5379.84, -2424.66, 87.11) to=(-5251.34, -2438.90, -40.90) result=Failed pathCount=2 pathIndex=2 partial=True
[15:03:03.460] [D] [Nav] MoveTo failed: map=1 from=(-5379.84, -2424.66, 87.11) to=(-5251.34, -2438.90, -40.90) result=Failed pathCount=2 pathIndex=2 partial=True
[15:03:03.977] [D] [Nav] MoveTo failed: map=1 from=(-5379.84, -2424.66, 87.11) to=(-5251.34, -2438.90, -40.90) result=Failed pathCount=2 pathIndex=2 partial=True
[15:03:04.500] [D] [Nav] MoveTo failed: map=1 from=(-5379.84, -2424.66, 87.11) to=(-5251.34, -2438.90, -40.90) result=Failed pathCount=2 pathIndex=2 partial=True
[15:03:05.106] [D] [Nav] MoveTo failed: map=1 from=(-5379.84, -2424.66, 87.11) to=(-5251.34, -2438.90, -40.90) result=Failed pathCount=2 pathIndex=2 partial=True
[15:03:05.646] [D] [Nav] MoveTo failed: map=1 from=(-5379.84, -2424.66, 87.11) to=(-5251.34, -2438.90, -40.90) result=Failed pathCount=2 pathIndex=2 partial=True
[15:03:06.156] [D] [Nav] MoveTo failed: map=1 from=(-5379.84, -2424.66, 87.11) to=(-5251.34, -2438.90, -40.90) result=Failed pathCount=2 pathIndex=2 partial=True
[15:03:06.693] [D] [Nav] MoveTo failed: map=1 from=(-5379.84, -2424.66, 87.11) to=(-5251.34, -2438.90, -40.90) result=Failed pathCount=2 pathIndex=2 partial=True
[15:03:07.248] [D] [Nav] MoveTo failed: map=1 from=(-5379.84, -2424.66, 87.11) to=(-5251.34, -2438.90, -40.90) result=Failed pathCount=2 pathIndex=2 partial=True
[15:03:07.770] [D] [Nav] MoveTo failed: map=1 from=(-5379.84, -2424.66, 87.11) to=(-5251.34, -2438.90, -40.90) result=Failed pathCount=2 pathIndex=2 partial=True
[15:03:08.299] [D] [Nav] MoveTo failed: map=1 from=(-5379.84, -2424.66, 87.11) to=(-5251.34, -2438.90, -40.90) result=Failed pathCount=2 pathIndex=2 partial=True
[15:03:08.826] [D] [Nav] MoveTo failed: map=1 from=(-5379.84, -2424.66, 87.11) to=(-5251.34, -2438.90, -40.90) result=Failed pathCount=2 pathIndex=2 partial=True
[15:03:09.335] [D] [Nav] MoveTo failed: map=1 from=(-5379.84, -2424.66, 87.11) to=(-5251.34, -2438.90, -40.90) result=Failed pathCount=2 pathIndex=2 partial=True
[15:03:09.894] [D] [Nav] MoveTo failed: map=1 from=(-5379.84, -2424.66, 87.11) to=(-5251.34, -2438.90, -40.90) result=Failed pathCount=2 pathIndex=2 partial=True
[15:03:10.416] [D] [Nav] MoveTo failed: map=1 from=(-5379.84, -2424.66, 87.11) to=(-5251.34, -2438.90, -40.90) result=Failed pathCount=2 pathIndex=2 partial=True
[15:03:10.925] [D] [Nav] MoveTo failed: map=1 from=(-5379.84, -2424.66, 87.11) to=(-5251.34, -2438.90, -40.90) result=Failed pathCount=2 pathIndex=2 partial=True
[15:03:11.435] [D] [Nav] MoveTo failed: map=1 from=(-5379.84, -2424.66, 87.11) to=(-5251.34, -2438.90, -40.90) result=Failed pathCount=2 pathIndex=2 partial=True
[15:03:11.985] [N] Stopping the bot!
[15:03:11.987] [N] Bot stopping! Reason: User request
[15:03:11.990] [D] Exception in GetReturnValues: Thread was interrupted from a waiting state.
[15:03:12.039] [D] [Nav] MoveTo failed: map=1 from=(-5379.84, -2424.66, 87.11) to=(-5251.34, -2438.90, -40.90) result=Failed pathCount=2 pathIndex=2 partial=True
[15:03:12.039] [D] [Pulse] Slow bot root: 108ms bot=Wholesome Auto Quest poi=QuestPickUp combat=False
[15:03:12.039] [D] [QuestRecovery] quest=4841, stage=Objective, old=Attempting, new=Eligible, reason=None, episode=0, attempt=0, retry=
[15:03:12.059] [D] Cleared POI
[15:03:12.059] [D] Worker thread exited cleanly
[15:38:52.736] [D] [Settings] Saved all settings
