[11:27:28.896] [N] CopilotBuddy v1.6.6 started. Original HonorBuddy by Apoc, raphus, highvoltz, bobby53, xanathos, chinajade. Ported to WotLK 3.3.5a by Likon69.
[11:27:29.230] [N] Searching for WoW process...
[11:27:29.353] [N] Please wait a few seconds while CopilotBuddy initializes.
[11:27:29.353] [D] Using WoW with process ID 25700
[11:27:29.353] [D] Platform: x86
[11:27:29.353] [D] Executable Path: D:\World of Warcraft 3.3.5a\CB\
[11:27:29.377] [D] [ObjectManager] WoW build 12340 detected - OK
[11:27:29.379] [D] [ObjectManager] D3DDevicePtr = 0x00C5DF88
[11:27:29.379] [D] [ObjectManager] devicePtrAddr = 0x052FCBD0
[11:27:29.379] [D] [ObjectManager] device = 0x0A4EFE60 (at 0x0530054C)
[11:27:29.379] [D] [ObjectManager] vtablePtr = 0x0A4F2DBC
[11:27:29.379] [D] [ObjectManager] endSceneAddr = 0x643348F0 (at 0x0A4F2E64)
[11:27:29.379] [D] [ObjectManager] D3D: Device=0x0A4EFE60, VTable=0x0A4F2DBC, EndScene=0x643348F0
[11:27:29.379] [D] [ObjectManager] Creating ExecutorRand...
[11:27:29.431] [D] [ObjectManager] ExecutorRand created, IsInitialized = True
[11:27:29.431] [D] [ObjectManager] EndScene hook succeeded
[11:27:29.436] [D] [ObjectManager] Initialized successfully
[11:27:29.437] [N] Attached to WoW with ID 25700
[11:27:29.439] [N] Character is a level 25 BloodElf Paladin
[11:27:29.440] [N] Current zone is Stonetalon Mountains
[11:27:29.458] [D] [Settings] Loaded settings for character: Jeof
[11:27:29.459] [N] Initializing Combat Routines...
[11:27:29.462] [D] Looking for routines in: D:\World of Warcraft 3.3.5a\CB\Routines
[11:27:29.463] [D] Compiling Singular wotlk
[11:27:31.919] [N] Loaded routine: Singular Wotlk for class Paladin
[11:27:31.919] [N] Loaded 1 combat routine(s)
[11:27:31.926] [N] Chose Singular Wotlk as your combat class.
[11:27:31.926] [N] Confirmed Paladin as your class.
[11:27:31.926] [N] [Singular] Starting Singular v2.0.0.0
[11:27:31.926] [N] [Singular] Determining talent spec.
[11:27:35.035] [D] [Singular-DEBUG] [Talents] Best Tree: 16
[11:27:35.035] [N] [Singular] Current spec is  Retribution Paladin
[11:27:35.045] [D] [WoWDb] Loaded 237 DBC tables
[11:27:35.045] [D] [WoWDb]   Key=235 (0x000000EB) Rows=1893
[11:27:35.045] [D] [WoWDb]   Key=236 (0x000000EC) Rows=7655
[11:27:35.045] [D] [WoWDb]   Key=237 (0x000000ED) Rows=86
[11:27:35.045] [D] [WoWDb]   Key=238 (0x000000EE) Rows=506
[11:27:35.045] [D] [WoWDb]   Key=239 (0x000000EF) Rows=291
[11:27:35.045] [D] [WoWDb] Lock DBC lookup: FOUND (rows=388)
[11:27:35.045] [D] [WoWDb] ClientDb.Lock enum value = 356 (0x00000164)
[11:27:35.046] [D] [Singular-DEBUG] Creating Combat behavior.
[11:27:35.047] [N] [Singular] Building method list
[11:27:35.048] [N] [Singular] Added 450 methods
[11:27:35.050] [D] [Singular-DEBUG] CreateRetributionPaladinNormalPullAndCombat is a match!
[11:27:35.050] [N] [Singular]  Using CreateRetributionPaladinNormalPullAndCombat for Retribution Paladin - Combat (Priority: 0)
[11:27:35.061] [D] [Singular-DEBUG] Creating Pull behavior.
[11:27:35.062] [D] [Singular-DEBUG] CreateRetributionPaladinNormalPullAndCombat is a match!
[11:27:35.062] [N] [Singular]  Using CreateRetributionPaladinNormalPullAndCombat for Retribution Paladin - Pull (Priority: 0)
[11:27:35.069] [D] [Singular-DEBUG] Creating Rest behavior.
[11:27:35.069] [D] [Singular-DEBUG] CreateRetributionPaladinRest is a match!
[11:27:35.069] [N] [Singular]  Using CreateRetributionPaladinRest for Retribution Paladin - Rest (Priority: 0)
[11:27:35.071] [D] [Singular-DEBUG] Creating CombatBuffs behavior.
[11:27:35.073] [D] [Singular-DEBUG] Creating Heal behavior.
[11:27:35.073] [D] [Singular-DEBUG] CreateRetributionPaladinHeal is a match!
[11:27:35.073] [N] [Singular]  Using CreateRetributionPaladinHeal for Retribution Paladin - Heal (Priority: 0)
[11:27:35.073] [D] [Singular-DEBUG] CreateRetributionPaladinNormalPullAndCombat is a match!
[11:27:35.073] [N] [Singular]  Using CreateRetributionPaladinNormalPullAndCombat for Retribution Paladin - Heal (Priority: 0)
[11:27:35.074] [D] [Singular-DEBUG] Creating PullBuffs behavior.
[11:27:35.076] [D] [Singular-DEBUG] Creating PreCombatBuffs behavior.
[11:27:35.076] [D] [Singular-DEBUG] CreatePaladinPreCombatBuffs is a match!
[11:27:35.076] [N] [Singular]  Using CreatePaladinPreCombatBuffs for Retribution Paladin - PreCombatBuffs (Priority: 0)
[11:27:35.080] [N] [Singular] Behaviors created!
[11:27:35.162] [D] [Singular-DEBUG] Attached combat log
[11:27:35.162] [D] Routine initialized successfully
[11:27:35.163] [D] Loading built-in bots from assembly: CopilotBuddy
[11:27:35.186] [D] Found bot type: PartyBot.DiscoBot
[11:27:35.187] [N] New bot added: Party Bot
[11:27:35.187] [D] Loaded built-in bot: Party Bot
[11:27:35.187] [D] Found bot type: Bots.Quest.QuestBot
[11:27:35.187] [N] New bot added: Questing
[11:27:35.187] [D] Loaded built-in bot: Questing
[11:27:35.187] [D] Found bot type: Bots.Grind.LevelBot
[11:27:35.187] [N] New bot added: Grind
[11:27:35.187] [D] Loaded built-in bot: Grind
[11:27:35.187] [D] Found bot type: Bots.Gatherbuddy.GatherbuddyBot
[11:27:35.187] [N] New bot added: GatherBuddy
[11:27:35.187] [D] Loaded built-in bot: GatherBuddy
[11:27:35.187] [D] Found bot type: Bots.DungeonBuddy.DungeonBuddy
[11:27:35.188] [N] New bot added: DungeonBuddy
[11:27:35.188] [D] Loaded built-in bot: DungeonBuddy
[11:27:35.188] [D] Found bot type: Bots.BGBuddy.BGBuddy
[11:27:35.188] [N] New bot added: BGBuddy
[11:27:35.188] [D] Loaded built-in bot: BGBuddy
[11:27:35.188] [D] Built-in bot loading complete. 6 bots loaded.
[11:27:35.192] [N] Loading bots from: D:\World of Warcraft 3.3.5a\CB\Bots
[11:27:35.207] [N] Found 122 source files
[11:27:35.214] [N] Found 0 dll files
[11:27:35.214] [N] Compiling: CombatBot.cs
[11:27:35.383] [N] Compiled successfully: CombatBot.cs
[11:27:35.383] [N] Compiling directory: Auto Angler 2/ (23 files)
[11:27:35.638] [N] Compiled successfully: Auto Angler 2/
[11:27:35.638] [N] Compiling directory: LazyRaider/ (4 files)
[11:27:35.895] [N] Compiled successfully: LazyRaider/
[11:27:35.895] [N] Compiling directory: ProfessionBuddy/ (52 files)
[11:27:36.656] [N] Compiled successfully: ProfessionBuddy/
[11:27:36.656] [N] Compiling directory: Templar/ (27 files)
[11:27:37.032] [N] Compiled successfully: Templar/
[11:27:37.032] [N] Compiling directory: Tyrael/ (5 files)
[11:27:37.211] [N] Compiled successfully: Tyrael/
[11:27:37.211] [N] Compiling directory: WholesomeAutoQuest-master/ (10 files)
[11:27:37.773] [N] Compiled successfully: WholesomeAutoQuest-master/
[11:27:37.774] [N] ClassCollection contains 7 compiled bots
[11:27:37.774] [N] Adding bot: Combat Bot
[11:27:37.774] [N] New bot added: Combat Bot
[11:27:37.774] [N] Adding bot: AutoAngler
[11:27:37.774] [N] New bot added: AutoAngler
[11:27:37.774] [N] Adding bot: LazyRaider
[11:27:37.774] [N] New bot added: LazyRaider
[11:27:37.774] [N] Adding bot: ProfessionBuddy
[11:27:37.774] [N] New bot added: ProfessionBuddy
[11:27:37.774] [N] Adding bot: Templar
[11:27:37.774] [N] New bot added: Templar
[11:27:37.774] [N] Adding bot: Tyrael
[11:27:37.774] [N] New bot added: Tyrael
[11:27:37.774] [N] Adding bot: Wholesome Auto Quest
[11:27:37.774] [N] New bot added: Wholesome Auto Quest
[11:27:37.774] [N] Bot loading complete. 13 bots loaded.
[11:27:37.774] [N] Initializing Plugins...
[11:27:38.481] [D] [WeightSet] Selected weight set: Paladin-Holy
[11:27:39.597] [N] [DeathStallRecovery] Enabled. The bot will stop if corpse recovery makes no movement progress for 60 seconds.
[11:27:40.507] [D] Rarekiller: Loading config file: D:\World of Warcraft 3.3.5a\CB\Plugins\RareKiller\config\Rarekiller.config
[11:27:40.507] [D] Root element is missing.
[11:27:40.507] [N] Rarekiller: Continuing with Default Config Values
[11:27:40.508] [D] Rarekiller: Loading config file: D:\World of Warcraft 3.3.5a\CB\Plugins\RareKiller\config\Rarekiller.config
[11:27:40.508] [D] Root element is missing.
[11:27:40.508] [N] Rarekiller: Continuing with Default Config Values
[11:27:40.508] [N] Rare Mob Killer - Version 3.3 Loaded.
[11:27:40.508] [N] Rarekiller Part Tamer: I'm no Hunter. Deactivate the Tamer Part
[11:27:41.074] [N] [VendorRecovery] Enabled. Failed Sell/Repair vendors will be skipped after 35 seconds at the NPC.
[11:27:41.238] [N] Plugin loading complete. 16 plugins loaded.
[11:27:41.238] [N] Plugins refreshed successfully.
[11:27:41.242] [N] Changing current bot to: Wholesome Auto Quest
[11:27:55.950] [D] [Settings] Saved all settings
[11:27:55.950] [N] Starting the bot.
[11:27:55.951] [N] Currently Using BotBase : Wholesome Auto Quest
[11:27:55.951] [N] Character is a level 25 BloodElf Paladin
[11:27:55.952] [N] Current zone is Stonetalon Mountains
[11:27:55.953] [D] Loading profile from D:\World of Warcraft 3.3.5a\CB\Bots\WholesomeAutoQuest\WHOLESOME_AUTOQUESTER.xml
[11:27:55.997] [N] Profile loaded: WholesomeAQ - Stonetalon Mountains
[11:27:55.997] [D] Selected sub-profile: WholesomeAQ - Stonetalon Mountains (L1-80)
[11:27:56.185] [D] [WholesomeAQ] Navigation fingerprint unknown: provider or mesh-root stamp unavailable.
[11:27:56.750] [D] [QuestLog] Loaded 66 completed quests from Lua fallback
[11:27:56.783] [D] [ProfileBatchManager] Batch reset for new profile session.
[11:27:56.784] [N] [Wholesome Auto Quest] Class Paladin → PullDistance set to 24
[11:27:56.785] [N] [Wholesome Auto Quest] Initial scheduler build.
[11:27:57.212] [D] Activity: No eligible quest work; idle until 2026-09-05T06:10:20.8040908Z. excluded quest=104;stage=Pickup;npc=392;reason=outside-scan-radius;retry=context-change excluded quest=1062;stage=Objective;objective=0;reason=outside-scan-radius;retry=context-change. excluded quest=1069;stage=Pickup;npc=3446;reason=outside-scan-radius;retry=context-change excluded quest=1087;stage=Pickup;npc=4198;reason=outside-scan-radius;retry=context-change excluded quest=1093;stage=Pickup;npc=4201;reason=outside-scan-radius;retry=context-change excluded quest=11127;stage=Pickup;scope=QuestStage;retry=2026-09-05T06:10:20.8287986Z;state=Quarantined. excluded quest=118;stage=Pickup;npc=415;reason=outside-scan-radius;retry=context-change excluded quest=1195;stage=Pickup;npc=4721;reason=outside-scan-radius;retry=context-change excluded quest=14106;stage=Pickup;scope=QuestStage;retry=2026-09-05T06:10:20.8250193Z;state=Quarantined. excluded quest=1483;stage=Pickup;npc=3442;reason=outside-scan-radius;retry=context-change excluded quest=152;stage=Pickup;npc=392;reason=outside-scan-radius;retry=context-change excluded quest=2098;stage=Pickup;npc=6667;reason=outside-scan-radius;retry=context-change excluded quest=216;stage=Pickup;npc=12757;reason=outside-scan-radius;retry=context-change excluded quest=235;stage=Pickup;npc=10880;reason=outside-scan-radius;retry=context-change excluded quest=3281;stage=TurnIn;npc=3464;reason=outside-scan-radius;retry=context-change excluded quest=4542;stage=Pickup;npc=10079;reason=outside-scan-radius;retry=context-change excluded quest=470;stage=Pickup;npc=2111;reason=outside-scan-radius;retry=context-change excluded quest=472;stage=Pickup;npc=2097;reason=outside-scan-radius;retry=context-change excluded quest=4740;stage=Pickup;npc=175320;reason=outside-scan-radius;retry=context-change excluded quest=4921;stage=Objective;objective=0;reason=outside-scan-radius;retry=context-change. excluded quest=493;stage=Pickup;npc=1937;reason=outside-scan-radius;retry=context-change excluded quest=494;stage=Pickup;npc=2214;reason=outside-scan-radius;retry=context-change excluded quest=496;stage=Pickup;npc=2216;reason=outside-scan-radius;retry=context-change excluded quest=498;stage=Pickup;npc=2229;reason=outside-scan-radius;retry=context-change excluded quest=501;stage=Pickup;npc=2216;reason=outside-scan-radius;retry=context-change excluded quest=516;stage=Pickup;npc=2121;reason=outside-scan-radius;retry=context-change excluded quest=527;stage=Pickup;npc=2215;reason=outside-scan-radius;retry=context-change excluded quest=546;stage=Pickup;npc=2418;reason=outside-scan-radius;retry=context-change excluded quest=549;stage=Pickup;npc=1763;reason=outside-scan-radius;retry=context-change excluded quest=6301;stage=Pickup;npc=11864;reason=outside-scan-radius;retry=context-change excluded quest=6382;stage=Pickup;npc=3387;reason=outside-scan-radius;retry=context-change excluded quest=6383;stage=Pickup;npc=12696;reason=outside-scan-radius;retry=context-change excluded quest=6393;stage=Pickup;npc=11862;reason=outside-scan-radius;retry=context-change excluded quest=6442;stage=Pickup;npc=12719;reason=outside-scan-radius;retry=context-change excluded quest=6461;stage=Pickup;npc=12816;reason=outside-scan-radius;retry=context-change excluded quest=6462;stage=Pickup;npc=12721;reason=outside-scan-radius;retry=context-change excluded quest=6503;stage=Pickup;npc=12867;reason=outside-scan-radius;retry=context-change excluded quest=6541;stage=Pickup;npc=3429;reason=outside-scan-radius;retry=context-change excluded quest=6542;stage=Pickup;npc=11821;reason=outside-scan-radius;retry=context-change excluded quest=6543;stage=Pickup;npc=8582;reason=outside-scan-radius;retry=context-change excluded quest=6548;stage=TurnIn;npc=11857;reason=outside-scan-radius;retry=context-change excluded quest=742;stage=Pickup;npc=10881;reason=outside-scan-radius;retry=context-change excluded quest=747;stage=Objective;scope=Objective;objective=0;retry=2026-09-05T06:10:20.8040908Z;state=Quarantined. excluded quest=747;stage=Objective;scope=Objective;objective=1;retry=2026-09-05T06:10:20.8116023Z;state=Quarantined. excluded quest=7790;stage=Pickup;scope=QuestStage;retry=2026-09-05T06:10:20.8249148Z;state=Quarantined. excluded quest=843;stage=Pickup;npc=3341;reason=outside-scan-radius;retry=context-change excluded quest=8487;stage=TurnIn;npc=15402;reason=outside-scan-radius;retry=context-change excluded quest=851;stage=Pickup;npc=3389;reason=outside-scan-radius;retry=context-change excluded quest=858;stage=Pickup;npc=3439;reason=outside-scan-radius;retry=context-change excluded quest=865;stage=Pickup;npc=3446;reason=outside-scan-radius;retry=context-change excluded quest=867;stage=Objective;scope=Objective;objective=0;retry=2026-09-05T06:10:20.8137024Z;state=Quarantined. excluded quest=868;stage=Pickup;npc=3428;reason=outside-scan-radius;retry=context-change excluded quest=878;stage=Pickup;npc=3430;reason=outside-scan-radius;retry=context-change excluded quest=8889;stage=Objective;objective=0;reason=outside-scan-radius;retry=context-change. excluded quest=8889;stage=Objective;objective=1;reason=outside-scan-radius;retry=context-change. excluded quest=8889;stage=Objective;objective=2;reason=outside-scan-radius;retry=context-change. excluded quest=891;stage=Objective;objective=0;reason=outside-scan-radius;retry=context-change. excluded quest=891;stage=Objective;objective=1;reason=outside-scan-radius;retry=context-change. excluded quest=891;stage=Objective;objective=2;reason=outside-scan-radius;retry=context-change. excluded quest=891;stage=Objective;scope=Objective;objective=3;retry=2026-09-05T06:10:20.8169213Z;state=Quarantined. excluded quest=893;stage=Pickup;npc=3433;reason=outside-scan-radius;retry=context-change excluded quest=894;stage=TurnIn;npc=4141;reason=outside-scan-radius;retry=context-change excluded quest=896;stage=Objective;scope=Objective;objective=0;retry=2026-09-05T06:10:20.8197153Z;state=Quarantined. excluded quest=9067;stage=Objective;scope=Objective;objective=0;retry=2026-09-05T07:12:52.3802265Z;state=Quarantined. excluded quest=9151;stage=Pickup;npc=16199;reason=outside-scan-radius;retry=context-change excluded quest=9157;stage=TurnIn;npc=16201;reason=outside-scan-radius;retry=context-change excluded quest=9214;stage=Pickup;npc=16220;reason=outside-scan-radius;retry=context-change excluded quest=9218;stage=Pickup;npc=16205;reason=outside-scan-radius;retry=context-change excluded quest=9275;stage=Pickup;npc=16464;reason=outside-scan-radius;retry=context-change excluded quest=9276;stage=Pickup;npc=16463;reason=outside-scan-radius;retry=context-change excluded quest=9281;stage=Pickup;npc=16480;reason=outside-scan-radius;retry=context-change excluded quest=9388;stage=Pickup;scope=QuestStage;retry=2026-09-05T06:10:20.8314367Z;state=Quarantined. excluded quest=9389;stage=Pickup;scope=QuestStage;retry=2026-09-05T06:10:20.8315248Z;state=Quarantined. excluded quest=9425;stage=Pickup;npc=16287;reason=outside-scan-radius;retry=context-change excluded quest=9428;stage=Pickup;npc=17098;reason=outside-scan-radius;retry=context-change excluded quest=959;stage=Pickup;npc=3665;reason=outside-scan-radius;retry=context-change excluded quest=962;stage=Pickup;npc=3419;reason=outside-scan-radius;retry=context-change excluded quest=965;stage=Pickup;npc=3657;reason=outside-scan-radius;retry=context-change excluded quest=9749;stage=Pickup;scope=QuestStage;retry=2026-09-05T06:10:20.8275214Z;state=Quarantined. Expanding scan radius from 250 to 500 yards before fallback.
[11:27:57.213] [N] [Wholesome Auto Quest] Started with quest data loaded.
[11:27:57.277] [N] [SpellDb] Loaded 49816 spells from Spells.bin
[11:27:57.318] [D] Setting CVars: autoSelfCast=1, autoLootDefault=1
[11:27:57.385] [D] Cleared POI
[11:27:57.392] [D] Refresh() called. LastCount=0, CurrentCount=33
[11:27:57.392] [N] Building spell book
[11:27:57.393] [D] Found 33 spells from LocalPlayer.KnownSpells
[11:27:57.393] [N] Adding Arcane Affinity
[11:27:57.393] [N] Adding Arcane Torrent
[11:27:57.394] [N] Adding Auto Attack
[11:27:57.394] [N] Adding Block
[11:27:57.395] [N] Adding Dodge
[11:27:57.395] [N] Adding Magic Resistance
[11:27:57.395] [N] Adding Parry
[11:27:57.396] [N] Adding Blessing of Wisdom
[11:27:57.396] [N] Adding Concentration Aura
[11:27:57.397] [N] Adding Consecration
[11:27:57.397] [N] Adding Exorcism
[11:27:57.398] [N] Adding Flash of Light
[11:27:57.398] [N] Adding Holy Light
[11:27:57.398] [N] Adding Lay on Hands
[11:27:57.399] [N] Adding Purify
[11:27:57.399] [N] Adding Seal of Righteousness
[11:27:57.400] [N] Adding Sense Undead
[11:27:57.400] [N] Adding Turn Evil
[11:27:57.401] [N] Adding Blessing of Kings
[11:27:57.401] [N] Adding Devotion Aura
[11:27:57.401] [N] Adding Divine Protection
[11:27:57.402] [N] Adding Hammer of Justice
[11:27:57.402] [N] Adding Hand of Freedom
[11:27:57.403] [N] Adding Hand of Protection
[11:27:57.403] [N] Adding Hand of Reckoning
[11:27:57.404] [N] Adding Righteous Defense
[11:27:57.404] [N] Adding Righteous Fury
[11:27:57.404] [N] Adding Seal of Justice
[11:27:57.405] [N] Adding Blessing of Might
[11:27:57.405] [N] Adding Judgement of Light
[11:27:57.406] [N] Adding Judgement of Wisdom
[11:27:57.406] [N] Adding Retribution Aura
[11:27:57.412] [N] Adding Seal of Command
[11:27:57.413] [N] Spell book built
[11:27:57.413] [D] [SpellManager] Initialize — subscribed to BotEvents.OnBotStart
[11:27:57.941] [D] [Talented] SelectMajorTalentTree called but not needed in WotLK 3.3.5a
[11:27:58.382] [D] [WholesomeAQ] Quest chain correction: ancestor=1062; descendant=1063.
[11:27:58.382] [D] [WholesomeAQ] Quest chain correction: ancestor=1062; descendant=1068.
[11:27:58.404] [N] Loaded 0 global blackspots
[11:27:58.419] [N] Loading 1_31_32
[11:27:58.423] [N] Loading 1_31_33
[11:27:58.424] [N] Loading 1_31_34
[11:27:58.427] [N] Loading 1_32_32
[11:27:58.430] [N] Loading 1_32_33
[11:27:58.432] [N] Loading 1_32_34
[11:27:58.433] [N] Loading 1_33_32
[11:27:58.435] [N] Loading 1_33_33
[11:27:58.437] [N] Loading 1_33_34
[11:27:58.440] [D] [Blackspot] Area cost initialized: area 17 = 60x
[11:27:58.463] [N] Loading 1_31_31
[11:27:58.465] [N] Loading 1_32_31
[11:27:58.468] [N] Loading 1_33_31
[11:27:58.479] [D] Loading profile from D:\World of Warcraft 3.3.5a\CB\Bots\WholesomeAutoQuest\WHOLESOME_AUTOQUESTER.xml
[11:27:58.486] [N] Profile loaded: WholesomeAQ - Stonetalon Mountains
[11:27:58.511] [D] Selected sub-profile: WholesomeAQ - Stonetalon Mountains (L1-80)
[11:27:58.511] [N] [Wholesome Auto Quest] Profile refreshed - Selected 2 quest work candidate(s). selected quest=6548;stage=TurnIn;state=Eligible. selected quest=6542;stage=Pickup;state=Eligible. excluded quest=104;stage=Pickup;npc=392;reason=outside-scan-radius;retry=context-change excluded quest=1062;stage=AncestorCorrection;objective=0;reason=outside-scan-radius;retry=context-change. excluded quest=1069;stage=Pickup;npc=3446;reason=outside-scan-radius;retry=context-change excluded quest=1087;stage=Pickup;npc=4198;reason=outside-scan-radius;retry=context-change excluded quest=1093;stage=Pickup;npc=4201;reason=outside-scan-radius;retry=context-change excluded quest=11127;stage=Pickup;scope=QuestStage;retry=2026-09-05T06:10:20.8287986Z;state=Quarantined. excluded quest=118;stage=Pickup;npc=415;reason=outside-scan-radius;retry=context-change excluded quest=1195;stage=Pickup;npc=4721;reason=outside-scan-radius;retry=context-change excluded quest=14106;stage=Pickup;scope=QuestStage;retry=2026-09-05T06:10:20.8250193Z;state=Quarantined. excluded quest=1483;stage=Pickup;npc=3442;reason=outside-scan-radius;retry=context-change excluded quest=152;stage=Pickup;npc=392;reason=outside-scan-radius;retry=context-change excluded quest=2098;stage=Pickup;npc=6667;reason=outside-scan-radius;retry=context-change excluded quest=216;stage=Pickup;npc=12757;reason=outside-scan-radius;retry=context-change excluded quest=235;stage=Pickup;npc=10880;reason=outside-scan-radius;retry=context-change excluded quest=3281;stage=TurnIn;npc=3464;reason=outside-scan-radius;retry=context-change excluded quest=4542;stage=Pickup;npc=10079;reason=outside-scan-radius;retry=context-change excluded quest=470;stage=Pickup;npc=2111;reason=outside-scan-radius;retry=context-change excluded quest=472;stage=Pickup;npc=2097;reason=outside-scan-radius;retry=context-change excluded quest=4740;stage=Pickup;npc=175320;reason=outside-scan-radius;retry=context-change excluded quest=4921;stage=Objective;objective=0;reason=outside-scan-radius;retry=context-change. excluded quest=493;stage=Pickup;npc=1937;reason=outside-scan-radius;retry=context-change excluded quest=494;stage=Pickup;npc=2214;reason=outside-scan-radius;retry=context-change excluded quest=496;stage=Pickup;npc=2216;reason=outside-scan-radius;retry=context-change excluded quest=498;stage=Pickup;npc=2229;reason=outside-scan-radius;retry=context-change excluded quest=501;stage=Pickup;npc=2216;reason=outside-scan-radius;retry=context-change excluded quest=516;stage=Pickup;npc=2121;reason=outside-scan-radius;retry=context-change excluded quest=527;stage=Pickup;npc=2215;reason=outside-scan-radius;retry=context-change excluded quest=546;stage=Pickup;npc=2418;reason=outside-scan-radius;retry=context-change excluded quest=549;stage=Pickup;npc=1763;reason=outside-scan-radius;retry=context-change excluded quest=6301;stage=Pickup;npc=11864;reason=outside-scan-radius;retry=context-change excluded quest=6382;stage=Pickup;npc=3387;reason=outside-scan-radius;retry=context-change excluded quest=6383;stage=Pickup;npc=12696;reason=outside-scan-radius;retry=context-change excluded quest=6393;stage=Pickup;npc=11862;reason=outside-scan-radius;retry=context-change excluded quest=6442;stage=Pickup;npc=12719;reason=outside-scan-radius;retry=context-change excluded quest=6461;stage=Pickup;npc=12816;reason=outside-scan-radius;retry=context-change excluded quest=6462;stage=Pickup;npc=12721;reason=outside-scan-radius;retry=context-change excluded quest=6503;stage=Pickup;npc=12867;reason=outside-scan-radius;retry=context-change excluded quest=6541;stage=Pickup;npc=3429;reason=outside-scan-radius;retry=context-change excluded quest=6543;stage=Pickup;npc=8582;reason=outside-scan-radius;retry=context-change excluded quest=742;stage=Pickup;npc=10881;reason=outside-scan-radius;retry=context-change excluded quest=747;stage=Objective;scope=Objective;objective=0;retry=2026-09-05T06:10:20.8040908Z;state=Quarantined. excluded quest=747;stage=Objective;scope=Objective;objective=1;retry=2026-09-05T06:10:20.8116023Z;state=Quarantined. excluded quest=7790;stage=Pickup;scope=QuestStage;retry=2026-09-05T06:10:20.8249148Z;state=Quarantined. excluded quest=843;stage=Pickup;npc=3341;reason=outside-scan-radius;retry=context-change excluded quest=8487;stage=TurnIn;npc=15402;reason=outside-scan-radius;retry=context-change excluded quest=851;stage=Pickup;npc=3389;reason=outside-scan-radius;retry=context-change excluded quest=858;stage=Pickup;npc=3439;reason=outside-scan-radius;retry=context-change excluded quest=865;stage=Pickup;npc=3446;reason=outside-scan-radius;retry=context-change excluded quest=867;stage=Objective;scope=Objective;objective=0;retry=2026-09-05T06:10:20.8137024Z;state=Quarantined. excluded quest=868;stage=Pickup;npc=3428;reason=outside-scan-radius;retry=context-change excluded quest=878;stage=Pickup;npc=3430;reason=outside-scan-radius;retry=context-change excluded quest=8889;stage=Objective;objective=0;reason=outside-scan-radius;retry=context-change. excluded quest=8889;stage=Objective;objective=1;reason=outside-scan-radius;retry=context-change. excluded quest=8889;stage=Objective;objective=2;reason=outside-scan-radius;retry=context-change. excluded quest=891;stage=Objective;objective=0;reason=outside-scan-radius;retry=context-change. excluded quest=891;stage=Objective;objective=1;reason=outside-scan-radius;retry=context-change. excluded quest=891;stage=Objective;objective=2;reason=outside-scan-radius;retry=context-change. excluded quest=891;stage=Objective;scope=Objective;objective=3;retry=2026-09-05T06:10:20.8169213Z;state=Quarantined. excluded quest=893;stage=Pickup;npc=3433;reason=outside-scan-radius;retry=context-change excluded quest=894;stage=TurnIn;npc=4141;reason=outside-scan-radius;retry=context-change excluded quest=896;stage=Objective;scope=Objective;objective=0;retry=2026-09-05T06:10:20.8197153Z;state=Quarantined. excluded quest=9067;stage=Objective;scope=Objective;objective=0;retry=2026-09-05T07:12:52.3802265Z;state=Quarantined. excluded quest=9151;stage=Pickup;npc=16199;reason=outside-scan-radius;retry=context-change excluded quest=9157;stage=TurnIn;npc=16201;reason=outside-scan-radius;retry=context-change excluded quest=9214;stage=Pickup;npc=16220;reason=outside-scan-radius;retry=context-change excluded quest=9218;stage=Pickup;npc=16205;reason=outside-scan-radius;retry=context-change excluded quest=9275;stage=Pickup;npc=16464;reason=outside-scan-radius;retry=context-change excluded quest=9276;stage=Pickup;npc=16463;reason=outside-scan-radius;retry=context-change excluded quest=9281;stage=Pickup;npc=16480;reason=outside-scan-radius;retry=context-change excluded quest=9388;stage=Pickup;scope=QuestStage;retry=2026-09-05T06:10:20.8314367Z;state=Quarantined. excluded quest=9389;stage=Pickup;scope=QuestStage;retry=2026-09-05T06:10:20.8315248Z;state=Quarantined. excluded quest=9425;stage=Pickup;npc=16287;reason=outside-scan-radius;retry=context-change excluded quest=9428;stage=Pickup;npc=17098;reason=outside-scan-radius;retry=context-change excluded quest=959;stage=Pickup;npc=3665;reason=outside-scan-radius;retry=context-change excluded quest=962;stage=Pickup;npc=3419;reason=outside-scan-radius;retry=context-change excluded quest=965;stage=Pickup;npc=3657;reason=outside-scan-radius;retry=context-change excluded quest=9749;stage=Pickup;scope=QuestStage;retry=2026-09-05T06:10:20.8275214Z;state=Quarantined.
[11:27:58.951] [N] [Singular] Casting Blessing of Kings on Myself
[11:27:58.951] [D] Spell_C::CastSpell(20217, 0, 0x6000000007EAB80, 0)
[11:27:59.556] [N] [Database] Data.bin loaded successfully
[11:27:59.582] [N] Loading 1_32_35
[11:27:59.584] [N] Loading 1_32_36
[11:27:59.586] [N] Loading 1_33_35
[11:27:59.589] [N] Loading 1_33_36
[11:27:59.592] [N] Loading 1_34_34
[11:27:59.594] [N] Loading 1_34_35
[11:27:59.595] [N] Loading 1_34_36
[11:27:59.627] [N] Loading 1_33_30
[11:27:59.629] [N] Loading 1_34_30
[11:27:59.631] [N] Loading 1_34_31
[11:27:59.634] [N] Loading 1_34_32
[11:27:59.637] [N] Loading 1_35_30
[11:27:59.639] [N] Loading 1_35_31
[11:27:59.640] [N] Loading 1_35_32
[11:28:00.746] [N] Loading 1_32_30
[11:28:00.746] [N] Loading 1_31_30
[11:28:00.746] [N] Loading 1_31_35
[11:28:00.746] [N] Loading 1_30_31
[11:28:00.746] [N] Loading 1_30_30
[11:28:00.746] [N] Loading 1_30_34
[11:28:00.746] [N] Loading 1_30_35
[11:28:00.746] [N] Loading 1_31_36
[11:28:00.746] [N] Loading 1_35_34
[11:28:00.746] [N] Loading 1_30_33
[11:28:00.746] [N] Loading 1_30_32
[11:28:00.746] [N] Loading 1_35_35
[11:28:00.746] [N] Loading 1_29_31
[11:28:00.746] [N] Loading 1_29_30
[11:28:00.746] [N] Loading 1_29_32
[11:28:00.746] [N] Loading 1_30_36
[11:28:00.746] [N] Loading 1_35_36
[11:28:00.746] [N] Loading 1_29_34
[11:28:00.746] [N] Loading 1_32_37
[11:28:00.746] [N] Loading 1_30_29
[11:28:00.746] [N] Loading 1_33_37
[11:28:00.746] [N] Loading 1_36_35
[11:28:00.746] [N] Loading 1_34_37
[11:28:00.746] [N] Loading 1_29_35
[11:28:00.746] [N] Loading 1_31_37
[11:28:00.746] [N] Loading 1_29_29
[11:28:00.746] [N] Loading 1_36_34
[11:28:00.746] [N] Loading 1_29_33
[11:28:00.746] [N] Loading 1_28_31
[11:28:00.746] [N] Loading 1_36_36
[11:28:00.746] [N] Loading 1_31_29
[11:28:00.746] [N] Loading 1_28_32
[11:28:00.746] [N] Loading 1_35_37
[11:28:00.746] [N] Loading 1_29_36
[11:28:00.746] [N] Loading 1_28_30
[11:28:00.746] [N] Loading 1_30_37
[11:28:00.746] [N] Loading 1_36_33
[11:28:00.746] [N] Loading 1_33_38
[11:28:00.746] [N] Loading 1_37_35
[11:28:00.746] [N] Loading 1_35_33
[11:28:00.746] [N] Loading 1_32_38
[11:28:00.746] [N] Loading 1_37_34
[11:28:00.746] [N] Loading 1_28_33
[11:28:00.746] [N] Loading 1_28_29
[11:28:00.746] [N] Loading 1_37_33
[11:28:00.746] [N] Loading 1_30_28
[11:28:00.746] [N] Loading 1_31_38
[11:28:00.746] [N] Loading 1_31_28
[11:28:00.746] [N] Loading 1_36_37
[11:28:00.746] [N] Loading 1_34_38
[11:28:00.746] [N] Loading 1_36_32
[11:28:00.746] [N] Loading 1_37_36
[11:28:00.746] [N] Loading 1_34_33
[11:28:00.746] [N] Loading 1_29_37
[11:28:00.746] [N] Loading 1_37_32
[11:28:00.746] [N] Loading 1_29_28
[11:28:00.746] [N] Loading 1_35_38
[11:28:00.746] [N] Loading 1_28_36
[11:28:00.746] [N] Loading 1_28_35
[11:28:00.746] [N] Loading 1_30_38
[11:28:00.746] [N] Loading 1_36_31
[11:28:00.746] [N] Loading 1_27_30
[11:28:00.746] [N] Loading 1_32_28
[11:28:00.746] [N] Loading 1_33_39
[11:28:00.746] [N] Loading 1_38_35
[11:28:00.746] [N] Loading 1_34_39
[11:28:00.746] [N] Loading 1_37_31
[11:28:00.746] [N] Loading 1_32_39
[11:28:00.746] [N] Loading 1_37_37
[11:28:00.746] [N] Loading 1_32_29
[11:28:00.746] [N] Loading 1_28_37
[11:28:00.746] [N] Loading 1_38_36
[11:28:00.746] [N] Loading 1_27_29
[11:28:00.746] [N] Loading 1_31_39
[11:28:00.746] [N] Loading 1_36_38
[11:28:00.746] [N] Loading 1_28_34
[11:28:00.746] [N] Loading 1_29_38
[11:28:00.746] [N] Loading 1_31_27
[11:28:00.746] [N] Loading 1_33_29
[11:28:00.746] [N] Loading 1_38_34
[11:28:00.746] [N] Loading 1_33_28
[11:28:00.746] [N] Loading 1_27_33
[11:28:00.746] [N] Loading 1_27_32
[11:28:00.746] [N] Loading 1_27_36
[11:28:00.746] [N] Loading 1_27_35
[11:28:00.746] [N] Loading 1_36_30
[11:28:00.746] [N] Loading 1_30_39
[11:28:00.746] [N] Loading 1_35_39
[11:28:00.746] [N] Loading 1_32_27
[11:28:00.746] [N] Loading 1_27_34
[11:28:00.746] [N] Loading 1_34_29
[11:28:00.746] [N] Loading 1_39_35
[11:28:00.746] [N] Loading 1_38_37
[11:28:00.746] [N] Loading 1_34_28
[11:28:00.746] [N] Loading 1_33_27
[11:28:00.746] [N] Loading 1_27_37
[11:28:00.746] [N] Loading 1_39_36
[11:28:00.746] [N] Loading 1_28_38
[11:28:00.746] [N] Loading 1_38_31
[11:28:00.746] [N] Loading 1_31_40
[11:28:00.746] [N] Loading 1_36_39
[11:28:00.746] [N] Loading 1_29_39
[11:28:00.746] [N] Loading 1_39_34
[11:28:00.746] [N] Loading 1_38_32
[11:28:00.746] [N] Loading 1_32_40
[11:28:00.746] [N] Loading 1_26_29
[11:28:00.746] [N] Loading 1_27_28
[11:28:00.746] [N] Loading 1_27_31
[11:28:00.746] [N] Loading 1_30_40
[11:28:00.746] [N] Loading 1_35_29
[11:28:00.746] [N] Loading 1_34_40
[11:28:00.746] [N] Loading 1_26_35
[11:28:00.746] [N] Loading 1_34_27
[11:28:00.746] [N] Loading 1_28_28
[11:28:00.746] [N] Loading 1_26_34
[11:28:00.746] [N] Loading 1_35_28
[11:28:00.746] [N] Loading 1_33_40
[11:28:00.746] [N] Loading 1_26_33
[11:28:00.746] [N] Loading 1_26_32
[11:28:00.746] [N] Loading 1_26_30
[11:28:00.746] [N] Loading 1_39_37
[11:28:00.746] [N] Loading 1_35_40
[11:28:00.746] [N] Loading 1_26_28
[11:28:00.746] [N] Loading 1_40_35
[11:28:00.746] [N] Loading 1_26_36
[11:28:00.746] [N] Loading 1_37_38
[11:28:00.746] [N] Loading 1_27_38
[11:28:00.746] [N] Loading 1_32_26
[11:28:00.746] [N] Loading 1_33_26
[11:28:00.746] [N] Loading 1_28_39
[11:28:00.746] [N] Loading 1_40_36
[11:28:00.746] [N] Loading 1_26_37
[11:28:00.746] [N] Loading 1_31_41
[11:28:00.746] [N] Loading 1_38_33
[11:28:00.746] [N] Loading 1_26_31
[11:28:00.746] [N] Loading 1_35_27
[11:28:00.746] [N] Loading 1_29_40
[11:28:00.746] [N] Loading 1_37_39
[11:28:00.746] [N] Loading 1_32_41
[11:28:00.746] [N] Loading 1_36_29
[11:28:00.746] [N] Loading 1_30_41
[11:28:00.746] [N] Loading 1_36_40
[11:28:00.746] [N] Loading 1_36_28
[11:28:00.746] [N] Loading 1_40_34
[11:28:00.746] [N] Loading 1_38_38
[11:28:00.746] [N] Loading 1_34_26
[11:28:00.746] [N] Loading 1_25_35
[11:28:00.746] [N] Loading 1_26_38
[11:28:00.746] [N] Loading 1_39_38
[11:28:00.746] [N] Loading 1_33_41
[11:28:00.746] [N] Loading 1_31_26
[11:28:00.746] [N] Loading 1_40_37
[11:28:00.746] [N] Loading 1_41_35
[11:28:00.746] [N] Loading 1_25_34
[11:28:00.746] [N] Loading 1_25_33
[11:28:00.746] [N] Loading 1_35_26
[11:28:00.746] [N] Loading 1_27_27
[11:28:00.746] [N] Loading 1_25_32
[11:28:00.746] [N] Loading 1_25_31
[11:28:00.746] [N] Loading 1_36_27
[11:28:00.746] [N] Loading 1_27_39
[11:28:00.746] [N] Loading 1_37_40
[11:28:00.746] [N] Loading 1_41_36
[11:28:00.746] [N] Loading 1_38_39
[11:28:00.746] [N] Loading 1_28_40
[11:28:00.746] [N] Loading 1_31_42
[11:28:00.746] [N] Loading 1_29_41
[11:28:00.746] [N] Loading 1_35_41
[11:28:00.746] [N] Loading 1_34_41
[11:28:00.746] [N] Loading 1_32_42
[11:28:00.746] [N] Loading 1_40_38
[11:28:00.746] [N] Loading 1_36_26
[11:28:00.746] [N] Loading 1_24_34
[11:28:00.746] [N] Loading 1_25_37
[11:28:00.746] [N] Loading 1_24_35
[11:28:00.746] [N] Loading 1_26_39
[11:28:00.746] [N] Loading 1_33_25
[11:28:00.746] [N] Loading 1_25_38
[11:28:00.746] [N] Loading 1_32_25
[11:28:00.746] [N] Loading 1_30_42
[11:28:00.746] [N] Loading 1_25_30
[11:28:00.746] [N] Loading 1_39_39
[11:28:00.746] [N] Loading 1_30_27
[11:28:00.746] [N] Loading 1_33_42
[11:28:00.746] [N] Loading 1_28_41
[11:28:00.746] [N] Loading 1_38_40
[11:28:00.746] [N] Loading 1_41_37
[11:28:00.746] [N] Loading 1_36_41
[11:28:00.746] [N] Loading 1_37_27
[11:28:00.746] [N] Loading 1_24_32
[11:28:00.746] [N] Loading 1_29_42
[11:28:00.746] [N] Loading 1_24_33
[11:28:00.746] [N] Loading 1_31_25
[11:28:00.746] [N] Loading 1_35_25
[11:28:00.746] [N] Loading 1_30_26
[11:28:00.746] [N] Loading 1_37_28
[11:28:00.746] [N] Loading 1_41_38
[11:28:00.746] [N] Loading 1_34_42
[11:28:00.746] [N] Loading 1_25_39
[11:28:00.746] [N] Loading 1_27_40
[11:28:00.746] [N] Loading 1_40_39
[11:28:00.746] [N] Loading 1_34_25
[11:28:00.746] [N] Loading 1_24_31
[11:28:00.746] [N] Loading 1_39_40
[11:28:00.746] [N] Loading 1_37_41
[11:28:00.746] [N] Loading 1_26_40
[11:28:00.746] [N] Loading 1_24_30
[11:28:00.746] [N] Loading 1_36_25
[11:28:00.746] [N] Loading 1_23_34
[11:28:00.746] [N] Loading 1_23_33
[11:28:00.746] [N] Loading 1_37_29
[11:28:00.746] [N] Loading 1_41_34
[11:28:00.746] [N] Loading 1_37_26
[11:28:00.746] [N] Loading 1_27_41
[11:28:00.746] [N] Loading 1_25_29
[11:28:00.746] [N] Loading 1_38_27
[11:28:00.746] [N] Loading 1_38_28
[11:28:00.746] [N] Loading 1_31_43
[11:28:00.746] [N] Loading 1_35_42
[11:28:00.746] [N] Loading 1_42_35
[11:28:00.746] [N] Loading 1_32_43
[11:28:00.746] [N] Loading 1_30_25
[11:28:00.746] [N] Loading 1_41_39
[11:28:00.746] [N] Loading 1_28_42
[11:28:00.746] [N] Loading 1_42_34
[11:28:00.746] [N] Loading 1_25_40
[11:28:00.746] [N] Loading 1_38_41
[11:28:00.746] [N] Loading 1_24_29
[11:28:00.746] [N] Loading 1_33_43
[11:28:00.746] [N] Loading 1_23_32
[11:28:00.746] [N] Loading 1_30_43
[11:28:00.746] [N] Loading 1_40_33
[11:28:00.746] [N] Loading 1_39_41
[11:28:00.746] [N] Loading 1_41_33
[11:28:00.746] [N] Loading 1_33_24
[11:28:00.746] [N] Loading 1_29_27
[11:28:00.746] [N] Loading 1_38_26
[11:28:00.746] [N] Loading 1_23_31
[11:28:00.746] [N] Loading 1_39_33
[11:28:00.746] [N] Loading 1_34_43
[11:28:00.746] [N] Loading 1_42_36
[11:28:00.746] [N] Loading 1_36_42
[11:28:00.746] [N] Loading 1_40_40
[11:28:00.746] [N] Loading 1_22_33
[11:28:00.746] [N] Loading 1_26_41
[11:28:00.746] [N] Loading 1_29_26
[11:28:00.746] [N] Loading 1_35_24
[11:28:00.746] [N] Loading 1_34_24
[11:28:00.746] [N] Loading 1_29_43
[11:28:00.746] [N] Loading 1_39_32
[11:28:00.746] [N] Loading 1_40_32
[11:28:00.746] [N] Loading 1_23_30
[11:28:00.746] [N] Loading 1_39_28
[11:28:00.746] [N] Loading 1_39_27
[11:28:00.746] [N] Loading 1_24_39
[11:28:00.746] [N] Loading 1_36_24
[11:28:00.746] [N] Loading 1_24_40
[11:28:00.746] [N] Loading 1_22_32
[11:28:00.746] [N] Loading 1_25_28
[11:28:00.746] [N] Loading 1_23_29
[11:28:00.746] [N] Loading 1_25_41
[11:28:00.746] [N] Loading 1_27_42
[11:28:00.746] [N] Loading 1_37_25
[11:28:00.746] [N] Loading 1_35_43
[11:28:00.746] [N] Loading 1_40_41
[11:28:00.746] [N] Loading 1_37_42
[11:28:00.746] [N] Loading 1_39_31
[11:28:00.746] [N] Loading 1_42_37
[11:28:00.746] [N] Loading 1_40_31
[11:28:00.746] [N] Loading 1_29_25
[11:28:00.746] [N] Loading 1_24_28
[11:28:00.746] [N] Loading 1_22_31
[11:28:00.746] [N] Loading 1_39_29
[11:28:00.746] [N] Loading 1_28_43
[11:28:00.746] [N] Loading 1_43_36
[11:28:00.746] [N] Loading 1_41_32
[11:28:00.746] [N] Loading 1_31_44
[11:28:00.746] [N] Loading 1_21_33
[11:28:00.746] [N] Loading 1_24_41
[11:28:00.746] [N] Loading 1_32_44
[11:28:00.746] [N] Loading 1_26_42
[11:28:00.746] [N] Loading 1_40_28
[11:28:00.746] [N] Loading 1_21_32
[11:28:00.746] [N] Loading 1_22_30
[11:28:00.746] [N] Loading 1_38_42
[11:28:00.746] [N] Loading 1_40_27
[11:28:00.746] [N] Loading 1_28_27
[11:28:00.746] [N] Loading 1_33_44
[11:28:00.746] [N] Loading 1_30_44
[11:28:00.746] [N] Loading 1_37_24
[11:28:00.746] [N] Loading 1_39_42
[11:28:00.746] [N] Loading 1_39_30
[11:28:00.746] [N] Loading 1_23_28
[11:28:00.746] [N] Loading 1_40_30
[11:28:00.746] [N] Loading 1_41_31
[11:28:00.746] [N] Loading 1_22_34
[11:28:00.746] [N] Loading 1_21_34
[11:28:00.746] [N] Loading 1_34_44
[11:28:00.746] [N] Loading 1_25_42
[11:28:00.746] [N] Loading 1_36_43
[11:28:00.782] [D] Compiling expression 'HasQuest(6548)'
[11:28:00.792] [D] [If] Condition is true, executing If body
[11:28:00.802] [N] [TurnIn] Turning in Avenge My Village
[11:28:00.802] [D] Goal: Turning in Avenge My Village
[11:28:00.804] [D] Changed POI to: Type: QuestTurnIn, Name: Makaba Flathoof, Guid: 0, Entry: 11857, Location: (-263.00, -943.00, 12.44)
[11:28:01.331] [N] [Singular] Casting Seal of Righteousness on Myself
[11:28:01.331] [D] Spell_C::CastSpell(21084, 0, 0x6000000007EAB80, 0)
[11:28:02.180] [N] Moving to Type: QuestTurnIn, Name: Makaba Flathoof, Guid: 0, Entry: 11857, Location: (-263.00, -943.00, 12.44)
[11:28:02.449] [N] Mounting: 35022
[11:28:04.612] [D] [MeshNavigator] Skipped 2 path nodes
[11:28:24.041] [N] Loading 1_42_38
[11:28:32.119] [N] Loading 1_27_43
[11:28:33.878] [N] Loading 1_29_44
[11:28:35.628] [N] Moving to Type: QuestTurnIn, Name: Makaba Flathoof, Guid: 0, Entry: 11857, Location: (-263.00, -943.00, 12.41)
[11:28:49.005] [D] [CloseFrames] GossipFrame: False, QuestFrame: False
[11:28:49.005] [D] [CloseFrames] No frames open, returning Success
[11:28:49.106] [D] [InteractWithNpc] GossipFrame: False, QuestFrame: False
[11:28:49.106] [D] [InteractWithNpc] Interacting...
[11:28:49.106] [D] [Interact] Interacting with object at 0x2ED551E8
[11:28:49.140] [D] [Interact] Done interacting with object at 0x2ED551E8
[11:28:49.544] [D] [Singular-DEBUG] Switched targets!
[11:28:49.545] [D] [Singular-DEBUG] Melee Distance: 6.8833337
[11:28:49.545] [D] [Singular-DEBUG] Health: 100
[11:28:49.545] [D] [Singular-DEBUG] Level: 25
[11:28:49.947] [D] [InteractWithNpc] GossipFrame: False, QuestFrame: True
[11:28:49.947] [D] [InteractWithNpc] Frame already open, returning Success
[11:28:50.251] [D] [IsGossipOrQuestListVisible] GossipFrame: False, QuestTitleButton1: False => False
[11:28:50.286] [D] [IsQuestFrameVisible] QuestFrame.IsVisible: True
[11:28:50.319] [D] [IsCompleteButtonVisible] QuestFrameCompleteButton.IsVisible: False
[11:28:50.320] [D] [HasRewardChoice] CurrentShownQuestId: 6548, Quest found: True
[11:28:50.353] [D] [HasRewardChoice] No cache rewards, Lua GetNumQuestChoices: 0
[11:28:50.388] [D] [CompleteQuest] QuestFrame.IsVisible: True, CurrentShownQuestId: 6548, Expected: 6548
[11:28:50.388] [D] [CompleteQuest] CompleteQuest attempt 1/5
[11:28:50.957] [D] [CompleteQuest] After CompleteQuest - QuestFrame.IsVisible: True
[11:28:51.602] [N] [Wholesome Auto Quest] Turned in 1 quest(s): 6548 — triggering rescan
[11:28:51.602] [N] [Wholesome Auto Quest] A quest turn-in completed; queuing one scheduler rebuild.
[11:28:51.635] [D] [CompleteQuest] QuestFrame.IsVisible: True, CurrentShownQuestId: 6629, Expected: 6548
[11:28:51.635] [D] [CompleteQuest] Conditions not met, returning Success
[11:28:51.704] [D] [CloseFrames] GossipFrame: False, QuestFrame: True
[11:28:51.704] [D] [CloseFrames] Closing frames...
[11:28:52.585] [D] [WholesomeAQ] Quest chain correction: ancestor=1062; descendant=1063.
[11:28:52.585] [D] [WholesomeAQ] Quest chain correction: ancestor=1062; descendant=1068.
[11:28:52.592] [D] Loading profile from D:\World of Warcraft 3.3.5a\CB\Bots\WholesomeAutoQuest\WHOLESOME_AUTOQUESTER.xml
[11:28:52.598] [N] Profile loaded: WholesomeAQ - The Barrens
[11:28:52.615] [D] Selected sub-profile: WholesomeAQ - The Barrens (L1-80)
[11:28:52.615] [N] [Wholesome Auto Quest] Profile refreshed - Selected 1 quest work candidate(s). selected quest=6548;stage=Pickup;state=Eligible. excluded quest=104;stage=Pickup;npc=392;reason=outside-scan-radius;retry=context-change excluded quest=1062;stage=AncestorCorrection;objective=0;reason=outside-scan-radius;retry=context-change. excluded quest=1069;stage=Pickup;npc=3446;reason=outside-scan-radius;retry=context-change excluded quest=1087;stage=Pickup;npc=4198;reason=outside-scan-radius;retry=context-change excluded quest=1093;stage=Pickup;npc=4201;reason=outside-scan-radius;retry=context-change excluded quest=11127;stage=Pickup;scope=QuestStage;retry=2026-09-05T06:10:20.8287986Z;state=Quarantined. excluded quest=118;stage=Pickup;npc=415;reason=outside-scan-radius;retry=context-change excluded quest=1195;stage=Pickup;npc=4721;reason=outside-scan-radius;retry=context-change excluded quest=14106;stage=Pickup;scope=QuestStage;retry=2026-09-05T06:10:20.8250193Z;state=Quarantined. excluded quest=1483;stage=Pickup;npc=3442;reason=outside-scan-radius;retry=context-change excluded quest=152;stage=Pickup;npc=392;reason=outside-scan-radius;retry=context-change excluded quest=2098;stage=Pickup;npc=6667;reason=outside-scan-radius;retry=context-change excluded quest=216;stage=Pickup;npc=12757;reason=outside-scan-radius;retry=context-change excluded quest=235;stage=Pickup;npc=10880;reason=outside-scan-radius;retry=context-change excluded quest=3281;stage=TurnIn;npc=3464;reason=outside-scan-radius;retry=context-change excluded quest=4542;stage=Pickup;npc=10079;reason=outside-scan-radius;retry=context-change excluded quest=470;stage=Pickup;npc=2111;reason=outside-scan-radius;retry=context-change excluded quest=472;stage=Pickup;npc=2097;reason=outside-scan-radius;retry=context-change excluded quest=4740;stage=Pickup;npc=175320;reason=outside-scan-radius;retry=context-change excluded quest=4921;stage=Objective;objective=0;reason=outside-scan-radius;retry=context-change. excluded quest=493;stage=Pickup;npc=1937;reason=outside-scan-radius;retry=context-change excluded quest=494;stage=Pickup;npc=2214;reason=outside-scan-radius;retry=context-change excluded quest=496;stage=Pickup;npc=2216;reason=outside-scan-radius;retry=context-change excluded quest=498;stage=Pickup;npc=2229;reason=outside-scan-radius;retry=context-change excluded quest=501;stage=Pickup;npc=2216;reason=outside-scan-radius;retry=context-change excluded quest=516;stage=Pickup;npc=2121;reason=outside-scan-radius;retry=context-change excluded quest=527;stage=Pickup;npc=2215;reason=outside-scan-radius;retry=context-change excluded quest=546;stage=Pickup;npc=2418;reason=outside-scan-radius;retry=context-change excluded quest=549;stage=Pickup;npc=1763;reason=outside-scan-radius;retry=context-change excluded quest=6301;stage=Pickup;npc=11864;reason=outside-scan-radius;retry=context-change excluded quest=6382;stage=Pickup;npc=3387;reason=outside-scan-radius;retry=context-change excluded quest=6383;stage=Pickup;npc=12696;reason=outside-scan-radius;retry=context-change excluded quest=6393;stage=Pickup;npc=11862;reason=outside-scan-radius;retry=context-change excluded quest=6442;stage=Pickup;npc=12719;reason=outside-scan-radius;retry=context-change excluded quest=6461;stage=Pickup;npc=12816;reason=outside-scan-radius;retry=context-change excluded quest=6462;stage=Pickup;npc=12721;reason=outside-scan-radius;retry=context-change excluded quest=6503;stage=Pickup;npc=12867;reason=outside-scan-radius;retry=context-change excluded quest=6541;stage=Pickup;npc=3429;reason=outside-scan-radius;retry=context-change excluded quest=6542;stage=Pickup;npc=11821;reason=outside-scan-radius;retry=context-change excluded quest=6543;stage=Pickup;npc=8582;reason=outside-scan-radius;retry=context-change excluded quest=742;stage=Pickup;npc=10881;reason=outside-scan-radius;retry=context-change excluded quest=747;stage=Objective;scope=Objective;objective=0;retry=2026-09-05T06:10:20.8040908Z;state=Quarantined. excluded quest=747;stage=Objective;scope=Objective;objective=1;retry=2026-09-05T06:10:20.8116023Z;state=Quarantined. excluded quest=7790;stage=Pickup;scope=QuestStage;retry=2026-09-05T06:10:20.8249148Z;state=Quarantined. excluded quest=843;stage=Pickup;npc=3341;reason=outside-scan-radius;retry=context-change excluded quest=8487;stage=TurnIn;npc=15402;reason=outside-scan-radius;retry=context-change excluded quest=851;stage=Pickup;npc=3389;reason=outside-scan-radius;retry=context-change excluded quest=858;stage=Pickup;npc=3439;reason=outside-scan-radius;retry=context-change excluded quest=865;stage=Pickup;npc=3446;reason=outside-scan-radius;retry=context-change excluded quest=867;stage=Objective;scope=Objective;objective=0;retry=2026-09-05T06:10:20.8137024Z;state=Quarantined. excluded quest=868;stage=Pickup;npc=3428;reason=outside-scan-radius;retry=context-change excluded quest=878;stage=Pickup;npc=3430;reason=outside-scan-radius;retry=context-change excluded quest=8889;stage=Objective;objective=0;reason=outside-scan-radius;retry=context-change. excluded quest=8889;stage=Objective;objective=1;reason=outside-scan-radius;retry=context-change. excluded quest=8889;stage=Objective;objective=2;reason=outside-scan-radius;retry=context-change. excluded quest=891;stage=Objective;objective=0;reason=outside-scan-radius;retry=context-change. excluded quest=891;stage=Objective;objective=1;reason=outside-scan-radius;retry=context-change. excluded quest=891;stage=Objective;objective=2;reason=outside-scan-radius;retry=context-change. excluded quest=891;stage=Objective;scope=Objective;objective=3;retry=2026-09-05T06:10:20.8169213Z;state=Quarantined. excluded quest=893;stage=Pickup;npc=3433;reason=outside-scan-radius;retry=context-change excluded quest=894;stage=TurnIn;npc=4141;reason=outside-scan-radius;retry=context-change excluded quest=896;stage=Objective;scope=Objective;objective=0;retry=2026-09-05T06:10:20.8197153Z;state=Quarantined. excluded quest=9067;stage=Objective;scope=Objective;objective=0;retry=2026-09-05T07:12:52.3802265Z;state=Quarantined. excluded quest=9151;stage=Pickup;npc=16199;reason=outside-scan-radius;retry=context-change excluded quest=9157;stage=TurnIn;npc=16201;reason=outside-scan-radius;retry=context-change excluded quest=9214;stage=Pickup;npc=16220;reason=outside-scan-radius;retry=context-change excluded quest=9218;stage=Pickup;npc=16205;reason=outside-scan-radius;retry=context-change excluded quest=9275;stage=Pickup;npc=16464;reason=outside-scan-radius;retry=context-change excluded quest=9276;stage=Pickup;npc=16463;reason=outside-scan-radius;retry=context-change excluded quest=9281;stage=Pickup;npc=16480;reason=outside-scan-radius;retry=context-change excluded quest=9388;stage=Pickup;scope=QuestStage;retry=2026-09-05T06:10:20.8314367Z;state=Quarantined. excluded quest=9389;stage=Pickup;scope=QuestStage;retry=2026-09-05T06:10:20.8315248Z;state=Quarantined. excluded quest=9425;stage=Pickup;npc=16287;reason=outside-scan-radius;retry=context-change excluded quest=9428;stage=Pickup;npc=17098;reason=outside-scan-radius;retry=context-change excluded quest=959;stage=Pickup;npc=3665;reason=outside-scan-radius;retry=context-change excluded quest=962;stage=Pickup;npc=3419;reason=outside-scan-radius;retry=context-change excluded quest=965;stage=Pickup;npc=3657;reason=outside-scan-radius;retry=context-change excluded quest=9749;stage=Pickup;scope=QuestStage;retry=2026-09-05T06:10:20.8275214Z;state=Quarantined.
[11:28:53.750] [D] Compiling expression '!HasQuest(6548) && !IsQuestCompleted(6548)'
[11:28:54.092] [D] [If] Condition is true, executing If body
[11:28:54.195] [N] [PickUp] Picking up Avenge My Village
[11:28:54.195] [D] Goal: Picking up Avenge My Village
[11:28:54.228] [D] Changed POI to: Type: QuestPickUp, Name: Makaba Flathoof, Guid: 0, Entry: 11857, Location: (-263.00, -943.00, 12.41)
[11:28:54.363] [D] [QuestRecovery] quest=6548, stage=TurnIn, old=Attempting, new=Eligible, reason=None, episode=0, attempt=0, retry=
[11:28:55.231] [D] [Interact] Interacting with object at 0x2ED551E8
[11:28:55.265] [D] [Interact] Done interacting with object at 0x2ED551E8
[11:28:56.875] [D] [QuestPickUp] After interact: GossipFrame.IsVisible=False, QuestTitleButton1.IsVisible=False, QuestFrame.IsVisible=True
[11:28:57.646] [D] [QuestLog] Loaded 67 completed quests from Lua fallback
[11:28:57.716] [D] [QuestPickUp] HandleQuestFrame: Action=RejectMismatch, ShownId=6629, TargetId=6548, Accept=True, Continue=False, Complete=False, Completion=KnownIncomplete
[11:28:57.717] [D] [QuestPickUp] Rejected mismatched dialog (cycle 1/3, unavailable=False): target=6548; shown=6629; giver=11857; offered=[]; targetTitle='Avenge My Village'; shownTitle='Kill Grundig Darkcloud'; completionKnown=True; completed=False; titleUnique=False; buttons=accept:True,continue:False,complete:False,reward:False
[11:28:58.796] [N] [Wholesome Auto Quest] Recovery quest=6548;stage=Pickup;scope=NpcRelation;reason=PickupWrongQuestShown;episode=False;state=Attempting.
[11:28:59.162] [D] Cleared POI - Reason Quest Completed
[11:28:59.163] [D] Cleared POI
[11:29:00.061] [N] Loading 1_31_35
[11:29:00.061] [N] Loading 1_30_34
[11:29:00.061] [N] Loading 1_32_30
[11:29:00.061] [N] Loading 1_31_30
[11:29:00.061] [N] Loading 1_30_35
[11:29:00.061] [N] Loading 1_35_34
[11:29:00.062] [N] Loading 1_31_36
[11:29:00.062] [N] Loading 1_30_31
[11:29:00.062] [N] Loading 1_30_33
[11:29:00.062] [N] Loading 1_35_35
[11:29:00.062] [N] Loading 1_30_30
[11:29:00.062] [N] Loading 1_30_36
[11:29:00.062] [N] Loading 1_35_36
[11:29:00.062] [N] Loading 1_32_37
[11:29:00.062] [N] Loading 1_29_34
[11:29:00.062] [N] Loading 1_33_37
[11:29:00.062] [N] Loading 1_36_35
[11:29:00.062] [N] Loading 1_34_37
[11:29:00.062] [N] Loading 1_29_35
[11:29:00.062] [N] Loading 1_31_37
[11:29:00.062] [N] Loading 1_30_32
[11:29:00.062] [N] Loading 1_29_31
[11:29:00.062] [N] Loading 1_29_30
[11:29:00.062] [N] Loading 1_29_32
[11:29:00.062] [N] Loading 1_30_29
[11:29:00.062] [N] Loading 1_29_29
[11:29:00.108] [N] Loading 1_36_34
[11:29:00.108] [N] Loading 1_36_36
[11:29:00.108] [N] Loading 1_37_35
[11:29:00.108] [N] Loading 1_37_34
[11:29:00.108] [N] Loading 1_35_37
[11:29:00.136] [D] [FBE] Advancing past [ForcedQuestPickUp QuestId: 6548, QuestName: Avenge My Village] (IsDone=true), remaining nodes: 1
[11:29:00.270] [D] [QuestRecovery] quest=6548, stage=Pickup, old=Attempting, new=Eligible, reason=None, episode=0, attempt=0, retry=
[11:29:01.457] [N] Loading 1_29_36
[11:29:01.457] [N] Loading 1_30_37
[11:29:01.457] [N] Loading 1_33_38
[11:29:01.457] [N] Loading 1_32_38
[11:29:01.457] [N] Loading 1_31_38
[11:29:01.457] [N] Loading 1_36_37
[11:29:01.457] [N] Loading 1_34_38
[11:29:01.457] [N] Loading 1_29_33
[11:29:01.457] [N] Loading 1_37_36
[11:29:01.457] [N] Loading 1_34_33
[11:29:01.457] [N] Loading 1_29_37
[11:29:01.457] [N] Loading 1_28_31
[11:29:01.457] [N] Loading 1_31_29
[11:29:01.457] [N] Loading 1_35_38
[11:29:01.457] [N] Loading 1_28_32
[11:29:01.457] [N] Loading 1_28_36
[11:29:01.457] [N] Loading 1_28_35
[11:29:01.457] [N] Loading 1_28_30
[11:29:01.457] [N] Loading 1_30_38
[11:29:01.457] [N] Loading 1_33_39
[11:29:01.457] [N] Loading 1_28_33
[11:29:01.457] [N] Loading 1_38_35
[11:29:01.457] [N] Loading 1_34_39
[11:29:01.457] [N] Loading 1_32_39
[11:29:01.457] [N] Loading 1_37_37
[11:29:01.457] [N] Loading 1_28_29
[11:29:01.457] [N] Loading 1_28_37
[11:29:01.457] [N] Loading 1_30_28
[11:29:01.457] [N] Loading 1_38_36
[11:29:01.457] [N] Loading 1_31_39
[11:29:01.457] [N] Loading 1_31_28
[11:29:01.457] [N] Loading 1_36_38
[11:29:01.457] [N] Loading 1_28_34
[11:29:01.457] [N] Loading 1_29_38
[11:29:01.457] [N] Loading 1_38_34
[11:29:01.457] [N] Loading 1_29_28
[11:29:01.457] [N] Loading 1_27_36
[11:29:01.457] [N] Loading 1_27_35
[11:29:01.457] [N] Loading 1_36_30
[11:29:01.457] [N] Loading 1_30_39
[11:29:01.457] [N] Loading 1_35_39
[11:29:01.457] [N] Loading 1_39_35
[11:29:01.457] [N] Loading 1_27_34
[11:29:01.457] [N] Loading 1_38_37
[11:29:01.457] [N] Loading 1_27_30
[11:29:01.457] [N] Loading 1_27_37
[11:29:01.457] [N] Loading 1_32_28
[11:29:01.457] [N] Loading 1_39_36
[11:29:01.457] [N] Loading 1_28_38
[11:29:01.457] [N] Loading 1_32_29
[11:29:01.457] [N] Loading 1_38_31
[11:29:01.457] [N] Loading 1_31_40
[11:29:01.457] [N] Loading 1_36_39
[11:29:01.457] [N] Loading 1_29_39
[11:29:01.457] [N] Loading 1_27_29
[11:29:01.457] [N] Loading 1_39_34
[11:29:01.457] [N] Loading 1_38_32
[11:29:01.457] [N] Loading 1_32_40
[11:29:01.457] [N] Loading 1_31_27
[11:29:01.457] [N] Loading 1_33_29
[11:29:01.457] [N] Loading 1_33_28
[11:29:01.457] [N] Loading 1_27_33
[11:29:01.457] [N] Loading 1_30_40
[11:29:01.457] [N] Loading 1_34_40
[11:29:01.457] [N] Loading 1_26_35
[11:29:01.457] [N] Loading 1_26_34
[11:29:01.457] [N] Loading 1_27_32
[11:29:01.457] [N] Loading 1_33_40
[11:29:01.457] [N] Loading 1_39_37
[11:29:01.457] [N] Loading 1_35_40
[11:29:01.457] [N] Loading 1_40_35
[11:29:01.457] [N] Loading 1_32_27
[11:29:01.457] [N] Loading 1_26_33
[11:29:01.457] [N] Loading 1_26_36
[11:29:01.457] [N] Loading 1_37_38
[11:29:01.457] [N] Loading 1_27_38
[11:29:01.457] [N] Loading 1_34_29
[11:29:01.457] [N] Loading 1_28_39
[11:29:01.457] [N] Loading 1_40_36
[11:29:01.457] [N] Loading 1_26_37
[11:29:01.457] [N] Loading 1_34_28
[11:29:01.457] [N] Loading 1_33_27
[11:29:01.457] [N] Loading 1_31_41
[11:29:01.457] [N] Loading 1_38_33
[11:29:01.457] [N] Loading 1_29_40
[11:29:01.457] [N] Loading 1_37_39
[11:29:01.457] [N] Loading 1_32_41
[11:29:01.457] [N] Loading 1_30_41
[11:29:01.457] [N] Loading 1_26_29
[11:29:01.457] [N] Loading 1_27_28
[11:29:01.457] [N] Loading 1_26_32
[11:29:01.457] [N] Loading 1_27_31
[11:29:01.457] [N] Loading 1_36_40
[11:29:01.457] [N] Loading 1_40_34
[11:29:01.457] [N] Loading 1_38_38
[11:29:01.457] [N] Loading 1_25_35
[11:29:01.457] [N] Loading 1_35_29
[11:29:01.457] [N] Loading 1_26_38
[11:29:01.457] [N] Loading 1_34_27
[11:29:01.457] [N] Loading 1_28_28
[11:29:01.457] [N] Loading 1_35_28
[11:29:01.457] [N] Loading 1_39_38
[11:29:01.457] [N] Loading 1_33_41
[11:29:01.457] [N] Loading 1_40_37
[11:29:01.457] [N] Loading 1_41_35
[11:29:01.457] [N] Loading 1_25_34
[11:29:01.457] [N] Loading 1_26_30
[11:29:01.457] [N] Loading 1_26_28
[11:29:01.457] [N] Loading 1_32_26
[11:29:01.457] [N] Loading 1_33_26
[11:29:01.457] [N] Loading 1_27_39
[11:29:01.457] [N] Loading 1_37_40
[11:29:01.457] [N] Loading 1_41_36
[11:29:01.457] [N] Loading 1_26_31
[11:29:01.457] [N] Loading 1_25_33
[11:29:01.457] [N] Loading 1_38_39
[11:29:01.457] [N] Loading 1_28_40
[11:29:01.457] [N] Loading 1_31_42
[11:29:01.457] [N] Loading 1_29_41
[11:29:01.457] [N] Loading 1_35_41
[11:29:01.457] [N] Loading 1_35_27
[11:29:01.457] [N] Loading 1_34_41
[11:29:01.457] [N] Loading 1_32_42
[11:29:01.457] [N] Loading 1_25_32
[11:29:01.457] [N] Loading 1_36_29
[11:29:01.457] [N] Loading 1_40_38
[11:29:01.457] [N] Loading 1_24_34
[11:29:01.457] [N] Loading 1_36_28
[11:29:01.457] [N] Loading 1_25_37
[11:29:01.457] [N] Loading 1_24_35
[11:29:01.457] [N] Loading 1_26_39
[11:29:01.457] [N] Loading 1_25_38
[11:29:01.457] [N] Loading 1_34_26
[11:29:01.457] [N] Loading 1_30_42
[11:29:01.457] [N] Loading 1_25_31
[11:29:01.457] [N] Loading 1_39_39
[11:29:01.457] [N] Loading 1_31_26
[11:29:01.457] [N] Loading 1_33_42
[11:29:01.457] [N] Loading 1_28_41
[11:29:01.457] [N] Loading 1_38_40
[11:29:01.457] [N] Loading 1_35_26
[11:29:01.457] [N] Loading 1_27_27
[11:29:01.457] [N] Loading 1_41_37
[11:29:01.457] [N] Loading 1_36_41
[11:29:01.457] [N] Loading 1_36_27
[11:29:01.457] [N] Loading 1_29_42
[11:29:01.457] [N] Loading 1_24_33
[11:29:01.457] [N] Loading 1_41_38
[11:29:01.457] [N] Loading 1_34_42
[11:29:01.457] [N] Loading 1_25_39
[11:29:01.457] [N] Loading 1_27_40
[11:29:01.457] [N] Loading 1_40_39
[11:29:01.457] [N] Loading 1_24_32
[11:29:01.457] [N] Loading 1_39_40
[11:29:01.457] [N] Loading 1_36_26
[11:29:01.457] [N] Loading 1_37_41
[11:29:01.457] [N] Loading 1_25_30
[11:29:01.457] [N] Loading 1_26_40
[11:29:01.457] [N] Loading 1_23_34
[11:29:01.457] [N] Loading 1_23_33
[11:29:01.457] [N] Loading 1_33_25
[11:29:01.457] [N] Loading 1_32_25
[11:29:01.457] [N] Loading 1_41_34
[11:29:01.457] [N] Loading 1_30_27
[11:29:01.457] [N] Loading 1_27_41
[11:29:01.457] [N] Loading 1_31_43
[11:29:01.457] [N] Loading 1_35_42
[11:29:01.457] [N] Loading 1_37_27
[11:29:01.457] [N] Loading 1_42_35
[11:29:01.458] [N] Loading 1_32_43
[11:29:01.458] [N] Loading 1_41_39
[11:29:01.458] [N] Loading 1_28_42
[11:29:01.458] [N] Loading 1_24_31
[11:29:01.458] [N] Loading 1_42_34
[11:29:01.458] [N] Loading 1_31_25
[11:29:01.458] [N] Loading 1_35_25
[11:29:01.458] [N] Loading 1_30_26
[11:29:01.458] [N] Loading 1_25_40
[11:29:01.458] [N] Loading 1_38_41
[11:29:01.458] [N] Loading 1_33_43
[11:29:01.458] [N] Loading 1_23_32
[11:29:01.458] [N] Loading 1_37_28
[11:29:01.458] [N] Loading 1_30_43
[11:29:01.458] [N] Loading 1_40_33
[11:29:01.458] [N] Loading 1_39_41
[11:29:01.458] [N] Loading 1_41_33
[11:29:01.458] [N] Loading 1_24_30
[11:29:01.458] [N] Loading 1_34_25
[11:29:01.458] [N] Loading 1_39_33
[11:29:01.458] [N] Loading 1_34_43
[11:29:01.458] [N] Loading 1_42_36
[11:29:01.458] [N] Loading 1_36_42
[11:29:01.458] [N] Loading 1_40_40
[11:29:01.458] [N] Loading 1_36_25
[11:29:01.458] [N] Loading 1_25_29
[11:29:01.458] [N] Loading 1_22_33
[11:29:01.458] [N] Loading 1_26_41
[11:29:01.458] [N] Loading 1_37_29
[11:29:01.458] [N] Loading 1_29_43
[11:29:01.458] [N] Loading 1_37_26
[11:29:01.458] [N] Loading 1_39_32
[11:29:01.458] [N] Loading 1_40_32
[11:29:01.458] [N] Loading 1_38_27
[11:29:01.458] [N] Loading 1_24_39
[11:29:01.458] [N] Loading 1_38_28
[11:29:01.458] [N] Loading 1_24_29
[11:29:01.458] [N] Loading 1_24_40
[11:29:01.458] [N] Loading 1_22_32
[11:29:01.458] [N] Loading 1_30_25
[11:29:01.458] [N] Loading 1_25_41
[11:29:01.458] [N] Loading 1_27_42
[11:29:01.458] [N] Loading 1_23_31
[11:29:01.458] [N] Loading 1_35_43
[11:29:01.458] [N] Loading 1_40_41
[11:29:01.458] [N] Loading 1_37_42
[11:29:01.458] [N] Loading 1_39_31
[11:29:01.458] [N] Loading 1_33_24
[11:29:01.458] [N] Loading 1_42_37
[11:29:01.458] [N] Loading 1_40_31
[11:29:01.458] [N] Loading 1_29_27
[11:29:01.458] [N] Loading 1_38_26
[11:29:01.458] [N] Loading 1_23_30
[11:29:01.458] [N] Loading 1_29_26
[11:29:01.458] [N] Loading 1_35_24
[11:29:01.458] [N] Loading 1_34_24
[11:29:01.458] [N] Loading 1_25_28
[11:29:01.458] [N] Loading 1_23_29
[11:29:01.458] [N] Loading 1_39_28
[11:29:01.458] [N] Loading 1_39_27
[11:29:01.458] [N] Loading 1_36_24
[11:29:01.458] [N] Loading 1_37_25
[11:29:01.483] [D] [FBE] Advancing past Bots.Quest.QuestOrder.ForcedIf (IsDone=true), remaining nodes: 1
[11:29:01.484] [N] Nothing more to do. Stopping bot.
[11:29:01.484] [N] Bot stopping! Reason: User request
[11:29:01.519] [D] Cleared POI
[11:29:01.521] [D] Worker thread exited cleanly
[11:29:15.807] [D] [Settings] Saved all settings
[11:29:15.807] [N] Starting the bot.
[11:29:15.810] [N] Currently Using BotBase : Wholesome Auto Quest
[11:29:15.811] [N] Character is a level 25 BloodElf Paladin
[11:29:15.812] [N] Current zone is The Barrens
[11:29:15.813] [D] Loading profile from D:\World of Warcraft 3.3.5a\CB\Bots\WholesomeAutoQuest\WHOLESOME_AUTOQUESTER.xml
[11:29:15.813] [N] Profile loaded: WholesomeAQ - The Barrens
[11:29:15.824] [D] Selected sub-profile: WholesomeAQ - The Barrens (L1-80)
[11:29:15.918] [D] [ProfileBatchManager] Batch reset for new profile session.
[11:29:15.918] [N] [Wholesome Auto Quest] Class Paladin → PullDistance set to 24
[11:29:15.920] [N] [Wholesome Auto Quest] Initial scheduler build.
[11:29:16.292] [D] [WholesomeAQ] Quest chain correction: ancestor=1062; descendant=1063.
[11:29:16.292] [D] [WholesomeAQ] Quest chain correction: ancestor=1062; descendant=1068.
[11:29:16.298] [D] Loading profile from D:\World of Warcraft 3.3.5a\CB\Bots\WholesomeAutoQuest\WHOLESOME_AUTOQUESTER.xml
[11:29:16.303] [N] Profile loaded: WholesomeAQ - The Barrens
[11:29:16.321] [D] Selected sub-profile: WholesomeAQ - The Barrens (L1-80)
[11:29:16.321] [N] [Wholesome Auto Quest] Profile refreshed - Selected 1 quest work candidate(s). selected quest=6629;stage=Pickup;state=Eligible. excluded quest=104;stage=Pickup;npc=392;reason=outside-scan-radius;retry=context-change excluded quest=1062;stage=AncestorCorrection;objective=0;reason=outside-scan-radius;retry=context-change. excluded quest=1069;stage=Pickup;npc=3446;reason=outside-scan-radius;retry=context-change excluded quest=1087;stage=Pickup;npc=4198;reason=outside-scan-radius;retry=context-change excluded quest=1093;stage=Pickup;npc=4201;reason=outside-scan-radius;retry=context-change excluded quest=11127;stage=Pickup;scope=QuestStage;retry=2026-09-05T06:10:20.8287986Z;state=Quarantined. excluded quest=118;stage=Pickup;npc=415;reason=outside-scan-radius;retry=context-change excluded quest=1195;stage=Pickup;npc=4721;reason=outside-scan-radius;retry=context-change excluded quest=14106;stage=Pickup;scope=QuestStage;retry=2026-09-05T06:10:20.8250193Z;state=Quarantined. excluded quest=1483;stage=Pickup;npc=3442;reason=outside-scan-radius;retry=context-change excluded quest=152;stage=Pickup;npc=392;reason=outside-scan-radius;retry=context-change excluded quest=2098;stage=Pickup;npc=6667;reason=outside-scan-radius;retry=context-change excluded quest=216;stage=Pickup;npc=12757;reason=outside-scan-radius;retry=context-change excluded quest=235;stage=Pickup;npc=10880;reason=outside-scan-radius;retry=context-change excluded quest=3281;stage=TurnIn;npc=3464;reason=outside-scan-radius;retry=context-change excluded quest=4542;stage=Pickup;npc=10079;reason=outside-scan-radius;retry=context-change excluded quest=470;stage=Pickup;npc=2111;reason=outside-scan-radius;retry=context-change excluded quest=472;stage=Pickup;npc=2097;reason=outside-scan-radius;retry=context-change excluded quest=4740;stage=Pickup;npc=175320;reason=outside-scan-radius;retry=context-change excluded quest=4921;stage=Objective;objective=0;reason=outside-scan-radius;retry=context-change. excluded quest=493;stage=Pickup;npc=1937;reason=outside-scan-radius;retry=context-change excluded quest=494;stage=Pickup;npc=2214;reason=outside-scan-radius;retry=context-change excluded quest=496;stage=Pickup;npc=2216;reason=outside-scan-radius;retry=context-change excluded quest=498;stage=Pickup;npc=2229;reason=outside-scan-radius;retry=context-change excluded quest=501;stage=Pickup;npc=2216;reason=outside-scan-radius;retry=context-change excluded quest=516;stage=Pickup;npc=2121;reason=outside-scan-radius;retry=context-change excluded quest=527;stage=Pickup;npc=2215;reason=outside-scan-radius;retry=context-change excluded quest=546;stage=Pickup;npc=2418;reason=outside-scan-radius;retry=context-change excluded quest=549;stage=Pickup;npc=1763;reason=outside-scan-radius;retry=context-change excluded quest=6301;stage=Pickup;npc=11864;reason=outside-scan-radius;retry=context-change excluded quest=6382;stage=Pickup;npc=3387;reason=outside-scan-radius;retry=context-change excluded quest=6383;stage=Pickup;npc=12696;reason=outside-scan-radius;retry=context-change excluded quest=6393;stage=Pickup;npc=11862;reason=outside-scan-radius;retry=context-change excluded quest=6442;stage=Pickup;npc=12719;reason=outside-scan-radius;retry=context-change excluded quest=6461;stage=Pickup;npc=12816;reason=outside-scan-radius;retry=context-change excluded quest=6462;stage=Pickup;npc=12721;reason=outside-scan-radius;retry=context-change excluded quest=6503;stage=Pickup;npc=12867;reason=outside-scan-radius;retry=context-change excluded quest=6541;stage=Pickup;npc=3429;reason=outside-scan-radius;retry=context-change excluded quest=6542;stage=Pickup;npc=11821;reason=outside-scan-radius;retry=context-change excluded quest=6543;stage=Pickup;npc=8582;reason=outside-scan-radius;retry=context-change excluded quest=742;stage=Pickup;npc=10881;reason=outside-scan-radius;retry=context-change excluded quest=747;stage=Objective;scope=Objective;objective=0;retry=2026-09-05T06:10:20.8040908Z;state=Quarantined. excluded quest=747;stage=Objective;scope=Objective;objective=1;retry=2026-09-05T06:10:20.8116023Z;state=Quarantined. excluded quest=7790;stage=Pickup;scope=QuestStage;retry=2026-09-05T06:10:20.8249148Z;state=Quarantined. excluded quest=843;stage=Pickup;npc=3341;reason=outside-scan-radius;retry=context-change excluded quest=8487;stage=TurnIn;npc=15402;reason=outside-scan-radius;retry=context-change excluded quest=851;stage=Pickup;npc=3389;reason=outside-scan-radius;retry=context-change excluded quest=858;stage=Pickup;npc=3439;reason=outside-scan-radius;retry=context-change excluded quest=865;stage=Pickup;npc=3446;reason=outside-scan-radius;retry=context-change excluded quest=867;stage=Objective;scope=Objective;objective=0;retry=2026-09-05T06:10:20.8137024Z;state=Quarantined. excluded quest=868;stage=Pickup;npc=3428;reason=outside-scan-radius;retry=context-change excluded quest=878;stage=Pickup;npc=3430;reason=outside-scan-radius;retry=context-change excluded quest=8889;stage=Objective;objective=0;reason=outside-scan-radius;retry=context-change. excluded quest=8889;stage=Objective;objective=1;reason=outside-scan-radius;retry=context-change. excluded quest=8889;stage=Objective;objective=2;reason=outside-scan-radius;retry=context-change. excluded quest=891;stage=Objective;objective=0;reason=outside-scan-radius;retry=context-change. excluded quest=891;stage=Objective;objective=1;reason=outside-scan-radius;retry=context-change. excluded quest=891;stage=Objective;objective=2;reason=outside-scan-radius;retry=context-change. excluded quest=891;stage=Objective;scope=Objective;objective=3;retry=2026-09-05T06:10:20.8169213Z;state=Quarantined. excluded quest=893;stage=Pickup;npc=3433;reason=outside-scan-radius;retry=context-change excluded quest=894;stage=TurnIn;npc=4141;reason=outside-scan-radius;retry=context-change excluded quest=896;stage=Objective;scope=Objective;objective=0;retry=2026-09-05T06:10:20.8197153Z;state=Quarantined. excluded quest=9067;stage=Objective;scope=Objective;objective=0;retry=2026-09-05T07:12:52.3802265Z;state=Quarantined. excluded quest=9151;stage=Pickup;npc=16199;reason=outside-scan-radius;retry=context-change excluded quest=9157;stage=TurnIn;npc=16201;reason=outside-scan-radius;retry=context-change excluded quest=9214;stage=Pickup;npc=16220;reason=outside-scan-radius;retry=context-change excluded quest=9218;stage=Pickup;npc=16205;reason=outside-scan-radius;retry=context-change excluded quest=9275;stage=Pickup;npc=16464;reason=outside-scan-radius;retry=context-change excluded quest=9276;stage=Pickup;npc=16463;reason=outside-scan-radius;retry=context-change excluded quest=9281;stage=Pickup;npc=16480;reason=outside-scan-radius;retry=context-change excluded quest=9388;stage=Pickup;scope=QuestStage;retry=2026-09-05T06:10:20.8314367Z;state=Quarantined. excluded quest=9389;stage=Pickup;scope=QuestStage;retry=2026-09-05T06:10:20.8315248Z;state=Quarantined. excluded quest=9425;stage=Pickup;npc=16287;reason=outside-scan-radius;retry=context-change excluded quest=9428;stage=Pickup;npc=17098;reason=outside-scan-radius;retry=context-change excluded quest=959;stage=Pickup;npc=3665;reason=outside-scan-radius;retry=context-change excluded quest=962;stage=Pickup;npc=3419;reason=outside-scan-radius;retry=context-change excluded quest=965;stage=Pickup;npc=3657;reason=outside-scan-radius;retry=context-change excluded quest=9749;stage=Pickup;scope=QuestStage;retry=2026-09-05T06:10:20.8275214Z;state=Quarantined.
[11:29:16.323] [N] [Wholesome Auto Quest] Started with quest data loaded.
[11:29:16.387] [D] Setting CVars: autoSelfCast=1, autoLootDefault=1
[11:29:16.453] [D] Cleared POI
[11:29:16.454] [D] Refresh() called. LastCount=0, CurrentCount=33
[11:29:16.454] [N] Building spell book
[11:29:16.456] [D] Found 33 spells from LocalPlayer.KnownSpells
[11:29:16.456] [N] Adding Arcane Affinity
[11:29:16.457] [N] Adding Arcane Torrent
[11:29:16.459] [N] Adding Auto Attack
[11:29:16.460] [N] Adding Block
[11:29:16.461] [N] Adding Dodge
[11:29:16.463] [N] Adding Magic Resistance
[11:29:16.464] [N] Adding Parry
[11:29:16.466] [N] Adding Blessing of Wisdom
[11:29:16.467] [N] Adding Concentration Aura
[11:29:16.468] [N] Adding Consecration
[11:29:16.470] [N] Adding Exorcism
[11:29:16.471] [N] Adding Flash of Light
[11:29:16.473] [N] Adding Holy Light
[11:29:16.474] [N] Adding Lay on Hands
[11:29:16.476] [N] Adding Purify
[11:29:16.477] [N] Adding Seal of Righteousness
[11:29:16.478] [N] Adding Sense Undead
[11:29:16.480] [N] Adding Turn Evil
[11:29:16.481] [N] Adding Blessing of Kings
[11:29:16.483] [N] Adding Devotion Aura
[11:29:16.484] [N] Adding Divine Protection
[11:29:16.486] [N] Adding Hammer of Justice
[11:29:16.487] [N] Adding Hand of Freedom
[11:29:16.488] [N] Adding Hand of Protection
[11:29:16.490] [N] Adding Hand of Reckoning
[11:29:16.491] [N] Adding Righteous Defense
[11:29:16.493] [N] Adding Righteous Fury
[11:29:16.495] [N] Adding Seal of Justice
[11:29:16.497] [N] Adding Blessing of Might
[11:29:16.499] [N] Adding Judgement of Light
[11:29:16.501] [N] Adding Judgement of Wisdom
[11:29:16.502] [N] Adding Retribution Aura
[11:29:16.504] [N] Adding Seal of Command
[11:29:16.506] [N] Spell book built
[11:29:16.507] [D] [SpellManager] Initialize — subscribed to BotEvents.OnBotStart
[11:29:16.507] [D] Default area costs set (Road=1.0, Ground=1.66)
[11:29:16.507] [D] Faction filter set: Horde (excluding Alliance paths)
[11:29:16.509] [D] Refresh() called. LastCount=0, CurrentCount=33
[11:29:16.509] [N] Building spell book
[11:29:16.511] [D] Found 33 spells from LocalPlayer.KnownSpells
[11:29:16.511] [N] Adding Arcane Affinity
[11:29:16.512] [N] Adding Arcane Torrent
[11:29:16.514] [N] Adding Auto Attack
[11:29:16.515] [N] Adding Block
[11:29:16.517] [N] Adding Dodge
[11:29:16.518] [N] Adding Magic Resistance
[11:29:16.520] [N] Adding Parry
[11:29:16.521] [N] Adding Blessing of Wisdom
[11:29:16.523] [N] Adding Concentration Aura
[11:29:16.524] [N] Adding Consecration
[11:29:16.525] [N] Adding Exorcism
[11:29:16.527] [N] Adding Flash of Light
[11:29:16.528] [N] Adding Holy Light
[11:29:16.530] [N] Adding Lay on Hands
[11:29:16.531] [N] Adding Purify
[11:29:16.533] [N] Adding Seal of Righteousness
[11:29:16.534] [N] Adding Sense Undead
[11:29:16.536] [N] Adding Turn Evil
[11:29:16.537] [N] Adding Blessing of Kings
[11:29:16.539] [N] Adding Devotion Aura
[11:29:16.540] [N] Adding Divine Protection
[11:29:16.542] [N] Adding Hammer of Justice
[11:29:16.544] [N] Adding Hand of Freedom
[11:29:16.545] [N] Adding Hand of Protection
[11:29:16.547] [N] Adding Hand of Reckoning
[11:29:16.548] [N] Adding Righteous Defense
[11:29:16.550] [N] Adding Righteous Fury
[11:29:16.551] [N] Adding Seal of Justice
[11:29:16.552] [N] Adding Blessing of Might
[11:29:16.554] [N] Adding Judgement of Light
[11:29:16.555] [N] Adding Judgement of Wisdom
[11:29:16.557] [N] Adding Retribution Aura
[11:29:16.558] [N] Adding Seal of Command
[11:29:16.560] [N] Spell book built
[11:29:16.562] [D] [SpellManager] Subscribed to LEARNED_SPELL_IN_TAB, ACTIVE_TALENT_GROUP_CHANGED
[11:29:17.573] [N] Loading 1_28_43
[11:29:17.573] [N] Loading 1_43_36
[11:29:17.573] [N] Loading 1_41_32
[11:29:17.573] [N] Loading 1_31_44
[11:29:17.573] [N] Loading 1_21_33
[11:29:17.573] [N] Loading 1_24_41
[11:29:17.573] [N] Loading 1_32_44
[11:29:17.573] [N] Loading 1_26_42
[11:29:17.573] [N] Loading 1_21_32
[11:29:17.573] [N] Loading 1_38_42
[11:29:17.573] [N] Loading 1_33_44
[11:29:17.573] [N] Loading 1_30_44
[11:29:17.573] [N] Loading 1_39_42
[11:29:17.573] [N] Loading 1_39_30
[11:29:17.573] [N] Loading 1_40_30
[11:29:17.573] [N] Loading 1_41_31
[11:29:17.573] [N] Loading 1_22_34
[11:29:17.573] [N] Loading 1_21_34
[11:29:17.573] [N] Loading 1_34_44
[11:29:17.573] [N] Loading 1_36_43
[11:29:17.573] [N] Loading 1_25_42
[11:29:17.573] [N] Loading 1_24_28
[11:29:17.573] [N] Loading 1_22_31
[11:29:17.573] [N] Loading 1_29_25
[11:29:17.594] [D] Compiling expression '!HasQuest(6629) && !IsQuestCompleted(6629)'
[11:29:17.723] [D] [If] Condition is true, executing If body
[11:29:17.832] [N] [PickUp] Picking up Kill Grundig Darkcloud
[11:29:17.832] [D] Goal: Picking up Kill Grundig Darkcloud
[11:29:17.858] [D] Changed POI to: Type: QuestPickUp, Name: Makaba Flathoof, Guid: 0, Entry: 11857, Location: (-263.00, -943.00, 12.41)
[11:29:18.835] [D] [Interact] Interacting with object at 0x2ED551E8
[11:29:18.867] [D] [Interact] Done interacting with object at 0x2ED551E8
[11:29:20.444] [D] [QuestPickUp] After interact: GossipFrame.IsVisible=False, QuestTitleButton1.IsVisible=False, QuestFrame.IsVisible=True
[11:29:20.813] [D] [QuestPickUp] HandleQuestFrame: Action=AcceptTarget, ShownId=6629, TargetId=6629, Accept=True, Continue=False, Complete=False, Completion=KnownIncomplete
[11:29:20.813] [D] [QuestPickUp] Target quest identity confirmed — accepting quest.
[11:29:21.921] [D] [QuestRecovery] quest=6629, stage=Pickup, old=Attempting, new=Eligible, reason=None, episode=0, attempt=0, retry=
[11:29:21.921] [N] [Wholesome Auto Quest] Quest 6629 Pickup completed; queuing one scheduler rebuild.
[11:29:22.331] [D] [WholesomeAQ] Quest chain correction: ancestor=1062; descendant=1063.
[11:29:22.332] [D] [WholesomeAQ] Quest chain correction: ancestor=1062; descendant=1068.
[11:29:22.337] [D] Activity: No eligible quest work; idle until 2026-09-05T06:10:20.8040908Z. excluded quest=104;stage=Pickup;npc=392;reason=outside-scan-radius;retry=context-change excluded quest=1062;stage=AncestorCorrection;objective=0;reason=outside-scan-radius;retry=context-change. excluded quest=1069;stage=Pickup;npc=3446;reason=outside-scan-radius;retry=context-change excluded quest=1087;stage=Pickup;npc=4198;reason=outside-scan-radius;retry=context-change excluded quest=1093;stage=Pickup;npc=4201;reason=outside-scan-radius;retry=context-change excluded quest=11127;stage=Pickup;scope=QuestStage;retry=2026-09-05T06:10:20.8287986Z;state=Quarantined. excluded quest=118;stage=Pickup;npc=415;reason=outside-scan-radius;retry=context-change excluded quest=1195;stage=Pickup;npc=4721;reason=outside-scan-radius;retry=context-change excluded quest=14106;stage=Pickup;scope=QuestStage;retry=2026-09-05T06:10:20.8250193Z;state=Quarantined. excluded quest=1483;stage=Pickup;npc=3442;reason=outside-scan-radius;retry=context-change excluded quest=152;stage=Pickup;npc=392;reason=outside-scan-radius;retry=context-change excluded quest=2098;stage=Pickup;npc=6667;reason=outside-scan-radius;retry=context-change excluded quest=216;stage=Pickup;npc=12757;reason=outside-scan-radius;retry=context-change excluded quest=235;stage=Pickup;npc=10880;reason=outside-scan-radius;retry=context-change excluded quest=3281;stage=TurnIn;npc=3464;reason=outside-scan-radius;retry=context-change excluded quest=4542;stage=Pickup;npc=10079;reason=outside-scan-radius;retry=context-change excluded quest=470;stage=Pickup;npc=2111;reason=outside-scan-radius;retry=context-change excluded quest=472;stage=Pickup;npc=2097;reason=outside-scan-radius;retry=context-change excluded quest=4740;stage=Pickup;npc=175320;reason=outside-scan-radius;retry=context-change excluded quest=4921;stage=Objective;objective=0;reason=outside-scan-radius;retry=context-change. excluded quest=493;stage=Pickup;npc=1937;reason=outside-scan-radius;retry=context-change excluded quest=494;stage=Pickup;npc=2214;reason=outside-scan-radius;retry=context-change excluded quest=496;stage=Pickup;npc=2216;reason=outside-scan-radius;retry=context-change excluded quest=498;stage=Pickup;npc=2229;reason=outside-scan-radius;retry=context-change excluded quest=501;stage=Pickup;npc=2216;reason=outside-scan-radius;retry=context-change excluded quest=516;stage=Pickup;npc=2121;reason=outside-scan-radius;retry=context-change excluded quest=527;stage=Pickup;npc=2215;reason=outside-scan-radius;retry=context-change excluded quest=546;stage=Pickup;npc=2418;reason=outside-scan-radius;retry=context-change excluded quest=549;stage=Pickup;npc=1763;reason=outside-scan-radius;retry=context-change excluded quest=6301;stage=Pickup;npc=11864;reason=outside-scan-radius;retry=context-change excluded quest=6382;stage=Pickup;npc=3387;reason=outside-scan-radius;retry=context-change excluded quest=6383;stage=Pickup;npc=12696;reason=outside-scan-radius;retry=context-change excluded quest=6393;stage=Pickup;npc=11862;reason=outside-scan-radius;retry=context-change excluded quest=6442;stage=Pickup;npc=12719;reason=outside-scan-radius;retry=context-change excluded quest=6461;stage=Pickup;npc=12816;reason=outside-scan-radius;retry=context-change excluded quest=6462;stage=Pickup;npc=12721;reason=outside-scan-radius;retry=context-change excluded quest=6503;stage=Pickup;npc=12867;reason=outside-scan-radius;retry=context-change excluded quest=6541;stage=Pickup;npc=3429;reason=outside-scan-radius;retry=context-change excluded quest=6542;stage=Pickup;npc=11821;reason=outside-scan-radius;retry=context-change excluded quest=6543;stage=Pickup;npc=8582;reason=outside-scan-radius;retry=context-change excluded quest=6629;stage=Objective;objective=0;reason=outside-scan-radius;retry=context-change. excluded quest=6629;stage=Objective;objective=1;reason=outside-scan-radius;retry=context-change. excluded quest=742;stage=Pickup;npc=10881;reason=outside-scan-radius;retry=context-change excluded quest=747;stage=Objective;scope=Objective;objective=0;retry=2026-09-05T06:10:20.8040908Z;state=Quarantined. excluded quest=747;stage=Objective;scope=Objective;objective=1;retry=2026-09-05T06:10:20.8116023Z;state=Quarantined. excluded quest=7790;stage=Pickup;scope=QuestStage;retry=2026-09-05T06:10:20.8249148Z;state=Quarantined. excluded quest=843;stage=Pickup;npc=3341;reason=outside-scan-radius;retry=context-change excluded quest=8487;stage=TurnIn;npc=15402;reason=outside-scan-radius;retry=context-change excluded quest=851;stage=Pickup;npc=3389;reason=outside-scan-radius;retry=context-change excluded quest=858;stage=Pickup;npc=3439;reason=outside-scan-radius;retry=context-change excluded quest=865;stage=Pickup;npc=3446;reason=outside-scan-radius;retry=context-change excluded quest=867;stage=Objective;scope=Objective;objective=0;retry=2026-09-05T06:10:20.8137024Z;state=Quarantined. excluded quest=868;stage=Pickup;npc=3428;reason=outside-scan-radius;retry=context-change excluded quest=878;stage=Pickup;npc=3430;reason=outside-scan-radius;retry=context-change excluded quest=8889;stage=Objective;objective=0;reason=outside-scan-radius;retry=context-change. excluded quest=8889;stage=Objective;objective=1;reason=outside-scan-radius;retry=context-change. excluded quest=8889;stage=Objective;objective=2;reason=outside-scan-radius;retry=context-change. excluded quest=891;stage=Objective;objective=0;reason=outside-scan-radius;retry=context-change. excluded quest=891;stage=Objective;objective=1;reason=outside-scan-radius;retry=context-change. excluded quest=891;stage=Objective;objective=2;reason=outside-scan-radius;retry=context-change. excluded quest=891;stage=Objective;scope=Objective;objective=3;retry=2026-09-05T06:10:20.8169213Z;state=Quarantined. excluded quest=893;stage=Pickup;npc=3433;reason=outside-scan-radius;retry=context-change excluded quest=894;stage=TurnIn;npc=4141;reason=outside-scan-radius;retry=context-change excluded quest=896;stage=Objective;scope=Objective;objective=0;retry=2026-09-05T06:10:20.8197153Z;state=Quarantined. excluded quest=9067;stage=Objective;scope=Objective;objective=0;retry=2026-09-05T07:12:52.3802265Z;state=Quarantined. excluded quest=9151;stage=Pickup;npc=16199;reason=outside-scan-radius;retry=context-change excluded quest=9157;stage=TurnIn;npc=16201;reason=outside-scan-radius;retry=context-change excluded quest=9214;stage=Pickup;npc=16220;reason=outside-scan-radius;retry=context-change excluded quest=9218;stage=Pickup;npc=16205;reason=outside-scan-radius;retry=context-change excluded quest=9275;stage=Pickup;npc=16464;reason=outside-scan-radius;retry=context-change excluded quest=9276;stage=Pickup;npc=16463;reason=outside-scan-radius;retry=context-change excluded quest=9281;stage=Pickup;npc=16480;reason=outside-scan-radius;retry=context-change excluded quest=9388;stage=Pickup;scope=QuestStage;retry=2026-09-05T06:10:20.8314367Z;state=Quarantined. excluded quest=9389;stage=Pickup;scope=QuestStage;retry=2026-09-05T06:10:20.8315248Z;state=Quarantined. excluded quest=9425;stage=Pickup;npc=16287;reason=outside-scan-radius;retry=context-change excluded quest=9428;stage=Pickup;npc=17098;reason=outside-scan-radius;retry=context-change excluded quest=959;stage=Pickup;npc=3665;reason=outside-scan-radius;retry=context-change excluded quest=962;stage=Pickup;npc=3419;reason=outside-scan-radius;retry=context-change excluded quest=965;stage=Pickup;npc=3657;reason=outside-scan-radius;retry=context-change excluded quest=9749;stage=Pickup;scope=QuestStage;retry=2026-09-05T06:10:20.8275214Z;state=Quarantined. Expanding scan radius from 250 to 500 yards before fallback.
[11:29:22.396] [N] [Wholesome Auto Quest] Bot running but not moving for 33s
[11:29:22.794] [D] Cleared POI - Reason Quest Completed
[11:29:22.794] [D] Cleared POI
[11:29:23.333] [D] [WholesomeAQ] Quest chain correction: ancestor=1062; descendant=1063.
[11:29:23.334] [D] [WholesomeAQ] Quest chain correction: ancestor=1062; descendant=1068.
[11:29:23.348] [D] Loading profile from D:\World of Warcraft 3.3.5a\CB\Bots\WholesomeAutoQuest\WHOLESOME_AUTOQUESTER.xml
[11:29:23.363] [N] Profile loaded: WholesomeAQ - The Barrens
[11:29:23.364] [D] Selected sub-profile: WholesomeAQ - The Barrens (L1-80)
[11:29:23.364] [N] [Wholesome Auto Quest] Profile refreshed - Selected 1 quest work candidate(s). selected quest=6629;stage=Objective;state=Eligible. excluded quest=104;stage=Pickup;npc=392;reason=outside-scan-radius;retry=context-change excluded quest=1062;stage=AncestorCorrection;objective=0;reason=outside-scan-radius;retry=context-change. excluded quest=1069;stage=Pickup;npc=3446;reason=outside-scan-radius;retry=context-change excluded quest=1087;stage=Pickup;npc=4198;reason=outside-scan-radius;retry=context-change excluded quest=1093;stage=Pickup;npc=4201;reason=outside-scan-radius;retry=context-change excluded quest=11127;stage=Pickup;scope=QuestStage;retry=2026-09-05T06:10:20.8287986Z;state=Quarantined. excluded quest=118;stage=Pickup;npc=415;reason=outside-scan-radius;retry=context-change excluded quest=1195;stage=Pickup;npc=4721;reason=outside-scan-radius;retry=context-change excluded quest=14106;stage=Pickup;scope=QuestStage;retry=2026-09-05T06:10:20.8250193Z;state=Quarantined. excluded quest=1483;stage=Pickup;npc=3442;reason=outside-scan-radius;retry=context-change excluded quest=152;stage=Pickup;npc=392;reason=outside-scan-radius;retry=context-change excluded quest=2098;stage=Pickup;npc=6667;reason=outside-scan-radius;retry=context-change excluded quest=216;stage=Pickup;npc=12757;reason=outside-scan-radius;retry=context-change excluded quest=235;stage=Pickup;npc=10880;reason=outside-scan-radius;retry=context-change excluded quest=3281;stage=TurnIn;npc=3464;reason=outside-scan-radius;retry=context-change excluded quest=4542;stage=Pickup;npc=10079;reason=outside-scan-radius;retry=context-change excluded quest=470;stage=Pickup;npc=2111;reason=outside-scan-radius;retry=context-change excluded quest=472;stage=Pickup;npc=2097;reason=outside-scan-radius;retry=context-change excluded quest=4740;stage=Pickup;npc=175320;reason=outside-scan-radius;retry=context-change excluded quest=4921;stage=Objective;objective=0;reason=outside-scan-radius;retry=context-change. excluded quest=493;stage=Pickup;npc=1937;reason=outside-scan-radius;retry=context-change excluded quest=494;stage=Pickup;npc=2214;reason=outside-scan-radius;retry=context-change excluded quest=496;stage=Pickup;npc=2216;reason=outside-scan-radius;retry=context-change excluded quest=498;stage=Pickup;npc=2229;reason=outside-scan-radius;retry=context-change excluded quest=501;stage=Pickup;npc=2216;reason=outside-scan-radius;retry=context-change excluded quest=516;stage=Pickup;npc=2121;reason=outside-scan-radius;retry=context-change excluded quest=527;stage=Pickup;npc=2215;reason=outside-scan-radius;retry=context-change excluded quest=546;stage=Pickup;npc=2418;reason=outside-scan-radius;retry=context-change excluded quest=549;stage=Pickup;npc=1763;reason=outside-scan-radius;retry=context-change excluded quest=6301;stage=Pickup;npc=11864;reason=outside-scan-radius;retry=context-change excluded quest=6382;stage=Pickup;npc=3387;reason=outside-scan-radius;retry=context-change excluded quest=6383;stage=Pickup;npc=12696;reason=outside-scan-radius;retry=context-change excluded quest=6393;stage=Pickup;npc=11862;reason=outside-scan-radius;retry=context-change excluded quest=6442;stage=Pickup;npc=12719;reason=outside-scan-radius;retry=context-change excluded quest=6461;stage=Pickup;npc=12816;reason=outside-scan-radius;retry=context-change excluded quest=6462;stage=Pickup;npc=12721;reason=outside-scan-radius;retry=context-change excluded quest=6503;stage=Pickup;npc=12867;reason=outside-scan-radius;retry=context-change excluded quest=6541;stage=Pickup;npc=3429;reason=outside-scan-radius;retry=context-change excluded quest=6542;stage=Pickup;npc=11821;reason=outside-scan-radius;retry=context-change excluded quest=6543;stage=Pickup;npc=8582;reason=outside-scan-radius;retry=context-change excluded quest=6629;stage=Objective;objective=0;reason=outside-scan-radius;retry=context-change. excluded quest=742;stage=Pickup;npc=10881;reason=outside-scan-radius;retry=context-change excluded quest=747;stage=Objective;scope=Objective;objective=0;retry=2026-09-05T06:10:20.8040908Z;state=Quarantined. excluded quest=747;stage=Objective;scope=Objective;objective=1;retry=2026-09-05T06:10:20.8116023Z;state=Quarantined. excluded quest=7790;stage=Pickup;scope=QuestStage;retry=2026-09-05T06:10:20.8249148Z;state=Quarantined. excluded quest=843;stage=Pickup;npc=3341;reason=outside-scan-radius;retry=context-change excluded quest=8487;stage=TurnIn;npc=15402;reason=outside-scan-radius;retry=context-change excluded quest=851;stage=Pickup;npc=3389;reason=outside-scan-radius;retry=context-change excluded quest=858;stage=Pickup;npc=3439;reason=outside-scan-radius;retry=context-change excluded quest=865;stage=Pickup;npc=3446;reason=outside-scan-radius;retry=context-change excluded quest=867;stage=Objective;scope=Objective;objective=0;retry=2026-09-05T06:10:20.8137024Z;state=Quarantined. excluded quest=868;stage=Pickup;npc=3428;reason=outside-scan-radius;retry=context-change excluded quest=878;stage=Pickup;npc=3430;reason=outside-scan-radius;retry=context-change excluded quest=8889;stage=Objective;objective=0;reason=outside-scan-radius;retry=context-change. excluded quest=8889;stage=Objective;objective=1;reason=outside-scan-radius;retry=context-change. excluded quest=8889;stage=Objective;objective=2;reason=outside-scan-radius;retry=context-change. excluded quest=891;stage=Objective;objective=0;reason=outside-scan-radius;retry=context-change. excluded quest=891;stage=Objective;objective=1;reason=outside-scan-radius;retry=context-change. excluded quest=891;stage=Objective;objective=2;reason=outside-scan-radius;retry=context-change. excluded quest=891;stage=Objective;scope=Objective;objective=3;retry=2026-09-05T06:10:20.8169213Z;state=Quarantined. excluded quest=893;stage=Pickup;npc=3433;reason=outside-scan-radius;retry=context-change excluded quest=894;stage=TurnIn;npc=4141;reason=outside-scan-radius;retry=context-change excluded quest=896;stage=Objective;scope=Objective;objective=0;retry=2026-09-05T06:10:20.8197153Z;state=Quarantined. excluded quest=9067;stage=Objective;scope=Objective;objective=0;retry=2026-09-05T07:12:52.3802265Z;state=Quarantined. excluded quest=9151;stage=Pickup;npc=16199;reason=outside-scan-radius;retry=context-change excluded quest=9157;stage=TurnIn;npc=16201;reason=outside-scan-radius;retry=context-change excluded quest=9214;stage=Pickup;npc=16220;reason=outside-scan-radius;retry=context-change excluded quest=9218;stage=Pickup;npc=16205;reason=outside-scan-radius;retry=context-change excluded quest=9275;stage=Pickup;npc=16464;reason=outside-scan-radius;retry=context-change excluded quest=9276;stage=Pickup;npc=16463;reason=outside-scan-radius;retry=context-change excluded quest=9281;stage=Pickup;npc=16480;reason=outside-scan-radius;retry=context-change excluded quest=9388;stage=Pickup;scope=QuestStage;retry=2026-09-05T06:10:20.8314367Z;state=Quarantined. excluded quest=9389;stage=Pickup;scope=QuestStage;retry=2026-09-05T06:10:20.8315248Z;state=Quarantined. excluded quest=9425;stage=Pickup;npc=16287;reason=outside-scan-radius;retry=context-change excluded quest=9428;stage=Pickup;npc=17098;reason=outside-scan-radius;retry=context-change excluded quest=959;stage=Pickup;npc=3665;reason=outside-scan-radius;retry=context-change excluded quest=962;stage=Pickup;npc=3419;reason=outside-scan-radius;retry=context-change excluded quest=965;stage=Pickup;npc=3657;reason=outside-scan-radius;retry=context-change excluded quest=9749;stage=Pickup;scope=QuestStage;retry=2026-09-05T06:10:20.8275214Z;state=Quarantined.
[11:29:24.135] [D] Compiling expression 'HasQuest(6629)'
[11:29:24.135] [D] [If] Condition is true, executing If body
[11:29:24.247] [N] [Objective] Goal: Kill Grimtotem Brute x 6
[11:29:24.247] [D] Goal: Goal: Kill Grimtotem Brute x 6
[11:29:24.248] [D] [GrindObjective] Using profile hotspots (4 points) for mob 11912
[11:29:24.251] [D] Activity: Moving to hotspot
[11:29:24.269] [D] [MeshNavigator] Skipped 2 path nodes
[11:29:25.111] [N] Loading 1_42_38
[11:29:31.541] [V] We are stuck! (TPS: 1.1, Latency: 0, loc: (-261.52, -941.21, 11.97))!
[11:29:31.575] [V] Trying dismount
[11:29:31.576] [D] Stop and dismount. Reason: Stuck Handler
[11:29:32.519] [N] Loading 1_27_43
[11:29:32.748] [N] Mounting: 35022
[11:29:35.769] [N] Loading 1_29_44
[11:29:35.798] [V] We are stuck! (TPS: 0.5, Latency: 0, loc: (-261.68, -941.16, 11.97))!
[11:29:35.831] [V] Trying jump
[11:29:38.187] [V] We are stuck! (TPS: 0.8, Latency: 0, loc: (-261.85, -941.09, 11.96))!
[11:29:38.188] [V] Trying strafe forward left for 600ms
[11:29:39.908] [D] Generating new path because we are not on the old path anymore!
[11:29:42.528] [N] Loading 1_39_29
[11:29:55.754] [N] Loading 1_40_28
[11:29:57.541] [N] Loading 1_22_30
[11:29:57.541] [N] Loading 1_40_27
[11:29:58.129] [D] [QuestLog] Loaded 67 completed quests from Lua fallback
[11:29:58.859] [N] Loading 1_28_27
[11:30:00.013] [N] Loading 1_31_35
[11:30:00.013] [N] Loading 1_35_34
[11:30:00.013] [N] Loading 1_35_35
[11:30:00.013] [N] Loading 1_32_30
[11:30:00.013] [N] Loading 1_31_30
[11:30:00.013] [N] Loading 1_31_36
[11:30:00.013] [N] Loading 1_30_31
[11:30:00.013] [N] Loading 1_30_35
[11:30:00.013] [N] Loading 1_35_36
[11:30:00.013] [N] Loading 1_36_35
[11:30:00.013] [N] Loading 1_30_30
[11:30:00.013] [N] Loading 1_32_37
[11:30:00.013] [N] Loading 1_33_37
[11:30:00.013] [N] Loading 1_34_37
[11:30:00.013] [N] Loading 1_30_36
[11:30:00.013] [N] Loading 1_31_37
[11:30:00.013] [N] Loading 1_29_34
[11:30:00.013] [N] Loading 1_29_31
[11:30:00.013] [N] Loading 1_29_35
[11:30:00.888] [N] Loading 1_29_30
[11:30:00.888] [N] Loading 1_29_32
[11:30:00.888] [N] Loading 1_36_34
[11:30:00.888] [N] Loading 1_30_29
[11:30:00.888] [N] Loading 1_36_36
[11:30:00.888] [N] Loading 1_35_37
[11:30:00.888] [N] Loading 1_29_29
[11:30:00.888] [N] Loading 1_37_35
[11:30:00.888] [N] Loading 1_37_34
[11:30:02.395] [N] Loading 1_29_36
[11:30:02.395] [N] Loading 1_29_33
[11:30:02.395] [N] Loading 1_30_37
[11:30:02.395] [N] Loading 1_28_31
[11:30:02.395] [N] Loading 1_33_38
[11:30:02.395] [N] Loading 1_31_29
[11:30:02.395] [N] Loading 1_28_32
[11:30:02.395] [N] Loading 1_32_38
[11:30:02.395] [N] Loading 1_28_30
[11:30:02.395] [N] Loading 1_31_38
[11:30:02.395] [N] Loading 1_36_37
[11:30:02.395] [N] Loading 1_34_38
[11:30:02.395] [N] Loading 1_37_36
[11:30:02.395] [N] Loading 1_34_33
[11:30:02.395] [N] Loading 1_29_37
[11:30:02.395] [N] Loading 1_28_33
[11:30:02.395] [N] Loading 1_28_29
[11:30:02.395] [N] Loading 1_30_28
[11:30:02.395] [N] Loading 1_35_38
[11:30:02.395] [N] Loading 1_31_28
[11:30:02.395] [N] Loading 1_28_36
[11:30:02.395] [N] Loading 1_28_35
[11:30:02.395] [N] Loading 1_30_38
[11:30:02.395] [N] Loading 1_29_28
[11:30:02.395] [N] Loading 1_33_39
[11:30:02.395] [N] Loading 1_38_35
[11:30:02.395] [N] Loading 1_34_39
[11:30:02.395] [N] Loading 1_32_39
[11:30:02.395] [N] Loading 1_37_37
[11:30:02.395] [N] Loading 1_28_37
[11:30:02.395] [N] Loading 1_38_36
[11:30:02.395] [N] Loading 1_31_39
[11:30:02.395] [N] Loading 1_36_38
[11:30:02.395] [N] Loading 1_28_34
[11:30:02.395] [N] Loading 1_29_38
[11:30:02.395] [N] Loading 1_27_30
[11:30:02.395] [N] Loading 1_38_34
[11:30:02.395] [N] Loading 1_32_28
[11:30:02.395] [N] Loading 1_32_29
[11:30:02.395] [N] Loading 1_27_36
[11:30:02.395] [N] Loading 1_27_35
[11:30:02.395] [N] Loading 1_36_30
[11:30:02.395] [N] Loading 1_30_39
[11:30:02.395] [N] Loading 1_27_29
[11:30:02.395] [N] Loading 1_31_27
[11:30:02.395] [N] Loading 1_35_39
[11:30:02.395] [N] Loading 1_33_29
[11:30:02.395] [N] Loading 1_33_28
[11:30:02.395] [N] Loading 1_27_33
[11:30:02.395] [N] Loading 1_39_35
[11:30:02.395] [N] Loading 1_27_34
[11:30:02.395] [N] Loading 1_38_37
[11:30:02.395] [N] Loading 1_27_32
[11:30:02.395] [N] Loading 1_27_37
[11:30:02.395] [N] Loading 1_39_36
[11:30:02.395] [N] Loading 1_28_38
[11:30:02.395] [N] Loading 1_38_31
[11:30:02.395] [N] Loading 1_31_40
[11:30:02.395] [N] Loading 1_36_39
[11:30:02.395] [N] Loading 1_29_39
[11:30:02.395] [N] Loading 1_32_27
[11:30:02.395] [N] Loading 1_39_34
[11:30:02.395] [N] Loading 1_38_32
[11:30:02.395] [N] Loading 1_34_29
[11:30:02.395] [N] Loading 1_32_40
[11:30:02.395] [N] Loading 1_34_28
[11:30:02.395] [N] Loading 1_33_27
[11:30:02.395] [N] Loading 1_30_40
[11:30:02.395] [N] Loading 1_34_40
[11:30:02.395] [N] Loading 1_26_35
[11:30:02.395] [N] Loading 1_26_34
[11:30:02.395] [N] Loading 1_33_40
[11:30:02.395] [N] Loading 1_39_37
[11:30:02.395] [N] Loading 1_35_40
[11:30:02.395] [N] Loading 1_26_29
[11:30:02.395] [N] Loading 1_27_28
[11:30:02.395] [N] Loading 1_27_31
[11:30:02.395] [N] Loading 1_40_35
[11:30:02.395] [N] Loading 1_26_33
[11:30:02.395] [N] Loading 1_26_36
[11:30:02.395] [N] Loading 1_37_38
[11:30:02.395] [N] Loading 1_27_38
[11:30:02.395] [N] Loading 1_28_39
[11:30:02.395] [N] Loading 1_35_29
[11:30:02.395] [N] Loading 1_40_36
[11:30:02.395] [N] Loading 1_34_27
[11:30:02.395] [N] Loading 1_28_28
[11:30:02.395] [N] Loading 1_26_37
[11:30:02.395] [N] Loading 1_31_41
[11:30:02.395] [N] Loading 1_35_28
[11:30:02.395] [N] Loading 1_38_33
[11:30:02.395] [N] Loading 1_26_32
[11:30:02.395] [N] Loading 1_26_30
[11:30:02.395] [N] Loading 1_29_40
[11:30:02.395] [N] Loading 1_26_28
[11:30:02.395] [N] Loading 1_37_39
[11:30:02.395] [N] Loading 1_32_41
[11:30:02.395] [N] Loading 1_30_41
[11:30:02.395] [N] Loading 1_32_26
[11:30:02.395] [N] Loading 1_33_26
[11:30:02.395] [N] Loading 1_36_40
[11:30:02.395] [N] Loading 1_40_34
[11:30:02.395] [N] Loading 1_38_38
[11:30:02.395] [N] Loading 1_25_35
[11:30:02.395] [N] Loading 1_26_38
[11:30:02.395] [N] Loading 1_26_31
[11:30:02.395] [N] Loading 1_35_27
[11:30:02.395] [N] Loading 1_39_38
[11:30:02.395] [N] Loading 1_33_41
[11:30:02.395] [N] Loading 1_40_37
[11:30:02.395] [N] Loading 1_41_35
[11:30:02.395] [N] Loading 1_25_34
[11:30:02.395] [N] Loading 1_36_29
[11:30:02.395] [N] Loading 1_36_28
[11:30:02.395] [N] Loading 1_34_26
[11:30:02.395] [N] Loading 1_27_39
[11:30:02.395] [N] Loading 1_37_40
[11:30:02.395] [N] Loading 1_41_36
[11:30:02.395] [N] Loading 1_25_33
[11:30:02.395] [N] Loading 1_31_26
[11:30:02.395] [N] Loading 1_38_39
[11:30:02.395] [N] Loading 1_28_40
[11:30:02.395] [N] Loading 1_31_42
[11:30:02.395] [N] Loading 1_29_41
[11:30:02.395] [N] Loading 1_35_41
[11:30:02.395] [N] Loading 1_35_26
[11:30:02.395] [N] Loading 1_34_41
[11:30:02.395] [N] Loading 1_32_42
[11:30:02.395] [N] Loading 1_27_27
[11:30:02.395] [N] Loading 1_25_32
[11:30:02.395] [N] Loading 1_25_31
[11:30:02.395] [N] Loading 1_40_38
[11:30:02.395] [N] Loading 1_36_27
[11:30:02.395] [N] Loading 1_24_34
[11:30:02.395] [N] Loading 1_25_37
[11:30:02.395] [N] Loading 1_24_35
[11:30:02.395] [N] Loading 1_26_39
[11:30:02.395] [N] Loading 1_25_38
[11:30:02.395] [N] Loading 1_30_42
[11:30:02.395] [N] Loading 1_39_39
[11:30:02.395] [N] Loading 1_33_42
[11:30:02.395] [N] Loading 1_28_41
[11:30:02.395] [N] Loading 1_38_40
[11:30:02.395] [N] Loading 1_36_26
[11:30:02.395] [N] Loading 1_41_37
[11:30:02.395] [N] Loading 1_36_41
[11:30:02.395] [N] Loading 1_33_25
[11:30:02.395] [N] Loading 1_29_42
[11:30:02.395] [N] Loading 1_24_33
[11:30:02.395] [N] Loading 1_32_25
[11:30:02.395] [N] Loading 1_25_30
[11:30:02.395] [N] Loading 1_30_27
[11:30:02.395] [N] Loading 1_41_38
[11:30:02.395] [N] Loading 1_34_42
[11:30:02.395] [N] Loading 1_25_39
[11:30:02.395] [N] Loading 1_27_40
[11:30:02.395] [N] Loading 1_40_39
[11:30:02.395] [N] Loading 1_37_27
[11:30:02.395] [N] Loading 1_24_32
[11:30:02.395] [N] Loading 1_39_40
[11:30:02.395] [N] Loading 1_37_41
[11:30:02.395] [N] Loading 1_31_25
[11:30:02.395] [N] Loading 1_35_25
[11:30:02.395] [N] Loading 1_30_26
[11:30:02.395] [N] Loading 1_26_40
[11:30:02.395] [N] Loading 1_23_34
[11:30:02.395] [N] Loading 1_23_33
[11:30:02.395] [N] Loading 1_37_28
[11:30:02.395] [N] Loading 1_34_25
[11:30:02.395] [N] Loading 1_41_34
[11:30:02.395] [N] Loading 1_24_31
[11:30:02.395] [N] Loading 1_27_41
[11:30:02.395] [N] Loading 1_31_43
[11:30:02.395] [N] Loading 1_35_42
[11:30:02.395] [N] Loading 1_24_30
[11:30:02.395] [N] Loading 1_42_35
[11:30:02.395] [N] Loading 1_36_25
[11:30:02.395] [N] Loading 1_32_43
[11:30:02.395] [N] Loading 1_41_39
[11:30:02.395] [N] Loading 1_28_42
[11:30:02.395] [N] Loading 1_37_29
[11:30:02.395] [N] Loading 1_42_34
[11:30:02.395] [N] Loading 1_25_40
[11:30:02.396] [N] Loading 1_38_41
[11:30:02.396] [N] Loading 1_33_43
[11:30:02.396] [N] Loading 1_37_26
[11:30:02.396] [N] Loading 1_23_32
[11:30:02.396] [N] Loading 1_30_43
[11:30:02.396] [N] Loading 1_40_33
[11:30:02.396] [N] Loading 1_39_41
[11:30:02.396] [N] Loading 1_25_29
[11:30:02.396] [N] Loading 1_38_27
[11:30:02.396] [N] Loading 1_41_33
[11:30:02.396] [N] Loading 1_38_28
[11:30:02.396] [N] Loading 1_39_33
[11:30:02.396] [N] Loading 1_34_43
[11:30:02.396] [N] Loading 1_30_25
[11:30:02.396] [N] Loading 1_42_36
[11:30:02.396] [N] Loading 1_36_42
[11:30:02.396] [N] Loading 1_40_40
[11:30:02.396] [N] Loading 1_24_29
[11:30:02.396] [N] Loading 1_22_33
[11:30:02.396] [N] Loading 1_26_41
[11:30:02.396] [N] Loading 1_33_24
[11:30:02.396] [N] Loading 1_29_43
[11:30:02.396] [N] Loading 1_29_27
[11:30:02.396] [N] Loading 1_38_26
[11:30:02.396] [N] Loading 1_39_32
[11:30:02.396] [N] Loading 1_40_32
[11:30:02.396] [N] Loading 1_23_31
[11:30:02.396] [N] Loading 1_24_39
[11:30:02.396] [N] Loading 1_24_40
[11:30:02.396] [N] Loading 1_22_32
[11:30:02.396] [N] Loading 1_25_41
[11:30:02.396] [N] Loading 1_27_42
[11:30:02.396] [N] Loading 1_29_26
[11:30:02.396] [N] Loading 1_35_24
[11:30:02.396] [N] Loading 1_34_24
[11:30:02.396] [N] Loading 1_35_43
[11:30:02.396] [N] Loading 1_40_41
[11:30:02.396] [N] Loading 1_23_30
[11:30:02.396] [N] Loading 1_39_28
[11:30:02.396] [N] Loading 1_39_27
[11:30:02.396] [N] Loading 1_37_42
[11:30:02.396] [N] Loading 1_39_31
[11:30:02.396] [N] Loading 1_42_37
[11:30:02.396] [N] Loading 1_40_31
[11:30:02.396] [N] Loading 1_36_24
[11:30:02.396] [N] Loading 1_25_28
[11:30:02.396] [N] Loading 1_23_29
[11:30:02.396] [N] Loading 1_37_25
[11:30:02.396] [N] Loading 1_37_24
[11:30:05.044] [N] Loading 1_23_28
[11:30:17.894] [N] Loading 1_28_43
[11:30:17.894] [N] Loading 1_43_36
[11:30:17.894] [N] Loading 1_41_32
[11:30:17.894] [N] Loading 1_31_44
[11:30:17.894] [N] Loading 1_21_33
[11:30:17.894] [N] Loading 1_24_41
[11:30:17.894] [N] Loading 1_32_44
[11:30:17.894] [N] Loading 1_26_42
[11:30:17.894] [N] Loading 1_21_32
[11:30:17.894] [N] Loading 1_38_42
[11:30:17.894] [N] Loading 1_33_44
[11:30:17.894] [N] Loading 1_30_44
[11:30:17.894] [N] Loading 1_39_42
[11:30:17.894] [N] Loading 1_39_30
[11:30:17.894] [N] Loading 1_40_30
[11:30:17.894] [N] Loading 1_41_31
[11:30:17.894] [N] Loading 1_22_34
[11:30:17.894] [N] Loading 1_21_34
[11:30:17.894] [N] Loading 1_34_44
[11:30:18.776] [N] Loading 1_29_25
[11:30:18.776] [N] Loading 1_24_28
[11:30:18.776] [N] Loading 1_22_31
[11:30:18.776] [N] Loading 1_25_42
[11:30:18.776] [N] Loading 1_36_43
[11:30:23.572] [N] Loading 1_30_34
[11:30:23.572] [N] Loading 1_30_33
[11:30:23.572] [N] Loading 1_30_32
[11:30:27.626] [D] Changed POI to: Type: Kill, Name: Grimtotem Brute, Guid: F130002E88037BE3, Entry: 11912, Location: (-11.10, -783.92, 1.14)
[11:30:27.726] [D] [Singular-DEBUG] Switched targets!
[11:30:27.726] [D] [Singular-DEBUG] Melee Distance: 6.8833337
[11:30:27.726] [D] [Singular-DEBUG] Health: 100
[11:30:27.726] [D] [Singular-DEBUG] Level: 15
[11:30:28.097] [D] Dismount to kill bot poi.
[11:30:28.097] [D] Stop and dismount. Reason: Combat
[11:30:29.003] [N] [Singular] Casting Exorcism on Grimtotem Brute
[11:30:29.003] [D] Spell_C::CastSpell(879, 0, 0xF130002E88037BE3, 0)
[11:30:31.055] [N] [Singular] Casting Judgement of Light on Grimtotem Brute
[11:30:31.055] [D] Spell_C::CastSpell(20271, 0, 0xF130002E88037BE3, 0)
[11:30:38.173] [N] [Singular] Casting Consecration on Grimtotem Brute
[11:30:38.173] [D] Spell_C::CastSpell(26573, 0, 0xF130002E88037BE3, 0)
[11:30:38.679] [D] Cleared POI - Reason POI is dead from Combat
[11:30:38.679] [D] Cleared POI
[11:30:39.352] [D] [Singular-DEBUG] Switched targets!
[11:30:39.352] [D] [Singular-DEBUG] Melee Distance: 6.8833337
[11:30:39.352] [D] [Singular-DEBUG] Health: 93.90243902439025
[11:30:39.352] [D] [Singular-DEBUG] Level: 15
[11:30:39.885] [N] [Singular] Casting Divine Protection on Myself
[11:30:39.885] [D] Spell_C::CastSpell(498, 0, 0x6000000007EAB80, 0)
[11:30:40.020] [D] [QuestRecovery] quest=6629, stage=Objective, old=Attempting, new=Eligible, reason=None, episode=0, attempt=0, retry=
[11:30:40.555] [N] [Singular] Casting Judgement of Light on Grimtotem Mercenary
[11:30:40.555] [D] Spell_C::CastSpell(20271, 0, 0xF130002E87037BB5, 0)
[11:30:44.088] [N] [Singular] Currect target is invalid. Switching to Grimtotem Mercenary!
[11:30:44.256] [D] [Singular-DEBUG] Switched targets!
[11:30:44.256] [D] [Singular-DEBUG] Melee Distance: 6.5833335
[11:30:44.256] [D] [Singular-DEBUG] Health: 55.792682926829265
[11:30:44.256] [D] [Singular-DEBUG] Level: 15
[11:30:44.726] [D] [Singular-DEBUG] Switched targets!
[11:30:44.726] [D] [Singular-DEBUG] Melee Distance: 6.5833335
[11:30:44.726] [D] [Singular-DEBUG] Health: 59.75609756097561
[11:30:44.726] [D] [Singular-DEBUG] Level: 15
[11:30:46.442] [N] [Singular] Casting Exorcism on Grimtotem Mercenary
[11:30:46.442] [D] Spell_C::CastSpell(879, 0, 0xF130002E87037C16, 0)
[11:30:50.451] [N] [Singular] Currect target is invalid. Switching to Grimtotem Mercenary!
[11:30:51.057] [D] [Singular-DEBUG] Switched targets!
[11:30:51.057] [D] [Singular-DEBUG] Melee Distance: 6.5833335
[11:30:51.057] [D] [Singular-DEBUG] Health: 31.097560975609756
[11:30:51.057] [D] [Singular-DEBUG] Level: 15
[11:30:52.140] [N] [Singular] Casting Exorcism on Grimtotem Mercenary
[11:30:52.140] [D] Spell_C::CastSpell(879, 0, 0xF130002E87037C22, 0)
[11:30:55.143] [N] [Singular] Casting Judgement of Light on Grimtotem Mercenary
[11:30:55.143] [D] Spell_C::CastSpell(20271, 0, 0xF130002E87037C22, 0)
[11:30:55.683] [N] [Singular] Currect target is invalid. Switching to Grimtotem Mercenary!
[11:30:55.816] [D] [Singular-DEBUG] Switched targets!
[11:30:55.816] [D] [Singular-DEBUG] Melee Distance: 6.5833335
[11:30:55.816] [D] [Singular-DEBUG] Health: 0
[11:30:55.816] [D] [Singular-DEBUG] Level: 15
[11:30:56.289] [D] [Singular-DEBUG] Switched targets!
[11:30:56.289] [D] [Singular-DEBUG] Melee Distance: 6.8833337
[11:30:56.289] [D] [Singular-DEBUG] Health: 34.146341463414636
[11:30:56.289] [D] [Singular-DEBUG] Level: 15
[11:30:56.931] [N] [Singular] Casting Judgement of Light on Grimtotem Mercenary
[11:30:56.931] [D] Spell_C::CastSpell(20271, 0, 0xF130002E87037C2A, 0)
[11:30:58.211] [D] Changed POI to: Type: Loot, Name: Grimtotem Mercenary, Guid: F130002E87037C22, Entry: 11911, Location: (-2.33, -765.11, -0.75)
[11:30:58.785] [D] [QuestLog] Loaded 67 completed quests from Lua fallback
[11:30:59.156] [D] [Interact] Interacting with object at 0x2ED35618
[11:30:59.189] [D] [Interact] Done interacting with object at 0x2ED35618
[11:30:59.392] [N] Eating Bristle Whisker Catfish
[11:30:59.426] [N] [Wholesome Auto Quest] Rest: HP=55% MP=75% — paused (ate)
[11:30:59.696] [N] Looting Grimtotem Mercenary Guid 0xF130002E87037C22
[11:30:59.797] [D] Cleared POI - Reason Waiting for loot flag
[11:30:59.797] [D] Cleared POI
[11:31:07.394] [N] [Wholesome Auto Quest] Rest done — HP=87% MP=77%
[11:31:11.319] [D] Changed POI to: Type: Loot, Name: Grimtotem Brute, Guid: F130002E88037BE3, Entry: 11912, Location: (-6.91, -769.42, -1.11)
[11:31:12.022] [D] [Interact] Interacting with object at 0x2ED341C8
[11:31:12.054] [D] [Interact] Done interacting with object at 0x2ED341C8
[11:31:13.025] [N] Looting Grimtotem Brute Guid 0xF130002E88037BE3
[11:31:13.127] [D] Cleared POI - Reason Waiting for loot flag
[11:31:13.127] [D] Cleared POI
[11:31:14.274] [D] Changed POI to: Type: Loot, Name: Grimtotem Mercenary, Guid: F130002E87037C16, Entry: 11911, Location: (1.22, -760.52, -2.98)
[11:31:14.777] [D] [Interact] Interacting with object at 0x2ED3A758
[11:31:14.809] [D] [Interact] Done interacting with object at 0x2ED3A758
[11:31:15.919] [D] [Singular-DEBUG] Switched targets!
[11:31:15.919] [D] [Singular-DEBUG] Melee Distance: 6.5833335
[11:31:15.919] [D] [Singular-DEBUG] Health: 0
[11:31:15.919] [D] [Singular-DEBUG] Level: 15
[11:31:17.095] [N] Looting Grimtotem Mercenary Guid 0xF130002E87037C16
[11:31:17.196] [D] Cleared POI - Reason Waiting for loot flag
[11:31:17.196] [D] Cleared POI
[11:31:17.836] [D] Changed POI to: Type: Loot, Name: Grimtotem Mercenary, Guid: F130002E87037C2A, Entry: 11911, Location: (-1.41, -774.22, -1.38)
[11:31:18.340] [N] Moving to Type: Loot, Name: Grimtotem Mercenary, Guid: F130002E87037C2A, Entry: 11911, Location: (-1.41, -774.22, -1.38)
[11:31:18.574] [N] Mounting: 35022
[11:31:20.731] [D] Dismount for interaction.
[11:31:20.731] [D] Stop and dismount. Reason: Near destination
[11:31:21.607] [D] [Interact] Interacting with object at 0x2ED3CFF8
[11:31:21.637] [D] [Interact] Done interacting with object at 0x2ED3CFF8
[11:31:23.150] [N] Looting Grimtotem Mercenary Guid 0xF130002E87037C2A
[11:31:23.251] [D] Cleared POI - Reason Waiting for loot flag
[11:31:23.251] [D] Cleared POI
[11:31:23.893] [D] Changed POI to: Type: Loot, Name: Grimtotem Mercenary, Guid: F130002E87037BB5, Entry: 11911, Location: (-12.67, -775.88, 0.17)
[11:31:24.395] [N] Moving to Type: Loot, Name: Grimtotem Mercenary, Guid: F130002E87037BB5, Entry: 11911, Location: (-12.67, -775.88, 0.17)
[11:31:26.184] [D] [Interact] Interacting with object at 0x2ED37EB8
[11:31:26.207] [D] [Interact] Done interacting with object at 0x2ED37EB8
[11:31:26.854] [D] [Singular-DEBUG] Switched targets!
[11:31:26.854] [D] [Singular-DEBUG] Melee Distance: 6.8833337
[11:31:26.854] [D] [Singular-DEBUG] Health: 0
[11:31:26.854] [D] [Singular-DEBUG] Level: 15
[11:31:27.212] [N] Looting Grimtotem Mercenary Guid 0xF130002E87037BB5
[11:31:27.311] [D] Cleared POI - Reason Waiting for loot flag
[11:31:27.311] [D] Cleared POI
[11:31:29.076] [N] Loading 1_32_30
[11:31:29.076] [N] Loading 1_31_30
[11:31:29.076] [N] Loading 1_31_35
[11:31:29.076] [N] Loading 1_30_31
[11:31:29.076] [N] Loading 1_30_30
[11:31:29.076] [N] Loading 1_30_35
[11:31:29.076] [N] Loading 1_31_36
[11:31:29.076] [N] Loading 1_35_34
[11:31:29.076] [N] Loading 1_35_35
[11:31:29.076] [N] Loading 1_29_31
[11:31:29.076] [N] Loading 1_29_30
[11:31:29.076] [N] Loading 1_29_32
[11:31:29.076] [N] Loading 1_30_36
[11:31:29.076] [N] Loading 1_35_36
[11:31:29.076] [N] Loading 1_29_34
[11:31:29.076] [N] Loading 1_32_37
[11:31:29.076] [N] Loading 1_30_29
[11:31:29.076] [N] Loading 1_33_37
[11:31:29.076] [N] Loading 1_36_35
[11:31:29.076] [N] Loading 1_34_37
[11:31:29.076] [N] Loading 1_29_35
[11:31:29.076] [N] Loading 1_31_37
[11:31:29.076] [N] Loading 1_36_34
[11:31:29.076] [N] Loading 1_29_29
[11:31:29.076] [N] Loading 1_29_33
[11:31:29.076] [N] Loading 1_36_36
[11:31:29.076] [N] Loading 1_28_31
[11:31:29.076] [N] Loading 1_31_29
[11:31:29.076] [N] Loading 1_28_32
[11:31:29.076] [N] Loading 1_35_37
[11:31:29.076] [N] Loading 1_29_36
[11:31:29.076] [N] Loading 1_28_30
[11:31:29.076] [N] Loading 1_30_37
[11:31:29.076] [N] Loading 1_33_38
[11:31:29.076] [N] Loading 1_37_35
[11:31:29.076] [N] Loading 1_32_38
[11:31:29.076] [N] Loading 1_37_34
[11:31:29.076] [N] Loading 1_28_33
[11:31:29.076] [N] Loading 1_28_29
[11:31:29.076] [N] Loading 1_31_38
[11:31:29.076] [N] Loading 1_30_28
[11:31:29.076] [N] Loading 1_36_37
[11:31:29.076] [N] Loading 1_31_28
[11:31:29.076] [N] Loading 1_34_38
[11:31:29.076] [N] Loading 1_37_36
[11:31:29.076] [N] Loading 1_34_33
[11:31:29.076] [N] Loading 1_29_37
[11:31:29.076] [N] Loading 1_29_28
[11:31:29.076] [N] Loading 1_35_38
[11:31:29.076] [N] Loading 1_28_36
[11:31:29.076] [N] Loading 1_28_35
[11:31:29.076] [N] Loading 1_30_38
[11:31:29.076] [N] Loading 1_27_30
[11:31:29.076] [N] Loading 1_33_39
[11:31:29.076] [N] Loading 1_32_28
[11:31:29.076] [N] Loading 1_38_35
[11:31:29.076] [N] Loading 1_34_39
[11:31:29.076] [N] Loading 1_32_39
[11:31:29.076] [N] Loading 1_37_37
[11:31:29.076] [N] Loading 1_32_29
[11:31:29.076] [N] Loading 1_28_37
[11:31:29.076] [N] Loading 1_38_36
[11:31:29.076] [N] Loading 1_31_39
[11:31:29.076] [N] Loading 1_27_29
[11:31:29.076] [N] Loading 1_36_38
[11:31:29.076] [N] Loading 1_28_34
[11:31:29.076] [N] Loading 1_29_38
[11:31:29.076] [N] Loading 1_31_27
[11:31:29.076] [N] Loading 1_38_34
[11:31:29.076] [N] Loading 1_33_29
[11:31:29.076] [N] Loading 1_33_28
[11:31:29.076] [N] Loading 1_27_33
[11:31:29.076] [N] Loading 1_27_36
[11:31:29.076] [N] Loading 1_27_35
[11:31:29.076] [N] Loading 1_27_32
[11:31:29.076] [N] Loading 1_36_30
[11:31:29.076] [N] Loading 1_30_39
[11:31:29.076] [N] Loading 1_35_39
[11:31:29.076] [N] Loading 1_32_27
[11:31:29.076] [N] Loading 1_27_34
[11:31:29.076] [N] Loading 1_34_29
[11:31:29.076] [N] Loading 1_39_35
[11:31:29.076] [N] Loading 1_38_37
[11:31:29.076] [N] Loading 1_27_37
[11:31:29.076] [N] Loading 1_34_28
[11:31:29.076] [N] Loading 1_33_27
[11:31:29.076] [N] Loading 1_39_36
[11:31:29.076] [N] Loading 1_28_38
[11:31:29.076] [N] Loading 1_38_31
[11:31:29.076] [N] Loading 1_31_40
[11:31:29.076] [N] Loading 1_36_39
[11:31:29.076] [N] Loading 1_29_39
[11:31:29.076] [N] Loading 1_39_34
[11:31:29.076] [N] Loading 1_38_32
[11:31:29.076] [N] Loading 1_32_40
[11:31:29.076] [N] Loading 1_26_29
[11:31:29.076] [N] Loading 1_27_28
[11:31:29.076] [N] Loading 1_27_31
[11:31:29.076] [N] Loading 1_30_40
[11:31:29.076] [N] Loading 1_34_40
[11:31:29.076] [N] Loading 1_35_29
[11:31:29.076] [N] Loading 1_26_35
[11:31:29.076] [N] Loading 1_34_27
[11:31:29.076] [N] Loading 1_26_34
[11:31:29.076] [N] Loading 1_28_28
[11:31:29.076] [N] Loading 1_33_40
[11:31:29.076] [N] Loading 1_35_28
[11:31:29.076] [N] Loading 1_26_33
[11:31:29.076] [N] Loading 1_26_32
[11:31:29.076] [N] Loading 1_39_37
[11:31:29.076] [N] Loading 1_26_30
[11:31:29.076] [N] Loading 1_35_40
[11:31:29.076] [N] Loading 1_26_28
[11:31:29.076] [N] Loading 1_40_35
[11:31:29.076] [N] Loading 1_26_36
[11:31:29.076] [N] Loading 1_37_38
[11:31:29.076] [N] Loading 1_27_38
[11:31:29.076] [N] Loading 1_28_39
[11:31:29.076] [N] Loading 1_32_26
[11:31:29.076] [N] Loading 1_33_26
[11:31:29.076] [N] Loading 1_40_36
[11:31:29.076] [N] Loading 1_26_37
[11:31:29.076] [N] Loading 1_31_41
[11:31:29.076] [N] Loading 1_38_33
[11:31:29.076] [N] Loading 1_26_31
[11:31:29.076] [N] Loading 1_29_40
[11:31:29.076] [N] Loading 1_35_27
[11:31:29.076] [N] Loading 1_37_39
[11:31:29.076] [N] Loading 1_32_41
[11:31:29.076] [N] Loading 1_30_41
[11:31:29.076] [N] Loading 1_36_29
[11:31:29.076] [N] Loading 1_36_40
[11:31:29.076] [N] Loading 1_36_28
[11:31:29.076] [N] Loading 1_40_34
[11:31:29.076] [N] Loading 1_38_38
[11:31:29.076] [N] Loading 1_25_35
[11:31:29.076] [N] Loading 1_34_26
[11:31:29.076] [N] Loading 1_26_38
[11:31:29.076] [N] Loading 1_39_38
[11:31:29.076] [N] Loading 1_33_41
[11:31:29.076] [N] Loading 1_40_37
[11:31:29.076] [N] Loading 1_31_26
[11:31:29.076] [N] Loading 1_41_35
[11:31:29.076] [N] Loading 1_25_34
[11:31:29.076] [N] Loading 1_25_33
[11:31:29.076] [N] Loading 1_35_26
[11:31:29.076] [N] Loading 1_27_27
[11:31:29.076] [N] Loading 1_25_32
[11:31:29.076] [N] Loading 1_25_31
[11:31:29.076] [N] Loading 1_27_39
[11:31:29.076] [N] Loading 1_36_27
[11:31:29.076] [N] Loading 1_37_40
[11:31:29.076] [N] Loading 1_41_36
[11:31:29.076] [N] Loading 1_38_39
[11:31:29.076] [N] Loading 1_28_40
[11:31:29.076] [N] Loading 1_31_42
[11:31:29.076] [N] Loading 1_29_41
[11:31:29.076] [N] Loading 1_35_41
[11:31:29.076] [N] Loading 1_34_41
[11:31:29.076] [N] Loading 1_32_42
[11:31:29.076] [N] Loading 1_40_38
[11:31:29.076] [N] Loading 1_36_26
[11:31:29.076] [N] Loading 1_24_34
[11:31:29.076] [N] Loading 1_25_37
[11:31:29.076] [N] Loading 1_24_35
[11:31:29.076] [N] Loading 1_26_39
[11:31:29.076] [N] Loading 1_25_38
[11:31:29.076] [N] Loading 1_33_25
[11:31:29.076] [N] Loading 1_32_25
[11:31:29.076] [N] Loading 1_30_42
[11:31:29.076] [N] Loading 1_39_39
[11:31:29.076] [N] Loading 1_25_30
[11:31:29.076] [N] Loading 1_33_42
[11:31:29.076] [N] Loading 1_30_27
[11:31:29.076] [N] Loading 1_28_41
[11:31:29.076] [N] Loading 1_38_40
[11:31:29.076] [N] Loading 1_41_37
[11:31:29.076] [N] Loading 1_36_41
[11:31:29.076] [N] Loading 1_37_27
[11:31:29.076] [N] Loading 1_29_42
[11:31:29.076] [N] Loading 1_24_33
[11:31:29.076] [N] Loading 1_24_32
[11:31:29.076] [N] Loading 1_31_25
[11:31:29.076] [N] Loading 1_35_25
[11:31:29.076] [N] Loading 1_30_26
[11:31:29.076] [N] Loading 1_37_28
[11:31:29.076] [N] Loading 1_41_38
[11:31:29.076] [N] Loading 1_34_42
[11:31:29.076] [N] Loading 1_25_39
[11:31:29.076] [N] Loading 1_27_40
[11:31:29.076] [N] Loading 1_40_39
[11:31:29.076] [N] Loading 1_34_25
[11:31:29.076] [N] Loading 1_24_31
[11:31:29.076] [N] Loading 1_39_40
[11:31:29.076] [N] Loading 1_37_41
[11:31:29.076] [N] Loading 1_26_40
[11:31:29.076] [N] Loading 1_24_30
[11:31:29.076] [N] Loading 1_23_34
[11:31:29.076] [N] Loading 1_36_25
[11:31:29.076] [N] Loading 1_23_33
[11:31:29.076] [N] Loading 1_37_29
[11:31:29.076] [N] Loading 1_41_34
[11:31:29.076] [N] Loading 1_37_26
[11:31:29.076] [N] Loading 1_27_41
[11:31:29.076] [N] Loading 1_25_29
[11:31:29.076] [N] Loading 1_38_27
[11:31:29.076] [N] Loading 1_31_43
[11:31:29.076] [N] Loading 1_38_28
[11:31:29.076] [N] Loading 1_35_42
[11:31:29.076] [N] Loading 1_42_35
[11:31:29.076] [N] Loading 1_32_43
[11:31:29.076] [N] Loading 1_41_39
[11:31:29.076] [N] Loading 1_30_25
[11:31:29.076] [N] Loading 1_28_42
[11:31:29.076] [N] Loading 1_42_34
[11:31:29.076] [N] Loading 1_25_40
[11:31:29.076] [N] Loading 1_38_41
[11:31:29.076] [N] Loading 1_33_43
[11:31:29.076] [N] Loading 1_23_32
[11:31:29.076] [N] Loading 1_24_29
[11:31:29.076] [N] Loading 1_30_43
[11:31:29.076] [N] Loading 1_40_33
[11:31:29.076] [N] Loading 1_39_41
[11:31:29.076] [N] Loading 1_41_33
[11:31:29.076] [N] Loading 1_33_24
[11:31:29.077] [N] Loading 1_29_27
[11:31:29.077] [N] Loading 1_38_26
[11:31:29.077] [N] Loading 1_23_31
[11:31:29.077] [N] Loading 1_39_33
[11:31:29.077] [N] Loading 1_34_43
[11:31:29.077] [N] Loading 1_42_36
[11:31:29.077] [N] Loading 1_36_42
[11:31:29.077] [N] Loading 1_40_40
[11:31:29.077] [N] Loading 1_22_33
[11:31:29.077] [N] Loading 1_26_41
[11:31:29.077] [N] Loading 1_29_26
[11:31:29.077] [N] Loading 1_35_24
[11:31:29.077] [N] Loading 1_34_24
[11:31:29.077] [N] Loading 1_29_43
[11:31:29.077] [N] Loading 1_39_32
[11:31:29.077] [N] Loading 1_40_32
[11:31:29.077] [N] Loading 1_23_30
[11:31:29.077] [N] Loading 1_39_28
[11:31:29.077] [N] Loading 1_39_27
[11:31:29.077] [N] Loading 1_24_39
[11:31:29.077] [N] Loading 1_24_40
[11:31:29.077] [N] Loading 1_22_32
[11:31:29.077] [N] Loading 1_36_24
[11:31:29.077] [N] Loading 1_25_28
[11:31:29.077] [N] Loading 1_23_29
[11:31:29.077] [N] Loading 1_25_41
[11:31:29.077] [N] Loading 1_27_42
[11:31:29.077] [N] Loading 1_37_25
[11:31:29.077] [N] Loading 1_35_43
[11:31:29.077] [N] Loading 1_40_41
[11:31:29.077] [N] Loading 1_37_42
[11:31:29.077] [N] Loading 1_39_31
[11:31:29.077] [N] Loading 1_42_37
[11:31:29.077] [N] Loading 1_40_31
[11:31:29.077] [N] Loading 1_29_25
[11:31:29.077] [N] Loading 1_24_28
[11:31:29.077] [N] Loading 1_22_31
[11:31:29.077] [N] Loading 1_28_43
[11:31:29.077] [N] Loading 1_39_29
[11:31:29.077] [N] Loading 1_43_36
[11:31:29.077] [N] Loading 1_41_32
[11:31:29.077] [N] Loading 1_31_44
[11:31:29.077] [N] Loading 1_21_33
[11:31:29.077] [N] Loading 1_24_41
[11:31:29.077] [N] Loading 1_32_44
[11:31:29.077] [N] Loading 1_26_42
[11:31:29.077] [N] Loading 1_21_32
[11:31:29.077] [N] Loading 1_40_28
[11:31:29.077] [N] Loading 1_38_42
[11:31:29.077] [N] Loading 1_22_30
[11:31:29.077] [N] Loading 1_40_27
[11:31:29.077] [N] Loading 1_33_44
[11:31:29.077] [N] Loading 1_28_27
[11:31:29.077] [N] Loading 1_30_44
[11:31:29.077] [N] Loading 1_39_42
[11:31:29.077] [N] Loading 1_37_24
[11:31:29.077] [N] Loading 1_39_30
[11:31:29.077] [N] Loading 1_23_28
[11:31:29.077] [N] Loading 1_40_30
[11:31:29.077] [N] Loading 1_41_31
[11:31:29.077] [N] Loading 1_22_34
[11:31:29.077] [N] Loading 1_21_34
[11:31:29.077] [N] Loading 1_34_44
[11:31:29.077] [N] Loading 1_25_42
[11:31:29.077] [N] Loading 1_36_43
[11:31:31.371] [N] Mounting: 35022
[11:31:43.748] [N] Loading 1_28_26
[11:31:44.947] [D] [Singular-DEBUG] Switched targets!
[11:31:44.947] [D] [Singular-DEBUG] Melee Distance: 6.8833337
[11:31:44.947] [D] [Singular-DEBUG] Health: 96.66666666666667
[11:31:44.947] [D] [Singular-DEBUG] Level: 14
[11:31:45.664] [D] Changed POI to: Type: Kill, Name: Grimtotem Mercenary, Guid: F130002E87079B6D, Entry: 11911, Location: (9.85, -693.16, -19.13)
[11:31:46.832] [N] [Singular] Casting Hand of Freedom on Myself
[11:31:46.833] [D] Spell_C::CastSpell(1044, 0, 0x6000000007EAB80, 0)
[11:31:48.611] [N] [Singular] Casting Exorcism on Grimtotem Mercenary
[11:31:48.611] [D] Spell_C::CastSpell(879, 0, 0xF130002E87079B6D, 0)
[11:31:54.467] [D] Cleared POI - Reason POI is dead from Combat
[11:31:54.467] [D] Cleared POI
[11:31:55.106] [D] [Singular-DEBUG] Switched targets!
[11:31:55.106] [D] [Singular-DEBUG] Melee Distance: 6.5833335
[11:31:55.106] [D] [Singular-DEBUG] Health: 83.33333333333333
[11:31:55.106] [D] [Singular-DEBUG] Level: 14
[11:31:55.676] [N] [Singular] Casting Exorcism on Grimtotem Ruffian
[11:31:55.676] [D] Spell_C::CastSpell(879, 0, 0xF130002E86079B53, 0)
[11:31:59.851] [D] [QuestLog] Loaded 67 completed quests from Lua fallback
[11:32:02.473] [N] [Singular] Casting Holy Light on Myself
[11:32:02.473] [D] Spell_C::CastSpell(1026, 0, 0x6000000007EAB80, 0)
[11:32:07.129] [N] [Singular] Casting Exorcism on Grimtotem Ruffian
[11:32:07.130] [D] Spell_C::CastSpell(879, 0, 0xF130002E86079B53, 0)
[11:32:08.847] [N] [Singular] Casting Judgement of Light on Grimtotem Ruffian
[11:32:08.847] [D] Spell_C::CastSpell(20271, 0, 0xF130002E86079B53, 0)
[11:32:09.351] [N] [Singular] Currect target is invalid. Switching to Grimtotem Ruffian!
[11:32:09.957] [D] [Singular-DEBUG] Switched targets!
[11:32:09.957] [D] [Singular-DEBUG] Melee Distance: 6.8833337
[11:32:09.957] [D] [Singular-DEBUG] Health: 50
[11:32:09.957] [D] [Singular-DEBUG] Level: 14
[11:32:11.029] [N] [Singular] Casting Exorcism on Grimtotem Ruffian
[11:32:11.029] [D] Spell_C::CastSpell(879, 0, 0xF130002E86079BBB, 0)
[11:32:14.960] [N] [Singular] Currect target is invalid. Switching to Grimtotem Mercenary!
[11:32:15.565] [D] [Singular-DEBUG] Switched targets!
[11:32:15.565] [D] [Singular-DEBUG] Melee Distance: 6.5833335
[11:32:15.565] [D] [Singular-DEBUG] Health: 54.26829268292683
[11:32:15.565] [D] [Singular-DEBUG] Level: 15
[11:32:16.676] [N] [Singular] Casting Exorcism on Grimtotem Mercenary
[11:32:16.676] [D] Spell_C::CastSpell(879, 0, 0xF130002E87079BCF, 0)
[11:32:19.617] [N] [Singular] Casting Judgement of Light on Grimtotem Mercenary
[11:32:19.617] [D] Spell_C::CastSpell(20271, 0, 0xF130002E87079BCF, 0)
[11:32:20.123] [N] [Singular] Currect target is invalid. Switching to Grimtotem Mercenary!
[11:32:20.725] [D] [Singular-DEBUG] Switched targets!
[11:32:20.725] [D] [Singular-DEBUG] Melee Distance: 6.5833335
[11:32:20.725] [D] [Singular-DEBUG] Health: 83.33333333333333
[11:32:20.725] [D] [Singular-DEBUG] Level: 14
[11:32:26.494] [N] [Singular] Currect target is invalid. Switching to Grimtotem Sorcerer!
[11:32:27.134] [D] [Singular-DEBUG] Switched targets!
[11:32:27.134] [D] [Singular-DEBUG] Melee Distance: 6.8833337
[11:32:27.134] [D] [Singular-DEBUG] Health: 89.47368421052632
[11:32:27.134] [D] [Singular-DEBUG] Level: 15
[11:32:28.514] [N] [Singular] Casting Judgement of Light on Grimtotem Sorcerer
[11:32:28.514] [D] Spell_C::CastSpell(20271, 0, 0xF130002E89079C28, 0)
[11:32:33.556] [N] Eating Bristle Whisker Catfish
[11:32:33.590] [N] [Wholesome Auto Quest] Rest: HP=58% MP=71% — paused (ate)
[11:32:39.355] [N] [Wholesome Auto Quest] Rest done — HP=81% MP=73%
[11:32:43.803] [D] Changed POI to: Type: Loot, Name: Grimtotem Sorcerer, Guid: F130002E89079C28, Entry: 11913, Location: (8.38, -675.67, -18.44)
[11:32:44.311] [D] [Interact] Interacting with object at 0x2ED42138
[11:32:44.346] [D] [Interact] Done interacting with object at 0x2ED42138
[11:32:44.949] [D] [Singular-DEBUG] Switched targets!
[11:32:44.949] [D] [Singular-DEBUG] Melee Distance: 6.8833337
[11:32:44.949] [D] [Singular-DEBUG] Health: 0
[11:32:44.949] [D] [Singular-DEBUG] Level: 15
[11:32:45.318] [N] Looting Grimtotem Sorcerer Guid 0xF130002E89079C28
[11:32:45.418] [D] Cleared POI - Reason Waiting for loot flag
[11:32:45.418] [D] Cleared POI
[11:32:46.223] [D] Changed POI to: Type: Loot, Name: Grimtotem Mercenary, Guid: F130002E87079BCF, Entry: 11911, Location: (13.27, -686.05, -19.11)
[11:32:46.928] [D] [Interact] Interacting with object at 0x2ED3F898
[11:32:46.961] [D] [Interact] Done interacting with object at 0x2ED3F898
[11:32:48.544] [D] [Singular-DEBUG] Switched targets!
[11:32:48.544] [D] [Singular-DEBUG] Melee Distance: 6.5833335
[11:32:48.544] [D] [Singular-DEBUG] Health: 0
[11:32:48.544] [D] [Singular-DEBUG] Level: 15
[11:32:48.914] [N] Looting Grimtotem Mercenary Guid 0xF130002E87079BCF
[11:32:49.014] [D] Cleared POI - Reason Waiting for loot flag
[11:32:49.014] [D] Cleared POI
[11:32:49.990] [D] Changed POI to: Type: Loot, Name: Grimtotem Mercenary, Guid: F130002E87079BB8, Entry: 11911, Location: (17.20, -684.52, -18.90)
[11:32:50.519] [D] [Interact] Interacting with object at 0x2ED29F48
[11:32:50.552] [D] [Interact] Done interacting with object at 0x2ED29F48
[11:32:51.155] [D] [Singular-DEBUG] Switched targets!
[11:32:51.155] [D] [Singular-DEBUG] Melee Distance: 6.5833335
[11:32:51.156] [D] [Singular-DEBUG] Health: 0
[11:32:51.156] [D] [Singular-DEBUG] Level: 14
[11:32:51.523] [N] Looting Grimtotem Mercenary Guid 0xF130002E87079BB8
[11:32:51.625] [D] Cleared POI - Reason Waiting for loot flag
[11:32:51.625] [D] Cleared POI
[11:32:52.604] [D] Changed POI to: Type: Loot, Name: Grimtotem Ruffian, Guid: F130002E86079BBB, Entry: 11910, Location: (6.28, -689.86, -19.13)
[11:32:53.144] [N] Moving to Type: Loot, Name: Grimtotem Ruffian, Guid: F130002E86079BBB, Entry: 11910, Location: (6.28, -689.86, -19.13)
[11:32:53.379] [N] Mounting: 34769
[11:32:56.002] [D] Dismount for interaction.
[11:32:56.003] [D] Stop and dismount. Reason: Combat
[11:32:56.641] [D] [Interact] Interacting with object at 0x2ED32D78
[11:32:56.674] [D] [Interact] Done interacting with object at 0x2ED32D78
[11:32:58.191] [N] Looting Grimtotem Ruffian Guid 0xF130002E86079BBB
[11:32:58.292] [D] Cleared POI - Reason Waiting for loot flag
[11:32:58.292] [D] Cleared POI
[11:32:58.965] [D] Changed POI to: Type: Loot, Name: Grimtotem Mercenary, Guid: F130002E87079B6D, Entry: 11911, Location: (21.94, -680.63, -18.65)
[11:32:59.469] [N] Moving to Type: Loot, Name: Grimtotem Mercenary, Guid: F130002E87079B6D, Entry: 11911, Location: (21.94, -680.63, -18.65)
[11:33:00.342] [D] [QuestLog] Loaded 67 completed quests from Lua fallback
[11:33:01.721] [D] [Interact] Interacting with object at 0x2ED40CE8
[11:33:01.721] [D] [Interact] Done interacting with object at 0x2ED40CE8
[11:33:02.325] [D] [Singular-DEBUG] Switched targets!
[11:33:02.325] [D] [Singular-DEBUG] Melee Distance: 6.8833337
[11:33:02.325] [D] [Singular-DEBUG] Health: 0
[11:33:02.325] [D] [Singular-DEBUG] Level: 14
[11:33:02.695] [N] Looting Grimtotem Mercenary Guid 0xF130002E87079B6D
[11:33:02.796] [D] Cleared POI - Reason Waiting for loot flag
[11:33:02.796] [D] Cleared POI
[11:33:03.604] [D] Changed POI to: Type: Loot, Name: Grimtotem Ruffian, Guid: F130002E86079B53, Entry: 11910, Location: (25.23, -691.64, -18.30)
[11:33:04.142] [N] Moving to Type: Loot, Name: Grimtotem Ruffian, Guid: F130002E86079B53, Entry: 11910, Location: (25.23, -691.64, -18.30)
[11:33:06.039] [D] [Interact] Interacting with object at 0x2ED2DC38
[11:33:06.070] [D] [Interact] Done interacting with object at 0x2ED2DC38
[11:33:06.677] [D] [Singular-DEBUG] Switched targets!
[11:33:06.677] [D] [Singular-DEBUG] Melee Distance: 6.5833335
[11:33:06.677] [D] [Singular-DEBUG] Health: 0
[11:33:06.677] [D] [Singular-DEBUG] Level: 14
[11:33:07.043] [N] Looting Grimtotem Ruffian Guid 0xF130002E86079B53
[11:33:07.143] [D] Cleared POI - Reason Waiting for loot flag
[11:33:07.143] [D] Cleared POI
[11:33:08.326] [N] Loading 1_31_31
[11:33:08.327] [N] Loading 1_32_31
[11:33:08.329] [N] Loading 1_33_31
[11:33:08.330] [N] Loading 1_33_32
[11:33:08.331] [N] Loading 1_33_33
[11:33:08.335] [N] Loading 1_29_34
[11:33:08.337] [N] Loading 1_29_35
[11:33:08.339] [N] Loading 1_29_36
[11:33:08.341] [N] Loading 1_30_35
[11:33:08.342] [N] Loading 1_30_36
[11:33:08.344] [N] Loading 1_31_35
[11:33:08.345] [N] Loading 1_31_36
[11:33:08.354] [N] Loading 1_32_35
[11:33:08.354] [N] Loading 1_33_34
[11:33:08.354] [N] Loading 1_33_35
[11:33:08.357] [N] Loading 1_33_30
[11:33:08.358] [N] Loading 1_34_30
[11:33:08.360] [N] Loading 1_34_31
[11:33:08.362] [N] Loading 1_34_32
[11:33:08.364] [N] Loading 1_35_30
[11:33:08.365] [N] Loading 1_35_31
[11:33:08.366] [N] Loading 1_35_32
[11:33:09.286] [N] Loading 1_32_30
[11:33:09.286] [N] Loading 1_31_30
[11:33:09.286] [N] Loading 1_30_31
[11:33:09.286] [N] Loading 1_34_34
[11:33:09.286] [N] Loading 1_30_30
[11:33:09.286] [N] Loading 1_34_35
[11:33:09.286] [N] Loading 1_33_36
[11:33:09.286] [N] Loading 1_32_36
[11:33:09.286] [N] Loading 1_34_36
[11:33:09.286] [N] Loading 1_35_34
[11:33:09.286] [N] Loading 1_29_31
[11:33:09.286] [N] Loading 1_35_35
[11:33:09.286] [N] Loading 1_29_30
[11:33:09.286] [N] Loading 1_29_32
[11:33:09.286] [N] Loading 1_35_36
[11:33:09.286] [N] Loading 1_32_37
[11:33:09.286] [N] Loading 1_30_29
[11:33:09.286] [N] Loading 1_33_37
[11:33:09.286] [N] Loading 1_36_35
[11:33:09.286] [N] Loading 1_29_29
[11:33:09.286] [N] Loading 1_34_37
[11:33:09.286] [N] Loading 1_31_37
[11:33:09.286] [N] Loading 1_29_33
[11:33:09.286] [N] Loading 1_36_34
[11:33:09.286] [N] Loading 1_28_31
[11:33:09.286] [N] Loading 1_31_29
[11:33:09.286] [N] Loading 1_28_32
[11:33:09.286] [N] Loading 1_36_36
[11:33:09.286] [N] Loading 1_28_30
[11:33:09.286] [N] Loading 1_35_37
[11:33:09.286] [N] Loading 1_30_37
[11:33:09.286] [N] Loading 1_36_33
[11:33:09.286] [N] Loading 1_33_38
[11:33:09.286] [N] Loading 1_37_35
[11:33:09.286] [N] Loading 1_28_33
[11:33:09.286] [N] Loading 1_35_33
[11:33:09.286] [N] Loading 1_32_38
[11:33:09.286] [N] Loading 1_28_29
[11:33:09.286] [N] Loading 1_37_34
[11:33:09.286] [N] Loading 1_30_28
[11:33:09.286] [N] Loading 1_31_28
[11:33:09.286] [N] Loading 1_37_33
[11:33:09.286] [N] Loading 1_31_38
[11:33:09.286] [N] Loading 1_36_37
[11:33:09.286] [N] Loading 1_34_38
[11:33:09.286] [N] Loading 1_36_32
[11:33:09.286] [N] Loading 1_37_36
[11:33:09.286] [N] Loading 1_34_33
[11:33:09.286] [N] Loading 1_29_37
[11:33:09.286] [N] Loading 1_29_28
[11:33:09.286] [N] Loading 1_37_32
[11:33:09.286] [N] Loading 1_35_38
[11:33:09.286] [N] Loading 1_28_36
[11:33:09.286] [N] Loading 1_28_35
[11:33:09.286] [N] Loading 1_30_38
[11:33:09.286] [N] Loading 1_36_31
[11:33:09.286] [N] Loading 1_27_30
[11:33:09.286] [N] Loading 1_32_28
[11:33:09.286] [N] Loading 1_33_39
[11:33:09.286] [N] Loading 1_32_29
[11:33:09.286] [N] Loading 1_38_35
[11:33:09.286] [N] Loading 1_34_39
[11:33:09.286] [N] Loading 1_37_31
[11:33:09.286] [N] Loading 1_32_39
[11:33:09.286] [N] Loading 1_37_37
[11:33:09.286] [N] Loading 1_27_29
[11:33:09.286] [N] Loading 1_28_37
[11:33:09.286] [N] Loading 1_38_36
[11:33:09.286] [N] Loading 1_31_39
[11:33:09.286] [N] Loading 1_36_38
[11:33:09.286] [N] Loading 1_28_34
[11:33:09.286] [N] Loading 1_29_38
[11:33:09.286] [N] Loading 1_31_27
[11:33:09.286] [N] Loading 1_33_29
[11:33:09.286] [N] Loading 1_33_28
[11:33:09.286] [N] Loading 1_27_33
[11:33:09.286] [N] Loading 1_38_34
[11:33:09.286] [N] Loading 1_27_32
[11:33:09.286] [N] Loading 1_27_36
[11:33:09.286] [N] Loading 1_27_35
[11:33:09.286] [N] Loading 1_36_30
[11:33:09.286] [N] Loading 1_30_39
[11:33:09.286] [N] Loading 1_32_27
[11:33:09.286] [N] Loading 1_35_39
[11:33:09.286] [N] Loading 1_27_34
[11:33:09.286] [N] Loading 1_34_29
[11:33:09.286] [N] Loading 1_39_35
[11:33:09.286] [N] Loading 1_34_28
[11:33:09.286] [N] Loading 1_33_27
[11:33:09.286] [N] Loading 1_38_37
[11:33:09.286] [N] Loading 1_27_37
[11:33:09.286] [N] Loading 1_39_36
[11:33:09.286] [N] Loading 1_28_38
[11:33:09.286] [N] Loading 1_38_31
[11:33:09.286] [N] Loading 1_31_40
[11:33:09.286] [N] Loading 1_36_39
[11:33:09.286] [N] Loading 1_29_39
[11:33:09.286] [N] Loading 1_26_29
[11:33:09.286] [N] Loading 1_27_28
[11:33:09.286] [N] Loading 1_27_31
[11:33:09.286] [N] Loading 1_39_34
[11:33:09.286] [N] Loading 1_38_32
[11:33:09.286] [N] Loading 1_32_40
[11:33:09.286] [N] Loading 1_35_29
[11:33:09.286] [N] Loading 1_30_40
[11:33:09.286] [N] Loading 1_34_27
[11:33:09.286] [N] Loading 1_28_28
[11:33:09.286] [N] Loading 1_34_40
[11:33:09.286] [N] Loading 1_35_28
[11:33:09.286] [N] Loading 1_26_33
[11:33:09.286] [N] Loading 1_26_35
[11:33:09.286] [N] Loading 1_26_34
[11:33:09.286] [N] Loading 1_26_32
[11:33:09.286] [N] Loading 1_33_40
[11:33:09.286] [N] Loading 1_26_30
[11:33:09.286] [N] Loading 1_26_28
[11:33:09.286] [N] Loading 1_39_37
[11:33:09.286] [N] Loading 1_35_40
[11:33:09.286] [N] Loading 1_40_35
[11:33:09.286] [N] Loading 1_26_36
[11:33:09.286] [N] Loading 1_37_38
[11:33:09.286] [N] Loading 1_32_26
[11:33:09.286] [N] Loading 1_33_26
[11:33:09.286] [N] Loading 1_27_38
[11:33:09.286] [N] Loading 1_28_39
[11:33:09.286] [N] Loading 1_40_36
[11:33:09.286] [N] Loading 1_26_37
[11:33:09.286] [N] Loading 1_31_41
[11:33:09.286] [N] Loading 1_38_33
[11:33:09.286] [N] Loading 1_26_31
[11:33:09.286] [N] Loading 1_35_27
[11:33:09.286] [N] Loading 1_29_40
[11:33:09.286] [N] Loading 1_37_39
[11:33:09.286] [N] Loading 1_36_29
[11:33:09.286] [N] Loading 1_32_41
[11:33:09.286] [N] Loading 1_30_41
[11:33:09.286] [N] Loading 1_36_28
[11:33:09.286] [N] Loading 1_36_40
[11:33:09.286] [N] Loading 1_34_26
[11:33:09.286] [N] Loading 1_40_34
[11:33:09.286] [N] Loading 1_38_38
[11:33:09.286] [N] Loading 1_25_35
[11:33:09.286] [N] Loading 1_26_38
[11:33:09.286] [N] Loading 1_31_26
[11:33:09.286] [N] Loading 1_39_38
[11:33:09.286] [N] Loading 1_33_41
[11:33:09.286] [N] Loading 1_25_33
[11:33:09.286] [N] Loading 1_40_37
[11:33:09.286] [N] Loading 1_35_26
[11:33:09.286] [N] Loading 1_41_35
[11:33:09.286] [N] Loading 1_25_34
[11:33:09.286] [N] Loading 1_27_27
[11:33:09.286] [N] Loading 1_25_32
[11:33:09.286] [N] Loading 1_25_31
[11:33:09.286] [N] Loading 1_36_27
[11:33:09.286] [N] Loading 1_27_39
[11:33:09.286] [N] Loading 1_37_40
[11:33:09.286] [N] Loading 1_41_36
[11:33:09.286] [N] Loading 1_38_39
[11:33:09.286] [N] Loading 1_28_40
[11:33:09.286] [N] Loading 1_31_42
[11:33:09.286] [N] Loading 1_29_41
[11:33:09.286] [N] Loading 1_35_41
[11:33:09.286] [N] Loading 1_34_41
[11:33:09.286] [N] Loading 1_32_42
[11:33:09.286] [N] Loading 1_36_26
[11:33:09.286] [N] Loading 1_40_38
[11:33:09.286] [N] Loading 1_24_34
[11:33:09.286] [N] Loading 1_33_25
[11:33:09.286] [N] Loading 1_25_37
[11:33:09.286] [N] Loading 1_24_35
[11:33:09.286] [N] Loading 1_26_39
[11:33:09.286] [N] Loading 1_32_25
[11:33:09.286] [N] Loading 1_25_38
[11:33:09.286] [N] Loading 1_25_30
[11:33:09.286] [N] Loading 1_30_42
[11:33:09.286] [N] Loading 1_30_27
[11:33:09.286] [N] Loading 1_39_39
[11:33:09.286] [N] Loading 1_33_42
[11:33:09.286] [N] Loading 1_28_41
[11:33:09.286] [N] Loading 1_38_40
[11:33:09.286] [N] Loading 1_37_27
[11:33:09.286] [N] Loading 1_41_37
[11:33:09.286] [N] Loading 1_36_41
[11:33:09.286] [N] Loading 1_24_32
[11:33:09.286] [N] Loading 1_31_25
[11:33:09.286] [N] Loading 1_35_25
[11:33:09.286] [N] Loading 1_30_26
[11:33:09.286] [N] Loading 1_29_42
[11:33:09.286] [N] Loading 1_24_33
[11:33:09.286] [N] Loading 1_37_28
[11:33:09.286] [N] Loading 1_41_38
[11:33:09.286] [N] Loading 1_34_25
[11:33:09.286] [N] Loading 1_34_42
[11:33:09.286] [N] Loading 1_25_39
[11:33:09.286] [N] Loading 1_27_40
[11:33:09.286] [N] Loading 1_24_31
[11:33:09.286] [N] Loading 1_40_39
[11:33:09.286] [N] Loading 1_39_40
[11:33:09.286] [N] Loading 1_24_30
[11:33:09.286] [N] Loading 1_36_25
[11:33:09.286] [N] Loading 1_37_41
[11:33:09.286] [N] Loading 1_26_40
[11:33:09.286] [N] Loading 1_37_29
[11:33:09.286] [N] Loading 1_23_34
[11:33:09.286] [N] Loading 1_23_33
[11:33:09.286] [N] Loading 1_37_26
[11:33:09.286] [N] Loading 1_41_34
[11:33:09.286] [N] Loading 1_25_29
[11:33:09.286] [N] Loading 1_38_27
[11:33:09.286] [N] Loading 1_27_41
[11:33:09.286] [N] Loading 1_38_28
[11:33:09.286] [N] Loading 1_31_43
[11:33:09.286] [N] Loading 1_30_25
[11:33:09.286] [N] Loading 1_35_42
[11:33:09.286] [N] Loading 1_42_35
[11:33:09.286] [N] Loading 1_32_43
[11:33:09.286] [N] Loading 1_41_39
[11:33:09.286] [N] Loading 1_28_42
[11:33:09.286] [N] Loading 1_24_29
[11:33:09.286] [N] Loading 1_42_34
[11:33:09.286] [N] Loading 1_25_40
[11:33:09.286] [N] Loading 1_38_41
[11:33:09.286] [N] Loading 1_33_43
[11:33:09.286] [N] Loading 1_23_32
[11:33:09.286] [N] Loading 1_33_24
[11:33:09.286] [N] Loading 1_30_43
[11:33:09.286] [N] Loading 1_40_33
[11:33:09.286] [N] Loading 1_39_41
[11:33:09.286] [N] Loading 1_29_27
[11:33:09.286] [N] Loading 1_38_26
[11:33:09.286] [N] Loading 1_41_33
[11:33:09.286] [N] Loading 1_23_31
[11:33:09.286] [N] Loading 1_39_33
[11:33:09.286] [N] Loading 1_34_43
[11:33:09.286] [N] Loading 1_42_36
[11:33:09.286] [N] Loading 1_36_42
[11:33:09.286] [N] Loading 1_40_40
[11:33:09.286] [N] Loading 1_29_26
[11:33:09.286] [N] Loading 1_22_33
[11:33:09.286] [N] Loading 1_26_41
[11:33:09.286] [N] Loading 1_35_24
[11:33:09.286] [N] Loading 1_34_24
[11:33:09.286] [N] Loading 1_23_30
[11:33:09.286] [N] Loading 1_39_28
[11:33:09.286] [N] Loading 1_39_27
[11:33:09.286] [N] Loading 1_29_43
[11:33:09.286] [N] Loading 1_39_32
[11:33:09.286] [N] Loading 1_40_32
[11:33:09.286] [N] Loading 1_24_39
[11:33:09.286] [N] Loading 1_36_24
[11:33:09.286] [N] Loading 1_25_28
[11:33:09.286] [N] Loading 1_23_29
[11:33:09.286] [N] Loading 1_24_40
[11:33:09.286] [N] Loading 1_22_32
[11:33:09.286] [N] Loading 1_37_25
[11:33:09.286] [N] Loading 1_25_41
[11:33:09.286] [N] Loading 1_27_42
[11:33:09.286] [N] Loading 1_35_43
[11:33:09.286] [N] Loading 1_40_41
[11:33:09.286] [N] Loading 1_37_42
[11:33:09.286] [N] Loading 1_39_31
[11:33:09.286] [N] Loading 1_29_25
[11:33:09.286] [N] Loading 1_42_37
[11:33:09.286] [N] Loading 1_40_31
[11:33:09.286] [N] Loading 1_24_28
[11:33:09.286] [N] Loading 1_22_31
[11:33:09.286] [N] Loading 1_39_29
[11:33:09.286] [N] Loading 1_28_43
[11:33:09.286] [N] Loading 1_43_36
[11:33:09.286] [N] Loading 1_41_32
[11:33:09.286] [N] Loading 1_31_44
[11:33:09.286] [N] Loading 1_21_33
[11:33:09.286] [N] Loading 1_24_41
[11:33:09.286] [N] Loading 1_32_44
[11:33:09.286] [N] Loading 1_40_28
[11:33:09.286] [N] Loading 1_26_42
[11:33:09.286] [N] Loading 1_22_30
[11:33:09.286] [N] Loading 1_40_27
[11:33:09.286] [N] Loading 1_21_32
[11:33:09.286] [N] Loading 1_28_27
[11:33:09.286] [N] Loading 1_38_42
[11:33:09.286] [N] Loading 1_37_24
[11:33:09.286] [N] Loading 1_33_44
[11:33:09.286] [N] Loading 1_30_44
[11:33:09.286] [N] Loading 1_23_28
[11:33:09.286] [N] Loading 1_39_42
[11:33:09.286] [N] Loading 1_39_30
[11:33:09.286] [N] Loading 1_40_30
[11:33:09.286] [N] Loading 1_41_31
[11:33:09.286] [N] Loading 1_22_34
[11:33:09.286] [N] Loading 1_21_34
[11:33:09.286] [N] Loading 1_34_44
[11:33:09.286] [N] Loading 1_25_42
[11:33:09.286] [N] Loading 1_36_43
[11:33:09.286] [N] Loading 1_28_26
[11:33:09.528] [N] Mounting: 34769
[11:33:13.499] [N] Loading 1_38_25
[11:33:19.756] [D] Activity: Setting Grimtotem Brute at 20.3 yards as your target
[11:33:19.757] [D] Dismounting for combat.
[11:33:19.757] [D] Stop and dismount. Reason: Combat
[11:33:20.363] [D] Changed POI to: Type: Kill, Name: Grimtotem Brute, Guid: F130002E8806B3BB, Entry: 11912, Location: (97.73, -635.71, -5.25)
[11:33:20.463] [D] [Singular-DEBUG] Switched targets!
[11:33:20.463] [D] [Singular-DEBUG] Melee Distance: 6.8833337
[11:33:20.463] [D] [Singular-DEBUG] Health: 100
[11:33:20.463] [D] [Singular-DEBUG] Level: 15
[11:33:21.066] [N] [Singular] Casting Exorcism on Grimtotem Brute
[11:33:21.066] [D] Spell_C::CastSpell(879, 0, 0xF130002E8806B3BB, 0)
[11:33:23.749] [N] [Singular] Casting Judgement of Light on Grimtotem Brute
[11:33:23.749] [D] Spell_C::CastSpell(20271, 0, 0xF130002E8806B3BB, 0)
[11:33:25.097] [N] Facing wrong way, rotating
[11:33:29.324] [D] Cleared POI - Reason POI is dead from Combat
[11:33:29.324] [D] Cleared POI
[11:33:29.796] [N] [Singular] Currect target is invalid. Switching to Grimtotem Brute!
[11:33:30.401] [D] [Singular-DEBUG] Switched targets!
[11:33:30.401] [D] [Singular-DEBUG] Melee Distance: 6.5833335
[11:33:30.402] [D] [Singular-DEBUG] Health: 94.38202247191012
[11:33:30.402] [D] [Singular-DEBUG] Level: 16
[11:33:31.580] [D] [QuestRecovery] quest=6629, stage=Objective, old=Attempting, new=Eligible, reason=None, episode=0, attempt=0, retry=
[11:33:32.720] [N] [Singular] Casting Judgement of Light on Grimtotem Brute
[11:33:32.720] [D] Spell_C::CastSpell(20271, 0, 0xF130002E8806B3BC, 0)
[11:33:36.319] [N] [Singular] Currect target is invalid. Switching to Grimtotem Sorcerer!
[11:33:36.455] [D] [QuestRecovery] quest=6629, stage=Objective, old=Attempting, new=Eligible, reason=None, episode=0, attempt=0, retry=
[11:33:36.896] [D] [Singular-DEBUG] Switched targets!
[11:33:36.896] [D] [Singular-DEBUG] Melee Distance: 6.8833337
[11:33:36.896] [D] [Singular-DEBUG] Health: 100
[11:33:36.896] [D] [Singular-DEBUG] Level: 15
[11:33:40.285] [N] [Singular] Casting Exorcism on Grimtotem Sorcerer
[11:33:40.285] [D] Spell_C::CastSpell(879, 0, 0xF130002E8906B3BA, 0)
[11:33:42.283] [N] [Singular] Casting Judgement of Light on Grimtotem Sorcerer
[11:33:42.283] [D] Spell_C::CastSpell(20271, 0, 0xF130002E8906B3BA, 0)
[11:33:43.594] [D] Changed POI to: Type: Loot, Name: Grimtotem Sorcerer, Guid: F130002E8906B3BA, Entry: 11913, Location: (90.46, -650.30, -5.78)
[11:33:44.134] [D] [Interact] Interacting with object at 0x2ED514F8
[11:33:44.168] [D] [Interact] Done interacting with object at 0x2ED514F8
[11:33:44.779] [D] [Singular-DEBUG] Switched targets!
[11:33:44.779] [D] [Singular-DEBUG] Melee Distance: 6.8833337
[11:33:44.779] [D] [Singular-DEBUG] Health: 0
[11:33:44.779] [D] [Singular-DEBUG] Level: 15
[11:33:45.143] [N] Looting Grimtotem Sorcerer Guid 0xF130002E8906B3BA
[11:33:45.245] [D] Cleared POI - Reason Waiting for loot flag
[11:33:45.245] [D] Cleared POI
[11:33:46.363] [D] Changed POI to: Type: Loot, Name: Grimtotem Brute, Guid: F130002E8806B3BC, Entry: 11912, Location: (98.62, -644.14, -5.88)
[11:33:46.869] [N] Moving to Type: Loot, Name: Grimtotem Brute, Guid: F130002E8806B3BC, Entry: 11912, Location: (98.62, -644.14, -5.88)
[11:33:48.655] [D] [Interact] Interacting with object at 0x2ED52948
[11:33:48.678] [D] [Interact] Done interacting with object at 0x2ED52948
[11:33:50.322] [N] Looting Grimtotem Brute Guid 0xF130002E8806B3BC
[11:33:50.423] [D] Cleared POI - Reason Waiting for loot flag
[11:33:50.423] [D] Cleared POI
[11:33:51.064] [D] Changed POI to: Type: Loot, Name: Grimtotem Brute, Guid: F130002E8806B3BB, Entry: 11912, Location: (104.63, -643.97, -5.10)
[11:33:51.570] [D] [Interact] Interacting with object at 0x2ED645A8
[11:33:51.603] [D] [Interact] Done interacting with object at 0x2ED645A8
[11:33:53.450] [N] Looting Grimtotem Brute Guid 0xF130002E8806B3BB
[11:33:53.550] [D] Cleared POI - Reason Waiting for loot flag
[11:33:53.550] [D] Cleared POI
[11:33:54.519] [N] Loading 1_22_29
[11:33:54.592] [D] Activity: Moving to hotspot
[11:33:56.670] [D] Activity: Moving towards Grimtotem Brute
[11:34:00.883] [N] Loading 1_39_26
[11:34:01.608] [D] [QuestLog] Loaded 67 completed quests from Lua fallback
[11:34:02.853] [D] Changed POI to: Type: Kill, Name: Grimtotem Brute, Guid: F130002E8806B3FC, Entry: 11912, Location: (110.31, -589.09, -1.46)
[11:34:02.953] [D] [Singular-DEBUG] Switched targets!
[11:34:02.953] [D] [Singular-DEBUG] Melee Distance: 6.5833335
[11:34:02.953] [D] [Singular-DEBUG] Health: 100
[11:34:02.953] [D] [Singular-DEBUG] Level: 16
[11:34:04.378] [N] [Singular] Casting Judgement of Light on Grimtotem Brute
[11:34:04.378] [D] Spell_C::CastSpell(20271, 0, 0xF130002E8806B3FC, 0)
[11:34:05.117] [N] [Singular] Casting Exorcism on Grimtotem Brute
[11:34:05.117] [D] Spell_C::CastSpell(879, 0, 0xF130002E8806B3FC, 0)
[11:34:07.098] [N] [Singular] Casting Judgement of Light on Grimtotem Brute
[11:34:07.098] [D] Spell_C::CastSpell(20271, 0, 0xF130002E8806B3FC, 0)
[11:34:11.661] [D] Cleared POI - Reason POI is dead from Combat
[11:34:11.661] [D] Cleared POI
[11:34:12.139] [N] [Singular] Currect target is invalid. Switching to Grimtotem Brute!
[11:34:12.736] [D] [Singular-DEBUG] Switched targets!
[11:34:12.736] [D] [Singular-DEBUG] Melee Distance: 6.8833337
[11:34:12.736] [D] [Singular-DEBUG] Health: 90.85365853658537
[11:34:12.736] [D] [Singular-DEBUG] Level: 15
[11:34:12.737] [D] [QuestRecovery] quest=6629, stage=Objective, old=Attempting, new=Eligible, reason=None, episode=0, attempt=0, retry=
[11:34:15.657] [N] [Singular] Casting Judgement of Light on Grimtotem Brute
[11:34:15.657] [D] Spell_C::CastSpell(20271, 0, 0xF130002E8806B3FB, 0)
[11:34:22.030] [N] [Singular] Currect target is invalid. Switching to Grimtotem Sorcerer!
[11:34:22.164] [D] [QuestRecovery] quest=6629, stage=Objective, old=Attempting, new=Eligible, reason=None, episode=0, attempt=0, retry=
[11:34:22.603] [D] [Singular-DEBUG] Switched targets!
[11:34:22.603] [D] [Singular-DEBUG] Melee Distance: 6.8833337
[11:34:22.603] [D] [Singular-DEBUG] Health: 96.49122807017544
[11:34:22.603] [D] [Singular-DEBUG] Level: 15
[11:34:23.657] [N] [Singular] Casting Divine Protection on Myself
[11:34:23.657] [D] Spell_C::CastSpell(498, 0, 0x6000000007EAB80, 0)
[11:34:24.298] [N] [Singular] Casting Exorcism on Grimtotem Sorcerer
[11:34:24.298] [D] Spell_C::CastSpell(879, 0, 0xF130002E8906661F, 0)
[11:34:27.865] [N] [Singular] Casting Judgement of Light on Grimtotem Sorcerer
[11:34:27.865] [D] Spell_C::CastSpell(20271, 0, 0xF130002E8906661F, 0)
[11:34:29.780] [N] [Singular] Casting Holy Light on Myself
[11:34:29.780] [D] Spell_C::CastSpell(1026, 0, 0x6000000007EAB80, 0)
[11:34:33.723] [N] [Singular] Casting Hand of Freedom on Myself
[11:34:33.723] [D] Spell_C::CastSpell(1044, 0, 0x6000000007EAB80, 0)
[11:34:37.221] [N] [Singular] Casting Judgement of Light on Grimtotem Sorcerer
[11:34:37.221] [D] Spell_C::CastSpell(20271, 0, 0xF130002E8906661F, 0)
[11:34:37.822] [N] [Singular] Casting Holy Light on Myself
[11:34:37.822] [D] Spell_C::CastSpell(1026, 0, 0x6000000007EAB80, 0)
[11:34:38.429] [D] [Singular-DEBUG] Switched targets!
[11:34:38.429] [D] [Singular-DEBUG] Melee Distance: 6.5833335
[11:34:38.429] [D] [Singular-DEBUG] Health: 80.33707865168539
[11:34:38.429] [D] [Singular-DEBUG] Level: 16
[11:34:43.231] [N] [Singular] Casting Exorcism on Grimtotem Brute
[11:34:43.231] [D] Spell_C::CastSpell(879, 0, 0xF130002E8806B3FA, 0)
[11:34:45.349] [N] [Singular] Casting Judgement of Light on Grimtotem Brute
[11:34:45.349] [D] Spell_C::CastSpell(20271, 0, 0xF130002E8806B3FA, 0)
[11:34:45.955] [N] [Singular] Currect target is invalid. Switching to Grimtotem Brute!
[11:34:46.122] [D] [QuestRecovery] quest=6629, stage=Objective, old=Attempting, new=Eligible, reason=None, episode=0, attempt=0, retry=
[11:34:46.122] [N] [Wholesome Auto Quest] Quest 6629 Objective completed; queuing one scheduler rebuild.
[11:34:46.558] [D] [Singular-DEBUG] Switched targets!
[11:34:46.559] [D] [Singular-DEBUG] Melee Distance: 6.5833335
[11:34:46.559] [D] [Singular-DEBUG] Health: 75.60975609756098
[11:34:46.559] [D] [Singular-DEBUG] Level: 15
[11:34:46.960] [N] [Singular] Casting Holy Light on Myself
[11:34:46.960] [D] Spell_C::CastSpell(1026, 0, 0x6000000007EAB80, 0)
[11:34:52.242] [N] Used Minor Mana Potion!
[11:34:53.149] [N] [Singular] Casting Holy Light on Myself
[11:34:53.149] [D] Spell_C::CastSpell(1026, 0, 0x6000000007EAB80, 0)
[11:35:00.754] [N] [Singular] Casting Flash of Light on Myself
[11:35:00.754] [D] Spell_C::CastSpell(19750, 0, 0x6000000007EAB80, 0)
[11:35:04.845] [D] [QuestLog] Loaded 67 completed quests from Lua fallback
[11:35:04.887] [N] Loading 1_30_31
[11:35:04.896] [D] Loading profile from D:\World of Warcraft 3.3.5a\CB\Bots\WholesomeAutoQuest\WHOLESOME_AUTOQUESTER.xml
[11:35:04.902] [N] Profile loaded: WholesomeAQ - Stonetalon Mountains
[11:35:04.912] [D] Selected sub-profile: WholesomeAQ - Stonetalon Mountains (L1-80)
[11:35:04.912] [N] [Wholesome Auto Quest] Profile refreshed - Selected 1 quest work candidate(s). selected quest=6629;stage=Objective;state=Eligible. excluded quest=104;stage=Pickup;npc=392;reason=outside-scan-radius;retry=context-change excluded quest=1062;stage=Objective;objective=0;reason=outside-scan-radius;retry=context-change. excluded quest=1069;stage=Pickup;npc=3446;reason=outside-scan-radius;retry=context-change excluded quest=1087;stage=Pickup;npc=4198;reason=outside-scan-radius;retry=context-change excluded quest=1093;stage=Pickup;npc=4201;reason=outside-scan-radius;retry=context-change excluded quest=11127;stage=Pickup;scope=QuestStage;retry=2026-09-05T06:10:20.8287986Z;state=Quarantined. excluded quest=118;stage=Pickup;npc=415;reason=outside-scan-radius;retry=context-change excluded quest=1195;stage=Pickup;npc=4721;reason=outside-scan-radius;retry=context-change excluded quest=14106;stage=Pickup;scope=QuestStage;retry=2026-09-05T06:10:20.8250193Z;state=Quarantined. excluded quest=1483;stage=Pickup;npc=3442;reason=outside-scan-radius;retry=context-change excluded quest=152;stage=Pickup;npc=392;reason=outside-scan-radius;retry=context-change excluded quest=2098;stage=Pickup;npc=6667;reason=outside-scan-radius;retry=context-change excluded quest=216;stage=Pickup;npc=12757;reason=outside-scan-radius;retry=context-change excluded quest=235;stage=Pickup;npc=10880;reason=outside-scan-radius;retry=context-change excluded quest=3281;stage=TurnIn;npc=3464;reason=outside-scan-radius;retry=context-change excluded quest=4542;stage=Pickup;npc=10079;reason=outside-scan-radius;retry=context-change excluded quest=470;stage=Pickup;npc=2111;reason=outside-scan-radius;retry=context-change excluded quest=472;stage=Pickup;npc=2097;reason=outside-scan-radius;retry=context-change excluded quest=4740;stage=Pickup;npc=175320;reason=outside-scan-radius;retry=context-change excluded quest=4921;stage=Objective;objective=0;reason=outside-scan-radius;retry=context-change. excluded quest=493;stage=Pickup;npc=1937;reason=outside-scan-radius;retry=context-change excluded quest=494;stage=Pickup;npc=2214;reason=outside-scan-radius;retry=context-change excluded quest=496;stage=Pickup;npc=2216;reason=outside-scan-radius;retry=context-change excluded quest=498;stage=Pickup;npc=2229;reason=outside-scan-radius;retry=context-change excluded quest=501;stage=Pickup;npc=2216;reason=outside-scan-radius;retry=context-change excluded quest=516;stage=Pickup;npc=2121;reason=outside-scan-radius;retry=context-change excluded quest=527;stage=Pickup;npc=2215;reason=outside-scan-radius;retry=context-change excluded quest=546;stage=Pickup;npc=2418;reason=outside-scan-radius;retry=context-change excluded quest=549;stage=Pickup;npc=1763;reason=outside-scan-radius;retry=context-change excluded quest=6301;stage=Pickup;npc=11864;reason=outside-scan-radius;retry=context-change excluded quest=6382;stage=Pickup;npc=3387;reason=outside-scan-radius;retry=context-change excluded quest=6383;stage=Pickup;npc=12696;reason=outside-scan-radius;retry=context-change excluded quest=6393;stage=Pickup;npc=11862;reason=outside-scan-radius;retry=context-change excluded quest=6442;stage=Pickup;npc=12719;reason=outside-scan-radius;retry=context-change excluded quest=6461;stage=Pickup;npc=12816;reason=outside-scan-radius;retry=context-change excluded quest=6462;stage=Pickup;npc=12721;reason=outside-scan-radius;retry=context-change excluded quest=6503;stage=Pickup;npc=12867;reason=outside-scan-radius;retry=context-change excluded quest=6541;stage=Pickup;npc=3429;reason=outside-scan-radius;retry=context-change excluded quest=6542;stage=Pickup;npc=11821;reason=outside-scan-radius;retry=context-change excluded quest=6543;stage=Pickup;npc=8582;reason=outside-scan-radius;retry=context-change excluded quest=742;stage=Pickup;npc=10881;reason=outside-scan-radius;retry=context-change excluded quest=747;stage=Objective;scope=Objective;objective=0;retry=2026-09-05T06:10:20.8040908Z;state=Quarantined. excluded quest=747;stage=Objective;scope=Objective;objective=1;retry=2026-09-05T06:10:20.8116023Z;state=Quarantined. excluded quest=7790;stage=Pickup;scope=QuestStage;retry=2026-09-05T06:10:20.8249148Z;state=Quarantined. excluded quest=843;stage=Pickup;npc=3341;reason=outside-scan-radius;retry=context-change excluded quest=8487;stage=TurnIn;npc=15402;reason=outside-scan-radius;retry=context-change excluded quest=851;stage=Pickup;npc=3389;reason=outside-scan-radius;retry=context-change excluded quest=858;stage=Pickup;npc=3439;reason=outside-scan-radius;retry=context-change excluded quest=865;stage=Pickup;npc=3446;reason=outside-scan-radius;retry=context-change excluded quest=867;stage=Objective;scope=Objective;objective=0;retry=2026-09-05T06:10:20.8137024Z;state=Quarantined. excluded quest=868;stage=Pickup;npc=3428;reason=outside-scan-radius;retry=context-change excluded quest=878;stage=Pickup;npc=3430;reason=outside-scan-radius;retry=context-change excluded quest=8889;stage=Objective;objective=0;reason=outside-scan-radius;retry=context-change. excluded quest=8889;stage=Objective;objective=1;reason=outside-scan-radius;retry=context-change. excluded quest=8889;stage=Objective;objective=2;reason=outside-scan-radius;retry=context-change. excluded quest=891;stage=Objective;objective=0;reason=outside-scan-radius;retry=context-change. excluded quest=891;stage=Objective;objective=1;reason=outside-scan-radius;retry=context-change. excluded quest=891;stage=Objective;objective=2;reason=outside-scan-radius;retry=context-change. excluded quest=891;stage=Objective;scope=Objective;objective=3;retry=2026-09-05T06:10:20.8169213Z;state=Quarantined. excluded quest=893;stage=Pickup;npc=3433;reason=outside-scan-radius;retry=context-change excluded quest=894;stage=TurnIn;npc=4141;reason=outside-scan-radius;retry=context-change excluded quest=896;stage=Objective;scope=Objective;objective=0;retry=2026-09-05T06:10:20.8197153Z;state=Quarantined. excluded quest=9067;stage=Objective;scope=Objective;objective=0;retry=2026-09-05T07:12:52.3802265Z;state=Quarantined. excluded quest=9151;stage=Pickup;npc=16199;reason=outside-scan-radius;retry=context-change excluded quest=9157;stage=TurnIn;npc=16201;reason=outside-scan-radius;retry=context-change excluded quest=9214;stage=Pickup;npc=16220;reason=outside-scan-radius;retry=context-change excluded quest=9218;stage=Pickup;npc=16205;reason=outside-scan-radius;retry=context-change excluded quest=9275;stage=Pickup;npc=16464;reason=outside-scan-radius;retry=context-change excluded quest=9276;stage=Pickup;npc=16463;reason=outside-scan-radius;retry=context-change excluded quest=9281;stage=Pickup;npc=16480;reason=outside-scan-radius;retry=context-change excluded quest=9388;stage=Pickup;scope=QuestStage;retry=2026-09-05T06:10:20.8314367Z;state=Quarantined. excluded quest=9389;stage=Pickup;scope=QuestStage;retry=2026-09-05T06:10:20.8315248Z;state=Quarantined. excluded quest=9425;stage=Pickup;npc=16287;reason=outside-scan-radius;retry=context-change excluded quest=9428;stage=Pickup;npc=17098;reason=outside-scan-radius;retry=context-change excluded quest=959;stage=Pickup;npc=3665;reason=outside-scan-radius;retry=context-change excluded quest=962;stage=Pickup;npc=3419;reason=outside-scan-radius;retry=context-change excluded quest=965;stage=Pickup;npc=3657;reason=outside-scan-radius;retry=context-change excluded quest=9749;stage=Pickup;scope=QuestStage;retry=2026-09-05T06:10:20.8275214Z;state=Quarantined.
[11:35:04.956] [D] Cleared POI
[11:35:04.956] [N] [DeathStallRecovery] Death detected at (112.33, -577.38, -0.75); monitoring corpse-recovery movement.
[11:35:05.014] [D] Activity: Releasing from corpse
[11:35:05.014] [N] I died.
[11:35:05.681] [D] Activity: Moving to corpse
[11:35:05.811] [N] Loading 1_28_31
[11:35:05.814] [N] Loading 1_28_32
[11:35:05.817] [N] Loading 1_28_33
[11:35:05.820] [N] Loading 1_29_31
[11:35:05.823] [N] Loading 1_29_32
[11:35:05.824] [N] Loading 1_29_33
[11:35:05.845] [N] Loading 1_29_30
[11:35:05.845] [N] Loading 1_30_30
[11:35:05.845] [N] Loading 1_31_30
[11:35:05.845] [N] Loading 1_27_33
[11:35:05.845] [N] Loading 1_27_32
[11:35:05.845] [N] Loading 1_28_34
[11:36:06.262] [N] Loading 1_32_31
[11:36:42.361] [N] Loading 1_32_30
[11:38:30.320] [N] There are 23 hostile mobs near our corpse.
[11:38:30.360] [D] Changed POI to: Type: Corpse, Name: Unknown, Guid: 0, Entry: 0, Location: (95.01, -587.38, 1.38)
[11:38:30.361] [D] Activity: Moving to instance portal, since we died inside.
[11:39:11.415] [D] Activity: SafeRes timer expired - Grabbing our corpse where we are.
[11:39:11.448] [N] Clicking corpse popup...
[11:39:11.817] [N] Eating Bristle Whisker Catfish
[11:39:11.885] [N] Drinking Melon Juice
[11:39:11.918] [N] [Wholesome Auto Quest] Rest: HP=50% MP=50% — paused (ate) (drank)
[11:39:11.918] [D] Cleared POI - Reason Res timer expired. Grabbed our corpse.
[11:39:11.918] [D] Cleared POI
[11:39:11.918] [D] Activity: Moving to instance portal, since we died inside.
[11:39:11.984] [N] [Singular] Casting Holy Light on Myself
[11:39:11.984] [D] Spell_C::CastSpell(1026, 0, 0x6000000007EAB80, 0)
[11:39:16.835] [N] Eating Bristle Whisker Catfish
[11:39:17.238] [N] Drinking Melon Juice
[11:39:24.117] [N] [Wholesome Auto Quest] Rest done — HP=87% MP=70%
[11:39:30.250] [N] [Singular] Casting Blessing of Kings on Myself
[11:39:30.250] [D] Spell_C::CastSpell(20217, 0, 0x6000000007EAB80, 0)
[11:39:30.789] [D] Changed POI to: Type: Loot, Name: Grimtotem Sorcerer, Guid: F130002E8906661F, Entry: 11913, Location: (110.21, -571.92, -0.75)
[11:39:31.293] [N] Moving to Type: Loot, Name: Grimtotem Sorcerer, Guid: F130002E8906661F, Entry: 11913, Location: (110.21, -571.92, -0.75)
[11:39:31.561] [N] Mounting: 35022
[11:39:35.526] [D] Dismount for interaction.
[11:39:35.526] [D] Stop and dismount. Reason: Combat
[11:39:35.758] [D] [Singular-DEBUG] Switched targets!
[11:39:35.758] [D] [Singular-DEBUG] Melee Distance: 6.8833337
[11:39:35.758] [D] [Singular-DEBUG] Health: 96.95121951219512
[11:39:35.758] [D] [Singular-DEBUG] Level: 15
[11:39:36.768] [N] [Singular] Casting Exorcism on Grimtotem Brute
[11:39:36.768] [D] Spell_C::CastSpell(879, 0, 0xF130002E880665B3, 0)
[11:39:41.907] [N] [Singular] Casting Divine Protection on Myself
[11:39:41.907] [D] Spell_C::CastSpell(498, 0, 0x6000000007EAB80, 0)
[11:39:42.479] [N] [Singular] Casting Hand of Freedom on Myself
[11:39:42.479] [D] Spell_C::CastSpell(1044, 0, 0x6000000007EAB80, 0)
[11:39:43.153] [N] [Singular] Currect target is invalid. Switching to Grimtotem Brute!
[11:39:43.185] [D] [Singular-DEBUG] Switched targets!
[11:39:43.185] [D] [Singular-DEBUG] Melee Distance: 6.5833335
[11:39:43.185] [D] [Singular-DEBUG] Health: 94.38202247191012
[11:39:43.185] [D] [Singular-DEBUG] Level: 16
[11:39:43.525] [D] [Singular-DEBUG] Switched targets!
[11:39:43.525] [D] [Singular-DEBUG] Melee Distance: 6.5833335
[11:39:43.525] [D] [Singular-DEBUG] Health: 94.38202247191012
[11:39:43.525] [D] [Singular-DEBUG] Level: 16
[11:39:54.480] [N] [Singular] Casting Exorcism on Grimtotem Brute
[11:39:54.480] [D] Spell_C::CastSpell(879, 0, 0xF130002E8806B41B, 0)
[11:39:56.777] [N] [Singular] Casting Holy Light on Myself
[11:39:56.778] [D] Spell_C::CastSpell(1026, 0, 0x6000000007EAB80, 0)
[11:39:58.196] [D] [Singular-DEBUG] Switched targets!
[11:39:58.196] [D] [Singular-DEBUG] Melee Distance: 6.5833335
[11:39:58.196] [D] [Singular-DEBUG] Health: 80.33707865168539
[11:39:58.196] [D] [Singular-DEBUG] Level: 16
[11:40:07.854] [N] [Singular] Casting Hand of Freedom on Myself
[11:40:07.854] [D] Spell_C::CastSpell(1044, 0, 0x6000000007EAB80, 0)
[11:40:10.710] [N] [Singular] Currect target is invalid. Switching to Grimtotem Sorcerer!
[11:40:10.996] [D] [Singular-DEBUG] Switched targets!
[11:40:10.996] [D] [Singular-DEBUG] Melee Distance: 6.8833337
[11:40:10.996] [D] [Singular-DEBUG] Health: 100
[11:40:10.996] [D] [Singular-DEBUG] Level: 16
[11:40:12.699] [N] [Singular] Casting Exorcism on Grimtotem Sorcerer
[11:40:12.699] [D] Spell_C::CastSpell(879, 0, 0xF130002E8907AB3A, 0)
[11:40:21.858] [N] Eating Bristle Whisker Catfish
[11:40:21.871] [N] Drinking Melon Juice
[11:40:21.877] [N] [Wholesome Auto Quest] Rest: HP=65% MP=58% — paused (ate) (drank)
[11:40:26.097] [N] [Wholesome Auto Quest] Rest done — HP=83% MP=66%
[11:40:34.504] [N] [Singular] Casting Seal of Righteousness on Myself
[11:40:34.504] [D] Spell_C::CastSpell(21084, 0, 0x6000000007EAB80, 0)
[11:40:35.240] [N] Moving to Type: Loot, Name: Grimtotem Sorcerer, Guid: F130002E8906661F, Entry: 11913, Location: (158.24, -407.48, 6.13)
[11:40:35.475] [N] Mounting: 35022
[11:40:37.890] [N] Loading 1_30_31
[11:40:37.891] [N] Loading 1_31_31
[11:40:37.892] [N] Loading 1_32_31
[11:40:46.399] [D] Dismount for attacker.
[11:40:46.400] [D] Stop and dismount. Reason: Combat
[11:40:46.534] [D] [Singular-DEBUG] Switched targets!
[11:40:46.534] [D] [Singular-DEBUG] Melee Distance: 6.8833337
[11:40:46.534] [D] [Singular-DEBUG] Health: 97.19101123595506
[11:40:46.534] [D] [Singular-DEBUG] Level: 16
[11:40:47.538] [N] [Singular] Casting Exorcism on Grimtotem Brute
[11:40:47.538] [D] Spell_C::CastSpell(879, 0, 0xF130002E8802AC40, 0)
[11:40:50.353] [N] [Singular] Casting Judgement of Light on Grimtotem Brute
[11:40:50.353] [D] Spell_C::CastSpell(20271, 0, 0xF130002E8802AC40, 0)
[11:40:54.560] [N] [Singular] Currect target is invalid. Switching to Grimtotem Brute!
[11:40:55.130] [D] [Singular-DEBUG] Switched targets!
[11:40:55.130] [D] [Singular-DEBUG] Melee Distance: 6.8833337
[11:40:55.130] [D] [Singular-DEBUG] Health: 94.38202247191012
[11:40:55.130] [D] [Singular-DEBUG] Level: 16
[11:40:56.106] [N] [Singular] Casting Hand of Freedom on Myself
[11:40:56.106] [D] Spell_C::CastSpell(1044, 0, 0x6000000007EAB80, 0)
[11:40:58.755] [N] [Singular] Casting Judgement of Light on Grimtotem Brute
[11:40:58.755] [D] Spell_C::CastSpell(20271, 0, 0xF130002E8802AC94, 0)
[11:41:01.365] [D] [LB] DNTFT -> S
[11:41:01.808] [N] Eating Bristle Whisker Catfish
[11:41:01.937] [N] [Wholesome Auto Quest] Rest: HP=78% MP=84% — paused (ate)
[11:41:01.970] [D] [LB] DNTFT -> S
[11:41:02.441] [D] [LB] DNTFT -> S
[11:41:02.882] [D] [LB] DNTFT -> S
[11:41:02.915] [D] [LB] SetTarget Finished. Waiting.
[11:41:03.218] [D] [Singular-DEBUG] Switched targets!
[11:41:03.219] [D] [Singular-DEBUG] Melee Distance: 6.5833335
[11:41:03.219] [D] [Singular-DEBUG] Health: 100
[11:41:03.219] [D] [Singular-DEBUG] Level: 16
[11:41:03.219] [D] [LB] Finished waiting, we got a target.
[11:41:03.219] [D] Changed POI to: Type: Kill, Name: Grimtotem Sorcerer, Guid: F130002E8902AC8F, Entry: 11913, Location: (98.36, -458.99, 15.77)
[11:41:04.440] [N] [Wholesome Auto Quest] Combat started — rest done
[11:41:05.550] [N] [Singular] Casting Exorcism on Grimtotem Sorcerer
[11:41:05.550] [D] Spell_C::CastSpell(879, 0, 0xF130002E8902AC8F, 0)
[11:41:08.175] [N] [Singular] Casting Judgement of Light on Grimtotem Sorcerer
[11:41:08.175] [D] Spell_C::CastSpell(20271, 0, 0xF130002E8902AC8F, 0)
[11:41:08.681] [D] Cleared POI - Reason POI is dead from Combat
[11:41:08.681] [D] Cleared POI
[11:41:09.153] [N] [Singular] Currect target is invalid. Switching to Grimtotem Brute!
[11:41:09.725] [D] [Singular-DEBUG] Switched targets!
[11:41:09.726] [D] [Singular-DEBUG] Melee Distance: 6.8833337
[11:41:09.726] [D] [Singular-DEBUG] Health: 94.38202247191012
[11:41:09.726] [D] [Singular-DEBUG] Level: 16
[11:41:16.857] [N] [Singular] Casting Judgement of Light on Grimtotem Brute
[11:41:16.857] [D] Spell_C::CastSpell(20271, 0, 0xF130002E8802AD67, 0)
[11:41:17.999] [D] Changed POI to: Type: Loot, Name: Grimtotem Brute, Guid: F130002E8802AD67, Entry: 11912, Location: (94.82, -458.18, 15.34)
[11:41:18.438] [D] [Interact] Interacting with object at 0x2EA069A8
[11:41:18.470] [D] [Interact] Done interacting with object at 0x2EA069A8
[11:41:19.075] [D] [Singular-DEBUG] Switched targets!
[11:41:19.075] [D] [Singular-DEBUG] Melee Distance: 6.8833337
[11:41:19.075] [D] [Singular-DEBUG] Health: 0
[11:41:19.075] [D] [Singular-DEBUG] Level: 16
[11:41:19.719] [N] Eating Bristle Whisker Catfish
[11:41:19.750] [N] [Wholesome Auto Quest] Rest: HP=68% MP=77% — paused (ate)
[11:41:19.750] [N] Looting Grimtotem Brute Guid 0xF130002E8802AD67
[11:41:19.851] [D] Cleared POI - Reason Waiting for loot flag
[11:41:19.851] [D] Cleared POI
[11:41:24.126] [N] [Wholesome Auto Quest] Rest done — HP=85% MP=78%
[11:41:28.492] [D] Changed POI to: Type: Loot, Name: Grimtotem Sorcerer, Guid: F130002E8902AC8F, Entry: 11913, Location: (99.55, -456.40, 15.83)
[11:41:28.963] [N] Moving to Type: Loot, Name: Grimtotem Sorcerer, Guid: F130002E8902AC8F, Entry: 11913, Location: (99.55, -456.40, 15.83)
[11:41:29.197] [N] Mounting: 34769
[11:41:31.614] [D] Dismount for interaction.
[11:41:31.614] [D] Stop and dismount. Reason: Near destination
[11:41:32.391] [D] [Interact] Interacting with object at 0x2E9F6198
[11:41:32.422] [D] [Interact] Done interacting with object at 0x2E9F6198
[11:41:32.999] [D] [Singular-DEBUG] Switched targets!
[11:41:32.999] [D] [Singular-DEBUG] Melee Distance: 6.5833335
[11:41:32.999] [D] [Singular-DEBUG] Health: 0
[11:41:32.999] [D] [Singular-DEBUG] Level: 16
[11:41:33.329] [N] Looting Grimtotem Sorcerer Guid 0xF130002E8902AC8F
[11:41:33.429] [D] Cleared POI - Reason Waiting for loot flag
[11:41:33.429] [D] Cleared POI
[11:41:34.438] [D] Changed POI to: Type: Loot, Name: Grimtotem Brute, Guid: F130002E8802AC40, Entry: 11912, Location: (93.85, -471.42, 15.81)
[11:41:34.907] [N] Moving to Type: Loot, Name: Grimtotem Brute, Guid: F130002E8802AC40, Entry: 11912, Location: (93.85, -471.42, 15.81)
[11:41:36.616] [D] [Interact] Interacting with object at 0x2EA3D318
[11:41:36.649] [D] [Interact] Done interacting with object at 0x2EA3D318
[11:41:38.430] [N] Looting Grimtotem Brute Guid 0xF130002E8802AC40
[11:41:38.531] [D] Cleared POI - Reason Waiting for loot flag
[11:41:38.531] [D] Cleared POI
[11:41:39.167] [D] Changed POI to: Type: Loot, Name: Grimtotem Brute, Guid: F130002E8802AC94, Entry: 11912, Location: (93.51, -478.83, 15.83)
[11:41:39.641] [N] Moving to Type: Loot, Name: Grimtotem Brute, Guid: F130002E8802AC94, Entry: 11912, Location: (93.51, -478.83, 15.83)
[11:41:41.363] [D] [Interact] Interacting with object at 0x2E9F9E88
[11:41:41.387] [D] [Interact] Done interacting with object at 0x2E9F9E88
[11:41:41.991] [D] [Singular-DEBUG] Switched targets!
[11:41:41.991] [D] [Singular-DEBUG] Melee Distance: 6.8833337
[11:41:41.991] [D] [Singular-DEBUG] Health: 0
[11:41:41.991] [D] [Singular-DEBUG] Level: 16
[11:41:42.964] [N] Looting Grimtotem Brute Guid 0xF130002E8802AC94
[11:41:43.064] [D] Cleared POI - Reason Waiting for loot flag
[11:41:43.064] [D] Cleared POI
[11:41:43.671] [N] Loading 1_33_31
[11:41:43.672] [N] Loading 1_33_32
[11:41:43.673] [N] Loading 1_33_33
[11:41:43.678] [N] Loading 1_33_30
[11:41:43.680] [N] Loading 1_34_30
[11:41:43.681] [N] Loading 1_34_31
[11:41:43.683] [N] Loading 1_34_32
[11:41:43.686] [N] Loading 1_35_30
[11:41:43.687] [N] Loading 1_35_31
[11:41:43.687] [N] Loading 1_35_32
[11:41:44.761] [N] Loading 1_32_34
[11:41:44.761] [N] Loading 1_32_30
[11:41:44.761] [N] Loading 1_31_34
[11:41:44.761] [N] Loading 1_31_30
[11:41:44.761] [N] Loading 1_33_34
[11:41:44.761] [N] Loading 1_32_35
[11:41:44.761] [N] Loading 1_30_30
[11:41:44.761] [N] Loading 1_33_35
[11:41:44.761] [N] Loading 1_31_35
[11:41:44.761] [N] Loading 1_34_34
[11:41:44.761] [N] Loading 1_29_31
[11:41:44.761] [N] Loading 1_34_35
[11:41:44.761] [N] Loading 1_29_30
[11:41:44.761] [N] Loading 1_32_36
[11:41:44.761] [N] Loading 1_33_36
[11:41:44.761] [N] Loading 1_29_32
[11:41:44.761] [N] Loading 1_30_34
[11:41:44.761] [N] Loading 1_30_35
[11:41:44.761] [N] Loading 1_31_36
[11:41:44.761] [N] Loading 1_34_36
[11:41:44.761] [N] Loading 1_30_29
[11:41:44.761] [N] Loading 1_35_34
[11:41:44.761] [N] Loading 1_35_35
[11:41:44.761] [N] Loading 1_29_29
[11:41:44.761] [N] Loading 1_29_33
[11:41:44.761] [N] Loading 1_30_36
[11:41:44.761] [N] Loading 1_28_31
[11:41:44.761] [N] Loading 1_28_32
[11:41:44.761] [N] Loading 1_31_29
[11:41:44.761] [N] Loading 1_35_36
[11:41:44.761] [N] Loading 1_29_34
[11:41:44.761] [N] Loading 1_32_37
[11:41:44.761] [N] Loading 1_28_30
[11:41:44.761] [N] Loading 1_33_37
[11:41:44.761] [N] Loading 1_29_35
[11:41:44.761] [N] Loading 1_34_37
[11:41:44.761] [N] Loading 1_36_35
[11:41:44.761] [N] Loading 1_31_37
[11:41:44.761] [N] Loading 1_28_33
[11:41:44.761] [N] Loading 1_36_34
[11:41:44.761] [N] Loading 1_28_29
[11:41:44.761] [N] Loading 1_30_28
[11:41:44.761] [N] Loading 1_31_28
[11:41:44.761] [N] Loading 1_36_36
[11:41:44.761] [N] Loading 1_29_36
[11:41:44.761] [N] Loading 1_35_37
[11:41:44.761] [N] Loading 1_30_37
[11:41:44.761] [N] Loading 1_29_28
[11:41:44.761] [N] Loading 1_33_38
[11:41:44.761] [N] Loading 1_36_33
[11:41:44.761] [N] Loading 1_32_38
[11:41:44.761] [N] Loading 1_37_35
[11:41:44.761] [N] Loading 1_35_33
[11:41:44.761] [N] Loading 1_27_30
[11:41:44.761] [N] Loading 1_37_34
[11:41:44.761] [N] Loading 1_31_38
[11:41:44.761] [N] Loading 1_34_38
[11:41:44.761] [N] Loading 1_37_33
[11:41:44.761] [N] Loading 1_32_28
[11:41:44.761] [N] Loading 1_36_37
[11:41:44.761] [N] Loading 1_32_29
[11:41:44.761] [N] Loading 1_36_32
[11:41:44.761] [N] Loading 1_29_37
[11:41:44.761] [N] Loading 1_34_33
[11:41:44.761] [N] Loading 1_27_29
[11:41:44.761] [N] Loading 1_37_36
[11:41:44.761] [N] Loading 1_31_27
[11:41:44.761] [N] Loading 1_28_36
[11:41:44.761] [N] Loading 1_27_33
[11:41:44.761] [N] Loading 1_28_35
[11:41:44.761] [N] Loading 1_35_38
[11:41:44.761] [N] Loading 1_37_32
[11:41:44.761] [N] Loading 1_33_29
[11:41:44.761] [N] Loading 1_33_28
[11:41:44.761] [N] Loading 1_30_38
[11:41:44.761] [N] Loading 1_27_32
[11:41:44.761] [N] Loading 1_28_34
[11:41:44.761] [N] Loading 1_36_31
[11:41:44.761] [N] Loading 1_33_39
[11:41:44.761] [N] Loading 1_27_34
[11:41:44.761] [N] Loading 1_32_27
[11:41:44.761] [N] Loading 1_34_39
[11:41:44.761] [N] Loading 1_32_39
[11:41:44.761] [N] Loading 1_28_37
[11:41:44.761] [N] Loading 1_34_29
[11:41:44.761] [N] Loading 1_37_37
[11:41:44.761] [N] Loading 1_38_35
[11:41:44.761] [N] Loading 1_31_39
[11:41:44.761] [N] Loading 1_29_38
[11:41:44.761] [N] Loading 1_37_31
[11:41:44.761] [N] Loading 1_36_38
[11:41:44.761] [N] Loading 1_33_27
[11:41:44.761] [N] Loading 1_38_36
[11:41:44.761] [N] Loading 1_34_28
[11:41:44.761] [N] Loading 1_38_34
[11:41:44.761] [N] Loading 1_26_29
[11:41:44.761] [N] Loading 1_27_31
[11:41:44.761] [N] Loading 1_27_36
[11:41:44.761] [N] Loading 1_27_35
[11:41:44.761] [N] Loading 1_27_28
[11:41:44.761] [N] Loading 1_30_39
[11:41:44.761] [N] Loading 1_36_30
[11:41:44.761] [N] Loading 1_28_28
[11:41:44.761] [N] Loading 1_26_33
[11:41:44.761] [N] Loading 1_35_29
[11:41:44.761] [N] Loading 1_26_32
[11:41:44.761] [N] Loading 1_34_27
[11:41:44.761] [N] Loading 1_35_39
[11:41:44.761] [N] Loading 1_26_30
[11:41:44.761] [N] Loading 1_35_28
[11:41:44.761] [N] Loading 1_26_28
[11:41:44.761] [N] Loading 1_27_37
[11:41:44.761] [N] Loading 1_39_35
[11:41:44.761] [N] Loading 1_28_38
[11:41:44.761] [N] Loading 1_38_37
[11:41:44.761] [N] Loading 1_26_34
[11:41:44.761] [N] Loading 1_39_36
[11:41:44.761] [N] Loading 1_31_40
[11:41:44.761] [N] Loading 1_29_39
[11:41:44.761] [N] Loading 1_32_26
[11:41:44.761] [N] Loading 1_33_26
[11:41:44.761] [N] Loading 1_36_39
[11:41:44.761] [N] Loading 1_38_31
[11:41:44.761] [N] Loading 1_26_31
[11:41:44.761] [N] Loading 1_32_40
[11:41:44.761] [N] Loading 1_39_34
[11:41:44.761] [N] Loading 1_38_32
[11:41:44.761] [N] Loading 1_30_40
[11:41:44.761] [N] Loading 1_35_27
[11:41:44.761] [N] Loading 1_26_35
[11:41:44.761] [N] Loading 1_34_40
[11:41:44.761] [N] Loading 1_33_40
[11:41:44.761] [N] Loading 1_36_29
[11:41:44.761] [N] Loading 1_35_40
[11:41:44.761] [N] Loading 1_36_28
[11:41:44.761] [N] Loading 1_39_37
[11:41:44.761] [N] Loading 1_26_36
[11:41:44.761] [N] Loading 1_34_26
[11:41:44.761] [N] Loading 1_27_38
[11:41:44.761] [N] Loading 1_28_39
[11:41:44.761] [N] Loading 1_40_35
[11:41:44.761] [N] Loading 1_37_38
[11:41:44.761] [N] Loading 1_25_33
[11:41:44.761] [N] Loading 1_31_26
[11:41:44.761] [N] Loading 1_26_37
[11:41:44.761] [N] Loading 1_25_32
[11:41:44.761] [N] Loading 1_27_27
[11:41:44.761] [N] Loading 1_31_41
[11:41:44.761] [N] Loading 1_40_36
[11:41:44.761] [N] Loading 1_25_31
[11:41:44.761] [N] Loading 1_35_26
[11:41:44.761] [N] Loading 1_29_40
[11:41:44.761] [N] Loading 1_38_33
[11:41:44.761] [N] Loading 1_32_41
[11:41:44.761] [N] Loading 1_36_27
[11:41:44.761] [N] Loading 1_30_41
[11:41:44.761] [N] Loading 1_37_39
[11:41:44.761] [N] Loading 1_36_40
[11:41:44.761] [N] Loading 1_25_35
[11:41:44.761] [N] Loading 1_26_38
[11:41:44.761] [N] Loading 1_38_38
[11:41:44.761] [N] Loading 1_40_34
[11:41:44.761] [N] Loading 1_33_41
[11:41:44.761] [N] Loading 1_25_34
[11:41:44.761] [N] Loading 1_36_26
[11:41:44.761] [N] Loading 1_39_38
[11:41:44.761] [N] Loading 1_40_37
[11:41:44.761] [N] Loading 1_33_25
[11:41:44.761] [N] Loading 1_41_35
[11:41:44.761] [N] Loading 1_25_30
[11:41:44.761] [N] Loading 1_32_25
[11:41:44.761] [N] Loading 1_27_39
[11:41:44.761] [N] Loading 1_30_27
[11:41:44.761] [N] Loading 1_37_40
[11:41:44.761] [N] Loading 1_28_40
[11:41:44.761] [N] Loading 1_29_41
[11:41:44.761] [N] Loading 1_41_36
[11:41:44.761] [N] Loading 1_31_42
[11:41:44.761] [N] Loading 1_24_32
[11:41:44.761] [N] Loading 1_35_41
[11:41:44.761] [N] Loading 1_32_42
[11:41:44.761] [N] Loading 1_38_39
[11:41:44.761] [N] Loading 1_34_41
[11:41:44.761] [N] Loading 1_37_27
[11:41:44.761] [N] Loading 1_24_33
[11:41:44.761] [N] Loading 1_31_25
[11:41:44.761] [N] Loading 1_30_26
[11:41:44.761] [N] Loading 1_35_25
[11:41:44.761] [N] Loading 1_24_34
[11:41:44.761] [N] Loading 1_40_38
[11:41:44.761] [N] Loading 1_25_37
[11:41:44.761] [N] Loading 1_24_35
[11:41:44.761] [N] Loading 1_24_31
[11:41:44.761] [N] Loading 1_26_39
[11:41:44.761] [N] Loading 1_37_28
[11:41:44.761] [N] Loading 1_25_38
[11:41:44.761] [N] Loading 1_34_25
[11:41:44.761] [N] Loading 1_30_42
[11:41:44.761] [N] Loading 1_24_30
[11:41:44.761] [N] Loading 1_33_42
[11:41:44.761] [N] Loading 1_28_41
[11:41:44.761] [N] Loading 1_39_39
[11:41:44.761] [N] Loading 1_36_25
[11:41:44.761] [N] Loading 1_38_40
[11:41:44.761] [N] Loading 1_36_41
[11:41:44.761] [N] Loading 1_37_29
[11:41:44.761] [N] Loading 1_41_37
[11:41:44.761] [N] Loading 1_25_29
[11:41:44.761] [N] Loading 1_29_42
[11:41:44.761] [N] Loading 1_37_26
[11:41:44.761] [N] Loading 1_25_39
[11:41:44.761] [N] Loading 1_27_40
[11:41:44.761] [N] Loading 1_38_27
[11:41:44.761] [N] Loading 1_34_42
[11:41:44.761] [N] Loading 1_38_28
[11:41:44.761] [N] Loading 1_30_25
[11:41:44.761] [N] Loading 1_41_38
[11:41:44.761] [N] Loading 1_24_29
[11:41:44.761] [N] Loading 1_40_39
[11:41:44.761] [N] Loading 1_26_40
[11:41:44.761] [N] Loading 1_39_40
[11:41:44.761] [N] Loading 1_23_32
[11:41:44.761] [N] Loading 1_23_34
[11:41:44.761] [N] Loading 1_23_31
[11:41:44.761] [N] Loading 1_23_33
[11:41:44.761] [N] Loading 1_37_41
[11:41:44.762] [N] Loading 1_29_27
[11:41:44.762] [N] Loading 1_33_24
[11:41:44.762] [N] Loading 1_38_26
[11:41:44.762] [N] Loading 1_27_41
[11:41:44.762] [N] Loading 1_41_34
[11:41:44.762] [N] Loading 1_29_26
[11:41:44.762] [N] Loading 1_31_43
[11:41:44.762] [N] Loading 1_35_42
[11:41:44.762] [N] Loading 1_23_30
[11:41:44.762] [N] Loading 1_32_43
[11:41:44.762] [N] Loading 1_34_24
[11:41:44.762] [N] Loading 1_28_42
[11:41:44.762] [N] Loading 1_35_24
[11:41:44.762] [N] Loading 1_42_35
[11:41:44.762] [N] Loading 1_25_40
[11:41:44.762] [N] Loading 1_41_39
[11:41:44.762] [N] Loading 1_39_28
[11:41:44.762] [N] Loading 1_39_27
[11:41:44.762] [N] Loading 1_33_43
[11:41:44.762] [N] Loading 1_23_29
[11:41:44.762] [N] Loading 1_25_28
[11:41:44.762] [N] Loading 1_42_34
[11:41:44.762] [N] Loading 1_30_43
[11:41:44.762] [N] Loading 1_38_41
[11:41:44.762] [N] Loading 1_36_24
[11:41:44.762] [N] Loading 1_39_41
[11:41:44.762] [N] Loading 1_40_33
[11:41:44.762] [N] Loading 1_41_33
[11:41:44.762] [N] Loading 1_34_43
[11:41:44.762] [N] Loading 1_37_25
[11:41:44.762] [N] Loading 1_36_42
[11:41:44.762] [N] Loading 1_39_33
[11:41:44.762] [N] Loading 1_42_36
[11:41:44.762] [N] Loading 1_40_40
[11:41:44.762] [N] Loading 1_22_33
[11:41:44.762] [N] Loading 1_26_41
[11:41:44.762] [N] Loading 1_24_28
[11:41:44.762] [N] Loading 1_29_25
[11:41:44.762] [N] Loading 1_22_31
[11:41:44.762] [N] Loading 1_29_43
[11:41:44.762] [N] Loading 1_39_29
[11:41:44.762] [N] Loading 1_24_39
[11:41:44.762] [N] Loading 1_39_32
[11:41:44.762] [N] Loading 1_22_32
[11:41:44.762] [N] Loading 1_40_32
[11:41:44.762] [N] Loading 1_24_40
[11:41:44.762] [N] Loading 1_22_30
[11:41:44.762] [N] Loading 1_25_41
[11:41:44.762] [N] Loading 1_27_42
[11:41:44.762] [N] Loading 1_28_27
[11:41:44.762] [N] Loading 1_40_28
[11:41:44.762] [N] Loading 1_23_28
[11:41:44.762] [N] Loading 1_35_43
[11:41:44.762] [N] Loading 1_40_27
[11:41:44.762] [N] Loading 1_37_24
[11:41:44.762] [N] Loading 1_40_41
[11:41:44.762] [N] Loading 1_37_42
[11:41:44.762] [N] Loading 1_42_37
[11:41:44.762] [N] Loading 1_39_31
[11:41:44.762] [N] Loading 1_28_43
[11:41:44.762] [N] Loading 1_40_31
[11:41:44.762] [N] Loading 1_28_26
[11:41:44.762] [N] Loading 1_38_25
[11:41:44.762] [N] Loading 1_21_33
[11:41:44.762] [N] Loading 1_31_44
[11:41:44.762] [N] Loading 1_22_29
[11:41:44.762] [N] Loading 1_24_41
[11:41:44.762] [N] Loading 1_43_36
[11:41:44.762] [N] Loading 1_26_42
[11:41:44.762] [N] Loading 1_32_44
[11:41:44.762] [N] Loading 1_25_27
[11:41:44.762] [N] Loading 1_41_32
[11:41:44.762] [N] Loading 1_21_32
[11:41:44.762] [N] Loading 1_21_31
[11:41:44.762] [N] Loading 1_39_26
[11:41:44.762] [N] Loading 1_33_44
[11:41:44.762] [N] Loading 1_38_42
[11:41:44.762] [N] Loading 1_30_44
[11:41:44.762] [N] Loading 1_21_30
[11:41:44.762] [N] Loading 1_39_42
[11:41:45.105] [N] Loading 1_24_27
[11:41:45.105] [N] Loading 1_40_26
[11:41:46.690] [N] Loading 1_34_44
[11:41:51.723] [N] Loading 1_41_28
[11:41:51.724] [N] Loading 1_39_30
[11:41:51.752] [D] [If] Condition is true, executing If body
[11:41:52.193] [D] [QuestLog] Loaded 67 completed quests from Lua fallback
[11:41:52.295] [N] [Objective] Goal: Kill Grundig Darkcloud x 1
[11:41:52.295] [D] Goal: Goal: Kill Grundig Darkcloud x 1
[11:41:52.295] [D] [GrindObjective] Using profile hotspots (1 points) for mob 11858
[11:41:52.531] [N] Mounting: 34769
[11:41:54.669] [D] Activity: Moving to hotspot
[11:42:00.247] [N] Loading 1_26_27
[11:42:00.248] [N] Loading 1_41_27
[11:42:00.248] [N] Loading 1_28_25
[11:42:00.473] [D] [Singular-DEBUG] Switched targets!
[11:42:00.473] [D] [Singular-DEBUG] Melee Distance: 6.5833335
[11:42:00.473] [D] [Singular-DEBUG] Health: 100
[11:42:00.473] [D] [Singular-DEBUG] Level: 15
[11:42:02.799] [D] Changed POI to: Type: Kill, Name: Grimtotem Sorcerer, Guid: F130002E8902ADA3, Entry: 11913, Location: (104.18, -438.30, 16.54)
[11:42:03.268] [D] Dismount for attacker.
[11:42:03.268] [D] Stop and dismount. Reason: Combat
[11:42:03.974] [N] [Singular] Casting Exorcism on Grimtotem Sorcerer
[11:42:03.974] [D] Spell_C::CastSpell(879, 0, 0xF130002E8902ADA3, 0)
[11:42:07.504] [N] [Singular] Casting Judgement of Light on Grimtotem Sorcerer
[11:42:07.504] [D] Spell_C::CastSpell(20271, 0, 0xF130002E8902ADA3, 0)
[11:42:11.360] [D] Cleared POI - Reason POI is dead from Combat
[11:42:11.360] [D] Cleared POI
[11:42:11.894] [D] Changed POI to: Type: Loot, Name: Grimtotem Sorcerer, Guid: F130002E8902ADA3, Entry: 11913, Location: (113.20, -444.41, 17.89)
[11:42:12.400] [D] [Interact] Interacting with object at 0x2EA279C8
[11:42:12.432] [D] [Interact] Done interacting with object at 0x2EA279C8
[11:42:13.036] [D] [Singular-DEBUG] Switched targets!
[11:42:13.036] [D] [Singular-DEBUG] Melee Distance: 6.5833335
[11:42:13.036] [D] [Singular-DEBUG] Health: 0
[11:42:13.036] [D] [Singular-DEBUG] Level: 15
[11:42:13.407] [N] Looting Grimtotem Sorcerer Guid 0xF130002E8902ADA3
[11:42:13.507] [D] Cleared POI - Reason Waiting for loot flag
[11:42:13.507] [D] Cleared POI
[11:42:25.190] [D] Changed POI to: Type: Kill, Name: Grimtotem Sorcerer, Guid: F130002E8907A736, Entry: 11913, Location: (114.11, -383.73, 1.55)
[11:42:25.291] [D] [Singular-DEBUG] Switched targets!
[11:42:25.291] [D] [Singular-DEBUG] Melee Distance: 6.5833335
[11:42:25.291] [D] [Singular-DEBUG] Health: 100
[11:42:25.291] [D] [Singular-DEBUG] Level: 16
[11:42:26.703] [N] [Singular] Casting Judgement of Light on Grimtotem Sorcerer
[11:42:26.703] [D] Spell_C::CastSpell(20271, 0, 0xF130002E8907A736, 0)
[11:42:28.686] [N] [Singular] Casting Exorcism on Grimtotem Sorcerer
[11:42:28.686] [D] Spell_C::CastSpell(879, 0, 0xF130002E8907A736, 0)
[11:42:31.095] [D] Cleared POI - Reason POI is dead from Combat
[11:42:31.095] [D] Cleared POI
[11:42:32.268] [N] [Singular] Current target is not the best target. Switching to Grundig Darkcloud!
[11:42:32.400] [D] [Singular-DEBUG] Switched targets!
[11:42:32.400] [D] [Singular-DEBUG] Melee Distance: 6.8833337
[11:42:32.400] [D] [Singular-DEBUG] Health: 100
[11:42:32.400] [D] [Singular-DEBUG] Level: 16
[11:42:33.173] [D] [Singular-DEBUG] Switched targets!
[11:42:33.173] [D] [Singular-DEBUG] Melee Distance: 6.8833337
[11:42:33.173] [D] [Singular-DEBUG] Health: 100
[11:42:33.173] [D] [Singular-DEBUG] Level: 18
[11:42:33.603] [D] Changed POI to: Type: Loot, Name: Grimtotem Sorcerer, Guid: F130002E8907A736, Entry: 11913, Location: (111.19, -383.42, 2.46)
[11:42:34.312] [D] [Interact] Interacting with object at 0x2EA3AA78
[11:42:34.341] [D] [Interact] Done interacting with object at 0x2EA3AA78
[11:42:34.952] [D] [Singular-DEBUG] Switched targets!
[11:42:34.953] [D] [Singular-DEBUG] Melee Distance: 6.5833335
[11:42:34.953] [D] [Singular-DEBUG] Health: 0
[11:42:34.953] [D] [Singular-DEBUG] Level: 16
[11:42:35.322] [N] Looting Grimtotem Sorcerer Guid 0xF130002E8907A736
[11:42:35.413] [D] Cleared POI - Reason Waiting for loot flag
[11:42:35.413] [D] Cleared POI
[11:42:38.186] [N] Loading 1_40_29
[11:42:39.199] [D] Activity: Setting Grimtotem Brute at 19.2 yards as your target
[11:42:39.703] [D] Changed POI to: Type: Kill, Name: Grimtotem Brute, Guid: F130002E8807A726, Entry: 11912, Location: (122.74, -359.85, 3.31)
[11:42:39.803] [D] [Singular-DEBUG] Switched targets!
[11:42:39.803] [D] [Singular-DEBUG] Melee Distance: 6.8833337
[11:42:39.803] [D] [Singular-DEBUG] Health: 100
[11:42:39.803] [D] [Singular-DEBUG] Level: 16
[11:42:41.211] [N] [Singular] Casting Judgement of Light on Grimtotem Brute
[11:42:41.211] [D] Spell_C::CastSpell(20271, 0, 0xF130002E8807A726, 0)
[11:42:46.111] [N] [Singular] Casting Exorcism on Grimtotem Brute
[11:42:46.111] [D] Spell_C::CastSpell(879, 0, 0xF130002E8807A726, 0)
[11:42:48.697] [D] Cleared POI - Reason POI is dead from Combat
[11:42:48.697] [D] Cleared POI
[11:42:49.301] [N] [Singular] Casting Hand of Freedom on Myself
[11:42:49.301] [D] Spell_C::CastSpell(1044, 0, 0x6000000007EAB80, 0)
[11:42:51.449] [D] Changed POI to: Type: Loot, Name: Grimtotem Brute, Guid: F130002E8807A726, Entry: 11912, Location: (122.74, -359.85, 3.31)
[11:42:51.954] [D] [LB] DNTFT -> S
[11:42:51.987] [D] [LB] SetTarget Finished. Waiting.
[11:42:52.455] [D] [LB] Finished waiting, we got a target.
[11:42:52.455] [D] Changed POI to: Type: Kill, Name: Grundig Darkcloud, Guid: F130002E5207A594, Entry: 11858, Location: (112.52, -350.56, 4.41)
[11:42:52.556] [D] [Singular-DEBUG] Switched targets!
[11:42:52.556] [D] [Singular-DEBUG] Melee Distance: 6.8833337
[11:42:52.556] [D] [Singular-DEBUG] Health: 100
[11:42:52.556] [D] [Singular-DEBUG] Level: 18
[11:42:53.026] [D] [QuestLog] Loaded 67 completed quests from Lua fallback
[11:42:55.210] [N] [Singular] Casting Judgement of Light on Grundig Darkcloud
[11:42:55.210] [D] Spell_C::CastSpell(20271, 0, 0xF130002E5207A594, 0)
[11:43:02.680] [D] [QuestRecovery] quest=6629, stage=Objective, old=Attempting, new=Eligible, reason=None, episode=0, attempt=0, retry=
[11:43:02.680] [N] [Wholesome Auto Quest] Quest 6629 Objective completed; queuing one scheduler rebuild.
[11:43:02.984] [D] Cleared POI - Reason POI is dead from Combat
[11:43:02.984] [D] Cleared POI
[11:43:03.564] [N] [Singular] Casting Exorcism on Grimtotem Brute
[11:43:03.564] [D] Spell_C::CastSpell(879, 0, 0xF130002E8807A689, 0)
[11:43:03.696] [D] [Singular-DEBUG] Switched targets!
[11:43:03.696] [D] [Singular-DEBUG] Melee Distance: 6.5833335
[11:43:03.696] [D] [Singular-DEBUG] Health: 93.90243902439025
[11:43:03.696] [D] [Singular-DEBUG] Level: 15
[11:43:05.984] [N] [Singular] Casting Judgement of Light on Grimtotem Brute
[11:43:05.984] [D] Spell_C::CastSpell(20271, 0, 0xF130002E8807A689, 0)
[11:43:09.211] [D] Activity: No eligible quest work; idle until 2026-09-05T06:10:20.8040908Z. excluded quest=104;stage=Pickup;npc=392;reason=outside-scan-radius;retry=context-change excluded quest=1062;stage=Objective;objective=0;reason=outside-scan-radius;retry=context-change. excluded quest=1069;stage=Pickup;npc=3446;reason=outside-scan-radius;retry=context-change excluded quest=1087;stage=Pickup;npc=4198;reason=outside-scan-radius;retry=context-change excluded quest=1093;stage=Pickup;npc=4201;reason=outside-scan-radius;retry=context-change excluded quest=11127;stage=Pickup;scope=QuestStage;retry=2026-09-05T06:10:20.8287986Z;state=Quarantined. excluded quest=118;stage=Pickup;npc=415;reason=outside-scan-radius;retry=context-change excluded quest=1195;stage=Pickup;npc=4721;reason=outside-scan-radius;retry=context-change excluded quest=14106;stage=Pickup;scope=QuestStage;retry=2026-09-05T06:10:20.8250193Z;state=Quarantined. excluded quest=1483;stage=Pickup;npc=3442;reason=outside-scan-radius;retry=context-change excluded quest=152;stage=Pickup;npc=392;reason=outside-scan-radius;retry=context-change excluded quest=2098;stage=Pickup;npc=6667;reason=outside-scan-radius;retry=context-change excluded quest=216;stage=Pickup;npc=12757;reason=outside-scan-radius;retry=context-change excluded quest=235;stage=Pickup;npc=10880;reason=outside-scan-radius;retry=context-change excluded quest=3281;stage=TurnIn;npc=3464;reason=outside-scan-radius;retry=context-change excluded quest=4542;stage=Pickup;npc=10079;reason=outside-scan-radius;retry=context-change excluded quest=470;stage=Pickup;npc=2111;reason=outside-scan-radius;retry=context-change excluded quest=472;stage=Pickup;npc=2097;reason=outside-scan-radius;retry=context-change excluded quest=4740;stage=Pickup;npc=175320;reason=outside-scan-radius;retry=context-change excluded quest=4921;stage=Objective;objective=0;reason=outside-scan-radius;retry=context-change. excluded quest=493;stage=Pickup;npc=1937;reason=outside-scan-radius;retry=context-change excluded quest=494;stage=Pickup;npc=2214;reason=outside-scan-radius;retry=context-change excluded quest=496;stage=Pickup;npc=2216;reason=outside-scan-radius;retry=context-change excluded quest=498;stage=Pickup;npc=2229;reason=outside-scan-radius;retry=context-change excluded quest=501;stage=Pickup;npc=2216;reason=outside-scan-radius;retry=context-change excluded quest=516;stage=Pickup;npc=2121;reason=outside-scan-radius;retry=context-change excluded quest=527;stage=Pickup;npc=2215;reason=outside-scan-radius;retry=context-change excluded quest=546;stage=Pickup;npc=2418;reason=outside-scan-radius;retry=context-change excluded quest=549;stage=Pickup;npc=1763;reason=outside-scan-radius;retry=context-change excluded quest=6301;stage=Pickup;npc=11864;reason=outside-scan-radius;retry=context-change excluded quest=6382;stage=Pickup;npc=3387;reason=outside-scan-radius;retry=context-change excluded quest=6383;stage=Pickup;npc=12696;reason=outside-scan-radius;retry=context-change excluded quest=6393;stage=Pickup;npc=11862;reason=outside-scan-radius;retry=context-change excluded quest=6442;stage=Pickup;npc=12719;reason=outside-scan-radius;retry=context-change excluded quest=6461;stage=Pickup;npc=12816;reason=outside-scan-radius;retry=context-change excluded quest=6462;stage=Pickup;npc=12721;reason=outside-scan-radius;retry=context-change excluded quest=6503;stage=Pickup;npc=12867;reason=outside-scan-radius;retry=context-change excluded quest=6541;stage=Pickup;npc=3429;reason=outside-scan-radius;retry=context-change excluded quest=6542;stage=Pickup;npc=11821;reason=outside-scan-radius;retry=context-change excluded quest=6543;stage=Pickup;npc=8582;reason=outside-scan-radius;retry=context-change excluded quest=6629;stage=TurnIn;npc=11857;reason=outside-scan-radius;retry=context-change excluded quest=742;stage=Pickup;npc=10881;reason=outside-scan-radius;retry=context-change excluded quest=747;stage=Objective;scope=Objective;objective=0;retry=2026-09-05T06:10:20.8040908Z;state=Quarantined. excluded quest=747;stage=Objective;scope=Objective;objective=1;retry=2026-09-05T06:10:20.8116023Z;state=Quarantined. excluded quest=7790;stage=Pickup;scope=QuestStage;retry=2026-09-05T06:10:20.8249148Z;state=Quarantined. excluded quest=843;stage=Pickup;npc=3341;reason=outside-scan-radius;retry=context-change excluded quest=8487;stage=TurnIn;npc=15402;reason=outside-scan-radius;retry=context-change excluded quest=851;stage=Pickup;npc=3389;reason=outside-scan-radius;retry=context-change excluded quest=858;stage=Pickup;npc=3439;reason=outside-scan-radius;retry=context-change excluded quest=865;stage=Pickup;npc=3446;reason=outside-scan-radius;retry=context-change excluded quest=867;stage=Objective;scope=Objective;objective=0;retry=2026-09-05T06:10:20.8137024Z;state=Quarantined. excluded quest=868;stage=Pickup;npc=3428;reason=outside-scan-radius;retry=context-change excluded quest=878;stage=Pickup;npc=3430;reason=outside-scan-radius;retry=context-change excluded quest=8889;stage=Objective;objective=0;reason=outside-scan-radius;retry=context-change. excluded quest=8889;stage=Objective;objective=1;reason=outside-scan-radius;retry=context-change. excluded quest=8889;stage=Objective;objective=2;reason=outside-scan-radius;retry=context-change. excluded quest=891;stage=Objective;objective=0;reason=outside-scan-radius;retry=context-change. excluded quest=891;stage=Objective;objective=1;reason=outside-scan-radius;retry=context-change. excluded quest=891;stage=Objective;objective=2;reason=outside-scan-radius;retry=context-change. excluded quest=891;stage=Objective;scope=Objective;objective=3;retry=2026-09-05T06:10:20.8169213Z;state=Quarantined. excluded quest=893;stage=Pickup;npc=3433;reason=outside-scan-radius;retry=context-change excluded quest=894;stage=TurnIn;npc=4141;reason=outside-scan-radius;retry=context-change excluded quest=896;stage=Objective;scope=Objective;objective=0;retry=2026-09-05T06:10:20.8197153Z;state=Quarantined. excluded quest=9067;stage=Objective;scope=Objective;objective=0;retry=2026-09-05T07:12:52.3802265Z;state=Quarantined. excluded quest=9151;stage=Pickup;npc=16199;reason=outside-scan-radius;retry=context-change excluded quest=9157;stage=TurnIn;npc=16201;reason=outside-scan-radius;retry=context-change excluded quest=9214;stage=Pickup;npc=16220;reason=outside-scan-radius;retry=context-change excluded quest=9218;stage=Pickup;npc=16205;reason=outside-scan-radius;retry=context-change excluded quest=9275;stage=Pickup;npc=16464;reason=outside-scan-radius;retry=context-change excluded quest=9276;stage=Pickup;npc=16463;reason=outside-scan-radius;retry=context-change excluded quest=9281;stage=Pickup;npc=16480;reason=outside-scan-radius;retry=context-change excluded quest=9388;stage=Pickup;scope=QuestStage;retry=2026-09-05T06:10:20.8314367Z;state=Quarantined. excluded quest=9389;stage=Pickup;scope=QuestStage;retry=2026-09-05T06:10:20.8315248Z;state=Quarantined. excluded quest=9425;stage=Pickup;npc=16287;reason=outside-scan-radius;retry=context-change excluded quest=9428;stage=Pickup;npc=17098;reason=outside-scan-radius;retry=context-change excluded quest=959;stage=Pickup;npc=3665;reason=outside-scan-radius;retry=context-change excluded quest=962;stage=Pickup;npc=3419;reason=outside-scan-radius;retry=context-change excluded quest=965;stage=Pickup;npc=3657;reason=outside-scan-radius;retry=context-change excluded quest=9749;stage=Pickup;scope=QuestStage;retry=2026-09-05T06:10:20.8275214Z;state=Quarantined. Expanding scan radius from 250 to 500 yards before fallback.
[11:43:09.212] [N] Eating Bristle Whisker Catfish
[11:43:09.237] [N] [Wholesome Auto Quest] Rest: HP=73% MP=70% — paused (ate)
[11:43:09.983] [D] Loading profile from D:\World of Warcraft 3.3.5a\CB\Bots\WholesomeAutoQuest\WHOLESOME_AUTOQUESTER.xml
[11:43:09.990] [N] Profile loaded: WholesomeAQ - Stonetalon Mountains
[11:43:10.007] [D] Selected sub-profile: WholesomeAQ - Stonetalon Mountains (L1-80)
[11:43:10.007] [N] [Wholesome Auto Quest] Profile refreshed - Selected 2 quest work candidate(s). selected quest=6542;stage=Pickup;state=Eligible. selected quest=6461;stage=Pickup;state=Eligible. excluded quest=104;stage=Pickup;npc=392;reason=outside-scan-radius;retry=context-change excluded quest=1062;stage=Objective;objective=0;reason=outside-scan-radius;retry=context-change. excluded quest=1069;stage=Pickup;npc=3446;reason=outside-scan-radius;retry=context-change excluded quest=1087;stage=Pickup;npc=4198;reason=outside-scan-radius;retry=context-change excluded quest=1093;stage=Pickup;npc=4201;reason=outside-scan-radius;retry=context-change excluded quest=11127;stage=Pickup;scope=QuestStage;retry=2026-09-05T06:10:20.8287986Z;state=Quarantined. excluded quest=118;stage=Pickup;npc=415;reason=outside-scan-radius;retry=context-change excluded quest=1195;stage=Pickup;npc=4721;reason=outside-scan-radius;retry=context-change excluded quest=14106;stage=Pickup;scope=QuestStage;retry=2026-09-05T06:10:20.8250193Z;state=Quarantined. excluded quest=1483;stage=Pickup;npc=3442;reason=outside-scan-radius;retry=context-change excluded quest=152;stage=Pickup;npc=392;reason=outside-scan-radius;retry=context-change excluded quest=2098;stage=Pickup;npc=6667;reason=outside-scan-radius;retry=context-change excluded quest=216;stage=Pickup;npc=12757;reason=outside-scan-radius;retry=context-change excluded quest=235;stage=Pickup;npc=10880;reason=outside-scan-radius;retry=context-change excluded quest=3281;stage=TurnIn;npc=3464;reason=outside-scan-radius;retry=context-change excluded quest=4542;stage=Pickup;npc=10079;reason=outside-scan-radius;retry=context-change excluded quest=470;stage=Pickup;npc=2111;reason=outside-scan-radius;retry=context-change excluded quest=472;stage=Pickup;npc=2097;reason=outside-scan-radius;retry=context-change excluded quest=4740;stage=Pickup;npc=175320;reason=outside-scan-radius;retry=context-change excluded quest=4921;stage=Objective;objective=0;reason=outside-scan-radius;retry=context-change. excluded quest=493;stage=Pickup;npc=1937;reason=outside-scan-radius;retry=context-change excluded quest=494;stage=Pickup;npc=2214;reason=outside-scan-radius;retry=context-change excluded quest=496;stage=Pickup;npc=2216;reason=outside-scan-radius;retry=context-change excluded quest=498;stage=Pickup;npc=2229;reason=outside-scan-radius;retry=context-change excluded quest=501;stage=Pickup;npc=2216;reason=outside-scan-radius;retry=context-change excluded quest=516;stage=Pickup;npc=2121;reason=outside-scan-radius;retry=context-change excluded quest=527;stage=Pickup;npc=2215;reason=outside-scan-radius;retry=context-change excluded quest=546;stage=Pickup;npc=2418;reason=outside-scan-radius;retry=context-change excluded quest=549;stage=Pickup;npc=1763;reason=outside-scan-radius;retry=context-change excluded quest=6301;stage=Pickup;npc=11864;reason=outside-scan-radius;retry=context-change excluded quest=6382;stage=Pickup;npc=3387;reason=outside-scan-radius;retry=context-change excluded quest=6383;stage=Pickup;npc=12696;reason=outside-scan-radius;retry=context-change excluded quest=6393;stage=Pickup;npc=11862;reason=outside-scan-radius;retry=context-change excluded quest=6442;stage=Pickup;npc=12719;reason=outside-scan-radius;retry=context-change excluded quest=6462;stage=Pickup;npc=12721;reason=outside-scan-radius;retry=context-change excluded quest=6503;stage=Pickup;npc=12867;reason=outside-scan-radius;retry=context-change excluded quest=6541;stage=Pickup;npc=3429;reason=outside-scan-radius;retry=context-change excluded quest=6543;stage=Pickup;npc=8582;reason=outside-scan-radius;retry=context-change excluded quest=6629;stage=TurnIn;npc=11857;reason=outside-scan-radius;retry=context-change excluded quest=742;stage=Pickup;npc=10881;reason=outside-scan-radius;retry=context-change excluded quest=747;stage=Objective;scope=Objective;objective=0;retry=2026-09-05T06:10:20.8040908Z;state=Quarantined. excluded quest=747;stage=Objective;scope=Objective;objective=1;retry=2026-09-05T06:10:20.8116023Z;state=Quarantined. excluded quest=7790;stage=Pickup;scope=QuestStage;retry=2026-09-05T06:10:20.8249148Z;state=Quarantined. excluded quest=843;stage=Pickup;npc=3341;reason=outside-scan-radius;retry=context-change excluded quest=8487;stage=TurnIn;npc=15402;reason=outside-scan-radius;retry=context-change excluded quest=851;stage=Pickup;npc=3389;reason=outside-scan-radius;retry=context-change excluded quest=858;stage=Pickup;npc=3439;reason=outside-scan-radius;retry=context-change excluded quest=865;stage=Pickup;npc=3446;reason=outside-scan-radius;retry=context-change excluded quest=867;stage=Objective;scope=Objective;objective=0;retry=2026-09-05T06:10:20.8137024Z;state=Quarantined. excluded quest=868;stage=Pickup;npc=3428;reason=outside-scan-radius;retry=context-change excluded quest=878;stage=Pickup;npc=3430;reason=outside-scan-radius;retry=context-change excluded quest=8889;stage=Objective;objective=0;reason=outside-scan-radius;retry=context-change. excluded quest=8889;stage=Objective;objective=1;reason=outside-scan-radius;retry=context-change. excluded quest=8889;stage=Objective;objective=2;reason=outside-scan-radius;retry=context-change. excluded quest=891;stage=Objective;objective=0;reason=outside-scan-radius;retry=context-change. excluded quest=891;stage=Objective;objective=1;reason=outside-scan-radius;retry=context-change. excluded quest=891;stage=Objective;objective=2;reason=outside-scan-radius;retry=context-change. excluded quest=891;stage=Objective;scope=Objective;objective=3;retry=2026-09-05T06:10:20.8169213Z;state=Quarantined. excluded quest=893;stage=Pickup;npc=3433;reason=outside-scan-radius;retry=context-change excluded quest=894;stage=TurnIn;npc=4141;reason=outside-scan-radius;retry=context-change excluded quest=896;stage=Objective;scope=Objective;objective=0;retry=2026-09-05T06:10:20.8197153Z;state=Quarantined. excluded quest=9067;stage=Objective;scope=Objective;objective=0;retry=2026-09-05T07:12:52.3802265Z;state=Quarantined. excluded quest=9151;stage=Pickup;npc=16199;reason=outside-scan-radius;retry=context-change excluded quest=9157;stage=TurnIn;npc=16201;reason=outside-scan-radius;retry=context-change excluded quest=9214;stage=Pickup;npc=16220;reason=outside-scan-radius;retry=context-change excluded quest=9218;stage=Pickup;npc=16205;reason=outside-scan-radius;retry=context-change excluded quest=9275;stage=Pickup;npc=16464;reason=outside-scan-radius;retry=context-change excluded quest=9276;stage=Pickup;npc=16463;reason=outside-scan-radius;retry=context-change excluded quest=9281;stage=Pickup;npc=16480;reason=outside-scan-radius;retry=context-change excluded quest=9388;stage=Pickup;scope=QuestStage;retry=2026-09-05T06:10:20.8314367Z;state=Quarantined. excluded quest=9389;stage=Pickup;scope=QuestStage;retry=2026-09-05T06:10:20.8315248Z;state=Quarantined. excluded quest=9425;stage=Pickup;npc=16287;reason=outside-scan-radius;retry=context-change excluded quest=9428;stage=Pickup;npc=17098;reason=outside-scan-radius;retry=context-change excluded quest=959;stage=Pickup;npc=3665;reason=outside-scan-radius;retry=context-change excluded quest=962;stage=Pickup;npc=3419;reason=outside-scan-radius;retry=context-change excluded quest=965;stage=Pickup;npc=3657;reason=outside-scan-radius;retry=context-change excluded quest=9749;stage=Pickup;scope=QuestStage;retry=2026-09-05T06:10:20.8275214Z;state=Quarantined.
[11:43:12.297] [N] [Wholesome Auto Quest] Rest done — HP=89% MP=70%
[11:43:14.380] [D] Changed POI to: Type: Loot, Name: Grundig Darkcloud, Guid: F130002E5207A594, Entry: 11858, Location: (112.52, -350.56, 4.41)
[11:43:14.820] [D] [Interact] Interacting with object at 0x2ED4AF68
[11:43:14.853] [D] [Interact] Done interacting with object at 0x2ED4AF68
[11:43:15.696] [N] Looting Grundig Darkcloud Guid 0xF130002E5207A594
[11:43:15.797] [D] Cleared POI - Reason Waiting for loot flag
[11:43:15.797] [D] Cleared POI
[11:43:16.403] [D] Changed POI to: Type: Loot, Name: Grimtotem Brute, Guid: F130002E8807A689, Entry: 11912, Location: (111.83, -349.83, 4.38)
[11:43:17.042] [D] [Interact] Interacting with object at 0x2ED4EC58
[11:43:17.075] [D] [Interact] Done interacting with object at 0x2ED4EC58
[11:43:17.919] [N] Looting Grimtotem Brute Guid 0xF130002E8807A689
[11:43:18.020] [D] Cleared POI - Reason Waiting for loot flag
[11:43:18.020] [D] Cleared POI
[11:43:18.995] [D] Changed POI to: Type: Loot, Name: Grimtotem Brute, Guid: F130002E8807A726, Entry: 11912, Location: (122.74, -359.85, 3.31)
[11:43:19.431] [N] Moving to Type: Loot, Name: Grimtotem Brute, Guid: F130002E8807A726, Entry: 11912, Location: (122.74, -359.85, 3.31)
[11:43:19.665] [N] Mounting: 34769
[11:43:22.525] [D] Dismount for interaction.
[11:43:22.525] [D] Stop and dismount. Reason: Combat
[11:43:23.097] [D] [Interact] Interacting with object at 0x2EA3BEC8
[11:43:23.129] [D] [Interact] Done interacting with object at 0x2EA3BEC8
[11:43:23.968] [N] Looting Grimtotem Brute Guid 0xF130002E8807A726
[11:43:24.069] [D] Cleared POI - Reason Waiting for loot flag
[11:43:24.069] [D] Cleared POI
[11:43:26.173] [N] Loading 1_32_30
[11:43:26.174] [N] Loading 1_32_34
[11:43:26.174] [N] Loading 1_31_30
[11:43:26.174] [N] Loading 1_31_34
[11:43:26.174] [N] Loading 1_33_34
[11:43:26.174] [N] Loading 1_32_35
[11:43:26.174] [N] Loading 1_33_35
[11:43:26.174] [N] Loading 1_31_35
[11:43:26.174] [N] Loading 1_34_34
[11:43:26.174] [N] Loading 1_34_35
[11:43:26.174] [N] Loading 1_30_29
[11:43:26.174] [N] Loading 1_32_36
[11:43:26.174] [N] Loading 1_33_36
[11:43:26.174] [N] Loading 1_30_34
[11:43:26.174] [N] Loading 1_29_29
[11:43:26.174] [N] Loading 1_30_35
[11:43:26.174] [N] Loading 1_29_33
[11:43:26.174] [N] Loading 1_31_36
[11:43:26.174] [N] Loading 1_34_36
[11:43:26.174] [N] Loading 1_35_34
[11:43:26.174] [N] Loading 1_35_35
[11:43:26.174] [N] Loading 1_31_29
[11:43:26.174] [N] Loading 1_30_36
[11:43:26.174] [N] Loading 1_35_36
[11:43:26.174] [N] Loading 1_29_34
[11:43:26.174] [N] Loading 1_28_33
[11:43:26.174] [N] Loading 1_32_37
[11:43:26.174] [N] Loading 1_28_29
[11:43:26.174] [N] Loading 1_30_28
[11:43:26.174] [N] Loading 1_31_28
[11:43:26.174] [N] Loading 1_33_37
[11:43:26.174] [N] Loading 1_29_35
[11:43:26.174] [N] Loading 1_34_37
[11:43:26.174] [N] Loading 1_36_35
[11:43:26.174] [N] Loading 1_31_37
[11:43:26.174] [N] Loading 1_36_34
[11:43:26.174] [N] Loading 1_29_28
[11:43:26.174] [N] Loading 1_36_36
[11:43:26.174] [N] Loading 1_29_36
[11:43:26.174] [N] Loading 1_35_37
[11:43:26.174] [N] Loading 1_30_37
[11:43:26.174] [N] Loading 1_27_30
[11:43:26.174] [N] Loading 1_32_28
[11:43:26.174] [N] Loading 1_32_29
[11:43:26.174] [N] Loading 1_33_38
[11:43:26.174] [N] Loading 1_27_29
[11:43:26.174] [N] Loading 1_32_38
[11:43:26.174] [N] Loading 1_37_35
[11:43:26.174] [N] Loading 1_31_38
[11:43:26.174] [N] Loading 1_37_34
[11:43:26.174] [N] Loading 1_31_27
[11:43:26.174] [N] Loading 1_34_38
[11:43:26.174] [N] Loading 1_27_33
[11:43:26.174] [N] Loading 1_36_37
[11:43:26.174] [N] Loading 1_33_29
[11:43:26.174] [N] Loading 1_33_28
[11:43:26.174] [N] Loading 1_27_32
[11:43:26.174] [N] Loading 1_29_37
[11:43:26.174] [N] Loading 1_37_36
[11:43:26.174] [N] Loading 1_28_34
[11:43:26.174] [N] Loading 1_28_36
[11:43:26.174] [N] Loading 1_28_35
[11:43:26.174] [N] Loading 1_35_38
[11:43:26.174] [N] Loading 1_27_34
[11:43:26.174] [N] Loading 1_32_27
[11:43:26.174] [N] Loading 1_30_38
[11:43:26.174] [N] Loading 1_34_29
[11:43:26.174] [N] Loading 1_33_27
[11:43:26.174] [N] Loading 1_34_28
[11:43:26.174] [N] Loading 1_33_39
[11:43:26.174] [N] Loading 1_34_39
[11:43:26.174] [N] Loading 1_32_39
[11:43:26.174] [N] Loading 1_28_37
[11:43:26.174] [N] Loading 1_26_29
[11:43:26.174] [N] Loading 1_27_28
[11:43:26.174] [N] Loading 1_27_31
[11:43:26.174] [N] Loading 1_37_37
[11:43:26.174] [N] Loading 1_38_35
[11:43:26.174] [N] Loading 1_31_39
[11:43:26.174] [N] Loading 1_29_38
[11:43:26.174] [N] Loading 1_36_38
[11:43:26.174] [N] Loading 1_38_36
[11:43:26.174] [N] Loading 1_28_28
[11:43:26.174] [N] Loading 1_26_33
[11:43:26.174] [N] Loading 1_35_29
[11:43:26.174] [N] Loading 1_34_27
[11:43:26.174] [N] Loading 1_26_32
[11:43:26.174] [N] Loading 1_26_30
[11:43:26.174] [N] Loading 1_27_35
[11:43:26.174] [N] Loading 1_38_34
[11:43:26.174] [N] Loading 1_27_36
[11:43:26.174] [N] Loading 1_35_28
[11:43:26.174] [N] Loading 1_26_28
[11:43:26.174] [N] Loading 1_30_39
[11:43:26.174] [N] Loading 1_26_34
[11:43:26.174] [N] Loading 1_36_30
[11:43:26.174] [N] Loading 1_32_26
[11:43:26.174] [N] Loading 1_33_26
[11:43:26.174] [N] Loading 1_35_39
[11:43:26.174] [N] Loading 1_26_31
[11:43:26.174] [N] Loading 1_27_37
[11:43:26.174] [N] Loading 1_28_38
[11:43:26.174] [N] Loading 1_39_35
[11:43:26.174] [N] Loading 1_38_37
[11:43:26.174] [N] Loading 1_35_27
[11:43:26.174] [N] Loading 1_39_36
[11:43:26.174] [N] Loading 1_31_40
[11:43:26.174] [N] Loading 1_29_39
[11:43:26.174] [N] Loading 1_26_35
[11:43:26.174] [N] Loading 1_36_29
[11:43:26.174] [N] Loading 1_36_39
[11:43:26.174] [N] Loading 1_38_31
[11:43:26.174] [N] Loading 1_32_40
[11:43:26.174] [N] Loading 1_36_28
[11:43:26.174] [N] Loading 1_39_34
[11:43:26.174] [N] Loading 1_38_32
[11:43:26.174] [N] Loading 1_34_26
[11:43:26.174] [N] Loading 1_30_40
[11:43:26.174] [N] Loading 1_31_26
[11:43:26.174] [N] Loading 1_25_33
[11:43:26.174] [N] Loading 1_34_40
[11:43:26.174] [N] Loading 1_25_32
[11:43:26.174] [N] Loading 1_27_27
[11:43:26.174] [N] Loading 1_33_40
[11:43:26.174] [N] Loading 1_25_31
[11:43:26.174] [N] Loading 1_35_26
[11:43:26.174] [N] Loading 1_35_40
[11:43:26.174] [N] Loading 1_26_36
[11:43:26.174] [N] Loading 1_39_37
[11:43:26.174] [N] Loading 1_27_38
[11:43:26.174] [N] Loading 1_28_39
[11:43:26.174] [N] Loading 1_36_27
[11:43:26.174] [N] Loading 1_40_35
[11:43:26.174] [N] Loading 1_37_38
[11:43:26.174] [N] Loading 1_26_37
[11:43:26.174] [N] Loading 1_31_41
[11:43:26.174] [N] Loading 1_40_36
[11:43:26.174] [N] Loading 1_29_40
[11:43:26.174] [N] Loading 1_38_33
[11:43:26.174] [N] Loading 1_32_41
[11:43:26.174] [N] Loading 1_30_41
[11:43:26.174] [N] Loading 1_36_26
[11:43:26.174] [N] Loading 1_37_39
[11:43:26.174] [N] Loading 1_33_25
[11:43:26.174] [N] Loading 1_25_35
[11:43:26.174] [N] Loading 1_25_30
[11:43:26.174] [N] Loading 1_32_25
[11:43:26.174] [N] Loading 1_36_40
[11:43:26.174] [N] Loading 1_26_38
[11:43:26.174] [N] Loading 1_30_27
[11:43:26.174] [N] Loading 1_38_38
[11:43:26.174] [N] Loading 1_25_34
[11:43:26.174] [N] Loading 1_40_34
[11:43:26.174] [N] Loading 1_33_41
[11:43:26.174] [N] Loading 1_39_38
[11:43:26.174] [N] Loading 1_40_37
[11:43:26.174] [N] Loading 1_24_32
[11:43:26.174] [N] Loading 1_41_35
[11:43:26.174] [N] Loading 1_37_27
[11:43:26.174] [N] Loading 1_24_33
[11:43:26.174] [N] Loading 1_31_25
[11:43:26.174] [N] Loading 1_30_26
[11:43:26.174] [N] Loading 1_27_39
[11:43:26.174] [N] Loading 1_35_25
[11:43:26.174] [N] Loading 1_24_31
[11:43:26.174] [N] Loading 1_37_40
[11:43:26.174] [N] Loading 1_37_28
[11:43:26.174] [N] Loading 1_28_40
[11:43:26.174] [N] Loading 1_34_25
[11:43:26.174] [N] Loading 1_31_42
[11:43:26.174] [N] Loading 1_29_41
[11:43:26.174] [N] Loading 1_41_36
[11:43:26.174] [N] Loading 1_35_41
[11:43:26.174] [N] Loading 1_32_42
[11:43:26.174] [N] Loading 1_38_39
[11:43:26.174] [N] Loading 1_34_41
[11:43:26.174] [N] Loading 1_24_30
[11:43:26.174] [N] Loading 1_24_34
[11:43:26.174] [N] Loading 1_24_35
[11:43:26.174] [N] Loading 1_25_37
[11:43:26.174] [N] Loading 1_40_38
[11:43:26.174] [N] Loading 1_36_25
[11:43:26.174] [N] Loading 1_26_39
[11:43:26.174] [N] Loading 1_25_38
[11:43:26.174] [N] Loading 1_37_29
[11:43:26.174] [N] Loading 1_25_29
[11:43:26.174] [N] Loading 1_30_42
[11:43:26.174] [N] Loading 1_37_26
[11:43:26.174] [N] Loading 1_33_42
[11:43:26.174] [N] Loading 1_28_41
[11:43:26.174] [N] Loading 1_39_39
[11:43:26.174] [N] Loading 1_38_27
[11:43:26.174] [N] Loading 1_30_25
[11:43:26.174] [N] Loading 1_38_28
[11:43:26.174] [N] Loading 1_38_40
[11:43:26.174] [N] Loading 1_24_29
[11:43:26.174] [N] Loading 1_36_41
[11:43:26.174] [N] Loading 1_41_37
[11:43:26.174] [N] Loading 1_29_42
[11:43:26.174] [N] Loading 1_23_32
[11:43:26.174] [N] Loading 1_23_31
[11:43:26.174] [N] Loading 1_29_27
[11:43:26.174] [N] Loading 1_25_39
[11:43:26.174] [N] Loading 1_33_24
[11:43:26.174] [N] Loading 1_27_40
[11:43:26.174] [N] Loading 1_34_42
[11:43:26.174] [N] Loading 1_38_26
[11:43:26.174] [N] Loading 1_41_38
[11:43:26.174] [N] Loading 1_40_39
[11:43:26.174] [N] Loading 1_23_34
[11:43:26.174] [N] Loading 1_26_40
[11:43:26.174] [N] Loading 1_23_33
[11:43:26.174] [N] Loading 1_29_26
[11:43:26.174] [N] Loading 1_39_40
[11:43:26.174] [N] Loading 1_37_41
[11:43:26.174] [N] Loading 1_23_30
[11:43:26.174] [N] Loading 1_34_24
[11:43:26.174] [N] Loading 1_35_24
[11:43:26.174] [N] Loading 1_27_41
[11:43:26.174] [N] Loading 1_39_28
[11:43:26.174] [N] Loading 1_39_27
[11:43:26.174] [N] Loading 1_23_29
[11:43:26.174] [N] Loading 1_25_28
[11:43:26.174] [N] Loading 1_41_34
[11:43:26.174] [N] Loading 1_31_43
[11:43:26.174] [N] Loading 1_36_24
[11:43:26.174] [N] Loading 1_35_42
[11:43:26.174] [N] Loading 1_32_43
[11:43:26.174] [N] Loading 1_28_42
[11:43:26.174] [N] Loading 1_37_25
[11:43:26.174] [N] Loading 1_25_40
[11:43:26.174] [N] Loading 1_42_35
[11:43:26.174] [N] Loading 1_41_39
[11:43:26.174] [N] Loading 1_33_43
[11:43:26.174] [N] Loading 1_42_34
[11:43:26.174] [N] Loading 1_30_43
[11:43:26.174] [N] Loading 1_29_25
[11:43:26.174] [N] Loading 1_24_28
[11:43:26.174] [N] Loading 1_38_41
[11:43:26.174] [N] Loading 1_22_31
[11:43:26.174] [N] Loading 1_39_41
[11:43:26.174] [N] Loading 1_40_33
[11:43:26.174] [N] Loading 1_41_33
[11:43:26.174] [N] Loading 1_34_43
[11:43:26.174] [N] Loading 1_39_29
[11:43:26.174] [N] Loading 1_36_42
[11:43:26.174] [N] Loading 1_39_33
[11:43:26.174] [N] Loading 1_22_33
[11:43:26.174] [N] Loading 1_22_32
[11:43:26.174] [N] Loading 1_42_36
[11:43:26.174] [N] Loading 1_26_41
[11:43:26.174] [N] Loading 1_40_40
[11:43:26.174] [N] Loading 1_22_30
[11:43:26.174] [N] Loading 1_28_27
[11:43:26.174] [N] Loading 1_29_43
[11:43:26.174] [N] Loading 1_40_28
[11:43:26.174] [N] Loading 1_23_28
[11:43:26.174] [N] Loading 1_40_27
[11:43:26.174] [N] Loading 1_24_39
[11:43:26.174] [N] Loading 1_37_24
[11:43:26.174] [N] Loading 1_39_32
[11:43:26.174] [N] Loading 1_40_32
[11:43:26.174] [N] Loading 1_24_40
[11:43:26.174] [N] Loading 1_25_41
[11:43:26.174] [N] Loading 1_27_42
[11:43:26.174] [N] Loading 1_28_26
[11:43:26.174] [N] Loading 1_35_43
[11:43:26.174] [N] Loading 1_38_25
[11:43:26.174] [N] Loading 1_22_29
[11:43:26.174] [N] Loading 1_40_41
[11:43:26.174] [N] Loading 1_37_42
[11:43:26.174] [N] Loading 1_25_27
[11:43:26.174] [N] Loading 1_21_31
[11:43:26.174] [N] Loading 1_39_31
[11:43:26.174] [N] Loading 1_42_37
[11:43:26.174] [N] Loading 1_40_31
[11:43:26.174] [N] Loading 1_28_43
[11:43:26.174] [N] Loading 1_39_26
[11:43:26.174] [N] Loading 1_21_33
[11:43:26.174] [N] Loading 1_21_30
[11:43:26.174] [N] Loading 1_31_44
[11:43:26.174] [N] Loading 1_24_41
[11:43:26.174] [N] Loading 1_43_36
[11:43:26.174] [N] Loading 1_21_32
[11:43:26.174] [N] Loading 1_26_42
[11:43:26.174] [N] Loading 1_24_27
[11:43:26.174] [N] Loading 1_32_44
[11:43:26.174] [N] Loading 1_26_27
[11:43:26.174] [N] Loading 1_40_26
[11:43:26.174] [N] Loading 1_41_32
[11:43:26.174] [N] Loading 1_41_28
[11:43:26.174] [N] Loading 1_28_25
[11:43:26.174] [N] Loading 1_30_44
[11:43:26.174] [N] Loading 1_33_44
[11:43:26.174] [N] Loading 1_38_42
[11:43:26.174] [N] Loading 1_41_27
[11:43:26.828] [N] Loading 1_39_42
[11:43:26.854] [D] Compiling expression '!HasQuest(6542) && !IsQuestCompleted(6542)'
[11:43:26.996] [D] [If] Condition is true, executing If body
[11:43:27.098] [N] [PickUp] Picking up Report to Kadrak
[11:43:27.098] [D] Goal: Picking up Report to Kadrak
[11:43:27.132] [D] Changed POI to: Type: QuestPickUp, Name: Darn Talongrip, Guid: 0, Entry: 11821, Location: (-173.26, -331.17, 9.80)
[11:43:28.718] [N] Moving to Type: QuestPickUp, Name: Darn Talongrip, Guid: 0, Entry: 11821, Location: (-173.26, -331.17, 9.80)
[11:43:33.957] [N] Mounting: 35022
[11:43:38.958] [N] Loading 1_40_29
[11:43:57.541] [D] [QuestLog] Loaded 67 completed quests from Lua fallback
[11:44:26.639] [N] Loading 1_32_34
[11:44:26.639] [N] Loading 1_32_30
[11:44:26.639] [N] Loading 1_31_30
[11:44:26.639] [N] Loading 1_31_34
[11:44:26.639] [N] Loading 1_33_34
[11:44:26.639] [N] Loading 1_32_35
[11:44:26.639] [N] Loading 1_33_35
[11:44:26.639] [N] Loading 1_31_35
[11:44:26.639] [N] Loading 1_34_34
[11:44:26.639] [N] Loading 1_34_35
[11:44:26.640] [N] Loading 1_32_36
[11:44:26.640] [N] Loading 1_33_36
[11:44:26.640] [N] Loading 1_30_34
[11:44:26.640] [N] Loading 1_30_29
[11:44:26.640] [N] Loading 1_30_35
[11:44:26.640] [N] Loading 1_31_36
[11:44:26.640] [N] Loading 1_34_36
[11:44:26.640] [N] Loading 1_29_29
[11:44:26.640] [N] Loading 1_35_34
[11:44:26.640] [N] Loading 1_29_33
[11:44:26.640] [N] Loading 1_35_35
[11:44:26.640] [N] Loading 1_31_29
[11:44:26.640] [N] Loading 1_30_36
[11:44:26.640] [N] Loading 1_35_36
[11:44:26.640] [N] Loading 1_29_34
[11:44:26.640] [N] Loading 1_32_37
[11:44:26.640] [N] Loading 1_33_37
[11:44:26.640] [N] Loading 1_28_33
[11:44:26.640] [N] Loading 1_28_29
[11:44:26.640] [N] Loading 1_29_35
[11:44:26.640] [N] Loading 1_30_28
[11:44:26.640] [N] Loading 1_34_37
[11:44:26.640] [N] Loading 1_36_35
[11:44:26.640] [N] Loading 1_31_37
[11:44:26.640] [N] Loading 1_31_28
[11:44:26.640] [N] Loading 1_36_34
[11:44:26.640] [N] Loading 1_29_28
[11:44:26.640] [N] Loading 1_36_36
[11:44:26.640] [N] Loading 1_29_36
[11:44:26.640] [N] Loading 1_35_37
[11:44:26.640] [N] Loading 1_30_37
[11:44:26.640] [N] Loading 1_27_30
[11:44:26.640] [N] Loading 1_33_38
[11:44:26.640] [N] Loading 1_32_38
[11:44:26.640] [N] Loading 1_32_28
[11:44:26.640] [N] Loading 1_37_35
[11:44:26.640] [N] Loading 1_32_29
[11:44:26.640] [N] Loading 1_31_38
[11:44:26.640] [N] Loading 1_37_34
[11:44:26.640] [N] Loading 1_27_29
[11:44:26.640] [N] Loading 1_34_38
[11:44:26.640] [N] Loading 1_36_37
[11:44:26.640] [N] Loading 1_29_37
[11:44:26.640] [N] Loading 1_31_27
[11:44:26.640] [N] Loading 1_37_36
[11:44:26.640] [N] Loading 1_27_33
[11:44:26.640] [N] Loading 1_33_29
[11:44:26.640] [N] Loading 1_33_28
[11:44:26.640] [N] Loading 1_27_32
[11:44:26.640] [N] Loading 1_28_36
[11:44:26.640] [N] Loading 1_28_35
[11:44:26.640] [N] Loading 1_28_34
[11:44:26.640] [N] Loading 1_35_38
[11:44:26.640] [N] Loading 1_30_38
[11:44:26.640] [N] Loading 1_27_34
[11:44:26.640] [N] Loading 1_32_27
[11:44:26.640] [N] Loading 1_34_29
[11:44:26.640] [N] Loading 1_33_39
[11:44:26.640] [N] Loading 1_33_27
[11:44:26.640] [N] Loading 1_34_28
[11:44:26.640] [N] Loading 1_34_39
[11:44:26.640] [N] Loading 1_32_39
[11:44:26.640] [N] Loading 1_28_37
[11:44:26.640] [N] Loading 1_37_37
[11:44:26.640] [N] Loading 1_38_35
[11:44:26.640] [N] Loading 1_31_39
[11:44:26.640] [N] Loading 1_29_38
[11:44:26.640] [N] Loading 1_36_38
[11:44:26.640] [N] Loading 1_38_36
[11:44:26.640] [N] Loading 1_26_29
[11:44:26.640] [N] Loading 1_27_28
[11:44:26.640] [N] Loading 1_27_31
[11:44:26.640] [N] Loading 1_38_34
[11:44:26.640] [N] Loading 1_27_36
[11:44:26.640] [N] Loading 1_27_35
[11:44:26.640] [N] Loading 1_28_28
[11:44:26.640] [N] Loading 1_26_33
[11:44:26.640] [N] Loading 1_30_39
[11:44:26.640] [N] Loading 1_35_29
[11:44:26.640] [N] Loading 1_34_27
[11:44:26.640] [N] Loading 1_26_32
[11:44:26.640] [N] Loading 1_26_30
[11:44:26.640] [N] Loading 1_35_28
[11:44:26.640] [N] Loading 1_36_30
[11:44:26.640] [N] Loading 1_26_28
[11:44:26.640] [N] Loading 1_35_39
[11:44:26.640] [N] Loading 1_26_34
[11:44:26.640] [N] Loading 1_27_37
[11:44:26.640] [N] Loading 1_32_26
[11:44:26.640] [N] Loading 1_33_26
[11:44:26.640] [N] Loading 1_28_38
[11:44:26.640] [N] Loading 1_39_35
[11:44:26.640] [N] Loading 1_38_37
[11:44:26.640] [N] Loading 1_26_31
[11:44:26.640] [N] Loading 1_39_36
[11:44:26.640] [N] Loading 1_31_40
[11:44:26.640] [N] Loading 1_29_39
[11:44:26.640] [N] Loading 1_35_27
[11:44:26.640] [N] Loading 1_36_39
[11:44:26.640] [N] Loading 1_38_31
[11:44:26.640] [N] Loading 1_32_40
[11:44:26.640] [N] Loading 1_26_35
[11:44:26.640] [N] Loading 1_39_34
[11:44:26.640] [N] Loading 1_38_32
[11:44:26.640] [N] Loading 1_36_29
[11:44:26.640] [N] Loading 1_30_40
[11:44:26.640] [N] Loading 1_34_40
[11:44:26.640] [N] Loading 1_36_28
[11:44:26.640] [N] Loading 1_34_26
[11:44:26.640] [N] Loading 1_33_40
[11:44:26.640] [N] Loading 1_31_26
[11:44:26.640] [N] Loading 1_25_33
[11:44:26.640] [N] Loading 1_35_40
[11:44:26.640] [N] Loading 1_25_32
[11:44:26.640] [N] Loading 1_26_36
[11:44:26.640] [N] Loading 1_27_27
[11:44:26.640] [N] Loading 1_39_37
[11:44:26.640] [N] Loading 1_27_38
[11:44:26.640] [N] Loading 1_35_26
[11:44:26.640] [N] Loading 1_25_31
[11:44:26.640] [N] Loading 1_28_39
[11:44:26.640] [N] Loading 1_40_35
[11:44:26.640] [N] Loading 1_37_38
[11:44:26.640] [N] Loading 1_26_37
[11:44:26.640] [N] Loading 1_31_41
[11:44:26.640] [N] Loading 1_36_27
[11:44:26.640] [N] Loading 1_40_36
[11:44:26.640] [N] Loading 1_29_40
[11:44:26.640] [N] Loading 1_38_33
[11:44:26.640] [N] Loading 1_32_41
[11:44:26.640] [N] Loading 1_30_41
[11:44:26.640] [N] Loading 1_37_39
[11:44:26.640] [N] Loading 1_25_35
[11:44:26.640] [N] Loading 1_36_26
[11:44:26.640] [N] Loading 1_36_40
[11:44:26.640] [N] Loading 1_26_38
[11:44:26.640] [N] Loading 1_38_38
[11:44:26.640] [N] Loading 1_33_25
[11:44:26.640] [N] Loading 1_40_34
[11:44:26.640] [N] Loading 1_25_34
[11:44:26.640] [N] Loading 1_25_30
[11:44:26.640] [N] Loading 1_32_25
[11:44:26.640] [N] Loading 1_33_41
[11:44:26.640] [N] Loading 1_30_27
[11:44:26.640] [N] Loading 1_39_38
[11:44:26.640] [N] Loading 1_40_37
[11:44:26.640] [N] Loading 1_41_35
[11:44:26.640] [N] Loading 1_27_39
[11:44:26.640] [N] Loading 1_24_32
[11:44:26.640] [N] Loading 1_37_27
[11:44:26.640] [N] Loading 1_24_33
[11:44:26.640] [N] Loading 1_31_25
[11:44:26.640] [N] Loading 1_30_26
[11:44:26.640] [N] Loading 1_37_40
[11:44:26.640] [N] Loading 1_28_40
[11:44:26.640] [N] Loading 1_31_42
[11:44:26.640] [N] Loading 1_29_41
[11:44:26.640] [N] Loading 1_41_36
[11:44:26.640] [N] Loading 1_35_25
[11:44:26.640] [N] Loading 1_35_41
[11:44:26.640] [N] Loading 1_32_42
[11:44:26.640] [N] Loading 1_38_39
[11:44:26.640] [N] Loading 1_34_41
[11:44:26.640] [N] Loading 1_24_31
[11:44:26.640] [N] Loading 1_37_28
[11:44:26.640] [N] Loading 1_34_25
[11:44:26.640] [N] Loading 1_24_34
[11:44:26.640] [N] Loading 1_25_37
[11:44:26.640] [N] Loading 1_24_35
[11:44:26.640] [N] Loading 1_40_38
[11:44:26.640] [N] Loading 1_24_30
[11:44:26.640] [N] Loading 1_26_39
[11:44:26.640] [N] Loading 1_25_38
[11:44:26.640] [N] Loading 1_30_42
[11:44:26.640] [N] Loading 1_36_25
[11:44:26.640] [N] Loading 1_37_29
[11:44:26.640] [N] Loading 1_33_42
[11:44:26.640] [N] Loading 1_28_41
[11:44:26.640] [N] Loading 1_25_29
[11:44:26.640] [N] Loading 1_37_26
[11:44:27.177] [N] Loading 1_39_39
[11:44:27.178] [N] Loading 1_38_40
[11:44:27.178] [N] Loading 1_36_41
[11:44:27.178] [N] Loading 1_41_37
[11:44:27.178] [N] Loading 1_38_27
[11:44:27.178] [N] Loading 1_29_42
[11:44:27.178] [N] Loading 1_38_28
[11:44:27.178] [N] Loading 1_30_25
[11:44:27.178] [N] Loading 1_24_29
[11:44:27.178] [N] Loading 1_25_39
[11:44:27.178] [N] Loading 1_27_40
[11:44:27.178] [N] Loading 1_34_42
[11:44:27.178] [N] Loading 1_41_38
[11:44:27.178] [N] Loading 1_23_32
[11:44:27.178] [N] Loading 1_23_31
[11:44:27.178] [N] Loading 1_40_39
[11:44:27.178] [N] Loading 1_29_27
[11:44:27.178] [N] Loading 1_33_24
[11:44:27.178] [N] Loading 1_26_40
[11:44:27.178] [N] Loading 1_38_26
[11:44:27.178] [N] Loading 1_39_40
[11:44:27.178] [N] Loading 1_23_34
[11:44:27.178] [N] Loading 1_23_33
[11:44:27.178] [N] Loading 1_37_41
[11:44:27.178] [N] Loading 1_29_26
[11:44:27.178] [N] Loading 1_27_41
[11:44:27.178] [N] Loading 1_23_30
[11:44:27.178] [N] Loading 1_34_24
[11:44:27.178] [N] Loading 1_41_34
[11:44:27.178] [N] Loading 1_35_24
[11:44:27.178] [N] Loading 1_31_43
[11:44:27.178] [N] Loading 1_35_42
[11:44:27.178] [N] Loading 1_39_28
[11:44:27.178] [N] Loading 1_32_43
[11:44:27.178] [N] Loading 1_39_27
[11:44:27.178] [N] Loading 1_23_29
[11:44:27.178] [N] Loading 1_28_42
[11:44:27.178] [N] Loading 1_25_28
[11:44:27.178] [N] Loading 1_42_35
[11:44:27.178] [N] Loading 1_25_40
[11:44:27.178] [N] Loading 1_41_39
[11:44:27.178] [N] Loading 1_36_24
[11:44:27.178] [N] Loading 1_33_43
[11:44:27.178] [N] Loading 1_42_34
[11:44:27.178] [N] Loading 1_30_43
[11:44:27.178] [N] Loading 1_38_41
[11:44:27.178] [N] Loading 1_37_25
[11:44:27.178] [N] Loading 1_39_41
[11:44:27.178] [N] Loading 1_40_33
[11:44:27.178] [N] Loading 1_41_33
[11:44:27.178] [N] Loading 1_24_28
[11:44:27.178] [N] Loading 1_34_43
[11:44:27.178] [N] Loading 1_22_31
[11:44:27.178] [N] Loading 1_29_25
[11:44:27.178] [N] Loading 1_36_42
[11:44:27.178] [N] Loading 1_39_33
[11:44:27.178] [N] Loading 1_42_36
[11:44:27.178] [N] Loading 1_40_40
[11:44:27.178] [N] Loading 1_22_33
[11:44:27.178] [N] Loading 1_26_41
[11:44:27.178] [N] Loading 1_39_29
[11:44:27.178] [N] Loading 1_22_32
[11:44:27.178] [N] Loading 1_29_43
[11:44:27.178] [N] Loading 1_22_30
[11:44:27.178] [N] Loading 1_24_39
[11:44:27.178] [N] Loading 1_39_32
[11:44:27.178] [N] Loading 1_40_32
[11:44:27.178] [N] Loading 1_28_27
[11:44:27.178] [N] Loading 1_24_40
[11:44:27.178] [N] Loading 1_40_28
[11:44:27.178] [N] Loading 1_23_28
[11:44:27.178] [N] Loading 1_40_27
[11:44:27.178] [N] Loading 1_25_41
[11:44:27.178] [N] Loading 1_27_42
[11:44:27.178] [N] Loading 1_37_24
[11:44:27.178] [N] Loading 1_35_43
[11:44:27.178] [N] Loading 1_40_41
[11:44:27.178] [N] Loading 1_37_42
[11:44:27.178] [N] Loading 1_28_26
[11:44:27.178] [N] Loading 1_42_37
[11:44:27.178] [N] Loading 1_39_31
[11:44:27.178] [N] Loading 1_38_25
[11:44:27.178] [N] Loading 1_22_29
[11:44:27.178] [N] Loading 1_28_43
[11:44:27.178] [N] Loading 1_40_31
[11:44:27.178] [N] Loading 1_25_27
[11:44:27.178] [N] Loading 1_21_31
[11:44:27.178] [N] Loading 1_21_33
[11:44:27.178] [N] Loading 1_31_44
[11:44:27.178] [N] Loading 1_24_41
[11:44:27.178] [N] Loading 1_39_26
[11:44:27.178] [N] Loading 1_43_36
[11:44:27.178] [N] Loading 1_26_42
[11:44:27.178] [N] Loading 1_32_44
[11:44:27.178] [N] Loading 1_41_32
[11:44:27.178] [N] Loading 1_21_32
[11:44:27.178] [N] Loading 1_21_30
[11:44:27.178] [N] Loading 1_24_27
[11:44:27.178] [N] Loading 1_33_44
[11:44:27.178] [N] Loading 1_38_42
[11:44:27.178] [N] Loading 1_30_44
[11:44:27.178] [N] Loading 1_26_27
[11:44:27.178] [N] Loading 1_40_26
[11:44:27.178] [N] Loading 1_41_28
[11:44:27.178] [N] Loading 1_28_25
[11:44:27.505] [N] Loading 1_39_42
[11:44:34.891] [N] Loading 1_41_27
[11:44:47.714] [N] Loading 1_30_30
[11:44:47.715] [N] Loading 1_29_31
[11:44:47.715] [N] Loading 1_29_30
[11:44:47.715] [N] Loading 1_29_32
[11:44:47.715] [N] Loading 1_28_31
[11:44:47.715] [N] Loading 1_28_32
[11:44:47.715] [N] Loading 1_28_30
[11:45:04.751] [D] [QuestLog] Loaded 67 completed quests from Lua fallback
[11:45:04.785] [N] Moving to Type: QuestPickUp, Name: Darn Talongrip, Guid: 0, Entry: 11821, Location: (-173.26, -331.17, 9.72)
[11:45:26.728] [N] Loading 1_32_34
[11:45:26.728] [N] Loading 1_32_30
[11:45:26.728] [N] Loading 1_31_30
[11:45:26.728] [N] Loading 1_31_34
[11:45:26.728] [N] Loading 1_33_34
[11:45:26.728] [N] Loading 1_32_35
[11:45:26.728] [N] Loading 1_33_35
[11:45:26.728] [N] Loading 1_31_35
[11:45:26.728] [N] Loading 1_34_34
[11:45:26.728] [N] Loading 1_34_35
[11:45:26.728] [N] Loading 1_32_36
[11:45:26.728] [N] Loading 1_33_36
[11:45:26.728] [N] Loading 1_30_34
[11:45:26.728] [N] Loading 1_30_29
[11:45:26.728] [N] Loading 1_30_35
[11:45:26.728] [N] Loading 1_31_36
[11:45:26.728] [N] Loading 1_34_36
[11:45:26.728] [N] Loading 1_35_34
[11:45:26.728] [N] Loading 1_29_29
[11:45:26.728] [N] Loading 1_29_33
[11:45:26.728] [N] Loading 1_35_35
[11:45:26.728] [N] Loading 1_31_29
[11:45:26.728] [N] Loading 1_30_36
[11:45:26.728] [N] Loading 1_35_36
[11:45:26.728] [N] Loading 1_29_34
[11:45:26.728] [N] Loading 1_32_37
[11:45:26.728] [N] Loading 1_28_33
[11:45:26.728] [N] Loading 1_33_37
[11:45:26.728] [N] Loading 1_28_29
[11:45:26.728] [N] Loading 1_29_35
[11:45:26.728] [N] Loading 1_36_35
[11:45:26.728] [N] Loading 1_34_37
[11:45:26.728] [N] Loading 1_30_28
[11:45:26.728] [N] Loading 1_31_37
[11:45:26.728] [N] Loading 1_31_28
[11:45:26.728] [N] Loading 1_36_34
[11:45:26.728] [N] Loading 1_36_36
[11:45:26.728] [N] Loading 1_29_28
[11:45:26.728] [N] Loading 1_29_36
[11:45:26.728] [N] Loading 1_35_37
[11:45:26.728] [N] Loading 1_30_37
[11:45:26.728] [N] Loading 1_27_30
[11:45:26.728] [N] Loading 1_33_38
[11:45:26.728] [N] Loading 1_32_38
[11:45:26.728] [N] Loading 1_37_35
[11:45:26.728] [N] Loading 1_32_28
[11:45:26.728] [N] Loading 1_37_34
[11:45:26.728] [N] Loading 1_31_38
[11:45:26.728] [N] Loading 1_32_29
[11:45:26.728] [N] Loading 1_27_29
[11:45:26.728] [N] Loading 1_34_38
[11:45:26.728] [N] Loading 1_36_37
[11:45:26.728] [N] Loading 1_29_37
[11:45:26.728] [N] Loading 1_37_36
[11:45:26.728] [N] Loading 1_27_33
[11:45:26.728] [N] Loading 1_31_27
[11:45:26.728] [N] Loading 1_33_29
[11:45:26.728] [N] Loading 1_33_28
[11:45:26.728] [N] Loading 1_27_32
[11:45:26.728] [N] Loading 1_28_34
[11:45:26.728] [N] Loading 1_28_36
[11:45:26.728] [N] Loading 1_35_38
[11:45:26.728] [N] Loading 1_28_35
[11:45:26.728] [N] Loading 1_30_38
[11:45:26.728] [N] Loading 1_27_34
[11:45:26.728] [N] Loading 1_32_27
[11:45:26.728] [N] Loading 1_34_29
[11:45:26.728] [N] Loading 1_33_39
[11:45:26.728] [N] Loading 1_33_27
[11:45:26.728] [N] Loading 1_34_39
[11:45:26.728] [N] Loading 1_32_39
[11:45:26.728] [N] Loading 1_34_28
[11:45:26.728] [N] Loading 1_28_37
[11:45:26.728] [N] Loading 1_37_37
[11:45:26.728] [N] Loading 1_38_35
[11:45:26.728] [N] Loading 1_31_39
[11:45:26.728] [N] Loading 1_29_38
[11:45:26.728] [N] Loading 1_36_38
[11:45:26.729] [N] Loading 1_38_36
[11:45:26.729] [N] Loading 1_27_31
[11:45:26.729] [N] Loading 1_26_29
[11:45:26.729] [N] Loading 1_27_28
[11:45:26.729] [N] Loading 1_38_34
[11:45:26.729] [N] Loading 1_27_36
[11:45:26.729] [N] Loading 1_27_35
[11:45:26.729] [N] Loading 1_28_28
[11:45:27.401] [N] Loading 1_26_33
[11:45:27.402] [N] Loading 1_30_39
[11:45:27.402] [N] Loading 1_35_29
[11:45:27.402] [N] Loading 1_26_32
[11:45:27.402] [N] Loading 1_34_27
[11:45:27.402] [N] Loading 1_26_30
[11:45:27.402] [N] Loading 1_36_30
[11:45:27.402] [N] Loading 1_35_28
[11:45:27.402] [N] Loading 1_26_28
[11:45:27.402] [N] Loading 1_35_39
[11:45:27.402] [N] Loading 1_26_34
[11:45:27.402] [N] Loading 1_39_35
[11:45:27.402] [N] Loading 1_38_37
[11:45:27.402] [N] Loading 1_27_37
[11:45:27.402] [N] Loading 1_28_38
[11:45:27.402] [N] Loading 1_32_26
[11:45:27.402] [N] Loading 1_33_26
[11:45:27.402] [N] Loading 1_39_36
[11:45:27.402] [N] Loading 1_26_31
[11:45:27.402] [N] Loading 1_31_40
[11:45:27.402] [N] Loading 1_29_39
[11:45:27.402] [N] Loading 1_36_39
[11:45:27.402] [N] Loading 1_38_31
[11:45:27.402] [N] Loading 1_32_40
[11:45:27.402] [N] Loading 1_35_27
[11:45:27.402] [N] Loading 1_26_35
[11:45:27.402] [N] Loading 1_39_34
[11:45:27.402] [N] Loading 1_38_32
[11:45:27.402] [N] Loading 1_36_29
[11:45:27.402] [N] Loading 1_30_40
[11:45:27.402] [N] Loading 1_34_40
[11:45:27.402] [N] Loading 1_36_28
[11:45:27.402] [N] Loading 1_33_40
[11:45:27.402] [N] Loading 1_34_26
[11:45:27.402] [N] Loading 1_25_33
[11:45:27.402] [N] Loading 1_35_40
[11:45:27.402] [N] Loading 1_39_37
[11:45:27.402] [N] Loading 1_31_26
[11:45:27.402] [N] Loading 1_25_32
[11:45:27.402] [N] Loading 1_26_36
[11:45:27.402] [N] Loading 1_27_27
[11:45:27.402] [N] Loading 1_40_35
[11:45:27.402] [N] Loading 1_27_38
[11:45:27.402] [N] Loading 1_37_38
[11:45:27.402] [N] Loading 1_25_31
[11:45:27.402] [N] Loading 1_35_26
[11:45:27.402] [N] Loading 1_28_39
[11:45:27.402] [N] Loading 1_26_37
[11:45:27.402] [N] Loading 1_31_41
[11:45:27.402] [N] Loading 1_40_36
[11:45:27.402] [N] Loading 1_36_27
[11:45:27.402] [N] Loading 1_38_33
[11:45:27.402] [N] Loading 1_29_40
[11:45:27.402] [N] Loading 1_32_41
[11:45:27.402] [N] Loading 1_37_39
[11:45:27.402] [N] Loading 1_30_41
[11:45:27.402] [N] Loading 1_36_40
[11:45:27.402] [N] Loading 1_36_26
[11:45:27.402] [N] Loading 1_38_38
[11:45:27.402] [N] Loading 1_25_35
[11:45:27.402] [N] Loading 1_26_38
[11:45:27.402] [N] Loading 1_40_34
[11:45:27.402] [N] Loading 1_33_25
[11:45:27.402] [N] Loading 1_33_41
[11:45:27.402] [N] Loading 1_25_30
[11:45:27.402] [N] Loading 1_39_38
[11:45:27.402] [N] Loading 1_32_25
[11:45:27.402] [N] Loading 1_25_34
[11:45:27.402] [N] Loading 1_40_37
[11:45:27.402] [N] Loading 1_41_35
[11:45:27.402] [N] Loading 1_30_27
[11:45:27.402] [N] Loading 1_27_39
[11:45:27.402] [N] Loading 1_24_32
[11:45:27.402] [N] Loading 1_37_27
[11:45:27.402] [N] Loading 1_37_40
[11:45:27.402] [N] Loading 1_24_33
[11:45:27.402] [N] Loading 1_41_36
[11:45:27.402] [N] Loading 1_31_25
[11:45:27.402] [N] Loading 1_28_40
[11:45:27.402] [N] Loading 1_29_41
[11:45:27.402] [N] Loading 1_31_42
[11:45:27.402] [N] Loading 1_30_26
[11:45:27.402] [N] Loading 1_35_41
[11:45:27.402] [N] Loading 1_38_39
[11:45:27.402] [N] Loading 1_35_25
[11:45:27.402] [N] Loading 1_32_42
[11:45:27.402] [N] Loading 1_34_41
[11:45:27.402] [N] Loading 1_24_31
[11:45:27.402] [N] Loading 1_37_28
[11:45:27.402] [N] Loading 1_34_25
[11:45:27.402] [N] Loading 1_40_38
[11:45:27.402] [N] Loading 1_24_34
[11:45:27.402] [N] Loading 1_25_37
[11:45:27.402] [N] Loading 1_24_30
[11:45:27.402] [N] Loading 1_24_35
[11:45:27.402] [N] Loading 1_26_39
[11:45:27.402] [N] Loading 1_25_38
[11:45:27.402] [N] Loading 1_30_42
[11:45:27.402] [N] Loading 1_36_25
[11:45:27.402] [N] Loading 1_33_42
[11:45:27.402] [N] Loading 1_37_29
[11:45:27.402] [N] Loading 1_28_41
[11:45:27.402] [N] Loading 1_25_29
[11:45:27.402] [N] Loading 1_37_26
[11:45:27.957] [N] Loading 1_39_39
[11:45:27.957] [N] Loading 1_38_40
[11:45:27.957] [N] Loading 1_36_41
[11:45:27.957] [N] Loading 1_41_37
[11:45:27.957] [N] Loading 1_38_27
[11:45:27.957] [N] Loading 1_29_42
[11:45:27.957] [N] Loading 1_38_28
[11:45:27.957] [N] Loading 1_30_25
[11:45:27.957] [N] Loading 1_34_42
[11:45:27.957] [N] Loading 1_24_29
[11:45:27.957] [N] Loading 1_27_40
[11:45:27.957] [N] Loading 1_25_39
[11:45:27.957] [N] Loading 1_41_38
[11:45:27.957] [N] Loading 1_40_39
[11:45:27.957] [N] Loading 1_23_32
[11:45:27.957] [N] Loading 1_23_31
[11:45:27.957] [N] Loading 1_39_40
[11:45:27.957] [N] Loading 1_29_27
[11:45:27.957] [N] Loading 1_33_24
[11:45:27.957] [N] Loading 1_37_41
[11:45:27.957] [N] Loading 1_38_26
[11:45:27.957] [N] Loading 1_26_40
[11:45:27.957] [N] Loading 1_23_34
[11:45:27.957] [N] Loading 1_23_33
[11:45:27.957] [N] Loading 1_27_41
[11:45:27.957] [N] Loading 1_41_34
[11:45:27.957] [N] Loading 1_29_26
[11:45:27.957] [N] Loading 1_23_30
[11:45:27.957] [N] Loading 1_34_24
[11:45:27.957] [N] Loading 1_31_43
[11:45:27.957] [N] Loading 1_35_24
[11:45:27.957] [N] Loading 1_35_42
[11:45:27.957] [N] Loading 1_32_43
[11:45:27.957] [N] Loading 1_39_28
[11:45:27.957] [N] Loading 1_39_27
[11:45:27.957] [N] Loading 1_28_42
[11:45:27.957] [N] Loading 1_42_35
[11:45:27.957] [N] Loading 1_41_39
[11:45:27.957] [N] Loading 1_23_29
[11:45:27.957] [N] Loading 1_25_28
[11:45:27.957] [N] Loading 1_25_40
[11:45:27.957] [N] Loading 1_33_43
[11:45:27.957] [N] Loading 1_38_41
[11:45:27.957] [N] Loading 1_42_34
[11:45:27.957] [N] Loading 1_36_24
[11:45:27.957] [N] Loading 1_30_43
[11:45:27.957] [N] Loading 1_39_41
[11:45:27.957] [N] Loading 1_37_25
[11:45:27.957] [N] Loading 1_40_33
[11:45:27.957] [N] Loading 1_41_33
[11:45:27.957] [N] Loading 1_34_43
[11:45:27.957] [N] Loading 1_36_42
[11:45:27.957] [N] Loading 1_39_33
[11:45:27.957] [N] Loading 1_22_31
[11:45:27.957] [N] Loading 1_24_28
[11:45:27.957] [N] Loading 1_42_36
[11:45:27.957] [N] Loading 1_40_40
[11:45:27.957] [N] Loading 1_29_25
[11:45:27.957] [N] Loading 1_26_41
[11:45:27.957] [N] Loading 1_39_29
[11:45:27.957] [N] Loading 1_22_33
[11:45:27.957] [N] Loading 1_29_43
[11:45:27.957] [N] Loading 1_22_32
[11:45:27.957] [N] Loading 1_22_30
[11:45:27.957] [N] Loading 1_39_32
[11:45:27.957] [N] Loading 1_40_32
[11:45:27.957] [N] Loading 1_24_39
[11:45:27.957] [N] Loading 1_40_28
[11:45:27.957] [N] Loading 1_28_27
[11:45:27.957] [N] Loading 1_24_40
[11:45:27.957] [N] Loading 1_40_27
[11:45:27.957] [N] Loading 1_23_28
[11:45:27.957] [N] Loading 1_25_41
[11:45:27.957] [N] Loading 1_27_42
[11:45:27.957] [N] Loading 1_37_24
[11:45:27.957] [N] Loading 1_35_43
[11:45:27.957] [N] Loading 1_40_41
[11:45:27.957] [N] Loading 1_37_42
[11:45:27.957] [N] Loading 1_42_37
[11:45:27.957] [N] Loading 1_28_26
[11:45:27.957] [N] Loading 1_39_31
[11:45:27.957] [N] Loading 1_40_31
[11:45:27.957] [N] Loading 1_38_25
[11:45:27.957] [N] Loading 1_28_43
[11:45:27.957] [N] Loading 1_22_29
[11:45:27.957] [N] Loading 1_25_27
[11:45:27.957] [N] Loading 1_31_44
[11:45:27.957] [N] Loading 1_43_36
[11:45:27.957] [N] Loading 1_21_31
[11:45:27.957] [N] Loading 1_39_26
[11:45:27.957] [N] Loading 1_24_41
[11:45:27.957] [N] Loading 1_32_44
[11:45:27.957] [N] Loading 1_26_42
[11:45:27.957] [N] Loading 1_21_33
[11:45:27.957] [N] Loading 1_41_32
[11:45:27.957] [N] Loading 1_38_42
[11:45:27.957] [N] Loading 1_21_30
[11:45:27.957] [N] Loading 1_21_32
[11:45:27.957] [N] Loading 1_33_44
[11:45:27.957] [N] Loading 1_30_44
[11:45:27.957] [N] Loading 1_40_26
[11:45:27.957] [N] Loading 1_41_28
[11:45:27.957] [N] Loading 1_24_27
[11:45:27.957] [N] Loading 1_26_27
[11:45:28.296] [N] Loading 1_28_25
[11:45:29.250] [N] Loading 1_39_42
[11:45:37.656] [N] Loading 1_41_27
[11:45:47.863] [N] Loading 1_30_30
[11:45:47.863] [N] Loading 1_29_31
[11:45:47.863] [N] Loading 1_29_30
[11:45:47.863] [N] Loading 1_29_32
[11:45:47.863] [N] Loading 1_28_31
[11:45:47.863] [N] Loading 1_28_32
[11:45:47.863] [N] Loading 1_28_30
[11:45:52.722] [N] Loading 1_39_30
[11:46:03.722] [D] [Interact] Interacting with object at 0x2ED608B8
[11:46:03.753] [D] [Interact] Done interacting with object at 0x2ED608B8
[11:46:05.333] [D] [QuestPickUp] After interact: GossipFrame.IsVisible=False, QuestTitleButton1.IsVisible=False, QuestFrame.IsVisible=True
[11:46:06.138] [D] [QuestLog] Loaded 67 completed quests from Lua fallback
[11:46:06.205] [D] [QuestPickUp] HandleQuestFrame: Action=AcceptTarget, ShownId=6542, TargetId=6542, Accept=True, Continue=False, Complete=False, Completion=KnownIncomplete
[11:46:06.205] [D] [QuestPickUp] Target quest identity confirmed — accepting quest.
[11:46:07.452] [D] [QuestRecovery] quest=6542, stage=Pickup, old=Attempting, new=Eligible, reason=None, episode=0, attempt=0, retry=
[11:46:07.452] [N] [Wholesome Auto Quest] Quest 6542 Pickup completed; queuing one scheduler rebuild.
[11:46:07.836] [D] Loading profile from D:\World of Warcraft 3.3.5a\CB\Bots\WholesomeAutoQuest\WHOLESOME_AUTOQUESTER.xml
[11:46:07.842] [N] Profile loaded: WholesomeAQ - Stonetalon Mountains
[11:46:07.860] [D] Selected sub-profile: WholesomeAQ - Stonetalon Mountains (L1-80)
[11:46:07.860] [N] [Wholesome Auto Quest] Profile refreshed - Selected 1 quest work candidate(s). selected quest=6461;stage=Pickup;state=Eligible. excluded quest=104;stage=Pickup;npc=392;reason=outside-scan-radius;retry=context-change excluded quest=1062;stage=Objective;objective=0;reason=outside-scan-radius;retry=context-change. excluded quest=1069;stage=Pickup;npc=3446;reason=outside-scan-radius;retry=context-change excluded quest=1087;stage=Pickup;npc=4198;reason=outside-scan-radius;retry=context-change excluded quest=1093;stage=Pickup;npc=4201;reason=outside-scan-radius;retry=context-change excluded quest=11127;stage=Pickup;scope=QuestStage;retry=2026-09-05T06:10:20.8287986Z;state=Quarantined. excluded quest=118;stage=Pickup;npc=415;reason=outside-scan-radius;retry=context-change excluded quest=1195;stage=Pickup;npc=4721;reason=outside-scan-radius;retry=context-change excluded quest=14106;stage=Pickup;scope=QuestStage;retry=2026-09-05T06:10:20.8250193Z;state=Quarantined. excluded quest=1483;stage=Pickup;npc=3442;reason=outside-scan-radius;retry=context-change excluded quest=152;stage=Pickup;npc=392;reason=outside-scan-radius;retry=context-change excluded quest=2098;stage=Pickup;npc=6667;reason=outside-scan-radius;retry=context-change excluded quest=216;stage=Pickup;npc=12757;reason=outside-scan-radius;retry=context-change excluded quest=235;stage=Pickup;npc=10880;reason=outside-scan-radius;retry=context-change excluded quest=3281;stage=TurnIn;npc=3464;reason=outside-scan-radius;retry=context-change excluded quest=4542;stage=Pickup;npc=10079;reason=outside-scan-radius;retry=context-change excluded quest=470;stage=Pickup;npc=2111;reason=outside-scan-radius;retry=context-change excluded quest=472;stage=Pickup;npc=2097;reason=outside-scan-radius;retry=context-change excluded quest=4740;stage=Pickup;npc=175320;reason=outside-scan-radius;retry=context-change excluded quest=4921;stage=Objective;objective=0;reason=outside-scan-radius;retry=context-change. excluded quest=493;stage=Pickup;npc=1937;reason=outside-scan-radius;retry=context-change excluded quest=494;stage=Pickup;npc=2214;reason=outside-scan-radius;retry=context-change excluded quest=496;stage=Pickup;npc=2216;reason=outside-scan-radius;retry=context-change excluded quest=498;stage=Pickup;npc=2229;reason=outside-scan-radius;retry=context-change excluded quest=501;stage=Pickup;npc=2216;reason=outside-scan-radius;retry=context-change excluded quest=516;stage=Pickup;npc=2121;reason=outside-scan-radius;retry=context-change excluded quest=527;stage=Pickup;npc=2215;reason=outside-scan-radius;retry=context-change excluded quest=546;stage=Pickup;npc=2418;reason=outside-scan-radius;retry=context-change excluded quest=549;stage=Pickup;npc=1763;reason=outside-scan-radius;retry=context-change excluded quest=6301;stage=Pickup;npc=11864;reason=outside-scan-radius;retry=context-change excluded quest=6382;stage=Pickup;npc=3387;reason=outside-scan-radius;retry=context-change excluded quest=6383;stage=Pickup;npc=12696;reason=outside-scan-radius;retry=context-change excluded quest=6393;stage=Pickup;npc=11862;reason=outside-scan-radius;retry=context-change excluded quest=6442;stage=Pickup;npc=12719;reason=outside-scan-radius;retry=context-change excluded quest=6462;stage=Pickup;npc=12721;reason=outside-scan-radius;retry=context-change excluded quest=6503;stage=Pickup;npc=12867;reason=outside-scan-radius;retry=context-change excluded quest=6541;stage=Pickup;npc=3429;reason=outside-scan-radius;retry=context-change excluded quest=6542;stage=TurnIn;npc=8582;reason=outside-scan-radius;retry=context-change excluded quest=6543;stage=Pickup;npc=8582;reason=outside-scan-radius;retry=context-change excluded quest=6629;stage=TurnIn;npc=11857;reason=outside-scan-radius;retry=context-change excluded quest=742;stage=Pickup;npc=10881;reason=outside-scan-radius;retry=context-change excluded quest=747;stage=Objective;scope=Objective;objective=0;retry=2026-09-05T06:10:20.8040908Z;state=Quarantined. excluded quest=747;stage=Objective;scope=Objective;objective=1;retry=2026-09-05T06:10:20.8116023Z;state=Quarantined. excluded quest=7790;stage=Pickup;scope=QuestStage;retry=2026-09-05T06:10:20.8249148Z;state=Quarantined. excluded quest=843;stage=Pickup;npc=3341;reason=outside-scan-radius;retry=context-change excluded quest=8487;stage=TurnIn;npc=15402;reason=outside-scan-radius;retry=context-change excluded quest=851;stage=Pickup;npc=3389;reason=outside-scan-radius;retry=context-change excluded quest=858;stage=Pickup;npc=3439;reason=outside-scan-radius;retry=context-change excluded quest=865;stage=Pickup;npc=3446;reason=outside-scan-radius;retry=context-change excluded quest=867;stage=Objective;scope=Objective;objective=0;retry=2026-09-05T06:10:20.8137024Z;state=Quarantined. excluded quest=868;stage=Pickup;npc=3428;reason=outside-scan-radius;retry=context-change excluded quest=878;stage=Pickup;npc=3430;reason=outside-scan-radius;retry=context-change excluded quest=8889;stage=Objective;objective=0;reason=outside-scan-radius;retry=context-change. excluded quest=8889;stage=Objective;objective=1;reason=outside-scan-radius;retry=context-change. excluded quest=8889;stage=Objective;objective=2;reason=outside-scan-radius;retry=context-change. excluded quest=891;stage=Objective;objective=0;reason=outside-scan-radius;retry=context-change. excluded quest=891;stage=Objective;objective=1;reason=outside-scan-radius;retry=context-change. excluded quest=891;stage=Objective;objective=2;reason=outside-scan-radius;retry=context-change. excluded quest=891;stage=Objective;scope=Objective;objective=3;retry=2026-09-05T06:10:20.8169213Z;state=Quarantined. excluded quest=893;stage=Pickup;npc=3433;reason=outside-scan-radius;retry=context-change excluded quest=894;stage=TurnIn;npc=4141;reason=outside-scan-radius;retry=context-change excluded quest=896;stage=Objective;scope=Objective;objective=0;retry=2026-09-05T06:10:20.8197153Z;state=Quarantined. excluded quest=9067;stage=Objective;scope=Objective;objective=0;retry=2026-09-05T07:12:52.3802265Z;state=Quarantined. excluded quest=9151;stage=Pickup;npc=16199;reason=outside-scan-radius;retry=context-change excluded quest=9157;stage=TurnIn;npc=16201;reason=outside-scan-radius;retry=context-change excluded quest=9214;stage=Pickup;npc=16220;reason=outside-scan-radius;retry=context-change excluded quest=9218;stage=Pickup;npc=16205;reason=outside-scan-radius;retry=context-change excluded quest=9275;stage=Pickup;npc=16464;reason=outside-scan-radius;retry=context-change excluded quest=9276;stage=Pickup;npc=16463;reason=outside-scan-radius;retry=context-change excluded quest=9281;stage=Pickup;npc=16480;reason=outside-scan-radius;retry=context-change excluded quest=9388;stage=Pickup;scope=QuestStage;retry=2026-09-05T06:10:20.8314367Z;state=Quarantined. excluded quest=9389;stage=Pickup;scope=QuestStage;retry=2026-09-05T06:10:20.8315248Z;state=Quarantined. excluded quest=9425;stage=Pickup;npc=16287;reason=outside-scan-radius;retry=context-change excluded quest=9428;stage=Pickup;npc=17098;reason=outside-scan-radius;retry=context-change excluded quest=959;stage=Pickup;npc=3665;reason=outside-scan-radius;retry=context-change excluded quest=962;stage=Pickup;npc=3419;reason=outside-scan-radius;retry=context-change excluded quest=965;stage=Pickup;npc=3657;reason=outside-scan-radius;retry=context-change excluded quest=9749;stage=Pickup;scope=QuestStage;retry=2026-09-05T06:10:20.8275214Z;state=Quarantined.
[11:46:11.026] [N] Loading 1_34_44
[11:46:14.403] [N] Loading 1_30_31
[11:46:14.403] [N] Loading 1_30_32
[11:46:14.403] [N] Loading 1_30_33
[11:46:17.308] [D] Compiling expression '!HasQuest(6461) && !IsQuestCompleted(6461)'
[11:46:17.441] [D] [If] Condition is true, executing If body
[11:46:17.542] [N] [PickUp] Picking up Blood Feeders
[11:46:17.542] [D] Goal: Picking up Blood Feeders
[11:46:17.575] [D] Changed POI to: Type: QuestPickUp, Name: Xen'Zilla, Guid: 0, Entry: 12816, Location: (-177.57, -233.32, 8.79)
[11:46:26.830] [N] Loading 1_32_34
[11:46:26.830] [N] Loading 1_32_30
[11:46:26.830] [N] Loading 1_31_30
[11:46:26.830] [N] Loading 1_31_34
[11:46:26.830] [N] Loading 1_33_34
[11:46:26.830] [N] Loading 1_32_35
[11:46:26.830] [N] Loading 1_33_35
[11:46:26.830] [N] Loading 1_31_35
[11:46:26.830] [N] Loading 1_34_34
[11:46:26.830] [N] Loading 1_34_35
[11:46:26.830] [N] Loading 1_33_36
[11:46:26.830] [N] Loading 1_32_36
[11:46:26.830] [N] Loading 1_30_34
[11:46:26.830] [N] Loading 1_30_35
[11:46:26.830] [N] Loading 1_30_29
[11:46:26.830] [N] Loading 1_31_36
[11:46:26.830] [N] Loading 1_34_36
[11:46:26.830] [N] Loading 1_35_34
[11:46:26.830] [N] Loading 1_35_35
[11:46:26.830] [N] Loading 1_29_29
[11:46:26.830] [N] Loading 1_29_33
[11:46:26.830] [N] Loading 1_30_36
[11:46:26.830] [N] Loading 1_31_29
[11:46:26.830] [N] Loading 1_35_36
[11:46:26.830] [N] Loading 1_29_34
[11:46:26.830] [N] Loading 1_32_37
[11:46:26.830] [N] Loading 1_33_37
[11:46:26.830] [N] Loading 1_36_35
[11:46:26.830] [N] Loading 1_29_35
[11:46:26.830] [N] Loading 1_34_37
[11:46:26.830] [N] Loading 1_31_37
[11:46:26.830] [N] Loading 1_28_33
[11:46:26.830] [N] Loading 1_36_34
[11:46:26.830] [N] Loading 1_28_29
[11:46:26.830] [N] Loading 1_30_28
[11:46:26.830] [N] Loading 1_31_28
[11:46:26.830] [N] Loading 1_36_36
[11:46:26.830] [N] Loading 1_29_36
[11:46:26.830] [N] Loading 1_35_37
[11:46:26.830] [N] Loading 1_29_28
[11:46:26.830] [N] Loading 1_30_37
[11:46:26.830] [N] Loading 1_33_38
[11:46:26.830] [N] Loading 1_37_35
[11:46:26.830] [N] Loading 1_32_38
[11:46:26.830] [N] Loading 1_37_34
[11:46:26.830] [N] Loading 1_27_30
[11:46:26.830] [N] Loading 1_31_38
[11:46:26.830] [N] Loading 1_32_28
[11:46:26.830] [N] Loading 1_34_38
[11:46:26.830] [N] Loading 1_36_37
[11:46:26.830] [N] Loading 1_32_29
[11:46:26.830] [N] Loading 1_37_36
[11:46:26.830] [N] Loading 1_27_29
[11:46:26.830] [N] Loading 1_29_37
[11:46:26.830] [N] Loading 1_31_27
[11:46:26.830] [N] Loading 1_33_29
[11:46:26.830] [N] Loading 1_27_33
[11:46:26.830] [N] Loading 1_28_36
[11:46:26.830] [N] Loading 1_33_28
[11:46:26.830] [N] Loading 1_27_32
[11:46:26.830] [N] Loading 1_28_34
[11:46:27.274] [N] Loading 1_35_38
[11:46:27.274] [N] Loading 1_28_35
[11:46:27.274] [N] Loading 1_30_38
[11:46:27.274] [N] Loading 1_32_27
[11:46:27.274] [N] Loading 1_33_39
[11:46:27.274] [N] Loading 1_27_34
[11:46:27.274] [N] Loading 1_34_39
[11:46:27.274] [N] Loading 1_32_39
[11:46:27.274] [N] Loading 1_34_29
[11:46:27.274] [N] Loading 1_38_35
[11:46:27.275] [N] Loading 1_37_37
[11:46:27.275] [N] Loading 1_28_37
[11:46:27.275] [N] Loading 1_31_39
[11:46:27.275] [N] Loading 1_33_27
[11:46:27.275] [N] Loading 1_34_28
[11:46:27.275] [N] Loading 1_38_36
[11:46:27.275] [N] Loading 1_29_38
[11:46:27.275] [N] Loading 1_36_38
[11:46:27.275] [N] Loading 1_38_34
[11:46:27.275] [N] Loading 1_26_29
[11:46:27.275] [N] Loading 1_27_28
[11:46:27.275] [N] Loading 1_27_31
[11:46:27.275] [N] Loading 1_27_36
[11:46:27.275] [N] Loading 1_27_35
[11:46:27.275] [N] Loading 1_28_28
[11:46:27.932] [N] Loading 1_36_30
[11:46:27.932] [N] Loading 1_30_39
[11:46:27.932] [N] Loading 1_35_29
[11:46:27.932] [N] Loading 1_34_27
[11:46:27.932] [N] Loading 1_35_39
[11:46:27.932] [N] Loading 1_35_28
[11:46:27.932] [N] Loading 1_26_33
[11:46:27.932] [N] Loading 1_26_32
[11:46:27.932] [N] Loading 1_26_30
[11:46:27.932] [N] Loading 1_39_35
[11:46:27.932] [N] Loading 1_38_37
[11:46:27.932] [N] Loading 1_26_28
[11:46:27.932] [N] Loading 1_27_37
[11:46:27.932] [N] Loading 1_39_36
[11:46:27.932] [N] Loading 1_28_38
[11:46:27.932] [N] Loading 1_26_34
[11:46:27.932] [N] Loading 1_32_26
[11:46:27.932] [N] Loading 1_33_26
[11:46:27.932] [N] Loading 1_38_31
[11:46:27.932] [N] Loading 1_31_40
[11:46:27.932] [N] Loading 1_36_39
[11:46:27.932] [N] Loading 1_29_39
[11:46:27.932] [N] Loading 1_39_34
[11:46:27.932] [N] Loading 1_38_32
[11:46:27.932] [N] Loading 1_32_40
[11:46:27.932] [N] Loading 1_26_31
[11:46:27.932] [N] Loading 1_35_27
[11:46:27.932] [N] Loading 1_30_40
[11:46:27.932] [N] Loading 1_36_29
[11:46:27.932] [N] Loading 1_34_40
[11:46:27.932] [N] Loading 1_26_35
[11:46:27.932] [N] Loading 1_33_40
[11:46:27.932] [N] Loading 1_36_28
[11:46:27.932] [N] Loading 1_39_37
[11:46:27.932] [N] Loading 1_34_26
[11:46:27.932] [N] Loading 1_35_40
[11:46:27.932] [N] Loading 1_40_35
[11:46:27.932] [N] Loading 1_26_36
[11:46:27.932] [N] Loading 1_37_38
[11:46:27.932] [N] Loading 1_31_26
[11:46:27.932] [N] Loading 1_27_38
[11:46:27.932] [N] Loading 1_28_39
[11:46:27.932] [N] Loading 1_25_33
[11:46:27.932] [N] Loading 1_40_36
[11:46:27.932] [N] Loading 1_35_26
[11:46:27.932] [N] Loading 1_27_27
[11:46:27.932] [N] Loading 1_25_32
[11:46:27.932] [N] Loading 1_26_37
[11:46:27.932] [N] Loading 1_31_41
[11:46:27.932] [N] Loading 1_38_33
[11:46:27.932] [N] Loading 1_25_31
[11:46:27.932] [N] Loading 1_36_27
[11:46:27.932] [N] Loading 1_29_40
[11:46:27.932] [N] Loading 1_37_39
[11:46:27.932] [N] Loading 1_32_41
[11:46:27.932] [N] Loading 1_30_41
[11:46:27.932] [N] Loading 1_36_40
[11:46:27.932] [N] Loading 1_40_34
[11:46:27.932] [N] Loading 1_38_38
[11:46:27.932] [N] Loading 1_25_35
[11:46:27.932] [N] Loading 1_26_38
[11:46:27.932] [N] Loading 1_36_26
[11:46:27.932] [N] Loading 1_39_38
[11:46:27.932] [N] Loading 1_33_41
[11:46:27.932] [N] Loading 1_40_37
[11:46:27.932] [N] Loading 1_41_35
[11:46:27.932] [N] Loading 1_25_34
[11:46:27.932] [N] Loading 1_33_25
[11:46:27.932] [N] Loading 1_32_25
[11:46:27.932] [N] Loading 1_25_30
[11:46:27.932] [N] Loading 1_30_27
[11:46:27.932] [N] Loading 1_27_39
[11:46:27.932] [N] Loading 1_37_40
[11:46:27.932] [N] Loading 1_41_36
[11:46:27.932] [N] Loading 1_37_27
[11:46:27.932] [N] Loading 1_38_39
[11:46:27.932] [N] Loading 1_28_40
[11:46:27.932] [N] Loading 1_31_42
[11:46:27.932] [N] Loading 1_29_41
[11:46:27.932] [N] Loading 1_35_41
[11:46:27.932] [N] Loading 1_24_32
[11:46:27.932] [N] Loading 1_34_41
[11:46:27.932] [N] Loading 1_32_42
[11:46:27.932] [N] Loading 1_31_25
[11:46:27.932] [N] Loading 1_35_25
[11:46:27.932] [N] Loading 1_30_26
[11:46:27.932] [N] Loading 1_24_33
[11:46:27.932] [N] Loading 1_37_28
[11:46:27.932] [N] Loading 1_40_38
[11:46:27.932] [N] Loading 1_24_34
[11:46:27.932] [N] Loading 1_34_25
[11:46:27.932] [N] Loading 1_24_31
[11:46:27.932] [N] Loading 1_25_37
[11:46:27.932] [N] Loading 1_24_35
[11:46:27.932] [N] Loading 1_26_39
[11:46:27.932] [N] Loading 1_25_38
[11:46:27.932] [N] Loading 1_30_42
[11:46:27.932] [N] Loading 1_24_30
[11:46:27.932] [N] Loading 1_36_25
[11:46:27.932] [N] Loading 1_33_42
[11:46:27.932] [N] Loading 1_37_29
[11:46:28.015] [N] Moving to Type: QuestPickUp, Name: Xen'Zilla, Guid: 0, Entry: 12816, Location: (-177.57, -233.32, 8.79)
[11:46:29.484] [N] Loading 1_28_41
[11:46:29.484] [N] Loading 1_39_39
[11:46:29.484] [N] Loading 1_38_40
[11:46:29.484] [N] Loading 1_36_41
[11:46:29.484] [N] Loading 1_25_29
[11:46:29.484] [N] Loading 1_41_37
[11:46:29.484] [N] Loading 1_29_42
[11:46:29.484] [N] Loading 1_37_26
[11:46:29.484] [N] Loading 1_38_27
[11:46:29.484] [N] Loading 1_25_39
[11:46:29.484] [N] Loading 1_27_40
[11:46:29.484] [N] Loading 1_34_42
[11:46:29.484] [N] Loading 1_38_28
[11:46:29.484] [N] Loading 1_30_25
[11:46:29.484] [N] Loading 1_41_38
[11:46:29.484] [N] Loading 1_24_29
[11:46:29.484] [N] Loading 1_40_39
[11:46:29.484] [N] Loading 1_23_32
[11:46:29.485] [N] Loading 1_23_31
[11:46:29.485] [N] Loading 1_39_40
[11:46:29.485] [N] Loading 1_26_40
[11:46:29.485] [N] Loading 1_23_34
[11:46:29.485] [N] Loading 1_29_27
[11:46:29.485] [N] Loading 1_23_33
[11:46:29.485] [N] Loading 1_37_41
[11:46:29.485] [N] Loading 1_33_24
[11:46:29.485] [N] Loading 1_38_26
[11:46:29.485] [N] Loading 1_27_41
[11:46:29.485] [N] Loading 1_41_34
[11:46:29.485] [N] Loading 1_29_26
[11:46:29.485] [N] Loading 1_31_43
[11:46:29.485] [N] Loading 1_23_30
[11:46:29.485] [N] Loading 1_35_42
[11:46:29.485] [N] Loading 1_32_43
[11:46:29.485] [N] Loading 1_34_24
[11:46:29.485] [N] Loading 1_28_42
[11:46:29.485] [N] Loading 1_35_24
[11:46:29.485] [N] Loading 1_42_35
[11:46:29.485] [N] Loading 1_25_40
[11:46:29.485] [N] Loading 1_41_39
[11:46:29.485] [N] Loading 1_39_28
[11:46:29.485] [N] Loading 1_39_27
[11:46:29.485] [N] Loading 1_23_29
[11:46:29.485] [N] Loading 1_33_43
[11:46:29.485] [N] Loading 1_25_28
[11:46:29.485] [N] Loading 1_42_34
[11:46:29.485] [N] Loading 1_30_43
[11:46:29.485] [N] Loading 1_38_41
[11:46:29.485] [N] Loading 1_36_24
[11:46:29.485] [N] Loading 1_39_41
[11:46:29.485] [N] Loading 1_40_33
[11:46:29.485] [N] Loading 1_41_33
[11:46:29.485] [N] Loading 1_34_43
[11:46:29.485] [N] Loading 1_37_25
[11:46:29.485] [N] Loading 1_36_42
[11:46:29.485] [N] Loading 1_39_33
[11:46:29.485] [N] Loading 1_42_36
[11:46:29.485] [N] Loading 1_40_40
[11:46:29.485] [N] Loading 1_22_33
[11:46:29.485] [N] Loading 1_26_41
[11:46:29.485] [N] Loading 1_24_28
[11:46:29.485] [N] Loading 1_22_31
[11:46:29.485] [N] Loading 1_29_25
[11:46:29.485] [N] Loading 1_29_43
[11:46:29.485] [N] Loading 1_39_29
[11:46:29.485] [N] Loading 1_24_39
[11:46:29.485] [N] Loading 1_22_32
[11:46:29.485] [N] Loading 1_39_32
[11:46:29.485] [N] Loading 1_40_32
[11:46:29.485] [N] Loading 1_24_40
[11:46:29.485] [N] Loading 1_22_30
[11:46:29.485] [N] Loading 1_25_41
[11:46:29.485] [N] Loading 1_27_42
[11:46:29.485] [N] Loading 1_28_27
[11:46:29.485] [N] Loading 1_40_28
[11:46:29.485] [N] Loading 1_23_28
[11:46:29.485] [N] Loading 1_40_27
[11:46:29.485] [N] Loading 1_35_43
[11:46:29.485] [N] Loading 1_37_24
[11:46:29.485] [N] Loading 1_40_41
[11:46:29.485] [N] Loading 1_37_42
[11:46:29.485] [N] Loading 1_42_37
[11:46:29.485] [N] Loading 1_39_31
[11:46:29.485] [N] Loading 1_28_43
[11:46:29.485] [N] Loading 1_40_31
[11:46:29.485] [N] Loading 1_28_26
[11:46:29.485] [N] Loading 1_38_25
[11:46:29.485] [N] Loading 1_22_29
[11:46:29.485] [N] Loading 1_31_44
[11:46:29.485] [N] Loading 1_21_33
[11:46:29.485] [N] Loading 1_24_41
[11:46:29.485] [N] Loading 1_43_36
[11:46:29.485] [N] Loading 1_26_42
[11:46:29.485] [N] Loading 1_25_27
[11:46:29.485] [N] Loading 1_32_44
[11:46:29.485] [N] Loading 1_21_31
[11:46:29.485] [N] Loading 1_41_32
[11:46:29.485] [N] Loading 1_21_32
[11:46:29.485] [N] Loading 1_39_26
[11:46:29.485] [N] Loading 1_33_44
[11:46:29.485] [N] Loading 1_38_42
[11:46:29.485] [N] Loading 1_30_44
[11:46:29.485] [N] Loading 1_21_30
[11:46:29.485] [N] Loading 1_24_27
[11:46:29.485] [N] Loading 1_40_26
[11:46:29.848] [N] Loading 1_39_42
[11:46:29.848] [N] Loading 1_26_27
[11:46:35.656] [N] Loading 1_41_28
[11:46:48.133] [N] Loading 1_30_30
[11:46:48.133] [N] Loading 1_29_31
[11:46:48.133] [N] Loading 1_29_30
[11:46:48.133] [N] Loading 1_29_32
[11:46:48.133] [N] Loading 1_28_31
[11:46:48.133] [N] Loading 1_28_32
[11:46:48.133] [N] Loading 1_28_30
[11:46:55.617] [N] Loading 1_28_25
[11:46:56.284] [N] Loading 1_39_30
[11:47:14.679] [N] Loading 1_30_31
[11:47:14.679] [N] Loading 1_30_32
[11:47:14.679] [N] Loading 1_30_33
[11:47:15.492] [D] [QuestLog] Loaded 67 completed quests from Lua fallback
[11:47:15.625] [D] [Interact] Interacting with object at 0x2ED5B778
[11:47:15.658] [D] [Interact] Done interacting with object at 0x2ED5B778
[11:47:17.261] [D] [QuestPickUp] After interact: GossipFrame.IsVisible=False, QuestTitleButton1.IsVisible=False, QuestFrame.IsVisible=True
[11:47:17.631] [D] [QuestPickUp] HandleQuestFrame: Action=AcceptTarget, ShownId=6461, TargetId=6461, Accept=True, Continue=False, Complete=False, Completion=KnownIncomplete
[11:47:17.631] [D] [QuestPickUp] Target quest identity confirmed — accepting quest.
[11:47:18.977] [D] [QuestRecovery] quest=6461, stage=Pickup, old=Attempting, new=Eligible, reason=None, episode=0, attempt=0, retry=
[11:47:18.977] [N] [Wholesome Auto Quest] Quest 6461 Pickup completed; queuing one scheduler rebuild.
[11:47:19.395] [D] Loading profile from D:\World of Warcraft 3.3.5a\CB\Bots\WholesomeAutoQuest\WHOLESOME_AUTOQUESTER.xml
[11:47:19.400] [N] Profile loaded: WholesomeAQ - Stonetalon Mountains
[11:47:19.418] [D] Selected sub-profile: WholesomeAQ - Stonetalon Mountains (L1-80)
[11:47:19.418] [N] [Wholesome Auto Quest] Profile refreshed - Selected 1 quest work candidate(s). selected quest=6461;stage=Objective;state=Eligible. excluded quest=104;stage=Pickup;npc=392;reason=outside-scan-radius;retry=context-change excluded quest=1062;stage=Objective;objective=0;reason=outside-scan-radius;retry=context-change. excluded quest=1069;stage=Pickup;npc=3446;reason=outside-scan-radius;retry=context-change excluded quest=1087;stage=Pickup;npc=4198;reason=outside-scan-radius;retry=context-change excluded quest=1093;stage=Pickup;npc=4201;reason=outside-scan-radius;retry=context-change excluded quest=11127;stage=Pickup;scope=QuestStage;retry=2026-09-05T06:10:20.8287986Z;state=Quarantined. excluded quest=118;stage=Pickup;npc=415;reason=outside-scan-radius;retry=context-change excluded quest=1195;stage=Pickup;npc=4721;reason=outside-scan-radius;retry=context-change excluded quest=14106;stage=Pickup;scope=QuestStage;retry=2026-09-05T06:10:20.8250193Z;state=Quarantined. excluded quest=1483;stage=Pickup;npc=3442;reason=outside-scan-radius;retry=context-change excluded quest=152;stage=Pickup;npc=392;reason=outside-scan-radius;retry=context-change excluded quest=2098;stage=Pickup;npc=6667;reason=outside-scan-radius;retry=context-change excluded quest=216;stage=Pickup;npc=12757;reason=outside-scan-radius;retry=context-change excluded quest=235;stage=Pickup;npc=10880;reason=outside-scan-radius;retry=context-change excluded quest=3281;stage=TurnIn;npc=3464;reason=outside-scan-radius;retry=context-change excluded quest=4542;stage=Pickup;npc=10079;reason=outside-scan-radius;retry=context-change excluded quest=470;stage=Pickup;npc=2111;reason=outside-scan-radius;retry=context-change excluded quest=472;stage=Pickup;npc=2097;reason=outside-scan-radius;retry=context-change excluded quest=4740;stage=Pickup;npc=175320;reason=outside-scan-radius;retry=context-change excluded quest=4921;stage=Objective;objective=0;reason=outside-scan-radius;retry=context-change. excluded quest=493;stage=Pickup;npc=1937;reason=outside-scan-radius;retry=context-change excluded quest=494;stage=Pickup;npc=2214;reason=outside-scan-radius;retry=context-change excluded quest=496;stage=Pickup;npc=2216;reason=outside-scan-radius;retry=context-change excluded quest=498;stage=Pickup;npc=2229;reason=outside-scan-radius;retry=context-change excluded quest=501;stage=Pickup;npc=2216;reason=outside-scan-radius;retry=context-change excluded quest=516;stage=Pickup;npc=2121;reason=outside-scan-radius;retry=context-change excluded quest=527;stage=Pickup;npc=2215;reason=outside-scan-radius;retry=context-change excluded quest=546;stage=Pickup;npc=2418;reason=outside-scan-radius;retry=context-change excluded quest=549;stage=Pickup;npc=1763;reason=outside-scan-radius;retry=context-change excluded quest=6301;stage=Pickup;npc=11864;reason=outside-scan-radius;retry=context-change excluded quest=6382;stage=Pickup;npc=3387;reason=outside-scan-radius;retry=context-change excluded quest=6383;stage=Pickup;npc=12696;reason=outside-scan-radius;retry=context-change excluded quest=6393;stage=Pickup;npc=11862;reason=outside-scan-radius;retry=context-change excluded quest=6442;stage=Pickup;npc=12719;reason=outside-scan-radius;retry=context-change excluded quest=6461;stage=Objective;objective=1;reason=outside-scan-radius;retry=context-change. excluded quest=6462;stage=Pickup;npc=12721;reason=outside-scan-radius;retry=context-change excluded quest=6503;stage=Pickup;npc=12867;reason=outside-scan-radius;retry=context-change excluded quest=6541;stage=Pickup;npc=3429;reason=outside-scan-radius;retry=context-change excluded quest=6542;stage=TurnIn;npc=8582;reason=outside-scan-radius;retry=context-change excluded quest=6543;stage=Pickup;npc=8582;reason=outside-scan-radius;retry=context-change excluded quest=6629;stage=TurnIn;npc=11857;reason=outside-scan-radius;retry=context-change excluded quest=742;stage=Pickup;npc=10881;reason=outside-scan-radius;retry=context-change excluded quest=747;stage=Objective;scope=Objective;objective=0;retry=2026-09-05T06:10:20.8040908Z;state=Quarantined. excluded quest=747;stage=Objective;scope=Objective;objective=1;retry=2026-09-05T06:10:20.8116023Z;state=Quarantined. excluded quest=7790;stage=Pickup;scope=QuestStage;retry=2026-09-05T06:10:20.8249148Z;state=Quarantined. excluded quest=843;stage=Pickup;npc=3341;reason=outside-scan-radius;retry=context-change excluded quest=8487;stage=TurnIn;npc=15402;reason=outside-scan-radius;retry=context-change excluded quest=851;stage=Pickup;npc=3389;reason=outside-scan-radius;retry=context-change excluded quest=858;stage=Pickup;npc=3439;reason=outside-scan-radius;retry=context-change excluded quest=865;stage=Pickup;npc=3446;reason=outside-scan-radius;retry=context-change excluded quest=867;stage=Objective;scope=Objective;objective=0;retry=2026-09-05T06:10:20.8137024Z;state=Quarantined. excluded quest=868;stage=Pickup;npc=3428;reason=outside-scan-radius;retry=context-change excluded quest=878;stage=Pickup;npc=3430;reason=outside-scan-radius;retry=context-change excluded quest=8889;stage=Objective;objective=0;reason=outside-scan-radius;retry=context-change. excluded quest=8889;stage=Objective;objective=1;reason=outside-scan-radius;retry=context-change. excluded quest=8889;stage=Objective;objective=2;reason=outside-scan-radius;retry=context-change. excluded quest=891;stage=Objective;objective=0;reason=outside-scan-radius;retry=context-change. excluded quest=891;stage=Objective;objective=1;reason=outside-scan-radius;retry=context-change. excluded quest=891;stage=Objective;objective=2;reason=outside-scan-radius;retry=context-change. excluded quest=891;stage=Objective;scope=Objective;objective=3;retry=2026-09-05T06:10:20.8169213Z;state=Quarantined. excluded quest=893;stage=Pickup;npc=3433;reason=outside-scan-radius;retry=context-change excluded quest=894;stage=TurnIn;npc=4141;reason=outside-scan-radius;retry=context-change excluded quest=896;stage=Objective;scope=Objective;objective=0;retry=2026-09-05T06:10:20.8197153Z;state=Quarantined. excluded quest=9067;stage=Objective;scope=Objective;objective=0;retry=2026-09-05T07:12:52.3802265Z;state=Quarantined. excluded quest=9151;stage=Pickup;npc=16199;reason=outside-scan-radius;retry=context-change excluded quest=9157;stage=TurnIn;npc=16201;reason=outside-scan-radius;retry=context-change excluded quest=9214;stage=Pickup;npc=16220;reason=outside-scan-radius;retry=context-change excluded quest=9218;stage=Pickup;npc=16205;reason=outside-scan-radius;retry=context-change excluded quest=9275;stage=Pickup;npc=16464;reason=outside-scan-radius;retry=context-change excluded quest=9276;stage=Pickup;npc=16463;reason=outside-scan-radius;retry=context-change excluded quest=9281;stage=Pickup;npc=16480;reason=outside-scan-radius;retry=context-change excluded quest=9388;stage=Pickup;scope=QuestStage;retry=2026-09-05T06:10:20.8314367Z;state=Quarantined. excluded quest=9389;stage=Pickup;scope=QuestStage;retry=2026-09-05T06:10:20.8315248Z;state=Quarantined. excluded quest=9425;stage=Pickup;npc=16287;reason=outside-scan-radius;retry=context-change excluded quest=9428;stage=Pickup;npc=17098;reason=outside-scan-radius;retry=context-change excluded quest=959;stage=Pickup;npc=3665;reason=outside-scan-radius;retry=context-change excluded quest=962;stage=Pickup;npc=3419;reason=outside-scan-radius;retry=context-change excluded quest=965;stage=Pickup;npc=3657;reason=outside-scan-radius;retry=context-change excluded quest=9749;stage=Pickup;scope=QuestStage;retry=2026-09-05T06:10:20.8275214Z;state=Quarantined.
[11:47:26.759] [N] Loading 1_32_34
[11:47:26.759] [N] Loading 1_32_30
[11:47:26.759] [N] Loading 1_31_30
[11:47:26.759] [N] Loading 1_31_34
[11:47:26.759] [N] Loading 1_33_34
[11:47:26.759] [N] Loading 1_32_35
[11:47:26.759] [N] Loading 1_33_35
[11:47:26.759] [N] Loading 1_31_35
[11:47:26.759] [N] Loading 1_34_34
[11:47:26.759] [N] Loading 1_34_35
[11:47:26.759] [N] Loading 1_32_36
[11:47:26.759] [N] Loading 1_33_36
[11:47:26.759] [N] Loading 1_30_34
[11:47:26.759] [N] Loading 1_30_35
[11:47:26.759] [N] Loading 1_30_29
[11:47:26.759] [N] Loading 1_31_36
[11:47:26.759] [N] Loading 1_34_36
[11:47:26.759] [N] Loading 1_35_34
[11:47:26.759] [N] Loading 1_35_35
[11:47:27.197] [N] Loading 1_29_29
[11:47:27.197] [N] Loading 1_29_33
[11:47:27.197] [N] Loading 1_31_29
[11:47:27.197] [N] Loading 1_30_36
[11:47:27.197] [N] Loading 1_35_36
[11:47:27.197] [N] Loading 1_29_34
[11:47:27.197] [N] Loading 1_32_37
[11:47:27.197] [N] Loading 1_33_37
[11:47:27.197] [N] Loading 1_36_35
[11:47:27.197] [N] Loading 1_29_35
[11:47:27.197] [N] Loading 1_28_33
[11:47:27.197] [N] Loading 1_34_37
[11:47:27.197] [N] Loading 1_31_37
[11:47:27.197] [N] Loading 1_28_29
[11:47:27.197] [N] Loading 1_30_28
[11:47:27.197] [N] Loading 1_36_34
[11:47:27.197] [N] Loading 1_31_28
[11:47:27.197] [N] Loading 1_36_36
[11:47:27.197] [N] Loading 1_29_36
[11:47:27.197] [N] Loading 1_29_28
[11:47:27.197] [N] Loading 1_35_37
[11:47:27.197] [N] Loading 1_30_37
[11:47:27.197] [N] Loading 1_33_38
[11:47:27.197] [N] Loading 1_37_35
[11:47:27.197] [N] Loading 1_32_38
[11:47:27.197] [N] Loading 1_27_30
[11:47:27.197] [N] Loading 1_37_34
[11:47:27.197] [N] Loading 1_32_28
[11:47:27.197] [N] Loading 1_31_38
[11:47:27.197] [N] Loading 1_32_29
[11:47:27.197] [N] Loading 1_34_38
[11:47:27.197] [N] Loading 1_36_37
[11:47:27.197] [N] Loading 1_27_29
[11:47:27.197] [N] Loading 1_37_36
[11:47:27.197] [N] Loading 1_29_37
[11:47:27.197] [N] Loading 1_31_27
[11:47:27.197] [N] Loading 1_33_29
[11:47:27.197] [N] Loading 1_27_33
[11:47:27.197] [N] Loading 1_33_28
[11:47:27.197] [N] Loading 1_28_36
[11:47:27.197] [N] Loading 1_27_32
[11:47:27.197] [N] Loading 1_28_34
[11:47:27.595] [N] Loading 1_35_38
[11:47:27.595] [N] Loading 1_28_35
[11:47:27.595] [N] Loading 1_30_38
[11:47:27.595] [N] Loading 1_33_39
[11:47:27.595] [N] Loading 1_27_34
[11:47:27.595] [N] Loading 1_34_39
[11:47:27.595] [N] Loading 1_32_39
[11:47:27.595] [N] Loading 1_32_27
[11:47:27.595] [N] Loading 1_38_35
[11:47:27.595] [N] Loading 1_37_37
[11:47:27.595] [N] Loading 1_34_29
[11:47:27.595] [N] Loading 1_28_37
[11:47:27.595] [N] Loading 1_31_39
[11:47:27.595] [N] Loading 1_36_38
[11:47:27.595] [N] Loading 1_38_36
[11:47:27.595] [N] Loading 1_29_38
[11:47:27.595] [N] Loading 1_33_27
[11:47:27.595] [N] Loading 1_34_28
[11:47:27.595] [N] Loading 1_38_34
[11:47:27.595] [N] Loading 1_27_31
[11:47:27.595] [N] Loading 1_26_29
[11:47:27.595] [N] Loading 1_27_28
[11:47:27.595] [N] Loading 1_27_36
[11:47:27.595] [N] Loading 1_27_35
[11:47:27.595] [N] Loading 1_28_28
[11:47:28.069] [N] Loading 1_30_39
[11:47:28.069] [N] Loading 1_36_30
[11:47:28.069] [N] Loading 1_35_29
[11:47:28.069] [N] Loading 1_26_33
[11:47:28.069] [N] Loading 1_34_27
[11:47:28.069] [N] Loading 1_26_32
[11:47:28.069] [N] Loading 1_35_28
[11:47:28.069] [N] Loading 1_35_39
[11:47:28.069] [N] Loading 1_26_30
[11:47:28.069] [N] Loading 1_26_28
[11:47:28.069] [N] Loading 1_39_35
[11:47:28.069] [N] Loading 1_38_37
[11:47:28.069] [N] Loading 1_27_37
[11:47:28.069] [N] Loading 1_26_34
[11:47:28.069] [N] Loading 1_28_38
[11:47:28.069] [N] Loading 1_39_36
[11:47:28.069] [N] Loading 1_32_26
[11:47:28.069] [N] Loading 1_33_26
[11:47:28.069] [N] Loading 1_31_40
[11:47:28.069] [N] Loading 1_29_39
[11:47:28.069] [N] Loading 1_38_31
[11:47:28.069] [N] Loading 1_36_39
[11:47:28.069] [N] Loading 1_26_31
[11:47:28.069] [N] Loading 1_32_40
[11:47:28.069] [N] Loading 1_39_34
[11:47:28.069] [N] Loading 1_38_32
[11:47:28.069] [N] Loading 1_35_27
[11:47:28.069] [N] Loading 1_30_40
[11:47:28.069] [N] Loading 1_26_35
[11:47:28.069] [N] Loading 1_36_29
[11:47:28.069] [N] Loading 1_34_40
[11:47:28.069] [N] Loading 1_33_40
[11:47:28.069] [N] Loading 1_36_28
[11:47:28.069] [N] Loading 1_34_26
[11:47:28.069] [N] Loading 1_35_40
[11:47:28.069] [N] Loading 1_39_37
[11:47:28.069] [N] Loading 1_26_36
[11:47:28.069] [N] Loading 1_40_35
[11:47:28.069] [N] Loading 1_31_26
[11:47:28.069] [N] Loading 1_27_38
[11:47:28.069] [N] Loading 1_37_38
[11:47:28.069] [N] Loading 1_25_33
[11:47:28.069] [N] Loading 1_28_39
[11:47:28.069] [N] Loading 1_25_32
[11:47:28.069] [N] Loading 1_27_27
[11:47:28.069] [N] Loading 1_35_26
[11:47:28.069] [N] Loading 1_26_37
[11:47:28.069] [N] Loading 1_40_36
[11:47:28.069] [N] Loading 1_31_41
[11:47:28.069] [N] Loading 1_38_33
[11:47:28.527] [N] Loading 1_25_31
[11:47:28.527] [N] Loading 1_36_27
[11:47:28.527] [N] Loading 1_29_40
[11:47:28.527] [N] Loading 1_32_41
[11:47:28.527] [N] Loading 1_37_39
[11:47:28.527] [N] Loading 1_30_41
[11:47:28.527] [N] Loading 1_36_40
[11:47:28.527] [N] Loading 1_36_26
[11:47:28.527] [N] Loading 1_25_35
[11:47:28.527] [N] Loading 1_26_38
[11:47:28.527] [N] Loading 1_38_38
[11:47:28.527] [N] Loading 1_40_34
[11:47:28.527] [N] Loading 1_33_25
[11:47:28.527] [N] Loading 1_32_25
[11:47:28.527] [N] Loading 1_25_34
[11:47:28.527] [N] Loading 1_33_41
[11:47:28.527] [N] Loading 1_39_38
[11:47:28.527] [N] Loading 1_25_30
[11:47:28.527] [N] Loading 1_40_37
[11:47:28.527] [N] Loading 1_30_27
[11:47:28.527] [N] Loading 1_41_35
[11:47:28.527] [N] Loading 1_27_39
[11:47:28.527] [N] Loading 1_37_27
[11:47:28.527] [N] Loading 1_24_32
[11:47:28.527] [N] Loading 1_37_40
[11:47:28.527] [N] Loading 1_31_25
[11:47:28.527] [N] Loading 1_41_36
[11:47:28.527] [N] Loading 1_30_26
[11:47:28.527] [N] Loading 1_28_40
[11:47:28.527] [N] Loading 1_24_33
[11:47:28.527] [N] Loading 1_29_41
[11:47:28.527] [N] Loading 1_35_25
[11:47:28.527] [N] Loading 1_31_42
[11:47:28.527] [N] Loading 1_35_41
[11:47:28.527] [N] Loading 1_38_39
[11:47:28.527] [N] Loading 1_32_42
[11:47:28.527] [N] Loading 1_34_41
[11:47:28.527] [N] Loading 1_37_28
[11:47:28.527] [N] Loading 1_34_25
[11:47:28.527] [N] Loading 1_24_31
[11:47:28.527] [N] Loading 1_24_34
[11:47:28.527] [N] Loading 1_40_38
[11:47:28.527] [N] Loading 1_24_35
[11:47:28.527] [N] Loading 1_25_37
[11:47:28.527] [N] Loading 1_26_39
[11:47:28.527] [N] Loading 1_25_38
[11:47:28.527] [N] Loading 1_24_30
[11:47:28.527] [N] Loading 1_36_25
[11:47:28.527] [N] Loading 1_30_42
[11:47:28.527] [N] Loading 1_37_29
[11:47:28.527] [N] Loading 1_33_42
[11:47:29.511] [N] Loading 1_39_39
[11:47:29.511] [N] Loading 1_28_41
[11:47:29.511] [N] Loading 1_38_40
[11:47:29.511] [N] Loading 1_36_41
[11:47:29.556] [D] Compiling expression 'HasQuest(6461)'
[11:47:29.556] [D] [If] Condition is true, executing If body
[11:47:29.642] [N] [Objective] Goal: Kill Deepmoss Creeper x 10
[11:47:29.642] [D] Goal: Goal: Kill Deepmoss Creeper x 10
[11:47:29.642] [D] [GrindObjective] Using profile hotspots (1 points) for mob 4005
[11:47:29.642] [D] Activity: Moving to hotspot
[11:47:30.994] [N] Loading 1_25_29
[11:47:30.994] [N] Loading 1_37_26
[11:47:30.994] [N] Loading 1_41_37
[11:47:30.994] [N] Loading 1_29_42
[11:47:30.994] [N] Loading 1_38_27
[11:47:30.994] [N] Loading 1_30_25
[11:47:30.994] [N] Loading 1_38_28
[11:47:30.994] [N] Loading 1_25_39
[11:47:30.994] [N] Loading 1_27_40
[11:47:30.994] [N] Loading 1_24_29
[11:47:30.994] [N] Loading 1_34_42
[11:47:30.994] [N] Loading 1_41_38
[11:47:30.994] [N] Loading 1_40_39
[11:47:30.994] [N] Loading 1_23_32
[11:47:30.994] [N] Loading 1_23_31
[11:47:30.994] [N] Loading 1_29_27
[11:47:30.994] [N] Loading 1_33_24
[11:47:30.994] [N] Loading 1_26_40
[11:47:30.994] [N] Loading 1_23_34
[11:47:30.994] [N] Loading 1_39_40
[11:47:30.994] [N] Loading 1_23_33
[11:47:30.994] [N] Loading 1_37_41
[11:47:30.994] [N] Loading 1_38_26
[11:47:30.994] [N] Loading 1_27_41
[11:47:30.994] [N] Loading 1_29_26
[11:47:30.994] [N] Loading 1_41_34
[11:47:30.994] [N] Loading 1_23_30
[11:47:30.994] [N] Loading 1_34_24
[11:47:30.994] [N] Loading 1_31_43
[11:47:30.994] [N] Loading 1_35_24
[11:47:30.994] [N] Loading 1_35_42
[11:47:30.994] [N] Loading 1_32_43
[11:47:30.994] [N] Loading 1_28_42
[11:47:30.994] [N] Loading 1_39_28
[11:47:30.994] [N] Loading 1_39_27
[11:47:30.994] [N] Loading 1_23_29
[11:47:30.994] [N] Loading 1_25_28
[11:47:30.994] [N] Loading 1_42_35
[11:47:30.994] [N] Loading 1_25_40
[11:47:30.994] [N] Loading 1_41_39
[11:47:30.994] [N] Loading 1_33_43
[11:47:30.994] [N] Loading 1_36_24
[11:47:30.994] [N] Loading 1_42_34
[11:47:30.994] [N] Loading 1_30_43
[11:47:30.994] [N] Loading 1_38_41
[11:47:30.994] [N] Loading 1_37_25
[11:47:30.994] [N] Loading 1_39_41
[11:47:30.994] [N] Loading 1_40_33
[11:47:30.994] [N] Loading 1_41_33
[11:47:30.994] [N] Loading 1_34_43
[11:47:30.994] [N] Loading 1_29_25
[11:47:30.994] [N] Loading 1_24_28
[11:47:30.994] [N] Loading 1_36_42
[11:47:30.994] [N] Loading 1_39_33
[11:47:30.994] [N] Loading 1_22_31
[11:47:30.994] [N] Loading 1_22_33
[11:47:30.994] [N] Loading 1_42_36
[11:47:30.994] [N] Loading 1_40_40
[11:47:30.994] [N] Loading 1_26_41
[11:47:30.994] [N] Loading 1_39_29
[11:47:30.994] [N] Loading 1_29_43
[11:47:30.994] [N] Loading 1_22_32
[11:47:30.994] [N] Loading 1_24_39
[11:47:30.994] [N] Loading 1_22_30
[11:47:30.994] [N] Loading 1_39_32
[11:47:30.994] [N] Loading 1_40_32
[11:47:30.994] [N] Loading 1_24_40
[11:47:30.994] [N] Loading 1_28_27
[11:47:30.994] [N] Loading 1_25_41
[11:47:30.994] [N] Loading 1_27_42
[11:47:30.994] [N] Loading 1_40_28
[11:47:30.994] [N] Loading 1_23_28
[11:47:30.994] [N] Loading 1_40_27
[11:47:30.994] [N] Loading 1_37_24
[11:47:30.994] [N] Loading 1_35_43
[11:47:30.994] [N] Loading 1_40_41
[11:47:30.994] [N] Loading 1_37_42
[11:47:30.994] [N] Loading 1_28_26
[11:47:30.994] [N] Loading 1_39_31
[11:47:30.994] [N] Loading 1_42_37
[11:47:30.994] [N] Loading 1_40_31
[11:47:30.994] [N] Loading 1_28_43
[11:47:30.994] [N] Loading 1_38_25
[11:47:30.994] [N] Loading 1_22_29
[11:47:30.994] [N] Loading 1_21_33
[11:47:30.994] [N] Loading 1_25_27
[11:47:30.994] [N] Loading 1_31_44
[11:47:30.994] [N] Loading 1_24_41
[11:47:30.994] [N] Loading 1_21_31
[11:47:30.994] [N] Loading 1_43_36
[11:47:30.994] [N] Loading 1_26_42
[11:47:30.994] [N] Loading 1_32_44
[11:47:30.994] [N] Loading 1_39_26
[11:47:30.994] [N] Loading 1_41_32
[11:47:30.994] [N] Loading 1_21_32
[11:47:30.994] [N] Loading 1_21_30
[11:47:30.994] [N] Loading 1_30_44
[11:47:30.994] [N] Loading 1_33_44
[11:47:30.994] [N] Loading 1_38_42
[11:47:30.994] [N] Loading 1_24_27
[11:47:30.994] [N] Loading 1_26_27
[11:47:30.994] [N] Loading 1_40_26
[11:47:30.994] [N] Loading 1_39_42
[11:47:36.149] [N] Loading 1_41_28
[11:47:48.095] [N] Loading 1_30_30
[11:47:48.095] [N] Loading 1_29_31
[11:47:48.095] [N] Loading 1_29_30
[11:47:48.095] [N] Loading 1_29_32
[11:47:48.095] [N] Loading 1_28_31
[11:47:48.095] [N] Loading 1_28_32
[11:47:48.095] [N] Loading 1_28_30
[11:47:55.969] [N] Loading 1_28_25
[11:48:06.262] [N] Loading 1_41_27
[11:48:15.970] [D] [QuestLog] Loaded 67 completed quests from Lua fallback
[11:48:27.023] [N] Loading 1_32_34
[11:48:27.023] [N] Loading 1_32_30
[11:48:27.023] [N] Loading 1_31_30
[11:48:27.023] [N] Loading 1_31_34
[11:48:27.023] [N] Loading 1_33_34
[11:48:27.023] [N] Loading 1_32_35
[11:48:27.023] [N] Loading 1_33_35
[11:48:27.023] [N] Loading 1_31_35
[11:48:27.023] [N] Loading 1_34_34
[11:48:27.023] [N] Loading 1_34_35
[11:48:27.023] [N] Loading 1_32_36
[11:48:27.023] [N] Loading 1_33_36
[11:48:27.023] [N] Loading 1_30_34
[11:48:27.023] [N] Loading 1_30_29
[11:48:27.023] [N] Loading 1_30_35
[11:48:27.023] [N] Loading 1_31_36
[11:48:27.023] [N] Loading 1_34_36
[11:48:27.023] [N] Loading 1_35_34
[11:48:27.023] [N] Loading 1_35_35
[11:48:27.440] [N] Loading 1_29_29
[11:48:27.440] [N] Loading 1_29_33
[11:48:27.440] [N] Loading 1_31_29
[11:48:27.440] [N] Loading 1_30_36
[11:48:27.440] [N] Loading 1_35_36
[11:48:27.440] [N] Loading 1_32_37
[11:48:27.440] [N] Loading 1_29_34
[11:48:27.440] [N] Loading 1_33_37
[11:48:27.440] [N] Loading 1_28_33
[11:48:27.440] [N] Loading 1_36_35
[11:48:27.440] [N] Loading 1_34_37
[11:48:27.440] [N] Loading 1_28_29
[11:48:27.440] [N] Loading 1_29_35
[11:48:27.440] [N] Loading 1_31_37
[11:48:27.440] [N] Loading 1_30_28
[11:48:27.440] [N] Loading 1_36_34
[11:48:27.440] [N] Loading 1_31_28
[11:48:27.440] [N] Loading 1_36_36
[11:48:27.440] [N] Loading 1_29_28
[11:48:27.440] [N] Loading 1_35_37
[11:48:27.440] [N] Loading 1_29_36
[11:48:27.440] [N] Loading 1_30_37
[11:48:27.440] [N] Loading 1_33_38
[11:48:27.440] [N] Loading 1_27_30
[11:48:27.440] [N] Loading 1_37_35
[11:48:27.440] [N] Loading 1_32_38
[11:48:27.440] [N] Loading 1_37_34
[11:48:27.440] [N] Loading 1_32_28
[11:48:27.440] [N] Loading 1_31_38
[11:48:27.440] [N] Loading 1_32_29
[11:48:27.440] [N] Loading 1_34_38
[11:48:27.440] [N] Loading 1_36_37
[11:48:27.440] [N] Loading 1_27_29
[11:48:27.440] [N] Loading 1_37_36
[11:48:27.440] [N] Loading 1_29_37
[11:48:27.440] [N] Loading 1_27_33
[11:48:27.440] [N] Loading 1_31_27
[11:48:27.440] [N] Loading 1_33_29
[11:48:27.440] [N] Loading 1_33_28
[11:48:27.440] [N] Loading 1_27_32
[11:48:27.440] [N] Loading 1_28_34
[11:48:27.440] [N] Loading 1_28_36
[11:48:27.840] [N] Loading 1_35_38
[11:48:27.840] [N] Loading 1_28_35
[11:48:27.840] [N] Loading 1_30_38
[11:48:27.840] [N] Loading 1_32_27
[11:48:27.840] [N] Loading 1_27_34
[11:48:27.840] [N] Loading 1_34_29
[11:48:27.840] [N] Loading 1_33_27
[11:48:27.840] [N] Loading 1_34_28
[11:48:27.840] [N] Loading 1_33_39
[11:48:27.840] [N] Loading 1_34_39
[11:48:27.840] [N] Loading 1_32_39
[11:48:27.840] [N] Loading 1_28_37
[11:48:27.840] [N] Loading 1_38_35
[11:48:27.840] [N] Loading 1_37_37
[11:48:27.840] [N] Loading 1_31_39
[11:48:27.840] [N] Loading 1_29_38
[11:48:27.840] [N] Loading 1_38_36
[11:48:27.840] [N] Loading 1_36_38
[11:48:27.840] [N] Loading 1_26_29
[11:48:27.840] [N] Loading 1_27_28
[11:48:27.840] [N] Loading 1_27_31
[11:48:27.840] [N] Loading 1_38_34
[11:48:27.840] [N] Loading 1_28_28
[11:48:27.840] [N] Loading 1_27_36
[11:48:27.840] [N] Loading 1_27_35
[11:48:28.266] [N] Loading 1_35_29
[11:48:28.266] [N] Loading 1_34_27
[11:48:28.266] [N] Loading 1_26_33
[11:48:28.266] [N] Loading 1_35_28
[11:48:28.266] [N] Loading 1_30_39
[11:48:28.266] [N] Loading 1_26_32
[11:48:28.266] [N] Loading 1_26_30
[11:48:28.266] [N] Loading 1_36_30
[11:48:28.266] [N] Loading 1_26_28
[11:48:28.266] [N] Loading 1_35_39
[11:48:28.266] [N] Loading 1_26_34
[11:48:28.266] [N] Loading 1_32_26
[11:48:28.266] [N] Loading 1_33_26
[11:48:28.266] [N] Loading 1_39_35
[11:48:28.266] [N] Loading 1_27_37
[11:48:28.266] [N] Loading 1_38_37
[11:48:28.266] [N] Loading 1_28_38
[11:48:28.266] [N] Loading 1_26_31
[11:48:28.266] [N] Loading 1_39_36
[11:48:28.266] [N] Loading 1_35_27
[11:48:28.266] [N] Loading 1_31_40
[11:48:28.266] [N] Loading 1_29_39
[11:48:28.266] [N] Loading 1_38_31
[11:48:28.266] [N] Loading 1_36_39
[11:48:28.266] [N] Loading 1_36_29
[11:48:28.266] [N] Loading 1_32_40
[11:48:28.266] [N] Loading 1_26_35
[11:48:28.266] [N] Loading 1_39_34
[11:48:28.266] [N] Loading 1_38_32
[11:48:28.266] [N] Loading 1_36_28
[11:48:28.266] [N] Loading 1_30_40
[11:48:28.266] [N] Loading 1_34_26
[11:48:28.266] [N] Loading 1_34_40
[11:48:28.266] [N] Loading 1_33_40
[11:48:28.266] [N] Loading 1_31_26
[11:48:28.266] [N] Loading 1_35_40
[11:48:28.266] [N] Loading 1_39_37
[11:48:28.266] [N] Loading 1_26_36
[11:48:28.266] [N] Loading 1_40_35
[11:48:28.656] [N] Loading 1_25_33
[11:48:28.656] [N] Loading 1_27_27
[11:48:28.656] [N] Loading 1_25_32
[11:48:28.656] [N] Loading 1_35_26
[11:48:28.656] [N] Loading 1_25_31
[11:48:28.656] [N] Loading 1_27_38
[11:48:28.656] [N] Loading 1_37_38
[11:48:28.656] [N] Loading 1_28_39
[11:48:28.656] [N] Loading 1_36_27
[11:48:28.656] [N] Loading 1_26_37
[11:48:28.656] [N] Loading 1_40_36
[11:48:28.656] [N] Loading 1_31_41
[11:48:28.656] [N] Loading 1_38_33
[11:48:28.656] [N] Loading 1_29_40
[11:48:28.656] [N] Loading 1_32_41
[11:48:28.656] [N] Loading 1_37_39
[11:48:28.656] [N] Loading 1_30_41
[11:48:28.656] [N] Loading 1_36_26
[11:48:28.656] [N] Loading 1_33_25
[11:48:28.656] [N] Loading 1_36_40
[11:48:28.656] [N] Loading 1_25_35
[11:48:28.656] [N] Loading 1_26_38
[11:48:28.656] [N] Loading 1_38_38
[11:48:28.656] [N] Loading 1_40_34
[11:48:29.074] [N] Loading 1_32_25
[11:48:29.074] [N] Loading 1_25_30
[11:48:29.074] [N] Loading 1_30_27
[11:48:29.074] [N] Loading 1_33_41
[11:48:29.074] [N] Loading 1_25_34
[11:48:29.074] [N] Loading 1_39_38
[11:48:29.074] [N] Loading 1_40_37
[11:48:29.074] [N] Loading 1_41_35
[11:48:29.074] [N] Loading 1_37_27
[11:48:29.074] [N] Loading 1_24_32
[11:48:29.074] [N] Loading 1_27_39
[11:48:29.074] [N] Loading 1_31_25
[11:48:29.074] [N] Loading 1_30_26
[11:48:29.074] [N] Loading 1_24_33
[11:48:29.074] [N] Loading 1_35_25
[11:48:29.074] [N] Loading 1_37_40
[11:48:29.074] [N] Loading 1_41_36
[11:48:29.074] [N] Loading 1_28_40
[11:48:29.074] [N] Loading 1_29_41
[11:48:29.074] [N] Loading 1_31_42
[11:48:29.074] [N] Loading 1_37_28
[11:48:29.074] [N] Loading 1_35_41
[11:48:29.074] [N] Loading 1_38_39
[11:48:29.074] [N] Loading 1_34_25
[11:48:29.074] [N] Loading 1_24_31
[11:48:29.074] [N] Loading 1_32_42
[11:48:29.074] [N] Loading 1_34_41
[11:48:29.074] [N] Loading 1_40_38
[11:48:29.074] [N] Loading 1_24_34
[11:48:29.074] [N] Loading 1_24_30
[11:48:29.074] [N] Loading 1_25_37
[11:48:29.074] [N] Loading 1_24_35
[11:48:29.074] [N] Loading 1_26_39
[11:48:29.074] [N] Loading 1_25_38
[11:48:29.074] [N] Loading 1_36_25
[11:48:29.074] [N] Loading 1_37_29
[11:48:29.074] [N] Loading 1_30_42
[11:48:29.074] [N] Loading 1_33_42
[11:48:29.730] [N] Loading 1_28_41
[11:48:29.730] [N] Loading 1_39_39
[11:48:29.730] [N] Loading 1_38_40
[11:48:30.053] [N] Loading 1_30_31
[11:48:30.053] [N] Loading 1_30_32
[11:48:30.053] [N] Loading 1_30_33
[11:48:30.053] [N] Loading 1_36_41
[11:48:31.507] [N] Loading 1_37_26
[11:48:31.508] [N] Loading 1_25_29
[11:48:31.508] [N] Loading 1_38_27
[11:48:31.508] [N] Loading 1_38_28
[11:48:31.508] [N] Loading 1_41_37
[11:48:31.508] [N] Loading 1_30_25
[11:48:31.508] [N] Loading 1_29_42
[11:48:31.508] [N] Loading 1_24_29
[11:48:31.508] [N] Loading 1_25_39
[11:48:31.508] [N] Loading 1_27_40
[11:48:31.508] [N] Loading 1_34_42
[11:48:31.508] [N] Loading 1_41_38
[11:48:31.508] [N] Loading 1_33_24
[11:48:31.508] [N] Loading 1_23_32
[11:48:31.508] [N] Loading 1_29_27
[11:48:31.508] [N] Loading 1_23_31
[11:48:31.508] [N] Loading 1_40_39
[11:48:31.508] [N] Loading 1_38_26
[11:48:31.508] [N] Loading 1_39_40
[11:48:31.508] [N] Loading 1_26_40
[11:48:31.508] [N] Loading 1_23_34
[11:48:31.508] [N] Loading 1_37_41
[11:48:31.508] [N] Loading 1_23_33
[11:48:31.508] [N] Loading 1_29_26
[11:48:31.508] [N] Loading 1_34_24
[11:48:31.508] [N] Loading 1_35_24
[11:48:31.508] [N] Loading 1_23_30
[11:48:31.508] [N] Loading 1_27_41
[11:48:31.508] [N] Loading 1_41_34
[11:48:31.508] [N] Loading 1_39_28
[11:48:31.508] [N] Loading 1_39_27
[11:48:31.508] [N] Loading 1_31_43
[11:48:31.508] [N] Loading 1_25_28
[11:48:31.508] [N] Loading 1_23_29
[11:48:31.508] [N] Loading 1_35_42
[11:48:31.508] [N] Loading 1_32_43
[11:48:31.508] [N] Loading 1_36_24
[11:48:31.508] [N] Loading 1_28_42
[11:48:31.508] [N] Loading 1_42_35
[11:48:31.508] [N] Loading 1_41_39
[11:48:31.508] [N] Loading 1_25_40
[11:48:31.508] [N] Loading 1_37_25
[11:48:31.508] [N] Loading 1_42_34
[11:48:31.508] [N] Loading 1_33_43
[11:48:31.508] [N] Loading 1_38_41
[11:48:31.508] [N] Loading 1_30_43
[11:48:31.508] [N] Loading 1_40_33
[11:48:31.508] [N] Loading 1_39_41
[11:48:31.508] [N] Loading 1_29_25
[11:48:31.508] [N] Loading 1_41_33
[11:48:31.508] [N] Loading 1_24_28
[11:48:31.508] [N] Loading 1_22_31
[11:48:31.508] [N] Loading 1_34_43
[11:48:31.508] [N] Loading 1_39_33
[11:48:31.508] [N] Loading 1_36_42
[11:48:31.508] [N] Loading 1_42_36
[11:48:31.508] [N] Loading 1_39_29
[11:48:31.508] [N] Loading 1_40_40
[11:48:31.508] [N] Loading 1_22_33
[11:48:31.508] [N] Loading 1_26_41
[11:48:31.508] [N] Loading 1_22_32
[11:48:31.508] [N] Loading 1_29_43
[11:48:31.508] [N] Loading 1_22_30
[11:48:31.508] [N] Loading 1_28_27
[11:48:31.508] [N] Loading 1_40_28
[11:48:31.508] [N] Loading 1_39_32
[11:48:31.508] [N] Loading 1_40_32
[11:48:31.508] [N] Loading 1_40_27
[11:48:31.508] [N] Loading 1_24_39
[11:48:31.508] [N] Loading 1_23_28
[11:48:31.508] [N] Loading 1_37_24
[11:48:31.508] [N] Loading 1_24_40
[11:48:31.508] [N] Loading 1_25_41
[11:48:31.508] [N] Loading 1_27_42
[11:48:31.508] [N] Loading 1_35_43
[11:48:31.508] [N] Loading 1_28_26
[11:48:31.508] [N] Loading 1_40_41
[11:48:31.508] [N] Loading 1_37_42
[11:48:31.508] [N] Loading 1_38_25
[11:48:31.508] [N] Loading 1_39_31
[11:48:31.508] [N] Loading 1_42_37
[11:48:31.508] [N] Loading 1_22_29
[11:48:31.508] [N] Loading 1_40_31
[11:48:31.508] [N] Loading 1_28_43
[11:48:31.508] [N] Loading 1_25_27
[11:48:31.508] [N] Loading 1_39_26
[11:48:31.508] [N] Loading 1_21_31
[11:48:31.508] [N] Loading 1_43_36
[11:48:31.508] [N] Loading 1_21_33
[11:48:31.508] [N] Loading 1_31_44
[11:48:31.508] [N] Loading 1_24_41
[11:48:31.508] [N] Loading 1_41_32
[11:48:31.508] [N] Loading 1_32_44
[11:48:31.508] [N] Loading 1_26_42
[11:48:31.508] [N] Loading 1_21_30
[11:48:31.508] [N] Loading 1_21_32
[11:48:31.508] [N] Loading 1_24_27
[11:48:31.508] [N] Loading 1_38_42
[11:48:31.508] [N] Loading 1_33_44
[11:48:31.508] [N] Loading 1_30_44
[11:48:31.846] [N] Loading 1_40_26
[11:48:31.846] [N] Loading 1_26_27
[11:48:31.846] [N] Loading 1_39_42
[11:48:36.573] [N] Loading 1_41_28
[11:48:48.427] [N] Loading 1_30_30
[11:48:48.427] [N] Loading 1_29_31
[11:48:48.427] [N] Loading 1_29_30
[11:48:48.427] [N] Loading 1_29_32
[11:48:48.749] [N] Loading 1_28_31
[11:48:48.749] [N] Loading 1_28_32
[11:48:48.749] [N] Loading 1_28_30
[11:48:52.230] [N] Loading 1_40_29
[11:48:56.333] [N] Loading 1_28_25
[11:49:06.711] [N] Loading 1_41_27
[11:49:20.349] [D] [QuestLog] Loaded 67 completed quests from Lua fallback
[11:49:27.168] [N] Loading 1_32_30
[11:49:27.168] [N] Loading 1_31_30
[11:49:27.168] [N] Loading 1_32_34
[11:49:27.168] [N] Loading 1_31_34
[11:49:27.168] [N] Loading 1_33_34
[11:49:27.168] [N] Loading 1_32_35
[11:49:27.168] [N] Loading 1_33_35
[11:49:27.168] [N] Loading 1_31_35
[11:49:27.168] [N] Loading 1_34_34
[11:49:27.168] [N] Loading 1_34_35
[11:49:27.168] [N] Loading 1_33_36
[11:49:27.168] [N] Loading 1_32_36
[11:49:27.168] [N] Loading 1_30_29
[11:49:27.168] [N] Loading 1_30_34
[11:49:27.168] [N] Loading 1_30_35
[11:49:27.168] [N] Loading 1_34_36
[11:49:27.168] [N] Loading 1_31_36
[11:49:27.168] [N] Loading 1_35_34
[11:49:27.168] [N] Loading 1_35_35
[11:49:27.584] [N] Loading 1_29_29
[11:49:27.584] [N] Loading 1_29_33
[11:49:27.584] [N] Loading 1_31_29
[11:49:27.584] [N] Loading 1_30_36
[11:49:27.584] [N] Loading 1_28_33
[11:49:27.584] [N] Loading 1_35_36
[11:49:27.585] [N] Loading 1_28_29
[11:49:27.585] [N] Loading 1_29_34
[11:49:27.585] [N] Loading 1_30_28
[11:49:27.585] [N] Loading 1_32_37
[11:49:27.585] [N] Loading 1_31_28
[11:49:27.585] [N] Loading 1_33_37
[11:49:27.585] [N] Loading 1_29_35
[11:49:27.585] [N] Loading 1_36_35
[11:49:27.585] [N] Loading 1_34_37
[11:49:27.585] [N] Loading 1_31_37
[11:49:27.585] [N] Loading 1_29_28
[11:49:27.585] [N] Loading 1_36_34
[11:49:27.585] [N] Loading 1_36_36
[11:49:27.585] [N] Loading 1_29_36
[11:49:27.585] [N] Loading 1_27_30
[11:49:27.585] [N] Loading 1_35_37
[11:49:27.585] [N] Loading 1_32_28
[11:49:27.585] [N] Loading 1_30_37
[11:49:27.585] [N] Loading 1_32_29
[11:49:27.585] [N] Loading 1_27_29
[11:49:27.585] [N] Loading 1_33_38
[11:49:27.585] [N] Loading 1_37_35
[11:49:27.585] [N] Loading 1_32_38
[11:49:27.585] [N] Loading 1_31_27
[11:49:27.585] [N] Loading 1_37_34
[11:49:27.585] [N] Loading 1_33_29
[11:49:27.585] [N] Loading 1_33_28
[11:49:27.585] [N] Loading 1_31_38
[11:49:27.585] [N] Loading 1_27_33
[11:49:27.585] [N] Loading 1_34_38
[11:49:27.585] [N] Loading 1_36_37
[11:49:27.585] [N] Loading 1_27_32
[11:49:27.585] [N] Loading 1_28_34
[11:49:27.585] [N] Loading 1_37_36
[11:49:27.585] [N] Loading 1_29_37
[11:49:27.585] [N] Loading 1_28_36
[11:49:27.968] [N] Loading 1_32_27
[11:49:27.968] [N] Loading 1_35_38
[11:49:27.968] [N] Loading 1_27_34
[11:49:27.968] [N] Loading 1_28_35
[11:49:27.968] [N] Loading 1_34_29
[11:49:27.968] [N] Loading 1_30_38
[11:49:27.968] [N] Loading 1_33_27
[11:49:27.968] [N] Loading 1_34_28
[11:49:27.968] [N] Loading 1_33_39
[11:49:27.968] [N] Loading 1_26_29
[11:49:27.968] [N] Loading 1_34_39
[11:49:27.968] [N] Loading 1_27_28
[11:49:27.968] [N] Loading 1_32_39
[11:49:27.968] [N] Loading 1_27_31
[11:49:27.968] [N] Loading 1_38_35
[11:49:27.968] [N] Loading 1_37_37
[11:49:27.968] [N] Loading 1_28_37
[11:49:27.968] [N] Loading 1_31_39
[11:49:27.968] [N] Loading 1_38_36
[11:49:27.968] [N] Loading 1_29_38
[11:49:27.968] [N] Loading 1_36_38
[11:49:27.968] [N] Loading 1_28_28
[11:49:27.968] [N] Loading 1_38_34
[11:49:28.334] [N] Loading 1_35_29
[11:49:28.334] [N] Loading 1_34_27
[11:49:28.334] [N] Loading 1_26_33
[11:49:28.334] [N] Loading 1_35_28
[11:49:28.334] [N] Loading 1_26_32
[11:49:28.334] [N] Loading 1_26_30
[11:49:28.334] [N] Loading 1_27_35
[11:49:28.334] [N] Loading 1_26_28
[11:49:28.334] [N] Loading 1_27_36
[11:49:28.334] [N] Loading 1_30_39
[11:49:28.334] [N] Loading 1_36_30
[11:49:28.334] [N] Loading 1_26_34
[11:49:28.334] [N] Loading 1_32_26
[11:49:28.334] [N] Loading 1_35_39
[11:49:28.735] [N] Loading 1_33_26
[11:49:28.735] [N] Loading 1_26_31
[11:49:28.735] [N] Loading 1_39_35
[11:49:28.735] [N] Loading 1_38_37
[11:49:28.735] [N] Loading 1_27_37
[11:49:28.735] [N] Loading 1_28_38
[11:49:28.735] [N] Loading 1_39_36
[11:49:28.735] [N] Loading 1_35_27
[11:49:28.735] [N] Loading 1_31_40
[11:49:28.735] [N] Loading 1_26_35
[11:49:28.735] [N] Loading 1_29_39
[11:49:28.735] [N] Loading 1_36_39
[11:49:28.735] [N] Loading 1_38_31
[11:49:28.735] [N] Loading 1_36_29
[11:49:28.735] [N] Loading 1_32_40
[11:49:28.735] [N] Loading 1_39_34
[11:49:28.735] [N] Loading 1_36_28
[11:49:28.735] [N] Loading 1_38_32
[11:49:28.735] [N] Loading 1_30_40
[11:49:28.735] [N] Loading 1_34_26
[11:49:28.735] [N] Loading 1_34_40
[11:49:28.735] [N] Loading 1_33_40
[11:49:28.735] [N] Loading 1_31_26
[11:49:28.735] [N] Loading 1_35_40
[11:49:28.735] [N] Loading 1_39_37
[11:49:28.735] [N] Loading 1_26_36
[11:49:28.735] [N] Loading 1_40_35
[11:49:29.139] [N] Loading 1_25_33
[11:49:29.139] [N] Loading 1_25_32
[11:49:29.139] [N] Loading 1_27_27
[11:49:29.139] [N] Loading 1_35_26
[11:49:29.139] [N] Loading 1_25_31
[11:49:29.139] [N] Loading 1_36_27
[11:49:29.139] [N] Loading 1_27_38
[11:49:29.139] [N] Loading 1_37_38
[11:49:29.139] [N] Loading 1_28_39
[11:49:29.139] [N] Loading 1_26_37
[11:49:29.139] [N] Loading 1_40_36
[11:49:29.139] [N] Loading 1_31_41
[11:49:29.139] [N] Loading 1_38_33
[11:49:29.139] [N] Loading 1_29_40
[11:49:29.139] [N] Loading 1_36_26
[11:49:29.139] [N] Loading 1_32_41
[11:49:29.139] [N] Loading 1_37_39
[11:49:29.139] [N] Loading 1_30_41
[11:49:29.139] [N] Loading 1_33_25
[11:49:29.139] [N] Loading 1_25_35
[11:49:29.139] [N] Loading 1_36_40
[11:49:29.139] [N] Loading 1_38_38
[11:49:29.139] [N] Loading 1_26_38
[11:49:29.139] [N] Loading 1_40_34
[11:49:29.570] [N] Loading 1_32_25
[11:49:29.570] [N] Loading 1_25_30
[11:49:29.570] [N] Loading 1_30_27
[11:49:29.570] [N] Loading 1_25_34
[11:49:29.570] [N] Loading 1_37_27
[11:49:29.570] [N] Loading 1_39_38
[11:49:29.570] [N] Loading 1_33_41
[11:49:29.570] [N] Loading 1_40_37
[11:49:29.570] [N] Loading 1_24_32
[11:49:29.570] [N] Loading 1_41_35
[11:49:29.570] [N] Loading 1_31_25
[11:49:29.570] [N] Loading 1_35_25
[11:49:29.570] [N] Loading 1_30_26
[11:49:29.570] [N] Loading 1_24_33
[11:49:29.570] [N] Loading 1_37_28
[11:49:29.570] [N] Loading 1_34_25
[11:49:29.570] [N] Loading 1_27_39
[11:49:29.570] [N] Loading 1_24_31
[11:49:29.570] [N] Loading 1_37_40
[11:49:29.570] [N] Loading 1_41_36
[11:49:29.570] [N] Loading 1_38_39
[11:49:29.570] [N] Loading 1_28_40
[11:49:29.570] [N] Loading 1_31_42
[11:49:29.570] [N] Loading 1_29_41
[11:49:29.570] [N] Loading 1_35_41
[11:49:29.570] [N] Loading 1_24_30
[11:49:29.570] [N] Loading 1_36_25
[11:49:29.570] [N] Loading 1_34_41
[11:49:29.570] [N] Loading 1_32_42
[11:49:29.570] [N] Loading 1_24_34
[11:49:29.570] [N] Loading 1_37_29
[11:49:29.570] [N] Loading 1_24_35
[11:49:29.570] [N] Loading 1_40_38
[11:49:29.570] [N] Loading 1_25_37
[11:49:29.570] [N] Loading 1_26_39
[11:49:29.570] [N] Loading 1_25_38
[11:49:29.570] [N] Loading 1_30_42
[11:49:29.570] [N] Loading 1_33_42
[11:49:30.758] [N] Loading 1_28_41
[11:49:30.758] [N] Loading 1_39_39
[11:49:30.758] [N] Loading 1_38_40
[11:49:30.758] [N] Loading 1_36_41
[11:49:30.758] [N] Loading 1_22_34
[11:49:30.758] [N] Loading 1_22_28
[11:49:31.408] [N] Loading 1_21_34
[11:49:31.859] [N] Loading 1_25_29
[11:49:31.859] [N] Loading 1_37_26
[11:49:31.859] [N] Loading 1_38_27
[11:49:31.859] [N] Loading 1_30_25
[11:49:31.859] [N] Loading 1_38_28
[11:49:31.859] [N] Loading 1_24_29
[11:49:31.859] [N] Loading 1_23_32
[11:49:31.859] [N] Loading 1_41_37
[11:49:31.859] [N] Loading 1_23_31
[11:49:31.859] [N] Loading 1_29_27
[11:49:31.859] [N] Loading 1_33_24
[11:49:31.859] [N] Loading 1_29_42
[11:49:31.859] [N] Loading 1_38_26
[11:49:31.859] [N] Loading 1_25_39
[11:49:31.859] [N] Loading 1_27_40
[11:49:31.859] [N] Loading 1_34_42
[11:49:31.859] [N] Loading 1_41_38
[11:49:31.859] [N] Loading 1_23_34
[11:49:31.859] [N] Loading 1_23_33
[11:49:31.859] [N] Loading 1_29_26
[11:49:31.859] [N] Loading 1_40_39
[11:49:31.859] [N] Loading 1_23_30
[11:49:31.859] [N] Loading 1_34_24
[11:49:31.859] [N] Loading 1_35_24
[11:49:31.859] [N] Loading 1_26_40
[11:49:31.859] [N] Loading 1_39_40
[11:49:31.859] [N] Loading 1_37_41
[11:49:31.859] [N] Loading 1_39_28
[11:49:31.859] [N] Loading 1_39_27
[11:49:31.859] [N] Loading 1_23_29
[11:49:31.859] [N] Loading 1_25_28
[11:49:31.859] [N] Loading 1_27_41
[11:49:31.859] [N] Loading 1_36_24
[11:49:31.859] [N] Loading 1_41_34
[11:49:31.859] [N] Loading 1_37_25
[11:49:31.859] [N] Loading 1_31_43
[11:49:31.859] [N] Loading 1_35_42
[11:49:31.859] [N] Loading 1_32_43
[11:49:31.859] [N] Loading 1_28_42
[11:49:31.859] [N] Loading 1_29_25
[11:49:31.859] [N] Loading 1_42_35
[11:49:31.859] [N] Loading 1_24_28
[11:49:31.859] [N] Loading 1_25_40
[11:49:31.859] [N] Loading 1_22_31
[11:49:31.859] [N] Loading 1_41_39
[11:49:31.859] [N] Loading 1_33_43
[11:49:31.859] [N] Loading 1_42_34
[11:49:31.859] [N] Loading 1_30_43
[11:49:31.859] [N] Loading 1_38_41
[11:49:31.859] [N] Loading 1_39_29
[11:49:31.859] [N] Loading 1_39_41
[11:49:31.859] [N] Loading 1_40_33
[11:49:31.859] [N] Loading 1_22_33
[11:49:31.859] [N] Loading 1_22_32
[11:49:31.859] [N] Loading 1_41_33
[11:49:31.859] [N] Loading 1_34_43
[11:49:31.859] [N] Loading 1_36_42
[11:49:31.859] [N] Loading 1_39_33
[11:49:31.859] [N] Loading 1_42_36
[11:49:31.859] [N] Loading 1_40_40
[11:49:31.859] [N] Loading 1_26_41
[11:49:32.258] [N] Loading 1_22_30
[11:49:32.258] [N] Loading 1_28_27
[11:49:32.258] [N] Loading 1_40_28
[11:49:32.258] [N] Loading 1_23_28
[11:49:32.258] [N] Loading 1_40_27
[11:49:32.258] [N] Loading 1_29_43
[11:49:32.258] [N] Loading 1_37_24
[11:49:32.258] [N] Loading 1_24_39
[11:49:32.258] [N] Loading 1_39_32
[11:49:32.258] [N] Loading 1_40_32
[11:49:32.258] [N] Loading 1_24_40
[11:49:32.258] [N] Loading 1_28_26
[11:49:32.258] [N] Loading 1_25_41
[11:49:32.258] [N] Loading 1_27_42
[11:49:32.258] [N] Loading 1_38_25
[11:49:32.258] [N] Loading 1_22_29
[11:49:32.258] [N] Loading 1_35_43
[11:49:32.258] [N] Loading 1_25_27
[11:49:32.258] [N] Loading 1_40_41
[11:49:32.258] [N] Loading 1_21_31
[11:49:32.258] [N] Loading 1_37_42
[11:49:32.258] [N] Loading 1_39_26
[11:49:32.258] [N] Loading 1_42_37
[11:49:32.258] [N] Loading 1_39_31
[11:49:32.258] [N] Loading 1_21_33
[11:49:32.258] [N] Loading 1_28_43
[11:49:32.258] [N] Loading 1_40_31
[11:49:32.258] [N] Loading 1_21_30
[11:49:32.258] [N] Loading 1_21_32
[11:49:32.258] [N] Loading 1_24_27
[11:49:32.258] [N] Loading 1_40_26
[11:49:32.258] [N] Loading 1_26_27
[11:49:32.258] [N] Loading 1_31_44
[11:49:32.258] [N] Loading 1_24_41
[11:49:32.258] [N] Loading 1_43_36
[11:49:32.258] [N] Loading 1_26_42
[11:49:32.258] [N] Loading 1_32_44
[11:49:32.258] [N] Loading 1_41_32
[11:49:32.258] [N] Loading 1_33_44
[11:49:32.258] [N] Loading 1_38_42
[11:49:32.258] [N] Loading 1_30_44
[11:49:37.030] [N] Loading 1_41_28
[11:49:37.669] [N] Loading 1_39_42
[11:49:38.955] [N] Loading 1_41_29
[11:49:48.326] [D] [Singular-DEBUG] Switched targets!
[11:49:48.326] [D] [Singular-DEBUG] Melee Distance: 5
[11:49:48.326] [D] [Singular-DEBUG] Health: 100
[11:49:48.326] [D] [Singular-DEBUG] Level: 17
[11:49:48.732] [D] Changed POI to: Type: Kill, Name: Deepmoss Creeper, Guid: F130000FA507512A, Entry: 4005, Location: (34.00, -122.75, 20.14)
[11:49:49.206] [D] Dismount to kill bot poi.
[11:49:49.206] [D] Stop and dismount. Reason: Combat
[11:49:49.809] [N] [Singular] Casting Blessing of Kings on Myself
[11:49:49.809] [D] Spell_C::CastSpell(20217, 0, 0x6000000007EAB80, 0)
[11:49:50.548] [N] [Singular] Casting Exorcism on Deepmoss Creeper
[11:49:50.548] [D] Spell_C::CastSpell(879, 0, 0xF130000FA507512A, 0)
[11:49:51.256] [N] [Singular] Casting Exorcism on Deepmoss Creeper
[11:49:51.256] [D] Spell_C::CastSpell(879, 0, 0xF130000FA507512A, 0)
[11:49:51.962] [N] [Singular] Casting Exorcism on Deepmoss Creeper
[11:49:51.962] [D] Spell_C::CastSpell(879, 0, 0xF130000FA507512A, 0)
[11:49:53.087] [N] Loading 1_30_30
[11:49:53.087] [N] Loading 1_29_31
[11:49:53.087] [N] Loading 1_29_30
[11:49:53.087] [N] Loading 1_29_32
[11:49:53.087] [N] Loading 1_28_31
[11:49:53.087] [N] Loading 1_28_32
[11:49:53.087] [N] Loading 1_28_30
[11:49:53.087] [N] Loading 1_40_29
[11:49:56.939] [N] Loading 1_28_25
[11:50:01.885] [N] [Singular] Casting Judgement of Light on Deepmoss Creeper
[11:50:01.885] [D] Spell_C::CastSpell(20271, 0, 0xF130000FA507512A, 0)
[11:50:03.602] [D] Cleared POI - Reason POI is dead from Combat
[11:50:03.602] [D] Cleared POI
[11:50:03.704] [D] [QuestRecovery] quest=6461, stage=Objective, old=Attempting, new=Eligible, reason=None, episode=0, attempt=0, retry=
[11:50:04.075] [D] Changed POI to: Type: Loot, Name: Deepmoss Creeper, Guid: F130000FA507512A, Entry: 4005, Location: (25.35, -128.07, 20.27)
[11:50:04.584] [D] [Interact] Interacting with object at 0x2ED58ED8
[11:50:04.617] [D] [Interact] Done interacting with object at 0x2ED58ED8
[11:50:05.228] [D] [Singular-DEBUG] Switched targets!
[11:50:05.228] [D] [Singular-DEBUG] Melee Distance: 5
[11:50:05.228] [D] [Singular-DEBUG] Health: 0
[11:50:05.228] [D] [Singular-DEBUG] Level: 17
[11:50:05.594] [N] Looting Deepmoss Creeper Guid 0xF130000FA507512A
[11:50:05.697] [D] Cleared POI - Reason Waiting for loot flag
[11:50:05.697] [D] Cleared POI
[11:50:07.072] [N] Loading 1_41_27
[11:50:24.413] [D] Activity: Moving towards Deepmoss Creeper
[11:50:24.808] [N] Mounting: 34769
[11:50:27.801] [D] [QuestLog] Loaded 67 completed quests from Lua fallback
[11:50:28.763] [N] Loading 1_32_30
[11:50:28.763] [N] Loading 1_31_30
[11:50:28.763] [N] Loading 1_32_34
[11:50:28.763] [N] Loading 1_31_34
[11:50:28.763] [N] Loading 1_33_34
[11:50:28.763] [N] Loading 1_32_35
[11:50:28.763] [N] Loading 1_33_35
[11:50:28.763] [N] Loading 1_31_35
[11:50:28.763] [N] Loading 1_30_29
[11:50:28.763] [N] Loading 1_34_34
[11:50:28.763] [N] Loading 1_34_35
[11:50:28.763] [N] Loading 1_29_29
[11:50:28.763] [N] Loading 1_29_33
[11:50:28.763] [N] Loading 1_32_36
[11:50:28.763] [N] Loading 1_33_36
[11:50:28.763] [N] Loading 1_30_34
[11:50:28.763] [N] Loading 1_31_29
[11:50:28.763] [N] Loading 1_30_35
[11:50:28.763] [N] Loading 1_31_36
[11:50:28.763] [N] Loading 1_34_36
[11:50:28.763] [N] Loading 1_35_34
[11:50:28.763] [N] Loading 1_35_35
[11:50:28.763] [N] Loading 1_28_33
[11:50:28.763] [N] Loading 1_28_29
[11:50:28.763] [N] Loading 1_30_28
[11:50:28.763] [N] Loading 1_31_28
[11:50:28.763] [N] Loading 1_30_36
[11:50:28.763] [N] Loading 1_35_36
[11:50:28.763] [N] Loading 1_29_34
[11:50:28.763] [N] Loading 1_32_37
[11:50:28.763] [N] Loading 1_29_28
[11:50:28.763] [N] Loading 1_33_37
[11:50:28.763] [N] Loading 1_29_35
[11:50:28.763] [N] Loading 1_34_37
[11:50:28.763] [N] Loading 1_36_35
[11:50:28.764] [N] Loading 1_31_37
[11:50:28.764] [N] Loading 1_36_34
[11:50:28.764] [N] Loading 1_27_30
[11:50:28.764] [N] Loading 1_32_28
[11:50:28.764] [N] Loading 1_32_29
[11:50:28.764] [N] Loading 1_36_36
[11:50:28.764] [N] Loading 1_27_29
[11:50:28.764] [N] Loading 1_29_36
[11:50:28.764] [N] Loading 1_35_37
[11:50:28.764] [N] Loading 1_30_37
[11:50:28.764] [N] Loading 1_31_27
[11:50:28.764] [N] Loading 1_27_33
[11:50:28.764] [N] Loading 1_33_29
[11:50:28.764] [N] Loading 1_33_28
[11:50:28.764] [N] Loading 1_33_38
[11:50:28.764] [N] Loading 1_27_32
[11:50:28.764] [N] Loading 1_32_38
[11:50:28.764] [N] Loading 1_28_34
[11:50:28.764] [N] Loading 1_37_35
[11:50:28.764] [N] Loading 1_31_38
[11:50:28.764] [N] Loading 1_37_34
[11:50:28.764] [N] Loading 1_34_38
[11:50:28.764] [N] Loading 1_36_37
[11:50:28.764] [N] Loading 1_27_34
[11:50:28.764] [N] Loading 1_32_27
[11:50:28.764] [N] Loading 1_34_29
[11:50:28.764] [N] Loading 1_29_37
[11:50:28.764] [N] Loading 1_37_36
[11:50:28.764] [N] Loading 1_33_27
[11:50:28.764] [N] Loading 1_34_28
[11:50:28.764] [N] Loading 1_28_36
[11:50:28.764] [N] Loading 1_28_35
[11:50:28.764] [N] Loading 1_35_38
[11:50:28.764] [N] Loading 1_30_38
[11:50:28.764] [N] Loading 1_26_29
[11:50:28.764] [N] Loading 1_27_28
[11:50:28.764] [N] Loading 1_27_31
[11:50:28.764] [N] Loading 1_28_28
[11:50:28.764] [N] Loading 1_26_33
[11:50:28.764] [N] Loading 1_33_39
[11:50:28.764] [N] Loading 1_35_29
[11:50:28.764] [N] Loading 1_34_27
[11:50:28.764] [N] Loading 1_26_32
[11:50:28.764] [N] Loading 1_34_39
[11:50:28.764] [N] Loading 1_32_39
[11:50:28.764] [N] Loading 1_26_30
[11:50:28.764] [N] Loading 1_27_35
[11:50:28.764] [N] Loading 1_28_37
[11:50:28.764] [N] Loading 1_35_28
[11:50:28.764] [N] Loading 1_26_28
[11:50:28.764] [N] Loading 1_37_37
[11:50:28.764] [N] Loading 1_38_35
[11:50:28.764] [N] Loading 1_31_39
[11:50:28.764] [N] Loading 1_29_38
[11:50:28.764] [N] Loading 1_36_38
[11:50:28.764] [N] Loading 1_38_36
[11:50:28.764] [N] Loading 1_26_34
[11:50:28.764] [N] Loading 1_32_26
[11:50:28.764] [N] Loading 1_38_34
[11:50:28.764] [N] Loading 1_27_36
[11:50:28.764] [N] Loading 1_30_39
[11:50:28.764] [N] Loading 1_36_30
[11:50:28.764] [N] Loading 1_35_39
[11:50:29.183] [N] Loading 1_33_26
[11:50:29.183] [N] Loading 1_26_31
[11:50:29.183] [N] Loading 1_35_27
[11:50:29.183] [N] Loading 1_26_35
[11:50:29.183] [N] Loading 1_36_29
[11:50:29.183] [N] Loading 1_27_37
[11:50:29.183] [N] Loading 1_36_28
[11:50:29.183] [N] Loading 1_28_38
[11:50:29.183] [N] Loading 1_39_35
[11:50:29.183] [N] Loading 1_38_37
[11:50:29.183] [N] Loading 1_34_26
[11:50:29.183] [N] Loading 1_39_36
[11:50:29.183] [N] Loading 1_31_26
[11:50:29.183] [N] Loading 1_31_40
[11:50:29.183] [N] Loading 1_29_39
[11:50:29.183] [N] Loading 1_36_39
[11:50:29.183] [N] Loading 1_38_31
[11:50:29.183] [N] Loading 1_32_40
[11:50:29.183] [N] Loading 1_39_34
[11:50:29.183] [N] Loading 1_38_32
[11:50:29.183] [N] Loading 1_26_36
[11:50:29.183] [N] Loading 1_30_40
[11:50:29.183] [N] Loading 1_34_40
[11:50:29.183] [N] Loading 1_33_40
[11:50:29.183] [N] Loading 1_35_40
[11:50:29.183] [N] Loading 1_39_37
[11:50:29.183] [N] Loading 1_40_35
[11:50:29.588] [N] Loading 1_25_33
[11:50:29.588] [N] Loading 1_25_32
[11:50:29.588] [N] Loading 1_27_27
[11:50:29.588] [N] Loading 1_35_26
[11:50:29.588] [N] Loading 1_25_31
[11:50:29.588] [N] Loading 1_36_27
[11:50:29.588] [N] Loading 1_27_38
[11:50:29.588] [N] Loading 1_28_39
[11:50:29.588] [N] Loading 1_36_26
[11:50:29.588] [N] Loading 1_37_38
[11:50:29.588] [N] Loading 1_26_37
[11:50:29.588] [N] Loading 1_33_25
[11:50:29.588] [N] Loading 1_31_41
[11:50:29.588] [N] Loading 1_25_35
[11:50:29.588] [N] Loading 1_40_36
[11:50:29.588] [N] Loading 1_29_40
[11:50:29.588] [N] Loading 1_38_33
[11:50:29.588] [N] Loading 1_32_41
[11:50:29.588] [N] Loading 1_30_41
[11:50:29.588] [N] Loading 1_37_39
[11:50:29.588] [N] Loading 1_36_40
[11:50:29.588] [N] Loading 1_26_38
[11:50:29.588] [N] Loading 1_38_38
[11:50:29.588] [N] Loading 1_40_34
[11:50:30.009] [N] Loading 1_25_30
[11:50:30.009] [N] Loading 1_32_25
[11:50:30.009] [N] Loading 1_25_34
[11:50:30.009] [N] Loading 1_30_27
[11:50:30.009] [N] Loading 1_24_32
[11:50:30.009] [N] Loading 1_37_27
[11:50:30.009] [N] Loading 1_24_33
[11:50:30.009] [N] Loading 1_31_25
[11:50:30.009] [N] Loading 1_30_26
[11:50:30.009] [N] Loading 1_35_25
[11:50:30.009] [N] Loading 1_33_41
[11:50:30.009] [N] Loading 1_24_31
[11:50:30.009] [N] Loading 1_37_28
[11:50:30.009] [N] Loading 1_39_38
[11:50:30.009] [N] Loading 1_34_25
[11:50:30.009] [N] Loading 1_40_37
[11:50:30.009] [N] Loading 1_41_35
[11:50:30.009] [N] Loading 1_24_30
[11:50:30.009] [N] Loading 1_27_39
[11:50:30.009] [N] Loading 1_24_34
[11:50:30.009] [N] Loading 1_24_35
[11:50:30.009] [N] Loading 1_36_25
[11:50:30.009] [N] Loading 1_37_40
[11:50:30.009] [N] Loading 1_28_40
[11:50:30.009] [N] Loading 1_29_41
[11:50:30.009] [N] Loading 1_41_36
[11:50:30.009] [N] Loading 1_31_42
[11:50:30.009] [N] Loading 1_37_29
[11:50:30.009] [N] Loading 1_35_41
[11:50:30.009] [N] Loading 1_32_42
[11:50:30.009] [N] Loading 1_38_39
[11:50:30.009] [N] Loading 1_34_41
[11:50:30.009] [N] Loading 1_40_38
[11:50:30.009] [N] Loading 1_25_37
[11:50:30.009] [N] Loading 1_26_39
[11:50:30.009] [N] Loading 1_25_38
[11:50:30.009] [N] Loading 1_30_42
[11:50:30.009] [N] Loading 1_33_42
[11:50:30.987] [N] Loading 1_28_41
[11:50:30.987] [N] Loading 1_39_39
[11:50:30.987] [N] Loading 1_38_40
[11:50:30.987] [N] Loading 1_36_41
[11:50:31.306] [N] Loading 1_22_34
[11:50:31.306] [N] Loading 1_22_28
[11:50:31.942] [N] Loading 1_21_34
[11:50:32.384] [N] Loading 1_37_26
[11:50:32.384] [N] Loading 1_25_29
[11:50:32.384] [N] Loading 1_38_27
[11:50:32.384] [N] Loading 1_38_28
[11:50:32.384] [N] Loading 1_30_25
[11:50:32.384] [N] Loading 1_24_29
[11:50:32.384] [N] Loading 1_33_24
[11:50:32.384] [N] Loading 1_29_27
[11:50:32.384] [N] Loading 1_23_32
[11:50:32.384] [N] Loading 1_23_31
[11:50:32.384] [N] Loading 1_38_26
[11:50:32.384] [N] Loading 1_41_37
[11:50:32.384] [N] Loading 1_29_42
[11:50:32.384] [N] Loading 1_29_26
[11:50:32.384] [N] Loading 1_23_34
[11:50:32.384] [N] Loading 1_23_33
[11:50:32.384] [N] Loading 1_34_24
[11:50:32.384] [N] Loading 1_35_24
[11:50:32.384] [N] Loading 1_23_30
[11:50:32.384] [N] Loading 1_25_39
[11:50:32.384] [N] Loading 1_27_40
[11:50:32.384] [N] Loading 1_34_42
[11:50:32.384] [N] Loading 1_41_38
[11:50:32.384] [N] Loading 1_39_28
[11:50:32.384] [N] Loading 1_39_27
[11:50:32.384] [N] Loading 1_40_39
[11:50:32.384] [N] Loading 1_25_28
[11:50:32.384] [N] Loading 1_23_29
[11:50:32.384] [N] Loading 1_36_24
[11:50:32.384] [N] Loading 1_39_40
[11:50:32.384] [N] Loading 1_26_40
[11:50:32.384] [N] Loading 1_37_41
[11:50:32.384] [N] Loading 1_37_25
[11:50:32.384] [N] Loading 1_29_25
[11:50:32.384] [N] Loading 1_27_41
[11:50:32.384] [N] Loading 1_41_34
[11:50:32.384] [N] Loading 1_24_28
[11:50:32.384] [N] Loading 1_22_31
[11:50:32.384] [N] Loading 1_31_43
[11:50:32.384] [N] Loading 1_39_29
[11:50:32.384] [N] Loading 1_35_42
[11:50:32.384] [N] Loading 1_32_43
[11:50:32.384] [N] Loading 1_28_42
[11:50:32.384] [N] Loading 1_42_35
[11:50:32.384] [N] Loading 1_41_39
[11:50:32.384] [N] Loading 1_25_40
[11:50:32.384] [N] Loading 1_22_33
[11:50:32.384] [N] Loading 1_22_32
[11:50:32.384] [N] Loading 1_42_34
[11:50:32.384] [N] Loading 1_33_43
[11:50:32.384] [N] Loading 1_38_41
[11:50:32.384] [N] Loading 1_30_43
[11:50:32.384] [N] Loading 1_40_33
[11:50:32.384] [N] Loading 1_39_41
[11:50:32.384] [N] Loading 1_41_33
[11:50:32.384] [N] Loading 1_34_43
[11:50:32.384] [N] Loading 1_39_33
[11:50:32.384] [N] Loading 1_36_42
[11:50:32.384] [N] Loading 1_42_36
[11:50:32.384] [N] Loading 1_40_40
[11:50:32.384] [N] Loading 1_26_41
[11:50:32.777] [N] Loading 1_22_30
[11:50:32.777] [N] Loading 1_28_27
[11:50:32.777] [N] Loading 1_40_28
[11:50:32.777] [N] Loading 1_40_27
[11:50:32.777] [N] Loading 1_23_28
[11:50:32.777] [N] Loading 1_37_24
[11:50:32.777] [N] Loading 1_28_26
[11:50:32.777] [N] Loading 1_38_25
[11:50:32.777] [N] Loading 1_29_43
[11:50:32.777] [N] Loading 1_22_29
[11:50:32.777] [N] Loading 1_39_32
[11:50:32.777] [N] Loading 1_40_32
[11:50:32.777] [N] Loading 1_24_39
[11:50:32.777] [N] Loading 1_25_27
[11:50:32.777] [N] Loading 1_39_26
[11:50:32.777] [N] Loading 1_24_40
[11:50:32.777] [N] Loading 1_21_31
[11:50:32.777] [N] Loading 1_25_41
[11:50:32.777] [N] Loading 1_27_42
[11:50:32.777] [N] Loading 1_21_33
[11:50:32.777] [N] Loading 1_21_30
[11:50:32.777] [N] Loading 1_35_43
[11:50:32.777] [N] Loading 1_40_26
[11:50:32.777] [N] Loading 1_24_27
[11:50:32.777] [N] Loading 1_40_41
[11:50:32.777] [N] Loading 1_21_32
[11:50:32.777] [N] Loading 1_26_27
[11:50:32.777] [N] Loading 1_37_42
[11:50:32.777] [N] Loading 1_39_31
[11:50:32.777] [N] Loading 1_42_37
[11:50:32.777] [N] Loading 1_40_31
[11:50:32.777] [N] Loading 1_28_43
[11:50:32.777] [N] Loading 1_43_36
[11:50:32.777] [N] Loading 1_31_44
[11:50:32.777] [N] Loading 1_24_41
[11:50:32.777] [N] Loading 1_41_32
[11:50:32.777] [N] Loading 1_26_42
[11:50:32.777] [N] Loading 1_32_44
[11:50:37.337] [N] Loading 1_39_25
[11:50:37.823] [D] [Singular-DEBUG] Switched targets!
[11:50:37.823] [D] [Singular-DEBUG] Melee Distance: 5
[11:50:37.823] [D] [Singular-DEBUG] Health: 100
[11:50:37.823] [D] [Singular-DEBUG] Level: 16
[11:50:38.193] [D] Changed POI to: Type: Kill, Name: Deepmoss Creeper, Guid: F130000FA50789C6, Entry: 4005, Location: (49.40, -52.26, 25.00)
[11:50:38.659] [D] Dismount to kill bot poi.
[11:50:38.659] [D] Stop and dismount. Reason: Combat
[11:50:39.394] [N] [Singular] Casting Exorcism on Deepmoss Creeper
[11:50:39.394] [D] Spell_C::CastSpell(879, 0, 0xF130000FA50789C6, 0)
[11:50:40.501] [N] Loading 1_41_28
[11:50:40.501] [N] Loading 1_41_29
[11:50:40.501] [N] Loading 1_23_27
[11:50:43.634] [N] [Singular] Casting Judgement of Light on Deepmoss Creeper
[11:50:43.634] [D] Spell_C::CastSpell(20271, 0, 0xF130000FA50789C6, 0)
[11:50:45.282] [D] Cleared POI - Reason POI is dead from Combat
[11:50:45.282] [D] Cleared POI
[11:50:45.794] [D] Changed POI to: Type: Loot, Name: Deepmoss Creeper, Guid: F130000FA50789C6, Entry: 4005, Location: (46.94, -67.09, 25.68)
[11:50:46.295] [D] [Interact] Interacting with object at 0x2ED514F8
[11:50:46.323] [D] [Interact] Done interacting with object at 0x2ED514F8
[11:50:46.457] [D] [QuestRecovery] quest=6461, stage=Objective, old=Attempting, new=Eligible, reason=None, episode=0, attempt=0, retry=
[11:50:47.266] [N] Looting Deepmoss Creeper Guid 0xF130000FA50789C6
[11:50:47.367] [D] Cleared POI - Reason Waiting for loot flag
[11:50:47.367] [D] Cleared POI
[11:50:49.054] [D] Changed POI to: Type: Sell, Name: Denni'ka, Guid: 0, Entry: 3411, Location: (-188.42, -347.65, 8.87)
[11:50:49.617] [N] Moving to Type: Sell, Name: Denni'ka, Guid: 0, Entry: 3411, Location: (-188.42, -347.65, 8.87)
[11:50:55.091] [N] Mounting: 34769
[11:51:15.210] [N] Moving to Type: Sell, Name: Denni'ka, Guid: 0, Entry: 3411, Location: (-188.42, -347.65, 8.79)
[11:51:28.568] [D] [QuestLog] Loaded 67 completed quests from Lua fallback
[11:51:32.341] [D] Dismount for interaction.
[11:51:32.341] [D] Stop and dismount. Reason: Combat
[11:51:32.611] [N] [VendorRecovery] Reached Denni'ka (3411); waiting for the merchant window.
[11:51:33.292] [D] [Interact] Interacting with object at 0x2ED5F468
[11:51:33.319] [D] [Interact] Done interacting with object at 0x2ED5F468
[11:51:35.343] [D] Selling items
[11:51:35.343] [D] Activity: Selling Items
[11:51:37.851] [D] Cleared POI - Reason POI is not Mail
[11:51:37.851] [D] Cleared POI
[11:51:38.911] [N] Loading 1_32_34
[11:51:38.911] [N] Loading 1_31_34
[11:51:38.911] [N] Loading 1_33_34
[11:51:38.911] [N] Loading 1_32_35
[11:51:38.911] [N] Loading 1_33_35
[11:51:38.911] [N] Loading 1_31_35
[11:51:38.911] [N] Loading 1_34_34
[11:51:38.911] [N] Loading 1_34_35
[11:51:38.911] [N] Loading 1_29_31
[11:51:38.911] [N] Loading 1_29_30
[11:51:38.911] [N] Loading 1_32_36
[11:51:38.911] [N] Loading 1_33_36
[11:51:38.911] [N] Loading 1_29_32
[11:51:38.911] [N] Loading 1_30_34
[11:51:38.911] [N] Loading 1_30_35
[11:51:38.911] [N] Loading 1_31_36
[11:51:38.911] [N] Loading 1_34_36
[11:51:38.911] [N] Loading 1_35_34
[11:51:38.911] [N] Loading 1_35_35
[11:51:38.911] [N] Loading 1_29_29
[11:51:38.911] [N] Loading 1_29_33
[11:51:38.911] [N] Loading 1_30_36
[11:51:38.911] [N] Loading 1_28_31
[11:51:38.911] [N] Loading 1_28_32
[11:51:38.911] [N] Loading 1_35_36
[11:51:38.911] [N] Loading 1_29_34
[11:51:38.911] [N] Loading 1_32_37
[11:51:38.911] [N] Loading 1_28_30
[11:51:38.911] [N] Loading 1_33_37
[11:51:38.911] [N] Loading 1_29_35
[11:51:38.911] [N] Loading 1_34_37
[11:51:38.911] [N] Loading 1_36_35
[11:51:38.911] [N] Loading 1_31_37
[11:51:38.911] [N] Loading 1_28_33
[11:51:38.911] [N] Loading 1_36_34
[11:51:38.911] [N] Loading 1_28_29
[11:51:38.911] [N] Loading 1_36_36
[11:51:38.911] [N] Loading 1_29_36
[11:51:38.911] [N] Loading 1_35_37
[11:51:38.911] [N] Loading 1_30_37
[11:51:38.911] [N] Loading 1_29_28
[11:51:38.911] [N] Loading 1_33_38
[11:51:38.911] [N] Loading 1_32_38
[11:51:38.911] [N] Loading 1_37_35
[11:51:38.911] [N] Loading 1_37_34
[11:51:38.911] [N] Loading 1_31_38
[11:51:38.911] [N] Loading 1_27_30
[11:51:38.911] [N] Loading 1_34_38
[11:51:38.911] [N] Loading 1_36_37
[11:51:38.911] [N] Loading 1_29_37
[11:51:38.911] [N] Loading 1_37_36
[11:51:38.911] [N] Loading 1_27_29
[11:51:38.911] [N] Loading 1_28_36
[11:51:38.911] [N] Loading 1_27_33
[11:51:38.911] [N] Loading 1_31_27
[11:51:38.911] [N] Loading 1_28_35
[11:51:38.911] [N] Loading 1_35_38
[11:51:38.911] [N] Loading 1_33_29
[11:51:38.911] [N] Loading 1_30_38
[11:51:38.911] [N] Loading 1_33_28
[11:51:38.911] [N] Loading 1_27_32
[11:51:38.911] [N] Loading 1_28_34
[11:51:38.911] [N] Loading 1_33_39
[11:51:38.911] [N] Loading 1_27_34
[11:51:38.911] [N] Loading 1_34_39
[11:51:38.911] [N] Loading 1_32_39
[11:51:38.911] [N] Loading 1_32_27
[11:51:38.911] [N] Loading 1_28_37
[11:51:38.911] [N] Loading 1_37_37
[11:51:38.911] [N] Loading 1_34_29
[11:51:38.911] [N] Loading 1_38_35
[11:51:38.911] [N] Loading 1_31_39
[11:51:38.911] [N] Loading 1_29_38
[11:51:38.911] [N] Loading 1_36_38
[11:51:38.911] [N] Loading 1_38_36
[11:51:38.911] [N] Loading 1_33_27
[11:51:38.911] [N] Loading 1_34_28
[11:51:38.911] [N] Loading 1_38_34
[11:51:38.911] [N] Loading 1_26_29
[11:51:38.911] [N] Loading 1_27_36
[11:51:38.911] [N] Loading 1_27_31
[11:51:38.911] [N] Loading 1_27_35
[11:51:38.911] [N] Loading 1_27_28
[11:51:38.911] [N] Loading 1_30_39
[11:51:38.911] [N] Loading 1_36_30
[11:51:38.911] [N] Loading 1_26_33
[11:51:38.911] [N] Loading 1_28_28
[11:51:38.911] [N] Loading 1_26_32
[11:51:38.911] [N] Loading 1_35_39
[11:51:38.911] [N] Loading 1_35_29
[11:51:38.911] [N] Loading 1_34_27
[11:51:38.911] [N] Loading 1_26_30
[11:51:38.911] [N] Loading 1_35_28
[11:51:38.911] [N] Loading 1_26_28
[11:51:38.911] [N] Loading 1_27_37
[11:51:38.911] [N] Loading 1_39_35
[11:51:38.911] [N] Loading 1_28_38
[11:51:38.911] [N] Loading 1_38_37
[11:51:38.911] [N] Loading 1_26_34
[11:51:38.911] [N] Loading 1_39_36
[11:51:38.911] [N] Loading 1_31_40
[11:51:38.911] [N] Loading 1_29_39
[11:51:38.911] [N] Loading 1_32_26
[11:51:38.911] [N] Loading 1_33_26
[11:51:38.911] [N] Loading 1_36_39
[11:51:38.911] [N] Loading 1_38_31
[11:51:38.911] [N] Loading 1_32_40
[11:51:38.911] [N] Loading 1_26_31
[11:51:38.911] [N] Loading 1_39_34
[11:51:38.911] [N] Loading 1_38_32
[11:51:38.911] [N] Loading 1_30_40
[11:51:38.911] [N] Loading 1_35_27
[11:51:38.911] [N] Loading 1_26_35
[11:51:38.911] [N] Loading 1_34_40
[11:51:38.911] [N] Loading 1_33_40
[11:51:38.911] [N] Loading 1_36_29
[11:51:38.911] [N] Loading 1_35_40
[11:51:38.911] [N] Loading 1_39_37
[11:51:38.911] [N] Loading 1_36_28
[11:51:38.911] [N] Loading 1_26_36
[11:51:38.911] [N] Loading 1_27_38
[11:51:38.911] [N] Loading 1_34_26
[11:51:38.911] [N] Loading 1_40_35
[11:51:38.911] [N] Loading 1_37_38
[11:51:38.911] [N] Loading 1_28_39
[11:51:38.911] [N] Loading 1_25_33
[11:51:38.911] [N] Loading 1_31_26
[11:51:38.911] [N] Loading 1_26_37
[11:51:38.911] [N] Loading 1_25_32
[11:51:38.911] [N] Loading 1_31_41
[11:51:38.912] [N] Loading 1_27_27
[11:51:38.912] [N] Loading 1_40_36
[11:51:38.912] [N] Loading 1_25_31
[11:51:38.912] [N] Loading 1_35_26
[11:51:38.912] [N] Loading 1_29_40
[11:51:38.912] [N] Loading 1_38_33
[11:51:38.912] [N] Loading 1_32_41
[11:51:38.912] [N] Loading 1_30_41
[11:51:38.912] [N] Loading 1_36_27
[11:51:38.912] [N] Loading 1_37_39
[11:51:38.912] [N] Loading 1_36_40
[11:51:38.912] [N] Loading 1_25_35
[11:51:38.912] [N] Loading 1_26_38
[11:51:38.912] [N] Loading 1_38_38
[11:51:38.912] [N] Loading 1_40_34
[11:51:38.912] [N] Loading 1_33_41
[11:51:38.912] [N] Loading 1_25_34
[11:51:38.912] [N] Loading 1_36_26
[11:51:38.912] [N] Loading 1_39_38
[11:51:38.912] [N] Loading 1_40_37
[11:51:38.912] [N] Loading 1_41_35
[11:51:38.912] [N] Loading 1_33_25
[11:51:38.912] [N] Loading 1_25_30
[11:51:38.912] [N] Loading 1_32_25
[11:51:38.912] [N] Loading 1_27_39
[11:51:38.912] [N] Loading 1_30_27
[11:51:38.912] [N] Loading 1_37_40
[11:51:38.912] [N] Loading 1_28_40
[11:51:38.912] [N] Loading 1_29_41
[11:51:38.912] [N] Loading 1_41_36
[11:51:38.912] [N] Loading 1_31_42
[11:51:38.912] [N] Loading 1_24_32
[11:51:38.912] [N] Loading 1_35_41
[11:51:38.912] [N] Loading 1_32_42
[11:51:38.912] [N] Loading 1_38_39
[11:51:38.912] [N] Loading 1_34_41
[11:51:38.912] [N] Loading 1_37_27
[11:51:38.912] [N] Loading 1_24_33
[11:51:38.912] [N] Loading 1_31_25
[11:51:38.912] [N] Loading 1_30_26
[11:51:38.912] [N] Loading 1_35_25
[11:51:38.912] [N] Loading 1_24_34
[11:51:38.912] [N] Loading 1_40_38
[11:51:38.912] [N] Loading 1_25_37
[11:51:38.912] [N] Loading 1_24_35
[11:51:38.912] [N] Loading 1_24_31
[11:51:38.912] [N] Loading 1_26_39
[11:51:38.912] [N] Loading 1_25_38
[11:51:38.912] [N] Loading 1_37_28
[11:51:38.912] [N] Loading 1_34_25
[11:51:38.912] [N] Loading 1_30_42
[11:51:38.912] [N] Loading 1_24_30
[11:51:38.912] [N] Loading 1_33_42
[11:51:38.912] [N] Loading 1_28_41
[11:51:38.912] [N] Loading 1_39_39
[11:51:38.912] [N] Loading 1_36_25
[11:51:38.912] [N] Loading 1_38_40
[11:51:38.912] [N] Loading 1_36_41
[11:51:38.912] [N] Loading 1_37_29
[11:51:38.912] [N] Loading 1_41_37
[11:51:38.912] [N] Loading 1_25_29
[11:51:38.912] [N] Loading 1_29_42
[11:51:38.912] [N] Loading 1_37_26
[11:51:38.912] [N] Loading 1_25_39
[11:51:38.912] [N] Loading 1_27_40
[11:51:38.912] [N] Loading 1_38_27
[11:51:38.912] [N] Loading 1_34_42
[11:51:38.912] [N] Loading 1_38_28
[11:51:38.912] [N] Loading 1_30_25
[11:51:38.912] [N] Loading 1_41_38
[11:51:38.912] [N] Loading 1_40_39
[11:51:38.912] [N] Loading 1_24_29
[11:51:38.912] [N] Loading 1_39_40
[11:51:38.912] [N] Loading 1_26_40
[11:51:38.912] [N] Loading 1_23_32
[11:51:38.912] [N] Loading 1_23_34
[11:51:38.912] [N] Loading 1_23_31
[11:51:38.912] [N] Loading 1_23_33
[11:51:38.912] [N] Loading 1_37_41
[11:51:38.912] [N] Loading 1_29_27
[11:51:38.912] [N] Loading 1_33_24
[11:51:38.912] [N] Loading 1_38_26
[11:51:38.912] [N] Loading 1_27_41
[11:51:38.912] [N] Loading 1_41_34
[11:51:38.912] [N] Loading 1_31_43
[11:51:38.912] [N] Loading 1_29_26
[11:51:38.912] [N] Loading 1_35_42
[11:51:38.912] [N] Loading 1_32_43
[11:51:38.912] [N] Loading 1_23_30
[11:51:38.912] [N] Loading 1_28_42
[11:51:38.912] [N] Loading 1_34_24
[11:51:38.912] [N] Loading 1_35_24
[11:51:38.912] [N] Loading 1_42_35
[11:51:38.912] [N] Loading 1_25_40
[11:51:38.912] [N] Loading 1_41_39
[11:51:38.912] [N] Loading 1_33_43
[11:51:38.912] [N] Loading 1_39_28
[11:51:38.912] [N] Loading 1_39_27
[11:51:38.912] [N] Loading 1_23_29
[11:51:38.912] [N] Loading 1_25_28
[11:51:38.912] [N] Loading 1_42_34
[11:51:38.912] [N] Loading 1_30_43
[11:51:38.912] [N] Loading 1_38_41
[11:51:38.912] [N] Loading 1_39_41
[11:51:38.912] [N] Loading 1_36_24
[11:51:38.912] [N] Loading 1_40_33
[11:51:38.912] [N] Loading 1_41_33
[11:51:38.912] [N] Loading 1_34_43
[11:51:38.912] [N] Loading 1_37_25
[11:51:38.912] [N] Loading 1_36_42
[11:51:38.912] [N] Loading 1_39_33
[11:51:38.912] [N] Loading 1_42_36
[11:51:38.912] [N] Loading 1_40_40
[11:51:38.912] [N] Loading 1_22_33
[11:51:38.912] [N] Loading 1_26_41
[11:51:38.912] [N] Loading 1_24_28
[11:51:38.912] [N] Loading 1_22_31
[11:51:38.912] [N] Loading 1_29_25
[11:51:38.912] [N] Loading 1_29_43
[11:51:38.912] [N] Loading 1_39_29
[11:51:38.912] [N] Loading 1_24_39
[11:51:38.912] [N] Loading 1_39_32
[11:51:38.912] [N] Loading 1_40_32
[11:51:38.912] [N] Loading 1_22_32
[11:51:38.912] [N] Loading 1_24_40
[11:51:38.912] [N] Loading 1_22_30
[11:51:38.912] [N] Loading 1_25_41
[11:51:38.912] [N] Loading 1_27_42
[11:51:38.912] [N] Loading 1_28_27
[11:51:38.912] [N] Loading 1_40_28
[11:51:38.912] [N] Loading 1_23_28
[11:51:38.912] [N] Loading 1_35_43
[11:51:38.912] [N] Loading 1_40_27
[11:51:38.912] [N] Loading 1_40_41
[11:51:38.912] [N] Loading 1_37_24
[11:51:38.912] [N] Loading 1_37_42
[11:51:38.912] [N] Loading 1_42_37
[11:51:38.912] [N] Loading 1_39_31
[11:51:38.912] [N] Loading 1_28_43
[11:51:38.912] [N] Loading 1_40_31
[11:51:38.912] [N] Loading 1_28_26
[11:51:38.912] [N] Loading 1_38_25
[11:51:38.912] [N] Loading 1_31_44
[11:51:38.912] [N] Loading 1_21_33
[11:51:38.912] [N] Loading 1_22_29
[11:51:38.912] [N] Loading 1_24_41
[11:51:38.912] [N] Loading 1_43_36
[11:51:38.912] [N] Loading 1_26_42
[11:51:38.912] [N] Loading 1_32_44
[11:51:38.912] [N] Loading 1_25_27
[11:51:38.912] [N] Loading 1_41_32
[11:51:38.912] [N] Loading 1_21_32
[11:51:38.912] [N] Loading 1_21_31
[11:51:38.912] [N] Loading 1_39_26
[11:51:38.912] [N] Loading 1_33_44
[11:51:38.912] [N] Loading 1_38_42
[11:51:38.912] [N] Loading 1_30_44
[11:51:38.912] [N] Loading 1_21_30
[11:51:38.912] [N] Loading 1_39_42
[11:51:39.245] [N] Loading 1_24_27
[11:51:40.876] [N] Loading 1_34_44
[11:51:42.172] [N] Loading 1_32_30
[11:51:42.172] [N] Loading 1_31_30
[11:51:42.172] [N] Loading 1_30_30
[11:51:42.172] [N] Loading 1_30_29
[11:51:42.172] [N] Loading 1_31_29
[11:51:42.172] [N] Loading 1_30_28
[11:51:42.172] [N] Loading 1_31_28
[11:51:42.172] [N] Loading 1_32_28
[11:51:42.172] [N] Loading 1_32_29
[11:51:42.503] [N] Loading 1_36_33
[11:51:42.503] [N] Loading 1_37_33
[11:51:42.503] [N] Loading 1_36_32
[11:51:42.503] [N] Loading 1_37_32
[11:51:42.503] [N] Loading 1_36_31
[11:51:42.503] [N] Loading 1_37_31
[11:51:42.503] [N] Loading 1_40_26
[11:51:47.027] [N] Loading 1_39_30
[11:51:47.027] [N] Loading 1_41_28
[11:52:05.675] [N] [Wholesome Auto Quest] Bot running but not moving for 33s
[11:52:08.616] [N] Loading 1_30_31
[11:52:08.616] [N] Loading 1_30_32
[11:52:08.616] [N] Loading 1_30_33
[11:52:32.678] [D] [QuestLog] Loaded 67 completed quests from Lua fallback
[11:52:38.440] [N] Loading 1_32_34
[11:52:38.440] [N] Loading 1_31_34
[11:52:38.440] [N] Loading 1_33_34
[11:52:38.440] [N] Loading 1_32_35
[11:52:38.440] [N] Loading 1_33_35
[11:52:38.440] [N] Loading 1_31_35
[11:52:38.440] [N] Loading 1_34_34
[11:52:38.440] [N] Loading 1_29_31
[11:52:38.440] [N] Loading 1_34_35
[11:52:38.440] [N] Loading 1_29_30
[11:52:38.440] [N] Loading 1_32_36
[11:52:38.440] [N] Loading 1_33_36
[11:52:38.440] [N] Loading 1_29_32
[11:52:38.440] [N] Loading 1_30_34
[11:52:38.440] [N] Loading 1_30_35
[11:52:38.440] [N] Loading 1_31_36
[11:52:38.440] [N] Loading 1_34_36
[11:52:38.440] [N] Loading 1_35_34
[11:52:38.440] [N] Loading 1_35_35
[11:52:38.440] [N] Loading 1_29_29
[11:52:38.440] [N] Loading 1_29_33
[11:52:38.440] [N] Loading 1_30_36
[11:52:38.440] [N] Loading 1_28_31
[11:52:38.440] [N] Loading 1_28_32
[11:52:38.440] [N] Loading 1_35_36
[11:52:38.440] [N] Loading 1_29_34
[11:52:38.440] [N] Loading 1_28_30
[11:52:38.440] [N] Loading 1_32_37
[11:52:38.440] [N] Loading 1_33_37
[11:52:38.440] [N] Loading 1_29_35
[11:52:38.440] [N] Loading 1_36_35
[11:52:38.440] [N] Loading 1_34_37
[11:52:38.440] [N] Loading 1_31_37
[11:52:38.440] [N] Loading 1_28_33
[11:52:38.440] [N] Loading 1_36_34
[11:52:38.440] [N] Loading 1_28_29
[11:52:39.024] [N] Loading 1_36_36
[11:52:39.024] [N] Loading 1_29_36
[11:52:39.024] [N] Loading 1_35_37
[11:52:39.024] [N] Loading 1_29_28
[11:52:39.024] [N] Loading 1_30_37
[11:52:39.024] [N] Loading 1_33_38
[11:52:39.024] [N] Loading 1_37_35
[11:52:39.024] [N] Loading 1_32_38
[11:52:39.024] [N] Loading 1_37_34
[11:52:39.024] [N] Loading 1_27_30
[11:52:39.024] [N] Loading 1_31_38
[11:52:39.024] [N] Loading 1_34_38
[11:52:39.024] [N] Loading 1_36_37
[11:52:39.024] [N] Loading 1_37_36
[11:52:39.024] [N] Loading 1_27_29
[11:52:39.024] [N] Loading 1_29_37
[11:52:39.024] [N] Loading 1_31_27
[11:52:39.024] [N] Loading 1_35_38
[11:52:39.024] [N] Loading 1_28_36
[11:52:39.024] [N] Loading 1_33_29
[11:52:39.024] [N] Loading 1_27_33
[11:52:39.024] [N] Loading 1_28_35
[11:52:39.024] [N] Loading 1_33_28
[11:52:39.024] [N] Loading 1_30_38
[11:52:39.024] [N] Loading 1_27_32
[11:52:39.024] [N] Loading 1_28_34
[11:52:39.024] [N] Loading 1_33_39
[11:52:39.024] [N] Loading 1_32_27
[11:52:39.024] [N] Loading 1_27_34
[11:52:39.024] [N] Loading 1_34_39
[11:52:39.024] [N] Loading 1_32_39
[11:52:39.024] [N] Loading 1_34_29
[11:52:39.024] [N] Loading 1_38_35
[11:52:39.024] [N] Loading 1_37_37
[11:52:39.024] [N] Loading 1_28_37
[11:52:39.024] [N] Loading 1_31_39
[11:52:39.024] [N] Loading 1_33_27
[11:52:39.024] [N] Loading 1_34_28
[11:52:39.024] [N] Loading 1_38_36
[11:52:39.024] [N] Loading 1_29_38
[11:52:39.024] [N] Loading 1_36_38
[11:52:39.025] [N] Loading 1_38_34
[11:52:39.025] [N] Loading 1_26_29
[11:52:39.025] [N] Loading 1_27_28
[11:52:39.025] [N] Loading 1_27_31
[11:52:39.025] [N] Loading 1_27_36
[11:52:39.025] [N] Loading 1_27_35
[11:52:39.025] [N] Loading 1_30_39
[11:52:39.025] [N] Loading 1_36_30
[11:52:39.025] [N] Loading 1_28_28
[11:52:39.025] [N] Loading 1_35_29
[11:52:39.025] [N] Loading 1_34_27
[11:52:39.025] [N] Loading 1_26_33
[11:52:39.025] [N] Loading 1_35_39
[11:52:39.025] [N] Loading 1_35_28
[11:52:39.025] [N] Loading 1_26_32
[11:52:39.025] [N] Loading 1_26_30
[11:52:39.025] [N] Loading 1_26_28
[11:52:39.025] [N] Loading 1_39_35
[11:52:39.025] [N] Loading 1_38_37
[11:52:39.025] [N] Loading 1_27_37
[11:52:39.025] [N] Loading 1_28_38
[11:52:39.025] [N] Loading 1_39_36
[11:52:39.025] [N] Loading 1_26_34
[11:52:39.025] [N] Loading 1_32_26
[11:52:39.025] [N] Loading 1_33_26
[11:52:39.025] [N] Loading 1_31_40
[11:52:39.025] [N] Loading 1_29_39
[11:52:39.025] [N] Loading 1_38_31
[11:52:39.025] [N] Loading 1_36_39
[11:52:39.025] [N] Loading 1_26_31
[11:52:39.025] [N] Loading 1_32_40
[11:52:39.025] [N] Loading 1_39_34
[11:52:39.025] [N] Loading 1_38_32
[11:52:39.025] [N] Loading 1_35_27
[11:52:39.025] [N] Loading 1_30_40
[11:52:39.025] [N] Loading 1_26_35
[11:52:39.025] [N] Loading 1_34_40
[11:52:39.025] [N] Loading 1_36_29
[11:52:39.025] [N] Loading 1_33_40
[11:52:39.025] [N] Loading 1_36_28
[11:52:39.025] [N] Loading 1_39_37
[11:52:39.025] [N] Loading 1_35_40
[11:52:39.025] [N] Loading 1_34_26
[11:52:39.025] [N] Loading 1_26_36
[11:52:39.025] [N] Loading 1_40_35
[11:52:39.025] [N] Loading 1_27_38
[11:52:39.025] [N] Loading 1_37_38
[11:52:39.025] [N] Loading 1_31_26
[11:52:39.025] [N] Loading 1_28_39
[11:52:39.025] [N] Loading 1_25_33
[11:52:39.025] [N] Loading 1_26_37
[11:52:39.025] [N] Loading 1_25_32
[11:52:39.025] [N] Loading 1_27_27
[11:52:39.025] [N] Loading 1_40_36
[11:52:39.025] [N] Loading 1_35_26
[11:52:39.025] [N] Loading 1_31_41
[11:52:39.025] [N] Loading 1_25_31
[11:52:39.025] [N] Loading 1_38_33
[11:52:39.025] [N] Loading 1_29_40
[11:52:39.025] [N] Loading 1_36_27
[11:52:39.025] [N] Loading 1_32_41
[11:52:39.025] [N] Loading 1_37_39
[11:52:39.025] [N] Loading 1_30_41
[11:52:39.645] [N] Loading 1_36_40
[11:52:39.645] [N] Loading 1_25_35
[11:52:39.645] [N] Loading 1_26_38
[11:52:39.645] [N] Loading 1_38_38
[11:52:39.645] [N] Loading 1_40_34
[11:52:39.645] [N] Loading 1_36_26
[11:52:39.645] [N] Loading 1_33_41
[11:52:39.645] [N] Loading 1_25_34
[11:52:39.645] [N] Loading 1_39_38
[11:52:39.645] [N] Loading 1_40_37
[11:52:39.645] [N] Loading 1_33_25
[11:52:39.645] [N] Loading 1_41_35
[11:52:39.645] [N] Loading 1_32_25
[11:52:39.645] [N] Loading 1_25_30
[11:52:39.645] [N] Loading 1_30_27
[11:52:39.645] [N] Loading 1_27_39
[11:52:39.645] [N] Loading 1_37_40
[11:52:39.645] [N] Loading 1_41_36
[11:52:39.645] [N] Loading 1_28_40
[11:52:39.645] [N] Loading 1_29_41
[11:52:39.645] [N] Loading 1_31_42
[11:52:39.645] [N] Loading 1_37_27
[11:52:39.645] [N] Loading 1_35_41
[11:52:39.645] [N] Loading 1_24_32
[11:52:39.645] [N] Loading 1_38_39
[11:52:39.645] [N] Loading 1_32_42
[11:52:39.645] [N] Loading 1_34_41
[11:52:39.645] [N] Loading 1_31_25
[11:52:39.645] [N] Loading 1_30_26
[11:52:39.645] [N] Loading 1_24_33
[11:52:39.645] [N] Loading 1_35_25
[11:52:39.645] [N] Loading 1_40_38
[11:52:39.645] [N] Loading 1_24_34
[11:52:39.645] [N] Loading 1_37_28
[11:52:39.645] [N] Loading 1_25_37
[11:52:39.645] [N] Loading 1_24_35
[11:52:39.645] [N] Loading 1_24_31
[11:52:39.645] [N] Loading 1_34_25
[11:52:39.645] [N] Loading 1_26_39
[11:52:39.645] [N] Loading 1_25_38
[11:52:39.645] [N] Loading 1_30_42
[11:52:39.645] [N] Loading 1_24_30
[11:52:39.645] [N] Loading 1_33_42
[11:52:39.645] [N] Loading 1_39_39
[11:52:39.645] [N] Loading 1_28_41
[11:52:39.645] [N] Loading 1_36_25
[11:52:39.645] [N] Loading 1_37_29
[11:52:39.645] [N] Loading 1_38_40
[11:52:39.645] [N] Loading 1_36_41
[11:52:39.645] [N] Loading 1_41_37
[11:52:39.645] [N] Loading 1_37_26
[11:52:39.645] [N] Loading 1_25_29
[11:52:39.645] [N] Loading 1_29_42
[11:52:39.645] [N] Loading 1_38_27
[11:52:39.645] [N] Loading 1_38_28
[11:52:39.645] [N] Loading 1_25_39
[11:52:39.645] [N] Loading 1_30_25
[11:52:39.645] [N] Loading 1_27_40
[11:52:39.645] [N] Loading 1_34_42
[11:52:39.645] [N] Loading 1_41_38
[11:52:39.645] [N] Loading 1_40_39
[11:52:39.645] [N] Loading 1_24_29
[11:52:39.645] [N] Loading 1_39_40
[11:52:39.645] [N] Loading 1_33_24
[11:52:39.645] [N] Loading 1_26_40
[11:52:39.645] [N] Loading 1_23_32
[11:52:39.645] [N] Loading 1_29_27
[11:52:39.645] [N] Loading 1_23_34
[11:52:39.645] [N] Loading 1_23_31
[11:52:39.645] [N] Loading 1_37_41
[11:52:39.645] [N] Loading 1_23_33
[11:52:39.645] [N] Loading 1_38_26
[11:52:39.645] [N] Loading 1_27_41
[11:52:39.645] [N] Loading 1_41_34
[11:52:39.645] [N] Loading 1_29_26
[11:52:39.645] [N] Loading 1_31_43
[11:52:39.645] [N] Loading 1_34_24
[11:52:39.645] [N] Loading 1_35_24
[11:52:39.645] [N] Loading 1_35_42
[11:52:39.645] [N] Loading 1_23_30
[11:52:39.645] [N] Loading 1_32_43
[11:52:39.645] [N] Loading 1_28_42
[11:52:39.645] [N] Loading 1_42_35
[11:52:39.645] [N] Loading 1_41_39
[11:52:39.645] [N] Loading 1_39_28
[11:52:39.645] [N] Loading 1_39_27
[11:52:39.645] [N] Loading 1_25_40
[11:52:39.645] [N] Loading 1_42_34
[11:52:39.645] [N] Loading 1_33_43
[11:52:39.645] [N] Loading 1_25_28
[11:52:39.645] [N] Loading 1_23_29
[11:52:39.645] [N] Loading 1_38_41
[11:52:39.645] [N] Loading 1_30_43
[11:52:39.645] [N] Loading 1_36_24
[11:52:39.645] [N] Loading 1_40_33
[11:52:39.645] [N] Loading 1_39_41
[11:52:39.645] [N] Loading 1_41_33
[11:52:39.645] [N] Loading 1_37_25
[11:52:39.645] [N] Loading 1_34_43
[11:52:39.645] [N] Loading 1_39_33
[11:52:39.645] [N] Loading 1_36_42
[11:52:39.645] [N] Loading 1_42_36
[11:52:39.645] [N] Loading 1_40_40
[11:52:39.645] [N] Loading 1_22_33
[11:52:39.645] [N] Loading 1_29_25
[11:52:39.645] [N] Loading 1_26_41
[11:52:39.645] [N] Loading 1_24_28
[11:52:39.645] [N] Loading 1_22_31
[11:52:39.645] [N] Loading 1_29_43
[11:52:39.645] [N] Loading 1_39_29
[11:52:39.645] [N] Loading 1_39_32
[11:52:39.645] [N] Loading 1_40_32
[11:52:39.645] [N] Loading 1_24_39
[11:52:39.646] [N] Loading 1_22_32
[11:52:39.646] [N] Loading 1_24_40
[11:52:39.646] [N] Loading 1_22_30
[11:52:39.646] [N] Loading 1_25_41
[11:52:39.646] [N] Loading 1_28_27
[11:52:39.646] [N] Loading 1_40_28
[11:52:39.646] [N] Loading 1_27_42
[11:52:39.646] [N] Loading 1_40_27
[11:52:39.646] [N] Loading 1_23_28
[11:52:39.646] [N] Loading 1_35_43
[11:52:39.646] [N] Loading 1_37_24
[11:52:39.646] [N] Loading 1_40_41
[11:52:39.646] [N] Loading 1_37_42
[11:52:39.646] [N] Loading 1_39_31
[11:52:39.646] [N] Loading 1_42_37
[11:52:39.646] [N] Loading 1_40_31
[11:52:39.646] [N] Loading 1_28_26
[11:52:39.646] [N] Loading 1_28_43
[11:52:39.646] [N] Loading 1_38_25
[11:52:39.646] [N] Loading 1_43_36
[11:52:39.646] [N] Loading 1_21_33
[11:52:39.646] [N] Loading 1_22_29
[11:52:39.646] [N] Loading 1_31_44
[11:52:39.646] [N] Loading 1_24_41
[11:52:39.646] [N] Loading 1_41_32
[11:52:39.646] [N] Loading 1_32_44
[11:52:39.646] [N] Loading 1_26_42
[11:52:39.646] [N] Loading 1_25_27
[11:52:39.646] [N] Loading 1_39_26
[11:52:39.646] [N] Loading 1_21_32
[11:52:39.646] [N] Loading 1_21_31
[11:52:39.646] [N] Loading 1_38_42
[11:52:39.646] [N] Loading 1_33_44
[11:52:39.646] [N] Loading 1_30_44
[11:52:39.646] [N] Loading 1_21_30
[11:52:39.646] [N] Loading 1_39_42
[11:52:43.046] [N] Loading 1_32_30
[11:52:43.046] [N] Loading 1_31_30
[11:52:43.046] [N] Loading 1_30_30
[11:52:43.046] [N] Loading 1_30_29
[11:52:43.046] [N] Loading 1_31_29
[11:52:43.046] [N] Loading 1_30_28
[11:52:43.046] [N] Loading 1_31_28
[11:52:43.046] [N] Loading 1_32_28
[11:52:43.046] [N] Loading 1_32_29
[11:52:43.359] [N] Loading 1_24_27
[11:52:44.897] [N] Loading 1_34_44
[11:52:46.439] [N] Loading 1_40_26
[11:52:50.762] [N] Loading 1_39_30
[11:52:50.762] [N] Loading 1_41_28
[11:53:09.162] [N] Loading 1_30_31
[11:53:09.162] [N] Loading 1_30_32
[11:53:09.162] [N] Loading 1_30_33
[11:53:35.182] [D] [QuestLog] Loaded 67 completed quests from Lua fallback
[11:53:38.541] [N] Loading 1_32_34
[11:53:38.541] [N] Loading 1_31_34
[11:53:38.541] [N] Loading 1_33_34
[11:53:38.541] [N] Loading 1_32_35
[11:53:38.541] [N] Loading 1_33_35
[11:53:38.541] [N] Loading 1_31_35
[11:53:38.541] [N] Loading 1_34_34
[11:53:38.541] [N] Loading 1_34_35
[11:53:38.541] [N] Loading 1_29_31
[11:53:38.541] [N] Loading 1_33_36
[11:53:38.541] [N] Loading 1_32_36
[11:53:38.541] [N] Loading 1_29_30
[11:53:38.541] [N] Loading 1_30_34
[11:53:38.541] [N] Loading 1_29_32
[11:53:38.541] [N] Loading 1_30_35
[11:53:38.541] [N] Loading 1_34_36
[11:53:38.541] [N] Loading 1_31_36
[11:53:38.541] [N] Loading 1_35_34
[11:53:38.541] [N] Loading 1_35_35
[11:53:38.541] [N] Loading 1_29_29
[11:53:38.541] [N] Loading 1_29_33
[11:53:38.541] [N] Loading 1_30_36
[11:53:38.541] [N] Loading 1_35_36
[11:53:38.541] [N] Loading 1_28_31
[11:53:38.541] [N] Loading 1_28_32
[11:53:38.541] [N] Loading 1_32_37
[11:53:38.541] [N] Loading 1_29_34
[11:53:38.541] [N] Loading 1_33_37
[11:53:38.541] [N] Loading 1_28_30
[11:53:38.541] [N] Loading 1_36_35
[11:53:38.541] [N] Loading 1_34_37
[11:53:38.541] [N] Loading 1_29_35
[11:53:38.541] [N] Loading 1_31_37
[11:53:38.541] [N] Loading 1_36_34
[11:53:38.541] [N] Loading 1_28_33
[11:53:38.541] [N] Loading 1_28_29
[11:53:38.886] [N] Loading 1_36_36
[11:53:38.886] [N] Loading 1_35_37
[11:53:38.886] [N] Loading 1_29_36
[11:53:38.886] [N] Loading 1_30_37
[11:53:38.886] [N] Loading 1_29_28
[11:53:38.886] [N] Loading 1_33_38
[11:53:38.886] [N] Loading 1_37_35
[11:53:38.886] [N] Loading 1_32_38
[11:53:38.886] [N] Loading 1_37_34
[11:53:38.886] [N] Loading 1_31_38
[11:53:38.886] [N] Loading 1_34_38
[11:53:38.886] [N] Loading 1_36_37
[11:53:38.886] [N] Loading 1_27_30
[11:53:38.886] [N] Loading 1_37_36
[11:53:38.886] [N] Loading 1_29_37
[11:53:38.886] [N] Loading 1_27_29
[11:53:38.886] [N] Loading 1_35_38
[11:53:38.886] [N] Loading 1_31_27
[11:53:39.448] [N] Loading 1_28_36
[11:53:39.448] [N] Loading 1_28_35
[11:53:39.448] [N] Loading 1_27_33
[11:53:39.448] [N] Loading 1_30_38
[11:53:39.448] [N] Loading 1_33_29
[11:53:39.448] [N] Loading 1_33_28
[11:53:39.448] [N] Loading 1_27_32
[11:53:39.448] [N] Loading 1_28_34
[11:53:39.448] [N] Loading 1_33_39
[11:53:39.448] [N] Loading 1_34_39
[11:53:39.448] [N] Loading 1_32_39
[11:53:39.448] [N] Loading 1_38_35
[11:53:39.448] [N] Loading 1_37_37
[11:53:39.448] [N] Loading 1_27_34
[11:53:39.448] [N] Loading 1_28_37
[11:53:39.448] [N] Loading 1_31_39
[11:53:39.448] [N] Loading 1_32_27
[11:53:39.448] [N] Loading 1_36_38
[11:53:39.448] [N] Loading 1_38_36
[11:53:39.448] [N] Loading 1_29_38
[11:53:39.448] [N] Loading 1_34_29
[11:53:39.448] [N] Loading 1_33_27
[11:53:39.448] [N] Loading 1_34_28
[11:53:39.448] [N] Loading 1_38_34
[11:53:39.448] [N] Loading 1_30_39
[11:53:39.448] [N] Loading 1_27_36
[11:53:39.448] [N] Loading 1_27_35
[11:53:39.448] [N] Loading 1_27_31
[11:53:39.448] [N] Loading 1_26_29
[11:53:39.448] [N] Loading 1_27_28
[11:53:39.448] [N] Loading 1_36_30
[11:53:39.448] [N] Loading 1_35_39
[11:53:39.448] [N] Loading 1_26_33
[11:53:39.448] [N] Loading 1_28_28
[11:53:39.448] [N] Loading 1_26_32
[11:53:39.448] [N] Loading 1_35_29
[11:53:39.448] [N] Loading 1_39_35
[11:53:39.448] [N] Loading 1_34_27
[11:53:39.448] [N] Loading 1_38_37
[11:53:39.448] [N] Loading 1_26_30
[11:53:39.448] [N] Loading 1_35_28
[11:53:39.448] [N] Loading 1_27_37
[11:53:39.448] [N] Loading 1_28_38
[11:53:39.448] [N] Loading 1_26_28
[11:53:39.448] [N] Loading 1_39_36
[11:53:39.448] [N] Loading 1_26_34
[11:53:39.448] [N] Loading 1_31_40
[11:53:39.448] [N] Loading 1_36_39
[11:53:39.448] [N] Loading 1_29_39
[11:53:39.448] [N] Loading 1_38_31
[11:53:39.448] [N] Loading 1_32_40
[11:53:39.448] [N] Loading 1_32_26
[11:53:39.448] [N] Loading 1_33_26
[11:53:39.448] [N] Loading 1_39_34
[11:53:39.448] [N] Loading 1_26_31
[11:53:39.448] [N] Loading 1_38_32
[11:53:39.448] [N] Loading 1_30_40
[11:53:39.448] [N] Loading 1_34_40
[11:53:39.448] [N] Loading 1_26_35
[11:53:39.448] [N] Loading 1_35_27
[11:53:39.448] [N] Loading 1_33_40
[11:53:39.448] [N] Loading 1_36_29
[11:53:39.448] [N] Loading 1_35_40
[11:53:39.448] [N] Loading 1_39_37
[11:53:39.448] [N] Loading 1_36_28
[11:53:39.448] [N] Loading 1_40_35
[11:53:39.448] [N] Loading 1_37_38
[11:53:39.448] [N] Loading 1_26_36
[11:53:39.448] [N] Loading 1_27_38
[11:53:39.448] [N] Loading 1_28_39
[11:53:39.448] [N] Loading 1_34_26
[11:53:39.448] [N] Loading 1_25_33
[11:53:39.448] [N] Loading 1_40_36
[11:53:39.448] [N] Loading 1_31_41
[11:53:39.448] [N] Loading 1_26_37
[11:53:39.448] [N] Loading 1_31_26
[11:53:39.448] [N] Loading 1_25_32
[11:53:39.448] [N] Loading 1_38_33
[11:53:39.448] [N] Loading 1_27_27
[11:53:39.448] [N] Loading 1_29_40
[11:53:39.448] [N] Loading 1_25_31
[11:53:39.448] [N] Loading 1_35_26
[11:53:39.448] [N] Loading 1_37_39
[11:53:39.448] [N] Loading 1_32_41
[11:53:39.448] [N] Loading 1_30_41
[11:53:39.448] [N] Loading 1_36_27
[11:53:39.932] [N] Loading 1_36_40
[11:53:39.932] [N] Loading 1_25_35
[11:53:39.932] [N] Loading 1_26_38
[11:53:39.932] [N] Loading 1_38_38
[11:53:39.932] [N] Loading 1_40_34
[11:53:39.932] [N] Loading 1_36_26
[11:53:39.932] [N] Loading 1_25_34
[11:53:39.932] [N] Loading 1_33_41
[11:53:39.932] [N] Loading 1_39_38
[11:53:39.932] [N] Loading 1_33_25
[11:53:39.932] [N] Loading 1_40_37
[11:53:39.932] [N] Loading 1_41_35
[11:53:39.932] [N] Loading 1_32_25
[11:53:39.932] [N] Loading 1_25_30
[11:53:39.932] [N] Loading 1_30_27
[11:53:39.932] [N] Loading 1_27_39
[11:53:39.932] [N] Loading 1_37_40
[11:53:39.932] [N] Loading 1_41_36
[11:53:39.932] [N] Loading 1_28_40
[11:53:39.932] [N] Loading 1_37_27
[11:53:39.932] [N] Loading 1_29_41
[11:53:39.932] [N] Loading 1_31_42
[11:53:39.932] [N] Loading 1_24_32
[11:53:39.932] [N] Loading 1_35_41
[11:53:39.932] [N] Loading 1_31_25
[11:53:39.932] [N] Loading 1_38_39
[11:53:39.932] [N] Loading 1_32_42
[11:53:39.932] [N] Loading 1_30_26
[11:53:39.932] [N] Loading 1_34_41
[11:53:39.932] [N] Loading 1_24_33
[11:53:39.932] [N] Loading 1_35_25
[11:53:39.932] [N] Loading 1_24_34
[11:53:39.932] [N] Loading 1_40_38
[11:53:39.932] [N] Loading 1_37_28
[11:53:39.932] [N] Loading 1_34_25
[11:53:39.932] [N] Loading 1_24_31
[11:53:39.932] [N] Loading 1_25_37
[11:53:39.932] [N] Loading 1_24_35
[11:53:39.932] [N] Loading 1_26_39
[11:53:39.932] [N] Loading 1_25_38
[11:53:39.932] [N] Loading 1_30_42
[11:53:39.932] [N] Loading 1_24_30
[11:53:39.932] [N] Loading 1_33_42
[11:53:39.932] [N] Loading 1_36_25
[11:53:39.932] [N] Loading 1_28_41
[11:53:39.932] [N] Loading 1_39_39
[11:53:39.932] [N] Loading 1_37_29
[11:53:39.932] [N] Loading 1_38_40
[11:53:39.932] [N] Loading 1_36_41
[11:53:39.932] [N] Loading 1_41_37
[11:53:39.932] [N] Loading 1_37_26
[11:53:39.932] [N] Loading 1_25_29
[11:53:39.932] [N] Loading 1_29_42
[11:53:39.932] [N] Loading 1_38_27
[11:53:39.932] [N] Loading 1_38_28
[11:53:39.932] [N] Loading 1_30_25
[11:53:39.932] [N] Loading 1_25_39
[11:53:39.932] [N] Loading 1_27_40
[11:53:39.932] [N] Loading 1_34_42
[11:53:39.932] [N] Loading 1_41_38
[11:53:39.932] [N] Loading 1_40_39
[11:53:39.932] [N] Loading 1_24_29
[11:53:39.932] [N] Loading 1_33_24
[11:53:39.932] [N] Loading 1_39_40
[11:53:39.932] [N] Loading 1_29_27
[11:53:39.932] [N] Loading 1_23_32
[11:53:39.932] [N] Loading 1_26_40
[11:53:39.932] [N] Loading 1_23_34
[11:53:39.932] [N] Loading 1_23_31
[11:53:39.932] [N] Loading 1_23_33
[11:53:39.932] [N] Loading 1_37_41
[11:53:39.932] [N] Loading 1_38_26
[11:53:40.383] [N] Loading 1_27_41
[11:53:40.383] [N] Loading 1_41_34
[11:53:40.383] [N] Loading 1_29_26
[11:53:40.383] [N] Loading 1_31_43
[11:53:40.383] [N] Loading 1_34_24
[11:53:40.383] [N] Loading 1_35_24
[11:53:40.383] [N] Loading 1_23_30
[11:53:40.383] [N] Loading 1_35_42
[11:53:40.383] [N] Loading 1_32_43
[11:53:40.383] [N] Loading 1_28_42
[11:53:40.383] [N] Loading 1_42_35
[11:53:40.383] [N] Loading 1_41_39
[11:53:40.383] [N] Loading 1_39_28
[11:53:40.383] [N] Loading 1_39_27
[11:53:40.383] [N] Loading 1_25_40
[11:53:40.383] [N] Loading 1_42_34
[11:53:40.383] [N] Loading 1_33_43
[11:53:40.383] [N] Loading 1_25_28
[11:53:40.383] [N] Loading 1_23_29
[11:53:40.383] [N] Loading 1_38_41
[11:53:40.384] [N] Loading 1_30_43
[11:53:40.384] [N] Loading 1_36_24
[11:53:40.384] [N] Loading 1_40_33
[11:53:40.384] [N] Loading 1_39_41
[11:53:40.384] [N] Loading 1_41_33
[11:53:40.384] [N] Loading 1_37_25
[11:53:40.384] [N] Loading 1_34_43
[11:53:40.384] [N] Loading 1_39_33
[11:53:40.384] [N] Loading 1_36_42
[11:53:40.384] [N] Loading 1_42_36
[11:53:40.384] [N] Loading 1_40_40
[11:53:40.384] [N] Loading 1_29_25
[11:53:40.384] [N] Loading 1_22_33
[11:53:40.384] [N] Loading 1_24_28
[11:53:40.384] [N] Loading 1_26_41
[11:53:40.384] [N] Loading 1_22_31
[11:53:40.384] [N] Loading 1_29_43
[11:53:40.384] [N] Loading 1_39_29
[11:53:40.384] [N] Loading 1_39_32
[11:53:40.384] [N] Loading 1_40_32
[11:53:40.384] [N] Loading 1_24_39
[11:53:40.384] [N] Loading 1_22_32
[11:53:40.384] [N] Loading 1_24_40
[11:53:40.384] [N] Loading 1_22_30
[11:53:40.384] [N] Loading 1_25_41
[11:53:40.384] [N] Loading 1_28_27
[11:53:40.384] [N] Loading 1_27_42
[11:53:40.384] [N] Loading 1_40_28
[11:53:40.384] [N] Loading 1_40_27
[11:53:40.384] [N] Loading 1_23_28
[11:53:40.384] [N] Loading 1_37_24
[11:53:40.384] [N] Loading 1_35_43
[11:53:40.384] [N] Loading 1_40_41
[11:53:40.384] [N] Loading 1_37_42
[11:53:40.384] [N] Loading 1_39_31
[11:53:40.384] [N] Loading 1_42_37
[11:53:40.384] [N] Loading 1_40_31
[11:53:40.384] [N] Loading 1_28_26
[11:53:40.384] [N] Loading 1_28_43
[11:53:40.384] [N] Loading 1_38_25
[11:53:40.384] [N] Loading 1_21_33
[11:53:40.384] [N] Loading 1_22_29
[11:53:40.384] [N] Loading 1_43_36
[11:53:40.384] [N] Loading 1_31_44
[11:53:40.384] [N] Loading 1_24_41
[11:53:40.384] [N] Loading 1_41_32
[11:53:40.384] [N] Loading 1_25_27
[11:53:40.384] [N] Loading 1_26_42
[11:53:40.384] [N] Loading 1_32_44
[11:53:40.384] [N] Loading 1_39_26
[11:53:40.384] [N] Loading 1_21_32
[11:53:40.384] [N] Loading 1_21_31
[11:53:40.384] [N] Loading 1_38_42
[11:53:40.384] [N] Loading 1_33_44
[11:53:40.384] [N] Loading 1_30_44
[11:53:40.384] [N] Loading 1_21_30
[11:53:40.384] [N] Loading 1_39_42
[11:53:43.188] [N] Loading 1_32_30
[11:53:43.188] [N] Loading 1_31_30
[11:53:43.188] [N] Loading 1_30_30
[11:53:43.188] [N] Loading 1_30_29
[11:53:43.188] [N] Loading 1_31_29
[11:53:43.188] [N] Loading 1_30_28
[11:53:43.188] [N] Loading 1_31_28
[11:53:43.188] [N] Loading 1_32_28
[11:53:43.188] [N] Loading 1_32_29
[11:53:45.905] [N] Loading 1_24_27
[11:53:47.443] [N] Loading 1_34_44
[11:53:48.991] [N] Loading 1_40_26
[11:53:53.304] [N] Loading 1_39_30
[11:53:53.304] [N] Loading 1_41_28
[11:54:09.396] [N] Loading 1_30_31
[11:54:09.396] [N] Loading 1_30_32
[11:54:09.396] [N] Loading 1_30_33
[11:54:38.000] [D] [QuestLog] Loaded 67 completed quests from Lua fallback
[11:54:38.837] [N] Loading 1_32_34
[11:54:38.837] [N] Loading 1_31_34
[11:54:38.837] [N] Loading 1_33_34
[11:54:38.837] [N] Loading 1_32_35
[11:54:38.837] [N] Loading 1_33_35
[11:54:38.837] [N] Loading 1_31_35
[11:54:38.837] [N] Loading 1_34_34
[11:54:38.837] [N] Loading 1_34_35
[11:54:38.837] [N] Loading 1_29_31
[11:54:38.837] [N] Loading 1_29_30
[11:54:38.837] [N] Loading 1_32_36
[11:54:38.837] [N] Loading 1_33_36
[11:54:38.837] [N] Loading 1_29_32
[11:54:38.837] [N] Loading 1_30_34
[11:54:38.837] [N] Loading 1_30_35
[11:54:38.837] [N] Loading 1_31_36
[11:54:38.837] [N] Loading 1_34_36
[11:54:38.837] [N] Loading 1_35_34
[11:54:38.837] [N] Loading 1_35_35
[11:54:38.837] [N] Loading 1_29_29
[11:54:38.837] [N] Loading 1_29_33
[11:54:38.837] [N] Loading 1_30_36
[11:54:38.837] [N] Loading 1_28_31
[11:54:38.837] [N] Loading 1_28_32
[11:54:38.837] [N] Loading 1_35_36
[11:54:38.837] [N] Loading 1_29_34
[11:54:38.837] [N] Loading 1_32_37
[11:54:38.837] [N] Loading 1_28_30
[11:54:38.837] [N] Loading 1_33_37
[11:54:38.837] [N] Loading 1_29_35
[11:54:38.837] [N] Loading 1_34_37
[11:54:38.837] [N] Loading 1_36_35
[11:54:38.837] [N] Loading 1_31_37
[11:54:38.837] [N] Loading 1_28_33
[11:54:38.837] [N] Loading 1_36_34
[11:54:38.837] [N] Loading 1_28_29
[11:54:39.192] [N] Loading 1_36_36
[11:54:39.192] [N] Loading 1_29_36
[11:54:39.192] [N] Loading 1_35_37
[11:54:39.192] [N] Loading 1_29_28
[11:54:39.192] [N] Loading 1_30_37
[11:54:39.192] [N] Loading 1_33_38
[11:54:39.192] [N] Loading 1_32_38
[11:54:39.192] [N] Loading 1_37_35
[11:54:39.192] [N] Loading 1_27_30
[11:54:39.192] [N] Loading 1_31_38
[11:54:39.192] [N] Loading 1_37_34
[11:54:39.192] [N] Loading 1_34_38
[11:54:39.192] [N] Loading 1_36_37
[11:54:39.192] [N] Loading 1_27_29
[11:54:39.192] [N] Loading 1_29_37
[11:54:39.192] [N] Loading 1_37_36
[11:54:39.192] [N] Loading 1_31_27
[11:54:39.192] [N] Loading 1_35_38
[11:54:39.682] [N] Loading 1_28_36
[11:54:39.682] [N] Loading 1_27_33
[11:54:39.682] [N] Loading 1_28_35
[11:54:39.682] [N] Loading 1_33_29
[11:54:39.682] [N] Loading 1_33_28
[11:54:39.682] [N] Loading 1_30_38
[11:54:39.682] [N] Loading 1_27_32
[11:54:39.682] [N] Loading 1_28_34
[11:54:39.682] [N] Loading 1_33_39
[11:54:39.682] [N] Loading 1_27_34
[11:54:39.682] [N] Loading 1_32_27
[11:54:39.682] [N] Loading 1_34_39
[11:54:39.682] [N] Loading 1_32_39
[11:54:39.682] [N] Loading 1_34_29
[11:54:39.682] [N] Loading 1_28_37
[11:54:39.682] [N] Loading 1_37_37
[11:54:39.682] [N] Loading 1_38_35
[11:54:39.682] [N] Loading 1_31_39
[11:54:39.682] [N] Loading 1_29_38
[11:54:39.682] [N] Loading 1_33_27
[11:54:39.682] [N] Loading 1_36_38
[11:54:39.682] [N] Loading 1_34_28
[11:54:39.682] [N] Loading 1_38_36
[11:54:39.682] [N] Loading 1_26_29
[11:54:39.682] [N] Loading 1_38_34
[11:54:39.682] [N] Loading 1_27_28
[11:54:39.682] [N] Loading 1_27_31
[11:54:39.682] [N] Loading 1_27_36
[11:54:39.682] [N] Loading 1_27_35
[11:54:39.682] [N] Loading 1_30_39
[11:54:39.682] [N] Loading 1_36_30
[11:54:39.682] [N] Loading 1_28_28
[11:54:39.682] [N] Loading 1_26_33
[11:54:39.682] [N] Loading 1_35_29
[11:54:39.682] [N] Loading 1_34_27
[11:54:39.682] [N] Loading 1_26_32
[11:54:39.682] [N] Loading 1_35_39
[11:54:39.682] [N] Loading 1_26_30
[11:54:39.682] [N] Loading 1_35_28
[11:54:39.682] [N] Loading 1_26_28
[11:54:39.682] [N] Loading 1_27_37
[11:54:39.682] [N] Loading 1_39_35
[11:54:39.682] [N] Loading 1_28_38
[11:54:39.682] [N] Loading 1_38_37
[11:54:39.682] [N] Loading 1_26_34
[11:54:39.682] [N] Loading 1_39_36
[11:54:39.683] [N] Loading 1_31_40
[11:54:39.683] [N] Loading 1_29_39
[11:54:39.683] [N] Loading 1_32_26
[11:54:39.683] [N] Loading 1_33_26
[11:54:39.683] [N] Loading 1_36_39
[11:54:39.683] [N] Loading 1_38_31
[11:54:39.683] [N] Loading 1_26_31
[11:54:39.683] [N] Loading 1_32_40
[11:54:39.683] [N] Loading 1_39_34
[11:54:39.683] [N] Loading 1_38_32
[11:54:39.683] [N] Loading 1_30_40
[11:54:39.683] [N] Loading 1_35_27
[11:54:39.683] [N] Loading 1_26_35
[11:54:39.683] [N] Loading 1_34_40
[11:54:39.683] [N] Loading 1_33_40
[11:54:39.683] [N] Loading 1_36_29
[11:54:39.683] [N] Loading 1_36_28
[11:54:39.683] [N] Loading 1_35_40
[11:54:39.683] [N] Loading 1_39_37
[11:54:39.683] [N] Loading 1_40_35
[11:54:39.683] [N] Loading 1_37_38
[11:54:40.109] [N] Loading 1_26_36
[11:54:40.110] [N] Loading 1_34_26
[11:54:40.110] [N] Loading 1_27_38
[11:54:40.110] [N] Loading 1_28_39
[11:54:40.110] [N] Loading 1_31_26
[11:54:40.110] [N] Loading 1_25_33
[11:54:40.110] [N] Loading 1_25_32
[11:54:40.110] [N] Loading 1_26_37
[11:54:40.110] [N] Loading 1_27_27
[11:54:40.110] [N] Loading 1_31_41
[11:54:40.110] [N] Loading 1_40_36
[11:54:40.110] [N] Loading 1_35_26
[11:54:40.110] [N] Loading 1_25_31
[11:54:40.110] [N] Loading 1_29_40
[11:54:40.110] [N] Loading 1_38_33
[11:54:40.110] [N] Loading 1_32_41
[11:54:40.110] [N] Loading 1_36_27
[11:54:40.110] [N] Loading 1_30_41
[11:54:40.110] [N] Loading 1_37_39
[11:54:40.110] [N] Loading 1_25_35
[11:54:40.110] [N] Loading 1_36_40
[11:54:40.110] [N] Loading 1_26_38
[11:54:40.110] [N] Loading 1_38_38
[11:54:40.110] [N] Loading 1_40_34
[11:54:40.110] [N] Loading 1_25_34
[11:54:40.110] [N] Loading 1_33_41
[11:54:40.110] [N] Loading 1_36_26
[11:54:40.110] [N] Loading 1_39_38
[11:54:40.110] [N] Loading 1_33_25
[11:54:40.110] [N] Loading 1_40_37
[11:54:40.110] [N] Loading 1_41_35
[11:54:40.110] [N] Loading 1_32_25
[11:54:40.110] [N] Loading 1_25_30
[11:54:40.110] [N] Loading 1_30_27
[11:54:40.110] [N] Loading 1_27_39
[11:54:40.110] [N] Loading 1_37_40
[11:54:40.110] [N] Loading 1_41_36
[11:54:40.555] [N] Loading 1_28_40
[11:54:40.555] [N] Loading 1_29_41
[11:54:40.555] [N] Loading 1_31_42
[11:54:40.555] [N] Loading 1_35_41
[11:54:40.555] [N] Loading 1_24_32
[11:54:40.555] [N] Loading 1_32_42
[11:54:40.555] [N] Loading 1_38_39
[11:54:40.555] [N] Loading 1_34_41
[11:54:40.555] [N] Loading 1_24_33
[11:54:40.555] [N] Loading 1_37_27
[11:54:40.555] [N] Loading 1_30_26
[11:54:40.555] [N] Loading 1_31_25
[11:54:40.555] [N] Loading 1_40_38
[11:54:40.555] [N] Loading 1_24_34
[11:54:40.555] [N] Loading 1_35_25
[11:54:40.555] [N] Loading 1_25_37
[11:54:40.555] [N] Loading 1_24_35
[11:54:40.555] [N] Loading 1_24_31
[11:54:40.555] [N] Loading 1_26_39
[11:54:40.555] [N] Loading 1_25_38
[11:54:40.555] [N] Loading 1_37_28
[11:54:40.555] [N] Loading 1_34_25
[11:54:40.555] [N] Loading 1_30_42
[11:54:40.555] [N] Loading 1_24_30
[11:54:40.555] [N] Loading 1_33_42
[11:54:40.555] [N] Loading 1_28_41
[11:54:40.555] [N] Loading 1_39_39
[11:54:40.555] [N] Loading 1_38_40
[11:54:40.555] [N] Loading 1_36_25
[11:54:40.555] [N] Loading 1_36_41
[11:54:40.555] [N] Loading 1_41_37
[11:54:40.555] [N] Loading 1_37_29
[11:54:40.555] [N] Loading 1_29_42
[11:54:40.555] [N] Loading 1_25_29
[11:54:40.555] [N] Loading 1_37_26
[11:54:40.555] [N] Loading 1_25_39
[11:54:40.555] [N] Loading 1_27_40
[11:54:40.555] [N] Loading 1_34_42
[11:54:40.555] [N] Loading 1_38_27
[11:54:40.555] [N] Loading 1_41_38
[11:54:40.555] [N] Loading 1_38_28
[11:54:40.555] [N] Loading 1_30_25
[11:54:40.555] [N] Loading 1_40_39
[11:54:40.555] [N] Loading 1_24_29
[11:54:40.555] [N] Loading 1_39_40
[11:54:40.555] [N] Loading 1_26_40
[11:54:40.555] [N] Loading 1_23_32
[11:54:40.555] [N] Loading 1_37_41
[11:54:40.555] [N] Loading 1_23_34
[11:54:40.555] [N] Loading 1_23_31
[11:54:40.555] [N] Loading 1_23_33
[11:54:40.555] [N] Loading 1_29_27
[11:54:40.555] [N] Loading 1_33_24
[11:54:40.555] [N] Loading 1_38_26
[11:54:41.010] [N] Loading 1_27_41
[11:54:41.010] [N] Loading 1_41_34
[11:54:41.010] [N] Loading 1_31_43
[11:54:41.010] [N] Loading 1_35_42
[11:54:41.010] [N] Loading 1_32_43
[11:54:41.010] [N] Loading 1_29_26
[11:54:41.010] [N] Loading 1_28_42
[11:54:41.010] [N] Loading 1_42_35
[11:54:41.010] [N] Loading 1_23_30
[11:54:41.010] [N] Loading 1_41_39
[11:54:41.010] [N] Loading 1_34_24
[11:54:41.010] [N] Loading 1_35_24
[11:54:41.010] [N] Loading 1_25_40
[11:54:41.010] [N] Loading 1_33_43
[11:54:41.010] [N] Loading 1_42_34
[11:54:41.010] [N] Loading 1_38_41
[11:54:41.010] [N] Loading 1_39_28
[11:54:41.010] [N] Loading 1_39_27
[11:54:41.010] [N] Loading 1_30_43
[11:54:41.010] [N] Loading 1_23_29
[11:54:41.010] [N] Loading 1_25_28
[11:54:41.010] [N] Loading 1_39_41
[11:54:41.010] [N] Loading 1_40_33
[11:54:41.010] [N] Loading 1_41_33
[11:54:41.010] [N] Loading 1_36_24
[11:54:41.010] [N] Loading 1_34_43
[11:54:41.010] [N] Loading 1_36_42
[11:54:41.010] [N] Loading 1_39_33
[11:54:41.010] [N] Loading 1_37_25
[11:54:41.010] [N] Loading 1_42_36
[11:54:41.010] [N] Loading 1_40_40
[11:54:41.010] [N] Loading 1_26_41
[11:54:41.010] [N] Loading 1_22_33
[11:54:41.010] [N] Loading 1_24_28
[11:54:41.010] [N] Loading 1_22_31
[11:54:41.010] [N] Loading 1_29_25
[11:54:41.010] [N] Loading 1_29_43
[11:54:41.010] [N] Loading 1_39_29
[11:54:41.010] [N] Loading 1_39_32
[11:54:41.010] [N] Loading 1_40_32
[11:54:41.010] [N] Loading 1_24_39
[11:54:41.010] [N] Loading 1_22_32
[11:54:41.010] [N] Loading 1_24_40
[11:54:41.010] [N] Loading 1_25_41
[11:54:41.010] [N] Loading 1_27_42
[11:54:41.010] [N] Loading 1_22_30
[11:54:41.010] [N] Loading 1_35_43
[11:54:41.010] [N] Loading 1_40_28
[11:54:41.010] [N] Loading 1_28_27
[11:54:41.010] [N] Loading 1_40_27
[11:54:41.010] [N] Loading 1_40_41
[11:54:41.010] [N] Loading 1_23_28
[11:54:41.010] [N] Loading 1_37_42
[11:54:41.010] [N] Loading 1_37_24
[11:54:41.010] [N] Loading 1_42_37
[11:54:41.010] [N] Loading 1_39_31
[11:54:41.010] [N] Loading 1_40_31
[11:54:41.010] [N] Loading 1_28_43
[11:54:41.010] [N] Loading 1_28_26
[11:54:41.010] [N] Loading 1_31_44
[11:54:41.010] [N] Loading 1_43_36
[11:54:41.010] [N] Loading 1_38_25
[11:54:41.010] [N] Loading 1_24_41
[11:54:41.010] [N] Loading 1_21_33
[11:54:41.010] [N] Loading 1_32_44
[11:54:41.010] [N] Loading 1_22_29
[11:54:41.010] [N] Loading 1_41_32
[11:54:41.010] [N] Loading 1_26_42
[11:54:41.010] [N] Loading 1_25_27
[11:54:41.010] [N] Loading 1_21_32
[11:54:41.010] [N] Loading 1_21_31
[11:54:41.010] [N] Loading 1_38_42
[11:54:41.010] [N] Loading 1_39_26
[11:54:41.010] [N] Loading 1_33_44
[11:54:41.010] [N] Loading 1_30_44
[11:54:41.010] [N] Loading 1_39_42
[11:54:41.010] [N] Loading 1_21_30
[11:54:43.506] [N] Loading 1_32_30
[11:54:43.506] [N] Loading 1_31_30
[11:54:43.506] [N] Loading 1_30_30
[11:54:43.506] [N] Loading 1_30_29
[11:54:43.506] [N] Loading 1_31_29
[11:54:43.506] [N] Loading 1_30_28
[11:54:43.506] [N] Loading 1_31_28
[11:54:43.506] [N] Loading 1_32_28
[11:54:43.506] [N] Loading 1_32_29
[11:54:48.684] [N] Loading 1_24_27
[11:54:50.220] [N] Loading 1_34_44
[11:54:51.762] [N] Loading 1_40_26
[11:54:56.069] [N] Loading 1_39_30
[11:54:56.069] [N] Loading 1_41_28
[11:55:09.585] [N] Loading 1_30_31
[11:55:09.585] [N] Loading 1_30_32
[11:55:09.585] [N] Loading 1_30_33
[11:55:39.144] [N] Loading 1_32_34
[11:55:39.144] [N] Loading 1_31_34
[11:55:39.144] [N] Loading 1_33_34
[11:55:39.144] [N] Loading 1_32_35
[11:55:39.144] [N] Loading 1_33_35
[11:55:39.144] [N] Loading 1_31_35
[11:55:39.144] [N] Loading 1_34_34
[11:55:39.144] [N] Loading 1_29_31
[11:55:39.144] [N] Loading 1_34_35
[11:55:39.144] [N] Loading 1_29_30
[11:55:39.144] [N] Loading 1_29_32
[11:55:39.144] [N] Loading 1_32_36
[11:55:39.144] [N] Loading 1_33_36
[11:55:39.144] [N] Loading 1_30_34
[11:55:39.144] [N] Loading 1_30_35
[11:55:39.144] [N] Loading 1_31_36
[11:55:39.144] [N] Loading 1_34_36
[11:55:39.144] [N] Loading 1_35_34
[11:55:39.144] [N] Loading 1_35_35
[11:55:39.144] [N] Loading 1_29_29
[11:55:39.144] [N] Loading 1_29_33
[11:55:39.144] [N] Loading 1_28_31
[11:55:39.144] [N] Loading 1_30_36
[11:55:39.144] [N] Loading 1_28_32
[11:55:39.144] [N] Loading 1_35_36
[11:55:39.144] [N] Loading 1_28_30
[11:55:39.144] [N] Loading 1_29_34
[11:55:39.144] [N] Loading 1_32_37
[11:55:39.144] [N] Loading 1_33_37
[11:55:39.144] [N] Loading 1_29_35
[11:55:39.144] [N] Loading 1_36_35
[11:55:39.144] [N] Loading 1_34_37
[11:55:39.144] [N] Loading 1_31_37
[11:55:39.144] [N] Loading 1_28_33
[11:55:39.144] [N] Loading 1_28_29
[11:55:39.144] [N] Loading 1_36_34
[11:55:39.494] [N] Loading 1_36_36
[11:55:39.494] [N] Loading 1_35_37
[11:55:39.494] [N] Loading 1_29_36
[11:55:39.494] [N] Loading 1_30_37
[11:55:39.494] [N] Loading 1_29_28
[11:55:39.494] [N] Loading 1_33_38
[11:55:39.494] [N] Loading 1_37_35
[11:55:39.494] [N] Loading 1_32_38
[11:55:39.494] [N] Loading 1_37_34
[11:55:39.494] [N] Loading 1_31_38
[11:55:39.494] [N] Loading 1_27_30
[11:55:39.494] [N] Loading 1_34_38
[11:55:39.494] [N] Loading 1_36_37
[11:55:39.494] [N] Loading 1_37_36
[11:55:39.494] [N] Loading 1_29_37
[11:55:39.494] [N] Loading 1_27_29
[11:55:39.494] [N] Loading 1_35_38
[11:55:39.494] [N] Loading 1_31_27
[11:55:39.986] [N] Loading 1_33_29
[11:55:39.986] [N] Loading 1_28_36
[11:55:39.986] [N] Loading 1_33_28
[11:55:39.986] [N] Loading 1_28_35
[11:55:39.986] [N] Loading 1_27_33
[11:55:39.986] [N] Loading 1_30_38
[11:55:39.986] [N] Loading 1_27_32
[11:55:39.986] [N] Loading 1_28_34
[11:55:39.986] [N] Loading 1_33_39
[11:55:39.986] [N] Loading 1_32_27
[11:55:39.986] [N] Loading 1_38_35
[11:55:39.986] [N] Loading 1_34_39
[11:55:39.986] [N] Loading 1_32_39
[11:55:39.986] [N] Loading 1_37_37
[11:55:39.986] [N] Loading 1_27_34
[11:55:39.986] [N] Loading 1_34_29
[11:55:39.986] [N] Loading 1_28_37
[11:55:39.986] [N] Loading 1_38_36
[11:55:39.986] [N] Loading 1_31_39
[11:55:39.986] [N] Loading 1_36_38
[11:55:39.986] [N] Loading 1_34_28
[11:55:39.986] [N] Loading 1_33_27
[11:55:39.986] [N] Loading 1_29_38
[11:55:39.986] [N] Loading 1_38_34
[11:55:39.986] [N] Loading 1_26_29
[11:55:39.986] [N] Loading 1_27_28
[11:55:39.986] [N] Loading 1_27_36
[11:55:39.986] [N] Loading 1_27_31
[11:55:39.986] [N] Loading 1_27_35
[11:55:39.986] [N] Loading 1_36_30
[11:55:39.986] [N] Loading 1_30_39
[11:55:39.986] [N] Loading 1_35_29
[11:55:39.986] [N] Loading 1_34_27
[11:55:39.986] [N] Loading 1_28_28
[11:55:39.986] [N] Loading 1_35_39
[11:55:39.986] [N] Loading 1_35_28
[11:55:39.986] [N] Loading 1_26_33
[11:55:39.986] [N] Loading 1_26_32
[11:55:39.986] [N] Loading 1_39_35
[11:55:39.986] [N] Loading 1_26_30
[11:55:39.986] [N] Loading 1_38_37
[11:55:39.986] [N] Loading 1_26_28
[11:55:39.986] [N] Loading 1_27_37
[11:55:39.986] [N] Loading 1_39_36
[11:55:39.986] [N] Loading 1_28_38
[11:55:39.986] [N] Loading 1_26_34
[11:55:39.986] [N] Loading 1_38_31
[11:55:39.986] [N] Loading 1_32_26
[11:55:39.986] [N] Loading 1_33_26
[11:55:39.986] [N] Loading 1_31_40
[11:55:39.986] [N] Loading 1_36_39
[11:55:39.986] [N] Loading 1_29_39
[11:55:39.986] [N] Loading 1_39_34
[11:55:39.986] [N] Loading 1_38_32
[11:55:39.986] [N] Loading 1_32_40
[11:55:39.986] [N] Loading 1_26_31
[11:55:39.986] [N] Loading 1_35_27
[11:55:39.986] [N] Loading 1_30_40
[11:55:39.986] [N] Loading 1_36_29
[11:55:39.986] [N] Loading 1_34_40
[11:55:39.986] [N] Loading 1_26_35
[11:55:39.986] [N] Loading 1_33_40
[11:55:39.986] [N] Loading 1_36_28
[11:55:39.986] [N] Loading 1_39_37
[11:55:39.986] [N] Loading 1_35_40
[11:55:39.986] [N] Loading 1_40_35
[11:55:39.986] [N] Loading 1_37_38
[11:55:40.885] [D] [QuestLog] Loaded 67 completed quests from Lua fallback
[11:55:42.026] [N] Loading 1_26_36
[11:55:42.026] [N] Loading 1_27_38
[11:55:42.026] [N] Loading 1_34_26
[11:55:42.026] [N] Loading 1_28_39
[11:55:42.026] [N] Loading 1_25_33
[11:55:42.026] [N] Loading 1_31_26
[11:55:42.026] [N] Loading 1_26_37
[11:55:42.026] [N] Loading 1_25_32
[11:55:42.026] [N] Loading 1_31_41
[11:55:42.026] [N] Loading 1_27_27
[11:55:42.026] [N] Loading 1_40_36
[11:55:42.026] [N] Loading 1_25_31
[11:55:42.026] [N] Loading 1_35_26
[11:55:42.026] [N] Loading 1_29_40
[11:55:42.026] [N] Loading 1_38_33
[11:55:42.026] [N] Loading 1_32_41
[11:55:42.026] [N] Loading 1_30_41
[11:55:42.026] [N] Loading 1_36_27
[11:55:42.026] [N] Loading 1_37_39
[11:55:42.026] [N] Loading 1_36_40
[11:55:42.026] [N] Loading 1_25_35
[11:55:42.026] [N] Loading 1_26_38
[11:55:42.026] [N] Loading 1_38_38
[11:55:42.026] [N] Loading 1_40_34
[11:55:42.026] [N] Loading 1_33_41
[11:55:42.026] [N] Loading 1_25_34
[11:55:42.026] [N] Loading 1_36_26
[11:55:42.026] [N] Loading 1_39_38
[11:55:42.026] [N] Loading 1_40_37
[11:55:42.026] [N] Loading 1_41_35
[11:55:42.026] [N] Loading 1_33_25
[11:55:42.026] [N] Loading 1_25_30
[11:55:42.026] [N] Loading 1_32_25
[11:55:42.026] [N] Loading 1_27_39
[11:55:42.026] [N] Loading 1_30_27
[11:55:42.026] [N] Loading 1_37_40
[11:55:42.026] [N] Loading 1_28_40
[11:55:42.026] [N] Loading 1_29_41
[11:55:42.026] [N] Loading 1_41_36
[11:55:42.026] [N] Loading 1_31_42
[11:55:42.026] [N] Loading 1_24_32
[11:55:42.026] [N] Loading 1_35_41
[11:55:42.026] [N] Loading 1_32_42
[11:55:42.026] [N] Loading 1_38_39
[11:55:42.026] [N] Loading 1_34_41
[11:55:42.026] [N] Loading 1_37_27
[11:55:42.026] [N] Loading 1_24_33
[11:55:42.026] [N] Loading 1_31_25
[11:55:42.026] [N] Loading 1_30_26
[11:55:42.026] [N] Loading 1_35_25
[11:55:42.026] [N] Loading 1_24_34
[11:55:42.026] [N] Loading 1_40_38
[11:55:42.026] [N] Loading 1_25_37
[11:55:42.026] [N] Loading 1_24_35
[11:55:42.026] [N] Loading 1_24_31
[11:55:42.026] [N] Loading 1_26_39
[11:55:42.026] [N] Loading 1_25_38
[11:55:42.026] [N] Loading 1_37_28
[11:55:42.026] [N] Loading 1_34_25
[11:55:42.026] [N] Loading 1_30_42
[11:55:42.026] [N] Loading 1_24_30
[11:55:42.026] [N] Loading 1_33_42
[11:55:42.026] [N] Loading 1_28_41
[11:55:42.026] [N] Loading 1_39_39
[11:55:42.026] [N] Loading 1_36_25
[11:55:42.026] [N] Loading 1_38_40
[11:55:42.026] [N] Loading 1_36_41
[11:55:42.026] [N] Loading 1_37_29
[11:55:42.026] [N] Loading 1_41_37
[11:55:42.026] [N] Loading 1_25_29
[11:55:42.026] [N] Loading 1_29_42
[11:55:42.026] [N] Loading 1_37_26
[11:55:42.026] [N] Loading 1_25_39
[11:55:42.026] [N] Loading 1_27_40
[11:55:42.026] [N] Loading 1_38_27
[11:55:42.026] [N] Loading 1_34_42
[11:55:42.026] [N] Loading 1_38_28
[11:55:42.026] [N] Loading 1_30_25
[11:55:42.026] [N] Loading 1_41_38
[11:55:42.026] [N] Loading 1_40_39
[11:55:42.026] [N] Loading 1_24_29
[11:55:42.026] [N] Loading 1_39_40
[11:55:42.026] [N] Loading 1_26_40
[11:55:42.026] [N] Loading 1_23_32
[11:55:42.026] [N] Loading 1_23_34
[11:55:42.026] [N] Loading 1_23_31
[11:55:42.026] [N] Loading 1_23_33
[11:55:42.026] [N] Loading 1_37_41
[11:55:42.026] [N] Loading 1_29_27
[11:55:42.026] [N] Loading 1_33_24
[11:55:42.026] [N] Loading 1_38_26
[11:55:42.026] [N] Loading 1_27_41
[11:55:42.026] [N] Loading 1_41_34
[11:55:42.026] [N] Loading 1_31_43
[11:55:42.026] [N] Loading 1_29_26
[11:55:42.026] [N] Loading 1_35_42
[11:55:42.026] [N] Loading 1_32_43
[11:55:42.026] [N] Loading 1_23_30
[11:55:42.026] [N] Loading 1_28_42
[11:55:42.026] [N] Loading 1_34_24
[11:55:42.026] [N] Loading 1_35_24
[11:55:42.026] [N] Loading 1_42_35
[11:55:42.026] [N] Loading 1_25_40
[11:55:42.026] [N] Loading 1_41_39
[11:55:42.026] [N] Loading 1_33_43
[11:55:42.026] [N] Loading 1_39_28
[11:55:42.026] [N] Loading 1_39_27
[11:55:42.026] [N] Loading 1_23_29
[11:55:42.026] [N] Loading 1_25_28
[11:55:42.026] [N] Loading 1_42_34
[11:55:42.026] [N] Loading 1_30_43
[11:55:42.026] [N] Loading 1_38_41
[11:55:42.026] [N] Loading 1_39_41
[11:55:42.026] [N] Loading 1_36_24
[11:55:42.026] [N] Loading 1_40_33
[11:55:42.026] [N] Loading 1_41_33
[11:55:42.026] [N] Loading 1_34_43
[11:55:42.026] [N] Loading 1_37_25
[11:55:42.026] [N] Loading 1_36_42
[11:55:42.026] [N] Loading 1_39_33
[11:55:42.026] [N] Loading 1_42_36
[11:55:42.026] [N] Loading 1_40_40
[11:55:42.026] [N] Loading 1_22_33
[11:55:42.026] [N] Loading 1_26_41
[11:55:42.026] [N] Loading 1_24_28
[11:55:42.026] [N] Loading 1_22_31
[11:55:42.026] [N] Loading 1_29_25
[11:55:42.026] [N] Loading 1_29_43
[11:55:42.026] [N] Loading 1_39_29
[11:55:42.026] [N] Loading 1_24_39
[11:55:42.026] [N] Loading 1_39_32
[11:55:42.026] [N] Loading 1_40_32
[11:55:42.026] [N] Loading 1_22_32
[11:55:42.026] [N] Loading 1_24_40
[11:55:42.026] [N] Loading 1_22_30
[11:55:42.026] [N] Loading 1_25_41
[11:55:42.026] [N] Loading 1_27_42
[11:55:42.026] [N] Loading 1_28_27
[11:55:42.026] [N] Loading 1_40_28
[11:55:42.026] [N] Loading 1_23_28
[11:55:42.026] [N] Loading 1_35_43
[11:55:42.026] [N] Loading 1_40_27
[11:55:42.026] [N] Loading 1_40_41
[11:55:42.026] [N] Loading 1_37_24
[11:55:42.026] [N] Loading 1_37_42
[11:55:42.026] [N] Loading 1_42_37
[11:55:42.026] [N] Loading 1_39_31
[11:55:42.026] [N] Loading 1_28_43
[11:55:42.026] [N] Loading 1_40_31
[11:55:42.026] [N] Loading 1_28_26
[11:55:42.026] [N] Loading 1_38_25
[11:55:42.026] [N] Loading 1_31_44
[11:55:42.026] [N] Loading 1_21_33
[11:55:42.026] [N] Loading 1_22_29
[11:55:42.026] [N] Loading 1_24_41
[11:55:42.026] [N] Loading 1_43_36
[11:55:42.026] [N] Loading 1_26_42
[11:55:42.026] [N] Loading 1_32_44
[11:55:42.026] [N] Loading 1_25_27
[11:55:42.026] [N] Loading 1_41_32
[11:55:42.026] [N] Loading 1_21_32
[11:55:42.026] [N] Loading 1_21_31
[11:55:42.026] [N] Loading 1_39_26
[11:55:42.026] [N] Loading 1_33_44
[11:55:42.026] [N] Loading 1_38_42
[11:55:42.026] [N] Loading 1_30_44
[11:55:42.026] [N] Loading 1_21_30
[11:55:42.026] [N] Loading 1_39_42
[11:55:43.594] [N] Loading 1_32_30
[11:55:43.594] [N] Loading 1_31_30
[11:55:43.594] [N] Loading 1_30_30
[11:55:43.594] [N] Loading 1_30_29
[11:55:43.594] [N] Loading 1_31_29
[11:55:43.594] [N] Loading 1_30_28
[11:55:43.594] [N] Loading 1_31_28
[11:55:43.594] [N] Loading 1_32_28
[11:55:43.594] [N] Loading 1_32_29
[11:55:51.008] [N] Loading 1_24_27
[11:55:52.541] [N] Loading 1_34_44
[11:55:54.077] [N] Loading 1_40_26
[11:55:58.394] [N] Loading 1_39_30
[11:55:58.394] [N] Loading 1_41_28
[11:56:09.704] [N] Loading 1_30_31
[11:56:09.704] [N] Loading 1_30_32
[11:56:09.704] [N] Loading 1_30_33
[11:56:24.969] [N] [Wholesome Auto Quest] Quest 6461 has no alternate active hotspot; retaining the current recovery attempt until its bounded deadline.
[11:56:39.382] [N] Loading 1_32_34
[11:56:39.382] [N] Loading 1_31_34
[11:56:39.382] [N] Loading 1_33_34
[11:56:39.382] [N] Loading 1_32_35
[11:56:39.382] [N] Loading 1_33_35
[11:56:39.382] [N] Loading 1_31_35
[11:56:39.382] [N] Loading 1_34_34
[11:56:39.382] [N] Loading 1_34_35
[11:56:39.382] [N] Loading 1_29_31
[11:56:39.382] [N] Loading 1_29_30
[11:56:39.382] [N] Loading 1_33_36
[11:56:39.382] [N] Loading 1_32_36
[11:56:39.382] [N] Loading 1_29_32
[11:56:39.382] [N] Loading 1_30_34
[11:56:39.382] [N] Loading 1_30_35
[11:56:39.382] [N] Loading 1_34_36
[11:56:39.382] [N] Loading 1_31_36
[11:56:39.382] [N] Loading 1_35_34
[11:56:39.382] [N] Loading 1_35_35
[11:56:39.382] [N] Loading 1_29_29
[11:56:39.382] [N] Loading 1_29_33
[11:56:39.382] [N] Loading 1_30_36
[11:56:39.382] [N] Loading 1_28_31
[11:56:39.382] [N] Loading 1_35_36
[11:56:39.382] [N] Loading 1_28_32
[11:56:39.382] [N] Loading 1_32_37
[11:56:39.382] [N] Loading 1_29_34
[11:56:39.382] [N] Loading 1_28_30
[11:56:39.382] [N] Loading 1_33_37
[11:56:39.382] [N] Loading 1_36_35
[11:56:39.382] [N] Loading 1_34_37
[11:56:39.382] [N] Loading 1_29_35
[11:56:39.382] [N] Loading 1_31_37
[11:56:39.382] [N] Loading 1_36_34
[11:56:39.382] [N] Loading 1_28_33
[11:56:39.382] [N] Loading 1_28_29
[11:56:39.733] [N] Loading 1_36_36
[11:56:39.733] [N] Loading 1_29_36
[11:56:39.733] [N] Loading 1_35_37
[11:56:39.733] [N] Loading 1_29_28
[11:56:39.733] [N] Loading 1_30_37
[11:56:39.733] [N] Loading 1_33_38
[11:56:39.733] [N] Loading 1_37_35
[11:56:39.733] [N] Loading 1_32_38
[11:56:39.733] [N] Loading 1_37_34
[11:56:39.733] [N] Loading 1_27_30
[11:56:39.733] [N] Loading 1_31_38
[11:56:39.733] [N] Loading 1_34_38
[11:56:39.733] [N] Loading 1_36_37
[11:56:39.733] [N] Loading 1_37_36
[11:56:39.733] [N] Loading 1_27_29
[11:56:39.733] [N] Loading 1_29_37
[11:56:39.733] [N] Loading 1_31_27
[11:56:39.733] [N] Loading 1_35_38
[11:56:40.189] [N] Loading 1_28_36
[11:56:40.189] [N] Loading 1_33_29
[11:56:40.189] [N] Loading 1_27_33
[11:56:40.189] [N] Loading 1_28_35
[11:56:40.189] [N] Loading 1_33_28
[11:56:40.189] [N] Loading 1_30_38
[11:56:40.189] [N] Loading 1_27_32
[11:56:40.189] [N] Loading 1_28_34
[11:56:40.189] [N] Loading 1_33_39
[11:56:40.189] [N] Loading 1_32_27
[11:56:40.189] [N] Loading 1_27_34
[11:56:40.189] [N] Loading 1_34_39
[11:56:40.189] [N] Loading 1_32_39
[11:56:40.189] [N] Loading 1_34_29
[11:56:40.189] [N] Loading 1_38_35
[11:56:40.189] [N] Loading 1_37_37
[11:56:40.189] [N] Loading 1_28_37
[11:56:40.189] [N] Loading 1_31_39
[11:56:40.189] [N] Loading 1_33_27
[11:56:40.189] [N] Loading 1_34_28
[11:56:40.189] [N] Loading 1_38_36
[11:56:40.189] [N] Loading 1_29_38
[11:56:40.189] [N] Loading 1_36_38
[11:56:40.189] [N] Loading 1_38_34
[11:56:40.189] [N] Loading 1_26_29
[11:56:40.189] [N] Loading 1_27_28
[11:56:40.189] [N] Loading 1_27_31
[11:56:40.189] [N] Loading 1_27_36
[11:56:40.189] [N] Loading 1_27_35
[11:56:40.189] [N] Loading 1_30_39
[11:56:40.189] [N] Loading 1_36_30
[11:56:40.189] [N] Loading 1_28_28
[11:56:40.189] [N] Loading 1_35_29
[11:56:40.189] [N] Loading 1_34_27
[11:56:40.189] [N] Loading 1_26_33
[11:56:40.189] [N] Loading 1_35_39
[11:56:40.189] [N] Loading 1_35_28
[11:56:40.189] [N] Loading 1_26_32
[11:56:40.189] [N] Loading 1_26_30
[11:56:40.189] [N] Loading 1_26_28
[11:56:40.189] [N] Loading 1_39_35
[11:56:40.189] [N] Loading 1_38_37
[11:56:40.189] [N] Loading 1_27_37
[11:56:40.189] [N] Loading 1_28_38
[11:56:40.189] [N] Loading 1_39_36
[11:56:40.189] [N] Loading 1_26_34
[11:56:40.189] [N] Loading 1_32_26
[11:56:40.189] [N] Loading 1_33_26
[11:56:40.189] [N] Loading 1_31_40
[11:56:40.189] [N] Loading 1_29_39
[11:56:40.189] [N] Loading 1_38_31
[11:56:40.189] [N] Loading 1_36_39
[11:56:40.560] [N] Loading 1_26_31
[11:56:40.560] [N] Loading 1_32_40
[11:56:40.560] [N] Loading 1_39_34
[11:56:40.560] [N] Loading 1_38_32
[11:56:40.560] [N] Loading 1_35_27
[11:56:40.560] [N] Loading 1_30_40
[11:56:40.560] [N] Loading 1_26_35
[11:56:40.560] [N] Loading 1_34_40
[11:56:40.560] [N] Loading 1_36_29
[11:56:40.560] [N] Loading 1_33_40
[11:56:40.560] [N] Loading 1_36_28
[11:56:40.560] [N] Loading 1_39_37
[11:56:40.560] [N] Loading 1_35_40
[11:56:40.560] [N] Loading 1_40_35
[11:56:40.560] [N] Loading 1_37_38
[11:56:42.370] [N] Loading 1_34_26
[11:56:42.370] [N] Loading 1_26_36
[11:56:42.370] [N] Loading 1_31_26
[11:56:42.370] [N] Loading 1_27_38
[11:56:42.370] [N] Loading 1_25_33
[11:56:42.370] [N] Loading 1_28_39
[11:56:42.370] [N] Loading 1_27_27
[11:56:42.370] [N] Loading 1_25_32
[11:56:42.370] [N] Loading 1_35_26
[11:56:42.370] [N] Loading 1_26_37
[11:56:42.370] [N] Loading 1_40_36
[11:56:42.370] [N] Loading 1_31_41
[11:56:42.370] [N] Loading 1_25_31
[11:56:42.370] [N] Loading 1_38_33
[11:56:42.370] [N] Loading 1_29_40
[11:56:42.370] [N] Loading 1_36_27
[11:56:42.370] [N] Loading 1_32_41
[11:56:42.370] [N] Loading 1_37_39
[11:56:42.370] [N] Loading 1_30_41
[11:56:42.370] [N] Loading 1_36_40
[11:56:42.370] [N] Loading 1_25_35
[11:56:42.370] [N] Loading 1_26_38
[11:56:42.370] [N] Loading 1_38_38
[11:56:42.370] [N] Loading 1_40_34
[11:56:42.370] [N] Loading 1_36_26
[11:56:42.370] [N] Loading 1_25_34
[11:56:42.370] [N] Loading 1_33_41
[11:56:42.370] [N] Loading 1_33_25
[11:56:42.370] [N] Loading 1_39_38
[11:56:42.370] [N] Loading 1_40_37
[11:56:42.370] [N] Loading 1_41_35
[11:56:42.370] [N] Loading 1_32_25
[11:56:42.370] [N] Loading 1_25_30
[11:56:42.370] [N] Loading 1_30_27
[11:56:42.370] [N] Loading 1_27_39
[11:56:42.370] [N] Loading 1_37_40
[11:56:42.370] [N] Loading 1_41_36
[11:56:42.370] [N] Loading 1_37_27
[11:56:42.370] [N] Loading 1_28_40
[11:56:42.370] [N] Loading 1_29_41
[11:56:42.370] [N] Loading 1_31_42
[11:56:42.370] [N] Loading 1_24_32
[11:56:42.370] [N] Loading 1_31_25
[11:56:42.370] [N] Loading 1_35_41
[11:56:42.370] [N] Loading 1_30_26
[11:56:42.370] [N] Loading 1_38_39
[11:56:42.370] [N] Loading 1_32_42
[11:56:42.370] [N] Loading 1_34_41
[11:56:42.370] [N] Loading 1_24_33
[11:56:42.370] [N] Loading 1_35_25
[11:56:42.370] [N] Loading 1_37_28
[11:56:42.370] [N] Loading 1_24_34
[11:56:42.370] [N] Loading 1_40_38
[11:56:42.370] [N] Loading 1_34_25
[11:56:42.370] [N] Loading 1_24_31
[11:56:42.370] [N] Loading 1_24_35
[11:56:42.370] [N] Loading 1_25_37
[11:56:42.370] [N] Loading 1_26_39
[11:56:42.370] [N] Loading 1_25_38
[11:56:42.370] [N] Loading 1_30_42
[11:56:42.370] [N] Loading 1_24_30
[11:56:42.370] [N] Loading 1_36_25
[11:56:42.370] [N] Loading 1_33_42
[11:56:42.370] [N] Loading 1_28_41
[11:56:42.370] [N] Loading 1_39_39
[11:56:42.370] [N] Loading 1_37_29
[11:56:42.370] [N] Loading 1_38_40
[11:56:42.370] [N] Loading 1_36_41
[11:56:42.370] [N] Loading 1_41_37
[11:56:42.370] [N] Loading 1_37_26
[11:56:42.370] [N] Loading 1_25_29
[11:56:42.370] [N] Loading 1_29_42
[11:56:42.370] [N] Loading 1_38_27
[11:56:42.370] [N] Loading 1_38_28
[11:56:42.370] [N] Loading 1_30_25
[11:56:42.370] [N] Loading 1_25_39
[11:56:42.370] [N] Loading 1_27_40
[11:56:42.370] [N] Loading 1_34_42
[11:56:42.370] [N] Loading 1_41_38
[11:56:42.370] [N] Loading 1_24_29
[11:56:42.370] [N] Loading 1_40_39
[11:56:42.370] [N] Loading 1_29_27
[11:56:42.370] [N] Loading 1_23_32
[11:56:42.370] [N] Loading 1_39_40
[11:56:42.370] [N] Loading 1_26_40
[11:56:42.370] [N] Loading 1_23_34
[11:56:42.370] [N] Loading 1_23_31
[11:56:42.370] [N] Loading 1_23_33
[11:56:42.370] [N] Loading 1_37_41
[11:56:42.840] [N] Loading 1_33_24
[11:56:42.840] [N] Loading 1_38_26
[11:56:42.840] [N] Loading 1_41_34
[11:56:42.840] [N] Loading 1_27_41
[11:56:42.840] [N] Loading 1_31_43
[11:56:42.840] [N] Loading 1_29_26
[11:56:42.840] [N] Loading 1_35_42
[11:56:42.840] [N] Loading 1_32_43
[11:56:42.840] [N] Loading 1_34_24
[11:56:42.840] [N] Loading 1_42_35
[11:56:42.840] [N] Loading 1_35_24
[11:56:42.840] [N] Loading 1_28_42
[11:56:42.840] [N] Loading 1_23_30
[11:56:42.840] [N] Loading 1_41_39
[11:56:42.840] [N] Loading 1_25_40
[11:56:42.840] [N] Loading 1_39_28
[11:56:42.840] [N] Loading 1_39_27
[11:56:42.840] [N] Loading 1_42_34
[11:56:42.840] [N] Loading 1_33_43
[11:56:42.840] [N] Loading 1_38_41
[11:56:42.840] [N] Loading 1_30_43
[11:56:42.840] [N] Loading 1_23_29
[11:56:42.840] [N] Loading 1_25_28
[11:56:42.840] [N] Loading 1_40_33
[11:56:42.840] [N] Loading 1_39_41
[11:56:42.840] [N] Loading 1_36_24
[11:56:42.840] [N] Loading 1_41_33
[11:56:42.840] [N] Loading 1_34_43
[11:56:42.840] [N] Loading 1_37_25
[11:56:42.840] [N] Loading 1_39_33
[11:56:42.840] [N] Loading 1_36_42
[11:56:42.840] [N] Loading 1_42_36
[11:56:42.840] [N] Loading 1_40_40
[11:56:42.840] [N] Loading 1_26_41
[11:56:42.840] [N] Loading 1_22_33
[11:56:42.840] [N] Loading 1_29_25
[11:56:42.840] [N] Loading 1_24_28
[11:56:42.840] [N] Loading 1_22_31
[11:56:42.840] [N] Loading 1_29_43
[11:56:42.840] [N] Loading 1_39_29
[11:56:42.840] [N] Loading 1_39_32
[11:56:42.840] [N] Loading 1_40_32
[11:56:42.840] [N] Loading 1_24_39
[11:56:42.840] [N] Loading 1_22_32
[11:56:42.840] [N] Loading 1_24_40
[11:56:42.840] [N] Loading 1_22_30
[11:56:42.840] [N] Loading 1_25_41
[11:56:42.840] [N] Loading 1_27_42
[11:56:42.840] [N] Loading 1_40_28
[11:56:42.840] [N] Loading 1_28_27
[11:56:42.840] [N] Loading 1_40_27
[11:56:42.841] [N] Loading 1_35_43
[11:56:42.841] [N] Loading 1_23_28
[11:56:42.841] [N] Loading 1_40_41
[11:56:42.841] [N] Loading 1_37_24
[11:56:42.841] [N] Loading 1_37_42
[11:56:42.841] [N] Loading 1_39_31
[11:56:42.841] [N] Loading 1_42_37
[11:56:42.841] [N] Loading 1_40_31
[11:56:42.841] [N] Loading 1_28_43
[11:56:42.841] [N] Loading 1_28_26
[11:56:42.841] [N] Loading 1_38_25
[11:56:42.841] [N] Loading 1_43_36
[11:56:42.841] [N] Loading 1_31_44
[11:56:42.841] [N] Loading 1_21_33
[11:56:42.841] [N] Loading 1_41_32
[11:56:42.841] [N] Loading 1_24_41
[11:56:42.841] [N] Loading 1_22_29
[11:56:42.841] [N] Loading 1_32_44
[11:56:42.841] [N] Loading 1_26_42
[11:56:42.841] [N] Loading 1_25_27
[11:56:42.841] [N] Loading 1_39_26
[11:56:42.841] [N] Loading 1_21_32
[11:56:42.841] [N] Loading 1_21_31
[11:56:42.841] [N] Loading 1_38_42
[11:56:42.841] [N] Loading 1_33_44
[11:56:42.841] [N] Loading 1_30_44
[11:56:42.841] [N] Loading 1_39_42
[11:56:42.841] [N] Loading 1_21_30
[11:56:43.761] [D] [QuestLog] Loaded 67 completed quests from Lua fallback
[11:56:44.637] [N] Loading 1_32_30
[11:56:44.637] [N] Loading 1_31_30
[11:56:44.637] [N] Loading 1_30_30
[11:56:44.637] [N] Loading 1_30_29
[11:56:44.637] [N] Loading 1_31_29
[11:56:44.637] [N] Loading 1_30_28
[11:56:44.637] [N] Loading 1_31_28
[11:56:44.637] [N] Loading 1_32_28
[11:56:44.637] [N] Loading 1_32_29
[11:56:54.648] [N] Loading 1_24_27
[11:56:56.208] [N] Loading 1_34_44
[11:56:57.764] [N] Loading 1_40_26
[11:57:02.320] [N] Loading 1_39_30
[11:57:02.320] [N] Loading 1_41_28
[11:57:10.055] [N] Loading 1_30_31
[11:57:10.055] [N] Loading 1_30_32
[11:57:10.055] [N] Loading 1_30_33
[11:57:39.854] [N] Loading 1_32_34
[11:57:39.854] [N] Loading 1_31_34
[11:57:39.854] [N] Loading 1_33_34
[11:57:39.854] [N] Loading 1_32_35
[11:57:39.854] [N] Loading 1_33_35
[11:57:39.854] [N] Loading 1_31_35
[11:57:39.854] [N] Loading 1_34_34
[11:57:39.854] [N] Loading 1_34_35
[11:57:39.854] [N] Loading 1_29_31
[11:57:39.854] [N] Loading 1_29_30
[11:57:39.854] [N] Loading 1_32_36
[11:57:39.854] [N] Loading 1_33_36
[11:57:39.854] [N] Loading 1_29_32
[11:57:39.854] [N] Loading 1_30_34
[11:57:39.854] [N] Loading 1_30_35
[11:57:39.854] [N] Loading 1_31_36
[11:57:39.854] [N] Loading 1_34_36
[11:57:39.854] [N] Loading 1_35_34
[11:57:39.854] [N] Loading 1_35_35
[11:57:39.854] [N] Loading 1_29_29
[11:57:39.854] [N] Loading 1_29_33
[11:57:39.854] [N] Loading 1_30_36
[11:57:39.854] [N] Loading 1_28_31
[11:57:39.854] [N] Loading 1_28_32
[11:57:39.854] [N] Loading 1_35_36
[11:57:39.854] [N] Loading 1_29_34
[11:57:39.854] [N] Loading 1_32_37
[11:57:39.854] [N] Loading 1_28_30
[11:57:39.854] [N] Loading 1_33_37
[11:57:39.854] [N] Loading 1_29_35
[11:57:39.854] [N] Loading 1_34_37
[11:57:39.854] [N] Loading 1_36_35
[11:57:39.854] [N] Loading 1_31_37
[11:57:39.854] [N] Loading 1_28_33
[11:57:39.854] [N] Loading 1_36_34
[11:57:39.854] [N] Loading 1_28_29
[11:57:39.854] [N] Loading 1_36_36
[11:57:39.854] [N] Loading 1_29_36
[11:57:39.854] [N] Loading 1_35_37
[11:57:39.854] [N] Loading 1_30_37
[11:57:39.854] [N] Loading 1_29_28
[11:57:39.854] [N] Loading 1_33_38
[11:57:39.854] [N] Loading 1_32_38
[11:57:39.854] [N] Loading 1_37_35
[11:57:39.854] [N] Loading 1_37_34
[11:57:39.854] [N] Loading 1_31_38
[11:57:39.854] [N] Loading 1_27_30
[11:57:39.854] [N] Loading 1_34_38
[11:57:39.854] [N] Loading 1_36_37
[11:57:39.854] [N] Loading 1_37_36
[11:57:40.252] [N] Loading 1_27_29
[11:57:40.252] [N] Loading 1_29_37
[11:57:40.252] [N] Loading 1_31_27
[11:57:40.252] [N] Loading 1_28_36
[11:57:40.253] [N] Loading 1_27_33
[11:57:40.253] [N] Loading 1_28_35
[11:57:40.253] [N] Loading 1_33_29
[11:57:40.253] [N] Loading 1_35_38
[11:57:40.253] [N] Loading 1_33_28
[11:57:40.253] [N] Loading 1_30_38
[11:57:40.253] [N] Loading 1_27_32
[11:57:40.253] [N] Loading 1_28_34
[11:57:40.253] [N] Loading 1_33_39
[11:57:40.253] [N] Loading 1_27_34
[11:57:40.253] [N] Loading 1_32_27
[11:57:40.253] [N] Loading 1_34_39
[11:57:40.253] [N] Loading 1_32_39
[11:57:40.253] [N] Loading 1_34_29
[11:57:40.253] [N] Loading 1_28_37
[11:57:40.253] [N] Loading 1_37_37
[11:57:40.253] [N] Loading 1_38_35
[11:57:40.253] [N] Loading 1_31_39
[11:57:40.253] [N] Loading 1_33_27
[11:57:40.664] [N] Loading 1_29_38
[11:57:40.664] [N] Loading 1_36_38
[11:57:40.664] [N] Loading 1_34_28
[11:57:40.664] [N] Loading 1_38_36
[11:57:40.664] [N] Loading 1_26_29
[11:57:40.664] [N] Loading 1_38_34
[11:57:40.664] [N] Loading 1_27_28
[11:57:40.664] [N] Loading 1_27_31
[11:57:40.664] [N] Loading 1_27_36
[11:57:40.664] [N] Loading 1_27_35
[11:57:40.664] [N] Loading 1_30_39
[11:57:40.664] [N] Loading 1_36_30
[11:57:40.664] [N] Loading 1_28_28
[11:57:40.664] [N] Loading 1_26_33
[11:57:40.664] [N] Loading 1_35_29
[11:57:40.664] [N] Loading 1_34_27
[11:57:40.664] [N] Loading 1_26_32
[11:57:40.664] [N] Loading 1_35_39
[11:57:40.664] [N] Loading 1_26_30
[11:57:40.664] [N] Loading 1_35_28
[11:57:40.664] [N] Loading 1_26_28
[11:57:40.664] [N] Loading 1_27_37
[11:57:40.664] [N] Loading 1_39_35
[11:57:40.664] [N] Loading 1_28_38
[11:57:40.664] [N] Loading 1_38_37
[11:57:40.664] [N] Loading 1_26_34
[11:57:40.664] [N] Loading 1_39_36
[11:57:40.664] [N] Loading 1_31_40
[11:57:40.664] [N] Loading 1_29_39
[11:57:40.664] [N] Loading 1_32_26
[11:57:40.664] [N] Loading 1_33_26
[11:57:40.664] [N] Loading 1_36_39
[11:57:40.664] [N] Loading 1_38_31
[11:57:41.031] [N] Loading 1_26_31
[11:57:41.031] [N] Loading 1_32_40
[11:57:41.031] [N] Loading 1_39_34
[11:57:41.031] [N] Loading 1_38_32
[11:57:41.031] [N] Loading 1_35_27
[11:57:41.031] [N] Loading 1_30_40
[11:57:41.031] [N] Loading 1_26_35
[11:57:41.031] [N] Loading 1_34_40
[11:57:41.031] [N] Loading 1_33_40
[11:57:41.031] [N] Loading 1_36_29
[11:57:41.031] [N] Loading 1_36_28
[11:57:41.031] [N] Loading 1_35_40
[11:57:41.031] [N] Loading 1_39_37
[11:57:41.031] [N] Loading 1_40_35
[11:57:41.031] [N] Loading 1_37_38
[11:57:42.403] [N] Loading 1_26_36
[11:57:42.403] [N] Loading 1_27_38
[11:57:42.403] [N] Loading 1_28_39
[11:57:42.403] [N] Loading 1_34_26
[11:57:42.403] [N] Loading 1_25_33
[11:57:42.403] [N] Loading 1_26_37
[11:57:42.403] [N] Loading 1_31_41
[11:57:42.403] [N] Loading 1_40_36
[11:57:42.403] [N] Loading 1_31_26
[11:57:42.403] [N] Loading 1_25_32
[11:57:42.403] [N] Loading 1_27_27
[11:57:42.403] [N] Loading 1_35_26
[11:57:42.930] [N] Loading 1_38_33
[11:57:42.930] [N] Loading 1_29_40
[11:57:42.930] [N] Loading 1_25_31
[11:57:42.930] [N] Loading 1_37_39
[11:57:42.930] [N] Loading 1_32_41
[11:57:42.930] [N] Loading 1_30_41
[11:57:42.930] [N] Loading 1_36_27
[11:57:42.930] [N] Loading 1_36_40
[11:57:42.930] [N] Loading 1_38_38
[11:57:42.930] [N] Loading 1_25_35
[11:57:42.930] [N] Loading 1_26_38
[11:57:42.930] [N] Loading 1_40_34
[11:57:42.930] [N] Loading 1_33_41
[11:57:42.930] [N] Loading 1_39_38
[11:57:42.930] [N] Loading 1_40_37
[11:57:42.930] [N] Loading 1_25_34
[11:57:42.930] [N] Loading 1_41_35
[11:57:42.930] [N] Loading 1_36_26
[11:57:42.930] [N] Loading 1_33_25
[11:57:42.930] [N] Loading 1_25_30
[11:57:42.930] [N] Loading 1_27_39
[11:57:42.930] [N] Loading 1_32_25
[11:57:42.930] [N] Loading 1_37_40
[11:57:42.930] [N] Loading 1_30_27
[11:57:42.930] [N] Loading 1_41_36
[11:57:42.930] [N] Loading 1_28_40
[11:57:42.930] [N] Loading 1_31_42
[11:57:42.930] [N] Loading 1_29_41
[11:57:42.930] [N] Loading 1_38_39
[11:57:42.930] [N] Loading 1_35_41
[11:57:42.930] [N] Loading 1_34_41
[11:57:42.930] [N] Loading 1_32_42
[11:57:42.930] [N] Loading 1_24_32
[11:57:42.930] [N] Loading 1_37_27
[11:57:42.930] [N] Loading 1_24_33
[11:57:42.930] [N] Loading 1_40_38
[11:57:42.930] [N] Loading 1_31_25
[11:57:42.930] [N] Loading 1_30_26
[11:57:42.930] [N] Loading 1_24_34
[11:57:42.930] [N] Loading 1_35_25
[11:57:42.930] [N] Loading 1_25_37
[11:57:42.930] [N] Loading 1_26_39
[11:57:42.930] [N] Loading 1_24_35
[11:57:42.930] [N] Loading 1_25_38
[11:57:42.930] [N] Loading 1_24_31
[11:57:42.930] [N] Loading 1_37_28
[11:57:42.930] [N] Loading 1_30_42
[11:57:42.930] [N] Loading 1_34_25
[11:57:42.930] [N] Loading 1_33_42
[11:57:42.930] [N] Loading 1_39_39
[11:57:42.930] [N] Loading 1_28_41
[11:57:42.930] [N] Loading 1_24_30
[11:57:42.930] [N] Loading 1_38_40
[11:57:42.930] [N] Loading 1_36_41
[11:57:42.930] [N] Loading 1_41_37
[11:57:42.930] [N] Loading 1_36_25
[11:57:42.930] [N] Loading 1_37_29
[11:57:42.930] [N] Loading 1_29_42
[11:57:42.930] [N] Loading 1_25_29
[11:57:42.930] [N] Loading 1_37_26
[11:57:42.930] [N] Loading 1_34_42
[11:57:42.930] [N] Loading 1_27_40
[11:57:42.930] [N] Loading 1_25_39
[11:57:42.930] [N] Loading 1_41_38
[11:57:42.930] [N] Loading 1_38_27
[11:57:42.930] [N] Loading 1_40_39
[11:57:42.930] [N] Loading 1_38_28
[11:57:42.930] [N] Loading 1_30_25
[11:57:42.930] [N] Loading 1_39_40
[11:57:42.930] [N] Loading 1_24_29
[11:57:42.930] [N] Loading 1_37_41
[11:57:42.930] [N] Loading 1_26_40
[11:57:42.930] [N] Loading 1_23_34
[11:57:42.930] [N] Loading 1_23_32
[11:57:42.930] [N] Loading 1_23_33
[11:57:42.930] [N] Loading 1_23_31
[11:57:42.930] [N] Loading 1_29_27
[11:57:43.407] [N] Loading 1_33_24
[11:57:43.407] [N] Loading 1_38_26
[11:57:43.407] [N] Loading 1_27_41
[11:57:43.407] [N] Loading 1_41_34
[11:57:43.407] [N] Loading 1_31_43
[11:57:43.407] [N] Loading 1_35_42
[11:57:43.407] [N] Loading 1_32_43
[11:57:43.407] [N] Loading 1_28_42
[11:57:43.407] [N] Loading 1_29_26
[11:57:43.407] [N] Loading 1_42_35
[11:57:43.407] [N] Loading 1_41_39
[11:57:43.407] [N] Loading 1_23_30
[11:57:43.407] [N] Loading 1_34_24
[11:57:43.407] [N] Loading 1_35_24
[11:57:43.407] [N] Loading 1_25_40
[11:57:43.407] [N] Loading 1_38_41
[11:57:43.407] [N] Loading 1_33_43
[11:57:43.407] [N] Loading 1_42_34
[11:57:43.407] [N] Loading 1_39_28
[11:57:43.407] [N] Loading 1_39_27
[11:57:43.407] [N] Loading 1_30_43
[11:57:43.407] [N] Loading 1_39_41
[11:57:43.407] [N] Loading 1_23_29
[11:57:43.407] [N] Loading 1_25_28
[11:57:43.407] [N] Loading 1_40_33
[11:57:43.407] [N] Loading 1_41_33
[11:57:43.407] [N] Loading 1_34_43
[11:57:43.407] [N] Loading 1_36_24
[11:57:43.407] [N] Loading 1_36_42
[11:57:43.407] [N] Loading 1_39_33
[11:57:43.407] [N] Loading 1_42_36
[11:57:43.407] [N] Loading 1_40_40
[11:57:43.407] [N] Loading 1_37_25
[11:57:43.407] [N] Loading 1_26_41
[11:57:43.407] [N] Loading 1_22_33
[11:57:43.407] [N] Loading 1_24_28
[11:57:43.407] [N] Loading 1_22_31
[11:57:43.407] [N] Loading 1_29_43
[11:57:43.407] [N] Loading 1_29_25
[11:57:43.407] [N] Loading 1_39_29
[11:57:43.407] [N] Loading 1_39_32
[11:57:43.407] [N] Loading 1_40_32
[11:57:43.407] [N] Loading 1_24_39
[11:57:43.407] [N] Loading 1_24_40
[11:57:43.407] [N] Loading 1_22_32
[11:57:43.407] [N] Loading 1_25_41
[11:57:43.407] [N] Loading 1_27_42
[11:57:43.407] [N] Loading 1_22_30
[11:57:43.407] [N] Loading 1_35_43
[11:57:43.407] [N] Loading 1_40_28
[11:57:43.407] [N] Loading 1_40_41
[11:57:43.407] [N] Loading 1_28_27
[11:57:43.407] [N] Loading 1_40_27
[11:57:43.407] [N] Loading 1_37_42
[11:57:43.407] [N] Loading 1_23_28
[11:57:43.407] [N] Loading 1_37_24
[11:57:43.407] [N] Loading 1_42_37
[11:57:43.407] [N] Loading 1_39_31
[11:57:43.407] [N] Loading 1_40_31
[11:57:43.407] [N] Loading 1_28_43
[11:57:43.407] [N] Loading 1_43_36
[11:57:43.407] [N] Loading 1_28_26
[11:57:43.407] [N] Loading 1_31_44
[11:57:43.407] [N] Loading 1_38_25
[11:57:43.407] [N] Loading 1_24_41
[11:57:43.407] [N] Loading 1_32_44
[11:57:43.407] [N] Loading 1_41_32
[11:57:43.407] [N] Loading 1_21_33
[11:57:43.407] [N] Loading 1_26_42
[11:57:43.407] [N] Loading 1_22_29
[11:57:43.407] [N] Loading 1_38_42
[11:57:43.407] [N] Loading 1_25_27
[11:57:43.407] [N] Loading 1_21_32
[11:57:43.407] [N] Loading 1_21_31
[11:57:43.407] [N] Loading 1_33_44
[11:57:43.407] [N] Loading 1_39_26
[11:57:43.407] [N] Loading 1_30_44
[11:57:43.407] [N] Loading 1_39_42
[11:57:43.407] [N] Loading 1_21_30
[11:57:44.724] [N] Loading 1_32_30
[11:57:44.724] [N] Loading 1_31_30
[11:57:44.724] [N] Loading 1_30_30
[11:57:44.724] [N] Loading 1_30_29
[11:57:44.724] [N] Loading 1_31_29
[11:57:44.724] [N] Loading 1_30_28
[11:57:44.724] [N] Loading 1_31_28
[11:57:44.724] [N] Loading 1_32_28
[11:57:44.724] [N] Loading 1_32_29
[11:57:49.440] [D] [QuestLog] Loaded 67 completed quests from Lua fallback
[11:57:58.359] [N] Loading 1_40_26
[11:57:59.629] [N] Loading 1_24_27
[11:58:01.254] [N] Loading 1_34_44
[11:58:07.387] [N] Loading 1_39_30
[11:58:07.387] [N] Loading 1_41_28
[11:58:10.184] [N] Loading 1_30_31
[11:58:10.184] [N] Loading 1_30_32
[11:58:10.184] [N] Loading 1_30_33
[11:58:40.260] [N] Loading 1_32_34
[11:58:40.260] [N] Loading 1_31_34
[11:58:40.260] [N] Loading 1_33_34
[11:58:40.260] [N] Loading 1_32_35
[11:58:40.260] [N] Loading 1_33_35
[11:58:40.260] [N] Loading 1_31_35
[11:58:40.260] [N] Loading 1_34_34
[11:58:40.260] [N] Loading 1_29_31
[11:58:40.260] [N] Loading 1_34_35
[11:58:40.260] [N] Loading 1_29_30
[11:58:40.260] [N] Loading 1_29_32
[11:58:40.260] [N] Loading 1_32_36
[11:58:40.260] [N] Loading 1_33_36
[11:58:40.260] [N] Loading 1_30_34
[11:58:40.260] [N] Loading 1_30_35
[11:58:40.260] [N] Loading 1_31_36
[11:58:40.260] [N] Loading 1_34_36
[11:58:40.260] [N] Loading 1_35_34
[11:58:40.260] [N] Loading 1_35_35
[11:58:40.260] [N] Loading 1_29_29
[11:58:40.260] [N] Loading 1_29_33
[11:58:40.260] [N] Loading 1_30_36
[11:58:40.260] [N] Loading 1_28_31
[11:58:40.260] [N] Loading 1_28_32
[11:58:40.260] [N] Loading 1_35_36
[11:58:40.260] [N] Loading 1_29_34
[11:58:40.260] [N] Loading 1_28_30
[11:58:40.260] [N] Loading 1_32_37
[11:58:40.260] [N] Loading 1_33_37
[11:58:40.260] [N] Loading 1_29_35
[11:58:40.260] [N] Loading 1_36_35
[11:58:40.260] [N] Loading 1_34_37
[11:58:40.260] [N] Loading 1_31_37
[11:58:40.260] [N] Loading 1_28_33
[11:58:40.260] [N] Loading 1_28_29
[11:58:40.260] [N] Loading 1_36_34
[11:58:40.260] [N] Loading 1_36_36
[11:58:40.260] [N] Loading 1_29_36
[11:58:40.260] [N] Loading 1_35_37
[11:58:40.260] [N] Loading 1_29_28
[11:58:40.260] [N] Loading 1_30_37
[11:58:40.261] [N] Loading 1_33_38
[11:58:40.261] [N] Loading 1_37_35
[11:58:40.261] [N] Loading 1_32_38
[11:58:40.261] [N] Loading 1_37_34
[11:58:40.261] [N] Loading 1_27_30
[11:58:40.261] [N] Loading 1_31_38
[11:58:40.261] [N] Loading 1_34_38
[11:58:40.261] [N] Loading 1_36_37
[11:58:40.261] [N] Loading 1_37_36
[11:58:40.670] [N] Loading 1_27_29
[11:58:40.670] [N] Loading 1_29_37
[11:58:40.670] [N] Loading 1_31_27
[11:58:40.670] [N] Loading 1_33_29
[11:58:40.670] [N] Loading 1_28_36
[11:58:40.670] [N] Loading 1_33_28
[11:58:40.670] [N] Loading 1_35_38
[11:58:40.670] [N] Loading 1_27_33
[11:58:40.670] [N] Loading 1_28_35
[11:58:40.670] [N] Loading 1_30_38
[11:58:40.670] [N] Loading 1_27_32
[11:58:40.670] [N] Loading 1_28_34
[11:58:40.670] [N] Loading 1_32_27
[11:58:40.670] [N] Loading 1_33_39
[11:58:40.670] [N] Loading 1_27_34
[11:58:40.670] [N] Loading 1_34_39
[11:58:40.670] [N] Loading 1_34_29
[11:58:40.670] [N] Loading 1_32_39
[11:58:40.670] [N] Loading 1_28_37
[11:58:40.670] [N] Loading 1_38_35
[11:58:40.670] [N] Loading 1_37_37
[11:58:40.670] [N] Loading 1_33_27
[11:58:40.670] [N] Loading 1_31_39
[11:58:41.105] [N] Loading 1_34_28
[11:58:41.105] [N] Loading 1_29_38
[11:58:41.105] [N] Loading 1_38_36
[11:58:41.105] [N] Loading 1_36_38
[11:58:41.105] [N] Loading 1_38_34
[11:58:41.105] [N] Loading 1_26_29
[11:58:41.105] [N] Loading 1_27_28
[11:58:41.105] [N] Loading 1_27_31
[11:58:41.105] [N] Loading 1_27_36
[11:58:41.105] [N] Loading 1_27_35
[11:58:41.105] [N] Loading 1_30_39
[11:58:41.105] [N] Loading 1_36_30
[11:58:41.105] [N] Loading 1_28_28
[11:58:41.105] [N] Loading 1_35_29
[11:58:41.105] [N] Loading 1_34_27
[11:58:41.105] [N] Loading 1_26_33
[11:58:41.105] [N] Loading 1_35_28
[11:58:41.105] [N] Loading 1_26_32
[11:58:41.105] [N] Loading 1_35_39
[11:58:41.105] [N] Loading 1_26_30
[11:58:41.105] [N] Loading 1_26_28
[11:58:41.105] [N] Loading 1_39_35
[11:58:41.105] [N] Loading 1_27_37
[11:58:41.105] [N] Loading 1_38_37
[11:58:41.105] [N] Loading 1_28_38
[11:58:41.105] [N] Loading 1_39_36
[11:58:41.105] [N] Loading 1_26_34
[11:58:41.105] [N] Loading 1_32_26
[11:58:41.105] [N] Loading 1_33_26
[11:58:41.105] [N] Loading 1_31_40
[11:58:41.105] [N] Loading 1_29_39
[11:58:41.105] [N] Loading 1_38_31
[11:58:41.105] [N] Loading 1_36_39
[11:58:41.498] [N] Loading 1_26_31
[11:58:41.498] [N] Loading 1_32_40
[11:58:41.498] [N] Loading 1_39_34
[11:58:41.498] [N] Loading 1_38_32
[11:58:41.498] [N] Loading 1_35_27
[11:58:41.498] [N] Loading 1_30_40
[11:58:41.498] [N] Loading 1_26_35
[11:58:41.498] [N] Loading 1_36_29
[11:58:41.498] [N] Loading 1_34_40
[11:58:41.498] [N] Loading 1_33_40
[11:58:41.498] [N] Loading 1_36_28
[11:58:41.498] [N] Loading 1_39_37
[11:58:41.498] [N] Loading 1_35_40
[11:58:41.498] [N] Loading 1_40_35
[11:58:41.498] [N] Loading 1_37_38
[11:58:42.839] [N] Loading 1_34_26
[11:58:42.839] [N] Loading 1_26_36
[11:58:42.839] [N] Loading 1_27_38
[11:58:42.839] [N] Loading 1_31_26
[11:58:42.839] [N] Loading 1_28_39
[11:58:42.839] [N] Loading 1_25_33
[11:58:42.839] [N] Loading 1_26_37
[11:58:42.839] [N] Loading 1_25_32
[11:58:42.839] [N] Loading 1_27_27
[11:58:42.839] [N] Loading 1_40_36
[11:58:42.839] [N] Loading 1_35_26
[11:58:42.839] [N] Loading 1_31_41
[11:58:43.355] [N] Loading 1_25_31
[11:58:43.355] [N] Loading 1_38_33
[11:58:43.355] [N] Loading 1_29_40
[11:58:43.355] [N] Loading 1_36_27
[11:58:43.355] [N] Loading 1_32_41
[11:58:43.355] [N] Loading 1_37_39
[11:58:43.355] [N] Loading 1_30_41
[11:58:43.355] [N] Loading 1_36_40
[11:58:43.355] [N] Loading 1_25_35
[11:58:43.356] [N] Loading 1_26_38
[11:58:43.356] [N] Loading 1_38_38
[11:58:43.356] [N] Loading 1_40_34
[11:58:43.356] [N] Loading 1_36_26
[11:58:43.356] [N] Loading 1_25_34
[11:58:43.356] [N] Loading 1_33_41
[11:58:43.356] [N] Loading 1_33_25
[11:58:43.356] [N] Loading 1_39_38
[11:58:43.356] [N] Loading 1_40_37
[11:58:43.356] [N] Loading 1_41_35
[11:58:43.356] [N] Loading 1_32_25
[11:58:43.356] [N] Loading 1_25_30
[11:58:43.356] [N] Loading 1_30_27
[11:58:43.356] [N] Loading 1_27_39
[11:58:43.356] [N] Loading 1_37_40
[11:58:43.356] [N] Loading 1_41_36
[11:58:43.356] [N] Loading 1_37_27
[11:58:43.356] [N] Loading 1_28_40
[11:58:43.356] [N] Loading 1_29_41
[11:58:43.356] [N] Loading 1_31_42
[11:58:43.356] [N] Loading 1_24_32
[11:58:43.356] [N] Loading 1_31_25
[11:58:43.356] [N] Loading 1_35_41
[11:58:43.356] [N] Loading 1_30_26
[11:58:43.356] [N] Loading 1_38_39
[11:58:43.356] [N] Loading 1_32_42
[11:58:43.356] [N] Loading 1_34_41
[11:58:43.356] [N] Loading 1_24_33
[11:58:43.356] [N] Loading 1_35_25
[11:58:43.356] [N] Loading 1_37_28
[11:58:43.356] [N] Loading 1_24_34
[11:58:43.356] [N] Loading 1_40_38
[11:58:43.356] [N] Loading 1_34_25
[11:58:43.356] [N] Loading 1_24_31
[11:58:43.356] [N] Loading 1_24_35
[11:58:43.356] [N] Loading 1_25_37
[11:58:43.356] [N] Loading 1_26_39
[11:58:43.356] [N] Loading 1_25_38
[11:58:43.356] [N] Loading 1_30_42
[11:58:43.356] [N] Loading 1_24_30
[11:58:43.356] [N] Loading 1_36_25
[11:58:43.356] [N] Loading 1_33_42
[11:58:43.356] [N] Loading 1_28_41
[11:58:43.356] [N] Loading 1_39_39
[11:58:43.356] [N] Loading 1_37_29
[11:58:43.356] [N] Loading 1_38_40
[11:58:43.356] [N] Loading 1_36_41
[11:58:43.356] [N] Loading 1_41_37
[11:58:43.356] [N] Loading 1_37_26
[11:58:43.356] [N] Loading 1_25_29
[11:58:43.356] [N] Loading 1_29_42
[11:58:43.356] [N] Loading 1_38_27
[11:58:43.356] [N] Loading 1_38_28
[11:58:43.356] [N] Loading 1_30_25
[11:58:43.356] [N] Loading 1_25_39
[11:58:43.356] [N] Loading 1_27_40
[11:58:43.356] [N] Loading 1_34_42
[11:58:43.356] [N] Loading 1_41_38
[11:58:43.356] [N] Loading 1_24_29
[11:58:43.356] [N] Loading 1_40_39
[11:58:43.356] [N] Loading 1_39_40
[11:58:43.356] [N] Loading 1_26_40
[11:58:43.356] [N] Loading 1_37_41
[11:58:43.807] [N] Loading 1_33_24
[11:58:43.807] [N] Loading 1_23_32
[11:58:43.807] [N] Loading 1_29_27
[11:58:43.807] [N] Loading 1_23_34
[11:58:43.807] [N] Loading 1_23_31
[11:58:43.807] [N] Loading 1_23_33
[11:58:43.807] [N] Loading 1_38_26
[11:58:43.807] [N] Loading 1_27_41
[11:58:43.807] [N] Loading 1_41_34
[11:58:43.807] [N] Loading 1_29_26
[11:58:43.807] [N] Loading 1_31_43
[11:58:43.807] [N] Loading 1_34_24
[11:58:43.807] [N] Loading 1_35_42
[11:58:43.807] [N] Loading 1_35_24
[11:58:43.807] [N] Loading 1_23_30
[11:58:43.807] [N] Loading 1_32_43
[11:58:43.807] [N] Loading 1_28_42
[11:58:43.807] [N] Loading 1_42_35
[11:58:43.807] [N] Loading 1_41_39
[11:58:43.807] [N] Loading 1_39_28
[11:58:43.807] [N] Loading 1_39_27
[11:58:43.807] [N] Loading 1_25_40
[11:58:43.807] [N] Loading 1_42_34
[11:58:43.807] [N] Loading 1_33_43
[11:58:43.807] [N] Loading 1_25_28
[11:58:43.807] [N] Loading 1_23_29
[11:58:43.807] [N] Loading 1_38_41
[11:58:43.807] [N] Loading 1_30_43
[11:58:43.807] [N] Loading 1_36_24
[11:58:43.807] [N] Loading 1_40_33
[11:58:43.807] [N] Loading 1_39_41
[11:58:43.807] [N] Loading 1_41_33
[11:58:43.807] [N] Loading 1_37_25
[11:58:43.807] [N] Loading 1_34_43
[11:58:43.807] [N] Loading 1_39_33
[11:58:43.807] [N] Loading 1_36_42
[11:58:43.807] [N] Loading 1_42_36
[11:58:43.807] [N] Loading 1_40_40
[11:58:43.807] [N] Loading 1_22_33
[11:58:43.807] [N] Loading 1_29_25
[11:58:43.807] [N] Loading 1_26_41
[11:58:43.807] [N] Loading 1_24_28
[11:58:43.807] [N] Loading 1_22_31
[11:58:43.807] [N] Loading 1_29_43
[11:58:43.807] [N] Loading 1_39_29
[11:58:43.807] [N] Loading 1_39_32
[11:58:43.807] [N] Loading 1_40_32
[11:58:43.807] [N] Loading 1_24_39
[11:58:43.807] [N] Loading 1_22_32
[11:58:43.807] [N] Loading 1_24_40
[11:58:43.807] [N] Loading 1_22_30
[11:58:43.807] [N] Loading 1_25_41
[11:58:43.807] [N] Loading 1_27_42
[11:58:43.807] [N] Loading 1_28_27
[11:58:43.807] [N] Loading 1_40_28
[11:58:43.807] [N] Loading 1_40_27
[11:58:43.807] [N] Loading 1_23_28
[11:58:43.807] [N] Loading 1_35_43
[11:58:43.807] [N] Loading 1_37_24
[11:58:43.807] [N] Loading 1_40_41
[11:58:43.807] [N] Loading 1_37_42
[11:58:43.807] [N] Loading 1_42_37
[11:58:44.171] [N] Loading 1_39_31
[11:58:44.171] [N] Loading 1_40_31
[11:58:44.171] [N] Loading 1_28_26
[11:58:44.171] [N] Loading 1_28_43
[11:58:44.171] [N] Loading 1_38_25
[11:58:44.171] [N] Loading 1_43_36
[11:58:44.171] [N] Loading 1_21_33
[11:58:44.171] [N] Loading 1_31_44
[11:58:44.171] [N] Loading 1_22_29
[11:58:44.171] [N] Loading 1_24_41
[11:58:44.171] [N] Loading 1_41_32
[11:58:44.171] [N] Loading 1_32_44
[11:58:44.171] [N] Loading 1_26_42
[11:58:44.171] [N] Loading 1_25_27
[11:58:44.171] [N] Loading 1_39_26
[11:58:44.171] [N] Loading 1_21_32
[11:58:44.171] [N] Loading 1_21_31
[11:58:44.171] [N] Loading 1_38_42
[11:58:44.171] [N] Loading 1_33_44
[11:58:44.171] [N] Loading 1_30_44
[11:58:44.171] [N] Loading 1_21_30
[11:58:44.171] [N] Loading 1_39_42
[11:58:44.853] [N] Loading 1_32_30
[11:58:44.853] [N] Loading 1_31_30
[11:58:44.853] [N] Loading 1_30_30
[11:58:44.853] [N] Loading 1_30_29
[11:58:44.853] [N] Loading 1_31_29
[11:58:44.853] [N] Loading 1_30_28
[11:58:44.853] [N] Loading 1_31_28
[11:58:44.853] [N] Loading 1_32_28
[11:58:44.853] [N] Loading 1_32_29
[11:58:55.673] [D] [QuestLog] Loaded 67 completed quests from Lua fallback
[11:59:00.127] [N] Loading 1_40_26
[11:59:06.225] [N] Loading 1_24_27
[11:59:07.874] [N] Loading 1_34_44
[11:59:10.520] [N] Loading 1_30_31
[11:59:10.520] [N] Loading 1_30_32
[11:59:10.520] [N] Loading 1_30_33
[11:59:14.141] [N] Loading 1_39_30
[11:59:14.141] [N] Loading 1_41_28
[11:59:40.272] [N] Loading 1_32_34
[11:59:40.272] [N] Loading 1_31_34
[11:59:40.272] [N] Loading 1_33_34
[11:59:40.272] [N] Loading 1_32_35
[11:59:40.272] [N] Loading 1_33_35
[11:59:40.272] [N] Loading 1_31_35
[11:59:40.272] [N] Loading 1_34_34
[11:59:40.272] [N] Loading 1_34_35
[11:59:40.273] [N] Loading 1_29_31
[11:59:40.273] [N] Loading 1_29_30
[11:59:40.273] [N] Loading 1_33_36
[11:59:40.273] [N] Loading 1_32_36
[11:59:40.273] [N] Loading 1_29_32
[11:59:40.273] [N] Loading 1_30_34
[11:59:40.273] [N] Loading 1_30_35
[11:59:40.273] [N] Loading 1_31_36
[11:59:40.273] [N] Loading 1_34_36
[11:59:40.273] [N] Loading 1_35_34
[11:59:40.273] [N] Loading 1_35_35
[11:59:40.273] [N] Loading 1_29_29
[11:59:40.273] [N] Loading 1_29_33
[11:59:40.273] [N] Loading 1_30_36
[11:59:40.273] [N] Loading 1_28_31
[11:59:40.273] [N] Loading 1_28_32
[11:59:40.273] [N] Loading 1_35_36
[11:59:40.273] [N] Loading 1_29_34
[11:59:40.273] [N] Loading 1_32_37
[11:59:40.273] [N] Loading 1_28_30
[11:59:40.273] [N] Loading 1_33_37
[11:59:40.273] [N] Loading 1_36_35
[11:59:40.273] [N] Loading 1_29_35
[11:59:40.273] [N] Loading 1_34_37
[11:59:40.273] [N] Loading 1_31_37
[11:59:40.273] [N] Loading 1_28_33
[11:59:40.273] [N] Loading 1_28_29
[11:59:40.619] [N] Loading 1_36_34
[11:59:40.619] [N] Loading 1_36_36
[11:59:40.619] [N] Loading 1_29_36
[11:59:40.619] [N] Loading 1_35_37
[11:59:40.619] [N] Loading 1_29_28
[11:59:40.619] [N] Loading 1_30_37
[11:59:40.619] [N] Loading 1_33_38
[11:59:40.619] [N] Loading 1_37_35
[11:59:40.619] [N] Loading 1_32_38
[11:59:40.619] [N] Loading 1_27_30
[11:59:40.619] [N] Loading 1_37_34
[11:59:40.619] [N] Loading 1_31_38
[11:59:40.619] [N] Loading 1_34_38
[11:59:40.619] [N] Loading 1_36_37
[11:59:40.619] [N] Loading 1_37_36
[11:59:41.007] [N] Loading 1_29_37
[11:59:41.007] [N] Loading 1_27_29
[11:59:41.007] [N] Loading 1_35_38
[11:59:41.007] [N] Loading 1_31_27
[11:59:41.007] [N] Loading 1_28_36
[11:59:41.007] [N] Loading 1_28_35
[11:59:41.007] [N] Loading 1_27_33
[11:59:41.007] [N] Loading 1_33_29
[11:59:41.007] [N] Loading 1_33_28
[11:59:41.007] [N] Loading 1_30_38
[11:59:41.007] [N] Loading 1_27_32
[11:59:41.007] [N] Loading 1_28_34
[11:59:41.007] [N] Loading 1_33_39
[11:59:41.007] [N] Loading 1_34_39
[11:59:41.007] [N] Loading 1_32_27
[11:59:41.007] [N] Loading 1_32_39
[11:59:41.007] [N] Loading 1_27_34
[11:59:41.007] [N] Loading 1_38_35
[11:59:41.007] [N] Loading 1_37_37
[11:59:41.007] [N] Loading 1_28_37
[11:59:41.007] [N] Loading 1_34_29
[11:59:41.007] [N] Loading 1_31_39
[11:59:41.007] [N] Loading 1_33_27
[11:59:41.414] [N] Loading 1_38_36
[11:59:41.414] [N] Loading 1_36_38
[11:59:41.414] [N] Loading 1_34_28
[11:59:41.414] [N] Loading 1_29_38
[11:59:41.414] [N] Loading 1_38_34
[11:59:41.414] [N] Loading 1_26_29
[11:59:41.414] [N] Loading 1_27_28
[11:59:41.414] [N] Loading 1_27_36
[11:59:41.414] [N] Loading 1_27_31
[11:59:41.414] [N] Loading 1_27_35
[11:59:41.414] [N] Loading 1_36_30
[11:59:41.414] [N] Loading 1_30_39
[11:59:41.414] [N] Loading 1_35_29
[11:59:41.414] [N] Loading 1_34_27
[11:59:41.414] [N] Loading 1_28_28
[11:59:41.414] [N] Loading 1_35_39
[11:59:41.414] [N] Loading 1_35_28
[11:59:41.414] [N] Loading 1_26_33
[11:59:41.414] [N] Loading 1_26_32
[11:59:41.414] [N] Loading 1_39_35
[11:59:41.414] [N] Loading 1_26_30
[11:59:41.414] [N] Loading 1_38_37
[11:59:41.414] [N] Loading 1_26_28
[11:59:41.414] [N] Loading 1_27_37
[11:59:41.414] [N] Loading 1_39_36
[11:59:41.414] [N] Loading 1_28_38
[11:59:41.414] [N] Loading 1_26_34
[11:59:41.414] [N] Loading 1_38_31
[11:59:41.414] [N] Loading 1_32_26
[11:59:41.414] [N] Loading 1_33_26
[11:59:41.414] [N] Loading 1_31_40
[11:59:41.414] [N] Loading 1_36_39
[11:59:41.414] [N] Loading 1_29_39
[11:59:42.636] [N] Loading 1_32_40
[11:59:42.636] [N] Loading 1_26_31
[11:59:42.636] [N] Loading 1_39_34
[11:59:42.636] [N] Loading 1_38_32
[11:59:42.636] [N] Loading 1_30_40
[11:59:42.636] [N] Loading 1_35_27
[11:59:42.636] [N] Loading 1_26_35
[11:59:42.636] [N] Loading 1_34_40
[11:59:42.636] [N] Loading 1_33_40
[11:59:42.636] [N] Loading 1_36_29
[11:59:42.636] [N] Loading 1_35_40
[11:59:42.636] [N] Loading 1_39_37
[11:59:42.636] [N] Loading 1_36_28
[11:59:42.636] [N] Loading 1_40_35
[11:59:42.636] [N] Loading 1_37_38
[11:59:42.980] [N] Loading 1_26_36
[11:59:42.980] [N] Loading 1_34_26
[11:59:42.980] [N] Loading 1_27_38
[11:59:42.980] [N] Loading 1_28_39
[11:59:42.980] [N] Loading 1_31_26
[11:59:42.980] [N] Loading 1_25_33
[11:59:42.980] [N] Loading 1_25_32
[11:59:42.980] [N] Loading 1_26_37
[11:59:42.980] [N] Loading 1_27_27
[11:59:43.298] [N] Loading 1_31_41
[11:59:43.298] [N] Loading 1_40_36
[11:59:43.298] [N] Loading 1_35_26
[11:59:43.790] [N] Loading 1_25_31
[11:59:43.790] [N] Loading 1_29_40
[11:59:43.790] [N] Loading 1_38_33
[11:59:43.790] [N] Loading 1_32_41
[11:59:43.790] [N] Loading 1_36_27
[11:59:43.790] [N] Loading 1_30_41
[11:59:43.790] [N] Loading 1_37_39
[11:59:43.790] [N] Loading 1_25_35
[11:59:43.790] [N] Loading 1_36_40
[11:59:43.790] [N] Loading 1_26_38
[11:59:43.790] [N] Loading 1_38_38
[11:59:43.790] [N] Loading 1_40_34
[11:59:43.790] [N] Loading 1_25_34
[11:59:43.790] [N] Loading 1_33_41
[11:59:43.790] [N] Loading 1_36_26
[11:59:43.790] [N] Loading 1_39_38
[11:59:43.790] [N] Loading 1_33_25
[11:59:43.790] [N] Loading 1_40_37
[11:59:43.790] [N] Loading 1_41_35
[11:59:43.790] [N] Loading 1_32_25
[11:59:43.790] [N] Loading 1_25_30
[11:59:43.790] [N] Loading 1_30_27
[11:59:43.790] [N] Loading 1_27_39
[11:59:43.790] [N] Loading 1_37_40
[11:59:43.790] [N] Loading 1_28_40
[11:59:43.790] [N] Loading 1_41_36
[11:59:43.790] [N] Loading 1_29_41
[11:59:43.790] [N] Loading 1_31_42
[11:59:43.790] [N] Loading 1_24_32
[11:59:43.790] [N] Loading 1_35_41
[11:59:43.790] [N] Loading 1_32_42
[11:59:43.790] [N] Loading 1_37_27
[11:59:43.790] [N] Loading 1_38_39
[11:59:43.790] [N] Loading 1_34_41
[11:59:43.790] [N] Loading 1_24_33
[11:59:43.790] [N] Loading 1_30_26
[11:59:43.790] [N] Loading 1_31_25
[11:59:43.790] [N] Loading 1_35_25
[11:59:43.790] [N] Loading 1_24_34
[11:59:43.790] [N] Loading 1_40_38
[11:59:43.790] [N] Loading 1_25_37
[11:59:43.790] [N] Loading 1_24_35
[11:59:43.790] [N] Loading 1_24_31
[11:59:43.790] [N] Loading 1_37_28
[11:59:43.790] [N] Loading 1_26_39
[11:59:43.790] [N] Loading 1_25_38
[11:59:43.790] [N] Loading 1_34_25
[11:59:43.790] [N] Loading 1_30_42
[11:59:43.790] [N] Loading 1_24_30
[11:59:43.790] [N] Loading 1_33_42
[11:59:43.790] [N] Loading 1_28_41
[11:59:43.790] [N] Loading 1_39_39
[11:59:43.790] [N] Loading 1_36_25
[11:59:43.790] [N] Loading 1_38_40
[11:59:43.790] [N] Loading 1_37_29
[11:59:43.790] [N] Loading 1_36_41
[11:59:43.790] [N] Loading 1_41_37
[11:59:43.790] [N] Loading 1_25_29
[11:59:43.790] [N] Loading 1_29_42
[11:59:43.790] [N] Loading 1_37_26
[11:59:43.790] [N] Loading 1_25_39
[11:59:43.790] [N] Loading 1_38_27
[11:59:43.790] [N] Loading 1_27_40
[11:59:43.790] [N] Loading 1_30_25
[11:59:43.790] [N] Loading 1_34_42
[11:59:43.790] [N] Loading 1_38_28
[11:59:43.790] [N] Loading 1_41_38
[11:59:43.790] [N] Loading 1_24_29
[11:59:43.790] [N] Loading 1_40_39
[11:59:43.790] [N] Loading 1_26_40
[11:59:43.790] [N] Loading 1_39_40
[11:59:43.790] [N] Loading 1_37_41
[11:59:44.227] [N] Loading 1_23_32
[11:59:44.227] [N] Loading 1_23_34
[11:59:44.227] [N] Loading 1_23_31
[11:59:44.227] [N] Loading 1_23_33
[11:59:44.227] [N] Loading 1_29_27
[11:59:44.227] [N] Loading 1_33_24
[11:59:44.227] [N] Loading 1_38_26
[11:59:44.227] [N] Loading 1_27_41
[11:59:44.227] [N] Loading 1_41_34
[11:59:44.227] [N] Loading 1_31_43
[11:59:44.227] [N] Loading 1_35_42
[11:59:44.227] [N] Loading 1_29_26
[11:59:44.227] [N] Loading 1_32_43
[11:59:44.227] [N] Loading 1_23_30
[11:59:44.227] [N] Loading 1_28_42
[11:59:44.227] [N] Loading 1_34_24
[11:59:44.227] [N] Loading 1_42_35
[11:59:44.227] [N] Loading 1_41_39
[11:59:44.227] [N] Loading 1_35_24
[11:59:44.227] [N] Loading 1_25_40
[11:59:44.227] [N] Loading 1_33_43
[11:59:44.227] [N] Loading 1_39_28
[11:59:44.227] [N] Loading 1_42_34
[11:59:44.227] [N] Loading 1_39_27
[11:59:44.227] [N] Loading 1_38_41
[11:59:44.227] [N] Loading 1_30_43
[11:59:44.227] [N] Loading 1_23_29
[11:59:44.227] [N] Loading 1_25_28
[11:59:44.227] [N] Loading 1_39_41
[11:59:44.227] [N] Loading 1_40_33
[11:59:44.227] [N] Loading 1_36_24
[11:59:44.227] [N] Loading 1_41_33
[11:59:44.227] [N] Loading 1_34_43
[11:59:44.227] [N] Loading 1_36_42
[11:59:44.227] [N] Loading 1_37_25
[11:59:44.227] [N] Loading 1_39_33
[11:59:44.227] [N] Loading 1_42_36
[11:59:44.227] [N] Loading 1_40_40
[11:59:44.227] [N] Loading 1_26_41
[11:59:44.227] [N] Loading 1_22_33
[11:59:44.227] [N] Loading 1_24_28
[11:59:44.227] [N] Loading 1_22_31
[11:59:44.227] [N] Loading 1_29_25
[11:59:44.227] [N] Loading 1_29_43
[11:59:44.227] [N] Loading 1_39_29
[11:59:44.227] [N] Loading 1_24_39
[11:59:44.227] [N] Loading 1_39_32
[11:59:44.227] [N] Loading 1_40_32
[11:59:44.227] [N] Loading 1_22_32
[11:59:44.227] [N] Loading 1_24_40
[11:59:44.227] [N] Loading 1_22_30
[11:59:44.227] [N] Loading 1_25_41
[11:59:44.227] [N] Loading 1_27_42
[11:59:44.227] [N] Loading 1_28_27
[11:59:44.227] [N] Loading 1_35_43
[11:59:44.227] [N] Loading 1_40_28
[11:59:44.227] [N] Loading 1_23_28
[11:59:44.227] [N] Loading 1_40_27
[11:59:44.227] [N] Loading 1_40_41
[11:59:44.227] [N] Loading 1_37_42
[11:59:44.227] [N] Loading 1_37_24
[11:59:44.582] [N] Loading 1_42_37
[11:59:44.582] [N] Loading 1_39_31
[11:59:44.582] [N] Loading 1_40_31
[11:59:44.582] [N] Loading 1_28_43
[11:59:44.582] [N] Loading 1_28_26
[11:59:44.582] [N] Loading 1_31_44
[11:59:44.582] [N] Loading 1_43_36
[11:59:44.582] [N] Loading 1_38_25
[11:59:44.582] [N] Loading 1_24_41
[11:59:44.582] [N] Loading 1_21_33
[11:59:44.582] [N] Loading 1_32_44
[11:59:44.582] [N] Loading 1_22_29
[11:59:44.582] [N] Loading 1_41_32
[11:59:44.582] [N] Loading 1_26_42
[11:59:44.582] [N] Loading 1_25_27
[11:59:44.582] [N] Loading 1_21_32
[11:59:44.582] [N] Loading 1_21_31
[11:59:44.582] [N] Loading 1_38_42
[11:59:44.582] [N] Loading 1_39_26
[11:59:44.582] [N] Loading 1_33_44
[11:59:44.582] [N] Loading 1_30_44
[11:59:44.582] [N] Loading 1_39_42
[11:59:44.582] [N] Loading 1_21_30
[11:59:44.922] [N] Loading 1_32_30
[11:59:44.922] [N] Loading 1_31_30
[11:59:44.922] [N] Loading 1_30_30
[11:59:44.922] [N] Loading 1_30_29
[11:59:44.922] [N] Loading 1_31_29
[11:59:44.922] [N] Loading 1_30_28
[11:59:44.922] [N] Loading 1_31_28
[11:59:44.922] [N] Loading 1_32_28
[11:59:44.922] [N] Loading 1_32_29
[11:59:51.585] [N] [Singular] Casting Blessing of Kings on Myself
[11:59:51.585] [D] Spell_C::CastSpell(20217, 0, 0x6000000007EAB80, 0)
[12:00:00.575] [N] Loading 1_40_26
[12:00:01.519] [D] [QuestLog] Loaded 67 completed quests from Lua fallback
[12:00:11.265] [N] Loading 1_30_31
[12:00:11.265] [N] Loading 1_30_32
[12:00:11.265] [N] Loading 1_30_33
[12:00:11.568] [N] Loading 1_24_27
[12:00:13.107] [N] Loading 1_34_44
[12:00:19.051] [N] Loading 1_39_30
[12:00:19.051] [N] Loading 1_41_28
[12:00:40.586] [N] Loading 1_32_34
[12:00:40.586] [N] Loading 1_31_34
[12:00:40.586] [N] Loading 1_33_34
[12:00:40.586] [N] Loading 1_32_35
[12:00:40.586] [N] Loading 1_33_35
[12:00:40.586] [N] Loading 1_31_35
[12:00:40.586] [N] Loading 1_34_34
[12:00:40.586] [N] Loading 1_34_35
[12:00:40.586] [N] Loading 1_29_31
[12:00:40.586] [N] Loading 1_33_36
[12:00:40.586] [N] Loading 1_32_36
[12:00:40.586] [N] Loading 1_29_30
[12:00:40.586] [N] Loading 1_30_34
[12:00:40.586] [N] Loading 1_29_32
[12:00:40.586] [N] Loading 1_30_35
[12:00:40.586] [N] Loading 1_34_36
[12:00:40.586] [N] Loading 1_35_34
[12:00:40.586] [N] Loading 1_31_36
[12:00:40.586] [N] Loading 1_35_35
[12:00:40.586] [N] Loading 1_29_29
[12:00:40.586] [N] Loading 1_29_33
[12:00:40.586] [N] Loading 1_30_36
[12:00:40.586] [N] Loading 1_35_36
[12:00:40.586] [N] Loading 1_28_31
[12:00:40.586] [N] Loading 1_28_32
[12:00:40.586] [N] Loading 1_32_37
[12:00:40.586] [N] Loading 1_29_34
[12:00:40.586] [N] Loading 1_33_37
[12:00:40.586] [N] Loading 1_28_30
[12:00:40.586] [N] Loading 1_36_35
[12:00:40.586] [N] Loading 1_34_37
[12:00:40.586] [N] Loading 1_29_35
[12:00:40.586] [N] Loading 1_31_37
[12:00:40.586] [N] Loading 1_28_33
[12:00:40.586] [N] Loading 1_28_29
[12:00:40.924] [N] Loading 1_36_34
[12:00:40.924] [N] Loading 1_36_36
[12:00:40.924] [N] Loading 1_29_36
[12:00:40.924] [N] Loading 1_35_37
[12:00:40.924] [N] Loading 1_29_28
[12:00:40.924] [N] Loading 1_30_37
[12:00:40.924] [N] Loading 1_33_38
[12:00:40.924] [N] Loading 1_37_35
[12:00:40.924] [N] Loading 1_32_38
[12:00:40.924] [N] Loading 1_37_34
[12:00:40.924] [N] Loading 1_27_30
[12:00:40.924] [N] Loading 1_31_38
[12:00:40.924] [N] Loading 1_34_38
[12:00:40.924] [N] Loading 1_36_37
[12:00:40.924] [N] Loading 1_37_36
[12:00:41.299] [N] Loading 1_27_29
[12:00:41.299] [N] Loading 1_29_37
[12:00:41.299] [N] Loading 1_31_27
[12:00:41.299] [N] Loading 1_33_29
[12:00:41.299] [N] Loading 1_28_36
[12:00:41.299] [N] Loading 1_33_28
[12:00:41.299] [N] Loading 1_35_38
[12:00:41.299] [N] Loading 1_27_33
[12:00:41.299] [N] Loading 1_28_35
[12:00:41.299] [N] Loading 1_30_38
[12:00:41.299] [N] Loading 1_27_32
[12:00:41.299] [N] Loading 1_28_34
[12:00:41.299] [N] Loading 1_32_27
[12:00:41.299] [N] Loading 1_33_39
[12:00:41.299] [N] Loading 1_27_34
[12:00:41.299] [N] Loading 1_34_39
[12:00:41.299] [N] Loading 1_34_29
[12:00:41.299] [N] Loading 1_32_39
[12:00:41.299] [N] Loading 1_28_37
[12:00:41.299] [N] Loading 1_38_35
[12:00:41.299] [N] Loading 1_37_37
[12:00:41.299] [N] Loading 1_33_27
[12:00:41.299] [N] Loading 1_31_39
[12:00:41.697] [N] Loading 1_34_28
[12:00:41.697] [N] Loading 1_29_38
[12:00:41.697] [N] Loading 1_38_36
[12:00:41.697] [N] Loading 1_36_38
[12:00:41.697] [N] Loading 1_38_34
[12:00:41.697] [N] Loading 1_26_29
[12:00:41.697] [N] Loading 1_27_28
[12:00:41.697] [N] Loading 1_27_31
[12:00:41.697] [N] Loading 1_27_36
[12:00:41.697] [N] Loading 1_27_35
[12:00:41.697] [N] Loading 1_30_39
[12:00:41.697] [N] Loading 1_36_30
[12:00:41.697] [N] Loading 1_28_28
[12:00:41.697] [N] Loading 1_35_29
[12:00:41.697] [N] Loading 1_34_27
[12:00:41.697] [N] Loading 1_26_33
[12:00:41.697] [N] Loading 1_35_28
[12:00:41.697] [N] Loading 1_26_32
[12:00:41.697] [N] Loading 1_35_39
[12:00:41.697] [N] Loading 1_26_30
[12:00:41.697] [N] Loading 1_26_28
[12:00:41.697] [N] Loading 1_39_35
[12:00:41.697] [N] Loading 1_27_37
[12:00:41.697] [N] Loading 1_38_37
[12:00:41.698] [N] Loading 1_28_38
[12:00:41.698] [N] Loading 1_39_36
[12:00:41.698] [N] Loading 1_26_34
[12:00:41.698] [N] Loading 1_32_26
[12:00:41.698] [N] Loading 1_33_26
[12:00:41.698] [N] Loading 1_31_40
[12:00:41.698] [N] Loading 1_29_39
[12:00:41.698] [N] Loading 1_38_31
[12:00:41.698] [N] Loading 1_36_39
[12:00:42.979] [N] Loading 1_26_31
[12:00:42.979] [N] Loading 1_32_40
[12:00:42.979] [N] Loading 1_39_34
[12:00:42.979] [N] Loading 1_38_32
[12:00:42.979] [N] Loading 1_35_27
[12:00:42.979] [N] Loading 1_30_40
[12:00:42.979] [N] Loading 1_26_35
[12:00:42.979] [N] Loading 1_34_40
[12:00:42.979] [N] Loading 1_36_29
[12:00:42.979] [N] Loading 1_33_40
[12:00:42.979] [N] Loading 1_36_28
[12:00:42.979] [N] Loading 1_39_37
[12:00:42.979] [N] Loading 1_35_40
[12:00:42.979] [N] Loading 1_40_35
[12:00:42.979] [N] Loading 1_37_38
[12:00:43.315] [N] Loading 1_34_26
[12:00:43.315] [N] Loading 1_26_36
[12:00:43.315] [N] Loading 1_27_38
[12:00:43.315] [N] Loading 1_31_26
[12:00:43.315] [N] Loading 1_28_39
[12:00:43.315] [N] Loading 1_25_33
[12:00:43.315] [N] Loading 1_26_37
[12:00:43.315] [N] Loading 1_25_32
[12:00:43.315] [N] Loading 1_27_27
[12:00:43.634] [N] Loading 1_35_26
[12:00:43.634] [N] Loading 1_40_36
[12:00:43.634] [N] Loading 1_31_41
[12:00:44.065] [N] Loading 1_25_31
[12:00:44.065] [N] Loading 1_38_33
[12:00:44.065] [N] Loading 1_29_40
[12:00:44.065] [N] Loading 1_36_27
[12:00:44.065] [N] Loading 1_32_41
[12:00:44.065] [N] Loading 1_37_39
[12:00:44.065] [N] Loading 1_30_41
[12:00:44.065] [N] Loading 1_36_40
[12:00:44.065] [N] Loading 1_25_35
[12:00:44.065] [N] Loading 1_26_38
[12:00:44.065] [N] Loading 1_38_38
[12:00:44.065] [N] Loading 1_40_34
[12:00:44.065] [N] Loading 1_36_26
[12:00:44.065] [N] Loading 1_33_41
[12:00:44.065] [N] Loading 1_25_34
[12:00:44.065] [N] Loading 1_39_38
[12:00:44.065] [N] Loading 1_40_37
[12:00:44.065] [N] Loading 1_33_25
[12:00:44.065] [N] Loading 1_41_35
[12:00:44.065] [N] Loading 1_32_25
[12:00:44.065] [N] Loading 1_25_30
[12:00:44.065] [N] Loading 1_30_27
[12:00:44.065] [N] Loading 1_27_39
[12:00:44.065] [N] Loading 1_37_40
[12:00:44.065] [N] Loading 1_41_36
[12:00:44.065] [N] Loading 1_28_40
[12:00:44.065] [N] Loading 1_29_41
[12:00:44.065] [N] Loading 1_31_42
[12:00:44.065] [N] Loading 1_37_27
[12:00:44.065] [N] Loading 1_35_41
[12:00:44.065] [N] Loading 1_24_32
[12:00:44.065] [N] Loading 1_38_39
[12:00:44.065] [N] Loading 1_32_42
[12:00:44.065] [N] Loading 1_34_41
[12:00:44.065] [N] Loading 1_31_25
[12:00:44.065] [N] Loading 1_30_26
[12:00:44.065] [N] Loading 1_24_33
[12:00:44.065] [N] Loading 1_35_25
[12:00:44.065] [N] Loading 1_40_38
[12:00:44.065] [N] Loading 1_24_34
[12:00:44.065] [N] Loading 1_37_28
[12:00:44.065] [N] Loading 1_25_37
[12:00:44.065] [N] Loading 1_24_35
[12:00:44.065] [N] Loading 1_24_31
[12:00:44.065] [N] Loading 1_34_25
[12:00:44.065] [N] Loading 1_26_39
[12:00:44.065] [N] Loading 1_25_38
[12:00:44.065] [N] Loading 1_30_42
[12:00:44.065] [N] Loading 1_24_30
[12:00:44.065] [N] Loading 1_33_42
[12:00:44.065] [N] Loading 1_39_39
[12:00:44.065] [N] Loading 1_28_41
[12:00:44.439] [N] Loading 1_36_25
[12:00:44.439] [N] Loading 1_37_29
[12:00:44.439] [N] Loading 1_38_40
[12:00:44.439] [N] Loading 1_36_41
[12:00:44.439] [N] Loading 1_41_37
[12:00:44.439] [N] Loading 1_37_26
[12:00:44.439] [N] Loading 1_25_29
[12:00:44.439] [N] Loading 1_29_42
[12:00:44.439] [N] Loading 1_38_27
[12:00:44.439] [N] Loading 1_38_28
[12:00:44.439] [N] Loading 1_25_39
[12:00:44.439] [N] Loading 1_30_25
[12:00:44.439] [N] Loading 1_27_40
[12:00:44.439] [N] Loading 1_34_42
[12:00:44.439] [N] Loading 1_41_38
[12:00:44.439] [N] Loading 1_40_39
[12:00:44.439] [N] Loading 1_24_29
[12:00:44.439] [N] Loading 1_39_40
[12:00:44.439] [N] Loading 1_33_24
[12:00:44.439] [N] Loading 1_26_40
[12:00:44.439] [N] Loading 1_23_32
[12:00:44.439] [N] Loading 1_29_27
[12:00:44.439] [N] Loading 1_23_34
[12:00:44.439] [N] Loading 1_37_41
[12:00:44.439] [N] Loading 1_23_31
[12:00:44.439] [N] Loading 1_23_33
[12:00:44.439] [N] Loading 1_38_26
[12:00:44.854] [N] Loading 1_27_41
[12:00:44.854] [N] Loading 1_41_34
[12:00:44.854] [N] Loading 1_29_26
[12:00:44.854] [N] Loading 1_31_43
[12:00:44.854] [N] Loading 1_34_24
[12:00:44.854] [N] Loading 1_35_42
[12:00:44.854] [N] Loading 1_35_24
[12:00:44.854] [N] Loading 1_32_43
[12:00:44.854] [N] Loading 1_23_30
[12:00:44.854] [N] Loading 1_28_42
[12:00:44.854] [N] Loading 1_42_35
[12:00:44.854] [N] Loading 1_41_39
[12:00:44.854] [N] Loading 1_39_28
[12:00:44.854] [N] Loading 1_39_27
[12:00:44.854] [N] Loading 1_25_40
[12:00:44.854] [N] Loading 1_42_34
[12:00:44.854] [N] Loading 1_33_43
[12:00:44.854] [N] Loading 1_38_41
[12:00:44.854] [N] Loading 1_25_28
[12:00:44.854] [N] Loading 1_23_29
[12:00:44.854] [N] Loading 1_30_43
[12:00:44.854] [N] Loading 1_36_24
[12:00:44.854] [N] Loading 1_40_33
[12:00:44.854] [N] Loading 1_39_41
[12:00:44.854] [N] Loading 1_41_33
[12:00:44.854] [N] Loading 1_37_25
[12:00:44.854] [N] Loading 1_34_43
[12:00:44.854] [N] Loading 1_39_33
[12:00:44.854] [N] Loading 1_36_42
[12:00:44.854] [N] Loading 1_42_36
[12:00:44.854] [N] Loading 1_40_40
[12:00:44.854] [N] Loading 1_22_33
[12:00:44.854] [N] Loading 1_29_25
[12:00:44.854] [N] Loading 1_26_41
[12:00:44.854] [N] Loading 1_24_28
[12:00:44.854] [N] Loading 1_22_31
[12:00:44.854] [N] Loading 1_29_43
[12:00:44.854] [N] Loading 1_39_29
[12:00:44.854] [N] Loading 1_39_32
[12:00:44.854] [N] Loading 1_40_32
[12:00:44.854] [N] Loading 1_24_39
[12:00:44.854] [N] Loading 1_22_32
[12:00:44.854] [N] Loading 1_24_40
[12:00:44.854] [N] Loading 1_22_30
[12:00:44.854] [N] Loading 1_25_41
[12:00:44.854] [N] Loading 1_27_42
[12:00:44.854] [N] Loading 1_40_28
[12:00:44.854] [N] Loading 1_28_27
[12:00:44.854] [N] Loading 1_40_27
[12:00:44.854] [N] Loading 1_35_43
[12:00:44.854] [N] Loading 1_23_28
[12:00:44.854] [N] Loading 1_37_24
[12:00:44.854] [N] Loading 1_40_41
[12:00:44.854] [N] Loading 1_37_42
[12:00:45.221] [N] Loading 1_32_30
[12:00:45.221] [N] Loading 1_31_30
[12:00:45.221] [N] Loading 1_30_30
[12:00:45.221] [N] Loading 1_30_29
[12:00:45.221] [N] Loading 1_31_29
[12:00:45.221] [N] Loading 1_30_28
[12:00:45.221] [N] Loading 1_31_28
[12:00:45.221] [N] Loading 1_32_28
[12:00:45.221] [N] Loading 1_32_29
[12:00:45.221] [N] Loading 1_39_31
[12:00:45.221] [N] Loading 1_42_37
[12:00:45.221] [N] Loading 1_40_31
[12:00:45.221] [N] Loading 1_28_26
[12:00:45.221] [N] Loading 1_28_43
[12:00:45.221] [N] Loading 1_38_25
[12:00:45.221] [N] Loading 1_22_29
[12:00:45.221] [N] Loading 1_21_33
[12:00:45.221] [N] Loading 1_43_36
[12:00:45.221] [N] Loading 1_31_44
[12:00:45.221] [N] Loading 1_24_41
[12:00:45.221] [N] Loading 1_41_32
[12:00:45.221] [N] Loading 1_25_27
[12:00:45.221] [N] Loading 1_26_42
[12:00:45.221] [N] Loading 1_32_44
[12:00:45.221] [N] Loading 1_39_26
[12:00:45.221] [N] Loading 1_21_32
[12:00:45.221] [N] Loading 1_21_31
[12:00:45.221] [N] Loading 1_38_42
[12:00:45.221] [N] Loading 1_33_44
[12:00:45.221] [N] Loading 1_30_44
[12:00:45.221] [N] Loading 1_21_30
[12:00:45.221] [N] Loading 1_39_42
[12:01:00.928] [N] Loading 1_40_26
[12:01:03.741] [D] [QuestRecovery] quest=6461, stage=Objective, old=Attempting, new=CoolingDown, reason=NoObjectiveProgress, episode=1, attempt=1, retry=09/05/2026 04:31:03
[12:01:03.741] [N] [Wholesome Auto Quest] Recovery quest=6461;stage=Objective;scope=QuestStage;reason=NoObjectiveProgress;episode=True;state=CoolingDown.
[12:01:03.741] [N] [Wholesome Auto Quest] Quest 6461 recovery outcome requires one scheduler rebuild.
[12:01:04.574] [D] [QuestLog] Loaded 67 completed quests from Lua fallback
[12:01:04.616] [D] Activity: No eligible quest work; idle until 2026-09-05T04:31:03.7404600Z. excluded quest=104;stage=Pickup;npc=392;reason=outside-scan-radius;retry=context-change excluded quest=1062;stage=Objective;objective=0;reason=outside-scan-radius;retry=context-change. excluded quest=1069;stage=Pickup;npc=3446;reason=outside-scan-radius;retry=context-change excluded quest=1087;stage=Pickup;npc=4198;reason=outside-scan-radius;retry=context-change excluded quest=1093;stage=Pickup;npc=4201;reason=outside-scan-radius;retry=context-change excluded quest=11127;stage=Pickup;scope=QuestStage;retry=2026-09-05T06:10:20.8287986Z;state=Quarantined. excluded quest=118;stage=Pickup;npc=415;reason=outside-scan-radius;retry=context-change excluded quest=1195;stage=Pickup;npc=4721;reason=outside-scan-radius;retry=context-change excluded quest=14106;stage=Pickup;scope=QuestStage;retry=2026-09-05T06:10:20.8250193Z;state=Quarantined. excluded quest=1483;stage=Pickup;npc=3442;reason=outside-scan-radius;retry=context-change excluded quest=152;stage=Pickup;npc=392;reason=outside-scan-radius;retry=context-change excluded quest=2098;stage=Pickup;npc=6667;reason=outside-scan-radius;retry=context-change excluded quest=216;stage=Pickup;npc=12757;reason=outside-scan-radius;retry=context-change excluded quest=235;stage=Pickup;npc=10880;reason=outside-scan-radius;retry=context-change excluded quest=3281;stage=TurnIn;npc=3464;reason=outside-scan-radius;retry=context-change excluded quest=4542;stage=Pickup;npc=10079;reason=outside-scan-radius;retry=context-change excluded quest=470;stage=Pickup;npc=2111;reason=outside-scan-radius;retry=context-change excluded quest=472;stage=Pickup;npc=2097;reason=outside-scan-radius;retry=context-change excluded quest=4740;stage=Pickup;npc=175320;reason=outside-scan-radius;retry=context-change excluded quest=4921;stage=Objective;objective=0;reason=outside-scan-radius;retry=context-change. excluded quest=493;stage=Pickup;npc=1937;reason=outside-scan-radius;retry=context-change excluded quest=494;stage=Pickup;npc=2214;reason=outside-scan-radius;retry=context-change excluded quest=496;stage=Pickup;npc=2216;reason=outside-scan-radius;retry=context-change excluded quest=498;stage=Pickup;npc=2229;reason=outside-scan-radius;retry=context-change excluded quest=501;stage=Pickup;npc=2216;reason=outside-scan-radius;retry=context-change excluded quest=516;stage=Pickup;npc=2121;reason=outside-scan-radius;retry=context-change excluded quest=527;stage=Pickup;npc=2215;reason=outside-scan-radius;retry=context-change excluded quest=546;stage=Pickup;npc=2418;reason=outside-scan-radius;retry=context-change excluded quest=549;stage=Pickup;npc=1763;reason=outside-scan-radius;retry=context-change excluded quest=6301;stage=Pickup;npc=11864;reason=outside-scan-radius;retry=context-change excluded quest=6382;stage=Pickup;npc=3387;reason=outside-scan-radius;retry=context-change excluded quest=6383;stage=Pickup;npc=12696;reason=outside-scan-radius;retry=context-change excluded quest=6393;stage=Pickup;npc=11862;reason=outside-scan-radius;retry=context-change excluded quest=6442;stage=Pickup;npc=12719;reason=outside-scan-radius;retry=context-change excluded quest=6461;stage=Objective;scope=QuestStage;retry=2026-09-05T04:31:03.7404600Z;state=CoolingDown. excluded quest=6462;stage=Pickup;npc=12721;reason=outside-scan-radius;retry=context-change excluded quest=6503;stage=Pickup;npc=12867;reason=outside-scan-radius;retry=context-change excluded quest=6541;stage=Pickup;npc=3429;reason=outside-scan-radius;retry=context-change excluded quest=6542;stage=TurnIn;npc=8582;reason=outside-scan-radius;retry=context-change excluded quest=6543;stage=Pickup;npc=8582;reason=outside-scan-radius;retry=context-change excluded quest=6629;stage=TurnIn;npc=11857;reason=outside-scan-radius;retry=context-change excluded quest=742;stage=Pickup;npc=10881;reason=outside-scan-radius;retry=context-change excluded quest=747;stage=Objective;scope=Objective;objective=0;retry=2026-09-05T06:10:20.8040908Z;state=Quarantined. excluded quest=747;stage=Objective;scope=Objective;objective=1;retry=2026-09-05T06:10:20.8116023Z;state=Quarantined. excluded quest=7790;stage=Pickup;scope=QuestStage;retry=2026-09-05T06:10:20.8249148Z;state=Quarantined. excluded quest=843;stage=Pickup;npc=3341;reason=outside-scan-radius;retry=context-change excluded quest=8487;stage=TurnIn;npc=15402;reason=outside-scan-radius;retry=context-change excluded quest=851;stage=Pickup;npc=3389;reason=outside-scan-radius;retry=context-change excluded quest=858;stage=Pickup;npc=3439;reason=outside-scan-radius;retry=context-change excluded quest=865;stage=Pickup;npc=3446;reason=outside-scan-radius;retry=context-change excluded quest=867;stage=Objective;scope=Objective;objective=0;retry=2026-09-05T06:10:20.8137024Z;state=Quarantined. excluded quest=868;stage=Pickup;npc=3428;reason=outside-scan-radius;retry=context-change excluded quest=878;stage=Pickup;npc=3430;reason=outside-scan-radius;retry=context-change excluded quest=8889;stage=Objective;objective=0;reason=outside-scan-radius;retry=context-change. excluded quest=8889;stage=Objective;objective=1;reason=outside-scan-radius;retry=context-change. excluded quest=8889;stage=Objective;objective=2;reason=outside-scan-radius;retry=context-change. excluded quest=891;stage=Objective;objective=0;reason=outside-scan-radius;retry=context-change. excluded quest=891;stage=Objective;objective=1;reason=outside-scan-radius;retry=context-change. excluded quest=891;stage=Objective;objective=2;reason=outside-scan-radius;retry=context-change. excluded quest=891;stage=Objective;scope=Objective;objective=3;retry=2026-09-05T06:10:20.8169213Z;state=Quarantined. excluded quest=893;stage=Pickup;npc=3433;reason=outside-scan-radius;retry=context-change excluded quest=894;stage=TurnIn;npc=4141;reason=outside-scan-radius;retry=context-change excluded quest=896;stage=Objective;scope=Objective;objective=0;retry=2026-09-05T06:10:20.8197153Z;state=Quarantined. excluded quest=9067;stage=Objective;scope=Objective;objective=0;retry=2026-09-05T07:12:52.3802265Z;state=Quarantined. excluded quest=9151;stage=Pickup;npc=16199;reason=outside-scan-radius;retry=context-change excluded quest=9157;stage=TurnIn;npc=16201;reason=outside-scan-radius;retry=context-change excluded quest=9214;stage=Pickup;npc=16220;reason=outside-scan-radius;retry=context-change excluded quest=9218;stage=Pickup;npc=16205;reason=outside-scan-radius;retry=context-change excluded quest=9275;stage=Pickup;npc=16464;reason=outside-scan-radius;retry=context-change excluded quest=9276;stage=Pickup;npc=16463;reason=outside-scan-radius;retry=context-change excluded quest=9281;stage=Pickup;npc=16480;reason=outside-scan-radius;retry=context-change excluded quest=9388;stage=Pickup;scope=QuestStage;retry=2026-09-05T06:10:20.8314367Z;state=Quarantined. excluded quest=9389;stage=Pickup;scope=QuestStage;retry=2026-09-05T06:10:20.8315248Z;state=Quarantined. excluded quest=9425;stage=Pickup;npc=16287;reason=outside-scan-radius;retry=context-change excluded quest=9428;stage=Pickup;npc=17098;reason=outside-scan-radius;retry=context-change excluded quest=959;stage=Pickup;npc=3665;reason=outside-scan-radius;retry=context-change excluded quest=962;stage=Pickup;npc=3419;reason=outside-scan-radius;retry=context-change excluded quest=965;stage=Pickup;npc=3657;reason=outside-scan-radius;retry=context-change excluded quest=9749;stage=Pickup;scope=QuestStage;retry=2026-09-05T06:10:20.8275214Z;state=Quarantined. Expanding scan radius from 250 to 500 yards before fallback.
[12:01:05.524] [D] Activity: No eligible quest work; idle until 2026-09-05T04:31:03.7404600Z. excluded quest=104;stage=Pickup;npc=392;reason=outside-scan-radius;retry=context-change excluded quest=1062;stage=Objective;objective=0;reason=outside-scan-radius;retry=context-change. excluded quest=1069;stage=Pickup;npc=3446;reason=outside-scan-radius;retry=context-change excluded quest=1087;stage=Pickup;npc=4198;reason=outside-scan-radius;retry=context-change excluded quest=1093;stage=Pickup;npc=4201;reason=outside-scan-radius;retry=context-change excluded quest=11127;stage=Pickup;scope=QuestStage;retry=2026-09-05T06:10:20.8287986Z;state=Quarantined. excluded quest=118;stage=Pickup;npc=415;reason=outside-scan-radius;retry=context-change excluded quest=1195;stage=Pickup;npc=4721;reason=outside-scan-radius;retry=context-change excluded quest=14106;stage=Pickup;scope=QuestStage;retry=2026-09-05T06:10:20.8250193Z;state=Quarantined. excluded quest=1483;stage=Pickup;npc=3442;reason=outside-scan-radius;retry=context-change excluded quest=152;stage=Pickup;npc=392;reason=outside-scan-radius;retry=context-change excluded quest=2098;stage=Pickup;npc=6667;reason=outside-scan-radius;retry=context-change excluded quest=216;stage=Pickup;npc=12757;reason=outside-scan-radius;retry=context-change excluded quest=235;stage=Pickup;npc=10880;reason=outside-scan-radius;retry=context-change excluded quest=3281;stage=TurnIn;npc=3464;reason=outside-scan-radius;retry=context-change excluded quest=4542;stage=Pickup;npc=10079;reason=outside-scan-radius;retry=context-change excluded quest=470;stage=Pickup;npc=2111;reason=outside-scan-radius;retry=context-change excluded quest=472;stage=Pickup;npc=2097;reason=outside-scan-radius;retry=context-change excluded quest=4740;stage=Pickup;npc=175320;reason=outside-scan-radius;retry=context-change excluded quest=4921;stage=Objective;objective=0;reason=outside-scan-radius;retry=context-change. excluded quest=493;stage=Pickup;npc=1937;reason=outside-scan-radius;retry=context-change excluded quest=494;stage=Pickup;npc=2214;reason=outside-scan-radius;retry=context-change excluded quest=496;stage=Pickup;npc=2216;reason=outside-scan-radius;retry=context-change excluded quest=498;stage=Pickup;npc=2229;reason=outside-scan-radius;retry=context-change excluded quest=501;stage=Pickup;npc=2216;reason=outside-scan-radius;retry=context-change excluded quest=516;stage=Pickup;npc=2121;reason=outside-scan-radius;retry=context-change excluded quest=527;stage=Pickup;npc=2215;reason=outside-scan-radius;retry=context-change excluded quest=546;stage=Pickup;npc=2418;reason=outside-scan-radius;retry=context-change excluded quest=549;stage=Pickup;npc=1763;reason=outside-scan-radius;retry=context-change excluded quest=6301;stage=Pickup;npc=11864;reason=outside-scan-radius;retry=context-change excluded quest=6382;stage=Pickup;npc=3387;reason=outside-scan-radius;retry=context-change excluded quest=6383;stage=Pickup;npc=12696;reason=outside-scan-radius;retry=context-change excluded quest=6393;stage=Pickup;npc=11862;reason=outside-scan-radius;retry=context-change excluded quest=6442;stage=Pickup;npc=12719;reason=outside-scan-radius;retry=context-change excluded quest=6461;stage=Objective;scope=QuestStage;retry=2026-09-05T04:31:03.7404600Z;state=CoolingDown. excluded quest=6462;stage=Pickup;npc=12721;reason=outside-scan-radius;retry=context-change excluded quest=6503;stage=Pickup;npc=12867;reason=outside-scan-radius;retry=context-change excluded quest=6541;stage=Pickup;npc=3429;reason=outside-scan-radius;retry=context-change excluded quest=6542;stage=TurnIn;npc=8582;reason=outside-scan-radius;retry=context-change excluded quest=6543;stage=Pickup;npc=8582;reason=outside-scan-radius;retry=context-change excluded quest=6629;stage=TurnIn;npc=11857;reason=outside-scan-radius;retry=context-change excluded quest=742;stage=Pickup;npc=10881;reason=outside-scan-radius;retry=context-change excluded quest=747;stage=Objective;scope=Objective;objective=0;retry=2026-09-05T06:10:20.8040908Z;state=Quarantined. excluded quest=747;stage=Objective;scope=Objective;objective=1;retry=2026-09-05T06:10:20.8116023Z;state=Quarantined. excluded quest=7790;stage=Pickup;scope=QuestStage;retry=2026-09-05T06:10:20.8249148Z;state=Quarantined. excluded quest=843;stage=Pickup;npc=3341;reason=outside-scan-radius;retry=context-change excluded quest=8487;stage=TurnIn;npc=15402;reason=outside-scan-radius;retry=context-change excluded quest=851;stage=Pickup;npc=3389;reason=outside-scan-radius;retry=context-change excluded quest=858;stage=Pickup;npc=3439;reason=outside-scan-radius;retry=context-change excluded quest=865;stage=Pickup;npc=3446;reason=outside-scan-radius;retry=context-change excluded quest=867;stage=Objective;scope=Objective;objective=0;retry=2026-09-05T06:10:20.8137024Z;state=Quarantined. excluded quest=868;stage=Pickup;npc=3428;reason=outside-scan-radius;retry=context-change excluded quest=878;stage=Pickup;npc=3430;reason=outside-scan-radius;retry=context-change excluded quest=8889;stage=Objective;objective=0;reason=outside-scan-radius;retry=context-change. excluded quest=8889;stage=Objective;objective=1;reason=outside-scan-radius;retry=context-change. excluded quest=8889;stage=Objective;objective=2;reason=outside-scan-radius;retry=context-change. excluded quest=891;stage=Objective;objective=0;reason=outside-scan-radius;retry=context-change. excluded quest=891;stage=Objective;objective=1;reason=outside-scan-radius;retry=context-change. excluded quest=891;stage=Objective;objective=2;reason=outside-scan-radius;retry=context-change. excluded quest=891;stage=Objective;scope=Objective;objective=3;retry=2026-09-05T06:10:20.8169213Z;state=Quarantined. excluded quest=893;stage=Pickup;npc=3433;reason=outside-scan-radius;retry=context-change excluded quest=894;stage=TurnIn;npc=4141;reason=outside-scan-radius;retry=context-change excluded quest=896;stage=Objective;scope=Objective;objective=0;retry=2026-09-05T06:10:20.8197153Z;state=Quarantined. excluded quest=9067;stage=Objective;scope=Objective;objective=0;retry=2026-09-05T07:12:52.3802265Z;state=Quarantined. excluded quest=9151;stage=Pickup;npc=16199;reason=outside-scan-radius;retry=context-change excluded quest=9157;stage=TurnIn;npc=16201;reason=outside-scan-radius;retry=context-change excluded quest=9214;stage=Pickup;npc=16220;reason=outside-scan-radius;retry=context-change excluded quest=9218;stage=Pickup;npc=16205;reason=outside-scan-radius;retry=context-change excluded quest=9275;stage=Pickup;npc=16464;reason=outside-scan-radius;retry=context-change excluded quest=9276;stage=Pickup;npc=16463;reason=outside-scan-radius;retry=context-change excluded quest=9281;stage=Pickup;npc=16480;reason=outside-scan-radius;retry=context-change excluded quest=9388;stage=Pickup;scope=QuestStage;retry=2026-09-05T06:10:20.8314367Z;state=Quarantined. excluded quest=9389;stage=Pickup;scope=QuestStage;retry=2026-09-05T06:10:20.8315248Z;state=Quarantined. excluded quest=9425;stage=Pickup;npc=16287;reason=outside-scan-radius;retry=context-change excluded quest=9428;stage=Pickup;npc=17098;reason=outside-scan-radius;retry=context-change excluded quest=959;stage=Pickup;npc=3665;reason=outside-scan-radius;retry=context-change excluded quest=962;stage=Pickup;npc=3419;reason=outside-scan-radius;retry=context-change excluded quest=965;stage=Pickup;npc=3657;reason=outside-scan-radius;retry=context-change excluded quest=9749;stage=Pickup;scope=QuestStage;retry=2026-09-05T06:10:20.8275214Z;state=Quarantined. Expanding scan radius from 500 to 750 yards before fallback.
[12:01:06.422] [D] [WholesomeAQ] Quest chain correction: ancestor=1062; descendant=1063.
[12:01:06.422] [D] [WholesomeAQ] Quest chain correction: ancestor=1062; descendant=1068.
[12:01:06.429] [D] Loading profile from D:\World of Warcraft 3.3.5a\CB\Bots\WholesomeAutoQuest\WHOLESOME_AUTOQUESTER.xml
[12:01:06.435] [N] Profile loaded: WholesomeAQ - Stonetalon Mountains
[12:01:06.454] [D] Selected sub-profile: WholesomeAQ - Stonetalon Mountains (L1-80)
[12:01:06.454] [N] [Wholesome Auto Quest] Profile refreshed - Selected 1 quest work candidate(s). selected quest=6629;stage=TurnIn;state=Eligible. excluded quest=104;stage=Pickup;npc=392;reason=outside-scan-radius;retry=context-change excluded quest=1062;stage=AncestorCorrection;objective=0;reason=outside-scan-radius;retry=context-change. excluded quest=1069;stage=Pickup;npc=3446;reason=outside-scan-radius;retry=context-change excluded quest=1087;stage=Pickup;npc=4198;reason=outside-scan-radius;retry=context-change excluded quest=1093;stage=Pickup;npc=4201;reason=outside-scan-radius;retry=context-change excluded quest=11127;stage=Pickup;scope=QuestStage;retry=2026-09-05T06:10:20.8287986Z;state=Quarantined. excluded quest=118;stage=Pickup;npc=415;reason=outside-scan-radius;retry=context-change excluded quest=1195;stage=Pickup;npc=4721;reason=outside-scan-radius;retry=context-change excluded quest=14106;stage=Pickup;scope=QuestStage;retry=2026-09-05T06:10:20.8250193Z;state=Quarantined. excluded quest=1483;stage=Pickup;npc=3442;reason=outside-scan-radius;retry=context-change excluded quest=152;stage=Pickup;npc=392;reason=outside-scan-radius;retry=context-change excluded quest=2098;stage=Pickup;npc=6667;reason=outside-scan-radius;retry=context-change excluded quest=216;stage=Pickup;npc=12757;reason=outside-scan-radius;retry=context-change excluded quest=235;stage=Pickup;npc=10880;reason=outside-scan-radius;retry=context-change excluded quest=3281;stage=TurnIn;npc=3464;reason=outside-scan-radius;retry=context-change excluded quest=4542;stage=Pickup;npc=10079;reason=outside-scan-radius;retry=context-change excluded quest=470;stage=Pickup;npc=2111;reason=outside-scan-radius;retry=context-change excluded quest=472;stage=Pickup;npc=2097;reason=outside-scan-radius;retry=context-change excluded quest=4740;stage=Pickup;npc=175320;reason=outside-scan-radius;retry=context-change excluded quest=4921;stage=Objective;objective=0;reason=outside-scan-radius;retry=context-change. excluded quest=493;stage=Pickup;npc=1937;reason=outside-scan-radius;retry=context-change excluded quest=494;stage=Pickup;npc=2214;reason=outside-scan-radius;retry=context-change excluded quest=496;stage=Pickup;npc=2216;reason=outside-scan-radius;retry=context-change excluded quest=498;stage=Pickup;npc=2229;reason=outside-scan-radius;retry=context-change excluded quest=501;stage=Pickup;npc=2216;reason=outside-scan-radius;retry=context-change excluded quest=516;stage=Pickup;npc=2121;reason=outside-scan-radius;retry=context-change excluded quest=527;stage=Pickup;npc=2215;reason=outside-scan-radius;retry=context-change excluded quest=546;stage=Pickup;npc=2418;reason=outside-scan-radius;retry=context-change excluded quest=549;stage=Pickup;npc=1763;reason=outside-scan-radius;retry=context-change excluded quest=6301;stage=Pickup;npc=11864;reason=outside-scan-radius;retry=context-change excluded quest=6382;stage=Pickup;npc=3387;reason=outside-scan-radius;retry=context-change excluded quest=6383;stage=Pickup;npc=12696;reason=outside-scan-radius;retry=context-change excluded quest=6393;stage=Pickup;npc=11862;reason=outside-scan-radius;retry=context-change excluded quest=6442;stage=Pickup;npc=12719;reason=outside-scan-radius;retry=context-change excluded quest=6461;stage=Objective;scope=QuestStage;retry=2026-09-05T04:31:03.7404600Z;state=CoolingDown. excluded quest=6462;stage=Pickup;npc=12721;reason=outside-scan-radius;retry=context-change excluded quest=6503;stage=Pickup;npc=12867;reason=outside-scan-radius;retry=context-change excluded quest=6541;stage=Pickup;npc=3429;reason=outside-scan-radius;retry=context-change excluded quest=6542;stage=TurnIn;npc=8582;reason=outside-scan-radius;retry=context-change excluded quest=6543;stage=Pickup;npc=8582;reason=outside-scan-radius;retry=context-change excluded quest=742;stage=Pickup;npc=10881;reason=outside-scan-radius;retry=context-change excluded quest=747;stage=Objective;scope=Objective;objective=0;retry=2026-09-05T06:10:20.8040908Z;state=Quarantined. excluded quest=747;stage=Objective;scope=Objective;objective=1;retry=2026-09-05T06:10:20.8116023Z;state=Quarantined. excluded quest=7790;stage=Pickup;scope=QuestStage;retry=2026-09-05T06:10:20.8249148Z;state=Quarantined. excluded quest=843;stage=Pickup;npc=3341;reason=outside-scan-radius;retry=context-change excluded quest=8487;stage=TurnIn;npc=15402;reason=outside-scan-radius;retry=context-change excluded quest=851;stage=Pickup;npc=3389;reason=outside-scan-radius;retry=context-change excluded quest=858;stage=Pickup;npc=3439;reason=outside-scan-radius;retry=context-change excluded quest=865;stage=Pickup;npc=3446;reason=outside-scan-radius;retry=context-change excluded quest=867;stage=Objective;scope=Objective;objective=0;retry=2026-09-05T06:10:20.8137024Z;state=Quarantined. excluded quest=868;stage=Pickup;npc=3428;reason=outside-scan-radius;retry=context-change excluded quest=878;stage=Pickup;npc=3430;reason=outside-scan-radius;retry=context-change excluded quest=8889;stage=Objective;objective=0;reason=outside-scan-radius;retry=context-change. excluded quest=8889;stage=Objective;objective=1;reason=outside-scan-radius;retry=context-change. excluded quest=8889;stage=Objective;objective=2;reason=outside-scan-radius;retry=context-change. excluded quest=891;stage=Objective;objective=0;reason=outside-scan-radius;retry=context-change. excluded quest=891;stage=Objective;objective=1;reason=outside-scan-radius;retry=context-change. excluded quest=891;stage=Objective;objective=2;reason=outside-scan-radius;retry=context-change. excluded quest=891;stage=Objective;scope=Objective;objective=3;retry=2026-09-05T06:10:20.8169213Z;state=Quarantined. excluded quest=893;stage=Pickup;npc=3433;reason=outside-scan-radius;retry=context-change excluded quest=894;stage=TurnIn;npc=4141;reason=outside-scan-radius;retry=context-change excluded quest=896;stage=Objective;scope=Objective;objective=0;retry=2026-09-05T06:10:20.8197153Z;state=Quarantined. excluded quest=9067;stage=Objective;scope=Objective;objective=0;retry=2026-09-05T07:12:52.3802265Z;state=Quarantined. excluded quest=9151;stage=Pickup;npc=16199;reason=outside-scan-radius;retry=context-change excluded quest=9157;stage=TurnIn;npc=16201;reason=outside-scan-radius;retry=context-change excluded quest=9214;stage=Pickup;npc=16220;reason=outside-scan-radius;retry=context-change excluded quest=9218;stage=Pickup;npc=16205;reason=outside-scan-radius;retry=context-change excluded quest=9275;stage=Pickup;npc=16464;reason=outside-scan-radius;retry=context-change excluded quest=9276;stage=Pickup;npc=16463;reason=outside-scan-radius;retry=context-change excluded quest=9281;stage=Pickup;npc=16480;reason=outside-scan-radius;retry=context-change excluded quest=9388;stage=Pickup;scope=QuestStage;retry=2026-09-05T06:10:20.8314367Z;state=Quarantined. excluded quest=9389;stage=Pickup;scope=QuestStage;retry=2026-09-05T06:10:20.8315248Z;state=Quarantined. excluded quest=9425;stage=Pickup;npc=16287;reason=outside-scan-radius;retry=context-change excluded quest=9428;stage=Pickup;npc=17098;reason=outside-scan-radius;retry=context-change excluded quest=959;stage=Pickup;npc=3665;reason=outside-scan-radius;retry=context-change excluded quest=962;stage=Pickup;npc=3419;reason=outside-scan-radius;retry=context-change excluded quest=965;stage=Pickup;npc=3657;reason=outside-scan-radius;retry=context-change excluded quest=9749;stage=Pickup;scope=QuestStage;retry=2026-09-05T06:10:20.8275214Z;state=Quarantined.
[12:01:11.565] [N] Loading 1_30_31
[12:01:11.566] [N] Loading 1_30_32
[12:01:11.566] [N] Loading 1_30_33
[12:01:15.260] [D] [If] Condition is true, executing If body
[12:01:15.281] [N] [TurnIn] Turning in Kill Grundig Darkcloud
[12:01:15.281] [D] Goal: Turning in Kill Grundig Darkcloud
[12:01:15.282] [D] Changed POI to: Type: QuestTurnIn, Name: Makaba Flathoof, Guid: 0, Entry: 11857, Location: (-263.00, -943.00, 12.44)
[12:01:16.880] [N] Loading 1_24_27
[12:01:18.668] [N] Loading 1_34_44
[12:01:25.106] [N] Loading 1_39_30
[12:01:25.106] [N] Loading 1_41_28
[12:01:25.134] [N] Moving to Type: QuestTurnIn, Name: Makaba Flathoof, Guid: 0, Entry: 11857, Location: (-263.00, -943.00, 12.44)
[12:01:25.395] [N] Mounting: 34769
[12:01:40.863] [N] Loading 1_32_35
[12:01:40.863] [N] Loading 1_33_35
[12:01:40.863] [N] Loading 1_31_35
[12:01:40.863] [N] Loading 1_34_34
[12:01:40.863] [N] Loading 1_34_35
[12:01:40.863] [N] Loading 1_29_31
[12:01:40.863] [N] Loading 1_29_30
[12:01:40.863] [N] Loading 1_33_36
[12:01:40.863] [N] Loading 1_32_36
[12:01:40.863] [N] Loading 1_30_34
[12:01:40.863] [N] Loading 1_29_32
[12:01:40.863] [N] Loading 1_30_35
[12:01:40.863] [N] Loading 1_34_36
[12:01:40.863] [N] Loading 1_31_36
[12:01:40.863] [N] Loading 1_35_34
[12:01:40.863] [N] Loading 1_35_35
[12:01:40.863] [N] Loading 1_29_29
[12:01:40.863] [N] Loading 1_29_33
[12:01:40.863] [N] Loading 1_30_36
[12:01:40.863] [N] Loading 1_28_31
[12:01:40.863] [N] Loading 1_35_36
[12:01:40.863] [N] Loading 1_28_32
[12:01:40.863] [N] Loading 1_32_37
[12:01:40.863] [N] Loading 1_29_34
[12:01:40.863] [N] Loading 1_28_30
[12:01:40.863] [N] Loading 1_33_37
[12:01:40.863] [N] Loading 1_36_35
[12:01:40.863] [N] Loading 1_34_37
[12:01:40.863] [N] Loading 1_29_35
[12:01:40.863] [N] Loading 1_31_37
[12:01:40.863] [N] Loading 1_28_33
[12:01:40.863] [N] Loading 1_28_29
[12:01:41.236] [N] Loading 1_36_34
[12:01:41.236] [N] Loading 1_36_36
[12:01:41.236] [N] Loading 1_35_37
[12:01:41.236] [N] Loading 1_29_36
[12:01:41.236] [N] Loading 1_30_37
[12:01:41.236] [N] Loading 1_29_28
[12:01:41.236] [N] Loading 1_33_38
[12:01:41.236] [N] Loading 1_37_35
[12:01:41.236] [N] Loading 1_32_38
[12:01:41.236] [N] Loading 1_37_34
[12:01:41.236] [N] Loading 1_31_38
[12:01:41.236] [N] Loading 1_34_38
[12:01:41.236] [N] Loading 1_36_37
[12:01:41.236] [N] Loading 1_27_30
[12:01:41.236] [N] Loading 1_37_36
[12:01:41.659] [N] Loading 1_29_37
[12:01:41.659] [N] Loading 1_27_29
[12:01:41.659] [N] Loading 1_35_38
[12:01:41.659] [N] Loading 1_28_36
[12:01:41.659] [N] Loading 1_28_35
[12:01:41.659] [N] Loading 1_27_33
[12:01:41.659] [N] Loading 1_31_27
[12:01:41.659] [N] Loading 1_30_38
[12:01:41.659] [N] Loading 1_33_29
[12:01:41.659] [N] Loading 1_33_28
[12:01:41.659] [N] Loading 1_27_32
[12:01:41.659] [N] Loading 1_28_34
[12:01:41.659] [N] Loading 1_33_39
[12:01:41.659] [N] Loading 1_34_39
[12:01:41.659] [N] Loading 1_32_39
[12:01:41.659] [N] Loading 1_27_34
[12:01:41.659] [N] Loading 1_38_35
[12:01:41.659] [N] Loading 1_37_37
[12:01:41.659] [N] Loading 1_28_37
[12:01:41.659] [N] Loading 1_32_27
[12:01:41.659] [N] Loading 1_31_39
[12:01:41.659] [N] Loading 1_34_29
[12:01:41.659] [N] Loading 1_33_27
[12:01:42.099] [N] Loading 1_34_28
[12:01:42.099] [N] Loading 1_29_38
[12:01:42.099] [N] Loading 1_38_36
[12:01:42.099] [N] Loading 1_36_38
[12:01:42.099] [N] Loading 1_38_34
[12:01:42.099] [N] Loading 1_26_29
[12:01:42.099] [N] Loading 1_27_28
[12:01:42.099] [N] Loading 1_27_31
[12:01:42.099] [N] Loading 1_27_36
[12:01:42.099] [N] Loading 1_27_35
[12:01:42.099] [N] Loading 1_30_39
[12:01:42.099] [N] Loading 1_36_30
[12:01:42.099] [N] Loading 1_28_28
[12:01:42.099] [N] Loading 1_35_29
[12:01:42.099] [N] Loading 1_34_27
[12:01:42.099] [N] Loading 1_26_33
[12:01:42.099] [N] Loading 1_35_28
[12:01:42.099] [N] Loading 1_26_32
[12:01:42.099] [N] Loading 1_35_39
[12:01:42.099] [N] Loading 1_26_30
[12:01:42.099] [N] Loading 1_26_28
[12:01:42.099] [N] Loading 1_39_35
[12:01:42.099] [N] Loading 1_27_37
[12:01:42.099] [N] Loading 1_38_37
[12:01:42.099] [N] Loading 1_28_38
[12:01:42.099] [N] Loading 1_26_34
[12:01:42.099] [N] Loading 1_39_36
[12:01:42.099] [N] Loading 1_32_26
[12:01:42.099] [N] Loading 1_33_26
[12:01:42.099] [N] Loading 1_31_40
[12:01:42.099] [N] Loading 1_29_39
[12:01:42.099] [N] Loading 1_38_31
[12:01:42.099] [N] Loading 1_36_39
[12:01:43.140] [N] Loading 1_32_40
[12:01:43.140] [N] Loading 1_39_34
[12:01:43.140] [N] Loading 1_26_31
[12:01:43.140] [N] Loading 1_38_32
[12:01:43.140] [N] Loading 1_30_40
[12:01:43.140] [N] Loading 1_34_40
[12:01:43.140] [N] Loading 1_35_27
[12:01:43.140] [N] Loading 1_26_35
[12:01:43.140] [N] Loading 1_33_40
[12:01:43.140] [N] Loading 1_36_29
[12:01:43.140] [N] Loading 1_39_37
[12:01:43.140] [N] Loading 1_36_28
[12:01:43.509] [N] Loading 1_34_26
[12:01:43.509] [N] Loading 1_35_40
[12:01:43.509] [N] Loading 1_26_36
[12:01:43.509] [N] Loading 1_31_26
[12:01:43.509] [N] Loading 1_27_38
[12:01:43.509] [N] Loading 1_40_35
[12:01:43.509] [N] Loading 1_37_38
[12:01:43.509] [N] Loading 1_25_33
[12:01:43.509] [N] Loading 1_28_39
[12:01:43.509] [N] Loading 1_27_27
[12:01:43.509] [N] Loading 1_25_32
[12:01:43.509] [N] Loading 1_26_37
[12:01:43.848] [N] Loading 1_35_26
[12:01:43.848] [N] Loading 1_40_36
[12:01:43.848] [N] Loading 1_31_41
[12:01:44.233] [N] Loading 1_38_33
[12:01:44.233] [N] Loading 1_25_31
[12:01:44.233] [N] Loading 1_29_40
[12:01:44.233] [N] Loading 1_32_41
[12:01:44.233] [N] Loading 1_36_27
[12:01:44.233] [N] Loading 1_37_39
[12:01:44.233] [N] Loading 1_30_41
[12:01:44.233] [N] Loading 1_36_40
[12:01:44.233] [N] Loading 1_25_35
[12:01:44.233] [N] Loading 1_38_38
[12:01:44.233] [N] Loading 1_26_38
[12:01:44.233] [N] Loading 1_40_34
[12:01:44.233] [N] Loading 1_33_41
[12:01:44.233] [N] Loading 1_36_26
[12:01:44.233] [N] Loading 1_39_38
[12:01:44.233] [N] Loading 1_25_34
[12:01:44.233] [N] Loading 1_40_37
[12:01:44.233] [N] Loading 1_41_35
[12:01:44.233] [N] Loading 1_33_25
[12:01:44.233] [N] Loading 1_32_25
[12:01:44.643] [N] Loading 1_25_30
[12:01:44.643] [N] Loading 1_30_27
[12:01:44.643] [N] Loading 1_27_39
[12:01:44.643] [N] Loading 1_37_40
[12:01:44.643] [N] Loading 1_41_36
[12:01:44.643] [N] Loading 1_37_27
[12:01:44.643] [N] Loading 1_28_40
[12:01:44.643] [N] Loading 1_29_41
[12:01:44.643] [N] Loading 1_24_32
[12:01:44.643] [N] Loading 1_31_42
[12:01:44.643] [N] Loading 1_31_25
[12:01:44.643] [N] Loading 1_35_41
[12:01:44.643] [N] Loading 1_30_26
[12:01:44.643] [N] Loading 1_38_39
[12:01:44.643] [N] Loading 1_32_42
[12:01:44.643] [N] Loading 1_34_41
[12:01:44.643] [N] Loading 1_24_33
[12:01:44.643] [N] Loading 1_35_25
[12:01:44.643] [N] Loading 1_37_28
[12:01:44.643] [N] Loading 1_24_34
[12:01:44.643] [N] Loading 1_40_38
[12:01:44.643] [N] Loading 1_34_25
[12:01:44.644] [N] Loading 1_24_31
[12:01:44.644] [N] Loading 1_24_35
[12:01:44.644] [N] Loading 1_25_37
[12:01:44.644] [N] Loading 1_26_39
[12:01:44.644] [N] Loading 1_25_38
[12:01:44.644] [N] Loading 1_30_42
[12:01:44.644] [N] Loading 1_24_30
[12:01:44.644] [N] Loading 1_33_42
[12:01:44.644] [N] Loading 1_28_41
[12:01:44.644] [N] Loading 1_39_39
[12:01:45.051] [N] Loading 1_36_25
[12:01:45.051] [N] Loading 1_37_29
[12:01:45.051] [N] Loading 1_38_40
[12:01:45.051] [N] Loading 1_36_41
[12:01:45.051] [N] Loading 1_41_37
[12:01:45.051] [N] Loading 1_37_26
[12:01:45.051] [N] Loading 1_25_29
[12:01:45.051] [N] Loading 1_29_42
[12:01:45.051] [N] Loading 1_38_27
[12:01:45.051] [N] Loading 1_38_28
[12:01:45.051] [N] Loading 1_30_25
[12:01:45.051] [N] Loading 1_25_39
[12:01:45.051] [N] Loading 1_27_40
[12:01:45.051] [N] Loading 1_34_42
[12:01:45.051] [N] Loading 1_41_38
[12:01:45.051] [N] Loading 1_40_39
[12:01:45.051] [N] Loading 1_24_29
[12:01:45.051] [N] Loading 1_39_40
[12:01:45.051] [N] Loading 1_33_24
[12:01:45.051] [N] Loading 1_23_32
[12:01:45.051] [N] Loading 1_26_40
[12:01:45.051] [N] Loading 1_29_27
[12:01:45.051] [N] Loading 1_23_34
[12:01:45.051] [N] Loading 1_23_31
[12:01:45.051] [N] Loading 1_37_41
[12:01:45.051] [N] Loading 1_23_33
[12:01:45.051] [N] Loading 1_38_26
[12:01:45.534] [N] Loading 1_32_30
[12:01:45.534] [N] Loading 1_31_30
[12:01:45.534] [N] Loading 1_30_30
[12:01:45.534] [N] Loading 1_30_29
[12:01:45.534] [N] Loading 1_31_29
[12:01:45.534] [N] Loading 1_30_28
[12:01:45.534] [N] Loading 1_31_28
[12:01:45.534] [N] Loading 1_32_28
[12:01:45.534] [N] Loading 1_32_29
[12:01:45.534] [N] Loading 1_27_41
[12:01:45.534] [N] Loading 1_41_34
[12:01:45.534] [N] Loading 1_29_26
[12:01:45.534] [N] Loading 1_31_43
[12:01:45.534] [N] Loading 1_34_24
[12:01:45.534] [N] Loading 1_35_24
[12:01:45.535] [N] Loading 1_35_42
[12:01:45.535] [N] Loading 1_23_30
[12:01:45.535] [N] Loading 1_32_43
[12:01:45.535] [N] Loading 1_28_42
[12:01:45.535] [N] Loading 1_42_35
[12:01:45.535] [N] Loading 1_41_39
[12:01:45.535] [N] Loading 1_39_28
[12:01:45.535] [N] Loading 1_39_27
[12:01:45.535] [N] Loading 1_25_40
[12:01:45.535] [N] Loading 1_42_34
[12:01:45.535] [N] Loading 1_33_43
[12:01:45.535] [N] Loading 1_25_28
[12:01:45.535] [N] Loading 1_23_29
[12:01:45.535] [N] Loading 1_38_41
[12:01:45.535] [N] Loading 1_30_43
[12:01:45.535] [N] Loading 1_36_24
[12:01:45.535] [N] Loading 1_40_33
[12:01:45.535] [N] Loading 1_39_41
[12:01:45.535] [N] Loading 1_41_33
[12:01:45.535] [N] Loading 1_37_25
[12:01:45.535] [N] Loading 1_34_43
[12:01:45.535] [N] Loading 1_39_33
[12:01:45.535] [N] Loading 1_36_42
[12:01:45.535] [N] Loading 1_42_36
[12:01:45.535] [N] Loading 1_40_40
[12:01:45.535] [N] Loading 1_29_25
[12:01:45.535] [N] Loading 1_22_33
[12:01:45.535] [N] Loading 1_26_41
[12:01:45.535] [N] Loading 1_24_28
[12:01:45.535] [N] Loading 1_22_31
[12:01:45.535] [N] Loading 1_39_29
[12:01:45.535] [N] Loading 1_29_43
[12:01:45.535] [N] Loading 1_39_32
[12:01:45.535] [N] Loading 1_40_32
[12:01:45.535] [N] Loading 1_24_39
[12:01:45.535] [N] Loading 1_22_32
[12:01:45.535] [N] Loading 1_24_40
[12:01:45.535] [N] Loading 1_22_30
[12:01:45.535] [N] Loading 1_25_41
[12:01:45.535] [N] Loading 1_28_27
[12:01:45.535] [N] Loading 1_40_28
[12:01:45.535] [N] Loading 1_27_42
[12:01:45.535] [N] Loading 1_40_27
[12:01:45.535] [N] Loading 1_23_28
[12:01:45.535] [N] Loading 1_35_43
[12:01:45.535] [N] Loading 1_37_24
[12:01:45.535] [N] Loading 1_40_41
[12:01:45.535] [N] Loading 1_37_42
[12:01:45.912] [N] Loading 1_39_31
[12:01:45.913] [N] Loading 1_42_37
[12:01:45.913] [N] Loading 1_40_31
[12:01:45.913] [N] Loading 1_28_26
[12:01:45.913] [N] Loading 1_28_43
[12:01:45.913] [N] Loading 1_38_25
[12:01:45.913] [N] Loading 1_43_36
[12:01:45.913] [N] Loading 1_22_29
[12:01:45.913] [N] Loading 1_21_33
[12:01:45.913] [N] Loading 1_31_44
[12:01:45.913] [N] Loading 1_24_41
[12:01:45.913] [N] Loading 1_41_32
[12:01:45.913] [N] Loading 1_32_44
[12:01:45.913] [N] Loading 1_26_42
[12:01:45.913] [N] Loading 1_25_27
[12:01:45.913] [N] Loading 1_39_26
[12:01:45.913] [N] Loading 1_21_32
[12:01:45.913] [N] Loading 1_21_31
[12:01:45.913] [N] Loading 1_38_42
[12:01:45.913] [N] Loading 1_33_44
[12:01:45.913] [N] Loading 1_30_44
[12:01:45.913] [N] Loading 1_21_30
[12:01:45.913] [N] Loading 1_39_42
[12:02:01.598] [N] Loading 1_40_26
[12:02:07.624] [D] [QuestLog] Loaded 67 completed quests from Lua fallback
[12:02:08.689] [N] Loading 1_22_34
[12:02:11.696] [N] Loading 1_30_31
[12:02:11.696] [N] Loading 1_30_32
[12:02:11.696] [N] Loading 1_30_33
[12:02:19.934] [N] Loading 1_34_44
[12:02:26.297] [N] Loading 1_39_30
[12:02:35.682] [N] Loading 1_40_30
[12:02:36.891] [N] Loading 1_21_34
[12:02:38.540] [N] Loading 1_36_43
[12:02:40.885] [N] Loading 1_32_35
[12:02:40.885] [N] Loading 1_33_35
[12:02:40.885] [N] Loading 1_31_35
[12:02:40.885] [N] Loading 1_34_34
[12:02:40.885] [N] Loading 1_34_35
[12:02:40.885] [N] Loading 1_29_31
[12:02:40.885] [N] Loading 1_32_36
[12:02:40.885] [N] Loading 1_33_36
[12:02:40.885] [N] Loading 1_30_34
[12:02:40.885] [N] Loading 1_29_30
[12:02:40.885] [N] Loading 1_29_32
[12:02:40.885] [N] Loading 1_30_35
[12:02:40.885] [N] Loading 1_31_36
[12:02:40.885] [N] Loading 1_34_36
[12:02:40.885] [N] Loading 1_35_34
[12:02:40.885] [N] Loading 1_35_35
[12:02:40.885] [N] Loading 1_29_29
[12:02:41.241] [N] Loading 1_30_36
[12:02:41.241] [N] Loading 1_29_33
[12:02:41.241] [N] Loading 1_35_36
[12:02:41.241] [N] Loading 1_29_34
[12:02:41.241] [N] Loading 1_32_37
[12:02:41.241] [N] Loading 1_28_31
[12:02:41.241] [N] Loading 1_28_32
[12:02:41.241] [N] Loading 1_33_37
[12:02:41.241] [N] Loading 1_28_30
[12:02:41.241] [N] Loading 1_29_35
[12:02:41.241] [N] Loading 1_36_35
[12:02:41.241] [N] Loading 1_34_37
[12:02:41.241] [N] Loading 1_31_37
[12:02:41.241] [N] Loading 1_28_33
[12:02:41.241] [N] Loading 1_28_29
[12:02:41.600] [N] Loading 1_36_34
[12:02:41.600] [N] Loading 1_36_36
[12:02:41.600] [N] Loading 1_29_36
[12:02:41.600] [N] Loading 1_35_37
[12:02:41.600] [N] Loading 1_30_37
[12:02:41.600] [N] Loading 1_33_38
[12:02:41.600] [N] Loading 1_29_28
[12:02:41.600] [N] Loading 1_37_35
[12:02:41.600] [N] Loading 1_32_38
[12:02:41.600] [N] Loading 1_37_34
[12:02:41.600] [N] Loading 1_31_38
[12:02:41.600] [N] Loading 1_34_38
[12:02:41.600] [N] Loading 1_36_37
[12:02:41.600] [N] Loading 1_27_30
[12:02:41.600] [N] Loading 1_37_36
[12:02:42.014] [N] Loading 1_29_37
[12:02:42.014] [N] Loading 1_27_29
[12:02:42.014] [N] Loading 1_35_38
[12:02:42.014] [N] Loading 1_28_36
[12:02:42.014] [N] Loading 1_28_35
[12:02:42.014] [N] Loading 1_30_38
[12:02:42.014] [N] Loading 1_31_27
[12:02:42.014] [N] Loading 1_33_29
[12:02:42.014] [N] Loading 1_27_33
[12:02:42.014] [N] Loading 1_33_28
[12:02:42.014] [N] Loading 1_27_32
[12:02:42.014] [N] Loading 1_33_39
[12:02:42.014] [N] Loading 1_28_34
[12:02:42.014] [N] Loading 1_34_39
[12:02:42.014] [N] Loading 1_32_39
[12:02:42.014] [N] Loading 1_38_35
[12:02:42.014] [N] Loading 1_28_37
[12:02:42.014] [N] Loading 1_37_37
[12:02:42.014] [N] Loading 1_31_39
[12:02:42.014] [N] Loading 1_32_27
[12:02:42.014] [N] Loading 1_27_34
[12:02:42.014] [N] Loading 1_34_29
[12:02:42.014] [N] Loading 1_33_27
[12:02:42.445] [N] Loading 1_29_38
[12:02:42.445] [N] Loading 1_38_36
[12:02:42.445] [N] Loading 1_36_38
[12:02:42.445] [N] Loading 1_34_28
[12:02:42.445] [N] Loading 1_38_34
[12:02:42.445] [N] Loading 1_27_36
[12:02:42.445] [N] Loading 1_27_35
[12:02:42.445] [N] Loading 1_30_39
[12:02:42.445] [N] Loading 1_36_30
[12:02:42.445] [N] Loading 1_26_29
[12:02:42.445] [N] Loading 1_27_28
[12:02:42.445] [N] Loading 1_27_31
[12:02:42.445] [N] Loading 1_35_39
[12:02:42.445] [N] Loading 1_28_28
[12:02:42.445] [N] Loading 1_35_29
[12:02:42.445] [N] Loading 1_39_35
[12:02:42.445] [N] Loading 1_34_27
[12:02:42.445] [N] Loading 1_27_37
[12:02:42.445] [N] Loading 1_38_37
[12:02:42.445] [N] Loading 1_26_33
[12:02:42.445] [N] Loading 1_28_38
[12:02:42.445] [N] Loading 1_35_28
[12:02:42.445] [N] Loading 1_26_32
[12:02:42.445] [N] Loading 1_26_30
[12:02:42.445] [N] Loading 1_39_36
[12:02:42.445] [N] Loading 1_26_28
[12:02:42.445] [N] Loading 1_31_40
[12:02:42.445] [N] Loading 1_29_39
[12:02:42.445] [N] Loading 1_38_31
[12:02:42.445] [N] Loading 1_36_39
[12:02:42.445] [N] Loading 1_26_34
[12:02:42.445] [N] Loading 1_32_26
[12:02:42.445] [N] Loading 1_33_26
[12:02:43.494] [N] Loading 1_32_40
[12:02:43.494] [N] Loading 1_39_34
[12:02:43.494] [N] Loading 1_38_32
[12:02:43.494] [N] Loading 1_30_40
[12:02:43.494] [N] Loading 1_34_40
[12:02:43.494] [N] Loading 1_26_35
[12:02:43.494] [N] Loading 1_26_31
[12:02:43.494] [N] Loading 1_33_40
[12:02:43.494] [N] Loading 1_35_27
[12:02:43.494] [N] Loading 1_39_37
[12:02:43.494] [N] Loading 1_36_29
[12:02:43.494] [N] Loading 1_36_28
[12:02:43.870] [N] Loading 1_35_40
[12:02:43.870] [N] Loading 1_26_36
[12:02:43.870] [N] Loading 1_40_35
[12:02:43.870] [N] Loading 1_27_38
[12:02:43.870] [N] Loading 1_37_38
[12:02:43.870] [N] Loading 1_28_39
[12:02:43.870] [N] Loading 1_26_37
[12:02:43.870] [N] Loading 1_34_26
[12:02:43.870] [N] Loading 1_31_26
[12:02:43.870] [N] Loading 1_25_33
[12:02:43.870] [N] Loading 1_25_32
[12:02:43.870] [N] Loading 1_27_27
[12:02:44.218] [N] Loading 1_40_36
[12:02:44.218] [N] Loading 1_31_41
[12:02:44.218] [N] Loading 1_35_26
[12:02:44.610] [N] Loading 1_38_33
[12:02:44.610] [N] Loading 1_29_40
[12:02:44.610] [N] Loading 1_32_41
[12:02:44.610] [N] Loading 1_25_31
[12:02:44.610] [N] Loading 1_37_39
[12:02:44.610] [N] Loading 1_30_41
[12:02:44.610] [N] Loading 1_36_27
[12:02:44.610] [N] Loading 1_36_40
[12:02:44.610] [N] Loading 1_25_35
[12:02:44.610] [N] Loading 1_26_38
[12:02:44.610] [N] Loading 1_38_38
[12:02:44.610] [N] Loading 1_40_34
[12:02:44.610] [N] Loading 1_25_34
[12:02:44.610] [N] Loading 1_33_41
[12:02:44.610] [N] Loading 1_39_38
[12:02:44.610] [N] Loading 1_40_37
[12:02:44.610] [N] Loading 1_41_35
[12:02:44.610] [N] Loading 1_36_26
[12:02:44.610] [N] Loading 1_33_25
[12:02:44.610] [N] Loading 1_32_25
[12:02:45.038] [N] Loading 1_27_39
[12:02:45.038] [N] Loading 1_37_40
[12:02:45.038] [N] Loading 1_41_36
[12:02:45.038] [N] Loading 1_25_30
[12:02:45.038] [N] Loading 1_28_40
[12:02:45.038] [N] Loading 1_30_27
[12:02:45.038] [N] Loading 1_29_41
[12:02:45.038] [N] Loading 1_31_42
[12:02:45.038] [N] Loading 1_35_41
[12:02:45.038] [N] Loading 1_38_39
[12:02:45.038] [N] Loading 1_32_42
[12:02:45.038] [N] Loading 1_34_41
[12:02:45.038] [N] Loading 1_40_38
[12:02:45.038] [N] Loading 1_37_27
[12:02:45.038] [N] Loading 1_24_34
[12:02:45.038] [N] Loading 1_24_32
[12:02:45.038] [N] Loading 1_25_37
[12:02:45.038] [N] Loading 1_24_35
[12:02:45.038] [N] Loading 1_31_25
[12:02:45.038] [N] Loading 1_30_26
[12:02:45.038] [N] Loading 1_24_33
[12:02:45.038] [N] Loading 1_26_39
[12:02:45.038] [N] Loading 1_25_38
[12:02:45.038] [N] Loading 1_35_25
[12:02:45.038] [N] Loading 1_30_42
[12:02:45.038] [N] Loading 1_37_28
[12:02:45.038] [N] Loading 1_24_31
[12:02:45.038] [N] Loading 1_34_25
[12:02:45.038] [N] Loading 1_33_42
[12:02:45.038] [N] Loading 1_39_39
[12:02:45.038] [N] Loading 1_28_41
[12:02:45.038] [N] Loading 1_24_30
[12:02:45.440] [N] Loading 1_38_40
[12:02:45.440] [N] Loading 1_36_41
[12:02:45.440] [N] Loading 1_41_37
[12:02:45.440] [N] Loading 1_36_25
[12:02:45.440] [N] Loading 1_29_42
[12:02:45.440] [N] Loading 1_37_29
[12:02:45.440] [N] Loading 1_25_39
[12:02:45.441] [N] Loading 1_27_40
[12:02:45.441] [N] Loading 1_34_42
[12:02:45.441] [N] Loading 1_37_26
[12:02:45.441] [N] Loading 1_41_38
[12:02:45.441] [N] Loading 1_25_29
[12:02:45.441] [N] Loading 1_40_39
[12:02:45.441] [N] Loading 1_38_27
[12:02:45.441] [N] Loading 1_38_28
[12:02:45.441] [N] Loading 1_30_25
[12:02:45.441] [N] Loading 1_39_40
[12:02:45.441] [N] Loading 1_26_40
[12:02:45.441] [N] Loading 1_23_34
[12:02:45.441] [N] Loading 1_37_41
[12:02:45.441] [N] Loading 1_23_33
[12:02:45.441] [N] Loading 1_24_29
[12:02:45.441] [N] Loading 1_33_24
[12:02:45.441] [N] Loading 1_23_32
[12:02:45.441] [N] Loading 1_29_27
[12:02:45.441] [N] Loading 1_23_31
[12:02:45.441] [N] Loading 1_38_26
[12:02:45.856] [N] Loading 1_32_30
[12:02:45.856] [N] Loading 1_31_30
[12:02:45.856] [N] Loading 1_30_30
[12:02:45.856] [N] Loading 1_30_29
[12:02:45.856] [N] Loading 1_31_29
[12:02:45.856] [N] Loading 1_30_28
[12:02:45.856] [N] Loading 1_31_28
[12:02:45.856] [N] Loading 1_32_28
[12:02:45.856] [N] Loading 1_32_29
[12:02:45.856] [N] Loading 1_41_34
[12:02:45.856] [N] Loading 1_27_41
[12:02:45.856] [N] Loading 1_31_43
[12:02:45.856] [N] Loading 1_35_42
[12:02:45.856] [N] Loading 1_42_35
[12:02:45.856] [N] Loading 1_32_43
[12:02:45.856] [N] Loading 1_41_39
[12:02:45.856] [N] Loading 1_28_42
[12:02:45.856] [N] Loading 1_42_34
[12:02:45.856] [N] Loading 1_25_40
[12:02:45.856] [N] Loading 1_38_41
[12:02:45.856] [N] Loading 1_29_26
[12:02:45.856] [N] Loading 1_33_43
[12:02:45.856] [N] Loading 1_35_24
[12:02:45.856] [N] Loading 1_34_24
[12:02:45.856] [N] Loading 1_30_43
[12:02:45.856] [N] Loading 1_40_33
[12:02:45.856] [N] Loading 1_39_41
[12:02:45.856] [N] Loading 1_41_33
[12:02:45.856] [N] Loading 1_23_30
[12:02:45.856] [N] Loading 1_39_28
[12:02:45.856] [N] Loading 1_39_27
[12:02:45.856] [N] Loading 1_39_33
[12:02:45.856] [N] Loading 1_34_43
[12:02:45.856] [N] Loading 1_42_36
[12:02:45.856] [N] Loading 1_36_42
[12:02:45.856] [N] Loading 1_36_24
[12:02:45.856] [N] Loading 1_40_40
[12:02:45.856] [N] Loading 1_25_28
[12:02:45.856] [N] Loading 1_23_29
[12:02:45.856] [N] Loading 1_37_25
[12:02:45.856] [N] Loading 1_22_33
[12:02:45.856] [N] Loading 1_29_25
[12:02:45.856] [N] Loading 1_41_31
[12:02:47.162] [N] Loading 1_26_41
[12:02:47.162] [N] Loading 1_29_43
[12:02:47.162] [N] Loading 1_24_39
[12:02:47.162] [N] Loading 1_39_32
[12:02:47.162] [N] Loading 1_40_32
[12:02:47.162] [N] Loading 1_24_28
[12:02:47.162] [N] Loading 1_22_31
[12:02:47.162] [N] Loading 1_24_40
[12:02:47.162] [N] Loading 1_22_32
[12:02:47.162] [N] Loading 1_25_41
[12:02:47.162] [N] Loading 1_27_42
[12:02:47.162] [N] Loading 1_39_29
[12:02:47.162] [N] Loading 1_35_43
[12:02:47.162] [N] Loading 1_40_41
[12:02:47.162] [N] Loading 1_37_42
[12:02:47.162] [N] Loading 1_22_30
[12:02:47.162] [N] Loading 1_42_37
[12:02:47.162] [N] Loading 1_39_31
[12:02:47.162] [N] Loading 1_28_27
[12:02:47.162] [N] Loading 1_28_43
[12:02:47.162] [N] Loading 1_40_31
[12:02:47.162] [N] Loading 1_40_28
[12:02:47.162] [N] Loading 1_23_28
[12:02:47.162] [N] Loading 1_40_27
[12:02:47.162] [N] Loading 1_37_24
[12:02:47.162] [N] Loading 1_31_44
[12:02:47.162] [N] Loading 1_21_33
[12:02:47.162] [N] Loading 1_24_41
[12:02:47.162] [N] Loading 1_43_36
[12:02:47.162] [N] Loading 1_26_42
[12:02:47.162] [N] Loading 1_32_44
[12:02:47.162] [N] Loading 1_41_32
[12:02:47.162] [N] Loading 1_21_32
[12:02:47.162] [N] Loading 1_28_26
[12:02:47.162] [N] Loading 1_33_44
[12:02:47.162] [N] Loading 1_38_42
[12:02:47.162] [N] Loading 1_30_44
[12:02:47.162] [N] Loading 1_38_25
[12:02:47.162] [N] Loading 1_22_29
[12:02:47.162] [N] Loading 1_39_42
[12:02:47.162] [N] Loading 1_25_27
[12:02:47.162] [N] Loading 1_21_31
[12:02:50.866] [N] Loading 1_39_26
[12:03:06.281] [N] Loading 1_25_42
[12:03:09.288] [N] Loading 1_22_34
[12:03:11.953] [N] Loading 1_30_31
[12:03:11.953] [N] Loading 1_30_32
[12:03:11.953] [N] Loading 1_30_33
[12:03:15.381] [D] [QuestLog] Loaded 67 completed quests from Lua fallback
[12:03:20.494] [N] Loading 1_34_44
[12:03:26.746] [N] Loading 1_39_30
[12:03:36.099] [N] Loading 1_40_30
[12:03:37.455] [N] Loading 1_21_34
[12:03:39.168] [N] Loading 1_36_43
[12:03:41.211] [N] Loading 1_32_35
[12:03:41.211] [N] Loading 1_33_35
[12:03:41.211] [N] Loading 1_31_35
[12:03:41.211] [N] Loading 1_34_34
[12:03:41.211] [N] Loading 1_34_35
[12:03:41.211] [N] Loading 1_32_36
[12:03:41.211] [N] Loading 1_33_36
[12:03:41.211] [N] Loading 1_30_34
[12:03:41.211] [N] Loading 1_30_35
[12:03:41.211] [N] Loading 1_31_36
[12:03:41.211] [N] Loading 1_34_36
[12:03:41.211] [N] Loading 1_35_34
[12:03:41.211] [N] Loading 1_29_31
[12:03:41.211] [N] Loading 1_35_35
[12:03:41.211] [N] Loading 1_29_30
[12:03:41.211] [N] Loading 1_29_32
[12:03:41.211] [N] Loading 1_29_29
[12:03:41.570] [N] Loading 1_30_36
[12:03:41.570] [N] Loading 1_35_36
[12:03:41.570] [N] Loading 1_29_34
[12:03:41.570] [N] Loading 1_32_37
[12:03:41.570] [N] Loading 1_33_37
[12:03:41.570] [N] Loading 1_36_35
[12:03:41.570] [N] Loading 1_29_35
[12:03:41.570] [N] Loading 1_34_37
[12:03:41.570] [N] Loading 1_29_33
[12:03:41.570] [N] Loading 1_31_37
[12:03:41.570] [N] Loading 1_28_31
[12:03:41.570] [N] Loading 1_28_32
[12:03:41.570] [N] Loading 1_28_30
[12:03:41.570] [N] Loading 1_28_33
[12:03:41.570] [N] Loading 1_28_29
[12:03:41.931] [N] Loading 1_36_34
[12:03:41.931] [N] Loading 1_36_36
[12:03:41.931] [N] Loading 1_29_36
[12:03:41.931] [N] Loading 1_35_37
[12:03:41.931] [N] Loading 1_30_37
[12:03:41.931] [N] Loading 1_33_38
[12:03:41.931] [N] Loading 1_37_35
[12:03:41.931] [N] Loading 1_32_38
[12:03:41.931] [N] Loading 1_37_34
[12:03:41.931] [N] Loading 1_31_38
[12:03:41.931] [N] Loading 1_34_38
[12:03:41.931] [N] Loading 1_36_37
[12:03:41.931] [N] Loading 1_37_36
[12:03:41.931] [N] Loading 1_29_28
[12:03:41.931] [N] Loading 1_27_30
[12:03:42.339] [N] Loading 1_29_37
[12:03:42.339] [N] Loading 1_35_38
[12:03:42.339] [N] Loading 1_28_36
[12:03:42.339] [N] Loading 1_28_35
[12:03:42.339] [N] Loading 1_30_38
[12:03:42.339] [N] Loading 1_33_39
[12:03:42.339] [N] Loading 1_27_29
[12:03:42.339] [N] Loading 1_34_39
[12:03:42.339] [N] Loading 1_32_39
[12:03:42.339] [N] Loading 1_38_35
[12:03:42.339] [N] Loading 1_37_37
[12:03:42.339] [N] Loading 1_28_37
[12:03:42.339] [N] Loading 1_31_39
[12:03:42.339] [N] Loading 1_28_34
[12:03:42.339] [N] Loading 1_31_27
[12:03:42.339] [N] Loading 1_33_29
[12:03:42.339] [N] Loading 1_27_33
[12:03:42.339] [N] Loading 1_33_28
[12:03:42.339] [N] Loading 1_27_32
[12:03:42.339] [N] Loading 1_32_27
[12:03:42.339] [N] Loading 1_27_34
[12:03:42.339] [N] Loading 1_34_29
[12:03:42.339] [N] Loading 1_33_27
[12:03:42.771] [N] Loading 1_38_36
[12:03:42.771] [N] Loading 1_29_38
[12:03:42.771] [N] Loading 1_36_38
[12:03:42.771] [N] Loading 1_38_34
[12:03:42.771] [N] Loading 1_27_36
[12:03:42.771] [N] Loading 1_27_35
[12:03:42.771] [N] Loading 1_30_39
[12:03:42.771] [N] Loading 1_36_30
[12:03:42.771] [N] Loading 1_35_39
[12:03:42.771] [N] Loading 1_34_28
[12:03:42.771] [N] Loading 1_39_35
[12:03:42.771] [N] Loading 1_38_37
[12:03:42.771] [N] Loading 1_27_37
[12:03:42.771] [N] Loading 1_28_38
[12:03:42.771] [N] Loading 1_39_36
[12:03:42.771] [N] Loading 1_31_40
[12:03:42.771] [N] Loading 1_29_39
[12:03:42.771] [N] Loading 1_38_31
[12:03:42.771] [N] Loading 1_26_29
[12:03:42.771] [N] Loading 1_27_28
[12:03:42.771] [N] Loading 1_36_39
[12:03:42.771] [N] Loading 1_27_31
[12:03:42.771] [N] Loading 1_35_29
[12:03:42.771] [N] Loading 1_28_28
[12:03:42.771] [N] Loading 1_34_27
[12:03:42.771] [N] Loading 1_26_33
[12:03:42.771] [N] Loading 1_35_28
[12:03:42.771] [N] Loading 1_26_34
[12:03:42.771] [N] Loading 1_26_32
[12:03:42.771] [N] Loading 1_26_30
[12:03:42.771] [N] Loading 1_26_28
[12:03:42.771] [N] Loading 1_32_26
[12:03:42.771] [N] Loading 1_33_26
[12:03:43.848] [N] Loading 1_39_34
[12:03:43.848] [N] Loading 1_38_32
[12:03:43.848] [N] Loading 1_32_40
[12:03:43.848] [N] Loading 1_30_40
[12:03:43.848] [N] Loading 1_34_40
[12:03:43.848] [N] Loading 1_26_35
[12:03:43.848] [N] Loading 1_33_40
[12:03:43.848] [N] Loading 1_39_37
[12:03:43.848] [N] Loading 1_26_31
[12:03:43.848] [N] Loading 1_35_27
[12:03:43.848] [N] Loading 1_36_29
[12:03:43.848] [N] Loading 1_36_28
[12:03:45.208] [N] Loading 1_35_40
[12:03:45.208] [N] Loading 1_26_36
[12:03:45.208] [N] Loading 1_27_38
[12:03:45.208] [N] Loading 1_40_35
[12:03:45.208] [N] Loading 1_37_38
[12:03:45.208] [N] Loading 1_28_39
[12:03:45.208] [N] Loading 1_26_37
[12:03:45.208] [N] Loading 1_31_41
[12:03:45.208] [N] Loading 1_40_36
[12:03:45.208] [N] Loading 1_29_40
[12:03:45.208] [N] Loading 1_38_33
[12:03:45.208] [N] Loading 1_32_41
[12:03:45.208] [N] Loading 1_30_41
[12:03:45.208] [N] Loading 1_37_39
[12:03:45.208] [N] Loading 1_36_40
[12:03:45.208] [N] Loading 1_25_35
[12:03:45.208] [N] Loading 1_26_38
[12:03:45.208] [N] Loading 1_38_38
[12:03:45.208] [N] Loading 1_40_34
[12:03:45.208] [N] Loading 1_33_41
[12:03:45.208] [N] Loading 1_34_26
[12:03:45.208] [N] Loading 1_25_34
[12:03:45.208] [N] Loading 1_39_38
[12:03:45.208] [N] Loading 1_25_33
[12:03:45.208] [N] Loading 1_40_37
[12:03:45.208] [N] Loading 1_31_26
[12:03:45.208] [N] Loading 1_25_32
[12:03:45.208] [N] Loading 1_41_35
[12:03:45.208] [N] Loading 1_27_27
[12:03:45.208] [N] Loading 1_25_31
[12:03:45.208] [N] Loading 1_35_26
[12:03:45.208] [N] Loading 1_36_27
[12:03:45.208] [N] Loading 1_36_26
[12:03:45.208] [N] Loading 1_33_25
[12:03:45.208] [N] Loading 1_32_25
[12:03:45.643] [N] Loading 1_27_39
[12:03:45.643] [N] Loading 1_37_40
[12:03:45.643] [N] Loading 1_28_40
[12:03:45.643] [N] Loading 1_41_36
[12:03:45.643] [N] Loading 1_29_41
[12:03:45.643] [N] Loading 1_31_42
[12:03:45.643] [N] Loading 1_35_41
[12:03:45.643] [N] Loading 1_32_42
[12:03:45.643] [N] Loading 1_38_39
[12:03:45.643] [N] Loading 1_34_41
[12:03:45.643] [N] Loading 1_40_38
[12:03:45.643] [N] Loading 1_24_34
[12:03:45.643] [N] Loading 1_25_37
[12:03:45.643] [N] Loading 1_24_35
[12:03:45.643] [N] Loading 1_26_39
[12:03:45.643] [N] Loading 1_25_38
[12:03:45.643] [N] Loading 1_30_42
[12:03:45.643] [N] Loading 1_25_30
[12:03:45.643] [N] Loading 1_33_42
[12:03:45.643] [N] Loading 1_28_41
[12:03:45.643] [N] Loading 1_39_39
[12:03:45.643] [N] Loading 1_30_27
[12:03:45.643] [N] Loading 1_24_33
[12:03:45.643] [N] Loading 1_24_32
[12:03:45.643] [N] Loading 1_37_27
[12:03:45.643] [N] Loading 1_30_26
[12:03:45.643] [N] Loading 1_31_25
[12:03:45.643] [N] Loading 1_35_25
[12:03:45.643] [N] Loading 1_24_31
[12:03:45.643] [N] Loading 1_37_28
[12:03:45.643] [N] Loading 1_34_25
[12:03:45.643] [N] Loading 1_24_30
[12:03:46.071] [N] Loading 1_32_30
[12:03:46.071] [N] Loading 1_31_30
[12:03:46.071] [N] Loading 1_30_30
[12:03:46.071] [N] Loading 1_30_29
[12:03:46.071] [N] Loading 1_31_29
[12:03:46.071] [N] Loading 1_30_28
[12:03:46.071] [N] Loading 1_31_28
[12:03:46.071] [N] Loading 1_32_28
[12:03:46.071] [N] Loading 1_32_29
[12:03:46.071] [N] Loading 1_38_40
[12:03:46.071] [N] Loading 1_36_41
[12:03:46.071] [N] Loading 1_41_37
[12:03:46.071] [N] Loading 1_29_42
[12:03:46.071] [N] Loading 1_25_39
[12:03:46.071] [N] Loading 1_27_40
[12:03:46.071] [N] Loading 1_34_42
[12:03:46.071] [N] Loading 1_41_38
[12:03:46.071] [N] Loading 1_40_39
[12:03:46.071] [N] Loading 1_26_40
[12:03:46.071] [N] Loading 1_39_40
[12:03:46.071] [N] Loading 1_23_34
[12:03:46.071] [N] Loading 1_23_33
[12:03:46.071] [N] Loading 1_37_41
[12:03:46.071] [N] Loading 1_36_25
[12:03:46.071] [N] Loading 1_37_29
[12:03:46.071] [N] Loading 1_25_29
[12:03:46.071] [N] Loading 1_37_26
[12:03:46.071] [N] Loading 1_38_27
[12:03:46.071] [N] Loading 1_30_25
[12:03:46.071] [N] Loading 1_38_28
[12:03:46.071] [N] Loading 1_23_32
[12:03:46.071] [N] Loading 1_24_29
[12:03:46.071] [N] Loading 1_23_31
[12:03:46.071] [N] Loading 1_29_27
[12:03:46.071] [N] Loading 1_33_24
[12:03:46.071] [N] Loading 1_38_26
[12:03:46.441] [N] Loading 1_27_41
[12:03:46.441] [N] Loading 1_41_34
[12:03:46.441] [N] Loading 1_31_43
[12:03:46.441] [N] Loading 1_35_42
[12:03:46.441] [N] Loading 1_32_43
[12:03:46.441] [N] Loading 1_28_42
[12:03:46.441] [N] Loading 1_42_35
[12:03:46.441] [N] Loading 1_25_40
[12:03:46.441] [N] Loading 1_41_39
[12:03:46.441] [N] Loading 1_33_43
[12:03:46.441] [N] Loading 1_42_34
[12:03:46.441] [N] Loading 1_30_43
[12:03:46.441] [N] Loading 1_38_41
[12:03:46.441] [N] Loading 1_39_41
[12:03:46.441] [N] Loading 1_40_33
[12:03:46.441] [N] Loading 1_41_33
[12:03:46.441] [N] Loading 1_34_43
[12:03:46.441] [N] Loading 1_36_42
[12:03:46.441] [N] Loading 1_39_33
[12:03:46.441] [N] Loading 1_22_33
[12:03:46.441] [N] Loading 1_42_36
[12:03:46.441] [N] Loading 1_40_40
[12:03:46.441] [N] Loading 1_29_26
[12:03:46.441] [N] Loading 1_23_30
[12:03:46.441] [N] Loading 1_34_24
[12:03:46.441] [N] Loading 1_35_24
[12:03:46.441] [N] Loading 1_39_28
[12:03:46.441] [N] Loading 1_39_27
[12:03:46.441] [N] Loading 1_23_29
[12:03:46.441] [N] Loading 1_25_28
[12:03:46.441] [N] Loading 1_36_24
[12:03:46.441] [N] Loading 1_37_25
[12:03:46.441] [N] Loading 1_29_25
[12:03:46.441] [N] Loading 1_41_31
[12:03:47.387] [N] Loading 1_26_41
[12:03:47.387] [N] Loading 1_29_43
[12:03:47.387] [N] Loading 1_39_32
[12:03:47.387] [N] Loading 1_40_32
[12:03:47.387] [N] Loading 1_24_39
[12:03:47.387] [N] Loading 1_24_28
[12:03:47.756] [N] Loading 1_24_40
[12:03:47.756] [N] Loading 1_22_32
[12:03:47.756] [N] Loading 1_25_41
[12:03:47.756] [N] Loading 1_27_42
[12:03:47.756] [N] Loading 1_35_43
[12:03:47.756] [N] Loading 1_40_41
[12:03:47.756] [N] Loading 1_37_42
[12:03:47.756] [N] Loading 1_42_37
[12:03:47.756] [N] Loading 1_39_31
[12:03:47.756] [N] Loading 1_40_31
[12:03:47.756] [N] Loading 1_28_43
[12:03:47.756] [N] Loading 1_22_31
[12:03:47.756] [N] Loading 1_43_36
[12:03:47.756] [N] Loading 1_31_44
[12:03:47.756] [N] Loading 1_24_41
[12:03:47.756] [N] Loading 1_39_29
[12:03:47.756] [N] Loading 1_32_44
[12:03:47.756] [N] Loading 1_41_32
[12:03:47.756] [N] Loading 1_21_33
[12:03:47.756] [N] Loading 1_26_42
[12:03:47.756] [N] Loading 1_38_42
[12:03:47.756] [N] Loading 1_21_32
[12:03:47.756] [N] Loading 1_33_44
[12:03:47.756] [N] Loading 1_30_44
[12:03:47.756] [N] Loading 1_22_30
[12:03:47.756] [N] Loading 1_39_42
[12:03:47.756] [N] Loading 1_40_28
[12:03:47.756] [N] Loading 1_28_27
[12:03:47.756] [N] Loading 1_40_27
[12:03:47.756] [N] Loading 1_23_28
[12:03:47.756] [N] Loading 1_37_24
[12:03:52.928] [N] Loading 1_28_26
[12:04:06.811] [N] Loading 1_25_42
[12:04:09.966] [N] Loading 1_22_34
[12:04:12.021] [N] Loading 1_30_31
[12:04:12.021] [N] Loading 1_30_33
[12:04:12.021] [N] Loading 1_30_32
[12:04:12.021] [N] Loading 1_42_38
[12:04:13.662] [N] Loading 1_27_43
[12:04:13.662] [N] Loading 1_29_44
[12:04:17.606] [D] [QuestLog] Loaded 67 completed quests from Lua fallback
[12:04:21.115] [N] Loading 1_34_44
[12:04:26.828] [N] Moving to Type: QuestTurnIn, Name: Makaba Flathoof, Guid: 0, Entry: 11857, Location: (-263.00, -943.00, 12.41)
[12:04:27.992] [N] Loading 1_39_30
[12:04:36.504] [N] Loading 1_40_30
[12:04:38.579] [N] Loading 1_21_34
[12:04:39.526] [N] Loading 1_36_43
[12:04:39.588] [D] [CloseFrames] GossipFrame: False, QuestFrame: False
[12:04:39.588] [D] [CloseFrames] No frames open, returning Success
[12:04:39.689] [D] [InteractWithNpc] GossipFrame: False, QuestFrame: False
[12:04:39.689] [D] [InteractWithNpc] Interacting...
[12:04:39.689] [D] [Interact] Interacting with object at 0x2ED79EF8
[12:04:39.723] [D] [Interact] Done interacting with object at 0x2ED79EF8
[12:04:40.163] [D] [Singular-DEBUG] Switched targets!
[12:04:40.163] [D] [Singular-DEBUG] Melee Distance: 6.8833337
[12:04:40.163] [D] [Singular-DEBUG] Health: 100
[12:04:40.163] [D] [Singular-DEBUG] Level: 25
[12:04:40.599] [D] [InteractWithNpc] GossipFrame: False, QuestFrame: True
[12:04:40.599] [D] [InteractWithNpc] Frame already open, returning Success
[12:04:40.902] [D] [IsGossipOrQuestListVisible] GossipFrame: False, QuestTitleButton1: False => False
[12:04:40.936] [D] [IsQuestFrameVisible] QuestFrame.IsVisible: True
[12:04:40.970] [D] [IsCompleteButtonVisible] QuestFrameCompleteButton.IsVisible: False
[12:04:40.970] [D] [HasRewardChoice] CurrentShownQuestId: 6629, Quest found: True
[12:04:41.004] [D] [HasRewardChoice] No cache rewards, Lua GetNumQuestChoices: 0
[12:04:41.037] [D] [CompleteQuest] QuestFrame.IsVisible: True, CurrentShownQuestId: 6629, Expected: 6629
[12:04:41.037] [D] [CompleteQuest] CompleteQuest attempt 1/5
[12:04:41.605] [D] [CompleteQuest] After CompleteQuest - QuestFrame.IsVisible: False
[12:04:42.079] [N] [Wholesome Auto Quest] Turned in 1 quest(s): 6629 — triggering rescan
[12:04:42.079] [N] [Wholesome Auto Quest] A quest turn-in completed; queuing one scheduler rebuild.
[12:04:42.113] [D] [CompleteQuest] QuestFrame.IsVisible: False, CurrentShownQuestId: 6629, Expected: 6629
[12:04:42.113] [D] [CompleteQuest] Conditions not met, returning Success
[12:04:42.180] [D] [CloseFrames] GossipFrame: False, QuestFrame: False
[12:04:42.180] [D] [CloseFrames] No frames open, returning Success
[12:04:43.053] [D] [WholesomeAQ] Quest chain correction: ancestor=1062; descendant=1063.
[12:04:43.054] [D] [WholesomeAQ] Quest chain correction: ancestor=1062; descendant=1068.
[12:04:43.090] [D] Loading profile from D:\World of Warcraft 3.3.5a\CB\Bots\WholesomeAutoQuest\WHOLESOME_AUTOQUESTER.xml
[12:04:43.091] [N] Profile loaded: WholesomeAQ - The Barrens
[12:04:43.117] [D] Selected sub-profile: WholesomeAQ - The Barrens (L1-80)
[12:04:43.117] [N] [Wholesome Auto Quest] Profile refreshed - Selected 1 quest work candidate(s). selected quest=6629;stage=Pickup;state=Eligible. excluded quest=104;stage=Pickup;npc=392;reason=outside-scan-radius;retry=context-change excluded quest=1062;stage=AncestorCorrection;objective=0;reason=outside-scan-radius;retry=context-change. excluded quest=1069;stage=Pickup;npc=3446;reason=outside-scan-radius;retry=context-change excluded quest=1087;stage=Pickup;npc=4198;reason=outside-scan-radius;retry=context-change excluded quest=1093;stage=Pickup;npc=4201;reason=outside-scan-radius;retry=context-change excluded quest=11127;stage=Pickup;scope=QuestStage;retry=2026-09-05T06:10:20.8287986Z;state=Quarantined. excluded quest=118;stage=Pickup;npc=415;reason=outside-scan-radius;retry=context-change excluded quest=1195;stage=Pickup;npc=4721;reason=outside-scan-radius;retry=context-change excluded quest=14106;stage=Pickup;scope=QuestStage;retry=2026-09-05T06:10:20.8250193Z;state=Quarantined. excluded quest=1483;stage=Pickup;npc=3442;reason=outside-scan-radius;retry=context-change excluded quest=152;stage=Pickup;npc=392;reason=outside-scan-radius;retry=context-change excluded quest=2098;stage=Pickup;npc=6667;reason=outside-scan-radius;retry=context-change excluded quest=216;stage=Pickup;npc=12757;reason=outside-scan-radius;retry=context-change excluded quest=235;stage=Pickup;npc=10880;reason=outside-scan-radius;retry=context-change excluded quest=3281;stage=TurnIn;npc=3464;reason=outside-scan-radius;retry=context-change excluded quest=4542;stage=Pickup;npc=10079;reason=outside-scan-radius;retry=context-change excluded quest=470;stage=Pickup;npc=2111;reason=outside-scan-radius;retry=context-change excluded quest=472;stage=Pickup;npc=2097;reason=outside-scan-radius;retry=context-change excluded quest=4740;stage=Pickup;npc=175320;reason=outside-scan-radius;retry=context-change excluded quest=4921;stage=Objective;objective=0;reason=outside-scan-radius;retry=context-change. excluded quest=493;stage=Pickup;npc=1937;reason=outside-scan-radius;retry=context-change excluded quest=494;stage=Pickup;npc=2214;reason=outside-scan-radius;retry=context-change excluded quest=496;stage=Pickup;npc=2216;reason=outside-scan-radius;retry=context-change excluded quest=498;stage=Pickup;npc=2229;reason=outside-scan-radius;retry=context-change excluded quest=501;stage=Pickup;npc=2216;reason=outside-scan-radius;retry=context-change excluded quest=516;stage=Pickup;npc=2121;reason=outside-scan-radius;retry=context-change excluded quest=527;stage=Pickup;npc=2215;reason=outside-scan-radius;retry=context-change excluded quest=546;stage=Pickup;npc=2418;reason=outside-scan-radius;retry=context-change excluded quest=549;stage=Pickup;npc=1763;reason=outside-scan-radius;retry=context-change excluded quest=6301;stage=Pickup;npc=11864;reason=outside-scan-radius;retry=context-change excluded quest=6382;stage=Pickup;npc=3387;reason=outside-scan-radius;retry=context-change excluded quest=6383;stage=Pickup;npc=12696;reason=outside-scan-radius;retry=context-change excluded quest=6393;stage=Pickup;npc=11862;reason=outside-scan-radius;retry=context-change excluded quest=6442;stage=Pickup;npc=12719;reason=outside-scan-radius;retry=context-change excluded quest=6461;stage=Objective;scope=QuestStage;retry=2026-09-05T04:31:03.7404600Z;state=CoolingDown. excluded quest=6462;stage=Pickup;npc=12721;reason=outside-scan-radius;retry=context-change excluded quest=6503;stage=Pickup;npc=12867;reason=outside-scan-radius;retry=context-change excluded quest=6541;stage=Pickup;npc=3429;reason=outside-scan-radius;retry=context-change excluded quest=6542;stage=TurnIn;npc=8582;reason=outside-scan-radius;retry=context-change excluded quest=6543;stage=Pickup;npc=8582;reason=outside-scan-radius;retry=context-change excluded quest=742;stage=Pickup;npc=10881;reason=outside-scan-radius;retry=context-change excluded quest=747;stage=Objective;scope=Objective;objective=0;retry=2026-09-05T06:10:20.8040908Z;state=Quarantined. excluded quest=747;stage=Objective;scope=Objective;objective=1;retry=2026-09-05T06:10:20.8116023Z;state=Quarantined. excluded quest=7790;stage=Pickup;scope=QuestStage;retry=2026-09-05T06:10:20.8249148Z;state=Quarantined. excluded quest=843;stage=Pickup;npc=3341;reason=outside-scan-radius;retry=context-change excluded quest=8487;stage=TurnIn;npc=15402;reason=outside-scan-radius;retry=context-change excluded quest=851;stage=Pickup;npc=3389;reason=outside-scan-radius;retry=context-change excluded quest=858;stage=Pickup;npc=3439;reason=outside-scan-radius;retry=context-change excluded quest=865;stage=Pickup;npc=3446;reason=outside-scan-radius;retry=context-change excluded quest=867;stage=Objective;scope=Objective;objective=0;retry=2026-09-05T06:10:20.8137024Z;state=Quarantined. excluded quest=868;stage=Pickup;npc=3428;reason=outside-scan-radius;retry=context-change excluded quest=878;stage=Pickup;npc=3430;reason=outside-scan-radius;retry=context-change excluded quest=8889;stage=Objective;objective=0;reason=outside-scan-radius;retry=context-change. excluded quest=8889;stage=Objective;objective=1;reason=outside-scan-radius;retry=context-change. excluded quest=8889;stage=Objective;objective=2;reason=outside-scan-radius;retry=context-change. excluded quest=891;stage=Objective;objective=0;reason=outside-scan-radius;retry=context-change. excluded quest=891;stage=Objective;objective=1;reason=outside-scan-radius;retry=context-change. excluded quest=891;stage=Objective;objective=2;reason=outside-scan-radius;retry=context-change. excluded quest=891;stage=Objective;scope=Objective;objective=3;retry=2026-09-05T06:10:20.8169213Z;state=Quarantined. excluded quest=893;stage=Pickup;npc=3433;reason=outside-scan-radius;retry=context-change excluded quest=894;stage=TurnIn;npc=4141;reason=outside-scan-radius;retry=context-change excluded quest=896;stage=Objective;scope=Objective;objective=0;retry=2026-09-05T06:10:20.8197153Z;state=Quarantined. excluded quest=9067;stage=Objective;scope=Objective;objective=0;retry=2026-09-05T07:12:52.3802265Z;state=Quarantined. excluded quest=9151;stage=Pickup;npc=16199;reason=outside-scan-radius;retry=context-change excluded quest=9157;stage=TurnIn;npc=16201;reason=outside-scan-radius;retry=context-change excluded quest=9214;stage=Pickup;npc=16220;reason=outside-scan-radius;retry=context-change excluded quest=9218;stage=Pickup;npc=16205;reason=outside-scan-radius;retry=context-change excluded quest=9275;stage=Pickup;npc=16464;reason=outside-scan-radius;retry=context-change excluded quest=9276;stage=Pickup;npc=16463;reason=outside-scan-radius;retry=context-change excluded quest=9281;stage=Pickup;npc=16480;reason=outside-scan-radius;retry=context-change excluded quest=9388;stage=Pickup;scope=QuestStage;retry=2026-09-05T06:10:20.8314367Z;state=Quarantined. excluded quest=9389;stage=Pickup;scope=QuestStage;retry=2026-09-05T06:10:20.8315248Z;state=Quarantined. excluded quest=9425;stage=Pickup;npc=16287;reason=outside-scan-radius;retry=context-change excluded quest=9428;stage=Pickup;npc=17098;reason=outside-scan-radius;retry=context-change excluded quest=959;stage=Pickup;npc=3665;reason=outside-scan-radius;retry=context-change excluded quest=962;stage=Pickup;npc=3419;reason=outside-scan-radius;retry=context-change excluded quest=965;stage=Pickup;npc=3657;reason=outside-scan-radius;retry=context-change excluded quest=9749;stage=Pickup;scope=QuestStage;retry=2026-09-05T06:10:20.8275214Z;state=Quarantined.
[12:04:44.590] [N] Loading 1_31_35
[12:04:44.590] [N] Loading 1_30_34
[12:04:44.590] [N] Loading 1_30_35
[12:04:44.590] [N] Loading 1_35_34
[12:04:44.590] [N] Loading 1_31_36
[12:04:44.590] [N] Loading 1_35_35
[12:04:44.590] [N] Loading 1_30_36
[12:04:44.590] [N] Loading 1_35_36
[12:04:44.590] [N] Loading 1_32_37
[12:04:44.590] [N] Loading 1_29_34
[12:04:44.590] [N] Loading 1_33_37
[12:04:44.590] [N] Loading 1_36_35
[12:04:44.590] [N] Loading 1_34_37
[12:04:44.590] [N] Loading 1_29_35
[12:04:44.590] [N] Loading 1_31_37
[12:04:44.590] [N] Loading 1_36_34
[12:04:44.590] [N] Loading 1_29_31
[12:04:44.590] [N] Loading 1_36_36
[12:04:44.590] [N] Loading 1_29_30
[12:04:44.590] [N] Loading 1_35_37
[12:04:44.590] [N] Loading 1_29_32
[12:04:44.590] [N] Loading 1_29_36
[12:04:44.590] [N] Loading 1_30_37
[12:04:44.590] [N] Loading 1_33_38
[12:04:44.590] [N] Loading 1_37_35
[12:04:44.590] [N] Loading 1_32_38
[12:04:44.590] [N] Loading 1_37_34
[12:04:44.590] [N] Loading 1_31_38
[12:04:44.590] [N] Loading 1_36_37
[12:04:44.590] [N] Loading 1_34_38
[12:04:44.590] [N] Loading 1_29_29
[12:04:44.590] [N] Loading 1_29_33
[12:04:44.590] [N] Loading 1_37_36
[12:04:44.590] [N] Loading 1_29_37
[12:04:44.590] [N] Loading 1_28_31
[12:04:44.590] [N] Loading 1_35_38
[12:04:44.590] [N] Loading 1_28_32
[12:04:44.590] [N] Loading 1_28_36
[12:04:44.590] [N] Loading 1_28_35
[12:04:44.590] [N] Loading 1_28_30
[12:04:44.590] [N] Loading 1_30_38
[12:04:44.590] [N] Loading 1_33_39
[12:04:44.590] [N] Loading 1_28_33
[12:04:44.590] [N] Loading 1_38_35
[12:04:44.590] [N] Loading 1_34_39
[12:04:44.590] [N] Loading 1_32_39
[12:04:44.590] [N] Loading 1_37_37
[12:04:44.590] [N] Loading 1_28_29
[12:04:44.590] [N] Loading 1_28_37
[12:04:44.590] [N] Loading 1_38_36
[12:04:44.590] [N] Loading 1_31_39
[12:04:44.590] [N] Loading 1_36_38
[12:04:44.590] [N] Loading 1_28_34
[12:04:44.590] [N] Loading 1_29_38
[12:04:44.590] [N] Loading 1_38_34
[12:04:44.590] [N] Loading 1_29_28
[12:04:44.590] [N] Loading 1_27_36
[12:04:44.590] [N] Loading 1_27_35
[12:04:44.590] [N] Loading 1_36_30
[12:04:44.590] [N] Loading 1_30_39
[12:04:44.590] [N] Loading 1_35_39
[12:04:44.590] [N] Loading 1_39_35
[12:04:44.590] [N] Loading 1_27_34
[12:04:44.590] [N] Loading 1_38_37
[12:04:44.590] [N] Loading 1_27_30
[12:04:44.590] [N] Loading 1_27_37
[12:04:44.590] [N] Loading 1_39_36
[12:04:44.590] [N] Loading 1_28_38
[12:04:44.590] [N] Loading 1_38_31
[12:04:44.590] [N] Loading 1_31_40
[12:04:44.590] [N] Loading 1_36_39
[12:04:44.590] [N] Loading 1_29_39
[12:04:44.590] [N] Loading 1_27_29
[12:04:44.590] [N] Loading 1_39_34
[12:04:44.590] [N] Loading 1_38_32
[12:04:44.590] [N] Loading 1_32_40
[12:04:44.590] [N] Loading 1_31_27
[12:04:44.590] [N] Loading 1_33_29
[12:04:44.590] [N] Loading 1_33_28
[12:04:44.590] [N] Loading 1_27_33
[12:04:44.590] [N] Loading 1_30_40
[12:04:44.590] [N] Loading 1_34_40
[12:04:44.590] [N] Loading 1_26_35
[12:04:44.590] [N] Loading 1_26_34
[12:04:44.590] [N] Loading 1_27_32
[12:04:44.590] [N] Loading 1_33_40
[12:04:44.590] [N] Loading 1_39_37
[12:04:44.590] [N] Loading 1_32_27
[12:04:44.590] [N] Loading 1_26_33
[12:04:44.590] [N] Loading 1_34_29
[12:04:44.590] [N] Loading 1_34_28
[12:04:44.590] [N] Loading 1_33_27
[12:04:44.590] [N] Loading 1_26_29
[12:04:44.590] [N] Loading 1_27_28
[12:04:44.590] [N] Loading 1_26_32
[12:04:44.590] [N] Loading 1_27_31
[12:04:44.590] [N] Loading 1_35_29
[12:04:44.590] [N] Loading 1_34_27
[12:04:44.590] [N] Loading 1_28_28
[12:04:44.590] [N] Loading 1_35_28
[12:04:44.590] [N] Loading 1_26_30
[12:04:44.590] [N] Loading 1_26_28
[12:04:44.590] [N] Loading 1_32_26
[12:04:44.590] [N] Loading 1_33_26
[12:04:44.590] [N] Loading 1_26_31
[12:04:44.590] [N] Loading 1_35_27
[12:04:44.590] [N] Loading 1_36_29
[12:04:44.590] [N] Loading 1_36_28
[12:04:44.634] [D] [If] Condition is true, executing If body
[12:04:44.736] [N] [PickUp] Picking up Kill Grundig Darkcloud
[12:04:44.736] [D] Goal: Picking up Kill Grundig Darkcloud
[12:04:44.770] [D] Changed POI to: Type: QuestPickUp, Name: Makaba Flathoof, Guid: 0, Entry: 11857, Location: (-263.00, -943.00, 12.41)
[12:04:44.904] [D] [QuestRecovery] quest=6629, stage=TurnIn, old=Attempting, new=Eligible, reason=None, episode=0, attempt=0, retry=
[12:04:45.830] [N] Loading 1_35_40
[12:04:45.830] [N] Loading 1_40_35
[12:04:45.830] [N] Loading 1_26_36
[12:04:45.830] [N] Loading 1_37_38
[12:04:45.830] [N] Loading 1_27_38
[12:04:45.830] [N] Loading 1_28_39
[12:04:45.830] [N] Loading 1_40_36
[12:04:45.830] [N] Loading 1_26_37
[12:04:45.830] [N] Loading 1_31_41
[12:04:45.830] [N] Loading 1_38_33
[12:04:45.830] [N] Loading 1_29_40
[12:04:45.830] [N] Loading 1_37_39
[12:04:45.830] [N] Loading 1_32_41
[12:04:45.830] [N] Loading 1_30_41
[12:04:45.830] [N] Loading 1_36_40
[12:04:45.830] [N] Loading 1_40_34
[12:04:45.830] [N] Loading 1_38_38
[12:04:45.830] [N] Loading 1_25_35
[12:04:45.830] [N] Loading 1_26_38
[12:04:45.830] [N] Loading 1_39_38
[12:04:45.830] [N] Loading 1_33_41
[12:04:45.830] [N] Loading 1_40_37
[12:04:45.830] [N] Loading 1_41_35
[12:04:45.830] [N] Loading 1_25_34
[12:04:45.830] [N] Loading 1_27_39
[12:04:45.830] [N] Loading 1_25_33
[12:04:45.830] [N] Loading 1_25_32
[12:04:45.830] [N] Loading 1_34_26
[12:04:45.830] [N] Loading 1_25_31
[12:04:45.830] [N] Loading 1_31_26
[12:04:45.830] [N] Loading 1_35_26
[12:04:45.830] [N] Loading 1_27_27
[12:04:45.830] [N] Loading 1_36_27
[12:04:45.830] [N] Loading 1_36_26
[12:04:45.830] [N] Loading 1_33_25
[12:04:45.830] [N] Loading 1_32_25
[12:04:45.863] [N] Loading 1_32_30
[12:04:45.863] [N] Loading 1_31_30
[12:04:45.863] [N] Loading 1_30_30
[12:04:45.979] [D] [Interact] Interacting with object at 0x2ED79EF8
[12:04:46.014] [D] [Interact] Done interacting with object at 0x2ED79EF8
[12:04:47.595] [D] [QuestPickUp] After interact: GossipFrame.IsVisible=False, QuestTitleButton1.IsVisible=False, QuestFrame.IsVisible=False
[12:04:48.945] [D] Cleared POI - Reason Quest Completed
[12:04:48.945] [D] Cleared POI
[12:04:50.124] [N] Loading 1_30_29
[12:04:50.124] [N] Loading 1_31_29
[12:04:50.124] [N] Loading 1_30_28
[12:04:50.124] [N] Loading 1_31_28
[12:04:50.124] [N] Loading 1_32_28
[12:04:50.124] [N] Loading 1_32_29
[12:04:50.124] [N] Loading 1_37_40
[12:04:50.124] [N] Loading 1_41_36
[12:04:50.124] [N] Loading 1_38_39
[12:04:50.124] [N] Loading 1_28_40
[12:04:50.124] [N] Loading 1_31_42
[12:04:50.124] [N] Loading 1_29_41
[12:04:50.124] [N] Loading 1_35_41
[12:04:50.124] [N] Loading 1_34_41
[12:04:50.124] [N] Loading 1_32_42
[12:04:50.124] [N] Loading 1_40_38
[12:04:50.124] [N] Loading 1_24_34
[12:04:50.124] [N] Loading 1_25_37
[12:04:50.124] [N] Loading 1_24_35
[12:04:50.124] [N] Loading 1_26_39
[12:04:50.124] [N] Loading 1_25_38
[12:04:50.124] [N] Loading 1_30_42
[12:04:50.124] [N] Loading 1_39_39
[12:04:50.124] [N] Loading 1_33_42
[12:04:50.124] [N] Loading 1_28_41
[12:04:50.124] [N] Loading 1_38_40
[12:04:50.124] [N] Loading 1_41_37
[12:04:50.124] [N] Loading 1_36_41
[12:04:50.124] [N] Loading 1_29_42
[12:04:50.124] [N] Loading 1_24_33
[12:04:50.124] [N] Loading 1_41_38
[12:04:50.124] [N] Loading 1_34_42
[12:04:50.125] [N] Loading 1_25_39
[12:04:50.125] [N] Loading 1_27_40
[12:04:50.125] [N] Loading 1_40_39
[12:04:50.125] [N] Loading 1_24_32
[12:04:50.125] [N] Loading 1_39_40
[12:04:50.125] [N] Loading 1_37_41
[12:04:50.125] [N] Loading 1_25_30
[12:04:50.125] [N] Loading 1_26_40
[12:04:50.125] [N] Loading 1_23_34
[12:04:50.125] [N] Loading 1_23_33
[12:04:50.125] [N] Loading 1_41_34
[12:04:50.125] [N] Loading 1_30_27
[12:04:50.125] [N] Loading 1_27_41
[12:04:50.125] [N] Loading 1_31_43
[12:04:50.125] [N] Loading 1_35_42
[12:04:50.125] [N] Loading 1_37_27
[12:04:50.125] [N] Loading 1_42_35
[12:04:50.125] [N] Loading 1_32_43
[12:04:50.125] [N] Loading 1_41_39
[12:04:50.125] [N] Loading 1_28_42
[12:04:50.125] [N] Loading 1_24_31
[12:04:50.125] [N] Loading 1_42_34
[12:04:50.125] [N] Loading 1_31_25
[12:04:50.125] [N] Loading 1_35_25
[12:04:50.125] [N] Loading 1_30_26
[12:04:50.125] [N] Loading 1_25_40
[12:04:50.125] [N] Loading 1_38_41
[12:04:50.125] [N] Loading 1_33_43
[12:04:50.125] [N] Loading 1_23_32
[12:04:50.125] [N] Loading 1_37_28
[12:04:50.125] [N] Loading 1_30_43
[12:04:50.125] [N] Loading 1_40_33
[12:04:50.125] [N] Loading 1_39_41
[12:04:50.125] [N] Loading 1_41_33
[12:04:50.125] [N] Loading 1_24_30
[12:04:50.125] [N] Loading 1_34_25
[12:04:50.125] [N] Loading 1_39_33
[12:04:50.125] [N] Loading 1_34_43
[12:04:50.125] [N] Loading 1_42_36
[12:04:50.125] [N] Loading 1_36_42
[12:04:50.125] [N] Loading 1_40_40
[12:04:50.125] [N] Loading 1_36_25
[12:04:50.125] [N] Loading 1_25_29
[12:04:50.125] [N] Loading 1_22_33
[12:04:50.125] [N] Loading 1_26_41
[12:04:50.125] [N] Loading 1_37_29
[12:04:50.125] [N] Loading 1_29_43
[12:04:50.125] [N] Loading 1_37_26
[12:04:50.125] [N] Loading 1_39_32
[12:04:50.125] [N] Loading 1_40_32
[12:04:50.125] [N] Loading 1_38_27
[12:04:50.125] [N] Loading 1_24_39
[12:04:50.125] [N] Loading 1_38_28
[12:04:50.125] [N] Loading 1_24_29
[12:04:50.125] [N] Loading 1_24_40
[12:04:50.125] [N] Loading 1_22_32
[12:04:50.125] [N] Loading 1_30_25
[12:04:50.125] [N] Loading 1_25_41
[12:04:50.125] [N] Loading 1_27_42
[12:04:50.125] [N] Loading 1_23_31
[12:04:50.125] [N] Loading 1_35_43
[12:04:50.125] [N] Loading 1_40_41
[12:04:50.125] [N] Loading 1_37_42
[12:04:50.125] [N] Loading 1_39_31
[12:04:50.125] [N] Loading 1_42_37
[12:04:50.125] [N] Loading 1_33_24
[12:04:50.125] [N] Loading 1_40_31
[12:04:50.125] [N] Loading 1_29_27
[12:04:50.125] [N] Loading 1_38_26
[12:04:50.125] [N] Loading 1_28_43
[12:04:50.125] [N] Loading 1_43_36
[12:04:50.125] [N] Loading 1_23_30
[12:04:50.125] [N] Loading 1_41_32
[12:04:50.125] [N] Loading 1_31_44
[12:04:50.125] [N] Loading 1_21_33
[12:04:50.125] [N] Loading 1_24_41
[12:04:50.125] [N] Loading 1_29_26
[12:04:50.125] [N] Loading 1_32_44
[12:04:50.125] [N] Loading 1_35_24
[12:04:50.125] [N] Loading 1_26_42
[12:04:50.125] [N] Loading 1_34_24
[12:04:50.125] [N] Loading 1_25_28
[12:04:50.125] [N] Loading 1_23_29
[12:04:50.125] [N] Loading 1_21_32
[12:04:50.125] [N] Loading 1_38_42
[12:04:50.125] [N] Loading 1_39_28
[12:04:50.125] [N] Loading 1_39_27
[12:04:50.125] [N] Loading 1_33_44
[12:04:50.125] [N] Loading 1_30_44
[12:04:50.125] [N] Loading 1_39_42
[12:04:50.125] [N] Loading 1_36_24
[12:04:50.125] [N] Loading 1_41_31
[12:04:50.125] [N] Loading 1_37_25
[12:04:50.125] [N] Loading 1_24_28
[12:04:50.125] [N] Loading 1_22_31
[12:04:50.125] [N] Loading 1_29_25
[12:04:50.159] [D] Changed POI to: Type: QuestPickUp, Name: Makaba Flathoof, Guid: 0, Entry: 11857, Location: (-263.00, -943.00, 12.41)
[12:04:51.204] [D] [Interact] Interacting with object at 0x2ED79EF8
[12:04:51.237] [D] [Interact] Done interacting with object at 0x2ED79EF8
[12:04:52.819] [D] [QuestPickUp] After interact: GossipFrame.IsVisible=False, QuestTitleButton1.IsVisible=False, QuestFrame.IsVisible=False
[12:04:53.892] [D] Cleared POI - Reason Quest Completed
[12:04:53.892] [D] Cleared POI
[12:04:54.865] [D] Changed POI to: Type: QuestPickUp, Name: Makaba Flathoof, Guid: 0, Entry: 11857, Location: (-263.00, -943.00, 12.41)
[12:04:55.944] [D] [Interact] Interacting with object at 0x2ED79EF8
[12:04:55.976] [D] [Interact] Done interacting with object at 0x2ED79EF8
[12:04:57.554] [D] [QuestPickUp] After interact: GossipFrame.IsVisible=False, QuestTitleButton1.IsVisible=False, QuestFrame.IsVisible=False
[12:04:58.598] [D] Cleared POI - Reason Quest Completed
[12:04:58.598] [D] Cleared POI
[12:04:59.845] [D] Changed POI to: Type: QuestPickUp, Name: Makaba Flathoof, Guid: 0, Entry: 11857, Location: (-263.00, -943.00, 12.41)
[12:05:00.926] [D] [Interact] Interacting with object at 0x2ED79EF8
[12:05:00.958] [D] [Interact] Done interacting with object at 0x2ED79EF8
[12:05:02.536] [D] [QuestPickUp] After interact: GossipFrame.IsVisible=False, QuestTitleButton1.IsVisible=False, QuestFrame.IsVisible=False
[12:05:03.574] [D] Cleared POI - Reason Quest Completed
[12:05:03.574] [D] Cleared POI
[12:05:04.517] [D] Changed POI to: Type: QuestPickUp, Name: Makaba Flathoof, Guid: 0, Entry: 11857, Location: (-263.00, -943.00, 12.41)
[12:05:05.598] [D] [Interact] Interacting with object at 0x2ED79EF8
[12:05:05.631] [D] [Interact] Done interacting with object at 0x2ED79EF8
[12:05:07.211] [D] [QuestPickUp] After interact: GossipFrame.IsVisible=False, QuestTitleButton1.IsVisible=False, QuestFrame.IsVisible=False
[12:05:08.254] [D] Cleared POI - Reason Quest Completed
[12:05:08.254] [D] Cleared POI
[12:05:09.171] [N] Loading 1_25_42
[12:05:09.197] [D] Changed POI to: Type: QuestPickUp, Name: Makaba Flathoof, Guid: 0, Entry: 11857, Location: (-263.00, -943.00, 12.41)
[12:05:10.353] [N] Loading 1_22_34
[12:05:10.477] [D] [Interact] Interacting with object at 0x2ED79EF8
[12:05:10.511] [D] [Interact] Done interacting with object at 0x2ED79EF8
[12:05:12.090] [D] [QuestPickUp] After interact: GossipFrame.IsVisible=False, QuestTitleButton1.IsVisible=False, QuestFrame.IsVisible=False
[12:05:12.833] [N] [Wholesome Auto Quest] Bot running but not moving for 33s
[12:05:13.239] [D] Cleared POI - Reason Quest Completed
[12:05:13.239] [D] Cleared POI
[12:05:14.244] [N] Loading 1_30_31
[12:05:14.244] [N] Loading 1_30_33
[12:05:14.244] [N] Loading 1_30_32
[12:05:14.244] [N] Loading 1_42_38
[12:05:14.244] [N] Loading 1_27_43
[12:05:14.244] [N] Loading 1_29_44
[12:05:14.284] [D] Changed POI to: Type: QuestPickUp, Name: Makaba Flathoof, Guid: 0, Entry: 11857, Location: (-263.00, -943.00, 12.41)
[12:05:15.397] [D] [Interact] Interacting with object at 0x2ED79EF8
[12:05:15.430] [D] [Interact] Done interacting with object at 0x2ED79EF8
[12:05:17.009] [D] [QuestPickUp] After interact: GossipFrame.IsVisible=False, QuestTitleButton1.IsVisible=False, QuestFrame.IsVisible=False
[12:05:18.056] [D] [QuestLog] Loaded 68 completed quests from Lua fallback
[12:05:18.560] [D] Cleared POI - Reason Quest Completed
[12:05:18.560] [D] Cleared POI
[12:05:19.583] [N] Loading 1_34_33
[12:05:19.607] [D] [FBE] Advancing past [ForcedQuestPickUp QuestId: 6629, QuestName: Kill Grundig Darkcloud] (IsDone=true), remaining nodes: 1
[12:05:19.944] [D] [QuestRecovery] quest=6629, stage=Pickup, old=Attempting, new=Eligible, reason=None, episode=0, attempt=0, retry=
[12:05:20.744] [D] [FBE] Advancing past Bots.Quest.QuestOrder.ForcedIf (IsDone=true), remaining nodes: 1
[12:05:20.744] [N] Nothing more to do. Stopping bot.
[12:05:20.744] [N] Bot stopping! Reason: User request
[12:05:20.744] [N] Nothing more to do. Stopping bot.
[12:05:20.754] [D] Cleared POI
[12:05:20.754] [D] Worker thread exited cleanly
[12:30:10.404] [D] [Settings] Saved all settings
